run_id,iteration,phase,start_time,end_time,latency_ms,management_ms,workload_ms,verdict,error,last_stage,details_json
20260919T070606Z_3811b539,1,normal,1789801567.302355,1789801567.346795,44.754,0,44.754,pass,,read_secondary,"{""background_write_acknowledged"": true, ""reads"": [{""version"": 1, ""max_seen_before"": -1, ""violation"": false}, {""version"": 1, ""max_seen_before"": 1, ""violation"": false}]}"
20260919T070606Z_3811b539,2,normal,1789801567.3473997,1789801567.3763316,28.737,0,28.737,pass,,read_secondary,"{""background_write_acknowledged"": true, ""reads"": [{""version"": 2, ""max_seen_before"": 1, ""violation"": false}, {""version"": 2, ""max_seen_before"": 2, ""violation"": false}]}"
20260919T070606Z_3811b539,3,normal,1789801567.3775256,1789801567.420614,44.423,0,44.423,pass,,read_secondary,"{""background_write_acknowledged"": true, ""reads"": [{""version"": 3, ""max_seen_before"": 2, ""violation"": false}, {""version"": 3, ""max_seen_before"": 3, ""violation"": false}]}"
20260919T070606Z_3811b539,4,normal,1789801567.4221594,1789801567.4456594,23.854,0,23.854,pass,,read_secondary,"{""background_write_acknowledged"": true, ""reads"": [{""version"": 4, ""max_seen_before"": 3, ""violation"": false}, {""version"": 4, ""max_seen_before"": 4, ""violation"": false}]}"
20260919T070606Z_3811b539,5,normal,1789801567.446229,1789801567.4676232,21.785,0,21.785,pass,,read_secondary,"{""background_write_acknowledged"": true, ""reads"": [{""version"": 5, ""max_seen_before"": 4, ""violation"": false}, {""version"": 5, ""max_seen_before"": 5, ""violation"": false}]}"
20260919T070606Z_3811b539,6,normal,1789801567.4682093,1789801567.4864397,18.564,0,18.564,pass,,read_secondary,"{""background_write_acknowledged"": true, ""reads"": [{""version"": 6, ""max_seen_before"": 5, ""violation"": false}, {""version"": 6, ""max_seen_before"": 6, ""violation"": false}]}"
20260919T070606Z_3811b539,7,normal,1789801567.4869509,1789801567.5058024,18.835,0,18.835,pass,,read_secondary,"{""background_write_acknowledged"": true, ""reads"": [{""version"": 7, ""max_seen_before"": 6, ""violation"": false}, {""version"": 7, ""max_seen_before"": 7, ""violation"": false}]}"
20260919T070606Z_3811b539,8,normal,1789801567.5058024,1789801567.5264256,20.209,0,20.209,pass,,read_secondary,"{""background_write_acknowledged"": true, ""reads"": [{""version"": 8, ""max_seen_before"": 7, ""violation"": false}, {""version"": 8, ""max_seen_before"": 8, ""violation"": false}]}"
20260919T070606Z_3811b539,9,normal,1789801567.5264256,1789801567.5442681,17.745,0,17.745,pass,,read_secondary,"{""background_write_acknowledged"": true, ""reads"": [{""version"": 9, ""max_seen_before"": 8, ""violation"": false}, {""version"": 9, ""max_seen_before"": 9, ""violation"": false}]}"
20260919T070606Z_3811b539,10,normal,1789801567.5442681,1789801567.564152,19.802,0,19.802,pass,,read_secondary,"{""background_write_acknowledged"": true, ""reads"": [{""version"": 10, ""max_seen_before"": 9, ""violation"": false}, {""version"": 10, ""max_seen_before"": 10, ""violation"": false}]}"
20260919T070606Z_3811b539,11,normal,1789801567.564152,1789801567.5827157,18.748,0,18.748,pass,,read_secondary,"{""background_write_acknowledged"": true, ""reads"": [{""version"": 11, ""max_seen_before"": 10, ""violation"": false}, {""version"": 11, ""max_seen_before"": 11, ""violation"": false}]}"
20260919T070606Z_3811b539,12,normal,1789801567.58335,1789801567.6007288,17.547,0,17.547,pass,,read_secondary,"{""background_write_acknowledged"": true, ""reads"": [{""version"": 12, ""max_seen_before"": 11, ""violation"": false}, {""version"": 12, ""max_seen_before"": 12, ""violation"": false}]}"
20260919T070606Z_3811b539,13,normal,1789801567.6007288,1789801567.619425,18.777,0,18.777,pass,,read_secondary,"{""background_write_acknowledged"": true, ""reads"": [{""version"": 13, ""max_seen_before"": 12, ""violation"": false}, {""version"": 13, ""max_seen_before"": 13, ""violation"": false}]}"
20260919T070606Z_3811b539,14,normal,1789801567.620021,1789801567.6380172,17.937,0,17.937,pass,,read_secondary,"{""background_write_acknowledged"": true, ""reads"": [{""version"": 14, ""max_seen_before"": 13, ""violation"": false}, {""version"": 14, ""max_seen_before"": 14, ""violation"": false}]}"
20260919T070606Z_3811b539,15,normal,1789801567.6380172,1789801567.6575067,19.316,0,19.316,pass,,read_secondary,"{""background_write_acknowledged"": true, ""reads"": [{""version"": 15, ""max_seen_before"": 14, ""violation"": false}, {""version"": 15, ""max_seen_before"": 15, ""violation"": false}]}"
20260919T070606Z_3811b539,16,normal,1789801567.6575067,1789801567.6772704,19.798,0,19.798,pass,,read_secondary,"{""background_write_acknowledged"": true, ""reads"": [{""version"": 16, ""max_seen_before"": 15, ""violation"": false}, {""version"": 16, ""max_seen_before"": 16, ""violation"": false}]}"
20260919T070606Z_3811b539,17,normal,1789801567.6772704,1789801567.6992168,21.625,0,21.625,pass,,read_secondary,"{""background_write_acknowledged"": true, ""reads"": [{""version"": 17, ""max_seen_before"": 16, ""violation"": false}, {""version"": 17, ""max_seen_before"": 17, ""violation"": false}]}"
20260919T070606Z_3811b539,18,normal,1789801567.6992168,1789801567.7202048,20.942,0,20.942,pass,,read_secondary,"{""background_write_acknowledged"": true, ""reads"": [{""version"": 18, ""max_seen_before"": 17, ""violation"": false}, {""version"": 18, ""max_seen_before"": 18, ""violation"": false}]}"
20260919T070606Z_3811b539,19,normal,1789801567.7202048,1789801567.7406144,19.89,0,19.89,pass,,read_secondary,"{""background_write_acknowledged"": true, ""reads"": [{""version"": 19, ""max_seen_before"": 18, ""violation"": false}, {""version"": 19, ""max_seen_before"": 19, ""violation"": false}]}"
20260919T070606Z_3811b539,20,normal,1789801567.7406144,1789801567.760132,19.35,0,19.35,pass,,read_secondary,"{""background_write_acknowledged"": true, ""reads"": [{""version"": 20, ""max_seen_before"": 19, ""violation"": false}, {""version"": 20, ""max_seen_before"": 20, ""violation"": false}]}"
20260919T070606Z_3811b539,21,normal,1789801567.760132,1789801567.7787325,18.528,0,18.528,pass,,read_secondary,"{""background_write_acknowledged"": true, ""reads"": [{""version"": 21, ""max_seen_before"": 20, ""violation"": false}, {""version"": 21, ""max_seen_before"": 21, ""violation"": false}]}"
20260919T070606Z_3811b539,22,normal,1789801567.7787325,1789801567.7989957,20.125,0,20.125,pass,,read_secondary,"{""background_write_acknowledged"": true, ""reads"": [{""version"": 22, ""max_seen_before"": 21, ""violation"": false}, {""version"": 22, ""max_seen_before"": 22, ""violation"": false}]}"
20260919T070606Z_3811b539,23,normal,1789801567.7989957,1789801567.8193402,20.278,0,20.278,pass,,read_secondary,"{""background_write_acknowledged"": true, ""reads"": [{""version"": 23, ""max_seen_before"": 22, ""violation"": false}, {""version"": 23, ""max_seen_before"": 23, ""violation"": false}]}"
20260919T070606Z_3811b539,24,normal,1789801567.8193402,1789801567.8369632,17.718,0,17.718,pass,,read_secondary,"{""background_write_acknowledged"": true, ""reads"": [{""version"": 24, ""max_seen_before"": 23, ""violation"": false}, {""version"": 24, ""max_seen_before"": 24, ""violation"": false}]}"
20260919T070606Z_3811b539,25,normal,1789801567.837588,1789801567.8572884,19.607,0,19.607,pass,,read_secondary,"{""background_write_acknowledged"": true, ""reads"": [{""version"": 25, ""max_seen_before"": 24, ""violation"": false}, {""version"": 25, ""max_seen_before"": 25, ""violation"": false}]}"
20260919T070606Z_3811b539,26,normal,1789801567.8572884,1789801567.8783863,20.951,0,20.951,pass,,read_secondary,"{""background_write_acknowledged"": true, ""reads"": [{""version"": 26, ""max_seen_before"": 25, ""violation"": false}, {""version"": 26, ""max_seen_before"": 26, ""violation"": false}]}"
20260919T070606Z_3811b539,27,normal,1789801567.8783863,1789801567.8970056,18.402,0,18.402,pass,,read_secondary,"{""background_write_acknowledged"": true, ""reads"": [{""version"": 27, ""max_seen_before"": 26, ""violation"": false}, {""version"": 27, ""max_seen_before"": 27, ""violation"": false}]}"
20260919T070606Z_3811b539,28,normal,1789801567.8970056,1789801567.913422,16.815,0,16.815,pass,,read_secondary,"{""background_write_acknowledged"": true, ""reads"": [{""version"": 28, ""max_seen_before"": 27, ""violation"": false}, {""version"": 28, ""max_seen_before"": 28, ""violation"": false}]}"
20260919T070606Z_3811b539,29,normal,1789801567.9140384,1789801567.9345503,20.605,0,20.605,pass,,read_secondary,"{""background_write_acknowledged"": true, ""reads"": [{""version"": 29, ""max_seen_before"": 28, ""violation"": false}, {""version"": 29, ""max_seen_before"": 29, ""violation"": false}]}"
20260919T070606Z_3811b539,30,normal,1789801567.9345503,1789801567.9527915,17.862,0,17.862,pass,,read_secondary,"{""background_write_acknowledged"": true, ""reads"": [{""version"": 30, ""max_seen_before"": 29, ""violation"": false}, {""version"": 30, ""max_seen_before"": 30, ""violation"": false}]}"
20260919T070606Z_3811b539,31,normal,1789801567.9527915,1789801567.9730065,20.353,0,20.353,pass,,read_secondary,"{""background_write_acknowledged"": true, ""reads"": [{""version"": 31, ""max_seen_before"": 30, ""violation"": false}, {""version"": 31, ""max_seen_before"": 31, ""violation"": false}]}"
20260919T070606Z_3811b539,32,normal,1789801567.973635,1789801567.991683,17.983,0,17.983,pass,,read_secondary,"{""background_write_acknowledged"": true, ""reads"": [{""version"": 32, ""max_seen_before"": 31, ""violation"": false}, {""version"": 32, ""max_seen_before"": 32, ""violation"": false}]}"
20260919T070606Z_3811b539,33,normal,1789801567.991683,1789801568.0150588,23.167,0,23.167,pass,,read_secondary,"{""background_write_acknowledged"": true, ""reads"": [{""version"": 33, ""max_seen_before"": 32, ""violation"": false}, {""version"": 33, ""max_seen_before"": 33, ""violation"": false}]}"
20260919T070606Z_3811b539,34,normal,1789801568.0150588,1789801568.0343838,19.152,0,19.152,pass,,read_secondary,"{""background_write_acknowledged"": true, ""reads"": [{""version"": 34, ""max_seen_before"": 33, ""violation"": false}, {""version"": 34, ""max_seen_before"": 34, ""violation"": false}]}"
20260919T070606Z_3811b539,35,normal,1789801568.0343838,1789801568.05302,18.54,0,18.54,pass,,read_secondary,"{""background_write_acknowledged"": true, ""reads"": [{""version"": 35, ""max_seen_before"": 34, ""violation"": false}, {""version"": 35, ""max_seen_before"": 35, ""violation"": false}]}"
20260919T070606Z_3811b539,36,normal,1789801568.05302,1789801568.0727472,19.835,0,19.835,pass,,read_secondary,"{""background_write_acknowledged"": true, ""reads"": [{""version"": 36, ""max_seen_before"": 35, ""violation"": false}, {""version"": 36, ""max_seen_before"": 36, ""violation"": false}]}"
20260919T070606Z_3811b539,37,normal,1789801568.0727472,1789801568.091342,18.563,0,18.563,pass,,read_secondary,"{""background_write_acknowledged"": true, ""reads"": [{""version"": 37, ""max_seen_before"": 36, ""violation"": false}, {""version"": 37, ""max_seen_before"": 37, ""violation"": false}]}"
20260919T070606Z_3811b539,38,normal,1789801568.0919874,1789801568.11046,18.529,0,18.529,pass,,read_secondary,"{""background_write_acknowledged"": true, ""reads"": [{""version"": 38, ""max_seen_before"": 37, ""violation"": false}, {""version"": 38, ""max_seen_before"": 38, ""violation"": false}]}"
20260919T070606Z_3811b539,39,normal,1789801568.11046,1789801568.1296105,19.177,0,19.177,pass,,read_secondary,"{""background_write_acknowledged"": true, ""reads"": [{""version"": 39, ""max_seen_before"": 38, ""violation"": false}, {""version"": 39, ""max_seen_before"": 39, ""violation"": false}]}"
20260919T070606Z_3811b539,40,normal,1789801568.130236,1789801568.1490204,19.195,0,19.195,pass,,read_secondary,"{""background_write_acknowledged"": true, ""reads"": [{""version"": 40, ""max_seen_before"": 39, ""violation"": false}, {""version"": 40, ""max_seen_before"": 40, ""violation"": false}]}"
20260919T070606Z_3811b539,41,normal,1789801568.1496065,1789801568.16819,18.966,0,18.966,pass,,read_secondary,"{""background_write_acknowledged"": true, ""reads"": [{""version"": 41, ""max_seen_before"": 40, ""violation"": false}, {""version"": 41, ""max_seen_before"": 41, ""violation"": false}]}"
20260919T070606Z_3811b539,42,normal,1789801568.1688223,1789801568.1887567,20.029,0,20.029,pass,,read_secondary,"{""background_write_acknowledged"": true, ""reads"": [{""version"": 42, ""max_seen_before"": 41, ""violation"": false}, {""version"": 42, ""max_seen_before"": 42, ""violation"": false}]}"
20260919T070606Z_3811b539,43,normal,1789801568.1887567,1789801568.2098134,20.962,0,20.962,pass,,read_secondary,"{""background_write_acknowledged"": true, ""reads"": [{""version"": 43, ""max_seen_before"": 42, ""violation"": false}, {""version"": 43, ""max_seen_before"": 43, ""violation"": false}]}"
20260919T070606Z_3811b539,44,normal,1789801568.2098134,1789801568.231819,21.66,0,21.66,pass,,read_secondary,"{""background_write_acknowledged"": true, ""reads"": [{""version"": 44, ""max_seen_before"": 43, ""violation"": false}, {""version"": 44, ""max_seen_before"": 44, ""violation"": false}]}"
20260919T070606Z_3811b539,45,normal,1789801568.231819,1789801568.253735,22.055,0,22.055,pass,,read_secondary,"{""background_write_acknowledged"": true, ""reads"": [{""version"": 45, ""max_seen_before"": 44, ""violation"": false}, {""version"": 45, ""max_seen_before"": 45, ""violation"": false}]}"
20260919T070606Z_3811b539,46,normal,1789801568.2542994,1789801568.2755606,21.406,0,21.406,pass,,read_secondary,"{""background_write_acknowledged"": true, ""reads"": [{""version"": 46, ""max_seen_before"": 45, ""violation"": false}, {""version"": 46, ""max_seen_before"": 46, ""violation"": false}]}"
20260919T070606Z_3811b539,47,normal,1789801568.2755606,1789801568.2995584,23.752,0,23.752,pass,,read_secondary,"{""background_write_acknowledged"": true, ""reads"": [{""version"": 47, ""max_seen_before"": 46, ""violation"": false}, {""version"": 47, ""max_seen_before"": 47, ""violation"": false}]}"
20260919T070606Z_3811b539,48,normal,1789801568.2995584,1789801568.3213086,21.471,0,21.471,pass,,read_secondary,"{""background_write_acknowledged"": true, ""reads"": [{""version"": 48, ""max_seen_before"": 47, ""violation"": false}, {""version"": 48, ""max_seen_before"": 48, ""violation"": false}]}"
20260919T070606Z_3811b539,49,normal,1789801568.3213086,1789801568.342832,21.862,0,21.862,pass,,read_secondary,"{""background_write_acknowledged"": true, ""reads"": [{""version"": 49, ""max_seen_before"": 48, ""violation"": false}, {""version"": 49, ""max_seen_before"": 49, ""violation"": false}]}"
20260919T070606Z_3811b539,50,normal,1789801568.342832,1789801568.3645155,21.028,0,21.028,pass,,read_secondary,"{""background_write_acknowledged"": true, ""reads"": [{""version"": 50, ""max_seen_before"": 49, ""violation"": false}, {""version"": 50, ""max_seen_before"": 50, ""violation"": false}]}"
20260919T070606Z_3811b539,51,normal,1789801568.3645155,1789801568.3860052,21.473,0,21.473,pass,,read_secondary,"{""background_write_acknowledged"": true, ""reads"": [{""version"": 51, ""max_seen_before"": 50, ""violation"": false}, {""version"": 51, ""max_seen_before"": 51, ""violation"": false}]}"
20260919T070606Z_3811b539,52,normal,1789801568.3866775,1789801568.4082382,21.825,0,21.825,pass,,read_secondary,"{""background_write_acknowledged"": true, ""reads"": [{""version"": 52, ""max_seen_before"": 51, ""violation"": false}, {""version"": 52, ""max_seen_before"": 52, ""violation"": false}]}"
20260919T070606Z_3811b539,53,normal,1789801568.4088461,1789801568.4298973,21.083,0,21.083,pass,,read_secondary,"{""background_write_acknowledged"": true, ""reads"": [{""version"": 53, ""max_seen_before"": 52, ""violation"": false}, {""version"": 53, ""max_seen_before"": 53, ""violation"": false}]}"
20260919T070606Z_3811b539,54,normal,1789801568.4298973,1789801568.450387,20.453,0,20.453,pass,,read_secondary,"{""background_write_acknowledged"": true, ""reads"": [{""version"": 54, ""max_seen_before"": 53, ""violation"": false}, {""version"": 54, ""max_seen_before"": 54, ""violation"": false}]}"
20260919T070606Z_3811b539,55,normal,1789801568.450387,1789801568.4772627,26.895,0,26.895,pass,,read_secondary,"{""background_write_acknowledged"": true, ""reads"": [{""version"": 55, ""max_seen_before"": 54, ""violation"": false}, {""version"": 55, ""max_seen_before"": 55, ""violation"": false}]}"
20260919T070606Z_3811b539,56,normal,1789801568.477845,1789801568.4977262,19.748,0,19.748,pass,,read_secondary,"{""background_write_acknowledged"": true, ""reads"": [{""version"": 56, ""max_seen_before"": 55, ""violation"": false}, {""version"": 56, ""max_seen_before"": 56, ""violation"": false}]}"
20260919T070606Z_3811b539,57,normal,1789801568.4977262,1789801568.516998,19.634,0,19.634,pass,,read_secondary,"{""background_write_acknowledged"": true, ""reads"": [{""version"": 57, ""max_seen_before"": 56, ""violation"": false}, {""version"": 57, ""max_seen_before"": 57, ""violation"": false}]}"
20260919T070606Z_3811b539,58,normal,1789801568.5176103,1789801568.5387743,21.25,0,21.25,pass,,read_secondary,"{""background_write_acknowledged"": true, ""reads"": [{""version"": 58, ""max_seen_before"": 57, ""violation"": false}, {""version"": 58, ""max_seen_before"": 58, ""violation"": false}]}"
20260919T070606Z_3811b539,59,normal,1789801568.5387743,1789801568.5586007,19.636,0,19.636,pass,,read_secondary,"{""background_write_acknowledged"": true, ""reads"": [{""version"": 59, ""max_seen_before"": 58, ""violation"": false}, {""version"": 59, ""max_seen_before"": 59, ""violation"": false}]}"
20260919T070606Z_3811b539,60,normal,1789801568.5586007,1789801568.5782168,19.457,0,19.457,pass,,read_secondary,"{""background_write_acknowledged"": true, ""reads"": [{""version"": 60, ""max_seen_before"": 59, ""violation"": false}, {""version"": 60, ""max_seen_before"": 60, ""violation"": false}]}"
20260919T070606Z_3811b539,61,normal,1789801568.5782168,1789801568.5975463,19.226,0,19.226,pass,,read_secondary,"{""background_write_acknowledged"": true, ""reads"": [{""version"": 61, ""max_seen_before"": 60, ""violation"": false}, {""version"": 61, ""max_seen_before"": 61, ""violation"": false}]}"
20260919T070606Z_3811b539,62,normal,1789801568.5975463,1789801568.616686,19.135,0,19.135,pass,,read_secondary,"{""background_write_acknowledged"": true, ""reads"": [{""version"": 62, ""max_seen_before"": 61, ""violation"": false}, {""version"": 62, ""max_seen_before"": 62, ""violation"": false}]}"
20260919T070606Z_3811b539,63,normal,1789801568.6172683,1789801568.6358047,18.5,0,18.5,pass,,read_secondary,"{""background_write_acknowledged"": true, ""reads"": [{""version"": 63, ""max_seen_before"": 62, ""violation"": false}, {""version"": 63, ""max_seen_before"": 63, ""violation"": false}]}"
20260919T070606Z_3811b539,64,normal,1789801568.6358047,1789801568.6556017,19.654,0,19.654,pass,,read_secondary,"{""background_write_acknowledged"": true, ""reads"": [{""version"": 64, ""max_seen_before"": 63, ""violation"": false}, {""version"": 64, ""max_seen_before"": 64, ""violation"": false}]}"
20260919T070606Z_3811b539,65,normal,1789801568.6556017,1789801568.6781435,22.392,0,22.392,pass,,read_secondary,"{""background_write_acknowledged"": true, ""reads"": [{""version"": 65, ""max_seen_before"": 64, ""violation"": false}, {""version"": 65, ""max_seen_before"": 65, ""violation"": false}]}"
20260919T070606Z_3811b539,66,normal,1789801568.6781435,1789801568.698183,20.149,0,20.149,pass,,read_secondary,"{""background_write_acknowledged"": true, ""reads"": [{""version"": 66, ""max_seen_before"": 65, ""violation"": false}, {""version"": 66, ""max_seen_before"": 66, ""violation"": false}]}"
20260919T070606Z_3811b539,67,normal,1789801568.6989017,1789801568.7172036,18.598,0,18.598,pass,,read_secondary,"{""background_write_acknowledged"": true, ""reads"": [{""version"": 67, ""max_seen_before"": 66, ""violation"": false}, {""version"": 67, ""max_seen_before"": 67, ""violation"": false}]}"
20260919T070606Z_3811b539,68,normal,1789801568.7172036,1789801568.7355237,18.214,0,18.214,pass,,read_secondary,"{""background_write_acknowledged"": true, ""reads"": [{""version"": 68, ""max_seen_before"": 67, ""violation"": false}, {""version"": 68, ""max_seen_before"": 68, ""violation"": false}]}"
20260919T070606Z_3811b539,69,normal,1789801568.7355237,1789801568.7561738,20.616,0,20.616,pass,,read_secondary,"{""background_write_acknowledged"": true, ""reads"": [{""version"": 69, ""max_seen_before"": 68, ""violation"": false}, {""version"": 69, ""max_seen_before"": 69, ""violation"": false}]}"
20260919T070606Z_3811b539,70,normal,1789801568.7567902,1789801568.7745306,17.779,0,17.779,pass,,read_secondary,"{""background_write_acknowledged"": true, ""reads"": [{""version"": 70, ""max_seen_before"": 69, ""violation"": false}, {""version"": 70, ""max_seen_before"": 70, ""violation"": false}]}"
20260919T070606Z_3811b539,71,normal,1789801568.7745306,1789801568.7933855,19.151,0,19.151,pass,,read_secondary,"{""background_write_acknowledged"": true, ""reads"": [{""version"": 71, ""max_seen_before"": 70, ""violation"": false}, {""version"": 71, ""max_seen_before"": 71, ""violation"": false}]}"
20260919T070606Z_3811b539,72,normal,1789801568.7940192,1789801568.8130898,19.3,0,19.3,pass,,read_secondary,"{""background_write_acknowledged"": true, ""reads"": [{""version"": 72, ""max_seen_before"": 71, ""violation"": false}, {""version"": 72, ""max_seen_before"": 72, ""violation"": false}]}"
20260919T070606Z_3811b539,73,normal,1789801568.8130898,1789801568.8308797,17.749,0,17.749,pass,,read_secondary,"{""background_write_acknowledged"": true, ""reads"": [{""version"": 73, ""max_seen_before"": 72, ""violation"": false}, {""version"": 73, ""max_seen_before"": 73, ""violation"": false}]}"
20260919T070606Z_3811b539,74,normal,1789801568.8308797,1789801568.849086,17.953,0,17.953,pass,,read_secondary,"{""background_write_acknowledged"": true, ""reads"": [{""version"": 74, ""max_seen_before"": 73, ""violation"": false}, {""version"": 74, ""max_seen_before"": 74, ""violation"": false}]}"
20260919T070606Z_3811b539,75,normal,1789801568.8495975,1789801568.8675444,18.14,0,18.14,pass,,read_secondary,"{""background_write_acknowledged"": true, ""reads"": [{""version"": 75, ""max_seen_before"": 74, ""violation"": false}, {""version"": 75, ""max_seen_before"": 75, ""violation"": false}]}"
20260919T070606Z_3811b539,76,normal,1789801568.8675444,1789801568.8859859,18.612,0,18.612,pass,,read_secondary,"{""background_write_acknowledged"": true, ""reads"": [{""version"": 76, ""max_seen_before"": 75, ""violation"": false}, {""version"": 76, ""max_seen_before"": 76, ""violation"": false}]}"
20260919T070606Z_3811b539,77,normal,1789801568.8866355,1789801568.9057074,19.309,0,19.309,pass,,read_secondary,"{""background_write_acknowledged"": true, ""reads"": [{""version"": 77, ""max_seen_before"": 76, ""violation"": false}, {""version"": 77, ""max_seen_before"": 77, ""violation"": false}]}"
20260919T070606Z_3811b539,78,normal,1789801568.9057074,1789801568.922585,16.92,0,16.92,pass,,read_secondary,"{""background_write_acknowledged"": true, ""reads"": [{""version"": 78, ""max_seen_before"": 77, ""violation"": false}, {""version"": 78, ""max_seen_before"": 78, ""violation"": false}]}"
20260919T070606Z_3811b539,79,normal,1789801568.9231703,1789801568.941541,18.67,0,18.67,pass,,read_secondary,"{""background_write_acknowledged"": true, ""reads"": [{""version"": 79, ""max_seen_before"": 78, ""violation"": false}, {""version"": 79, ""max_seen_before"": 79, ""violation"": false}]}"
20260919T070606Z_3811b539,80,normal,1789801568.9420512,1789801568.9602726,18.281,0,18.281,pass,,read_secondary,"{""background_write_acknowledged"": true, ""reads"": [{""version"": 80, ""max_seen_before"": 79, ""violation"": false}, {""version"": 80, ""max_seen_before"": 80, ""violation"": false}]}"
20260919T070606Z_3811b539,81,normal,1789801568.9602726,1789801568.9809818,20.726,0,20.726,pass,,read_secondary,"{""background_write_acknowledged"": true, ""reads"": [{""version"": 81, ""max_seen_before"": 80, ""violation"": false}, {""version"": 81, ""max_seen_before"": 81, ""violation"": false}]}"
20260919T070606Z_3811b539,82,normal,1789801568.9809818,1789801569.0001354,18.963,0,18.963,pass,,read_secondary,"{""background_write_acknowledged"": true, ""reads"": [{""version"": 82, ""max_seen_before"": 81, ""violation"": false}, {""version"": 82, ""max_seen_before"": 82, ""violation"": false}]}"
20260919T070606Z_3811b539,83,normal,1789801569.0001354,1789801569.018796,18.351,0,18.351,pass,,read_secondary,"{""background_write_acknowledged"": true, ""reads"": [{""version"": 83, ""max_seen_before"": 82, ""violation"": false}, {""version"": 83, ""max_seen_before"": 83, ""violation"": false}]}"
20260919T070606Z_3811b539,84,normal,1789801569.018796,1789801569.0356216,17.12,0,17.12,pass,,read_secondary,"{""background_write_acknowledged"": true, ""reads"": [{""version"": 84, ""max_seen_before"": 83, ""violation"": false}, {""version"": 84, ""max_seen_before"": 84, ""violation"": false}]}"
20260919T070606Z_3811b539,85,normal,1789801569.0362577,1789801569.0544772,18.321,0,18.321,pass,,read_secondary,"{""background_write_acknowledged"": true, ""reads"": [{""version"": 85, ""max_seen_before"": 84, ""violation"": false}, {""version"": 85, ""max_seen_before"": 85, ""violation"": false}]}"
20260919T070606Z_3811b539,86,normal,1789801569.0544772,1789801569.0721738,17.791,0,17.791,pass,,read_secondary,"{""background_write_acknowledged"": true, ""reads"": [{""version"": 86, ""max_seen_before"": 85, ""violation"": false}, {""version"": 86, ""max_seen_before"": 86, ""violation"": false}]}"
20260919T070606Z_3811b539,87,normal,1789801569.0727706,1789801569.0884645,16.121,0,16.121,pass,,read_secondary,"{""background_write_acknowledged"": true, ""reads"": [{""version"": 87, ""max_seen_before"": 86, ""violation"": false}, {""version"": 87, ""max_seen_before"": 87, ""violation"": false}]}"
20260919T070606Z_3811b539,88,normal,1789801569.089129,1789801569.1048777,15.85,0,15.85,pass,,read_secondary,"{""background_write_acknowledged"": true, ""reads"": [{""version"": 88, ""max_seen_before"": 87, ""violation"": false}, {""version"": 88, ""max_seen_before"": 88, ""violation"": false}]}"
20260919T070606Z_3811b539,89,normal,1789801569.1048777,1789801569.1210976,16.533,0,16.533,pass,,read_secondary,"{""background_write_acknowledged"": true, ""reads"": [{""version"": 89, ""max_seen_before"": 88, ""violation"": false}, {""version"": 89, ""max_seen_before"": 89, ""violation"": false}]}"
20260919T070606Z_3811b539,90,normal,1789801569.121706,1789801569.1377392,16.219,0,16.219,pass,,read_secondary,"{""background_write_acknowledged"": true, ""reads"": [{""version"": 90, ""max_seen_before"": 89, ""violation"": false}, {""version"": 90, ""max_seen_before"": 90, ""violation"": false}]}"
20260919T070606Z_3811b539,91,normal,1789801569.1377392,1789801569.1552866,17.435,0,17.435,pass,,read_secondary,"{""background_write_acknowledged"": true, ""reads"": [{""version"": 91, ""max_seen_before"": 90, ""violation"": false}, {""version"": 91, ""max_seen_before"": 91, ""violation"": false}]}"
20260919T070606Z_3811b539,92,normal,1789801569.1552866,1789801569.172575,17.355,0,17.355,pass,,read_secondary,"{""background_write_acknowledged"": true, ""reads"": [{""version"": 92, ""max_seen_before"": 91, ""violation"": false}, {""version"": 92, ""max_seen_before"": 92, ""violation"": false}]}"
20260919T070606Z_3811b539,93,normal,1789801569.1732259,1789801569.189322,16.453,0,16.453,pass,,read_secondary,"{""background_write_acknowledged"": true, ""reads"": [{""version"": 93, ""max_seen_before"": 92, ""violation"": false}, {""version"": 93, ""max_seen_before"": 93, ""violation"": false}]}"
20260919T070606Z_3811b539,94,normal,1789801569.189322,1789801569.2071621,17.683,0,17.683,pass,,read_secondary,"{""background_write_acknowledged"": true, ""reads"": [{""version"": 94, ""max_seen_before"": 93, ""violation"": false}, {""version"": 94, ""max_seen_before"": 94, ""violation"": false}]}"
20260919T070606Z_3811b539,95,normal,1789801569.2071621,1789801569.224287,17.19,0,17.19,pass,,read_secondary,"{""background_write_acknowledged"": true, ""reads"": [{""version"": 95, ""max_seen_before"": 94, ""violation"": false}, {""version"": 95, ""max_seen_before"": 95, ""violation"": false}]}"
20260919T070606Z_3811b539,96,normal,1789801569.2249372,1789801569.2433057,18.474,0,18.474,pass,,read_secondary,"{""background_write_acknowledged"": true, ""reads"": [{""version"": 96, ""max_seen_before"": 95, ""violation"": false}, {""version"": 96, ""max_seen_before"": 96, ""violation"": false}]}"
20260919T070606Z_3811b539,97,normal,1789801569.2433057,1789801569.2626023,19.512,0,19.512,pass,,read_secondary,"{""background_write_acknowledged"": true, ""reads"": [{""version"": 97, ""max_seen_before"": 96, ""violation"": false}, {""version"": 97, ""max_seen_before"": 97, ""violation"": false}]}"
20260919T070606Z_3811b539,98,normal,1789801569.263216,1789801569.279875,16.762,0,16.762,pass,,read_secondary,"{""background_write_acknowledged"": true, ""reads"": [{""version"": 98, ""max_seen_before"": 97, ""violation"": false}, {""version"": 98, ""max_seen_before"": 98, ""violation"": false}]}"
20260919T070606Z_3811b539,99,normal,1789801569.279875,1789801569.296925,16.872,0,16.872,pass,,read_secondary,"{""background_write_acknowledged"": true, ""reads"": [{""version"": 99, ""max_seen_before"": 98, ""violation"": false}, {""version"": 99, ""max_seen_before"": 99, ""violation"": false}]}"
20260919T070606Z_3811b539,100,normal,1789801569.296925,1789801569.313354,16.451,0,16.451,pass,,read_secondary,"{""background_write_acknowledged"": true, ""reads"": [{""version"": 100, ""max_seen_before"": 99, ""violation"": false}, {""version"": 100, ""max_seen_before"": 100, ""violation"": false}]}"
20260919T070606Z_3811b539,101,normal,1789801569.3150947,1789801569.3321388,16.83,0,16.83,pass,,read_secondary,"{""background_write_acknowledged"": true, ""reads"": [{""version"": 101, ""max_seen_before"": 100, ""violation"": false}, {""version"": 101, ""max_seen_before"": 101, ""violation"": false}]}"
20260919T070606Z_3811b539,102,normal,1789801569.3321388,1789801569.34842,16.343,0,16.343,pass,,read_secondary,"{""background_write_acknowledged"": true, ""reads"": [{""version"": 102, ""max_seen_before"": 101, ""violation"": false}, {""version"": 102, ""max_seen_before"": 102, ""violation"": false}]}"
20260919T070606Z_3811b539,103,normal,1789801569.34842,1789801569.3641284,15.744,0,15.744,pass,,read_secondary,"{""background_write_acknowledged"": true, ""reads"": [{""version"": 103, ""max_seen_before"": 102, ""violation"": false}, {""version"": 103, ""max_seen_before"": 103, ""violation"": false}]}"
20260919T070606Z_3811b539,104,normal,1789801569.3641284,1789801569.3798347,15.714,0,15.714,pass,,read_secondary,"{""background_write_acknowledged"": true, ""reads"": [{""version"": 104, ""max_seen_before"": 103, ""violation"": false}, {""version"": 104, ""max_seen_before"": 104, ""violation"": false}]}"
20260919T070606Z_3811b539,105,normal,1789801569.3804626,1789801569.3973575,16.834,0,16.834,pass,,read_secondary,"{""background_write_acknowledged"": true, ""reads"": [{""version"": 105, ""max_seen_before"": 104, ""violation"": false}, {""version"": 105, ""max_seen_before"": 105, ""violation"": false}]}"
20260919T070606Z_3811b539,106,normal,1789801569.3973575,1789801569.4134152,16.161,0,16.161,pass,,read_secondary,"{""background_write_acknowledged"": true, ""reads"": [{""version"": 106, ""max_seen_before"": 105, ""violation"": false}, {""version"": 106, ""max_seen_before"": 106, ""violation"": false}]}"
20260919T070606Z_3811b539,107,normal,1789801569.4134152,1789801569.4304132,17.631,0,17.631,pass,,read_secondary,"{""background_write_acknowledged"": true, ""reads"": [{""version"": 107, ""max_seen_before"": 106, ""violation"": false}, {""version"": 107, ""max_seen_before"": 107, ""violation"": false}]}"
20260919T070606Z_3811b539,108,normal,1789801569.4304132,1789801569.4463584,14.807,0,14.807,pass,,read_secondary,"{""background_write_acknowledged"": true, ""reads"": [{""version"": 108, ""max_seen_before"": 107, ""violation"": false}, {""version"": 108, ""max_seen_before"": 108, ""violation"": false}]}"
20260919T070606Z_3811b539,109,normal,1789801569.4463584,1789801569.4611933,14.905,0,14.905,pass,,read_secondary,"{""background_write_acknowledged"": true, ""reads"": [{""version"": 109, ""max_seen_before"": 108, ""violation"": false}, {""version"": 109, ""max_seen_before"": 109, ""violation"": false}]}"
20260919T070606Z_3811b539,110,normal,1789801569.4611933,1789801569.479365,17.775,0,17.775,pass,,read_secondary,"{""background_write_acknowledged"": true, ""reads"": [{""version"": 110, ""max_seen_before"": 109, ""violation"": false}, {""version"": 110, ""max_seen_before"": 110, ""violation"": false}]}"
20260919T070606Z_3811b539,111,normal,1789801569.479365,1789801569.4961922,16.767,0,16.767,pass,,read_secondary,"{""background_write_acknowledged"": true, ""reads"": [{""version"": 111, ""max_seen_before"": 110, ""violation"": false}, {""version"": 111, ""max_seen_before"": 111, ""violation"": false}]}"
20260919T070606Z_3811b539,112,normal,1789801569.4961922,1789801569.5130658,16.762,0,16.762,pass,,read_secondary,"{""background_write_acknowledged"": true, ""reads"": [{""version"": 112, ""max_seen_before"": 111, ""violation"": false}, {""version"": 112, ""max_seen_before"": 112, ""violation"": false}]}"
20260919T070606Z_3811b539,113,normal,1789801569.5130658,1789801569.5321503,18.976,0,18.976,pass,,read_secondary,"{""background_write_acknowledged"": true, ""reads"": [{""version"": 113, ""max_seen_before"": 112, ""violation"": false}, {""version"": 113, ""max_seen_before"": 113, ""violation"": false}]}"
20260919T070606Z_3811b539,114,normal,1789801569.53274,1789801569.5506294,18.198,0,18.198,pass,,read_secondary,"{""background_write_acknowledged"": true, ""reads"": [{""version"": 114, ""max_seen_before"": 113, ""violation"": false}, {""version"": 114, ""max_seen_before"": 114, ""violation"": false}]}"
20260919T070606Z_3811b539,115,normal,1789801569.5506294,1789801569.5663717,15.728,0,15.728,pass,,read_secondary,"{""background_write_acknowledged"": true, ""reads"": [{""version"": 115, ""max_seen_before"": 114, ""violation"": false}, {""version"": 115, ""max_seen_before"": 115, ""violation"": false}]}"
20260919T070606Z_3811b539,116,normal,1789801569.5669973,1789801569.5841775,17.209,0,17.209,pass,,read_secondary,"{""background_write_acknowledged"": true, ""reads"": [{""version"": 116, ""max_seen_before"": 115, ""violation"": false}, {""version"": 116, ""max_seen_before"": 116, ""violation"": false}]}"
20260919T070606Z_3811b539,117,normal,1789801569.5841775,1789801569.6006207,16.542,0,16.542,pass,,read_secondary,"{""background_write_acknowledged"": true, ""reads"": [{""version"": 117, ""max_seen_before"": 116, ""violation"": false}, {""version"": 117, ""max_seen_before"": 117, ""violation"": false}]}"
20260919T070606Z_3811b539,118,normal,1789801569.6006207,1789801569.6182318,17.41,0,17.41,pass,,read_secondary,"{""background_write_acknowledged"": true, ""reads"": [{""version"": 118, ""max_seen_before"": 117, ""violation"": false}, {""version"": 118, ""max_seen_before"": 118, ""violation"": false}]}"
20260919T070606Z_3811b539,119,normal,1789801569.6182318,1789801569.6365619,18.302,0,18.302,pass,,read_secondary,"{""background_write_acknowledged"": true, ""reads"": [{""version"": 119, ""max_seen_before"": 118, ""violation"": false}, {""version"": 119, ""max_seen_before"": 119, ""violation"": false}]}"
20260919T070606Z_3811b539,120,normal,1789801569.6365619,1789801569.651964,15.199,0,15.199,pass,,read_secondary,"{""background_write_acknowledged"": true, ""reads"": [{""version"": 120, ""max_seen_before"": 119, ""violation"": false}, {""version"": 120, ""max_seen_before"": 120, ""violation"": false}]}"
20260919T070606Z_3811b539,121,normal,1789801569.651964,1789801569.6677504,15.706,0,15.706,pass,,read_secondary,"{""background_write_acknowledged"": true, ""reads"": [{""version"": 121, ""max_seen_before"": 120, ""violation"": false}, {""version"": 121, ""max_seen_before"": 121, ""violation"": false}]}"
20260919T070606Z_3811b539,122,normal,1789801569.6677504,1789801569.6853738,17.292,0,17.292,pass,,read_secondary,"{""background_write_acknowledged"": true, ""reads"": [{""version"": 122, ""max_seen_before"": 121, ""violation"": false}, {""version"": 122, ""max_seen_before"": 122, ""violation"": false}]}"
20260919T070606Z_3811b539,123,normal,1789801569.6853738,1789801569.700742,15.675,0,15.675,pass,,read_secondary,"{""background_write_acknowledged"": true, ""reads"": [{""version"": 123, ""max_seen_before"": 122, ""violation"": false}, {""version"": 123, ""max_seen_before"": 123, ""violation"": false}]}"
20260919T070606Z_3811b539,124,normal,1789801569.701364,1789801569.7169175,15.364,0,15.364,pass,,read_secondary,"{""background_write_acknowledged"": true, ""reads"": [{""version"": 124, ""max_seen_before"": 123, ""violation"": false}, {""version"": 124, ""max_seen_before"": 124, ""violation"": false}]}"
20260919T070606Z_3811b539,125,normal,1789801569.7169175,1789801569.7323203,15.465,0,15.465,pass,,read_secondary,"{""background_write_acknowledged"": true, ""reads"": [{""version"": 125, ""max_seen_before"": 124, ""violation"": false}, {""version"": 125, ""max_seen_before"": 125, ""violation"": false}]}"
20260919T070606Z_3811b539,126,normal,1789801569.7323203,1789801569.749168,16.521,0,16.521,pass,,read_secondary,"{""background_write_acknowledged"": true, ""reads"": [{""version"": 126, ""max_seen_before"": 125, ""violation"": false}, {""version"": 126, ""max_seen_before"": 126, ""violation"": false}]}"
20260919T070606Z_3811b539,127,normal,1789801569.749168,1789801569.767581,18.183,0,18.183,pass,,read_secondary,"{""background_write_acknowledged"": true, ""reads"": [{""version"": 127, ""max_seen_before"": 126, ""violation"": false}, {""version"": 127, ""max_seen_before"": 127, ""violation"": false}]}"
20260919T070606Z_3811b539,128,normal,1789801569.767581,1789801569.786176,18.914,0,18.914,pass,,read_secondary,"{""background_write_acknowledged"": true, ""reads"": [{""version"": 128, ""max_seen_before"": 127, ""violation"": false}, {""version"": 128, ""max_seen_before"": 128, ""violation"": false}]}"
20260919T070606Z_3811b539,129,normal,1789801569.7867262,1789801569.802174,15.767,0,15.767,pass,,read_secondary,"{""background_write_acknowledged"": true, ""reads"": [{""version"": 129, ""max_seen_before"": 128, ""violation"": false}, {""version"": 129, ""max_seen_before"": 129, ""violation"": false}]}"
20260919T070606Z_3811b539,130,normal,1789801569.8027766,1789801569.8196094,17.116,0,17.116,pass,,read_secondary,"{""background_write_acknowledged"": true, ""reads"": [{""version"": 130, ""max_seen_before"": 129, ""violation"": false}, {""version"": 130, ""max_seen_before"": 130, ""violation"": false}]}"
20260919T070606Z_3811b539,131,normal,1789801569.8201785,1789801569.8382108,18.269,0,18.269,pass,,read_secondary,"{""background_write_acknowledged"": true, ""reads"": [{""version"": 131, ""max_seen_before"": 130, ""violation"": false}, {""version"": 131, ""max_seen_before"": 131, ""violation"": false}]}"
20260919T070606Z_3811b539,132,normal,1789801569.8382108,1789801569.8564126,18.206,0,18.206,pass,,read_secondary,"{""background_write_acknowledged"": true, ""reads"": [{""version"": 132, ""max_seen_before"": 131, ""violation"": false}, {""version"": 132, ""max_seen_before"": 132, ""violation"": false}]}"
20260919T070606Z_3811b539,133,normal,1789801569.8569717,1789801569.874597,17.663,0,17.663,pass,,read_secondary,"{""background_write_acknowledged"": true, ""reads"": [{""version"": 133, ""max_seen_before"": 132, ""violation"": false}, {""version"": 133, ""max_seen_before"": 133, ""violation"": false}]}"
20260919T070606Z_3811b539,134,normal,1789801569.874597,1789801569.8902857,15.358,0,15.358,pass,,read_secondary,"{""background_write_acknowledged"": true, ""reads"": [{""version"": 134, ""max_seen_before"": 133, ""violation"": false}, {""version"": 134, ""max_seen_before"": 134, ""violation"": false}]}"
20260919T070606Z_3811b539,135,normal,1789801569.8902857,1789801569.9076154,17.196,0,17.196,pass,,read_secondary,"{""background_write_acknowledged"": true, ""reads"": [{""version"": 135, ""max_seen_before"": 134, ""violation"": false}, {""version"": 135, ""max_seen_before"": 135, ""violation"": false}]}"
20260919T070606Z_3811b539,136,normal,1789801569.9076154,1789801569.9273872,19.918,0,19.918,pass,,read_secondary,"{""background_write_acknowledged"": true, ""reads"": [{""version"": 136, ""max_seen_before"": 135, ""violation"": false}, {""version"": 136, ""max_seen_before"": 136, ""violation"": false}]}"
20260919T070606Z_3811b539,137,normal,1789801569.9273872,1789801569.9450898,17.681,0,17.681,pass,,read_secondary,"{""background_write_acknowledged"": true, ""reads"": [{""version"": 137, ""max_seen_before"": 136, ""violation"": false}, {""version"": 137, ""max_seen_before"": 137, ""violation"": false}]}"
20260919T070606Z_3811b539,138,normal,1789801569.9450898,1789801569.9629064,17.448,0,17.448,pass,,read_secondary,"{""background_write_acknowledged"": true, ""reads"": [{""version"": 138, ""max_seen_before"": 137, ""violation"": false}, {""version"": 138, ""max_seen_before"": 138, ""violation"": false}]}"
20260919T070606Z_3811b539,139,normal,1789801569.9629064,1789801569.9793978,16.081,0,16.081,pass,,read_secondary,"{""background_write_acknowledged"": true, ""reads"": [{""version"": 139, ""max_seen_before"": 138, ""violation"": false}, {""version"": 139, ""max_seen_before"": 139, ""violation"": false}]}"
20260919T070606Z_3811b539,140,normal,1789801569.9793978,1789801569.9960506,16.648,0,16.648,pass,,read_secondary,"{""background_write_acknowledged"": true, ""reads"": [{""version"": 140, ""max_seen_before"": 139, ""violation"": false}, {""version"": 140, ""max_seen_before"": 140, ""violation"": false}]}"
20260919T070606Z_3811b539,141,normal,1789801569.9960506,1789801570.012227,15.92,0,15.92,pass,,read_secondary,"{""background_write_acknowledged"": true, ""reads"": [{""version"": 141, ""max_seen_before"": 140, ""violation"": false}, {""version"": 141, ""max_seen_before"": 141, ""violation"": false}]}"
20260919T070606Z_3811b539,142,normal,1789801570.012227,1789801570.0278783,15.778,0,15.778,pass,,read_secondary,"{""background_write_acknowledged"": true, ""reads"": [{""version"": 142, ""max_seen_before"": 141, ""violation"": false}, {""version"": 142, ""max_seen_before"": 142, ""violation"": false}]}"
20260919T070606Z_3811b539,143,normal,1789801570.0278783,1789801570.0430608,14.839,0,14.839,pass,,read_secondary,"{""background_write_acknowledged"": true, ""reads"": [{""version"": 143, ""max_seen_before"": 142, ""violation"": false}, {""version"": 143, ""max_seen_before"": 143, ""violation"": false}]}"
20260919T070606Z_3811b539,144,normal,1789801570.0430608,1789801570.0593827,16.41,0,16.41,pass,,read_secondary,"{""background_write_acknowledged"": true, ""reads"": [{""version"": 144, ""max_seen_before"": 143, ""violation"": false}, {""version"": 144, ""max_seen_before"": 144, ""violation"": false}]}"
20260919T070606Z_3811b539,145,normal,1789801570.0593827,1789801570.0769653,17.562,0,17.562,pass,,read_secondary,"{""background_write_acknowledged"": true, ""reads"": [{""version"": 145, ""max_seen_before"": 144, ""violation"": false}, {""version"": 145, ""max_seen_before"": 145, ""violation"": false}]}"
20260919T070606Z_3811b539,146,normal,1789801570.077578,1789801570.0938492,16.601,0,16.601,pass,,read_secondary,"{""background_write_acknowledged"": true, ""reads"": [{""version"": 146, ""max_seen_before"": 145, ""violation"": false}, {""version"": 146, ""max_seen_before"": 146, ""violation"": false}]}"
20260919T070606Z_3811b539,147,normal,1789801570.094368,1789801570.109262,14.974,0,14.974,pass,,read_secondary,"{""background_write_acknowledged"": true, ""reads"": [{""version"": 147, ""max_seen_before"": 146, ""violation"": false}, {""version"": 147, ""max_seen_before"": 147, ""violation"": false}]}"
20260919T070606Z_3811b539,148,normal,1789801570.109262,1789801570.1248064,15.403,0,15.403,pass,,read_secondary,"{""background_write_acknowledged"": true, ""reads"": [{""version"": 148, ""max_seen_before"": 147, ""violation"": false}, {""version"": 148, ""max_seen_before"": 148, ""violation"": false}]}"
20260919T070606Z_3811b539,149,normal,1789801570.1248064,1789801570.1396198,15.109,0,15.109,pass,,read_secondary,"{""background_write_acknowledged"": true, ""reads"": [{""version"": 149, ""max_seen_before"": 148, ""violation"": false}, {""version"": 149, ""max_seen_before"": 149, ""violation"": false}]}"
20260919T070606Z_3811b539,150,normal,1789801570.1401815,1789801570.1545475,14.477,0,14.477,pass,,read_secondary,"{""background_write_acknowledged"": true, ""reads"": [{""version"": 150, ""max_seen_before"": 149, ""violation"": false}, {""version"": 150, ""max_seen_before"": 150, ""violation"": false}]}"
20260919T070606Z_3811b539,151,normal,1789801570.1545475,1789801570.1729941,18.275,0,18.275,pass,,read_secondary,"{""background_write_acknowledged"": true, ""reads"": [{""version"": 151, ""max_seen_before"": 150, ""violation"": false}, {""version"": 151, ""max_seen_before"": 151, ""violation"": false}]}"
20260919T070606Z_3811b539,152,normal,1789801570.1729941,1789801570.188287,15.139,0,15.139,pass,,read_secondary,"{""background_write_acknowledged"": true, ""reads"": [{""version"": 152, ""max_seen_before"": 151, ""violation"": false}, {""version"": 152, ""max_seen_before"": 152, ""violation"": false}]}"
20260919T070606Z_3811b539,153,normal,1789801570.188287,1789801570.2030246,15.054,0,15.054,pass,,read_secondary,"{""background_write_acknowledged"": true, ""reads"": [{""version"": 153, ""max_seen_before"": 152, ""violation"": false}, {""version"": 153, ""max_seen_before"": 153, ""violation"": false}]}"
20260919T070606Z_3811b539,154,normal,1789801570.2036014,1789801570.2207954,17.179,0,17.179,pass,,read_secondary,"{""background_write_acknowledged"": true, ""reads"": [{""version"": 154, ""max_seen_before"": 153, ""violation"": false}, {""version"": 154, ""max_seen_before"": 154, ""violation"": false}]}"
20260919T070606Z_3811b539,155,normal,1789801570.2207954,1789801570.237083,16.334,0,16.334,pass,,read_secondary,"{""background_write_acknowledged"": true, ""reads"": [{""version"": 155, ""max_seen_before"": 154, ""violation"": false}, {""version"": 155, ""max_seen_before"": 155, ""violation"": false}]}"
20260919T070606Z_3811b539,156,normal,1789801570.237083,1789801570.2540886,16.619,0,16.619,pass,,read_secondary,"{""background_write_acknowledged"": true, ""reads"": [{""version"": 156, ""max_seen_before"": 155, ""violation"": false}, {""version"": 156, ""max_seen_before"": 156, ""violation"": false}]}"
20260919T070606Z_3811b539,157,normal,1789801570.2540886,1789801570.2691479,15.351,0,15.351,pass,,read_secondary,"{""background_write_acknowledged"": true, ""reads"": [{""version"": 157, ""max_seen_before"": 156, ""violation"": false}, {""version"": 157, ""max_seen_before"": 157, ""violation"": false}]}"
20260919T070606Z_3811b539,158,normal,1789801570.2691479,1789801570.285407,15.852,0,15.852,pass,,read_secondary,"{""background_write_acknowledged"": true, ""reads"": [{""version"": 158, ""max_seen_before"": 157, ""violation"": false}, {""version"": 158, ""max_seen_before"": 158, ""violation"": false}]}"
20260919T070606Z_3811b539,159,normal,1789801570.285407,1789801570.3031235,17.704,0,17.704,pass,,read_secondary,"{""background_write_acknowledged"": true, ""reads"": [{""version"": 159, ""max_seen_before"": 158, ""violation"": false}, {""version"": 159, ""max_seen_before"": 159, ""violation"": false}]}"
20260919T070606Z_3811b539,160,normal,1789801570.3031235,1789801570.3197575,16.436,0,16.436,pass,,read_secondary,"{""background_write_acknowledged"": true, ""reads"": [{""version"": 160, ""max_seen_before"": 159, ""violation"": false}, {""version"": 160, ""max_seen_before"": 160, ""violation"": false}]}"
20260919T070606Z_3811b539,161,normal,1789801570.3197575,1789801570.3359087,16.105,0,16.105,pass,,read_secondary,"{""background_write_acknowledged"": true, ""reads"": [{""version"": 161, ""max_seen_before"": 160, ""violation"": false}, {""version"": 161, ""max_seen_before"": 161, ""violation"": false}]}"
20260919T070606Z_3811b539,162,normal,1789801570.3359087,1789801570.3512616,15.047,0,15.047,pass,,read_secondary,"{""background_write_acknowledged"": true, ""reads"": [{""version"": 162, ""max_seen_before"": 161, ""violation"": false}, {""version"": 162, ""max_seen_before"": 162, ""violation"": false}]}"
20260919T070606Z_3811b539,163,normal,1789801570.3512616,1789801570.3656118,14.206,0,14.206,pass,,read_secondary,"{""background_write_acknowledged"": true, ""reads"": [{""version"": 163, ""max_seen_before"": 162, ""violation"": false}, {""version"": 163, ""max_seen_before"": 163, ""violation"": false}]}"
20260919T070606Z_3811b539,164,normal,1789801570.3656118,1789801570.3808472,15.362,0,15.362,pass,,read_secondary,"{""background_write_acknowledged"": true, ""reads"": [{""version"": 164, ""max_seen_before"": 163, ""violation"": false}, {""version"": 164, ""max_seen_before"": 164, ""violation"": false}]}"
20260919T070606Z_3811b539,165,normal,1789801570.3808472,1789801570.3948958,14.091,0,14.091,pass,,read_secondary,"{""background_write_acknowledged"": true, ""reads"": [{""version"": 165, ""max_seen_before"": 164, ""violation"": false}, {""version"": 165, ""max_seen_before"": 165, ""violation"": false}]}"
20260919T070606Z_3811b539,166,normal,1789801570.3955286,1789801570.4100666,14.505,0,14.505,pass,,read_secondary,"{""background_write_acknowledged"": true, ""reads"": [{""version"": 166, ""max_seen_before"": 165, ""violation"": false}, {""version"": 166, ""max_seen_before"": 166, ""violation"": false}]}"
20260919T070606Z_3811b539,167,normal,1789801570.4100666,1789801570.4274325,17.475,0,17.475,pass,,read_secondary,"{""background_write_acknowledged"": true, ""reads"": [{""version"": 167, ""max_seen_before"": 166, ""violation"": false}, {""version"": 167, ""max_seen_before"": 167, ""violation"": false}]}"
20260919T070606Z_3811b539,168,normal,1789801570.4274325,1789801570.442655,15.228,0,15.228,pass,,read_secondary,"{""background_write_acknowledged"": true, ""reads"": [{""version"": 168, ""max_seen_before"": 167, ""violation"": false}, {""version"": 168, ""max_seen_before"": 168, ""violation"": false}]}"
20260919T070606Z_3811b539,169,normal,1789801570.442655,1789801570.4571865,14.226,0,14.226,pass,,read_secondary,"{""background_write_acknowledged"": true, ""reads"": [{""version"": 169, ""max_seen_before"": 168, ""violation"": false}, {""version"": 169, ""max_seen_before"": 169, ""violation"": false}]}"
20260919T070606Z_3811b539,170,normal,1789801570.4571865,1789801570.4729042,15.789,0,15.789,pass,,read_secondary,"{""background_write_acknowledged"": true, ""reads"": [{""version"": 170, ""max_seen_before"": 169, ""violation"": false}, {""version"": 170, ""max_seen_before"": 170, ""violation"": false}]}"
20260919T070606Z_3811b539,171,normal,1789801570.4729042,1789801570.4887416,15.54,0,15.54,pass,,read_secondary,"{""background_write_acknowledged"": true, ""reads"": [{""version"": 171, ""max_seen_before"": 170, ""violation"": false}, {""version"": 171, ""max_seen_before"": 171, ""violation"": false}]}"
20260919T070606Z_3811b539,172,normal,1789801570.4887416,1789801570.5054283,16.793,0,16.793,pass,,read_secondary,"{""background_write_acknowledged"": true, ""reads"": [{""version"": 172, ""max_seen_before"": 171, ""violation"": false}, {""version"": 172, ""max_seen_before"": 172, ""violation"": false}]}"
20260919T070606Z_3811b539,173,normal,1789801570.5054283,1789801570.52033,14.737,0,14.737,pass,,read_secondary,"{""background_write_acknowledged"": true, ""reads"": [{""version"": 173, ""max_seen_before"": 172, ""violation"": false}, {""version"": 173, ""max_seen_before"": 173, ""violation"": false}]}"
20260919T070606Z_3811b539,174,normal,1789801570.52033,1789801570.535407,14.781,0,14.781,pass,,read_secondary,"{""background_write_acknowledged"": true, ""reads"": [{""version"": 174, ""max_seen_before"": 173, ""violation"": false}, {""version"": 174, ""max_seen_before"": 174, ""violation"": false}]}"
20260919T070606Z_3811b539,175,normal,1789801570.535407,1789801570.5525355,17.16,0,17.16,pass,,read_secondary,"{""background_write_acknowledged"": true, ""reads"": [{""version"": 175, ""max_seen_before"": 174, ""violation"": false}, {""version"": 175, ""max_seen_before"": 175, ""violation"": false}]}"
20260919T070606Z_3811b539,176,normal,1789801570.5531385,1789801570.568464,15.656,0,15.656,pass,,read_secondary,"{""background_write_acknowledged"": true, ""reads"": [{""version"": 176, ""max_seen_before"": 175, ""violation"": false}, {""version"": 176, ""max_seen_before"": 176, ""violation"": false}]}"
20260919T070606Z_3811b539,177,normal,1789801570.568464,1789801570.584055,15.215,0,15.215,pass,,read_secondary,"{""background_write_acknowledged"": true, ""reads"": [{""version"": 177, ""max_seen_before"": 176, ""violation"": false}, {""version"": 177, ""max_seen_before"": 177, ""violation"": false}]}"
20260919T070606Z_3811b539,178,normal,1789801570.584055,1789801570.5999918,16.081,0,16.081,pass,,read_secondary,"{""background_write_acknowledged"": true, ""reads"": [{""version"": 178, ""max_seen_before"": 177, ""violation"": false}, {""version"": 178, ""max_seen_before"": 178, ""violation"": false}]}"
20260919T070606Z_3811b539,179,normal,1789801570.5999918,1789801570.6155145,15.074,0,15.074,pass,,read_secondary,"{""background_write_acknowledged"": true, ""reads"": [{""version"": 179, ""max_seen_before"": 178, ""violation"": false}, {""version"": 179, ""max_seen_before"": 179, ""violation"": false}]}"
20260919T070606Z_3811b539,180,normal,1789801570.6155145,1789801570.6323054,16.756,0,16.756,pass,,read_secondary,"{""background_write_acknowledged"": true, ""reads"": [{""version"": 180, ""max_seen_before"": 179, ""violation"": false}, {""version"": 180, ""max_seen_before"": 180, ""violation"": false}]}"
20260919T070606Z_3811b539,181,normal,1789801570.6323054,1789801570.6471798,14.886,0,14.886,pass,,read_secondary,"{""background_write_acknowledged"": true, ""reads"": [{""version"": 181, ""max_seen_before"": 180, ""violation"": false}, {""version"": 181, ""max_seen_before"": 181, ""violation"": false}]}"
20260919T070606Z_3811b539,182,normal,1789801570.6471798,1789801570.6612759,14.088,0,14.088,pass,,read_secondary,"{""background_write_acknowledged"": true, ""reads"": [{""version"": 182, ""max_seen_before"": 181, ""violation"": false}, {""version"": 182, ""max_seen_before"": 182, ""violation"": false}]}"
20260919T070606Z_3811b539,183,normal,1789801570.6619048,1789801570.679445,17.974,0,17.974,pass,,read_secondary,"{""background_write_acknowledged"": true, ""reads"": [{""version"": 183, ""max_seen_before"": 182, ""violation"": false}, {""version"": 183, ""max_seen_before"": 183, ""violation"": false}]}"
20260919T070606Z_3811b539,184,normal,1789801570.679999,1789801570.6950023,15.054,0,15.054,pass,,read_secondary,"{""background_write_acknowledged"": true, ""reads"": [{""version"": 184, ""max_seen_before"": 183, ""violation"": false}, {""version"": 184, ""max_seen_before"": 184, ""violation"": false}]}"
20260919T070606Z_3811b539,185,normal,1789801570.6950023,1789801570.7092688,14.191,0,14.191,pass,,read_secondary,"{""background_write_acknowledged"": true, ""reads"": [{""version"": 185, ""max_seen_before"": 184, ""violation"": false}, {""version"": 185, ""max_seen_before"": 185, ""violation"": false}]}"
20260919T070606Z_3811b539,186,normal,1789801570.7092688,1789801570.7247365,15.326,0,15.326,pass,,read_secondary,"{""background_write_acknowledged"": true, ""reads"": [{""version"": 186, ""max_seen_before"": 185, ""violation"": false}, {""version"": 186, ""max_seen_before"": 186, ""violation"": false}]}"
20260919T070606Z_3811b539,187,normal,1789801570.7247365,1789801570.7401254,15.233,0,15.233,pass,,read_secondary,"{""background_write_acknowledged"": true, ""reads"": [{""version"": 187, ""max_seen_before"": 186, ""violation"": false}, {""version"": 187, ""max_seen_before"": 187, ""violation"": false}]}"
20260919T070606Z_3811b539,188,normal,1789801570.7401254,1789801570.7552152,15.109,0,15.109,pass,,read_secondary,"{""background_write_acknowledged"": true, ""reads"": [{""version"": 188, ""max_seen_before"": 187, ""violation"": false}, {""version"": 188, ""max_seen_before"": 188, ""violation"": false}]}"
20260919T070606Z_3811b539,189,normal,1789801570.7552152,1789801570.769938,14.446,0,14.446,pass,,read_secondary,"{""background_write_acknowledged"": true, ""reads"": [{""version"": 189, ""max_seen_before"": 188, ""violation"": false}, {""version"": 189, ""max_seen_before"": 189, ""violation"": false}]}"
20260919T070606Z_3811b539,190,normal,1789801570.769938,1789801570.7848742,14.67,0,14.67,pass,,read_secondary,"{""background_write_acknowledged"": true, ""reads"": [{""version"": 190, ""max_seen_before"": 189, ""violation"": false}, {""version"": 190, ""max_seen_before"": 190, ""violation"": false}]}"
20260919T070606Z_3811b539,191,normal,1789801570.7848742,1789801570.800192,15.055,0,15.055,pass,,read_secondary,"{""background_write_acknowledged"": true, ""reads"": [{""version"": 191, ""max_seen_before"": 190, ""violation"": false}, {""version"": 191, ""max_seen_before"": 191, ""violation"": false}]}"
20260919T070606Z_3811b539,192,normal,1789801570.800192,1789801570.8137546,13.661,0,13.661,pass,,read_secondary,"{""background_write_acknowledged"": true, ""reads"": [{""version"": 192, ""max_seen_before"": 191, ""violation"": false}, {""version"": 192, ""max_seen_before"": 192, ""violation"": false}]}"
20260919T070606Z_3811b539,193,normal,1789801570.8137546,1789801570.8281143,14.437,0,14.437,pass,,read_secondary,"{""background_write_acknowledged"": true, ""reads"": [{""version"": 193, ""max_seen_before"": 192, ""violation"": false}, {""version"": 193, ""max_seen_before"": 193, ""violation"": false}]}"
20260919T070606Z_3811b539,194,normal,1789801570.8286223,1789801570.8443356,15.933,0,15.933,pass,,read_secondary,"{""background_write_acknowledged"": true, ""reads"": [{""version"": 194, ""max_seen_before"": 193, ""violation"": false}, {""version"": 194, ""max_seen_before"": 194, ""violation"": false}]}"
20260919T070606Z_3811b539,195,normal,1789801570.8443356,1789801570.8595018,15.046,0,15.046,pass,,read_secondary,"{""background_write_acknowledged"": true, ""reads"": [{""version"": 195, ""max_seen_before"": 194, ""violation"": false}, {""version"": 195, ""max_seen_before"": 195, ""violation"": false}]}"
20260919T070606Z_3811b539,196,normal,1789801570.8595018,1789801570.9473717,87.425,0,87.425,pass,,read_secondary,"{""background_write_acknowledged"": true, ""reads"": [{""version"": 196, ""max_seen_before"": 195, ""violation"": false}, {""version"": 196, ""max_seen_before"": 196, ""violation"": false}]}"
20260919T070606Z_3811b539,197,normal,1789801570.9473717,1789801570.9622715,14.714,0,14.714,pass,,read_secondary,"{""background_write_acknowledged"": true, ""reads"": [{""version"": 197, ""max_seen_before"": 196, ""violation"": false}, {""version"": 197, ""max_seen_before"": 197, ""violation"": false}]}"
20260919T070606Z_3811b539,198,normal,1789801570.9622715,1789801570.9768558,14.604,0,14.604,pass,,read_secondary,"{""background_write_acknowledged"": true, ""reads"": [{""version"": 198, ""max_seen_before"": 197, ""violation"": false}, {""version"": 198, ""max_seen_before"": 198, ""violation"": false}]}"
20260919T070606Z_3811b539,199,normal,1789801570.9768558,1789801570.9925401,15.504,0,15.504,pass,,read_secondary,"{""background_write_acknowledged"": true, ""reads"": [{""version"": 199, ""max_seen_before"": 198, ""violation"": false}, {""version"": 199, ""max_seen_before"": 199, ""violation"": false}]}"
20260919T070606Z_3811b539,200,normal,1789801570.9925401,1789801571.006851,14.569,0,14.569,pass,,read_secondary,"{""background_write_acknowledged"": true, ""reads"": [{""version"": 200, ""max_seen_before"": 199, ""violation"": false}, {""version"": 200, ""max_seen_before"": 200, ""violation"": false}]}"
20260919T070606Z_3811b539,201,normal,1789801571.009233,1789801571.0252533,15.846,0,15.846,pass,,read_secondary,"{""background_write_acknowledged"": true, ""reads"": [{""version"": 201, ""max_seen_before"": 200, ""violation"": false}, {""version"": 201, ""max_seen_before"": 201, ""violation"": false}]}"
20260919T070606Z_3811b539,202,normal,1789801571.0252533,1789801571.0410094,15.812,0,15.812,pass,,read_secondary,"{""background_write_acknowledged"": true, ""reads"": [{""version"": 202, ""max_seen_before"": 201, ""violation"": false}, {""version"": 202, ""max_seen_before"": 202, ""violation"": false}]}"
20260919T070606Z_3811b539,203,normal,1789801571.041551,1789801571.0555093,14.072,0,14.072,pass,,read_secondary,"{""background_write_acknowledged"": true, ""reads"": [{""version"": 203, ""max_seen_before"": 202, ""violation"": false}, {""version"": 203, ""max_seen_before"": 203, ""violation"": false}]}"
20260919T070606Z_3811b539,204,normal,1789801571.0555093,1789801571.0695791,13.88,0,13.88,pass,,read_secondary,"{""background_write_acknowledged"": true, ""reads"": [{""version"": 204, ""max_seen_before"": 203, ""violation"": false}, {""version"": 204, ""max_seen_before"": 204, ""violation"": false}]}"
20260919T070606Z_3811b539,205,normal,1789801571.0695791,1789801571.0838149,14.2,0,14.2,pass,,read_secondary,"{""background_write_acknowledged"": true, ""reads"": [{""version"": 205, ""max_seen_before"": 204, ""violation"": false}, {""version"": 205, ""max_seen_before"": 205, ""violation"": false}]}"
20260919T070606Z_3811b539,206,normal,1789801571.0838149,1789801571.098943,15.29,0,15.29,pass,,read_secondary,"{""background_write_acknowledged"": true, ""reads"": [{""version"": 206, ""max_seen_before"": 205, ""violation"": false}, {""version"": 206, ""max_seen_before"": 206, ""violation"": false}]}"
20260919T070606Z_3811b539,207,normal,1789801571.0995653,1789801571.1134987,14.379,0,14.379,pass,,read_secondary,"{""background_write_acknowledged"": true, ""reads"": [{""version"": 207, ""max_seen_before"": 206, ""violation"": false}, {""version"": 207, ""max_seen_before"": 207, ""violation"": false}]}"
20260919T070606Z_3811b539,208,normal,1789801571.1141207,1789801571.1279712,14.283,0,14.283,pass,,read_secondary,"{""background_write_acknowledged"": true, ""reads"": [{""version"": 208, ""max_seen_before"": 207, ""violation"": false}, {""version"": 208, ""max_seen_before"": 208, ""violation"": false}]}"
20260919T070606Z_3811b539,209,normal,1789801571.1279712,1789801571.1422026,14.24,0,14.24,pass,,read_secondary,"{""background_write_acknowledged"": true, ""reads"": [{""version"": 209, ""max_seen_before"": 208, ""violation"": false}, {""version"": 209, ""max_seen_before"": 209, ""violation"": false}]}"
20260919T070606Z_3811b539,210,normal,1789801571.142788,1789801571.1580157,15.506,0,15.506,pass,,read_secondary,"{""background_write_acknowledged"": true, ""reads"": [{""version"": 210, ""max_seen_before"": 209, ""violation"": false}, {""version"": 210, ""max_seen_before"": 210, ""violation"": false}]}"
20260919T070606Z_3811b539,211,normal,1789801571.1580157,1789801571.1736598,15.474,0,15.474,pass,,read_secondary,"{""background_write_acknowledged"": true, ""reads"": [{""version"": 211, ""max_seen_before"": 210, ""violation"": false}, {""version"": 211, ""max_seen_before"": 211, ""violation"": false}]}"
20260919T070606Z_3811b539,212,normal,1789801571.1736598,1789801571.1886888,14.905,0,14.905,pass,,read_secondary,"{""background_write_acknowledged"": true, ""reads"": [{""version"": 212, ""max_seen_before"": 211, ""violation"": false}, {""version"": 212, ""max_seen_before"": 212, ""violation"": false}]}"
20260919T070606Z_3811b539,213,normal,1789801571.1886888,1789801571.2037697,15.109,0,15.109,pass,,read_secondary,"{""background_write_acknowledged"": true, ""reads"": [{""version"": 213, ""max_seen_before"": 212, ""violation"": false}, {""version"": 213, ""max_seen_before"": 213, ""violation"": false}]}"
20260919T070606Z_3811b539,214,normal,1789801571.2043996,1789801571.2188215,14.536,0,14.536,pass,,read_secondary,"{""background_write_acknowledged"": true, ""reads"": [{""version"": 214, ""max_seen_before"": 213, ""violation"": false}, {""version"": 214, ""max_seen_before"": 214, ""violation"": false}]}"
20260919T070606Z_3811b539,215,normal,1789801571.2188215,1789801571.2370791,18.005,0,18.005,pass,,read_secondary,"{""background_write_acknowledged"": true, ""reads"": [{""version"": 215, ""max_seen_before"": 214, ""violation"": false}, {""version"": 215, ""max_seen_before"": 215, ""violation"": false}]}"
20260919T070606Z_3811b539,216,normal,1789801571.2370791,1789801571.2528594,16.124,0,16.124,pass,,read_secondary,"{""background_write_acknowledged"": true, ""reads"": [{""version"": 216, ""max_seen_before"": 215, ""violation"": false}, {""version"": 216, ""max_seen_before"": 216, ""violation"": false}]}"
20260919T070606Z_3811b539,217,normal,1789801571.2534316,1789801571.2685068,15.327,0,15.327,pass,,read_secondary,"{""background_write_acknowledged"": true, ""reads"": [{""version"": 217, ""max_seen_before"": 216, ""violation"": false}, {""version"": 217, ""max_seen_before"": 217, ""violation"": false}]}"
20260919T070606Z_3811b539,218,normal,1789801571.2685068,1789801571.2846153,16.039,0,16.039,pass,,read_secondary,"{""background_write_acknowledged"": true, ""reads"": [{""version"": 218, ""max_seen_before"": 217, ""violation"": false}, {""version"": 218, ""max_seen_before"": 218, ""violation"": false}]}"
20260919T070606Z_3811b539,219,normal,1789801571.2846153,1789801571.2994685,14.545,0,14.545,pass,,read_secondary,"{""background_write_acknowledged"": true, ""reads"": [{""version"": 219, ""max_seen_before"": 218, ""violation"": false}, {""version"": 219, ""max_seen_before"": 219, ""violation"": false}]}"
20260919T070606Z_3811b539,220,normal,1789801571.2994685,1789801571.312769,13.434,0,13.434,pass,,read_secondary,"{""background_write_acknowledged"": true, ""reads"": [{""version"": 220, ""max_seen_before"": 219, ""violation"": false}, {""version"": 220, ""max_seen_before"": 220, ""violation"": false}]}"
20260919T070606Z_3811b539,221,normal,1789801571.3133752,1789801571.3284476,15.052,0,15.052,pass,,read_secondary,"{""background_write_acknowledged"": true, ""reads"": [{""version"": 221, ""max_seen_before"": 220, ""violation"": false}, {""version"": 221, ""max_seen_before"": 221, ""violation"": false}]}"
20260919T070606Z_3811b539,222,normal,1789801571.3284476,1789801571.343013,14.455,0,14.455,pass,,read_secondary,"{""background_write_acknowledged"": true, ""reads"": [{""version"": 222, ""max_seen_before"": 221, ""violation"": false}, {""version"": 222, ""max_seen_before"": 222, ""violation"": false}]}"
20260919T070606Z_3811b539,223,normal,1789801571.343013,1789801571.3593357,16.365,0,16.365,pass,,read_secondary,"{""background_write_acknowledged"": true, ""reads"": [{""version"": 223, ""max_seen_before"": 222, ""violation"": false}, {""version"": 223, ""max_seen_before"": 223, ""violation"": false}]}"
20260919T070606Z_3811b539,224,normal,1789801571.3593357,1789801571.3749876,15.465,0,15.465,pass,,read_secondary,"{""background_write_acknowledged"": true, ""reads"": [{""version"": 224, ""max_seen_before"": 223, ""violation"": false}, {""version"": 224, ""max_seen_before"": 224, ""violation"": false}]}"
20260919T070606Z_3811b539,225,normal,1789801571.3749876,1789801571.3907268,15.685,0,15.685,pass,,read_secondary,"{""background_write_acknowledged"": true, ""reads"": [{""version"": 225, ""max_seen_before"": 224, ""violation"": false}, {""version"": 225, ""max_seen_before"": 225, ""violation"": false}]}"
20260919T070606Z_3811b539,226,normal,1789801571.3907268,1789801571.4048731,13.844,0,13.844,pass,,read_secondary,"{""background_write_acknowledged"": true, ""reads"": [{""version"": 226, ""max_seen_before"": 225, ""violation"": false}, {""version"": 226, ""max_seen_before"": 226, ""violation"": false}]}"
20260919T070606Z_3811b539,227,normal,1789801571.4048731,1789801571.4200597,15.075,0,15.075,pass,,read_secondary,"{""background_write_acknowledged"": true, ""reads"": [{""version"": 227, ""max_seen_before"": 226, ""violation"": false}, {""version"": 227, ""max_seen_before"": 227, ""violation"": false}]}"
20260919T070606Z_3811b539,228,normal,1789801571.4200597,1789801571.4339836,13.976,0,13.976,pass,,read_secondary,"{""background_write_acknowledged"": true, ""reads"": [{""version"": 228, ""max_seen_before"": 227, ""violation"": false}, {""version"": 228, ""max_seen_before"": 228, ""violation"": false}]}"
20260919T070606Z_3811b539,229,normal,1789801571.4339836,1789801571.4478736,13.541,0,13.541,pass,,read_secondary,"{""background_write_acknowledged"": true, ""reads"": [{""version"": 229, ""max_seen_before"": 228, ""violation"": false}, {""version"": 229, ""max_seen_before"": 229, ""violation"": false}]}"
20260919T070606Z_3811b539,230,normal,1789801571.4478736,1789801571.4625256,14.53,0,14.53,pass,,read_secondary,"{""background_write_acknowledged"": true, ""reads"": [{""version"": 230, ""max_seen_before"": 229, ""violation"": false}, {""version"": 230, ""max_seen_before"": 230, ""violation"": false}]}"
20260919T070606Z_3811b539,231,normal,1789801571.4625256,1789801571.4791155,16.369,0,16.369,pass,,read_secondary,"{""background_write_acknowledged"": true, ""reads"": [{""version"": 231, ""max_seen_before"": 230, ""violation"": false}, {""version"": 231, ""max_seen_before"": 231, ""violation"": false}]}"
20260919T070606Z_3811b539,232,normal,1789801571.4791155,1789801571.492983,14.012,0,14.012,pass,,read_secondary,"{""background_write_acknowledged"": true, ""reads"": [{""version"": 232, ""max_seen_before"": 231, ""violation"": false}, {""version"": 232, ""max_seen_before"": 232, ""violation"": false}]}"
20260919T070606Z_3811b539,233,normal,1789801571.4935536,1789801571.5081952,15.089,0,15.089,pass,,read_secondary,"{""background_write_acknowledged"": true, ""reads"": [{""version"": 233, ""max_seen_before"": 232, ""violation"": false}, {""version"": 233, ""max_seen_before"": 233, ""violation"": false}]}"
20260919T070606Z_3811b539,234,normal,1789801571.5087261,1789801571.5227954,14.343,0,14.343,pass,,read_secondary,"{""background_write_acknowledged"": true, ""reads"": [{""version"": 234, ""max_seen_before"": 233, ""violation"": false}, {""version"": 234, ""max_seen_before"": 234, ""violation"": false}]}"
20260919T070606Z_3811b539,235,normal,1789801571.5227954,1789801571.5386012,15.406,0,15.406,pass,,read_secondary,"{""background_write_acknowledged"": true, ""reads"": [{""version"": 235, ""max_seen_before"": 234, ""violation"": false}, {""version"": 235, ""max_seen_before"": 235, ""violation"": false}]}"
20260919T070606Z_3811b539,236,normal,1789801571.5386012,1789801571.5526218,14.065,0,14.065,pass,,read_secondary,"{""background_write_acknowledged"": true, ""reads"": [{""version"": 236, ""max_seen_before"": 235, ""violation"": false}, {""version"": 236, ""max_seen_before"": 236, ""violation"": false}]}"
20260919T070606Z_3811b539,237,normal,1789801571.5526218,1789801571.5679963,15.314,0,15.314,pass,,read_secondary,"{""background_write_acknowledged"": true, ""reads"": [{""version"": 237, ""max_seen_before"": 236, ""violation"": false}, {""version"": 237, ""max_seen_before"": 237, ""violation"": false}]}"
20260919T070606Z_3811b539,238,normal,1789801571.5679963,1789801571.581966,13.892,0,13.892,pass,,read_secondary,"{""background_write_acknowledged"": true, ""reads"": [{""version"": 238, ""max_seen_before"": 237, ""violation"": false}, {""version"": 238, ""max_seen_before"": 238, ""violation"": false}]}"
20260919T070606Z_3811b539,239,normal,1789801571.581966,1789801571.596532,14.56,0,14.56,pass,,read_secondary,"{""background_write_acknowledged"": true, ""reads"": [{""version"": 239, ""max_seen_before"": 238, ""violation"": false}, {""version"": 239, ""max_seen_before"": 239, ""violation"": false}]}"
20260919T070606Z_3811b539,240,normal,1789801571.596532,1789801571.6117883,14.923,0,14.923,pass,,read_secondary,"{""background_write_acknowledged"": true, ""reads"": [{""version"": 240, ""max_seen_before"": 239, ""violation"": false}, {""version"": 240, ""max_seen_before"": 240, ""violation"": false}]}"
20260919T070606Z_3811b539,241,normal,1789801571.6117883,1789801571.6287422,16.562,0,16.562,pass,,read_secondary,"{""background_write_acknowledged"": true, ""reads"": [{""version"": 241, ""max_seen_before"": 240, ""violation"": false}, {""version"": 241, ""max_seen_before"": 241, ""violation"": false}]}"
20260919T070606Z_3811b539,242,normal,1789801571.6287422,1789801571.6439888,15.202,0,15.202,pass,,read_secondary,"{""background_write_acknowledged"": true, ""reads"": [{""version"": 242, ""max_seen_before"": 241, ""violation"": false}, {""version"": 242, ""max_seen_before"": 242, ""violation"": false}]}"
20260919T070606Z_3811b539,243,normal,1789801571.6439888,1789801571.6580613,13.7,0,13.7,pass,,read_secondary,"{""background_write_acknowledged"": true, ""reads"": [{""version"": 243, ""max_seen_before"": 242, ""violation"": false}, {""version"": 243, ""max_seen_before"": 243, ""violation"": false}]}"
20260919T070606Z_3811b539,244,normal,1789801571.6580613,1789801571.672955,14.645,0,14.645,pass,,read_secondary,"{""background_write_acknowledged"": true, ""reads"": [{""version"": 244, ""max_seen_before"": 243, ""violation"": false}, {""version"": 244, ""max_seen_before"": 244, ""violation"": false}]}"
20260919T070606Z_3811b539,245,normal,1789801571.672955,1789801571.6872342,14.291,0,14.291,pass,,read_secondary,"{""background_write_acknowledged"": true, ""reads"": [{""version"": 245, ""max_seen_before"": 244, ""violation"": false}, {""version"": 245, ""max_seen_before"": 245, ""violation"": false}]}"
20260919T070606Z_3811b539,246,normal,1789801571.6872342,1789801571.7006023,13.17,0,13.17,pass,,read_secondary,"{""background_write_acknowledged"": true, ""reads"": [{""version"": 246, ""max_seen_before"": 245, ""violation"": false}, {""version"": 246, ""max_seen_before"": 246, ""violation"": false}]}"
20260919T070606Z_3811b539,247,normal,1789801571.7006023,1789801571.7161005,15.678,0,15.678,pass,,read_secondary,"{""background_write_acknowledged"": true, ""reads"": [{""version"": 247, ""max_seen_before"": 246, ""violation"": false}, {""version"": 247, ""max_seen_before"": 247, ""violation"": false}]}"
20260919T070606Z_3811b539,248,normal,1789801571.7161005,1789801571.7311237,14.659,0,14.659,pass,,read_secondary,"{""background_write_acknowledged"": true, ""reads"": [{""version"": 248, ""max_seen_before"": 247, ""violation"": false}, {""version"": 248, ""max_seen_before"": 248, ""violation"": false}]}"
20260919T070606Z_3811b539,249,normal,1789801571.7311237,1789801571.744789,14.289,0,14.289,pass,,read_secondary,"{""background_write_acknowledged"": true, ""reads"": [{""version"": 249, ""max_seen_before"": 248, ""violation"": false}, {""version"": 249, ""max_seen_before"": 249, ""violation"": false}]}"
20260919T070606Z_3811b539,250,normal,1789801571.744789,1789801571.7602632,14.874,0,14.874,pass,,read_secondary,"{""background_write_acknowledged"": true, ""reads"": [{""version"": 250, ""max_seen_before"": 249, ""violation"": false}, {""version"": 250, ""max_seen_before"": 250, ""violation"": false}]}"
20260919T070606Z_3811b539,251,normal,1789801571.7602632,1789801571.7749012,14.623,0,14.623,pass,,read_secondary,"{""background_write_acknowledged"": true, ""reads"": [{""version"": 251, ""max_seen_before"": 250, ""violation"": false}, {""version"": 251, ""max_seen_before"": 251, ""violation"": false}]}"
20260919T070606Z_3811b539,252,normal,1789801571.775449,1789801571.7890851,13.949,0,13.949,pass,,read_secondary,"{""background_write_acknowledged"": true, ""reads"": [{""version"": 252, ""max_seen_before"": 251, ""violation"": false}, {""version"": 252, ""max_seen_before"": 252, ""violation"": false}]}"
20260919T070606Z_3811b539,253,normal,1789801571.7890851,1789801571.8033192,14.082,0,14.082,pass,,read_secondary,"{""background_write_acknowledged"": true, ""reads"": [{""version"": 253, ""max_seen_before"": 252, ""violation"": false}, {""version"": 253, ""max_seen_before"": 253, ""violation"": false}]}"
20260919T070606Z_3811b539,254,normal,1789801571.8033192,1789801571.8187842,15.196,0,15.196,pass,,read_secondary,"{""background_write_acknowledged"": true, ""reads"": [{""version"": 254, ""max_seen_before"": 253, ""violation"": false}, {""version"": 254, ""max_seen_before"": 254, ""violation"": false}]}"
20260919T070606Z_3811b539,255,normal,1789801571.8187842,1789801571.8338377,14.928,0,14.928,pass,,read_secondary,"{""background_write_acknowledged"": true, ""reads"": [{""version"": 255, ""max_seen_before"": 254, ""violation"": false}, {""version"": 255, ""max_seen_before"": 255, ""violation"": false}]}"
20260919T070606Z_3811b539,256,normal,1789801571.8338377,1789801571.8479056,14.051,0,14.051,pass,,read_secondary,"{""background_write_acknowledged"": true, ""reads"": [{""version"": 256, ""max_seen_before"": 255, ""violation"": false}, {""version"": 256, ""max_seen_before"": 256, ""violation"": false}]}"
20260919T070606Z_3811b539,257,normal,1789801571.8479056,1789801571.8630912,15.121,0,15.121,pass,,read_secondary,"{""background_write_acknowledged"": true, ""reads"": [{""version"": 257, ""max_seen_before"": 256, ""violation"": false}, {""version"": 257, ""max_seen_before"": 257, ""violation"": false}]}"
20260919T070606Z_3811b539,258,normal,1789801571.8630912,1789801571.8774185,14.479,0,14.479,pass,,read_secondary,"{""background_write_acknowledged"": true, ""reads"": [{""version"": 258, ""max_seen_before"": 257, ""violation"": false}, {""version"": 258, ""max_seen_before"": 258, ""violation"": false}]}"
20260919T070606Z_3811b539,259,normal,1789801571.8780797,1789801571.8929389,14.967,0,14.967,pass,,read_secondary,"{""background_write_acknowledged"": true, ""reads"": [{""version"": 259, ""max_seen_before"": 258, ""violation"": false}, {""version"": 259, ""max_seen_before"": 259, ""violation"": false}]}"
20260919T070606Z_3811b539,260,normal,1789801571.8929389,1789801571.907627,14.62,0,14.62,pass,,read_secondary,"{""background_write_acknowledged"": true, ""reads"": [{""version"": 260, ""max_seen_before"": 259, ""violation"": false}, {""version"": 260, ""max_seen_before"": 260, ""violation"": false}]}"
20260919T070606Z_3811b539,261,normal,1789801571.907627,1789801571.922326,14.699,0,14.699,pass,,read_secondary,"{""background_write_acknowledged"": true, ""reads"": [{""version"": 261, ""max_seen_before"": 260, ""violation"": false}, {""version"": 261, ""max_seen_before"": 261, ""violation"": false}]}"
20260919T070606Z_3811b539,262,normal,1789801571.922326,1789801571.937203,14.477,0,14.477,pass,,read_secondary,"{""background_write_acknowledged"": true, ""reads"": [{""version"": 262, ""max_seen_before"": 261, ""violation"": false}, {""version"": 262, ""max_seen_before"": 262, ""violation"": false}]}"
20260919T070606Z_3811b539,263,normal,1789801571.937203,1789801571.9559355,18.519,0,18.519,pass,,read_secondary,"{""background_write_acknowledged"": true, ""reads"": [{""version"": 263, ""max_seen_before"": 262, ""violation"": false}, {""version"": 263, ""max_seen_before"": 263, ""violation"": false}]}"
20260919T070606Z_3811b539,264,normal,1789801571.9559355,1789801571.9708905,14.631,0,14.631,pass,,read_secondary,"{""background_write_acknowledged"": true, ""reads"": [{""version"": 264, ""max_seen_before"": 263, ""violation"": false}, {""version"": 264, ""max_seen_before"": 264, ""violation"": false}]}"
20260919T070606Z_3811b539,265,normal,1789801571.9708905,1789801571.9879093,17.041,0,17.041,pass,,read_secondary,"{""background_write_acknowledged"": true, ""reads"": [{""version"": 265, ""max_seen_before"": 264, ""violation"": false}, {""version"": 265, ""max_seen_before"": 265, ""violation"": false}]}"
20260919T070606Z_3811b539,266,normal,1789801571.9879093,1789801572.0022867,14.356,0,14.356,pass,,read_secondary,"{""background_write_acknowledged"": true, ""reads"": [{""version"": 266, ""max_seen_before"": 265, ""violation"": false}, {""version"": 266, ""max_seen_before"": 266, ""violation"": false}]}"
20260919T070606Z_3811b539,267,normal,1789801572.0022867,1789801572.018554,15.939,0,15.939,pass,,read_secondary,"{""background_write_acknowledged"": true, ""reads"": [{""version"": 267, ""max_seen_before"": 266, ""violation"": false}, {""version"": 267, ""max_seen_before"": 267, ""violation"": false}]}"
20260919T070606Z_3811b539,268,normal,1789801572.018554,1789801572.0342166,15.713,0,15.713,pass,,read_secondary,"{""background_write_acknowledged"": true, ""reads"": [{""version"": 268, ""max_seen_before"": 267, ""violation"": false}, {""version"": 268, ""max_seen_before"": 268, ""violation"": false}]}"
20260919T070606Z_3811b539,269,normal,1789801572.0342166,1789801572.050312,16.022,0,16.022,pass,,read_secondary,"{""background_write_acknowledged"": true, ""reads"": [{""version"": 269, ""max_seen_before"": 268, ""violation"": false}, {""version"": 269, ""max_seen_before"": 269, ""violation"": false}]}"
20260919T070606Z_3811b539,270,normal,1789801572.050312,1789801572.0667927,16.462,0,16.462,pass,,read_secondary,"{""background_write_acknowledged"": true, ""reads"": [{""version"": 270, ""max_seen_before"": 269, ""violation"": false}, {""version"": 270, ""max_seen_before"": 270, ""violation"": false}]}"
20260919T070606Z_3811b539,271,normal,1789801572.0673516,1789801572.0835218,16.255,0,16.255,pass,,read_secondary,"{""background_write_acknowledged"": true, ""reads"": [{""version"": 271, ""max_seen_before"": 270, ""violation"": false}, {""version"": 271, ""max_seen_before"": 271, ""violation"": false}]}"
20260919T070606Z_3811b539,272,normal,1789801572.0835218,1789801572.1019194,18.241,0,18.241,pass,,read_secondary,"{""background_write_acknowledged"": true, ""reads"": [{""version"": 272, ""max_seen_before"": 271, ""violation"": false}, {""version"": 272, ""max_seen_before"": 272, ""violation"": false}]}"
20260919T070606Z_3811b539,273,normal,1789801572.10239,1789801572.1207721,18.533,0,18.533,pass,,read_secondary,"{""background_write_acknowledged"": true, ""reads"": [{""version"": 273, ""max_seen_before"": 272, ""violation"": false}, {""version"": 273, ""max_seen_before"": 273, ""violation"": false}]}"
20260919T070606Z_3811b539,274,normal,1789801572.1207721,1789801572.1361585,15.65,0,15.65,pass,,read_secondary,"{""background_write_acknowledged"": true, ""reads"": [{""version"": 274, ""max_seen_before"": 273, ""violation"": false}, {""version"": 274, ""max_seen_before"": 274, ""violation"": false}]}"
20260919T070606Z_3811b539,275,normal,1789801572.1367872,1789801572.1533346,16.699,0,16.699,pass,,read_secondary,"{""background_write_acknowledged"": true, ""reads"": [{""version"": 275, ""max_seen_before"": 274, ""violation"": false}, {""version"": 275, ""max_seen_before"": 275, ""violation"": false}]}"
20260919T070606Z_3811b539,276,normal,1789801572.1533346,1789801572.170266,16.725,0,16.725,pass,,read_secondary,"{""background_write_acknowledged"": true, ""reads"": [{""version"": 276, ""max_seen_before"": 275, ""violation"": false}, {""version"": 276, ""max_seen_before"": 276, ""violation"": false}]}"
20260919T070606Z_3811b539,277,normal,1789801572.170266,1789801572.185036,14.923,0,14.923,pass,,read_secondary,"{""background_write_acknowledged"": true, ""reads"": [{""version"": 277, ""max_seen_before"": 276, ""violation"": false}, {""version"": 277, ""max_seen_before"": 277, ""violation"": false}]}"
20260919T070606Z_3811b539,278,normal,1789801572.185036,1789801572.2006474,15.372,0,15.372,pass,,read_secondary,"{""background_write_acknowledged"": true, ""reads"": [{""version"": 278, ""max_seen_before"": 277, ""violation"": false}, {""version"": 278, ""max_seen_before"": 278, ""violation"": false}]}"
20260919T070606Z_3811b539,279,normal,1789801572.2006474,1789801572.218017,17.852,0,17.852,pass,,read_secondary,"{""background_write_acknowledged"": true, ""reads"": [{""version"": 279, ""max_seen_before"": 278, ""violation"": false}, {""version"": 279, ""max_seen_before"": 279, ""violation"": false}]}"
20260919T070606Z_3811b539,280,normal,1789801572.219034,1789801572.235494,16.938,0,16.938,pass,,read_secondary,"{""background_write_acknowledged"": true, ""reads"": [{""version"": 280, ""max_seen_before"": 279, ""violation"": false}, {""version"": 280, ""max_seen_before"": 280, ""violation"": false}]}"
20260919T070606Z_3811b539,281,normal,1789801572.2361152,1789801572.2529314,17.063,0,17.063,pass,,read_secondary,"{""background_write_acknowledged"": true, ""reads"": [{""version"": 281, ""max_seen_before"": 280, ""violation"": false}, {""version"": 281, ""max_seen_before"": 281, ""violation"": false}]}"
20260919T070606Z_3811b539,282,normal,1789801572.2529314,1789801572.268881,15.896,0,15.896,pass,,read_secondary,"{""background_write_acknowledged"": true, ""reads"": [{""version"": 282, ""max_seen_before"": 281, ""violation"": false}, {""version"": 282, ""max_seen_before"": 282, ""violation"": false}]}"
20260919T070606Z_3811b539,283,normal,1789801572.268881,1789801572.285437,16.267,0,16.267,pass,,read_secondary,"{""background_write_acknowledged"": true, ""reads"": [{""version"": 283, ""max_seen_before"": 282, ""violation"": false}, {""version"": 283, ""max_seen_before"": 283, ""violation"": false}]}"
20260919T070606Z_3811b539,284,normal,1789801572.285437,1789801572.3007653,15.221,0,15.221,pass,,read_secondary,"{""background_write_acknowledged"": true, ""reads"": [{""version"": 284, ""max_seen_before"": 283, ""violation"": false}, {""version"": 284, ""max_seen_before"": 284, ""violation"": false}]}"
20260919T070606Z_3811b539,285,normal,1789801572.3007653,1789801572.3165007,15.4,0,15.4,pass,,read_secondary,"{""background_write_acknowledged"": true, ""reads"": [{""version"": 285, ""max_seen_before"": 284, ""violation"": false}, {""version"": 285, ""max_seen_before"": 285, ""violation"": false}]}"
20260919T070606Z_3811b539,286,normal,1789801572.3165007,1789801572.331423,15.041,0,15.041,pass,,read_secondary,"{""background_write_acknowledged"": true, ""reads"": [{""version"": 286, ""max_seen_before"": 285, ""violation"": false}, {""version"": 286, ""max_seen_before"": 286, ""violation"": false}]}"
20260919T070606Z_3811b539,287,normal,1789801572.331423,1789801572.349362,17.753,0,17.753,pass,,read_secondary,"{""background_write_acknowledged"": true, ""reads"": [{""version"": 287, ""max_seen_before"": 286, ""violation"": false}, {""version"": 287, ""max_seen_before"": 287, ""violation"": false}]}"
20260919T070606Z_3811b539,288,normal,1789801572.349362,1789801572.365896,15.998,0,15.998,pass,,read_secondary,"{""background_write_acknowledged"": true, ""reads"": [{""version"": 288, ""max_seen_before"": 287, ""violation"": false}, {""version"": 288, ""max_seen_before"": 288, ""violation"": false}]}"
20260919T070606Z_3811b539,289,normal,1789801572.365896,1789801572.3811219,15.558,0,15.558,pass,,read_secondary,"{""background_write_acknowledged"": true, ""reads"": [{""version"": 289, ""max_seen_before"": 288, ""violation"": false}, {""version"": 289, ""max_seen_before"": 289, ""violation"": false}]}"
20260919T070606Z_3811b539,290,normal,1789801572.381687,1789801572.3982637,16.786,0,16.786,pass,,read_secondary,"{""background_write_acknowledged"": true, ""reads"": [{""version"": 290, ""max_seen_before"": 289, ""violation"": false}, {""version"": 290, ""max_seen_before"": 290, ""violation"": false}]}"
20260919T070606Z_3811b539,291,normal,1789801572.3982637,1789801572.4155328,17.113,0,17.113,pass,,read_secondary,"{""background_write_acknowledged"": true, ""reads"": [{""version"": 291, ""max_seen_before"": 290, ""violation"": false}, {""version"": 291, ""max_seen_before"": 291, ""violation"": false}]}"
20260919T070606Z_3811b539,292,normal,1789801572.4155328,1789801572.432914,16.963,0,16.963,pass,,read_secondary,"{""background_write_acknowledged"": true, ""reads"": [{""version"": 292, ""max_seen_before"": 291, ""violation"": false}, {""version"": 292, ""max_seen_before"": 292, ""violation"": false}]}"
20260919T070606Z_3811b539,293,normal,1789801572.432914,1789801572.447733,14.707,0,14.707,pass,,read_secondary,"{""background_write_acknowledged"": true, ""reads"": [{""version"": 293, ""max_seen_before"": 292, ""violation"": false}, {""version"": 293, ""max_seen_before"": 293, ""violation"": false}]}"
20260919T070606Z_3811b539,294,normal,1789801572.447733,1789801572.4632568,15.858,0,15.858,pass,,read_secondary,"{""background_write_acknowledged"": true, ""reads"": [{""version"": 294, ""max_seen_before"": 293, ""violation"": false}, {""version"": 294, ""max_seen_before"": 294, ""violation"": false}]}"
20260919T070606Z_3811b539,295,normal,1789801572.4632568,1789801572.480319,16.597,0,16.597,pass,,read_secondary,"{""background_write_acknowledged"": true, ""reads"": [{""version"": 295, ""max_seen_before"": 294, ""violation"": false}, {""version"": 295, ""max_seen_before"": 295, ""violation"": false}]}"
20260919T070606Z_3811b539,296,normal,1789801572.480319,1789801572.495639,15.018,0,15.018,pass,,read_secondary,"{""background_write_acknowledged"": true, ""reads"": [{""version"": 296, ""max_seen_before"": 295, ""violation"": false}, {""version"": 296, ""max_seen_before"": 296, ""violation"": false}]}"
20260919T070606Z_3811b539,297,normal,1789801572.495639,1789801572.5117629,16.166,0,16.166,pass,,read_secondary,"{""background_write_acknowledged"": true, ""reads"": [{""version"": 297, ""max_seen_before"": 296, ""violation"": false}, {""version"": 297, ""max_seen_before"": 297, ""violation"": false}]}"
20260919T070606Z_3811b539,298,normal,1789801572.5117629,1789801572.52618,14.33,0,14.33,pass,,read_secondary,"{""background_write_acknowledged"": true, ""reads"": [{""version"": 298, ""max_seen_before"": 297, ""violation"": false}, {""version"": 298, ""max_seen_before"": 298, ""violation"": false}]}"
20260919T070606Z_3811b539,299,normal,1789801572.52618,1789801572.5424666,15.968,0,15.968,pass,,read_secondary,"{""background_write_acknowledged"": true, ""reads"": [{""version"": 299, ""max_seen_before"": 298, ""violation"": false}, {""version"": 299, ""max_seen_before"": 299, ""violation"": false}]}"
20260919T070606Z_3811b539,300,normal,1789801572.5424666,1789801572.5570974,14.774,0,14.774,pass,,read_secondary,"{""background_write_acknowledged"": true, ""reads"": [{""version"": 300, ""max_seen_before"": 299, ""violation"": false}, {""version"": 300, ""max_seen_before"": 300, ""violation"": false}]}"
20260919T070606Z_3811b539,301,normal,1789801572.5608695,1789801572.5777466,16.471,0,16.471,pass,,read_secondary,"{""background_write_acknowledged"": true, ""reads"": [{""version"": 301, ""max_seen_before"": 300, ""violation"": false}, {""version"": 301, ""max_seen_before"": 301, ""violation"": false}]}"
20260919T070606Z_3811b539,302,normal,1789801572.5777466,1789801572.5946817,16.652,0,16.652,pass,,read_secondary,"{""background_write_acknowledged"": true, ""reads"": [{""version"": 302, ""max_seen_before"": 301, ""violation"": false}, {""version"": 302, ""max_seen_before"": 302, ""violation"": false}]}"
20260919T070606Z_3811b539,303,normal,1789801572.5946817,1789801572.611204,16.624,0,16.624,pass,,read_secondary,"{""background_write_acknowledged"": true, ""reads"": [{""version"": 303, ""max_seen_before"": 302, ""violation"": false}, {""version"": 303, ""max_seen_before"": 303, ""violation"": false}]}"
20260919T070606Z_3811b539,304,normal,1789801572.611204,1789801572.627555,16.313,0,16.313,pass,,read_secondary,"{""background_write_acknowledged"": true, ""reads"": [{""version"": 304, ""max_seen_before"": 303, ""violation"": false}, {""version"": 304, ""max_seen_before"": 304, ""violation"": false}]}"
20260919T070606Z_3811b539,305,normal,1789801572.6281576,1789801572.6433501,15.198,0,15.198,pass,,read_secondary,"{""background_write_acknowledged"": true, ""reads"": [{""version"": 305, ""max_seen_before"": 304, ""violation"": false}, {""version"": 305, ""max_seen_before"": 305, ""violation"": false}]}"
20260919T070606Z_3811b539,306,normal,1789801572.6433501,1789801572.657683,14.383,0,14.383,pass,,read_secondary,"{""background_write_acknowledged"": true, ""reads"": [{""version"": 306, ""max_seen_before"": 305, ""violation"": false}, {""version"": 306, ""max_seen_before"": 306, ""violation"": false}]}"
20260919T070606Z_3811b539,307,normal,1789801572.657683,1789801572.6722205,14.718,0,14.718,pass,,read_secondary,"{""background_write_acknowledged"": true, ""reads"": [{""version"": 307, ""max_seen_before"": 306, ""violation"": false}, {""version"": 307, ""max_seen_before"": 307, ""violation"": false}]}"
20260919T070606Z_3811b539,308,normal,1789801572.6728945,1789801572.689061,16.399,0,16.399,pass,,read_secondary,"{""background_write_acknowledged"": true, ""reads"": [{""version"": 308, ""max_seen_before"": 307, ""violation"": false}, {""version"": 308, ""max_seen_before"": 308, ""violation"": false}]}"
20260919T070606Z_3811b539,309,normal,1789801572.689061,1789801572.7035933,14.503,0,14.503,pass,,read_secondary,"{""background_write_acknowledged"": true, ""reads"": [{""version"": 309, ""max_seen_before"": 308, ""violation"": false}, {""version"": 309, ""max_seen_before"": 309, ""violation"": false}]}"
20260919T070606Z_3811b539,310,normal,1789801572.7035933,1789801572.718035,14.321,0,14.321,pass,,read_secondary,"{""background_write_acknowledged"": true, ""reads"": [{""version"": 310, ""max_seen_before"": 309, ""violation"": false}, {""version"": 310, ""max_seen_before"": 310, ""violation"": false}]}"
20260919T070606Z_3811b539,311,normal,1789801572.718035,1789801572.7344224,16.247,0,16.247,pass,,read_secondary,"{""background_write_acknowledged"": true, ""reads"": [{""version"": 311, ""max_seen_before"": 310, ""violation"": false}, {""version"": 311, ""max_seen_before"": 311, ""violation"": false}]}"
20260919T070606Z_3811b539,312,normal,1789801572.7344224,1789801572.750048,15.279,0,15.279,pass,,read_secondary,"{""background_write_acknowledged"": true, ""reads"": [{""version"": 312, ""max_seen_before"": 311, ""violation"": false}, {""version"": 312, ""max_seen_before"": 312, ""violation"": false}]}"
20260919T070606Z_3811b539,313,normal,1789801572.750048,1789801572.766109,16.262,0,16.262,pass,,read_secondary,"{""background_write_acknowledged"": true, ""reads"": [{""version"": 313, ""max_seen_before"": 312, ""violation"": false}, {""version"": 313, ""max_seen_before"": 313, ""violation"": false}]}"
20260919T070606Z_3811b539,314,normal,1789801572.7667725,1789801572.7847333,18.081,0,18.081,pass,,read_secondary,"{""background_write_acknowledged"": true, ""reads"": [{""version"": 314, ""max_seen_before"": 313, ""violation"": false}, {""version"": 314, ""max_seen_before"": 314, ""violation"": false}]}"
20260919T070606Z_3811b539,315,normal,1789801572.7847333,1789801572.8004885,15.586,0,15.586,pass,,read_secondary,"{""background_write_acknowledged"": true, ""reads"": [{""version"": 315, ""max_seen_before"": 314, ""violation"": false}, {""version"": 315, ""max_seen_before"": 315, ""violation"": false}]}"
20260919T070606Z_3811b539,316,normal,1789801572.8004885,1789801572.8150396,14.507,0,14.507,pass,,read_secondary,"{""background_write_acknowledged"": true, ""reads"": [{""version"": 316, ""max_seen_before"": 315, ""violation"": false}, {""version"": 316, ""max_seen_before"": 316, ""violation"": false}]}"
20260919T070606Z_3811b539,317,normal,1789801572.8150396,1789801572.8309557,15.596,0,15.596,pass,,read_secondary,"{""background_write_acknowledged"": true, ""reads"": [{""version"": 317, ""max_seen_before"": 316, ""violation"": false}, {""version"": 317, ""max_seen_before"": 317, ""violation"": false}]}"
20260919T070606Z_3811b539,318,normal,1789801572.8309557,1789801572.8454847,14.574,0,14.574,pass,,read_secondary,"{""background_write_acknowledged"": true, ""reads"": [{""version"": 318, ""max_seen_before"": 317, ""violation"": false}, {""version"": 318, ""max_seen_before"": 318, ""violation"": false}]}"
20260919T070606Z_3811b539,319,normal,1789801572.8454847,1789801572.8601956,14.89,0,14.89,pass,,read_secondary,"{""background_write_acknowledged"": true, ""reads"": [{""version"": 319, ""max_seen_before"": 318, ""violation"": false}, {""version"": 319, ""max_seen_before"": 319, ""violation"": false}]}"
20260919T070606Z_3811b539,320,normal,1789801572.8607821,1789801572.8758707,15.065,0,15.065,pass,,read_secondary,"{""background_write_acknowledged"": true, ""reads"": [{""version"": 320, ""max_seen_before"": 319, ""violation"": false}, {""version"": 320, ""max_seen_before"": 320, ""violation"": false}]}"
20260919T070606Z_3811b539,321,normal,1789801572.8758707,1789801572.8912253,15.403,0,15.403,pass,,read_secondary,"{""background_write_acknowledged"": true, ""reads"": [{""version"": 321, ""max_seen_before"": 320, ""violation"": false}, {""version"": 321, ""max_seen_before"": 321, ""violation"": false}]}"
20260919T070606Z_3811b539,322,normal,1789801572.8912253,1789801572.9059727,15.38,0,15.38,pass,,read_secondary,"{""background_write_acknowledged"": true, ""reads"": [{""version"": 322, ""max_seen_before"": 321, ""violation"": false}, {""version"": 322, ""max_seen_before"": 322, ""violation"": false}]}"
20260919T070606Z_3811b539,323,normal,1789801572.906984,1789801572.921339,14.641,0,14.641,pass,,read_secondary,"{""background_write_acknowledged"": true, ""reads"": [{""version"": 323, ""max_seen_before"": 322, ""violation"": false}, {""version"": 323, ""max_seen_before"": 323, ""violation"": false}]}"
20260919T070606Z_3811b539,324,normal,1789801572.921339,1789801572.937163,15.472,0,15.472,pass,,read_secondary,"{""background_write_acknowledged"": true, ""reads"": [{""version"": 324, ""max_seen_before"": 323, ""violation"": false}, {""version"": 324, ""max_seen_before"": 324, ""violation"": false}]}"
20260919T070606Z_3811b539,325,normal,1789801572.937163,1789801572.9536448,16.131,0,16.131,pass,,read_secondary,"{""background_write_acknowledged"": true, ""reads"": [{""version"": 325, ""max_seen_before"": 324, ""violation"": false}, {""version"": 325, ""max_seen_before"": 325, ""violation"": false}]}"
20260919T070606Z_3811b539,326,normal,1789801572.9536448,1789801572.967697,14.03,0,14.03,pass,,read_secondary,"{""background_write_acknowledged"": true, ""reads"": [{""version"": 326, ""max_seen_before"": 325, ""violation"": false}, {""version"": 326, ""max_seen_before"": 326, ""violation"": false}]}"
20260919T070606Z_3811b539,327,normal,1789801572.967697,1789801572.9845219,17.005,0,17.005,pass,,read_secondary,"{""background_write_acknowledged"": true, ""reads"": [{""version"": 327, ""max_seen_before"": 326, ""violation"": false}, {""version"": 327, ""max_seen_before"": 327, ""violation"": false}]}"
20260919T070606Z_3811b539,328,normal,1789801572.9845219,1789801573.0003986,15.669,0,15.669,pass,,read_secondary,"{""background_write_acknowledged"": true, ""reads"": [{""version"": 328, ""max_seen_before"": 327, ""violation"": false}, {""version"": 328, ""max_seen_before"": 328, ""violation"": false}]}"
20260919T070606Z_3811b539,329,normal,1789801573.0003986,1789801573.0156336,14.789,0,14.789,pass,,read_secondary,"{""background_write_acknowledged"": true, ""reads"": [{""version"": 329, ""max_seen_before"": 328, ""violation"": false}, {""version"": 329, ""max_seen_before"": 329, ""violation"": false}]}"
20260919T070606Z_3811b539,330,normal,1789801573.0156336,1789801573.0288973,13.638,0,13.638,pass,,read_secondary,"{""background_write_acknowledged"": true, ""reads"": [{""version"": 330, ""max_seen_before"": 329, ""violation"": false}, {""version"": 330, ""max_seen_before"": 330, ""violation"": false}]}"
20260919T070606Z_3811b539,331,normal,1789801573.0294995,1789801573.0433803,14.187,0,14.187,pass,,read_secondary,"{""background_write_acknowledged"": true, ""reads"": [{""version"": 331, ""max_seen_before"": 330, ""violation"": false}, {""version"": 331, ""max_seen_before"": 331, ""violation"": false}]}"
20260919T070606Z_3811b539,332,normal,1789801573.0433803,1789801573.0589643,15.547,0,15.547,pass,,read_secondary,"{""background_write_acknowledged"": true, ""reads"": [{""version"": 332, ""max_seen_before"": 331, ""violation"": false}, {""version"": 332, ""max_seen_before"": 332, ""violation"": false}]}"
20260919T070606Z_3811b539,333,normal,1789801573.0595691,1789801573.0745752,14.895,0,14.895,pass,,read_secondary,"{""background_write_acknowledged"": true, ""reads"": [{""version"": 333, ""max_seen_before"": 332, ""violation"": false}, {""version"": 333, ""max_seen_before"": 333, ""violation"": false}]}"
20260919T070606Z_3811b539,334,normal,1789801573.0745752,1789801573.089757,15.468,0,15.468,pass,,read_secondary,"{""background_write_acknowledged"": true, ""reads"": [{""version"": 334, ""max_seen_before"": 333, ""violation"": false}, {""version"": 334, ""max_seen_before"": 334, ""violation"": false}]}"
20260919T070606Z_3811b539,335,normal,1789801573.089757,1789801573.1073108,17.393,0,17.393,pass,,read_secondary,"{""background_write_acknowledged"": true, ""reads"": [{""version"": 335, ""max_seen_before"": 334, ""violation"": false}, {""version"": 335, ""max_seen_before"": 335, ""violation"": false}]}"
20260919T070606Z_3811b539,336,normal,1789801573.1073108,1789801573.1230938,15.406,0,15.406,pass,,read_secondary,"{""background_write_acknowledged"": true, ""reads"": [{""version"": 336, ""max_seen_before"": 335, ""violation"": false}, {""version"": 336, ""max_seen_before"": 336, ""violation"": false}]}"
20260919T070606Z_3811b539,337,normal,1789801573.1230938,1789801573.1375718,14.458,0,14.458,pass,,read_secondary,"{""background_write_acknowledged"": true, ""reads"": [{""version"": 337, ""max_seen_before"": 336, ""violation"": false}, {""version"": 337, ""max_seen_before"": 337, ""violation"": false}]}"
20260919T070606Z_3811b539,338,normal,1789801573.1375718,1789801573.1532636,15.673,0,15.673,pass,,read_secondary,"{""background_write_acknowledged"": true, ""reads"": [{""version"": 338, ""max_seen_before"": 337, ""violation"": false}, {""version"": 338, ""max_seen_before"": 338, ""violation"": false}]}"
20260919T070606Z_3811b539,339,normal,1789801573.1539037,1789801573.1686656,14.976,0,14.976,pass,,read_secondary,"{""background_write_acknowledged"": true, ""reads"": [{""version"": 339, ""max_seen_before"": 338, ""violation"": false}, {""version"": 339, ""max_seen_before"": 339, ""violation"": false}]}"
20260919T070606Z_3811b539,340,normal,1789801573.1686656,1789801573.1845925,15.69,0,15.69,pass,,read_secondary,"{""background_write_acknowledged"": true, ""reads"": [{""version"": 340, ""max_seen_before"": 339, ""violation"": false}, {""version"": 340, ""max_seen_before"": 340, ""violation"": false}]}"
20260919T070606Z_3811b539,341,normal,1789801573.1845925,1789801573.1994069,15.013,0,15.013,pass,,read_secondary,"{""background_write_acknowledged"": true, ""reads"": [{""version"": 341, ""max_seen_before"": 340, ""violation"": false}, {""version"": 341, ""max_seen_before"": 341, ""violation"": false}]}"
20260919T070606Z_3811b539,342,normal,1789801573.1999931,1789801573.213404,13.374,0,13.374,pass,,read_secondary,"{""background_write_acknowledged"": true, ""reads"": [{""version"": 342, ""max_seen_before"": 341, ""violation"": false}, {""version"": 342, ""max_seen_before"": 342, ""violation"": false}]}"
20260919T070606Z_3811b539,343,normal,1789801573.213404,1789801573.2301724,17.002,0,17.002,pass,,read_secondary,"{""background_write_acknowledged"": true, ""reads"": [{""version"": 343, ""max_seen_before"": 342, ""violation"": false}, {""version"": 343, ""max_seen_before"": 343, ""violation"": false}]}"
20260919T070606Z_3811b539,344,normal,1789801573.2301724,1789801573.243659,13.556,0,13.556,pass,,read_secondary,"{""background_write_acknowledged"": true, ""reads"": [{""version"": 344, ""max_seen_before"": 343, ""violation"": false}, {""version"": 344, ""max_seen_before"": 344, ""violation"": false}]}"
20260919T070606Z_3811b539,345,normal,1789801573.244269,1789801573.2581577,14.422,0,14.422,pass,,read_secondary,"{""background_write_acknowledged"": true, ""reads"": [{""version"": 345, ""max_seen_before"": 344, ""violation"": false}, {""version"": 345, ""max_seen_before"": 345, ""violation"": false}]}"
20260919T070606Z_3811b539,346,normal,1789801573.2587876,1789801573.2732675,15.051,0,15.051,pass,,read_secondary,"{""background_write_acknowledged"": true, ""reads"": [{""version"": 346, ""max_seen_before"": 345, ""violation"": false}, {""version"": 346, ""max_seen_before"": 346, ""violation"": false}]}"
20260919T070606Z_3811b539,347,normal,1789801573.273892,1789801573.2885015,14.604,0,14.604,pass,,read_secondary,"{""background_write_acknowledged"": true, ""reads"": [{""version"": 347, ""max_seen_before"": 346, ""violation"": false}, {""version"": 347, ""max_seen_before"": 347, ""violation"": false}]}"
20260919T070606Z_3811b539,348,normal,1789801573.2885015,1789801573.3017032,13.465,0,13.465,pass,,read_secondary,"{""background_write_acknowledged"": true, ""reads"": [{""version"": 348, ""max_seen_before"": 347, ""violation"": false}, {""version"": 348, ""max_seen_before"": 348, ""violation"": false}]}"
20260919T070606Z_3811b539,349,normal,1789801573.3017032,1789801573.3157806,13.765,0,13.765,pass,,read_secondary,"{""background_write_acknowledged"": true, ""reads"": [{""version"": 349, ""max_seen_before"": 348, ""violation"": false}, {""version"": 349, ""max_seen_before"": 349, ""violation"": false}]}"
20260919T070606Z_3811b539,350,normal,1789801573.3157806,1789801573.330644,14.751,0,14.751,pass,,read_secondary,"{""background_write_acknowledged"": true, ""reads"": [{""version"": 350, ""max_seen_before"": 349, ""violation"": false}, {""version"": 350, ""max_seen_before"": 350, ""violation"": false}]}"
20260919T070606Z_3811b539,351,normal,1789801573.330644,1789801573.346564,15.947,0,15.947,pass,,read_secondary,"{""background_write_acknowledged"": true, ""reads"": [{""version"": 351, ""max_seen_before"": 350, ""violation"": false}, {""version"": 351, ""max_seen_before"": 351, ""violation"": false}]}"
20260919T070606Z_3811b539,352,normal,1789801573.3471565,1789801573.3609,14.126,0,14.126,pass,,read_secondary,"{""background_write_acknowledged"": true, ""reads"": [{""version"": 352, ""max_seen_before"": 351, ""violation"": false}, {""version"": 352, ""max_seen_before"": 352, ""violation"": false}]}"
20260919T070606Z_3811b539,353,normal,1789801573.3614845,1789801573.3764226,15.482,0,15.482,pass,,read_secondary,"{""background_write_acknowledged"": true, ""reads"": [{""version"": 353, ""max_seen_before"": 352, ""violation"": false}, {""version"": 353, ""max_seen_before"": 353, ""violation"": false}]}"
20260919T070606Z_3811b539,354,normal,1789801573.377003,1789801573.3919592,15.176,0,15.176,pass,,read_secondary,"{""background_write_acknowledged"": true, ""reads"": [{""version"": 354, ""max_seen_before"": 353, ""violation"": false}, {""version"": 354, ""max_seen_before"": 354, ""violation"": false}]}"
20260919T070606Z_3811b539,355,normal,1789801573.3919592,1789801573.408443,16.025,0,16.025,pass,,read_secondary,"{""background_write_acknowledged"": true, ""reads"": [{""version"": 355, ""max_seen_before"": 354, ""violation"": false}, {""version"": 355, ""max_seen_before"": 355, ""violation"": false}]}"
20260919T070606Z_3811b539,356,normal,1789801573.408443,1789801573.424195,15.875,0,15.875,pass,,read_secondary,"{""background_write_acknowledged"": true, ""reads"": [{""version"": 356, ""max_seen_before"": 355, ""violation"": false}, {""version"": 356, ""max_seen_before"": 356, ""violation"": false}]}"
20260919T070606Z_3811b539,357,normal,1789801573.424195,1789801573.4385102,14.304,0,14.304,pass,,read_secondary,"{""background_write_acknowledged"": true, ""reads"": [{""version"": 357, ""max_seen_before"": 356, ""violation"": false}, {""version"": 357, ""max_seen_before"": 357, ""violation"": false}]}"
20260919T070606Z_3811b539,358,normal,1789801573.4385102,1789801573.454383,15.595,0,15.595,pass,,read_secondary,"{""background_write_acknowledged"": true, ""reads"": [{""version"": 358, ""max_seen_before"": 357, ""violation"": false}, {""version"": 358, ""max_seen_before"": 358, ""violation"": false}]}"
20260919T070606Z_3811b539,359,normal,1789801573.454383,1789801573.472896,18.177,0,18.177,pass,,read_secondary,"{""background_write_acknowledged"": true, ""reads"": [{""version"": 359, ""max_seen_before"": 358, ""violation"": false}, {""version"": 359, ""max_seen_before"": 359, ""violation"": false}]}"
20260919T070606Z_3811b539,360,normal,1789801573.472896,1789801573.4878738,15.296,0,15.296,pass,,read_secondary,"{""background_write_acknowledged"": true, ""reads"": [{""version"": 360, ""max_seen_before"": 359, ""violation"": false}, {""version"": 360, ""max_seen_before"": 360, ""violation"": false}]}"
20260919T070606Z_3811b539,361,normal,1789801573.4878738,1789801573.5038412,15.974,0,15.974,pass,,read_secondary,"{""background_write_acknowledged"": true, ""reads"": [{""version"": 361, ""max_seen_before"": 360, ""violation"": false}, {""version"": 361, ""max_seen_before"": 361, ""violation"": false}]}"
20260919T070606Z_3811b539,362,normal,1789801573.5038412,1789801573.5200365,15.801,0,15.801,pass,,read_secondary,"{""background_write_acknowledged"": true, ""reads"": [{""version"": 362, ""max_seen_before"": 361, ""violation"": false}, {""version"": 362, ""max_seen_before"": 362, ""violation"": false}]}"
20260919T070606Z_3811b539,363,normal,1789801573.5200365,1789801573.5341358,14.162,0,14.162,pass,,read_secondary,"{""background_write_acknowledged"": true, ""reads"": [{""version"": 363, ""max_seen_before"": 362, ""violation"": false}, {""version"": 363, ""max_seen_before"": 363, ""violation"": false}]}"
20260919T070606Z_3811b539,364,normal,1789801573.5341358,1789801573.5486724,14.217,0,14.217,pass,,read_secondary,"{""background_write_acknowledged"": true, ""reads"": [{""version"": 364, ""max_seen_before"": 363, ""violation"": false}, {""version"": 364, ""max_seen_before"": 364, ""violation"": false}]}"
20260919T070606Z_3811b539,365,normal,1789801573.5486724,1789801573.5642345,15.566,0,15.566,pass,,read_secondary,"{""background_write_acknowledged"": true, ""reads"": [{""version"": 365, ""max_seen_before"": 364, ""violation"": false}, {""version"": 365, ""max_seen_before"": 365, ""violation"": false}]}"
20260919T070606Z_3811b539,366,normal,1789801573.5642345,1789801573.5793476,14.735,0,14.735,pass,,read_secondary,"{""background_write_acknowledged"": true, ""reads"": [{""version"": 366, ""max_seen_before"": 365, ""violation"": false}, {""version"": 366, ""max_seen_before"": 366, ""violation"": false}]}"
20260919T070606Z_3811b539,367,normal,1789801573.5793476,1789801573.5948343,15.231,0,15.231,pass,,read_secondary,"{""background_write_acknowledged"": true, ""reads"": [{""version"": 367, ""max_seen_before"": 366, ""violation"": false}, {""version"": 367, ""max_seen_before"": 367, ""violation"": false}]}"
20260919T070606Z_3811b539,368,normal,1789801573.5948343,1789801573.6101134,15.565,0,15.565,pass,,read_secondary,"{""background_write_acknowledged"": true, ""reads"": [{""version"": 368, ""max_seen_before"": 367, ""violation"": false}, {""version"": 368, ""max_seen_before"": 368, ""violation"": false}]}"
20260919T070606Z_3811b539,369,normal,1789801573.610681,1789801573.6240032,13.802,0,13.802,pass,,read_secondary,"{""background_write_acknowledged"": true, ""reads"": [{""version"": 369, ""max_seen_before"": 368, ""violation"": false}, {""version"": 369, ""max_seen_before"": 369, ""violation"": false}]}"
20260919T070606Z_3811b539,370,normal,1789801573.6240032,1789801573.639875,15.346,0,15.346,pass,,read_secondary,"{""background_write_acknowledged"": true, ""reads"": [{""version"": 370, ""max_seen_before"": 369, ""violation"": false}, {""version"": 370, ""max_seen_before"": 370, ""violation"": false}]}"
20260919T070606Z_3811b539,371,normal,1789801573.639875,1789801573.6544096,14.434,0,14.434,pass,,read_secondary,"{""background_write_acknowledged"": true, ""reads"": [{""version"": 371, ""max_seen_before"": 370, ""violation"": false}, {""version"": 371, ""max_seen_before"": 371, ""violation"": false}]}"
20260919T070606Z_3811b539,372,normal,1789801573.6544096,1789801573.6686738,14.22,0,14.22,pass,,read_secondary,"{""background_write_acknowledged"": true, ""reads"": [{""version"": 372, ""max_seen_before"": 371, ""violation"": false}, {""version"": 372, ""max_seen_before"": 372, ""violation"": false}]}"
20260919T070606Z_3811b539,373,normal,1789801573.6686738,1789801573.6835744,14.664,0,14.664,pass,,read_secondary,"{""background_write_acknowledged"": true, ""reads"": [{""version"": 373, ""max_seen_before"": 372, ""violation"": false}, {""version"": 373, ""max_seen_before"": 373, ""violation"": false}]}"
20260919T070606Z_3811b539,374,normal,1789801573.6835744,1789801573.6995418,16.167,0,16.167,pass,,read_secondary,"{""background_write_acknowledged"": true, ""reads"": [{""version"": 374, ""max_seen_before"": 373, ""violation"": false}, {""version"": 374, ""max_seen_before"": 374, ""violation"": false}]}"
20260919T070606Z_3811b539,375,normal,1789801573.6995418,1789801573.71749,17.509,0,17.509,pass,,read_secondary,"{""background_write_acknowledged"": true, ""reads"": [{""version"": 375, ""max_seen_before"": 374, ""violation"": false}, {""version"": 375, ""max_seen_before"": 375, ""violation"": false}]}"
20260919T070606Z_3811b539,376,normal,1789801573.71749,1789801573.731923,14.375,0,14.375,pass,,read_secondary,"{""background_write_acknowledged"": true, ""reads"": [{""version"": 376, ""max_seen_before"": 375, ""violation"": false}, {""version"": 376, ""max_seen_before"": 376, ""violation"": false}]}"
20260919T070606Z_3811b539,377,normal,1789801573.731923,1789801573.7455983,13.445,0,13.445,pass,,read_secondary,"{""background_write_acknowledged"": true, ""reads"": [{""version"": 377, ""max_seen_before"": 376, ""violation"": false}, {""version"": 377, ""max_seen_before"": 377, ""violation"": false}]}"
20260919T070606Z_3811b539,378,normal,1789801573.7455983,1789801573.7588892,13.074,0,13.074,pass,,read_secondary,"{""background_write_acknowledged"": true, ""reads"": [{""version"": 378, ""max_seen_before"": 377, ""violation"": false}, {""version"": 378, ""max_seen_before"": 378, ""violation"": false}]}"
20260919T070606Z_3811b539,379,normal,1789801573.7588892,1789801573.7729862,14.153,0,14.153,pass,,read_secondary,"{""background_write_acknowledged"": true, ""reads"": [{""version"": 379, ""max_seen_before"": 378, ""violation"": false}, {""version"": 379, ""max_seen_before"": 379, ""violation"": false}]}"
20260919T070606Z_3811b539,380,normal,1789801573.7729862,1789801573.787843,14.655,0,14.655,pass,,read_secondary,"{""background_write_acknowledged"": true, ""reads"": [{""version"": 380, ""max_seen_before"": 379, ""violation"": false}, {""version"": 380, ""max_seen_before"": 380, ""violation"": false}]}"
20260919T070606Z_3811b539,381,normal,1789801573.787843,1789801573.8007941,12.791,0,12.791,pass,,read_secondary,"{""background_write_acknowledged"": true, ""reads"": [{""version"": 381, ""max_seen_before"": 380, ""violation"": false}, {""version"": 381, ""max_seen_before"": 381, ""violation"": false}]}"
20260919T070606Z_3811b539,382,normal,1789801573.8007941,1789801573.8135843,13.004,0,13.004,pass,,read_secondary,"{""background_write_acknowledged"": true, ""reads"": [{""version"": 382, ""max_seen_before"": 381, ""violation"": false}, {""version"": 382, ""max_seen_before"": 382, ""violation"": false}]}"
20260919T070606Z_3811b539,383,normal,1789801573.8141992,1789801573.828521,14.457,0,14.457,pass,,read_secondary,"{""background_write_acknowledged"": true, ""reads"": [{""version"": 383, ""max_seen_before"": 382, ""violation"": false}, {""version"": 383, ""max_seen_before"": 383, ""violation"": false}]}"
20260919T070606Z_3811b539,384,normal,1789801573.828521,1789801573.8429766,14.191,0,14.191,pass,,read_secondary,"{""background_write_acknowledged"": true, ""reads"": [{""version"": 384, ""max_seen_before"": 383, ""violation"": false}, {""version"": 384, ""max_seen_before"": 384, ""violation"": false}]}"
20260919T070606Z_3811b539,385,normal,1789801573.8429766,1789801573.855995,12.96,0,12.96,pass,,read_secondary,"{""background_write_acknowledged"": true, ""reads"": [{""version"": 385, ""max_seen_before"": 384, ""violation"": false}, {""version"": 385, ""max_seen_before"": 385, ""violation"": false}]}"
20260919T070606Z_3811b539,386,normal,1789801573.855995,1789801573.8698518,13.979,0,13.979,pass,,read_secondary,"{""background_write_acknowledged"": true, ""reads"": [{""version"": 386, ""max_seen_before"": 385, ""violation"": false}, {""version"": 386, ""max_seen_before"": 386, ""violation"": false}]}"
20260919T070606Z_3811b539,387,normal,1789801573.8698518,1789801573.8837872,13.487,0,13.487,pass,,read_secondary,"{""background_write_acknowledged"": true, ""reads"": [{""version"": 387, ""max_seen_before"": 386, ""violation"": false}, {""version"": 387, ""max_seen_before"": 387, ""violation"": false}]}"
20260919T070606Z_3811b539,388,normal,1789801573.8837872,1789801573.8980572,14.504,0,14.504,pass,,read_secondary,"{""background_write_acknowledged"": true, ""reads"": [{""version"": 388, ""max_seen_before"": 387, ""violation"": false}, {""version"": 388, ""max_seen_before"": 388, ""violation"": false}]}"
20260919T070606Z_3811b539,389,normal,1789801573.89863,1789801573.912735,14.307,0,14.307,pass,,read_secondary,"{""background_write_acknowledged"": true, ""reads"": [{""version"": 389, ""max_seen_before"": 388, ""violation"": false}, {""version"": 389, ""max_seen_before"": 389, ""violation"": false}]}"
20260919T070606Z_3811b539,390,normal,1789801573.912735,1789801573.9279335,15.364,0,15.364,pass,,read_secondary,"{""background_write_acknowledged"": true, ""reads"": [{""version"": 390, ""max_seen_before"": 389, ""violation"": false}, {""version"": 390, ""max_seen_before"": 390, ""violation"": false}]}"
20260919T070606Z_3811b539,391,normal,1789801573.9285173,1789801573.9459732,17.836,0,17.836,pass,,read_secondary,"{""background_write_acknowledged"": true, ""reads"": [{""version"": 391, ""max_seen_before"": 390, ""violation"": false}, {""version"": 391, ""max_seen_before"": 391, ""violation"": false}]}"
20260919T070606Z_3811b539,392,normal,1789801573.9459732,1789801573.9604044,14.162,0,14.162,pass,,read_secondary,"{""background_write_acknowledged"": true, ""reads"": [{""version"": 392, ""max_seen_before"": 391, ""violation"": false}, {""version"": 392, ""max_seen_before"": 392, ""violation"": false}]}"
20260919T070606Z_3811b539,393,normal,1789801573.9604044,1789801573.9762466,15.773,0,15.773,pass,,read_secondary,"{""background_write_acknowledged"": true, ""reads"": [{""version"": 393, ""max_seen_before"": 392, ""violation"": false}, {""version"": 393, ""max_seen_before"": 393, ""violation"": false}]}"
20260919T070606Z_3811b539,394,normal,1789801573.9768212,1789801573.991149,14.678,0,14.678,pass,,read_secondary,"{""background_write_acknowledged"": true, ""reads"": [{""version"": 394, ""max_seen_before"": 393, ""violation"": false}, {""version"": 394, ""max_seen_before"": 394, ""violation"": false}]}"
20260919T070606Z_3811b539,395,normal,1789801573.991149,1789801574.0066066,15.012,0,15.012,pass,,read_secondary,"{""background_write_acknowledged"": true, ""reads"": [{""version"": 395, ""max_seen_before"": 394, ""violation"": false}, {""version"": 395, ""max_seen_before"": 395, ""violation"": false}]}"
20260919T070606Z_3811b539,396,normal,1789801574.0066066,1789801574.021358,14.52,0,14.52,pass,,read_secondary,"{""background_write_acknowledged"": true, ""reads"": [{""version"": 396, ""max_seen_before"": 395, ""violation"": false}, {""version"": 396, ""max_seen_before"": 396, ""violation"": false}]}"
20260919T070606Z_3811b539,397,normal,1789801574.021358,1789801574.035813,14.842,0,14.842,pass,,read_secondary,"{""background_write_acknowledged"": true, ""reads"": [{""version"": 397, ""max_seen_before"": 396, ""violation"": false}, {""version"": 397, ""max_seen_before"": 397, ""violation"": false}]}"
20260919T070606Z_3811b539,398,normal,1789801574.0364146,1789801574.0514183,15.162,0,15.162,pass,,read_secondary,"{""background_write_acknowledged"": true, ""reads"": [{""version"": 398, ""max_seen_before"": 397, ""violation"": false}, {""version"": 398, ""max_seen_before"": 398, ""violation"": false}]}"
20260919T070606Z_3811b539,399,normal,1789801574.0514183,1789801574.0662231,14.746,0,14.746,pass,,read_secondary,"{""background_write_acknowledged"": true, ""reads"": [{""version"": 399, ""max_seen_before"": 398, ""violation"": false}, {""version"": 399, ""max_seen_before"": 399, ""violation"": false}]}"
20260919T070606Z_3811b539,400,normal,1789801574.0662231,1789801574.082241,15.473,0,15.473,pass,,read_secondary,"{""background_write_acknowledged"": true, ""reads"": [{""version"": 400, ""max_seen_before"": 399, ""violation"": false}, {""version"": 400, ""max_seen_before"": 400, ""violation"": false}]}"
20260919T070606Z_3811b539,401,normal,1789801574.087511,1789801574.1027932,15.288,0,15.288,pass,,read_secondary,"{""background_write_acknowledged"": true, ""reads"": [{""version"": 401, ""max_seen_before"": 400, ""violation"": false}, {""version"": 401, ""max_seen_before"": 401, ""violation"": false}]}"
20260919T070606Z_3811b539,402,normal,1789801574.1027932,1789801574.1189098,16.481,0,16.481,pass,,read_secondary,"{""background_write_acknowledged"": true, ""reads"": [{""version"": 402, ""max_seen_before"": 401, ""violation"": false}, {""version"": 402, ""max_seen_before"": 402, ""violation"": false}]}"
20260919T070606Z_3811b539,403,normal,1789801574.119541,1789801574.1352484,15.841,0,15.841,pass,,read_secondary,"{""background_write_acknowledged"": true, ""reads"": [{""version"": 403, ""max_seen_before"": 402, ""violation"": false}, {""version"": 403, ""max_seen_before"": 403, ""violation"": false}]}"
20260919T070606Z_3811b539,404,normal,1789801574.1352484,1789801574.1521788,16.956,0,16.956,pass,,read_secondary,"{""background_write_acknowledged"": true, ""reads"": [{""version"": 404, ""max_seen_before"": 403, ""violation"": false}, {""version"": 404, ""max_seen_before"": 404, ""violation"": false}]}"
20260919T070606Z_3811b539,405,normal,1789801574.1521788,1789801574.168436,16.102,0,16.102,pass,,read_secondary,"{""background_write_acknowledged"": true, ""reads"": [{""version"": 405, ""max_seen_before"": 404, ""violation"": false}, {""version"": 405, ""max_seen_before"": 405, ""violation"": false}]}"
20260919T070606Z_3811b539,406,normal,1789801574.168436,1789801574.1853132,16.49,0,16.49,pass,,read_secondary,"{""background_write_acknowledged"": true, ""reads"": [{""version"": 406, ""max_seen_before"": 405, ""violation"": false}, {""version"": 406, ""max_seen_before"": 406, ""violation"": false}]}"
20260919T070606Z_3811b539,407,normal,1789801574.1853132,1789801574.2051637,19.879,0,19.879,pass,,read_secondary,"{""background_write_acknowledged"": true, ""reads"": [{""version"": 407, ""max_seen_before"": 406, ""violation"": false}, {""version"": 407, ""max_seen_before"": 407, ""violation"": false}]}"
20260919T070606Z_3811b539,408,normal,1789801574.2051637,1789801574.222923,17.755,0,17.755,pass,,read_secondary,"{""background_write_acknowledged"": true, ""reads"": [{""version"": 408, ""max_seen_before"": 407, ""violation"": false}, {""version"": 408, ""max_seen_before"": 408, ""violation"": false}]}"
20260919T070606Z_3811b539,409,normal,1789801574.223526,1789801574.2395618,15.978,0,15.978,pass,,read_secondary,"{""background_write_acknowledged"": true, ""reads"": [{""version"": 409, ""max_seen_before"": 408, ""violation"": false}, {""version"": 409, ""max_seen_before"": 409, ""violation"": false}]}"
20260919T070606Z_3811b539,410,normal,1789801574.2395618,1789801574.255212,15.995,0,15.995,pass,,read_secondary,"{""background_write_acknowledged"": true, ""reads"": [{""version"": 410, ""max_seen_before"": 409, ""violation"": false}, {""version"": 410, ""max_seen_before"": 410, ""violation"": false}]}"
20260919T070606Z_3811b539,411,normal,1789801574.255782,1789801574.2715757,16.202,0,16.202,pass,,read_secondary,"{""background_write_acknowledged"": true, ""reads"": [{""version"": 411, ""max_seen_before"": 410, ""violation"": false}, {""version"": 411, ""max_seen_before"": 411, ""violation"": false}]}"
20260919T070606Z_3811b539,412,normal,1789801574.2721744,1789801574.2892401,17.158,0,17.158,pass,,read_secondary,"{""background_write_acknowledged"": true, ""reads"": [{""version"": 412, ""max_seen_before"": 411, ""violation"": false}, {""version"": 412, ""max_seen_before"": 412, ""violation"": false}]}"
20260919T070606Z_3811b539,413,normal,1789801574.2892401,1789801574.3051894,16.118,0,16.118,pass,,read_secondary,"{""background_write_acknowledged"": true, ""reads"": [{""version"": 413, ""max_seen_before"": 412, ""violation"": false}, {""version"": 413, ""max_seen_before"": 413, ""violation"": false}]}"
20260919T070606Z_3811b539,414,normal,1789801574.3056986,1789801574.323046,17.712,0,17.712,pass,,read_secondary,"{""background_write_acknowledged"": true, ""reads"": [{""version"": 414, ""max_seen_before"": 413, ""violation"": false}, {""version"": 414, ""max_seen_before"": 414, ""violation"": false}]}"
20260919T070606Z_3811b539,415,normal,1789801574.323629,1789801574.3409996,18.03,0,18.03,pass,,read_secondary,"{""background_write_acknowledged"": true, ""reads"": [{""version"": 415, ""max_seen_before"": 414, ""violation"": false}, {""version"": 415, ""max_seen_before"": 415, ""violation"": false}]}"
20260919T070606Z_3811b539,416,normal,1789801574.3409996,1789801574.3593607,18.048,0,18.048,pass,,read_secondary,"{""background_write_acknowledged"": true, ""reads"": [{""version"": 416, ""max_seen_before"": 415, ""violation"": false}, {""version"": 416, ""max_seen_before"": 416, ""violation"": false}]}"
20260919T070606Z_3811b539,417,normal,1789801574.3601084,1789801574.3781788,18.161,0,18.161,pass,,read_secondary,"{""background_write_acknowledged"": true, ""reads"": [{""version"": 417, ""max_seen_before"": 416, ""violation"": false}, {""version"": 417, ""max_seen_before"": 417, ""violation"": false}]}"
20260919T070606Z_3811b539,418,normal,1789801574.3781788,1789801574.3963935,18.015,0,18.015,pass,,read_secondary,"{""background_write_acknowledged"": true, ""reads"": [{""version"": 418, ""max_seen_before"": 417, ""violation"": false}, {""version"": 418, ""max_seen_before"": 418, ""violation"": false}]}"
20260919T070606Z_3811b539,419,normal,1789801574.3963935,1789801574.415439,19.264,0,19.264,pass,,read_secondary,"{""background_write_acknowledged"": true, ""reads"": [{""version"": 419, ""max_seen_before"": 418, ""violation"": false}, {""version"": 419, ""max_seen_before"": 419, ""violation"": false}]}"
20260919T070606Z_3811b539,420,normal,1789801574.4160016,1789801574.4349873,19.228,0,19.228,pass,,read_secondary,"{""background_write_acknowledged"": true, ""reads"": [{""version"": 420, ""max_seen_before"": 419, ""violation"": false}, {""version"": 420, ""max_seen_before"": 420, ""violation"": false}]}"
20260919T070606Z_3811b539,421,normal,1789801574.4355767,1789801574.454017,18.555,0,18.555,pass,,read_secondary,"{""background_write_acknowledged"": true, ""reads"": [{""version"": 421, ""max_seen_before"": 420, ""violation"": false}, {""version"": 421, ""max_seen_before"": 421, ""violation"": false}]}"
20260919T070606Z_3811b539,422,normal,1789801574.454017,1789801574.4720607,18.145,0,18.145,pass,,read_secondary,"{""background_write_acknowledged"": true, ""reads"": [{""version"": 422, ""max_seen_before"": 421, ""violation"": false}, {""version"": 422, ""max_seen_before"": 422, ""violation"": false}]}"
20260919T070606Z_3811b539,423,normal,1789801574.4726498,1789801574.492167,19.915,0,19.915,pass,,read_secondary,"{""background_write_acknowledged"": true, ""reads"": [{""version"": 423, ""max_seen_before"": 422, ""violation"": false}, {""version"": 423, ""max_seen_before"": 423, ""violation"": false}]}"
20260919T070606Z_3811b539,424,normal,1789801574.492167,1789801574.5081758,15.735,0,15.735,pass,,read_secondary,"{""background_write_acknowledged"": true, ""reads"": [{""version"": 424, ""max_seen_before"": 423, ""violation"": false}, {""version"": 424, ""max_seen_before"": 424, ""violation"": false}]}"
20260919T070606Z_3811b539,425,normal,1789801574.5081758,1789801574.5260298,17.871,0,17.871,pass,,read_secondary,"{""background_write_acknowledged"": true, ""reads"": [{""version"": 425, ""max_seen_before"": 424, ""violation"": false}, {""version"": 425, ""max_seen_before"": 425, ""violation"": false}]}"
20260919T070606Z_3811b539,426,normal,1789801574.526546,1789801574.5427127,16.13,0,16.13,pass,,read_secondary,"{""background_write_acknowledged"": true, ""reads"": [{""version"": 426, ""max_seen_before"": 425, ""violation"": false}, {""version"": 426, ""max_seen_before"": 426, ""violation"": false}]}"
20260919T070606Z_3811b539,427,normal,1789801574.5427127,1789801574.559294,16.299,0,16.299,pass,,read_secondary,"{""background_write_acknowledged"": true, ""reads"": [{""version"": 427, ""max_seen_before"": 426, ""violation"": false}, {""version"": 427, ""max_seen_before"": 427, ""violation"": false}]}"
20260919T070606Z_3811b539,428,normal,1789801574.559294,1789801574.5754092,16.443,0,16.443,pass,,read_secondary,"{""background_write_acknowledged"": true, ""reads"": [{""version"": 428, ""max_seen_before"": 427, ""violation"": false}, {""version"": 428, ""max_seen_before"": 428, ""violation"": false}]}"
20260919T070606Z_3811b539,429,normal,1789801574.5759928,1789801574.5924804,16.702,0,16.702,pass,,read_secondary,"{""background_write_acknowledged"": true, ""reads"": [{""version"": 429, ""max_seen_before"": 428, ""violation"": false}, {""version"": 429, ""max_seen_before"": 429, ""violation"": false}]}"
20260919T070606Z_3811b539,430,normal,1789801574.5924804,1789801574.6103687,17.413,0,17.413,pass,,read_secondary,"{""background_write_acknowledged"": true, ""reads"": [{""version"": 430, ""max_seen_before"": 429, ""violation"": false}, {""version"": 430, ""max_seen_before"": 430, ""violation"": false}]}"
20260919T070606Z_3811b539,431,normal,1789801574.6103687,1789801574.6298294,19.368,0,19.368,pass,,read_secondary,"{""background_write_acknowledged"": true, ""reads"": [{""version"": 431, ""max_seen_before"": 430, ""violation"": false}, {""version"": 431, ""max_seen_before"": 431, ""violation"": false}]}"
20260919T070606Z_3811b539,432,normal,1789801574.6298294,1789801574.647071,17.136,0,17.136,pass,,read_secondary,"{""background_write_acknowledged"": true, ""reads"": [{""version"": 432, ""max_seen_before"": 431, ""violation"": false}, {""version"": 432, ""max_seen_before"": 432, ""violation"": false}]}"
20260919T070606Z_3811b539,433,normal,1789801574.647071,1789801574.6647985,17.76,0,17.76,pass,,read_secondary,"{""background_write_acknowledged"": true, ""reads"": [{""version"": 433, ""max_seen_before"": 432, ""violation"": false}, {""version"": 433, ""max_seen_before"": 433, ""violation"": false}]}"
20260919T070606Z_3811b539,434,normal,1789801574.6653092,1789801574.6815817,16.252,0,16.252,pass,,read_secondary,"{""background_write_acknowledged"": true, ""reads"": [{""version"": 434, ""max_seen_before"": 433, ""violation"": false}, {""version"": 434, ""max_seen_before"": 434, ""violation"": false}]}"
20260919T070606Z_3811b539,435,normal,1789801574.6815817,1789801574.6974568,15.974,0,15.974,pass,,read_secondary,"{""background_write_acknowledged"": true, ""reads"": [{""version"": 435, ""max_seen_before"": 434, ""violation"": false}, {""version"": 435, ""max_seen_before"": 435, ""violation"": false}]}"
20260919T070606Z_3811b539,436,normal,1789801574.6974568,1789801574.7151005,17.471,0,17.471,pass,,read_secondary,"{""background_write_acknowledged"": true, ""reads"": [{""version"": 436, ""max_seen_before"": 435, ""violation"": false}, {""version"": 436, ""max_seen_before"": 436, ""violation"": false}]}"
20260919T070606Z_3811b539,437,normal,1789801574.7151005,1789801574.7322438,16.613,0,16.613,pass,,read_secondary,"{""background_write_acknowledged"": true, ""reads"": [{""version"": 437, ""max_seen_before"": 436, ""violation"": false}, {""version"": 437, ""max_seen_before"": 437, ""violation"": false}]}"
20260919T070606Z_3811b539,438,normal,1789801574.7322438,1789801574.7496696,17.993,0,17.993,pass,,read_secondary,"{""background_write_acknowledged"": true, ""reads"": [{""version"": 438, ""max_seen_before"": 437, ""violation"": false}, {""version"": 438, ""max_seen_before"": 438, ""violation"": false}]}"
20260919T070606Z_3811b539,439,normal,1789801574.7504177,1789801574.769711,19.447,0,19.447,pass,,read_secondary,"{""background_write_acknowledged"": true, ""reads"": [{""version"": 439, ""max_seen_before"": 438, ""violation"": false}, {""version"": 439, ""max_seen_before"": 439, ""violation"": false}]}"
20260919T070606Z_3811b539,440,normal,1789801574.769711,1789801574.787296,17.109,0,17.109,pass,,read_secondary,"{""background_write_acknowledged"": true, ""reads"": [{""version"": 440, ""max_seen_before"": 439, ""violation"": false}, {""version"": 440, ""max_seen_before"": 440, ""violation"": false}]}"
20260919T070606Z_3811b539,441,normal,1789801574.787296,1789801574.805534,18.114,0,18.114,pass,,read_secondary,"{""background_write_acknowledged"": true, ""reads"": [{""version"": 441, ""max_seen_before"": 440, ""violation"": false}, {""version"": 441, ""max_seen_before"": 441, ""violation"": false}]}"
20260919T070606Z_3811b539,442,normal,1789801574.805534,1789801574.822531,16.857,0,16.857,pass,,read_secondary,"{""background_write_acknowledged"": true, ""reads"": [{""version"": 442, ""max_seen_before"": 441, ""violation"": false}, {""version"": 442, ""max_seen_before"": 442, ""violation"": false}]}"
20260919T070606Z_3811b539,443,normal,1789801574.822531,1789801574.8391354,16.58,0,16.58,pass,,read_secondary,"{""background_write_acknowledged"": true, ""reads"": [{""version"": 443, ""max_seen_before"": 442, ""violation"": false}, {""version"": 443, ""max_seen_before"": 443, ""violation"": false}]}"
20260919T070606Z_3811b539,444,normal,1789801574.8391354,1789801574.854972,15.906,0,15.906,pass,,read_secondary,"{""background_write_acknowledged"": true, ""reads"": [{""version"": 444, ""max_seen_before"": 443, ""violation"": false}, {""version"": 444, ""max_seen_before"": 444, ""violation"": false}]}"
20260919T070606Z_3811b539,445,normal,1789801574.8555987,1789801574.8723755,16.833,0,16.833,pass,,read_secondary,"{""background_write_acknowledged"": true, ""reads"": [{""version"": 445, ""max_seen_before"": 444, ""violation"": false}, {""version"": 445, ""max_seen_before"": 445, ""violation"": false}]}"
20260919T070606Z_3811b539,446,normal,1789801574.8723755,1789801574.8887265,16.236,0,16.236,pass,,read_secondary,"{""background_write_acknowledged"": true, ""reads"": [{""version"": 446, ""max_seen_before"": 445, ""violation"": false}, {""version"": 446, ""max_seen_before"": 446, ""violation"": false}]}"
20260919T070606Z_3811b539,447,normal,1789801574.8887265,1789801574.9057498,16.628,0,16.628,pass,,read_secondary,"{""background_write_acknowledged"": true, ""reads"": [{""version"": 447, ""max_seen_before"": 446, ""violation"": false}, {""version"": 447, ""max_seen_before"": 447, ""violation"": false}]}"
20260919T070606Z_3811b539,448,normal,1789801574.9057498,1789801574.9218316,16.408,0,16.408,pass,,read_secondary,"{""background_write_acknowledged"": true, ""reads"": [{""version"": 448, ""max_seen_before"": 447, ""violation"": false}, {""version"": 448, ""max_seen_before"": 448, ""violation"": false}]}"
20260919T070606Z_3811b539,449,normal,1789801574.922468,1789801574.9386978,16.655,0,16.655,pass,,read_secondary,"{""background_write_acknowledged"": true, ""reads"": [{""version"": 449, ""max_seen_before"": 448, ""violation"": false}, {""version"": 449, ""max_seen_before"": 449, ""violation"": false}]}"
20260919T070606Z_3811b539,450,normal,1789801574.9386978,1789801574.9551532,16.225,0,16.225,pass,,read_secondary,"{""background_write_acknowledged"": true, ""reads"": [{""version"": 450, ""max_seen_before"": 449, ""violation"": false}, {""version"": 450, ""max_seen_before"": 450, ""violation"": false}]}"
20260919T070606Z_3811b539,451,normal,1789801574.9551532,1789801574.972738,17.5,0,17.5,pass,,read_secondary,"{""background_write_acknowledged"": true, ""reads"": [{""version"": 451, ""max_seen_before"": 450, ""violation"": false}, {""version"": 451, ""max_seen_before"": 451, ""violation"": false}]}"
20260919T070606Z_3811b539,452,normal,1789801574.972738,1789801574.9890888,15.853,0,15.853,pass,,read_secondary,"{""background_write_acknowledged"": true, ""reads"": [{""version"": 452, ""max_seen_before"": 451, ""violation"": false}, {""version"": 452, ""max_seen_before"": 452, ""violation"": false}]}"
20260919T070606Z_3811b539,453,normal,1789801574.9890888,1789801575.0046923,15.447,0,15.447,pass,,read_secondary,"{""background_write_acknowledged"": true, ""reads"": [{""version"": 453, ""max_seen_before"": 452, ""violation"": false}, {""version"": 453, ""max_seen_before"": 453, ""violation"": false}]}"
20260919T070606Z_3811b539,454,normal,1789801575.0046923,1789801575.0215409,16.79,0,16.79,pass,,read_secondary,"{""background_write_acknowledged"": true, ""reads"": [{""version"": 454, ""max_seen_before"": 453, ""violation"": false}, {""version"": 454, ""max_seen_before"": 454, ""violation"": false}]}"
20260919T070606Z_3811b539,455,normal,1789801575.0215409,1789801575.0393946,17.669,0,17.669,pass,,read_secondary,"{""background_write_acknowledged"": true, ""reads"": [{""version"": 455, ""max_seen_before"": 454, ""violation"": false}, {""version"": 455, ""max_seen_before"": 455, ""violation"": false}]}"
20260919T070606Z_3811b539,456,normal,1789801575.0393946,1789801575.0562568,16.837,0,16.837,pass,,read_secondary,"{""background_write_acknowledged"": true, ""reads"": [{""version"": 456, ""max_seen_before"": 455, ""violation"": false}, {""version"": 456, ""max_seen_before"": 456, ""violation"": false}]}"
20260919T070606Z_3811b539,457,normal,1789801575.0562568,1789801575.0735068,17.425,0,17.425,pass,,read_secondary,"{""background_write_acknowledged"": true, ""reads"": [{""version"": 457, ""max_seen_before"": 456, ""violation"": false}, {""version"": 457, ""max_seen_before"": 457, ""violation"": false}]}"
20260919T070606Z_3811b539,458,normal,1789801575.0741308,1789801575.0886128,14.881,0,14.881,pass,,read_secondary,"{""background_write_acknowledged"": true, ""reads"": [{""version"": 458, ""max_seen_before"": 457, ""violation"": false}, {""version"": 458, ""max_seen_before"": 458, ""violation"": false}]}"
20260919T070606Z_3811b539,459,normal,1789801575.0892227,1789801575.1065252,17.718,0,17.718,pass,,read_secondary,"{""background_write_acknowledged"": true, ""reads"": [{""version"": 459, ""max_seen_before"": 458, ""violation"": false}, {""version"": 459, ""max_seen_before"": 459, ""violation"": false}]}"
20260919T070606Z_3811b539,460,normal,1789801575.1065252,1789801575.1239069,17.074,0,17.074,pass,,read_secondary,"{""background_write_acknowledged"": true, ""reads"": [{""version"": 460, ""max_seen_before"": 459, ""violation"": false}, {""version"": 460, ""max_seen_before"": 460, ""violation"": false}]}"
20260919T070606Z_3811b539,461,normal,1789801575.1239069,1789801575.1401885,16.528,0,16.528,pass,,read_secondary,"{""background_write_acknowledged"": true, ""reads"": [{""version"": 461, ""max_seen_before"": 460, ""violation"": false}, {""version"": 461, ""max_seen_before"": 461, ""violation"": false}]}"
20260919T070606Z_3811b539,462,normal,1789801575.1408558,1789801575.1578739,17.194,0,17.194,pass,,read_secondary,"{""background_write_acknowledged"": true, ""reads"": [{""version"": 462, ""max_seen_before"": 461, ""violation"": false}, {""version"": 462, ""max_seen_before"": 462, ""violation"": false}]}"
20260919T070606Z_3811b539,463,normal,1789801575.1578739,1789801575.174347,16.503,0,16.503,pass,,read_secondary,"{""background_write_acknowledged"": true, ""reads"": [{""version"": 463, ""max_seen_before"": 462, ""violation"": false}, {""version"": 463, ""max_seen_before"": 463, ""violation"": false}]}"
20260919T070606Z_3811b539,464,normal,1789801575.174347,1789801575.1936638,19.239,0,19.239,pass,,read_secondary,"{""background_write_acknowledged"": true, ""reads"": [{""version"": 464, ""max_seen_before"": 463, ""violation"": false}, {""version"": 464, ""max_seen_before"": 464, ""violation"": false}]}"
20260919T070606Z_3811b539,465,normal,1789801575.1942565,1789801575.2116196,17.353,0,17.353,pass,,read_secondary,"{""background_write_acknowledged"": true, ""reads"": [{""version"": 465, ""max_seen_before"": 464, ""violation"": false}, {""version"": 465, ""max_seen_before"": 465, ""violation"": false}]}"
20260919T070606Z_3811b539,466,normal,1789801575.2116196,1789801575.2297113,17.927,0,17.927,pass,,read_secondary,"{""background_write_acknowledged"": true, ""reads"": [{""version"": 466, ""max_seen_before"": 465, ""violation"": false}, {""version"": 466, ""max_seen_before"": 466, ""violation"": false}]}"
20260919T070606Z_3811b539,467,normal,1789801575.2297113,1789801575.245577,16.071,0,16.071,pass,,read_secondary,"{""background_write_acknowledged"": true, ""reads"": [{""version"": 467, ""max_seen_before"": 466, ""violation"": false}, {""version"": 467, ""max_seen_before"": 467, ""violation"": false}]}"
20260919T070606Z_3811b539,468,normal,1789801575.246181,1789801575.2624602,16.65,0,16.65,pass,,read_secondary,"{""background_write_acknowledged"": true, ""reads"": [{""version"": 468, ""max_seen_before"": 467, ""violation"": false}, {""version"": 468, ""max_seen_before"": 468, ""violation"": false}]}"
20260919T070606Z_3811b539,469,normal,1789801575.2624602,1789801575.2790685,16.462,0,16.462,pass,,read_secondary,"{""background_write_acknowledged"": true, ""reads"": [{""version"": 469, ""max_seen_before"": 468, ""violation"": false}, {""version"": 469, ""max_seen_before"": 469, ""violation"": false}]}"
20260919T070606Z_3811b539,470,normal,1789801575.2790685,1789801575.2959542,16.422,0,16.422,pass,,read_secondary,"{""background_write_acknowledged"": true, ""reads"": [{""version"": 470, ""max_seen_before"": 469, ""violation"": false}, {""version"": 470, ""max_seen_before"": 470, ""violation"": false}]}"
20260919T070606Z_3811b539,471,normal,1789801575.2959542,1789801575.3138883,18.022,0,18.022,pass,,read_secondary,"{""background_write_acknowledged"": true, ""reads"": [{""version"": 471, ""max_seen_before"": 470, ""violation"": false}, {""version"": 471, ""max_seen_before"": 471, ""violation"": false}]}"
20260919T070606Z_3811b539,472,normal,1789801575.3138883,1789801575.3303447,16.459,0,16.459,pass,,read_secondary,"{""background_write_acknowledged"": true, ""reads"": [{""version"": 472, ""max_seen_before"": 471, ""violation"": false}, {""version"": 472, ""max_seen_before"": 472, ""violation"": false}]}"
20260919T070606Z_3811b539,473,normal,1789801575.330948,1789801575.3464177,15.944,0,15.944,pass,,read_secondary,"{""background_write_acknowledged"": true, ""reads"": [{""version"": 473, ""max_seen_before"": 472, ""violation"": false}, {""version"": 473, ""max_seen_before"": 473, ""violation"": false}]}"
20260919T070606Z_3811b539,474,normal,1789801575.347021,1789801575.363764,16.833,0,16.833,pass,,read_secondary,"{""background_write_acknowledged"": true, ""reads"": [{""version"": 474, ""max_seen_before"": 473, ""violation"": false}, {""version"": 474, ""max_seen_before"": 474, ""violation"": false}]}"
20260919T070606Z_3811b539,475,normal,1789801575.363764,1789801575.3797219,16.007,0,16.007,pass,,read_secondary,"{""background_write_acknowledged"": true, ""reads"": [{""version"": 475, ""max_seen_before"": 474, ""violation"": false}, {""version"": 475, ""max_seen_before"": 475, ""violation"": false}]}"
20260919T070606Z_3811b539,476,normal,1789801575.3797219,1789801575.3961036,16.208,0,16.208,pass,,read_secondary,"{""background_write_acknowledged"": true, ""reads"": [{""version"": 476, ""max_seen_before"": 475, ""violation"": false}, {""version"": 476, ""max_seen_before"": 476, ""violation"": false}]}"
20260919T070606Z_3811b539,477,normal,1789801575.3961036,1789801575.4123714,16.122,0,16.122,pass,,read_secondary,"{""background_write_acknowledged"": true, ""reads"": [{""version"": 477, ""max_seen_before"": 476, ""violation"": false}, {""version"": 477, ""max_seen_before"": 477, ""violation"": false}]}"
20260919T070606Z_3811b539,478,normal,1789801575.4123714,1789801575.4289165,16.7,0,16.7,pass,,read_secondary,"{""background_write_acknowledged"": true, ""reads"": [{""version"": 478, ""max_seen_before"": 477, ""violation"": false}, {""version"": 478, ""max_seen_before"": 478, ""violation"": false}]}"
20260919T070606Z_3811b539,479,normal,1789801575.4295287,1789801575.4454765,15.84,0,15.84,pass,,read_secondary,"{""background_write_acknowledged"": true, ""reads"": [{""version"": 479, ""max_seen_before"": 478, ""violation"": false}, {""version"": 479, ""max_seen_before"": 479, ""violation"": false}]}"
20260919T070606Z_3811b539,480,normal,1789801575.4454765,1789801575.4605973,15.424,0,15.424,pass,,read_secondary,"{""background_write_acknowledged"": true, ""reads"": [{""version"": 480, ""max_seen_before"": 479, ""violation"": false}, {""version"": 480, ""max_seen_before"": 480, ""violation"": false}]}"
20260919T070606Z_3811b539,481,normal,1789801575.4605973,1789801575.4768438,16.268,0,16.268,pass,,read_secondary,"{""background_write_acknowledged"": true, ""reads"": [{""version"": 481, ""max_seen_before"": 480, ""violation"": false}, {""version"": 481, ""max_seen_before"": 481, ""violation"": false}]}"
20260919T070606Z_3811b539,482,normal,1789801575.4774804,1789801575.4926875,15.176,0,15.176,pass,,read_secondary,"{""background_write_acknowledged"": true, ""reads"": [{""version"": 482, ""max_seen_before"": 481, ""violation"": false}, {""version"": 482, ""max_seen_before"": 482, ""violation"": false}]}"
20260919T070606Z_3811b539,483,normal,1789801575.4926875,1789801575.5094252,16.849,0,16.849,pass,,read_secondary,"{""background_write_acknowledged"": true, ""reads"": [{""version"": 483, ""max_seen_before"": 482, ""violation"": false}, {""version"": 483, ""max_seen_before"": 483, ""violation"": false}]}"
20260919T070606Z_3811b539,484,normal,1789801575.5094252,1789801575.5248644,14.981,0,14.981,pass,,read_secondary,"{""background_write_acknowledged"": true, ""reads"": [{""version"": 484, ""max_seen_before"": 483, ""violation"": false}, {""version"": 484, ""max_seen_before"": 484, ""violation"": false}]}"
20260919T070606Z_3811b539,485,normal,1789801575.5248644,1789801575.5412526,16.243,0,16.243,pass,,read_secondary,"{""background_write_acknowledged"": true, ""reads"": [{""version"": 485, ""max_seen_before"": 484, ""violation"": false}, {""version"": 485, ""max_seen_before"": 485, ""violation"": false}]}"
20260919T070606Z_3811b539,486,normal,1789801575.5412526,1789801575.5575662,16.365,0,16.365,pass,,read_secondary,"{""background_write_acknowledged"": true, ""reads"": [{""version"": 486, ""max_seen_before"": 485, ""violation"": false}, {""version"": 486, ""max_seen_before"": 486, ""violation"": false}]}"
20260919T070606Z_3811b539,487,normal,1789801575.5575662,1789801575.5768325,19.016,0,19.016,pass,,read_secondary,"{""background_write_acknowledged"": true, ""reads"": [{""version"": 487, ""max_seen_before"": 486, ""violation"": false}, {""version"": 487, ""max_seen_before"": 487, ""violation"": false}]}"
20260919T070606Z_3811b539,488,normal,1789801575.5768325,1789801575.5935538,16.911,0,16.911,pass,,read_secondary,"{""background_write_acknowledged"": true, ""reads"": [{""version"": 488, ""max_seen_before"": 487, ""violation"": false}, {""version"": 488, ""max_seen_before"": 488, ""violation"": false}]}"
20260919T070606Z_3811b539,489,normal,1789801575.594154,1789801575.611851,17.863,0,17.863,pass,,read_secondary,"{""background_write_acknowledged"": true, ""reads"": [{""version"": 489, ""max_seen_before"": 488, ""violation"": false}, {""version"": 489, ""max_seen_before"": 489, ""violation"": false}]}"
20260919T070606Z_3811b539,490,normal,1789801575.611851,1789801575.6266484,14.517,0,14.517,pass,,read_secondary,"{""background_write_acknowledged"": true, ""reads"": [{""version"": 490, ""max_seen_before"": 489, ""violation"": false}, {""version"": 490, ""max_seen_before"": 490, ""violation"": false}]}"
20260919T070606Z_3811b539,491,normal,1789801575.6266484,1789801575.6444204,17.646,0,17.646,pass,,read_secondary,"{""background_write_acknowledged"": true, ""reads"": [{""version"": 491, ""max_seen_before"": 490, ""violation"": false}, {""version"": 491, ""max_seen_before"": 491, ""violation"": false}]}"
20260919T070606Z_3811b539,492,normal,1789801575.6444204,1789801575.6589575,14.778,0,14.778,pass,,read_secondary,"{""background_write_acknowledged"": true, ""reads"": [{""version"": 492, ""max_seen_before"": 491, ""violation"": false}, {""version"": 492, ""max_seen_before"": 492, ""violation"": false}]}"
20260919T070606Z_3811b539,493,normal,1789801575.6589575,1789801575.6748662,15.765,0,15.765,pass,,read_secondary,"{""background_write_acknowledged"": true, ""reads"": [{""version"": 493, ""max_seen_before"": 492, ""violation"": false}, {""version"": 493, ""max_seen_before"": 493, ""violation"": false}]}"
20260919T070606Z_3811b539,494,normal,1789801575.6748662,1789801575.690751,15.651,0,15.651,pass,,read_secondary,"{""background_write_acknowledged"": true, ""reads"": [{""version"": 494, ""max_seen_before"": 493, ""violation"": false}, {""version"": 494, ""max_seen_before"": 494, ""violation"": false}]}"
20260919T070606Z_3811b539,495,normal,1789801575.690751,1789801575.706059,14.959,0,14.959,pass,,read_secondary,"{""background_write_acknowledged"": true, ""reads"": [{""version"": 495, ""max_seen_before"": 494, ""violation"": false}, {""version"": 495, ""max_seen_before"": 495, ""violation"": false}]}"
20260919T070606Z_3811b539,496,normal,1789801575.706059,1789801575.7214072,15.578,0,15.578,pass,,read_secondary,"{""background_write_acknowledged"": true, ""reads"": [{""version"": 496, ""max_seen_before"": 495, ""violation"": false}, {""version"": 496, ""max_seen_before"": 496, ""violation"": false}]}"
20260919T070606Z_3811b539,497,normal,1789801575.7219958,1789801575.7360976,14.249,0,14.249,pass,,read_secondary,"{""background_write_acknowledged"": true, ""reads"": [{""version"": 497, ""max_seen_before"": 496, ""violation"": false}, {""version"": 497, ""max_seen_before"": 497, ""violation"": false}]}"
20260919T070606Z_3811b539,498,normal,1789801575.7360976,1789801575.7508557,15.007,0,15.007,pass,,read_secondary,"{""background_write_acknowledged"": true, ""reads"": [{""version"": 498, ""max_seen_before"": 497, ""violation"": false}, {""version"": 498, ""max_seen_before"": 498, ""violation"": false}]}"
20260919T070606Z_3811b539,499,normal,1789801575.7514837,1789801575.7662282,15.139,0,15.139,pass,,read_secondary,"{""background_write_acknowledged"": true, ""reads"": [{""version"": 499, ""max_seen_before"": 498, ""violation"": false}, {""version"": 499, ""max_seen_before"": 499, ""violation"": false}]}"
20260919T070606Z_3811b539,500,normal,1789801575.7662282,1789801575.7810833,14.413,0,14.413,pass,,read_secondary,"{""background_write_acknowledged"": true, ""reads"": [{""version"": 500, ""max_seen_before"": 499, ""violation"": false}, {""version"": 500, ""max_seen_before"": 500, ""violation"": false}]}"
20260919T070606Z_3811b539,501,normal,1789801575.7863414,1789801575.8008082,14.562,0,14.562,pass,,read_secondary,"{""background_write_acknowledged"": true, ""reads"": [{""version"": 501, ""max_seen_before"": 500, ""violation"": false}, {""version"": 501, ""max_seen_before"": 501, ""violation"": false}]}"
20260919T070606Z_3811b539,502,normal,1789801575.8008082,1789801575.816092,15.405,0,15.405,pass,,read_secondary,"{""background_write_acknowledged"": true, ""reads"": [{""version"": 502, ""max_seen_before"": 501, ""violation"": false}, {""version"": 502, ""max_seen_before"": 502, ""violation"": false}]}"
20260919T070606Z_3811b539,503,normal,1789801575.816092,1789801575.833709,17.534,0,17.534,pass,,read_secondary,"{""background_write_acknowledged"": true, ""reads"": [{""version"": 503, ""max_seen_before"": 502, ""violation"": false}, {""version"": 503, ""max_seen_before"": 503, ""violation"": false}]}"
20260919T070606Z_3811b539,504,normal,1789801575.833709,1789801575.8484247,14.488,0,14.488,pass,,read_secondary,"{""background_write_acknowledged"": true, ""reads"": [{""version"": 504, ""max_seen_before"": 503, ""violation"": false}, {""version"": 504, ""max_seen_before"": 504, ""violation"": false}]}"
20260919T070606Z_3811b539,505,normal,1789801575.8484247,1789801575.864062,15.668,0,15.668,pass,,read_secondary,"{""background_write_acknowledged"": true, ""reads"": [{""version"": 505, ""max_seen_before"": 504, ""violation"": false}, {""version"": 505, ""max_seen_before"": 505, ""violation"": false}]}"
20260919T070606Z_3811b539,506,normal,1789801575.8646953,1789801575.8790045,14.38,0,14.38,pass,,read_secondary,"{""background_write_acknowledged"": true, ""reads"": [{""version"": 506, ""max_seen_before"": 505, ""violation"": false}, {""version"": 506, ""max_seen_before"": 506, ""violation"": false}]}"
20260919T070606Z_3811b539,507,normal,1789801575.8790045,1789801575.894021,14.79,0,14.79,pass,,read_secondary,"{""background_write_acknowledged"": true, ""reads"": [{""version"": 507, ""max_seen_before"": 506, ""violation"": false}, {""version"": 507, ""max_seen_before"": 507, ""violation"": false}]}"
20260919T070606Z_3811b539,508,normal,1789801575.894021,1789801575.908739,14.657,0,14.657,pass,,read_secondary,"{""background_write_acknowledged"": true, ""reads"": [{""version"": 508, ""max_seen_before"": 507, ""violation"": false}, {""version"": 508, ""max_seen_before"": 508, ""violation"": false}]}"
20260919T070606Z_3811b539,509,normal,1789801575.908739,1789801575.9231665,14.426,0,14.426,pass,,read_secondary,"{""background_write_acknowledged"": true, ""reads"": [{""version"": 509, ""max_seen_before"": 508, ""violation"": false}, {""version"": 509, ""max_seen_before"": 509, ""violation"": false}]}"
20260919T070606Z_3811b539,510,normal,1789801575.9231665,1789801575.9386263,15.1,0,15.1,pass,,read_secondary,"{""background_write_acknowledged"": true, ""reads"": [{""version"": 510, ""max_seen_before"": 509, ""violation"": false}, {""version"": 510, ""max_seen_before"": 510, ""violation"": false}]}"
20260919T070606Z_3811b539,511,normal,1789801575.9386263,1789801575.9549394,16.088,0,16.088,pass,,read_secondary,"{""background_write_acknowledged"": true, ""reads"": [{""version"": 511, ""max_seen_before"": 510, ""violation"": false}, {""version"": 511, ""max_seen_before"": 511, ""violation"": false}]}"
20260919T070606Z_3811b539,512,normal,1789801575.9549394,1789801575.9691164,14.597,0,14.597,pass,,read_secondary,"{""background_write_acknowledged"": true, ""reads"": [{""version"": 512, ""max_seen_before"": 511, ""violation"": false}, {""version"": 512, ""max_seen_before"": 512, ""violation"": false}]}"
20260919T070606Z_3811b539,513,normal,1789801575.9691164,1789801575.9854636,15.558,0,15.558,pass,,read_secondary,"{""background_write_acknowledged"": true, ""reads"": [{""version"": 513, ""max_seen_before"": 512, ""violation"": false}, {""version"": 513, ""max_seen_before"": 513, ""violation"": false}]}"
20260919T070606Z_3811b539,514,normal,1789801575.9854636,1789801576.0007591,14.984,0,14.984,pass,,read_secondary,"{""background_write_acknowledged"": true, ""reads"": [{""version"": 514, ""max_seen_before"": 513, ""violation"": false}, {""version"": 514, ""max_seen_before"": 514, ""violation"": false}]}"
20260919T070606Z_3811b539,515,normal,1789801576.0007591,1789801576.017982,17.303,0,17.303,pass,,read_secondary,"{""background_write_acknowledged"": true, ""reads"": [{""version"": 515, ""max_seen_before"": 514, ""violation"": false}, {""version"": 515, ""max_seen_before"": 515, ""violation"": false}]}"
20260919T070606Z_3811b539,516,normal,1789801576.0185525,1789801576.0346177,16.277,0,16.277,pass,,read_secondary,"{""background_write_acknowledged"": true, ""reads"": [{""version"": 516, ""max_seen_before"": 515, ""violation"": false}, {""version"": 516, ""max_seen_before"": 516, ""violation"": false}]}"
20260919T070606Z_3811b539,517,normal,1789801576.0346177,1789801576.0509381,16.212,0,16.212,pass,,read_secondary,"{""background_write_acknowledged"": true, ""reads"": [{""version"": 517, ""max_seen_before"": 516, ""violation"": false}, {""version"": 517, ""max_seen_before"": 517, ""violation"": false}]}"
20260919T070606Z_3811b539,518,normal,1789801576.0509381,1789801576.0668435,15.879,0,15.879,pass,,read_secondary,"{""background_write_acknowledged"": true, ""reads"": [{""version"": 518, ""max_seen_before"": 517, ""violation"": false}, {""version"": 518, ""max_seen_before"": 518, ""violation"": false}]}"
20260919T070606Z_3811b539,519,normal,1789801576.0668435,1789801576.085677,18.868,0,18.868,pass,,read_secondary,"{""background_write_acknowledged"": true, ""reads"": [{""version"": 519, ""max_seen_before"": 518, ""violation"": false}, {""version"": 519, ""max_seen_before"": 519, ""violation"": false}]}"
20260919T070606Z_3811b539,520,normal,1789801576.085677,1789801576.103492,17.167,0,17.167,pass,,read_secondary,"{""background_write_acknowledged"": true, ""reads"": [{""version"": 520, ""max_seen_before"": 519, ""violation"": false}, {""version"": 520, ""max_seen_before"": 520, ""violation"": false}]}"
20260919T070606Z_3811b539,521,normal,1789801576.103492,1789801576.121173,17.901,0,17.901,pass,,read_secondary,"{""background_write_acknowledged"": true, ""reads"": [{""version"": 521, ""max_seen_before"": 520, ""violation"": false}, {""version"": 521, ""max_seen_before"": 521, ""violation"": false}]}"
20260919T070606Z_3811b539,522,normal,1789801576.121173,1789801576.1396759,18.071,0,18.071,pass,,read_secondary,"{""background_write_acknowledged"": true, ""reads"": [{""version"": 522, ""max_seen_before"": 521, ""violation"": false}, {""version"": 522, ""max_seen_before"": 522, ""violation"": false}]}"
20260919T070606Z_3811b539,523,normal,1789801576.1396759,1789801576.1576385,17.988,0,17.988,pass,,read_secondary,"{""background_write_acknowledged"": true, ""reads"": [{""version"": 523, ""max_seen_before"": 522, ""violation"": false}, {""version"": 523, ""max_seen_before"": 523, ""violation"": false}]}"
20260919T070606Z_3811b539,524,normal,1789801576.1576385,1789801576.1745782,16.677,0,16.677,pass,,read_secondary,"{""background_write_acknowledged"": true, ""reads"": [{""version"": 524, ""max_seen_before"": 523, ""violation"": false}, {""version"": 524, ""max_seen_before"": 524, ""violation"": false}]}"
20260919T070606Z_3811b539,525,normal,1789801576.1745782,1789801576.1901634,15.537,0,15.537,pass,,read_secondary,"{""background_write_acknowledged"": true, ""reads"": [{""version"": 525, ""max_seen_before"": 524, ""violation"": false}, {""version"": 525, ""max_seen_before"": 525, ""violation"": false}]}"
20260919T070606Z_3811b539,526,normal,1789801576.1901634,1789801576.2057092,15.527,0,15.527,pass,,read_secondary,"{""background_write_acknowledged"": true, ""reads"": [{""version"": 526, ""max_seen_before"": 525, ""violation"": false}, {""version"": 526, ""max_seen_before"": 526, ""violation"": false}]}"
20260919T070606Z_3811b539,527,normal,1789801576.2057092,1789801576.2224128,16.469,0,16.469,pass,,read_secondary,"{""background_write_acknowledged"": true, ""reads"": [{""version"": 527, ""max_seen_before"": 526, ""violation"": false}, {""version"": 527, ""max_seen_before"": 527, ""violation"": false}]}"
20260919T070606Z_3811b539,528,normal,1789801576.2224128,1789801576.2384799,15.835,0,15.835,pass,,read_secondary,"{""background_write_acknowledged"": true, ""reads"": [{""version"": 528, ""max_seen_before"": 527, ""violation"": false}, {""version"": 528, ""max_seen_before"": 528, ""violation"": false}]}"
20260919T070606Z_3811b539,529,normal,1789801576.2384799,1789801576.2537973,15.418,0,15.418,pass,,read_secondary,"{""background_write_acknowledged"": true, ""reads"": [{""version"": 529, ""max_seen_before"": 528, ""violation"": false}, {""version"": 529, ""max_seen_before"": 529, ""violation"": false}]}"
20260919T070606Z_3811b539,530,normal,1789801576.254401,1789801576.269291,15.172,0,15.172,pass,,read_secondary,"{""background_write_acknowledged"": true, ""reads"": [{""version"": 530, ""max_seen_before"": 529, ""violation"": false}, {""version"": 530, ""max_seen_before"": 530, ""violation"": false}]}"
20260919T070606Z_3811b539,531,normal,1789801576.269291,1789801576.2861395,16.952,0,16.952,pass,,read_secondary,"{""background_write_acknowledged"": true, ""reads"": [{""version"": 531, ""max_seen_before"": 530, ""violation"": false}, {""version"": 531, ""max_seen_before"": 531, ""violation"": false}]}"
20260919T070606Z_3811b539,532,normal,1789801576.286743,1789801576.3020158,15.714,0,15.714,pass,,read_secondary,"{""background_write_acknowledged"": true, ""reads"": [{""version"": 532, ""max_seen_before"": 531, ""violation"": false}, {""version"": 532, ""max_seen_before"": 532, ""violation"": false}]}"
20260919T070606Z_3811b539,533,normal,1789801576.302655,1789801576.3188443,16.531,0,16.531,pass,,read_secondary,"{""background_write_acknowledged"": true, ""reads"": [{""version"": 533, ""max_seen_before"": 532, ""violation"": false}, {""version"": 533, ""max_seen_before"": 533, ""violation"": false}]}"
20260919T070606Z_3811b539,534,normal,1789801576.3188443,1789801576.334926,15.877,0,15.877,pass,,read_secondary,"{""background_write_acknowledged"": true, ""reads"": [{""version"": 534, ""max_seen_before"": 533, ""violation"": false}, {""version"": 534, ""max_seen_before"": 534, ""violation"": false}]}"
20260919T070606Z_3811b539,535,normal,1789801576.334926,1789801576.3529205,17.657,0,17.657,pass,,read_secondary,"{""background_write_acknowledged"": true, ""reads"": [{""version"": 535, ""max_seen_before"": 534, ""violation"": false}, {""version"": 535, ""max_seen_before"": 535, ""violation"": false}]}"
20260919T070606Z_3811b539,536,normal,1789801576.3529205,1789801576.368424,15.213,0,15.213,pass,,read_secondary,"{""background_write_acknowledged"": true, ""reads"": [{""version"": 536, ""max_seen_before"": 535, ""violation"": false}, {""version"": 536, ""max_seen_before"": 536, ""violation"": false}]}"
20260919T070606Z_3811b539,537,normal,1789801576.368424,1789801576.3828142,14.456,0,14.456,pass,,read_secondary,"{""background_write_acknowledged"": true, ""reads"": [{""version"": 537, ""max_seen_before"": 536, ""violation"": false}, {""version"": 537, ""max_seen_before"": 537, ""violation"": false}]}"
20260919T070606Z_3811b539,538,normal,1789801576.3828142,1789801576.397366,14.586,0,14.586,pass,,read_secondary,"{""background_write_acknowledged"": true, ""reads"": [{""version"": 538, ""max_seen_before"": 537, ""violation"": false}, {""version"": 538, ""max_seen_before"": 538, ""violation"": false}]}"
20260919T070606Z_3811b539,539,normal,1789801576.397366,1789801576.4126132,15.196,0,15.196,pass,,read_secondary,"{""background_write_acknowledged"": true, ""reads"": [{""version"": 539, ""max_seen_before"": 538, ""violation"": false}, {""version"": 539, ""max_seen_before"": 539, ""violation"": false}]}"
20260919T070606Z_3811b539,540,normal,1789801576.4126132,1789801576.4268749,13.81,0,13.81,pass,,read_secondary,"{""background_write_acknowledged"": true, ""reads"": [{""version"": 540, ""max_seen_before"": 539, ""violation"": false}, {""version"": 540, ""max_seen_before"": 540, ""violation"": false}]}"
20260919T070606Z_3811b539,541,normal,1789801576.4268749,1789801576.4412389,14.21,0,14.21,pass,,read_secondary,"{""background_write_acknowledged"": true, ""reads"": [{""version"": 541, ""max_seen_before"": 540, ""violation"": false}, {""version"": 541, ""max_seen_before"": 541, ""violation"": false}]}"
20260919T070606Z_3811b539,542,normal,1789801576.4412389,1789801576.4552555,14.377,0,14.377,pass,,read_secondary,"{""background_write_acknowledged"": true, ""reads"": [{""version"": 542, ""max_seen_before"": 541, ""violation"": false}, {""version"": 542, ""max_seen_before"": 542, ""violation"": false}]}"
20260919T070606Z_3811b539,543,normal,1789801576.4558847,1789801576.469814,14.269,0,14.269,pass,,read_secondary,"{""background_write_acknowledged"": true, ""reads"": [{""version"": 543, ""max_seen_before"": 542, ""violation"": false}, {""version"": 543, ""max_seen_before"": 543, ""violation"": false}]}"
20260919T070606Z_3811b539,544,normal,1789801576.469814,1789801576.4839704,14.27,0,14.27,pass,,read_secondary,"{""background_write_acknowledged"": true, ""reads"": [{""version"": 544, ""max_seen_before"": 543, ""violation"": false}, {""version"": 544, ""max_seen_before"": 544, ""violation"": false}]}"
20260919T070606Z_3811b539,545,normal,1789801576.4846952,1789801576.4994917,15.015,0,15.015,pass,,read_secondary,"{""background_write_acknowledged"": true, ""reads"": [{""version"": 545, ""max_seen_before"": 544, ""violation"": false}, {""version"": 545, ""max_seen_before"": 545, ""violation"": false}]}"
20260919T070606Z_3811b539,546,normal,1789801576.4994917,1789801576.5132957,13.97,0,13.97,pass,,read_secondary,"{""background_write_acknowledged"": true, ""reads"": [{""version"": 546, ""max_seen_before"": 545, ""violation"": false}, {""version"": 546, ""max_seen_before"": 546, ""violation"": false}]}"
20260919T070606Z_3811b539,547,normal,1789801576.5138824,1789801576.5293822,16.045,0,16.045,pass,,read_secondary,"{""background_write_acknowledged"": true, ""reads"": [{""version"": 547, ""max_seen_before"": 546, ""violation"": false}, {""version"": 547, ""max_seen_before"": 547, ""violation"": false}]}"
20260919T070606Z_3811b539,548,normal,1789801576.5300746,1789801576.5451021,14.934,0,14.934,pass,,read_secondary,"{""background_write_acknowledged"": true, ""reads"": [{""version"": 548, ""max_seen_before"": 547, ""violation"": false}, {""version"": 548, ""max_seen_before"": 548, ""violation"": false}]}"
20260919T070606Z_3811b539,549,normal,1789801576.5451021,1789801576.5582612,13.186,0,13.186,pass,,read_secondary,"{""background_write_acknowledged"": true, ""reads"": [{""version"": 549, ""max_seen_before"": 548, ""violation"": false}, {""version"": 549, ""max_seen_before"": 549, ""violation"": false}]}"
20260919T070606Z_3811b539,550,normal,1789801576.5582612,1789801576.5737197,15.423,0,15.423,pass,,read_secondary,"{""background_write_acknowledged"": true, ""reads"": [{""version"": 550, ""max_seen_before"": 549, ""violation"": false}, {""version"": 550, ""max_seen_before"": 550, ""violation"": false}]}"
20260919T070606Z_3811b539,551,normal,1789801576.5737197,1789801576.590048,16.494,0,16.494,pass,,read_secondary,"{""background_write_acknowledged"": true, ""reads"": [{""version"": 551, ""max_seen_before"": 550, ""violation"": false}, {""version"": 551, ""max_seen_before"": 551, ""violation"": false}]}"
20260919T070606Z_3811b539,552,normal,1789801576.590048,1789801576.605055,14.617,0,14.617,pass,,read_secondary,"{""background_write_acknowledged"": true, ""reads"": [{""version"": 552, ""max_seen_before"": 551, ""violation"": false}, {""version"": 552, ""max_seen_before"": 552, ""violation"": false}]}"
20260919T070606Z_3811b539,553,normal,1789801576.605055,1789801576.6205802,15.124,0,15.124,pass,,read_secondary,"{""background_write_acknowledged"": true, ""reads"": [{""version"": 553, ""max_seen_before"": 552, ""violation"": false}, {""version"": 553, ""max_seen_before"": 553, ""violation"": false}]}"
20260919T070606Z_3811b539,554,normal,1789801576.6205802,1789801576.6348295,14.124,0,14.124,pass,,read_secondary,"{""background_write_acknowledged"": true, ""reads"": [{""version"": 554, ""max_seen_before"": 553, ""violation"": false}, {""version"": 554, ""max_seen_before"": 554, ""violation"": false}]}"
20260919T070606Z_3811b539,555,normal,1789801576.6348295,1789801576.6502059,15.641,0,15.641,pass,,read_secondary,"{""background_write_acknowledged"": true, ""reads"": [{""version"": 555, ""max_seen_before"": 554, ""violation"": false}, {""version"": 555, ""max_seen_before"": 555, ""violation"": false}]}"
20260919T070606Z_3811b539,556,normal,1789801576.6507683,1789801576.665695,15.067,0,15.067,pass,,read_secondary,"{""background_write_acknowledged"": true, ""reads"": [{""version"": 556, ""max_seen_before"": 555, ""violation"": false}, {""version"": 556, ""max_seen_before"": 556, ""violation"": false}]}"
20260919T070606Z_3811b539,557,normal,1789801576.665695,1789801576.6799033,14.451,0,14.451,pass,,read_secondary,"{""background_write_acknowledged"": true, ""reads"": [{""version"": 557, ""max_seen_before"": 556, ""violation"": false}, {""version"": 557, ""max_seen_before"": 557, ""violation"": false}]}"
20260919T070606Z_3811b539,558,normal,1789801576.6804538,1789801576.695994,15.388,0,15.388,pass,,read_secondary,"{""background_write_acknowledged"": true, ""reads"": [{""version"": 558, ""max_seen_before"": 557, ""violation"": false}, {""version"": 558, ""max_seen_before"": 558, ""violation"": false}]}"
20260919T070606Z_3811b539,559,normal,1789801576.695994,1789801576.7099626,14.203,0,14.203,pass,,read_secondary,"{""background_write_acknowledged"": true, ""reads"": [{""version"": 559, ""max_seen_before"": 558, ""violation"": false}, {""version"": 559, ""max_seen_before"": 559, ""violation"": false}]}"
20260919T070606Z_3811b539,560,normal,1789801576.7099626,1789801576.7251759,14.97,0,14.97,pass,,read_secondary,"{""background_write_acknowledged"": true, ""reads"": [{""version"": 560, ""max_seen_before"": 559, ""violation"": false}, {""version"": 560, ""max_seen_before"": 560, ""violation"": false}]}"
20260919T070606Z_3811b539,561,normal,1789801576.7251759,1789801576.7395449,14.357,0,14.357,pass,,read_secondary,"{""background_write_acknowledged"": true, ""reads"": [{""version"": 561, ""max_seen_before"": 560, ""violation"": false}, {""version"": 561, ""max_seen_before"": 561, ""violation"": false}]}"
20260919T070606Z_3811b539,562,normal,1789801576.7401357,1789801576.7531579,13.264,0,13.264,pass,,read_secondary,"{""background_write_acknowledged"": true, ""reads"": [{""version"": 562, ""max_seen_before"": 561, ""violation"": false}, {""version"": 562, ""max_seen_before"": 562, ""violation"": false}]}"
20260919T070606Z_3811b539,563,normal,1789801576.7531579,1789801576.767581,14.174,0,14.174,pass,,read_secondary,"{""background_write_acknowledged"": true, ""reads"": [{""version"": 563, ""max_seen_before"": 562, ""violation"": false}, {""version"": 563, ""max_seen_before"": 563, ""violation"": false}]}"
20260919T070606Z_3811b539,564,normal,1789801576.7679024,1789801576.7821174,14.476,0,14.476,pass,,read_secondary,"{""background_write_acknowledged"": true, ""reads"": [{""version"": 564, ""max_seen_before"": 563, ""violation"": false}, {""version"": 564, ""max_seen_before"": 564, ""violation"": false}]}"
20260919T070606Z_3811b539,565,normal,1789801576.7821174,1789801576.795814,13.513,0,13.513,pass,,read_secondary,"{""background_write_acknowledged"": true, ""reads"": [{""version"": 565, ""max_seen_before"": 564, ""violation"": false}, {""version"": 565, ""max_seen_before"": 565, ""violation"": false}]}"
20260919T070606Z_3811b539,566,normal,1789801576.795814,1789801576.8099906,13.842,0,13.842,pass,,read_secondary,"{""background_write_acknowledged"": true, ""reads"": [{""version"": 566, ""max_seen_before"": 565, ""violation"": false}, {""version"": 566, ""max_seen_before"": 566, ""violation"": false}]}"
20260919T070606Z_3811b539,567,normal,1789801576.8099906,1789801576.8266795,16.771,0,16.771,pass,,read_secondary,"{""background_write_acknowledged"": true, ""reads"": [{""version"": 567, ""max_seen_before"": 566, ""violation"": false}, {""version"": 567, ""max_seen_before"": 567, ""violation"": false}]}"
20260919T070606Z_3811b539,568,normal,1789801576.8266795,1789801576.84044,13.46,0,13.46,pass,,read_secondary,"{""background_write_acknowledged"": true, ""reads"": [{""version"": 568, ""max_seen_before"": 567, ""violation"": false}, {""version"": 568, ""max_seen_before"": 568, ""violation"": false}]}"
20260919T070606Z_3811b539,569,normal,1789801576.84044,1789801576.8548918,14.317,0,14.317,pass,,read_secondary,"{""background_write_acknowledged"": true, ""reads"": [{""version"": 569, ""max_seen_before"": 568, ""violation"": false}, {""version"": 569, ""max_seen_before"": 569, ""violation"": false}]}"
20260919T070606Z_3811b539,570,normal,1789801576.8548918,1789801576.8695786,15.002,0,15.002,pass,,read_secondary,"{""background_write_acknowledged"": true, ""reads"": [{""version"": 570, ""max_seen_before"": 569, ""violation"": false}, {""version"": 570, ""max_seen_before"": 570, ""violation"": false}]}"
20260919T070606Z_3811b539,571,normal,1789801576.8695786,1789801576.883886,13.994,0,13.994,pass,,read_secondary,"{""background_write_acknowledged"": true, ""reads"": [{""version"": 571, ""max_seen_before"": 570, ""violation"": false}, {""version"": 571, ""max_seen_before"": 571, ""violation"": false}]}"
20260919T070606Z_3811b539,572,normal,1789801576.883886,1789801576.898344,14.53,0,14.53,pass,,read_secondary,"{""background_write_acknowledged"": true, ""reads"": [{""version"": 572, ""max_seen_before"": 571, ""violation"": false}, {""version"": 572, ""max_seen_before"": 572, ""violation"": false}]}"
20260919T070606Z_3811b539,573,normal,1789801576.8989627,1789801576.9125206,13.74,0,13.74,pass,,read_secondary,"{""background_write_acknowledged"": true, ""reads"": [{""version"": 573, ""max_seen_before"": 572, ""violation"": false}, {""version"": 573, ""max_seen_before"": 573, ""violation"": false}]}"
20260919T070606Z_3811b539,574,normal,1789801576.9125206,1789801576.9260855,13.465,0,13.465,pass,,read_secondary,"{""background_write_acknowledged"": true, ""reads"": [{""version"": 574, ""max_seen_before"": 573, ""violation"": false}, {""version"": 574, ""max_seen_before"": 574, ""violation"": false}]}"
20260919T070606Z_3811b539,575,normal,1789801576.9260855,1789801576.941542,15.37,0,15.37,pass,,read_secondary,"{""background_write_acknowledged"": true, ""reads"": [{""version"": 575, ""max_seen_before"": 574, ""violation"": false}, {""version"": 575, ""max_seen_before"": 575, ""violation"": false}]}"
20260919T070606Z_3811b539,576,normal,1789801576.941542,1789801576.9561284,14.231,0,14.231,pass,,read_secondary,"{""background_write_acknowledged"": true, ""reads"": [{""version"": 576, ""max_seen_before"": 575, ""violation"": false}, {""version"": 576, ""max_seen_before"": 576, ""violation"": false}]}"
20260919T070606Z_3811b539,577,normal,1789801576.9561284,1789801576.9697778,13.886,0,13.886,pass,,read_secondary,"{""background_write_acknowledged"": true, ""reads"": [{""version"": 577, ""max_seen_before"": 576, ""violation"": false}, {""version"": 577, ""max_seen_before"": 577, ""violation"": false}]}"
20260919T070606Z_3811b539,578,normal,1789801576.9697778,1789801576.9844983,14.608,0,14.608,pass,,read_secondary,"{""background_write_acknowledged"": true, ""reads"": [{""version"": 578, ""max_seen_before"": 577, ""violation"": false}, {""version"": 578, ""max_seen_before"": 578, ""violation"": false}]}"
20260919T070606Z_3811b539,579,normal,1789801576.9844983,1789801577.000714,15.731,0,15.731,pass,,read_secondary,"{""background_write_acknowledged"": true, ""reads"": [{""version"": 579, ""max_seen_before"": 578, ""violation"": false}, {""version"": 579, ""max_seen_before"": 579, ""violation"": false}]}"
20260919T070606Z_3811b539,580,normal,1789801577.000714,1789801577.0168657,16.109,0,16.109,pass,,read_secondary,"{""background_write_acknowledged"": true, ""reads"": [{""version"": 580, ""max_seen_before"": 579, ""violation"": false}, {""version"": 580, ""max_seen_before"": 580, ""violation"": false}]}"
20260919T070606Z_3811b539,581,normal,1789801577.0168657,1789801577.0311813,14.053,0,14.053,pass,,read_secondary,"{""background_write_acknowledged"": true, ""reads"": [{""version"": 581, ""max_seen_before"": 580, ""violation"": false}, {""version"": 581, ""max_seen_before"": 581, ""violation"": false}]}"
20260919T070606Z_3811b539,582,normal,1789801577.0311813,1789801577.0457401,14.746,0,14.746,pass,,read_secondary,"{""background_write_acknowledged"": true, ""reads"": [{""version"": 582, ""max_seen_before"": 581, ""violation"": false}, {""version"": 582, ""max_seen_before"": 582, ""violation"": false}]}"
20260919T070606Z_3811b539,583,normal,1789801577.0457401,1789801577.0630467,17.186,0,17.186,pass,,read_secondary,"{""background_write_acknowledged"": true, ""reads"": [{""version"": 583, ""max_seen_before"": 582, ""violation"": false}, {""version"": 583, ""max_seen_before"": 583, ""violation"": false}]}"
20260919T070606Z_3811b539,584,normal,1789801577.0630467,1789801577.0780742,15.018,0,15.018,pass,,read_secondary,"{""background_write_acknowledged"": true, ""reads"": [{""version"": 584, ""max_seen_before"": 583, ""violation"": false}, {""version"": 584, ""max_seen_before"": 584, ""violation"": false}]}"
20260919T070606Z_3811b539,585,normal,1789801577.0786483,1789801577.0926435,14.042,0,14.042,pass,,read_secondary,"{""background_write_acknowledged"": true, ""reads"": [{""version"": 585, ""max_seen_before"": 584, ""violation"": false}, {""version"": 585, ""max_seen_before"": 585, ""violation"": false}]}"
20260919T070606Z_3811b539,586,normal,1789801577.0926435,1789801577.1063678,13.888,0,13.888,pass,,read_secondary,"{""background_write_acknowledged"": true, ""reads"": [{""version"": 586, ""max_seen_before"": 585, ""violation"": false}, {""version"": 586, ""max_seen_before"": 586, ""violation"": false}]}"
20260919T070606Z_3811b539,587,normal,1789801577.1063678,1789801577.1213257,14.458,0,14.458,pass,,read_secondary,"{""background_write_acknowledged"": true, ""reads"": [{""version"": 587, ""max_seen_before"": 586, ""violation"": false}, {""version"": 587, ""max_seen_before"": 587, ""violation"": false}]}"
20260919T070606Z_3811b539,588,normal,1789801577.1213257,1789801577.1340318,12.674,0,12.674,pass,,read_secondary,"{""background_write_acknowledged"": true, ""reads"": [{""version"": 588, ""max_seen_before"": 587, ""violation"": false}, {""version"": 588, ""max_seen_before"": 588, ""violation"": false}]}"
20260919T070606Z_3811b539,589,normal,1789801577.1340318,1789801577.149638,15.76,0,15.76,pass,,read_secondary,"{""background_write_acknowledged"": true, ""reads"": [{""version"": 589, ""max_seen_before"": 588, ""violation"": false}, {""version"": 589, ""max_seen_before"": 589, ""violation"": false}]}"
20260919T070606Z_3811b539,590,normal,1789801577.1502194,1789801577.1674635,17.191,0,17.191,pass,,read_secondary,"{""background_write_acknowledged"": true, ""reads"": [{""version"": 590, ""max_seen_before"": 589, ""violation"": false}, {""version"": 590, ""max_seen_before"": 590, ""violation"": false}]}"
20260919T070606Z_3811b539,591,normal,1789801577.1674635,1789801577.1845498,17.19,0,17.19,pass,,read_secondary,"{""background_write_acknowledged"": true, ""reads"": [{""version"": 591, ""max_seen_before"": 590, ""violation"": false}, {""version"": 591, ""max_seen_before"": 591, ""violation"": false}]}"
20260919T070606Z_3811b539,592,normal,1789801577.1851451,1789801577.199446,14.456,0,14.456,pass,,read_secondary,"{""background_write_acknowledged"": true, ""reads"": [{""version"": 592, ""max_seen_before"": 591, ""violation"": false}, {""version"": 592, ""max_seen_before"": 592, ""violation"": false}]}"
20260919T070606Z_3811b539,593,normal,1789801577.199446,1789801577.2140288,14.691,0,14.691,pass,,read_secondary,"{""background_write_acknowledged"": true, ""reads"": [{""version"": 593, ""max_seen_before"": 592, ""violation"": false}, {""version"": 593, ""max_seen_before"": 593, ""violation"": false}]}"
20260919T070606Z_3811b539,594,normal,1789801577.2146034,1789801577.2293577,15.024,0,15.024,pass,,read_secondary,"{""background_write_acknowledged"": true, ""reads"": [{""version"": 594, ""max_seen_before"": 593, ""violation"": false}, {""version"": 594, ""max_seen_before"": 594, ""violation"": false}]}"
20260919T070606Z_3811b539,595,normal,1789801577.2293577,1789801577.2457933,16.026,0,16.026,pass,,read_secondary,"{""background_write_acknowledged"": true, ""reads"": [{""version"": 595, ""max_seen_before"": 594, ""violation"": false}, {""version"": 595, ""max_seen_before"": 595, ""violation"": false}]}"
20260919T070606Z_3811b539,596,normal,1789801577.2457933,1789801577.261982,16.409,0,16.409,pass,,read_secondary,"{""background_write_acknowledged"": true, ""reads"": [{""version"": 596, ""max_seen_before"": 595, ""violation"": false}, {""version"": 596, ""max_seen_before"": 596, ""violation"": false}]}"
20260919T070606Z_3811b539,597,normal,1789801577.261982,1789801577.278809,16.34,0,16.34,pass,,read_secondary,"{""background_write_acknowledged"": true, ""reads"": [{""version"": 597, ""max_seen_before"": 596, ""violation"": false}, {""version"": 597, ""max_seen_before"": 597, ""violation"": false}]}"
20260919T070606Z_3811b539,598,normal,1789801577.278809,1789801577.2952425,16.476,0,16.476,pass,,read_secondary,"{""background_write_acknowledged"": true, ""reads"": [{""version"": 598, ""max_seen_before"": 597, ""violation"": false}, {""version"": 598, ""max_seen_before"": 598, ""violation"": false}]}"
20260919T070606Z_3811b539,599,normal,1789801577.2952425,1789801577.3129504,17.852,0,17.852,pass,,read_secondary,"{""background_write_acknowledged"": true, ""reads"": [{""version"": 599, ""max_seen_before"": 598, ""violation"": false}, {""version"": 599, ""max_seen_before"": 599, ""violation"": false}]}"
20260919T070606Z_3811b539,600,normal,1789801577.3135984,1789801577.3303611,16.778,0,16.778,pass,,read_secondary,"{""background_write_acknowledged"": true, ""reads"": [{""version"": 600, ""max_seen_before"": 599, ""violation"": false}, {""version"": 600, ""max_seen_before"": 600, ""violation"": false}]}"
20260919T070606Z_3811b539,601,normal,1789801577.3381705,1789801577.3557737,17.838,0,17.838,pass,,read_secondary,"{""background_write_acknowledged"": true, ""reads"": [{""version"": 601, ""max_seen_before"": 600, ""violation"": false}, {""version"": 601, ""max_seen_before"": 601, ""violation"": false}]}"
20260919T070606Z_3811b539,602,normal,1789801577.3557737,1789801577.375078,18.783,0,18.783,pass,,read_secondary,"{""background_write_acknowledged"": true, ""reads"": [{""version"": 602, ""max_seen_before"": 601, ""violation"": false}, {""version"": 602, ""max_seen_before"": 602, ""violation"": false}]}"
20260919T070606Z_3811b539,603,normal,1789801577.375078,1789801577.393162,18.36,0,18.36,pass,,read_secondary,"{""background_write_acknowledged"": true, ""reads"": [{""version"": 603, ""max_seen_before"": 602, ""violation"": false}, {""version"": 603, ""max_seen_before"": 603, ""violation"": false}]}"
20260919T070606Z_3811b539,604,normal,1789801577.3937638,1789801577.4112663,17.626,0,17.626,pass,,read_secondary,"{""background_write_acknowledged"": true, ""reads"": [{""version"": 604, ""max_seen_before"": 603, ""violation"": false}, {""version"": 604, ""max_seen_before"": 604, ""violation"": false}]}"
20260919T070606Z_3811b539,605,normal,1789801577.4112663,1789801577.4268014,15.565,0,15.565,pass,,read_secondary,"{""background_write_acknowledged"": true, ""reads"": [{""version"": 605, ""max_seen_before"": 604, ""violation"": false}, {""version"": 605, ""max_seen_before"": 605, ""violation"": false}]}"
20260919T070606Z_3811b539,606,normal,1789801577.4273138,1789801577.4444616,17.552,0,17.552,pass,,read_secondary,"{""background_write_acknowledged"": true, ""reads"": [{""version"": 606, ""max_seen_before"": 605, ""violation"": false}, {""version"": 606, ""max_seen_before"": 606, ""violation"": false}]}"
20260919T070606Z_3811b539,607,normal,1789801577.4450402,1789801577.4619899,17.342,0,17.342,pass,,read_secondary,"{""background_write_acknowledged"": true, ""reads"": [{""version"": 607, ""max_seen_before"": 606, ""violation"": false}, {""version"": 607, ""max_seen_before"": 607, ""violation"": false}]}"
20260919T070606Z_3811b539,608,normal,1789801577.4626117,1789801577.4797897,17.638,0,17.638,pass,,read_secondary,"{""background_write_acknowledged"": true, ""reads"": [{""version"": 608, ""max_seen_before"": 607, ""violation"": false}, {""version"": 608, ""max_seen_before"": 608, ""violation"": false}]}"
20260919T070606Z_3811b539,609,normal,1789801577.4804173,1789801577.499032,18.649,0,18.649,pass,,read_secondary,"{""background_write_acknowledged"": true, ""reads"": [{""version"": 609, ""max_seen_before"": 608, ""violation"": false}, {""version"": 609, ""max_seen_before"": 609, ""violation"": false}]}"
20260919T070606Z_3811b539,610,normal,1789801577.499032,1789801577.5150282,16.288,0,16.288,pass,,read_secondary,"{""background_write_acknowledged"": true, ""reads"": [{""version"": 610, ""max_seen_before"": 609, ""violation"": false}, {""version"": 610, ""max_seen_before"": 610, ""violation"": false}]}"
20260919T070606Z_3811b539,611,normal,1789801577.5156262,1789801577.5323293,17.068,0,17.068,pass,,read_secondary,"{""background_write_acknowledged"": true, ""reads"": [{""version"": 611, ""max_seen_before"": 610, ""violation"": false}, {""version"": 611, ""max_seen_before"": 611, ""violation"": false}]}"
20260919T070606Z_3811b539,612,normal,1789801577.5323293,1789801577.549635,16.88,0,16.88,pass,,read_secondary,"{""background_write_acknowledged"": true, ""reads"": [{""version"": 612, ""max_seen_before"": 611, ""violation"": false}, {""version"": 612, ""max_seen_before"": 612, ""violation"": false}]}"
20260919T070606Z_3811b539,613,normal,1789801577.549635,1789801577.5667768,17.123,0,17.123,pass,,read_secondary,"{""background_write_acknowledged"": true, ""reads"": [{""version"": 613, ""max_seen_before"": 612, ""violation"": false}, {""version"": 613, ""max_seen_before"": 613, ""violation"": false}]}"
20260919T070606Z_3811b539,614,normal,1789801577.5667768,1789801577.5841925,17.221,0,17.221,pass,,read_secondary,"{""background_write_acknowledged"": true, ""reads"": [{""version"": 614, ""max_seen_before"": 613, ""violation"": false}, {""version"": 614, ""max_seen_before"": 614, ""violation"": false}]}"
20260919T070606Z_3811b539,615,normal,1789801577.5841925,1789801577.6032014,19.033,0,19.033,pass,,read_secondary,"{""background_write_acknowledged"": true, ""reads"": [{""version"": 615, ""max_seen_before"": 614, ""violation"": false}, {""version"": 615, ""max_seen_before"": 615, ""violation"": false}]}"
20260919T070606Z_3811b539,616,normal,1789801577.6037617,1789801577.6205263,17.161,0,17.161,pass,,read_secondary,"{""background_write_acknowledged"": true, ""reads"": [{""version"": 616, ""max_seen_before"": 615, ""violation"": false}, {""version"": 616, ""max_seen_before"": 616, ""violation"": false}]}"
20260919T070606Z_3811b539,617,normal,1789801577.6210709,1789801577.6382687,17.786,0,17.786,pass,,read_secondary,"{""background_write_acknowledged"": true, ""reads"": [{""version"": 617, ""max_seen_before"": 616, ""violation"": false}, {""version"": 617, ""max_seen_before"": 617, ""violation"": false}]}"
20260919T070606Z_3811b539,618,normal,1789801577.6388936,1789801577.6548438,16.287,0,16.287,pass,,read_secondary,"{""background_write_acknowledged"": true, ""reads"": [{""version"": 618, ""max_seen_before"": 617, ""violation"": false}, {""version"": 618, ""max_seen_before"": 618, ""violation"": false}]}"
20260919T070606Z_3811b539,619,normal,1789801577.6554406,1789801577.6714609,16.486,0,16.486,pass,,read_secondary,"{""background_write_acknowledged"": true, ""reads"": [{""version"": 619, ""max_seen_before"": 618, ""violation"": false}, {""version"": 619, ""max_seen_before"": 619, ""violation"": false}]}"
20260919T070606Z_3811b539,620,normal,1789801577.6720462,1789801577.6894853,17.332,0,17.332,pass,,read_secondary,"{""background_write_acknowledged"": true, ""reads"": [{""version"": 620, ""max_seen_before"": 619, ""violation"": false}, {""version"": 620, ""max_seen_before"": 620, ""violation"": false}]}"
20260919T070606Z_3811b539,621,normal,1789801577.6894853,1789801577.7071676,17.529,0,17.529,pass,,read_secondary,"{""background_write_acknowledged"": true, ""reads"": [{""version"": 621, ""max_seen_before"": 620, ""violation"": false}, {""version"": 621, ""max_seen_before"": 621, ""violation"": false}]}"
20260919T070606Z_3811b539,622,normal,1789801577.7071676,1789801577.7251024,18.167,0,18.167,pass,,read_secondary,"{""background_write_acknowledged"": true, ""reads"": [{""version"": 622, ""max_seen_before"": 621, ""violation"": false}, {""version"": 622, ""max_seen_before"": 622, ""violation"": false}]}"
20260919T070606Z_3811b539,623,normal,1789801577.7256925,1789801577.742897,17.641,0,17.641,pass,,read_secondary,"{""background_write_acknowledged"": true, ""reads"": [{""version"": 623, ""max_seen_before"": 622, ""violation"": false}, {""version"": 623, ""max_seen_before"": 623, ""violation"": false}]}"
20260919T070606Z_3811b539,624,normal,1789801577.742897,1789801577.7619905,18.694,0,18.694,pass,,read_secondary,"{""background_write_acknowledged"": true, ""reads"": [{""version"": 624, ""max_seen_before"": 623, ""violation"": false}, {""version"": 624, ""max_seen_before"": 624, ""violation"": false}]}"
20260919T070606Z_3811b539,625,normal,1789801577.7619905,1789801577.77914,16.827,0,16.827,pass,,read_secondary,"{""background_write_acknowledged"": true, ""reads"": [{""version"": 625, ""max_seen_before"": 624, ""violation"": false}, {""version"": 625, ""max_seen_before"": 625, ""violation"": false}]}"
20260919T070606Z_3811b539,626,normal,1789801577.77914,1789801577.7980409,18.97,0,18.97,pass,,read_secondary,"{""background_write_acknowledged"": true, ""reads"": [{""version"": 626, ""max_seen_before"": 625, ""violation"": false}, {""version"": 626, ""max_seen_before"": 626, ""violation"": false}]}"
20260919T070606Z_3811b539,627,normal,1789801577.7980409,1789801577.8182034,19.695,0,19.695,pass,,read_secondary,"{""background_write_acknowledged"": true, ""reads"": [{""version"": 627, ""max_seen_before"": 626, ""violation"": false}, {""version"": 627, ""max_seen_before"": 627, ""violation"": false}]}"
20260919T070606Z_3811b539,628,normal,1789801577.8182034,1789801577.8365762,18.677,0,18.677,pass,,read_secondary,"{""background_write_acknowledged"": true, ""reads"": [{""version"": 628, ""max_seen_before"": 627, ""violation"": false}, {""version"": 628, ""max_seen_before"": 628, ""violation"": false}]}"
20260919T070606Z_3811b539,629,normal,1789801577.8371649,1789801577.853904,17.061,0,17.061,pass,,read_secondary,"{""background_write_acknowledged"": true, ""reads"": [{""version"": 629, ""max_seen_before"": 628, ""violation"": false}, {""version"": 629, ""max_seen_before"": 629, ""violation"": false}]}"
20260919T070606Z_3811b539,630,normal,1789801577.853904,1789801577.8711185,16.723,0,16.723,pass,,read_secondary,"{""background_write_acknowledged"": true, ""reads"": [{""version"": 630, ""max_seen_before"": 629, ""violation"": false}, {""version"": 630, ""max_seen_before"": 630, ""violation"": false}]}"
20260919T070606Z_3811b539,631,normal,1789801577.8711185,1789801577.8899949,18.821,0,18.821,pass,,read_secondary,"{""background_write_acknowledged"": true, ""reads"": [{""version"": 631, ""max_seen_before"": 630, ""violation"": false}, {""version"": 631, ""max_seen_before"": 631, ""violation"": false}]}"
20260919T070606Z_3811b539,632,normal,1789801577.8899949,1789801577.90928,19.126,0,19.126,pass,,read_secondary,"{""background_write_acknowledged"": true, ""reads"": [{""version"": 632, ""max_seen_before"": 631, ""violation"": false}, {""version"": 632, ""max_seen_before"": 632, ""violation"": false}]}"
20260919T070606Z_3811b539,633,normal,1789801577.90928,1789801577.9275093,17.942,0,17.942,pass,,read_secondary,"{""background_write_acknowledged"": true, ""reads"": [{""version"": 633, ""max_seen_before"": 632, ""violation"": false}, {""version"": 633, ""max_seen_before"": 633, ""violation"": false}]}"
20260919T070606Z_3811b539,634,normal,1789801577.9275093,1789801577.9445288,16.716,0,16.716,pass,,read_secondary,"{""background_write_acknowledged"": true, ""reads"": [{""version"": 634, ""max_seen_before"": 633, ""violation"": false}, {""version"": 634, ""max_seen_before"": 634, ""violation"": false}]}"
20260919T070606Z_3811b539,635,normal,1789801577.9445288,1789801577.9607148,16.298,0,16.298,pass,,read_secondary,"{""background_write_acknowledged"": true, ""reads"": [{""version"": 635, ""max_seen_before"": 634, ""violation"": false}, {""version"": 635, ""max_seen_before"": 635, ""violation"": false}]}"
20260919T070606Z_3811b539,636,normal,1789801577.9607148,1789801577.977001,16.334,0,16.334,pass,,read_secondary,"{""background_write_acknowledged"": true, ""reads"": [{""version"": 636, ""max_seen_before"": 635, ""violation"": false}, {""version"": 636, ""max_seen_before"": 636, ""violation"": false}]}"
20260919T070606Z_3811b539,637,normal,1789801577.977001,1789801577.9937797,16.27,0,16.27,pass,,read_secondary,"{""background_write_acknowledged"": true, ""reads"": [{""version"": 637, ""max_seen_before"": 636, ""violation"": false}, {""version"": 637, ""max_seen_before"": 637, ""violation"": false}]}"
20260919T070606Z_3811b539,638,normal,1789801577.9937797,1789801578.0090978,15.417,0,15.417,pass,,read_secondary,"{""background_write_acknowledged"": true, ""reads"": [{""version"": 638, ""max_seen_before"": 637, ""violation"": false}, {""version"": 638, ""max_seen_before"": 638, ""violation"": false}]}"
20260919T070606Z_3811b539,639,normal,1789801578.0090978,1789801578.0252206,16.15,0,16.15,pass,,read_secondary,"{""background_write_acknowledged"": true, ""reads"": [{""version"": 639, ""max_seen_before"": 638, ""violation"": false}, {""version"": 639, ""max_seen_before"": 639, ""violation"": false}]}"
20260919T070606Z_3811b539,640,normal,1789801578.025853,1789801578.04141,15.956,0,15.956,pass,,read_secondary,"{""background_write_acknowledged"": true, ""reads"": [{""version"": 640, ""max_seen_before"": 639, ""violation"": false}, {""version"": 640, ""max_seen_before"": 640, ""violation"": false}]}"
20260919T070606Z_3811b539,641,normal,1789801578.04141,1789801578.0561674,14.509,0,14.509,pass,,read_secondary,"{""background_write_acknowledged"": true, ""reads"": [{""version"": 641, ""max_seen_before"": 640, ""violation"": false}, {""version"": 641, ""max_seen_before"": 641, ""violation"": false}]}"
20260919T070606Z_3811b539,642,normal,1789801578.0561674,1789801578.0712402,14.949,0,14.949,pass,,read_secondary,"{""background_write_acknowledged"": true, ""reads"": [{""version"": 642, ""max_seen_before"": 641, ""violation"": false}, {""version"": 642, ""max_seen_before"": 642, ""violation"": false}]}"
20260919T070606Z_3811b539,643,normal,1789801578.0712402,1789801578.089029,17.384,0,17.384,pass,,read_secondary,"{""background_write_acknowledged"": true, ""reads"": [{""version"": 643, ""max_seen_before"": 642, ""violation"": false}, {""version"": 643, ""max_seen_before"": 643, ""violation"": false}]}"
20260919T070606Z_3811b539,644,normal,1789801578.089029,1789801578.105355,16.264,0,16.264,pass,,read_secondary,"{""background_write_acknowledged"": true, ""reads"": [{""version"": 644, ""max_seen_before"": 643, ""violation"": false}, {""version"": 644, ""max_seen_before"": 644, ""violation"": false}]}"
20260919T070606Z_3811b539,645,normal,1789801578.105355,1789801578.1213777,16.252,0,16.252,pass,,read_secondary,"{""background_write_acknowledged"": true, ""reads"": [{""version"": 645, ""max_seen_before"": 644, ""violation"": false}, {""version"": 645, ""max_seen_before"": 645, ""violation"": false}]}"
20260919T070606Z_3811b539,646,normal,1789801578.1219223,1789801578.1371548,15.516,0,15.516,pass,,read_secondary,"{""background_write_acknowledged"": true, ""reads"": [{""version"": 646, ""max_seen_before"": 645, ""violation"": false}, {""version"": 646, ""max_seen_before"": 646, ""violation"": false}]}"
20260919T070606Z_3811b539,647,normal,1789801578.1371548,1789801578.1551638,17.672,0,17.672,pass,,read_secondary,"{""background_write_acknowledged"": true, ""reads"": [{""version"": 647, ""max_seen_before"": 646, ""violation"": false}, {""version"": 647, ""max_seen_before"": 647, ""violation"": false}]}"
20260919T070606Z_3811b539,648,normal,1789801578.1551638,1789801578.1708245,15.639,0,15.639,pass,,read_secondary,"{""background_write_acknowledged"": true, ""reads"": [{""version"": 648, ""max_seen_before"": 647, ""violation"": false}, {""version"": 648, ""max_seen_before"": 648, ""violation"": false}]}"
20260919T070606Z_3811b539,649,normal,1789801578.1708245,1789801578.1883383,17.07,0,17.07,pass,,read_secondary,"{""background_write_acknowledged"": true, ""reads"": [{""version"": 649, ""max_seen_before"": 648, ""violation"": false}, {""version"": 649, ""max_seen_before"": 649, ""violation"": false}]}"
20260919T070606Z_3811b539,650,normal,1789801578.1883383,1789801578.2041914,15.956,0,15.956,pass,,read_secondary,"{""background_write_acknowledged"": true, ""reads"": [{""version"": 650, ""max_seen_before"": 649, ""violation"": false}, {""version"": 650, ""max_seen_before"": 650, ""violation"": false}]}"
20260919T070606Z_3811b539,651,normal,1789801578.2048144,1789801578.2209444,16.388,0,16.388,pass,,read_secondary,"{""background_write_acknowledged"": true, ""reads"": [{""version"": 651, ""max_seen_before"": 650, ""violation"": false}, {""version"": 651, ""max_seen_before"": 651, ""violation"": false}]}"
20260919T070606Z_3811b539,652,normal,1789801578.2209444,1789801578.2372534,16.404,0,16.404,pass,,read_secondary,"{""background_write_acknowledged"": true, ""reads"": [{""version"": 652, ""max_seen_before"": 651, ""violation"": false}, {""version"": 652, ""max_seen_before"": 652, ""violation"": false}]}"
20260919T070606Z_3811b539,653,normal,1789801578.237868,1789801578.25388,16.436,0,16.436,pass,,read_secondary,"{""background_write_acknowledged"": true, ""reads"": [{""version"": 653, ""max_seen_before"": 652, ""violation"": false}, {""version"": 653, ""max_seen_before"": 653, ""violation"": false}]}"
20260919T070606Z_3811b539,654,normal,1789801578.25388,1789801578.2690914,14.668,0,14.668,pass,,read_secondary,"{""background_write_acknowledged"": true, ""reads"": [{""version"": 654, ""max_seen_before"": 653, ""violation"": false}, {""version"": 654, ""max_seen_before"": 654, ""violation"": false}]}"
20260919T070606Z_3811b539,655,normal,1789801578.2690914,1789801578.2844586,15.438,0,15.438,pass,,read_secondary,"{""background_write_acknowledged"": true, ""reads"": [{""version"": 655, ""max_seen_before"": 654, ""violation"": false}, {""version"": 655, ""max_seen_before"": 655, ""violation"": false}]}"
20260919T070606Z_3811b539,656,normal,1789801578.2844586,1789801578.3014863,16.771,0,16.771,pass,,read_secondary,"{""background_write_acknowledged"": true, ""reads"": [{""version"": 656, ""max_seen_before"": 655, ""violation"": false}, {""version"": 656, ""max_seen_before"": 656, ""violation"": false}]}"
20260919T070606Z_3811b539,657,normal,1789801578.3014863,1789801578.317469,16.001,0,16.001,pass,,read_secondary,"{""background_write_acknowledged"": true, ""reads"": [{""version"": 657, ""max_seen_before"": 656, ""violation"": false}, {""version"": 657, ""max_seen_before"": 657, ""violation"": false}]}"
20260919T070606Z_3811b539,658,normal,1789801578.3178189,1789801578.333416,15.625,0,15.625,pass,,read_secondary,"{""background_write_acknowledged"": true, ""reads"": [{""version"": 658, ""max_seen_before"": 657, ""violation"": false}, {""version"": 658, ""max_seen_before"": 658, ""violation"": false}]}"
20260919T070606Z_3811b539,659,normal,1789801578.333416,1789801578.348056,14.808,0,14.808,pass,,read_secondary,"{""background_write_acknowledged"": true, ""reads"": [{""version"": 659, ""max_seen_before"": 658, ""violation"": false}, {""version"": 659, ""max_seen_before"": 659, ""violation"": false}]}"
20260919T070606Z_3811b539,660,normal,1789801578.348056,1789801578.3651881,16.859,0,16.859,pass,,read_secondary,"{""background_write_acknowledged"": true, ""reads"": [{""version"": 660, ""max_seen_before"": 659, ""violation"": false}, {""version"": 660, ""max_seen_before"": 660, ""violation"": false}]}"
20260919T070606Z_3811b539,661,normal,1789801578.3651881,1789801578.3804042,15.242,0,15.242,pass,,read_secondary,"{""background_write_acknowledged"": true, ""reads"": [{""version"": 661, ""max_seen_before"": 660, ""violation"": false}, {""version"": 661, ""max_seen_before"": 661, ""violation"": false}]}"
20260919T070606Z_3811b539,662,normal,1789801578.3810015,1789801578.3966281,15.741,0,15.741,pass,,read_secondary,"{""background_write_acknowledged"": true, ""reads"": [{""version"": 662, ""max_seen_before"": 661, ""violation"": false}, {""version"": 662, ""max_seen_before"": 662, ""violation"": false}]}"
20260919T070606Z_3811b539,663,normal,1789801578.3966281,1789801578.4143074,17.595,0,17.595,pass,,read_secondary,"{""background_write_acknowledged"": true, ""reads"": [{""version"": 663, ""max_seen_before"": 662, ""violation"": false}, {""version"": 663, ""max_seen_before"": 663, ""violation"": false}]}"
20260919T070606Z_3811b539,664,normal,1789801578.4143074,1789801578.4301984,15.74,0,15.74,pass,,read_secondary,"{""background_write_acknowledged"": true, ""reads"": [{""version"": 664, ""max_seen_before"": 663, ""violation"": false}, {""version"": 664, ""max_seen_before"": 664, ""violation"": false}]}"
20260919T070606Z_3811b539,665,normal,1789801578.4301984,1789801578.445669,15.56,0,15.56,pass,,read_secondary,"{""background_write_acknowledged"": true, ""reads"": [{""version"": 665, ""max_seen_before"": 664, ""violation"": false}, {""version"": 665, ""max_seen_before"": 665, ""violation"": false}]}"
20260919T070606Z_3811b539,666,normal,1789801578.445669,1789801578.460946,14.759,0,14.759,pass,,read_secondary,"{""background_write_acknowledged"": true, ""reads"": [{""version"": 666, ""max_seen_before"": 665, ""violation"": false}, {""version"": 666, ""max_seen_before"": 666, ""violation"": false}]}"
20260919T070606Z_3811b539,667,normal,1789801578.460946,1789801578.4766994,15.973,0,15.973,pass,,read_secondary,"{""background_write_acknowledged"": true, ""reads"": [{""version"": 667, ""max_seen_before"": 666, ""violation"": false}, {""version"": 667, ""max_seen_before"": 667, ""violation"": false}]}"
20260919T070606Z_3811b539,668,normal,1789801578.4766994,1789801578.4921737,15.249,0,15.249,pass,,read_secondary,"{""background_write_acknowledged"": true, ""reads"": [{""version"": 668, ""max_seen_before"": 667, ""violation"": false}, {""version"": 668, ""max_seen_before"": 668, ""violation"": false}]}"
20260919T070606Z_3811b539,669,normal,1789801578.4921737,1789801578.5085547,16.252,0,16.252,pass,,read_secondary,"{""background_write_acknowledged"": true, ""reads"": [{""version"": 669, ""max_seen_before"": 668, ""violation"": false}, {""version"": 669, ""max_seen_before"": 669, ""violation"": false}]}"
20260919T070606Z_3811b539,670,normal,1789801578.5085547,1789801578.523378,14.766,0,14.766,pass,,read_secondary,"{""background_write_acknowledged"": true, ""reads"": [{""version"": 670, ""max_seen_before"": 669, ""violation"": false}, {""version"": 670, ""max_seen_before"": 670, ""violation"": false}]}"
20260919T070606Z_3811b539,671,normal,1789801578.523378,1789801578.5384755,15.123,0,15.123,pass,,read_secondary,"{""background_write_acknowledged"": true, ""reads"": [{""version"": 671, ""max_seen_before"": 670, ""violation"": false}, {""version"": 671, ""max_seen_before"": 671, ""violation"": false}]}"
20260919T070606Z_3811b539,672,normal,1789801578.5384755,1789801578.552666,14.147,0,14.147,pass,,read_secondary,"{""background_write_acknowledged"": true, ""reads"": [{""version"": 672, ""max_seen_before"": 671, ""violation"": false}, {""version"": 672, ""max_seen_before"": 672, ""violation"": false}]}"
20260919T070606Z_3811b539,673,normal,1789801578.5532563,1789801578.5676842,14.491,0,14.491,pass,,read_secondary,"{""background_write_acknowledged"": true, ""reads"": [{""version"": 673, ""max_seen_before"": 672, ""violation"": false}, {""version"": 673, ""max_seen_before"": 673, ""violation"": false}]}"
20260919T070606Z_3811b539,674,normal,1789801578.5676842,1789801578.5822897,14.657,0,14.657,pass,,read_secondary,"{""background_write_acknowledged"": true, ""reads"": [{""version"": 674, ""max_seen_before"": 673, ""violation"": false}, {""version"": 674, ""max_seen_before"": 674, ""violation"": false}]}"
20260919T070606Z_3811b539,675,normal,1789801578.5822897,1789801578.597291,14.789,0,14.789,pass,,read_secondary,"{""background_write_acknowledged"": true, ""reads"": [{""version"": 675, ""max_seen_before"": 674, ""violation"": false}, {""version"": 675, ""max_seen_before"": 675, ""violation"": false}]}"
20260919T070606Z_3811b539,676,normal,1789801578.597291,1789801578.6121714,14.619,0,14.619,pass,,read_secondary,"{""background_write_acknowledged"": true, ""reads"": [{""version"": 676, ""max_seen_before"": 675, ""violation"": false}, {""version"": 676, ""max_seen_before"": 676, ""violation"": false}]}"
20260919T070606Z_3811b539,677,normal,1789801578.6121714,1789801578.6264105,14.209,0,14.209,pass,,read_secondary,"{""background_write_acknowledged"": true, ""reads"": [{""version"": 677, ""max_seen_before"": 676, ""violation"": false}, {""version"": 677, ""max_seen_before"": 677, ""violation"": false}]}"
20260919T070606Z_3811b539,678,normal,1789801578.6264105,1789801578.6419556,15.627,0,15.627,pass,,read_secondary,"{""background_write_acknowledged"": true, ""reads"": [{""version"": 678, ""max_seen_before"": 677, ""violation"": false}, {""version"": 678, ""max_seen_before"": 678, ""violation"": false}]}"
20260919T070606Z_3811b539,679,normal,1789801578.6419556,1789801578.6589484,16.626,0,16.626,pass,,read_secondary,"{""background_write_acknowledged"": true, ""reads"": [{""version"": 679, ""max_seen_before"": 678, ""violation"": false}, {""version"": 679, ""max_seen_before"": 679, ""violation"": false}]}"
20260919T070606Z_3811b539,680,normal,1789801578.6589484,1789801578.6738179,14.74,0,14.74,pass,,read_secondary,"{""background_write_acknowledged"": true, ""reads"": [{""version"": 680, ""max_seen_before"": 679, ""violation"": false}, {""version"": 680, ""max_seen_before"": 680, ""violation"": false}]}"
20260919T070606Z_3811b539,681,normal,1789801578.6738179,1789801578.6888645,14.767,0,14.767,pass,,read_secondary,"{""background_write_acknowledged"": true, ""reads"": [{""version"": 681, ""max_seen_before"": 680, ""violation"": false}, {""version"": 681, ""max_seen_before"": 681, ""violation"": false}]}"
20260919T070606Z_3811b539,682,normal,1789801578.6888645,1789801578.7031112,14.096,0,14.096,pass,,read_secondary,"{""background_write_acknowledged"": true, ""reads"": [{""version"": 682, ""max_seen_before"": 681, ""violation"": false}, {""version"": 682, ""max_seen_before"": 682, ""violation"": false}]}"
20260919T070606Z_3811b539,683,normal,1789801578.7031112,1789801578.7168748,14.03,0,14.03,pass,,read_secondary,"{""background_write_acknowledged"": true, ""reads"": [{""version"": 683, ""max_seen_before"": 682, ""violation"": false}, {""version"": 683, ""max_seen_before"": 683, ""violation"": false}]}"
20260919T070606Z_3811b539,684,normal,1789801578.7168748,1789801578.7316928,14.635,0,14.635,pass,,read_secondary,"{""background_write_acknowledged"": true, ""reads"": [{""version"": 684, ""max_seen_before"": 683, ""violation"": false}, {""version"": 684, ""max_seen_before"": 684, ""violation"": false}]}"
20260919T070606Z_3811b539,685,normal,1789801578.7316928,1789801578.7448614,13.082,0,13.082,pass,,read_secondary,"{""background_write_acknowledged"": true, ""reads"": [{""version"": 685, ""max_seen_before"": 684, ""violation"": false}, {""version"": 685, ""max_seen_before"": 685, ""violation"": false}]}"
20260919T070606Z_3811b539,686,normal,1789801578.7448614,1789801578.7593021,13.953,0,13.953,pass,,read_secondary,"{""background_write_acknowledged"": true, ""reads"": [{""version"": 686, ""max_seen_before"": 685, ""violation"": false}, {""version"": 686, ""max_seen_before"": 686, ""violation"": false}]}"
20260919T070606Z_3811b539,687,normal,1789801578.7593021,1789801578.7737582,14.83,0,14.83,pass,,read_secondary,"{""background_write_acknowledged"": true, ""reads"": [{""version"": 687, ""max_seen_before"": 686, ""violation"": false}, {""version"": 687, ""max_seen_before"": 687, ""violation"": false}]}"
20260919T070606Z_3811b539,688,normal,1789801578.7743452,1789801578.7886825,14.515,0,14.515,pass,,read_secondary,"{""background_write_acknowledged"": true, ""reads"": [{""version"": 688, ""max_seen_before"": 687, ""violation"": false}, {""version"": 688, ""max_seen_before"": 688, ""violation"": false}]}"
20260919T070606Z_3811b539,689,normal,1789801578.7886825,1789801578.802601,14.053,0,14.053,pass,,read_secondary,"{""background_write_acknowledged"": true, ""reads"": [{""version"": 689, ""max_seen_before"": 688, ""violation"": false}, {""version"": 689, ""max_seen_before"": 689, ""violation"": false}]}"
20260919T070606Z_3811b539,690,normal,1789801578.8032,1789801578.8173873,14.696,0,14.696,pass,,read_secondary,"{""background_write_acknowledged"": true, ""reads"": [{""version"": 690, ""max_seen_before"": 689, ""violation"": false}, {""version"": 690, ""max_seen_before"": 690, ""violation"": false}]}"
20260919T070606Z_3811b539,691,normal,1789801578.8179686,1789801578.83358,15.78,0,15.78,pass,,read_secondary,"{""background_write_acknowledged"": true, ""reads"": [{""version"": 691, ""max_seen_before"": 690, ""violation"": false}, {""version"": 691, ""max_seen_before"": 691, ""violation"": false}]}"
20260919T070606Z_3811b539,692,normal,1789801578.83358,1789801578.8489122,15.275,0,15.275,pass,,read_secondary,"{""background_write_acknowledged"": true, ""reads"": [{""version"": 692, ""max_seen_before"": 691, ""violation"": false}, {""version"": 692, ""max_seen_before"": 692, ""violation"": false}]}"
20260919T070606Z_3811b539,693,normal,1789801578.8489122,1789801578.8648605,15.465,0,15.465,pass,,read_secondary,"{""background_write_acknowledged"": true, ""reads"": [{""version"": 693, ""max_seen_before"": 692, ""violation"": false}, {""version"": 693, ""max_seen_before"": 693, ""violation"": false}]}"
20260919T070606Z_3811b539,694,normal,1789801578.8648605,1789801578.8796594,14.839,0,14.839,pass,,read_secondary,"{""background_write_acknowledged"": true, ""reads"": [{""version"": 694, ""max_seen_before"": 693, ""violation"": false}, {""version"": 694, ""max_seen_before"": 694, ""violation"": false}]}"
20260919T070606Z_3811b539,695,normal,1789801578.8796594,1789801578.8959355,16.409,0,16.409,pass,,read_secondary,"{""background_write_acknowledged"": true, ""reads"": [{""version"": 695, ""max_seen_before"": 694, ""violation"": false}, {""version"": 695, ""max_seen_before"": 695, ""violation"": false}]}"
20260919T070606Z_3811b539,696,normal,1789801578.8959355,1789801578.9100728,13.61,0,13.61,pass,,read_secondary,"{""background_write_acknowledged"": true, ""reads"": [{""version"": 696, ""max_seen_before"": 695, ""violation"": false}, {""version"": 696, ""max_seen_before"": 696, ""violation"": false}]}"
20260919T070606Z_3811b539,697,normal,1789801578.9100728,1789801578.9236038,13.484,0,13.484,pass,,read_secondary,"{""background_write_acknowledged"": true, ""reads"": [{""version"": 697, ""max_seen_before"": 696, ""violation"": false}, {""version"": 697, ""max_seen_before"": 697, ""violation"": false}]}"
20260919T070606Z_3811b539,698,normal,1789801578.9236038,1789801578.93743,14.006,0,14.006,pass,,read_secondary,"{""background_write_acknowledged"": true, ""reads"": [{""version"": 698, ""max_seen_before"": 697, ""violation"": false}, {""version"": 698, ""max_seen_before"": 698, ""violation"": false}]}"
20260919T070606Z_3811b539,699,normal,1789801578.9380438,1789801578.9518623,14.193,0,14.193,pass,,read_secondary,"{""background_write_acknowledged"": true, ""reads"": [{""version"": 699, ""max_seen_before"": 698, ""violation"": false}, {""version"": 699, ""max_seen_before"": 699, ""violation"": false}]}"
20260919T070606Z_3811b539,700,normal,1789801578.9518623,1789801578.9661071,13.754,0,13.754,pass,,read_secondary,"{""background_write_acknowledged"": true, ""reads"": [{""version"": 700, ""max_seen_before"": 699, ""violation"": false}, {""version"": 700, ""max_seen_before"": 700, ""violation"": false}]}"
20260919T070606Z_3811b539,701,normal,1789801578.9719205,1789801578.988732,16.488,0,16.488,pass,,read_secondary,"{""background_write_acknowledged"": true, ""reads"": [{""version"": 701, ""max_seen_before"": 700, ""violation"": false}, {""version"": 701, ""max_seen_before"": 701, ""violation"": false}]}"
20260919T070606Z_3811b539,702,normal,1789801578.988732,1789801579.0040677,15.218,0,15.218,pass,,read_secondary,"{""background_write_acknowledged"": true, ""reads"": [{""version"": 702, ""max_seen_before"": 701, ""violation"": false}, {""version"": 702, ""max_seen_before"": 702, ""violation"": false}]}"
20260919T070606Z_3811b539,703,normal,1789801579.0040677,1789801579.0196297,15.586,0,15.586,pass,,read_secondary,"{""background_write_acknowledged"": true, ""reads"": [{""version"": 703, ""max_seen_before"": 702, ""violation"": false}, {""version"": 703, ""max_seen_before"": 703, ""violation"": false}]}"
20260919T070606Z_3811b539,704,normal,1789801579.0202436,1789801579.0338902,13.679,0,13.679,pass,,read_secondary,"{""background_write_acknowledged"": true, ""reads"": [{""version"": 704, ""max_seen_before"": 703, ""violation"": false}, {""version"": 704, ""max_seen_before"": 704, ""violation"": false}]}"
20260919T070606Z_3811b539,705,normal,1789801579.0338902,1789801579.0492237,15.33,0,15.33,pass,,read_secondary,"{""background_write_acknowledged"": true, ""reads"": [{""version"": 705, ""max_seen_before"": 704, ""violation"": false}, {""version"": 705, ""max_seen_before"": 705, ""violation"": false}]}"
20260919T070606Z_3811b539,706,normal,1789801579.0492237,1789801579.0646505,15.738,0,15.738,pass,,read_secondary,"{""background_write_acknowledged"": true, ""reads"": [{""version"": 706, ""max_seen_before"": 705, ""violation"": false}, {""version"": 706, ""max_seen_before"": 706, ""violation"": false}]}"
20260919T070606Z_3811b539,707,normal,1789801579.0653677,1789801579.0808089,15.977,0,15.977,pass,,read_secondary,"{""background_write_acknowledged"": true, ""reads"": [{""version"": 707, ""max_seen_before"": 706, ""violation"": false}, {""version"": 707, ""max_seen_before"": 707, ""violation"": false}]}"
20260919T070606Z_3811b539,708,normal,1789801579.0808089,1789801579.0967414,15.351,0,15.351,pass,,read_secondary,"{""background_write_acknowledged"": true, ""reads"": [{""version"": 708, ""max_seen_before"": 707, ""violation"": false}, {""version"": 708, ""max_seen_before"": 708, ""violation"": false}]}"
20260919T070606Z_3811b539,709,normal,1789801579.0967414,1789801579.111663,14.966,0,14.966,pass,,read_secondary,"{""background_write_acknowledged"": true, ""reads"": [{""version"": 709, ""max_seen_before"": 708, ""violation"": false}, {""version"": 709, ""max_seen_before"": 709, ""violation"": false}]}"
20260919T070606Z_3811b539,710,normal,1789801579.111663,1789801579.1261225,14.082,0,14.082,pass,,read_secondary,"{""background_write_acknowledged"": true, ""reads"": [{""version"": 710, ""max_seen_before"": 709, ""violation"": false}, {""version"": 710, ""max_seen_before"": 710, ""violation"": false}]}"
20260919T070606Z_3811b539,711,normal,1789801579.1261225,1789801579.1424284,16.628,0,16.628,pass,,read_secondary,"{""background_write_acknowledged"": true, ""reads"": [{""version"": 711, ""max_seen_before"": 710, ""violation"": false}, {""version"": 711, ""max_seen_before"": 711, ""violation"": false}]}"
20260919T070606Z_3811b539,712,normal,1789801579.1429834,1789801579.1572366,14.197,0,14.197,pass,,read_secondary,"{""background_write_acknowledged"": true, ""reads"": [{""version"": 712, ""max_seen_before"": 711, ""violation"": false}, {""version"": 712, ""max_seen_before"": 712, ""violation"": false}]}"
20260919T070606Z_3811b539,713,normal,1789801579.1572366,1789801579.1736767,16.527,0,16.527,pass,,read_secondary,"{""background_write_acknowledged"": true, ""reads"": [{""version"": 713, ""max_seen_before"": 712, ""violation"": false}, {""version"": 713, ""max_seen_before"": 713, ""violation"": false}]}"
20260919T070606Z_3811b539,714,normal,1789801579.1736767,1789801579.187228,13.805,0,13.805,pass,,read_secondary,"{""background_write_acknowledged"": true, ""reads"": [{""version"": 714, ""max_seen_before"": 713, ""violation"": false}, {""version"": 714, ""max_seen_before"": 714, ""violation"": false}]}"
20260919T070606Z_3811b539,715,normal,1789801579.1878574,1789801579.201988,14.137,0,14.137,pass,,read_secondary,"{""background_write_acknowledged"": true, ""reads"": [{""version"": 715, ""max_seen_before"": 714, ""violation"": false}, {""version"": 715, ""max_seen_before"": 715, ""violation"": false}]}"
20260919T070606Z_3811b539,716,normal,1789801579.201988,1789801579.2146945,13.058,0,13.058,pass,,read_secondary,"{""background_write_acknowledged"": true, ""reads"": [{""version"": 716, ""max_seen_before"": 715, ""violation"": false}, {""version"": 716, ""max_seen_before"": 716, ""violation"": false}]}"
20260919T070606Z_3811b539,717,normal,1789801579.2153227,1789801579.2287843,13.979,0,13.979,pass,,read_secondary,"{""background_write_acknowledged"": true, ""reads"": [{""version"": 717, ""max_seen_before"": 716, ""violation"": false}, {""version"": 717, ""max_seen_before"": 717, ""violation"": false}]}"
20260919T070606Z_3811b539,718,normal,1789801579.2293587,1789801579.2429738,14.07,0,14.07,pass,,read_secondary,"{""background_write_acknowledged"": true, ""reads"": [{""version"": 718, ""max_seen_before"": 717, ""violation"": false}, {""version"": 718, ""max_seen_before"": 718, ""violation"": false}]}"
20260919T070606Z_3811b539,719,normal,1789801579.2435942,1789801579.2572665,14.082,0,14.082,pass,,read_secondary,"{""background_write_acknowledged"": true, ""reads"": [{""version"": 719, ""max_seen_before"": 718, ""violation"": false}, {""version"": 719, ""max_seen_before"": 719, ""violation"": false}]}"
20260919T070606Z_3811b539,720,normal,1789801579.2572665,1789801579.2729423,15.195,0,15.195,pass,,read_secondary,"{""background_write_acknowledged"": true, ""reads"": [{""version"": 720, ""max_seen_before"": 719, ""violation"": false}, {""version"": 720, ""max_seen_before"": 720, ""violation"": false}]}"
20260919T070606Z_3811b539,721,normal,1789801579.2729423,1789801579.2879875,15.169,0,15.169,pass,,read_secondary,"{""background_write_acknowledged"": true, ""reads"": [{""version"": 721, ""max_seen_before"": 720, ""violation"": false}, {""version"": 721, ""max_seen_before"": 721, ""violation"": false}]}"
20260919T070606Z_3811b539,722,normal,1789801579.2879875,1789801579.3038387,15.37,0,15.37,pass,,read_secondary,"{""background_write_acknowledged"": true, ""reads"": [{""version"": 722, ""max_seen_before"": 721, ""violation"": false}, {""version"": 722, ""max_seen_before"": 722, ""violation"": false}]}"
20260919T070606Z_3811b539,723,normal,1789801579.3038387,1789801579.318271,14.764,0,14.764,pass,,read_secondary,"{""background_write_acknowledged"": true, ""reads"": [{""version"": 723, ""max_seen_before"": 722, ""violation"": false}, {""version"": 723, ""max_seen_before"": 723, ""violation"": false}]}"
20260919T070606Z_3811b539,724,normal,1789801579.3188748,1789801579.334656,15.791,0,15.791,pass,,read_secondary,"{""background_write_acknowledged"": true, ""reads"": [{""version"": 724, ""max_seen_before"": 723, ""violation"": false}, {""version"": 724, ""max_seen_before"": 724, ""violation"": false}]}"
20260919T070606Z_3811b539,725,normal,1789801579.334656,1789801579.3490524,14.613,0,14.613,pass,,read_secondary,"{""background_write_acknowledged"": true, ""reads"": [{""version"": 725, ""max_seen_before"": 724, ""violation"": false}, {""version"": 725, ""max_seen_before"": 725, ""violation"": false}]}"
20260919T070606Z_3811b539,726,normal,1789801579.3490524,1789801579.3648796,15.554,0,15.554,pass,,read_secondary,"{""background_write_acknowledged"": true, ""reads"": [{""version"": 726, ""max_seen_before"": 725, ""violation"": false}, {""version"": 726, ""max_seen_before"": 726, ""violation"": false}]}"
20260919T070606Z_3811b539,727,normal,1789801579.3648796,1789801579.3822649,17.177,0,17.177,pass,,read_secondary,"{""background_write_acknowledged"": true, ""reads"": [{""version"": 727, ""max_seen_before"": 726, ""violation"": false}, {""version"": 727, ""max_seen_before"": 727, ""violation"": false}]}"
20260919T070606Z_3811b539,728,normal,1789801579.3822649,1789801579.39742,15.307,0,15.307,pass,,read_secondary,"{""background_write_acknowledged"": true, ""reads"": [{""version"": 728, ""max_seen_before"": 727, ""violation"": false}, {""version"": 728, ""max_seen_before"": 728, ""violation"": false}]}"
20260919T070606Z_3811b539,729,normal,1789801579.39742,1789801579.413699,15.881,0,15.881,pass,,read_secondary,"{""background_write_acknowledged"": true, ""reads"": [{""version"": 729, ""max_seen_before"": 728, ""violation"": false}, {""version"": 729, ""max_seen_before"": 729, ""violation"": false}]}"
20260919T070606Z_3811b539,730,normal,1789801579.413699,1789801579.4291131,15.089,0,15.089,pass,,read_secondary,"{""background_write_acknowledged"": true, ""reads"": [{""version"": 730, ""max_seen_before"": 729, ""violation"": false}, {""version"": 730, ""max_seen_before"": 730, ""violation"": false}]}"
20260919T070606Z_3811b539,731,normal,1789801579.4291131,1789801579.4440808,15.38,0,15.38,pass,,read_secondary,"{""background_write_acknowledged"": true, ""reads"": [{""version"": 731, ""max_seen_before"": 730, ""violation"": false}, {""version"": 731, ""max_seen_before"": 731, ""violation"": false}]}"
20260919T070606Z_3811b539,732,normal,1789801579.444709,1789801579.4593024,14.909,0,14.909,pass,,read_secondary,"{""background_write_acknowledged"": true, ""reads"": [{""version"": 732, ""max_seen_before"": 731, ""violation"": false}, {""version"": 732, ""max_seen_before"": 732, ""violation"": false}]}"
20260919T070606Z_3811b539,733,normal,1789801579.4593024,1789801579.4729862,13.659,0,13.659,pass,,read_secondary,"{""background_write_acknowledged"": true, ""reads"": [{""version"": 733, ""max_seen_before"": 732, ""violation"": false}, {""version"": 733, ""max_seen_before"": 733, ""violation"": false}]}"
20260919T070606Z_3811b539,734,normal,1789801579.473591,1789801579.4886174,15.233,0,15.233,pass,,read_secondary,"{""background_write_acknowledged"": true, ""reads"": [{""version"": 734, ""max_seen_before"": 733, ""violation"": false}, {""version"": 734, ""max_seen_before"": 734, ""violation"": false}]}"
20260919T070606Z_3811b539,735,normal,1789801579.4886174,1789801579.503513,14.827,0,14.827,pass,,read_secondary,"{""background_write_acknowledged"": true, ""reads"": [{""version"": 735, ""max_seen_before"": 734, ""violation"": false}, {""version"": 735, ""max_seen_before"": 735, ""violation"": false}]}"
20260919T070606Z_3811b539,736,normal,1789801579.503513,1789801579.5179234,14.048,0,14.048,pass,,read_secondary,"{""background_write_acknowledged"": true, ""reads"": [{""version"": 736, ""max_seen_before"": 735, ""violation"": false}, {""version"": 736, ""max_seen_before"": 736, ""violation"": false}]}"
20260919T070606Z_3811b539,737,normal,1789801579.5179234,1789801579.5329652,14.973,0,14.973,pass,,read_secondary,"{""background_write_acknowledged"": true, ""reads"": [{""version"": 737, ""max_seen_before"": 736, ""violation"": false}, {""version"": 737, ""max_seen_before"": 737, ""violation"": false}]}"
20260919T070606Z_3811b539,738,normal,1789801579.5329652,1789801579.5470552,14.181,0,14.181,pass,,read_secondary,"{""background_write_acknowledged"": true, ""reads"": [{""version"": 738, ""max_seen_before"": 737, ""violation"": false}, {""version"": 738, ""max_seen_before"": 738, ""violation"": false}]}"
20260919T070606Z_3811b539,739,normal,1789801579.5470552,1789801579.5619829,14.569,0,14.569,pass,,read_secondary,"{""background_write_acknowledged"": true, ""reads"": [{""version"": 739, ""max_seen_before"": 738, ""violation"": false}, {""version"": 739, ""max_seen_before"": 739, ""violation"": false}]}"
20260919T070606Z_3811b539,740,normal,1789801579.5619829,1789801579.5764368,14.6,0,14.6,pass,,read_secondary,"{""background_write_acknowledged"": true, ""reads"": [{""version"": 740, ""max_seen_before"": 739, ""violation"": false}, {""version"": 740, ""max_seen_before"": 740, ""violation"": false}]}"
20260919T070606Z_3811b539,741,normal,1789801579.5764368,1789801579.5914564,14.658,0,14.658,pass,,read_secondary,"{""background_write_acknowledged"": true, ""reads"": [{""version"": 741, ""max_seen_before"": 740, ""violation"": false}, {""version"": 741, ""max_seen_before"": 741, ""violation"": false}]}"
20260919T070606Z_3811b539,742,normal,1789801579.5914564,1789801579.6064534,15.21,0,15.21,pass,,read_secondary,"{""background_write_acknowledged"": true, ""reads"": [{""version"": 742, ""max_seen_before"": 741, ""violation"": false}, {""version"": 742, ""max_seen_before"": 742, ""violation"": false}]}"
20260919T070606Z_3811b539,743,normal,1789801579.6064534,1789801579.6230185,16.197,0,16.197,pass,,read_secondary,"{""background_write_acknowledged"": true, ""reads"": [{""version"": 743, ""max_seen_before"": 742, ""violation"": false}, {""version"": 743, ""max_seen_before"": 743, ""violation"": false}]}"
20260919T070606Z_3811b539,744,normal,1789801579.6230185,1789801579.6359456,12.925,0,12.925,pass,,read_secondary,"{""background_write_acknowledged"": true, ""reads"": [{""version"": 744, ""max_seen_before"": 743, ""violation"": false}, {""version"": 744, ""max_seen_before"": 744, ""violation"": false}]}"
20260919T070606Z_3811b539,745,normal,1789801579.6359456,1789801579.6510377,14.754,0,14.754,pass,,read_secondary,"{""background_write_acknowledged"": true, ""reads"": [{""version"": 745, ""max_seen_before"": 744, ""violation"": false}, {""version"": 745, ""max_seen_before"": 745, ""violation"": false}]}"
20260919T070606Z_3811b539,746,normal,1789801579.6510377,1789801579.6659696,14.757,0,14.757,pass,,read_secondary,"{""background_write_acknowledged"": true, ""reads"": [{""version"": 746, ""max_seen_before"": 745, ""violation"": false}, {""version"": 746, ""max_seen_before"": 746, ""violation"": false}]}"
20260919T070606Z_3811b539,747,normal,1789801579.6659696,1789801579.6798394,14.356,0,14.356,pass,,read_secondary,"{""background_write_acknowledged"": true, ""reads"": [{""version"": 747, ""max_seen_before"": 746, ""violation"": false}, {""version"": 747, ""max_seen_before"": 747, ""violation"": false}]}"
20260919T070606Z_3811b539,748,normal,1789801579.6805017,1789801579.6942923,14.092,0,14.092,pass,,read_secondary,"{""background_write_acknowledged"": true, ""reads"": [{""version"": 748, ""max_seen_before"": 747, ""violation"": false}, {""version"": 748, ""max_seen_before"": 748, ""violation"": false}]}"
20260919T070606Z_3811b539,749,normal,1789801579.6942923,1789801579.7086265,14.042,0,14.042,pass,,read_secondary,"{""background_write_acknowledged"": true, ""reads"": [{""version"": 749, ""max_seen_before"": 748, ""violation"": false}, {""version"": 749, ""max_seen_before"": 749, ""violation"": false}]}"
20260919T070606Z_3811b539,750,normal,1789801579.7086265,1789801579.7225125,13.871,0,13.871,pass,,read_secondary,"{""background_write_acknowledged"": true, ""reads"": [{""version"": 750, ""max_seen_before"": 749, ""violation"": false}, {""version"": 750, ""max_seen_before"": 750, ""violation"": false}]}"
20260919T070606Z_3811b539,751,normal,1789801579.7225125,1789801579.7363248,13.456,0,13.456,pass,,read_secondary,"{""background_write_acknowledged"": true, ""reads"": [{""version"": 751, ""max_seen_before"": 750, ""violation"": false}, {""version"": 751, ""max_seen_before"": 751, ""violation"": false}]}"
20260919T070606Z_3811b539,752,normal,1789801579.7363248,1789801579.750589,14.358,0,14.358,pass,,read_secondary,"{""background_write_acknowledged"": true, ""reads"": [{""version"": 752, ""max_seen_before"": 751, ""violation"": false}, {""version"": 752, ""max_seen_before"": 752, ""violation"": false}]}"
20260919T070606Z_3811b539,753,normal,1789801579.750589,1789801579.7654543,14.456,0,14.456,pass,,read_secondary,"{""background_write_acknowledged"": true, ""reads"": [{""version"": 753, ""max_seen_before"": 752, ""violation"": false}, {""version"": 753, ""max_seen_before"": 753, ""violation"": false}]}"
20260919T070606Z_3811b539,754,normal,1789801579.7654543,1789801579.7786343,13.558,0,13.558,pass,,read_secondary,"{""background_write_acknowledged"": true, ""reads"": [{""version"": 754, ""max_seen_before"": 753, ""violation"": false}, {""version"": 754, ""max_seen_before"": 754, ""violation"": false}]}"
20260919T070606Z_3811b539,755,normal,1789801579.7791948,1789801579.7925706,13.56,0,13.56,pass,,read_secondary,"{""background_write_acknowledged"": true, ""reads"": [{""version"": 755, ""max_seen_before"": 754, ""violation"": false}, {""version"": 755, ""max_seen_before"": 755, ""violation"": false}]}"
20260919T070606Z_3811b539,756,normal,1789801579.7925706,1789801579.8086858,15.785,0,15.785,pass,,read_secondary,"{""background_write_acknowledged"": true, ""reads"": [{""version"": 756, ""max_seen_before"": 755, ""violation"": false}, {""version"": 756, ""max_seen_before"": 756, ""violation"": false}]}"
20260919T070606Z_3811b539,757,normal,1789801579.8086858,1789801579.8234801,15.045,0,15.045,pass,,read_secondary,"{""background_write_acknowledged"": true, ""reads"": [{""version"": 757, ""max_seen_before"": 756, ""violation"": false}, {""version"": 757, ""max_seen_before"": 757, ""violation"": false}]}"
20260919T070606Z_3811b539,758,normal,1789801579.8234801,1789801579.837472,13.821,0,13.821,pass,,read_secondary,"{""background_write_acknowledged"": true, ""reads"": [{""version"": 758, ""max_seen_before"": 757, ""violation"": false}, {""version"": 758, ""max_seen_before"": 758, ""violation"": false}]}"
20260919T070606Z_3811b539,759,normal,1789801579.837472,1789801579.853788,15.972,0,15.972,pass,,read_secondary,"{""background_write_acknowledged"": true, ""reads"": [{""version"": 759, ""max_seen_before"": 758, ""violation"": false}, {""version"": 759, ""max_seen_before"": 759, ""violation"": false}]}"
20260919T070606Z_3811b539,760,normal,1789801579.853788,1789801579.867759,13.989,0,13.989,pass,,read_secondary,"{""background_write_acknowledged"": true, ""reads"": [{""version"": 760, ""max_seen_before"": 759, ""violation"": false}, {""version"": 760, ""max_seen_before"": 760, ""violation"": false}]}"
20260919T070606Z_3811b539,761,normal,1789801579.867759,1789801579.8820338,14.208,0,14.208,pass,,read_secondary,"{""background_write_acknowledged"": true, ""reads"": [{""version"": 761, ""max_seen_before"": 760, ""violation"": false}, {""version"": 761, ""max_seen_before"": 761, ""violation"": false}]}"
20260919T070606Z_3811b539,762,normal,1789801579.8820338,1789801579.8967628,14.322,0,14.322,pass,,read_secondary,"{""background_write_acknowledged"": true, ""reads"": [{""version"": 762, ""max_seen_before"": 761, ""violation"": false}, {""version"": 762, ""max_seen_before"": 762, ""violation"": false}]}"
20260919T070606Z_3811b539,763,normal,1789801579.8967628,1789801579.9113278,14.376,0,14.376,pass,,read_secondary,"{""background_write_acknowledged"": true, ""reads"": [{""version"": 763, ""max_seen_before"": 762, ""violation"": false}, {""version"": 763, ""max_seen_before"": 763, ""violation"": false}]}"
20260919T070606Z_3811b539,764,normal,1789801579.9113278,1789801579.9259043,14.529,0,14.529,pass,,read_secondary,"{""background_write_acknowledged"": true, ""reads"": [{""version"": 764, ""max_seen_before"": 763, ""violation"": false}, {""version"": 764, ""max_seen_before"": 764, ""violation"": false}]}"
20260919T070606Z_3811b539,765,normal,1789801579.9259043,1789801579.9401648,14.405,0,14.405,pass,,read_secondary,"{""background_write_acknowledged"": true, ""reads"": [{""version"": 765, ""max_seen_before"": 764, ""violation"": false}, {""version"": 765, ""max_seen_before"": 765, ""violation"": false}]}"
20260919T070606Z_3811b539,766,normal,1789801579.9401648,1789801579.9546733,14.341,0,14.341,pass,,read_secondary,"{""background_write_acknowledged"": true, ""reads"": [{""version"": 766, ""max_seen_before"": 765, ""violation"": false}, {""version"": 766, ""max_seen_before"": 766, ""violation"": false}]}"
20260919T070606Z_3811b539,767,normal,1789801579.9546733,1789801579.969132,14.064,0,14.064,pass,,read_secondary,"{""background_write_acknowledged"": true, ""reads"": [{""version"": 767, ""max_seen_before"": 766, ""violation"": false}, {""version"": 767, ""max_seen_before"": 767, ""violation"": false}]}"
20260919T070606Z_3811b539,768,normal,1789801579.969132,1789801579.9855402,16.322,0,16.322,pass,,read_secondary,"{""background_write_acknowledged"": true, ""reads"": [{""version"": 768, ""max_seen_before"": 767, ""violation"": false}, {""version"": 768, ""max_seen_before"": 768, ""violation"": false}]}"
20260919T070606Z_3811b539,769,normal,1789801579.9855402,1789801580.0020564,16.254,0,16.254,pass,,read_secondary,"{""background_write_acknowledged"": true, ""reads"": [{""version"": 769, ""max_seen_before"": 768, ""violation"": false}, {""version"": 769, ""max_seen_before"": 769, ""violation"": false}]}"
20260919T070606Z_3811b539,770,normal,1789801580.0020564,1789801580.016187,14.109,0,14.109,pass,,read_secondary,"{""background_write_acknowledged"": true, ""reads"": [{""version"": 770, ""max_seen_before"": 769, ""violation"": false}, {""version"": 770, ""max_seen_before"": 770, ""violation"": false}]}"
20260919T070606Z_3811b539,771,normal,1789801580.016187,1789801580.0303528,14.427,0,14.427,pass,,read_secondary,"{""background_write_acknowledged"": true, ""reads"": [{""version"": 771, ""max_seen_before"": 770, ""violation"": false}, {""version"": 771, ""max_seen_before"": 771, ""violation"": false}]}"
20260919T070606Z_3811b539,772,normal,1789801580.0310524,1789801580.0441403,13.401,0,13.401,pass,,read_secondary,"{""background_write_acknowledged"": true, ""reads"": [{""version"": 772, ""max_seen_before"": 771, ""violation"": false}, {""version"": 772, ""max_seen_before"": 772, ""violation"": false}]}"
20260919T070606Z_3811b539,773,normal,1789801580.0441403,1789801580.058336,14.118,0,14.118,pass,,read_secondary,"{""background_write_acknowledged"": true, ""reads"": [{""version"": 773, ""max_seen_before"": 772, ""violation"": false}, {""version"": 773, ""max_seen_before"": 773, ""violation"": false}]}"
20260919T070606Z_3811b539,774,normal,1789801580.058336,1789801580.0724566,13.935,0,13.935,pass,,read_secondary,"{""background_write_acknowledged"": true, ""reads"": [{""version"": 774, ""max_seen_before"": 773, ""violation"": false}, {""version"": 774, ""max_seen_before"": 774, ""violation"": false}]}"
20260919T070606Z_3811b539,775,normal,1789801580.0724566,1789801580.0897517,16.967,0,16.967,pass,,read_secondary,"{""background_write_acknowledged"": true, ""reads"": [{""version"": 775, ""max_seen_before"": 774, ""violation"": false}, {""version"": 775, ""max_seen_before"": 775, ""violation"": false}]}"
20260919T070606Z_3811b539,776,normal,1789801580.0897517,1789801580.1032712,13.284,0,13.284,pass,,read_secondary,"{""background_write_acknowledged"": true, ""reads"": [{""version"": 776, ""max_seen_before"": 775, ""violation"": false}, {""version"": 776, ""max_seen_before"": 776, ""violation"": false}]}"
20260919T070606Z_3811b539,777,normal,1789801580.1032712,1789801580.1193318,16.215,0,16.215,pass,,read_secondary,"{""background_write_acknowledged"": true, ""reads"": [{""version"": 777, ""max_seen_before"": 776, ""violation"": false}, {""version"": 777, ""max_seen_before"": 777, ""violation"": false}]}"
20260919T070606Z_3811b539,778,normal,1789801580.1193318,1789801580.1335232,14.298,0,14.298,pass,,read_secondary,"{""background_write_acknowledged"": true, ""reads"": [{""version"": 778, ""max_seen_before"": 777, ""violation"": false}, {""version"": 778, ""max_seen_before"": 778, ""violation"": false}]}"
20260919T070606Z_3811b539,779,normal,1789801580.134083,1789801580.148522,14.62,0,14.62,pass,,read_secondary,"{""background_write_acknowledged"": true, ""reads"": [{""version"": 779, ""max_seen_before"": 778, ""violation"": false}, {""version"": 779, ""max_seen_before"": 779, ""violation"": false}]}"
20260919T070606Z_3811b539,780,normal,1789801580.148522,1789801580.165169,16.688,0,16.688,pass,,read_secondary,"{""background_write_acknowledged"": true, ""reads"": [{""version"": 780, ""max_seen_before"": 779, ""violation"": false}, {""version"": 780, ""max_seen_before"": 780, ""violation"": false}]}"
20260919T070606Z_3811b539,781,normal,1789801580.165169,1789801580.1799936,14.251,0,14.251,pass,,read_secondary,"{""background_write_acknowledged"": true, ""reads"": [{""version"": 781, ""max_seen_before"": 780, ""violation"": false}, {""version"": 781, ""max_seen_before"": 781, ""violation"": false}]}"
20260919T070606Z_3811b539,782,normal,1789801580.1799936,1789801580.1944487,14.739,0,14.739,pass,,read_secondary,"{""background_write_acknowledged"": true, ""reads"": [{""version"": 782, ""max_seen_before"": 781, ""violation"": false}, {""version"": 782, ""max_seen_before"": 782, ""violation"": false}]}"
20260919T070606Z_3811b539,783,normal,1789801580.1944487,1789801580.2092183,14.301,0,14.301,pass,,read_secondary,"{""background_write_acknowledged"": true, ""reads"": [{""version"": 783, ""max_seen_before"": 782, ""violation"": false}, {""version"": 783, ""max_seen_before"": 783, ""violation"": false}]}"
20260919T070606Z_3811b539,784,normal,1789801580.2092183,1789801580.2241304,15.027,0,15.027,pass,,read_secondary,"{""background_write_acknowledged"": true, ""reads"": [{""version"": 784, ""max_seen_before"": 783, ""violation"": false}, {""version"": 784, ""max_seen_before"": 784, ""violation"": false}]}"
20260919T070606Z_3811b539,785,normal,1789801580.2241304,1789801580.2400882,16.017,0,16.017,pass,,read_secondary,"{""background_write_acknowledged"": true, ""reads"": [{""version"": 785, ""max_seen_before"": 784, ""violation"": false}, {""version"": 785, ""max_seen_before"": 785, ""violation"": false}]}"
20260919T070606Z_3811b539,786,normal,1789801580.2407055,1789801580.254977,14.188,0,14.188,pass,,read_secondary,"{""background_write_acknowledged"": true, ""reads"": [{""version"": 786, ""max_seen_before"": 785, ""violation"": false}, {""version"": 786, ""max_seen_before"": 786, ""violation"": false}]}"
20260919T070606Z_3811b539,787,normal,1789801580.254977,1789801580.2686894,13.681,0,13.681,pass,,read_secondary,"{""background_write_acknowledged"": true, ""reads"": [{""version"": 787, ""max_seen_before"": 786, ""violation"": false}, {""version"": 787, ""max_seen_before"": 787, ""violation"": false}]}"
20260919T070606Z_3811b539,788,normal,1789801580.2686894,1789801580.2847524,16.387,0,16.387,pass,,read_secondary,"{""background_write_acknowledged"": true, ""reads"": [{""version"": 788, ""max_seen_before"": 787, ""violation"": false}, {""version"": 788, ""max_seen_before"": 788, ""violation"": false}]}"
20260919T070606Z_3811b539,789,normal,1789801580.2847524,1789801580.299564,14.744,0,14.744,pass,,read_secondary,"{""background_write_acknowledged"": true, ""reads"": [{""version"": 789, ""max_seen_before"": 788, ""violation"": false}, {""version"": 789, ""max_seen_before"": 789, ""violation"": false}]}"
20260919T070606Z_3811b539,790,normal,1789801580.299564,1789801580.3153288,15.39,0,15.39,pass,,read_secondary,"{""background_write_acknowledged"": true, ""reads"": [{""version"": 790, ""max_seen_before"": 789, ""violation"": false}, {""version"": 790, ""max_seen_before"": 790, ""violation"": false}]}"
20260919T070606Z_3811b539,791,normal,1789801580.3153288,1789801580.334336,19.031,0,19.031,pass,,read_secondary,"{""background_write_acknowledged"": true, ""reads"": [{""version"": 791, ""max_seen_before"": 790, ""violation"": false}, {""version"": 791, ""max_seen_before"": 791, ""violation"": false}]}"
20260919T070606Z_3811b539,792,normal,1789801580.334975,1789801580.3501859,15.675,0,15.675,pass,,read_secondary,"{""background_write_acknowledged"": true, ""reads"": [{""version"": 792, ""max_seen_before"": 791, ""violation"": false}, {""version"": 792, ""max_seen_before"": 792, ""violation"": false}]}"
20260919T070606Z_3811b539,793,normal,1789801580.3501859,1789801580.3652184,14.379,0,14.379,pass,,read_secondary,"{""background_write_acknowledged"": true, ""reads"": [{""version"": 793, ""max_seen_before"": 792, ""violation"": false}, {""version"": 793, ""max_seen_before"": 793, ""violation"": false}]}"
20260919T070606Z_3811b539,794,normal,1789801580.3652184,1789801580.3799806,14.837,0,14.837,pass,,read_secondary,"{""background_write_acknowledged"": true, ""reads"": [{""version"": 794, ""max_seen_before"": 793, ""violation"": false}, {""version"": 794, ""max_seen_before"": 794, ""violation"": false}]}"
20260919T070606Z_3811b539,795,normal,1789801580.3799806,1789801580.3932745,13.207,0,13.207,pass,,read_secondary,"{""background_write_acknowledged"": true, ""reads"": [{""version"": 795, ""max_seen_before"": 794, ""violation"": false}, {""version"": 795, ""max_seen_before"": 795, ""violation"": false}]}"
20260919T070606Z_3811b539,796,normal,1789801580.3932745,1789801580.408662,15.122,0,15.122,pass,,read_secondary,"{""background_write_acknowledged"": true, ""reads"": [{""version"": 796, ""max_seen_before"": 795, ""violation"": false}, {""version"": 796, ""max_seen_before"": 796, ""violation"": false}]}"
20260919T070606Z_3811b539,797,normal,1789801580.408662,1789801580.4250689,16.245,0,16.245,pass,,read_secondary,"{""background_write_acknowledged"": true, ""reads"": [{""version"": 797, ""max_seen_before"": 796, ""violation"": false}, {""version"": 797, ""max_seen_before"": 797, ""violation"": false}]}"
20260919T070606Z_3811b539,798,normal,1789801580.4250689,1789801580.4399767,15.158,0,15.158,pass,,read_secondary,"{""background_write_acknowledged"": true, ""reads"": [{""version"": 798, ""max_seen_before"": 797, ""violation"": false}, {""version"": 798, ""max_seen_before"": 798, ""violation"": false}]}"
20260919T070606Z_3811b539,799,normal,1789801580.4405985,1789801580.4588413,18.674,0,18.674,pass,,read_secondary,"{""background_write_acknowledged"": true, ""reads"": [{""version"": 799, ""max_seen_before"": 798, ""violation"": false}, {""version"": 799, ""max_seen_before"": 799, ""violation"": false}]}"
20260919T070606Z_3811b539,800,normal,1789801580.4594111,1789801580.4758322,16.819,0,16.819,pass,,read_secondary,"{""background_write_acknowledged"": true, ""reads"": [{""version"": 800, ""max_seen_before"": 799, ""violation"": false}, {""version"": 800, ""max_seen_before"": 800, ""violation"": false}]}"
20260919T070606Z_3811b539,801,normal,1789801580.4840379,1789801580.5005372,16.441,0,16.441,pass,,read_secondary,"{""background_write_acknowledged"": true, ""reads"": [{""version"": 801, ""max_seen_before"": 800, ""violation"": false}, {""version"": 801, ""max_seen_before"": 801, ""violation"": false}]}"
20260919T070606Z_3811b539,802,normal,1789801580.5005372,1789801580.5172272,16.962,0,16.962,pass,,read_secondary,"{""background_write_acknowledged"": true, ""reads"": [{""version"": 802, ""max_seen_before"": 801, ""violation"": false}, {""version"": 802, ""max_seen_before"": 802, ""violation"": false}]}"
20260919T070606Z_3811b539,803,normal,1789801580.5172272,1789801580.5337887,16.041,0,16.041,pass,,read_secondary,"{""background_write_acknowledged"": true, ""reads"": [{""version"": 803, ""max_seen_before"": 802, ""violation"": false}, {""version"": 803, ""max_seen_before"": 803, ""violation"": false}]}"
20260919T070606Z_3811b539,804,normal,1789801580.5337887,1789801580.5475266,13.968,0,13.968,pass,,read_secondary,"{""background_write_acknowledged"": true, ""reads"": [{""version"": 804, ""max_seen_before"": 803, ""violation"": false}, {""version"": 804, ""max_seen_before"": 804, ""violation"": false}]}"
20260919T070606Z_3811b539,805,normal,1789801580.5475266,1789801580.5614324,13.897,0,13.897,pass,,read_secondary,"{""background_write_acknowledged"": true, ""reads"": [{""version"": 805, ""max_seen_before"": 804, ""violation"": false}, {""version"": 805, ""max_seen_before"": 805, ""violation"": false}]}"
20260919T070606Z_3811b539,806,normal,1789801580.562034,1789801580.5761082,14.138,0,14.138,pass,,read_secondary,"{""background_write_acknowledged"": true, ""reads"": [{""version"": 806, ""max_seen_before"": 805, ""violation"": false}, {""version"": 806, ""max_seen_before"": 806, ""violation"": false}]}"
20260919T070606Z_3811b539,807,normal,1789801580.5761082,1789801580.592095,16.194,0,16.194,pass,,read_secondary,"{""background_write_acknowledged"": true, ""reads"": [{""version"": 807, ""max_seen_before"": 806, ""violation"": false}, {""version"": 807, ""max_seen_before"": 807, ""violation"": false}]}"
20260919T070606Z_3811b539,808,normal,1789801580.5927138,1789801580.60689,14.255,0,14.255,pass,,read_secondary,"{""background_write_acknowledged"": true, ""reads"": [{""version"": 808, ""max_seen_before"": 807, ""violation"": false}, {""version"": 808, ""max_seen_before"": 808, ""violation"": false}]}"
20260919T070606Z_3811b539,809,normal,1789801580.60689,1789801580.6222537,15.101,0,15.101,pass,,read_secondary,"{""background_write_acknowledged"": true, ""reads"": [{""version"": 809, ""max_seen_before"": 808, ""violation"": false}, {""version"": 809, ""max_seen_before"": 809, ""violation"": false}]}"
20260919T070606Z_3811b539,810,normal,1789801580.6222537,1789801580.6358125,13.58,0,13.58,pass,,read_secondary,"{""background_write_acknowledged"": true, ""reads"": [{""version"": 810, ""max_seen_before"": 809, ""violation"": false}, {""version"": 810, ""max_seen_before"": 810, ""violation"": false}]}"
20260919T070606Z_3811b539,811,normal,1789801580.6358125,1789801580.6504996,14.656,0,14.656,pass,,read_secondary,"{""background_write_acknowledged"": true, ""reads"": [{""version"": 811, ""max_seen_before"": 810, ""violation"": false}, {""version"": 811, ""max_seen_before"": 811, ""violation"": false}]}"
20260919T070606Z_3811b539,812,normal,1789801580.6504996,1789801580.6641629,13.524,0,13.524,pass,,read_secondary,"{""background_write_acknowledged"": true, ""reads"": [{""version"": 812, ""max_seen_before"": 811, ""violation"": false}, {""version"": 812, ""max_seen_before"": 812, ""violation"": false}]}"
20260919T070606Z_3811b539,813,normal,1789801580.6641629,1789801580.67957,15.249,0,15.249,pass,,read_secondary,"{""background_write_acknowledged"": true, ""reads"": [{""version"": 813, ""max_seen_before"": 812, ""violation"": false}, {""version"": 813, ""max_seen_before"": 813, ""violation"": false}]}"
20260919T070606Z_3811b539,814,normal,1789801580.67957,1789801580.6940324,13.997,0,13.997,pass,,read_secondary,"{""background_write_acknowledged"": true, ""reads"": [{""version"": 814, ""max_seen_before"": 813, ""violation"": false}, {""version"": 814, ""max_seen_before"": 814, ""violation"": false}]}"
20260919T070606Z_3811b539,815,normal,1789801580.6940324,1789801580.7077343,13.873,0,13.873,pass,,read_secondary,"{""background_write_acknowledged"": true, ""reads"": [{""version"": 815, ""max_seen_before"": 814, ""violation"": false}, {""version"": 815, ""max_seen_before"": 815, ""violation"": false}]}"
20260919T070606Z_3811b539,816,normal,1789801580.7077343,1789801580.7209365,13.308,0,13.308,pass,,read_secondary,"{""background_write_acknowledged"": true, ""reads"": [{""version"": 816, ""max_seen_before"": 815, ""violation"": false}, {""version"": 816, ""max_seen_before"": 816, ""violation"": false}]}"
20260919T070606Z_3811b539,817,normal,1789801580.7209365,1789801580.7355938,14.556,0,14.556,pass,,read_secondary,"{""background_write_acknowledged"": true, ""reads"": [{""version"": 817, ""max_seen_before"": 816, ""violation"": false}, {""version"": 817, ""max_seen_before"": 817, ""violation"": false}]}"
20260919T070606Z_3811b539,818,normal,1789801580.7361538,1789801580.751789,16.064,0,16.064,pass,,read_secondary,"{""background_write_acknowledged"": true, ""reads"": [{""version"": 818, ""max_seen_before"": 817, ""violation"": false}, {""version"": 818, ""max_seen_before"": 818, ""violation"": false}]}"
20260919T070606Z_3811b539,819,normal,1789801580.7523863,1789801580.7667189,14.329,0,14.329,pass,,read_secondary,"{""background_write_acknowledged"": true, ""reads"": [{""version"": 819, ""max_seen_before"": 818, ""violation"": false}, {""version"": 819, ""max_seen_before"": 819, ""violation"": false}]}"
20260919T070606Z_3811b539,820,normal,1789801580.7667189,1789801580.7831087,16.242,0,16.242,pass,,read_secondary,"{""background_write_acknowledged"": true, ""reads"": [{""version"": 820, ""max_seen_before"": 819, ""violation"": false}, {""version"": 820, ""max_seen_before"": 820, ""violation"": false}]}"
20260919T070606Z_3811b539,821,normal,1789801580.7831087,1789801580.7967181,13.526,0,13.526,pass,,read_secondary,"{""background_write_acknowledged"": true, ""reads"": [{""version"": 821, ""max_seen_before"": 820, ""violation"": false}, {""version"": 821, ""max_seen_before"": 821, ""violation"": false}]}"
20260919T070606Z_3811b539,822,normal,1789801580.7967181,1789801580.8107219,14.195,0,14.195,pass,,read_secondary,"{""background_write_acknowledged"": true, ""reads"": [{""version"": 822, ""max_seen_before"": 821, ""violation"": false}, {""version"": 822, ""max_seen_before"": 822, ""violation"": false}]}"
20260919T070606Z_3811b539,823,normal,1789801580.8107219,1789801580.8262746,15.274,0,15.274,pass,,read_secondary,"{""background_write_acknowledged"": true, ""reads"": [{""version"": 823, ""max_seen_before"": 822, ""violation"": false}, {""version"": 823, ""max_seen_before"": 823, ""violation"": false}]}"
20260919T070606Z_3811b539,824,normal,1789801580.8262746,1789801580.8404489,14.386,0,14.386,pass,,read_secondary,"{""background_write_acknowledged"": true, ""reads"": [{""version"": 824, ""max_seen_before"": 823, ""violation"": false}, {""version"": 824, ""max_seen_before"": 824, ""violation"": false}]}"
20260919T070606Z_3811b539,825,normal,1789801580.8410616,1789801580.854922,14.371,0,14.371,pass,,read_secondary,"{""background_write_acknowledged"": true, ""reads"": [{""version"": 825, ""max_seen_before"": 824, ""violation"": false}, {""version"": 825, ""max_seen_before"": 825, ""violation"": false}]}"
20260919T070606Z_3811b539,826,normal,1789801580.8555398,1789801580.8690953,13.467,0,13.467,pass,,read_secondary,"{""background_write_acknowledged"": true, ""reads"": [{""version"": 826, ""max_seen_before"": 825, ""violation"": false}, {""version"": 826, ""max_seen_before"": 826, ""violation"": false}]}"
20260919T070606Z_3811b539,827,normal,1789801580.8690953,1789801580.8829436,14.071,0,14.071,pass,,read_secondary,"{""background_write_acknowledged"": true, ""reads"": [{""version"": 827, ""max_seen_before"": 826, ""violation"": false}, {""version"": 827, ""max_seen_before"": 827, ""violation"": false}]}"
20260919T070606Z_3811b539,828,normal,1789801580.8829436,1789801580.8973258,13.962,0,13.962,pass,,read_secondary,"{""background_write_acknowledged"": true, ""reads"": [{""version"": 828, ""max_seen_before"": 827, ""violation"": false}, {""version"": 828, ""max_seen_before"": 828, ""violation"": false}]}"
20260919T070606Z_3811b539,829,normal,1789801580.8973258,1789801580.9113483,14.421,0,14.421,pass,,read_secondary,"{""background_write_acknowledged"": true, ""reads"": [{""version"": 829, ""max_seen_before"": 828, ""violation"": false}, {""version"": 829, ""max_seen_before"": 829, ""violation"": false}]}"
20260919T070606Z_3811b539,830,normal,1789801580.9119282,1789801580.924744,13.245,0,13.245,pass,,read_secondary,"{""background_write_acknowledged"": true, ""reads"": [{""version"": 830, ""max_seen_before"": 829, ""violation"": false}, {""version"": 830, ""max_seen_before"": 830, ""violation"": false}]}"
20260919T070606Z_3811b539,831,normal,1789801580.9253502,1789801580.941457,16.165,0,16.165,pass,,read_secondary,"{""background_write_acknowledged"": true, ""reads"": [{""version"": 831, ""max_seen_before"": 830, ""violation"": false}, {""version"": 831, ""max_seen_before"": 831, ""violation"": false}]}"
20260919T070606Z_3811b539,832,normal,1789801580.941457,1789801580.955735,14.218,0,14.218,pass,,read_secondary,"{""background_write_acknowledged"": true, ""reads"": [{""version"": 832, ""max_seen_before"": 831, ""violation"": false}, {""version"": 832, ""max_seen_before"": 832, ""violation"": false}]}"
20260919T070606Z_3811b539,833,normal,1789801580.955735,1789801580.969124,13.202,0,13.202,pass,,read_secondary,"{""background_write_acknowledged"": true, ""reads"": [{""version"": 833, ""max_seen_before"": 832, ""violation"": false}, {""version"": 833, ""max_seen_before"": 833, ""violation"": false}]}"
20260919T070606Z_3811b539,834,normal,1789801580.969124,1789801580.9845078,15.249,0,15.249,pass,,read_secondary,"{""background_write_acknowledged"": true, ""reads"": [{""version"": 834, ""max_seen_before"": 833, ""violation"": false}, {""version"": 834, ""max_seen_before"": 834, ""violation"": false}]}"
20260919T070606Z_3811b539,835,normal,1789801580.9845078,1789801580.999499,15.085,0,15.085,pass,,read_secondary,"{""background_write_acknowledged"": true, ""reads"": [{""version"": 835, ""max_seen_before"": 834, ""violation"": false}, {""version"": 835, ""max_seen_before"": 835, ""violation"": false}]}"
20260919T070606Z_3811b539,836,normal,1789801580.999499,1789801581.0133736,13.948,0,13.948,pass,,read_secondary,"{""background_write_acknowledged"": true, ""reads"": [{""version"": 836, ""max_seen_before"": 835, ""violation"": false}, {""version"": 836, ""max_seen_before"": 836, ""violation"": false}]}"
20260919T070606Z_3811b539,837,normal,1789801581.0139236,1789801581.0276055,14.007,0,14.007,pass,,read_secondary,"{""background_write_acknowledged"": true, ""reads"": [{""version"": 837, ""max_seen_before"": 836, ""violation"": false}, {""version"": 837, ""max_seen_before"": 837, ""violation"": false}]}"
20260919T070606Z_3811b539,838,normal,1789801581.0276055,1789801581.042005,14.207,0,14.207,pass,,read_secondary,"{""background_write_acknowledged"": true, ""reads"": [{""version"": 838, ""max_seen_before"": 837, ""violation"": false}, {""version"": 838, ""max_seen_before"": 838, ""violation"": false}]}"
20260919T070606Z_3811b539,839,normal,1789801581.042005,1789801581.0571318,15.313,0,15.313,pass,,read_secondary,"{""background_write_acknowledged"": true, ""reads"": [{""version"": 839, ""max_seen_before"": 838, ""violation"": false}, {""version"": 839, ""max_seen_before"": 839, ""violation"": false}]}"
20260919T070606Z_3811b539,840,normal,1789801581.0577557,1789801581.0719168,14.339,0,14.339,pass,,read_secondary,"{""background_write_acknowledged"": true, ""reads"": [{""version"": 840, ""max_seen_before"": 839, ""violation"": false}, {""version"": 840, ""max_seen_before"": 840, ""violation"": false}]}"
20260919T070606Z_3811b539,841,normal,1789801581.0719168,1789801581.0876853,15.584,0,15.584,pass,,read_secondary,"{""background_write_acknowledged"": true, ""reads"": [{""version"": 841, ""max_seen_before"": 840, ""violation"": false}, {""version"": 841, ""max_seen_before"": 841, ""violation"": false}]}"
20260919T070606Z_3811b539,842,normal,1789801581.0876853,1789801581.1021721,14.751,0,14.751,pass,,read_secondary,"{""background_write_acknowledged"": true, ""reads"": [{""version"": 842, ""max_seen_before"": 841, ""violation"": false}, {""version"": 842, ""max_seen_before"": 842, ""violation"": false}]}"
20260919T070606Z_3811b539,843,normal,1789801581.1021721,1789801581.1190915,16.447,0,16.447,pass,,read_secondary,"{""background_write_acknowledged"": true, ""reads"": [{""version"": 843, ""max_seen_before"": 842, ""violation"": false}, {""version"": 843, ""max_seen_before"": 843, ""violation"": false}]}"
20260919T070606Z_3811b539,844,normal,1789801581.1190915,1789801581.1351123,16.073,0,16.073,pass,,read_secondary,"{""background_write_acknowledged"": true, ""reads"": [{""version"": 844, ""max_seen_before"": 843, ""violation"": false}, {""version"": 844, ""max_seen_before"": 844, ""violation"": false}]}"
20260919T070606Z_3811b539,845,normal,1789801581.1351123,1789801581.149369,14.359,0,14.359,pass,,read_secondary,"{""background_write_acknowledged"": true, ""reads"": [{""version"": 845, ""max_seen_before"": 844, ""violation"": false}, {""version"": 845, ""max_seen_before"": 845, ""violation"": false}]}"
20260919T070606Z_3811b539,846,normal,1789801581.1499753,1789801581.1648462,14.878,0,14.878,pass,,read_secondary,"{""background_write_acknowledged"": true, ""reads"": [{""version"": 846, ""max_seen_before"": 845, ""violation"": false}, {""version"": 846, ""max_seen_before"": 846, ""violation"": false}]}"
20260919T070606Z_3811b539,847,normal,1789801581.1648462,1789801581.1786027,13.594,0,13.594,pass,,read_secondary,"{""background_write_acknowledged"": true, ""reads"": [{""version"": 847, ""max_seen_before"": 846, ""violation"": false}, {""version"": 847, ""max_seen_before"": 847, ""violation"": false}]}"
20260919T070606Z_3811b539,848,normal,1789801581.1786027,1789801581.1923883,13.73,0,13.73,pass,,read_secondary,"{""background_write_acknowledged"": true, ""reads"": [{""version"": 848, ""max_seen_before"": 847, ""violation"": false}, {""version"": 848, ""max_seen_before"": 848, ""violation"": false}]}"
20260919T070606Z_3811b539,849,normal,1789801581.1923883,1789801581.206796,14.201,0,14.201,pass,,read_secondary,"{""background_write_acknowledged"": true, ""reads"": [{""version"": 849, ""max_seen_before"": 848, ""violation"": false}, {""version"": 849, ""max_seen_before"": 849, ""violation"": false}]}"
20260919T070606Z_3811b539,850,normal,1789801581.206796,1789801581.2202206,13.752,0,13.752,pass,,read_secondary,"{""background_write_acknowledged"": true, ""reads"": [{""version"": 850, ""max_seen_before"": 849, ""violation"": false}, {""version"": 850, ""max_seen_before"": 850, ""violation"": false}]}"
20260919T070606Z_3811b539,851,normal,1789801581.2202206,1789801581.2350736,14.335,0,14.335,pass,,read_secondary,"{""background_write_acknowledged"": true, ""reads"": [{""version"": 851, ""max_seen_before"": 850, ""violation"": false}, {""version"": 851, ""max_seen_before"": 851, ""violation"": false}]}"
20260919T070606Z_3811b539,852,normal,1789801581.2350736,1789801581.2500236,15.293,0,15.293,pass,,read_secondary,"{""background_write_acknowledged"": true, ""reads"": [{""version"": 852, ""max_seen_before"": 851, ""violation"": false}, {""version"": 852, ""max_seen_before"": 852, ""violation"": false}]}"
20260919T070606Z_3811b539,853,normal,1789801581.2500236,1789801581.2644367,14.242,0,14.242,pass,,read_secondary,"{""background_write_acknowledged"": true, ""reads"": [{""version"": 853, ""max_seen_before"": 852, ""violation"": false}, {""version"": 853, ""max_seen_before"": 853, ""violation"": false}]}"
20260919T070606Z_3811b539,854,normal,1789801581.2644367,1789801581.2769861,12.714,0,12.714,pass,,read_secondary,"{""background_write_acknowledged"": true, ""reads"": [{""version"": 854, ""max_seen_before"": 853, ""violation"": false}, {""version"": 854, ""max_seen_before"": 854, ""violation"": false}]}"
20260919T070606Z_3811b539,855,normal,1789801581.2769861,1789801581.2926302,15.25,0,15.25,pass,,read_secondary,"{""background_write_acknowledged"": true, ""reads"": [{""version"": 855, ""max_seen_before"": 854, ""violation"": false}, {""version"": 855, ""max_seen_before"": 855, ""violation"": false}]}"
20260919T070606Z_3811b539,856,normal,1789801581.2926302,1789801581.307964,14.888,0,14.888,pass,,read_secondary,"{""background_write_acknowledged"": true, ""reads"": [{""version"": 856, ""max_seen_before"": 855, ""violation"": false}, {""version"": 856, ""max_seen_before"": 856, ""violation"": false}]}"
20260919T070606Z_3811b539,857,normal,1789801581.307964,1789801581.3217473,13.655,0,13.655,pass,,read_secondary,"{""background_write_acknowledged"": true, ""reads"": [{""version"": 857, ""max_seen_before"": 856, ""violation"": false}, {""version"": 857, ""max_seen_before"": 857, ""violation"": false}]}"
20260919T070606Z_3811b539,858,normal,1789801581.3217473,1789801581.3352337,13.685,0,13.685,pass,,read_secondary,"{""background_write_acknowledged"": true, ""reads"": [{""version"": 858, ""max_seen_before"": 857, ""violation"": false}, {""version"": 858, ""max_seen_before"": 858, ""violation"": false}]}"
20260919T070606Z_3811b539,859,normal,1789801581.3352337,1789801581.3494623,13.832,0,13.832,pass,,read_secondary,"{""background_write_acknowledged"": true, ""reads"": [{""version"": 859, ""max_seen_before"": 858, ""violation"": false}, {""version"": 859, ""max_seen_before"": 859, ""violation"": false}]}"
20260919T070606Z_3811b539,860,normal,1789801581.3494623,1789801581.3647194,15.218,0,15.218,pass,,read_secondary,"{""background_write_acknowledged"": true, ""reads"": [{""version"": 860, ""max_seen_before"": 859, ""violation"": false}, {""version"": 860, ""max_seen_before"": 860, ""violation"": false}]}"
20260919T070606Z_3811b539,861,normal,1789801581.3647194,1789801581.3786166,14.043,0,14.043,pass,,read_secondary,"{""background_write_acknowledged"": true, ""reads"": [{""version"": 861, ""max_seen_before"": 860, ""violation"": false}, {""version"": 861, ""max_seen_before"": 861, ""violation"": false}]}"
20260919T070606Z_3811b539,862,normal,1789801581.3792205,1789801581.391783,12.801,0,12.801,pass,,read_secondary,"{""background_write_acknowledged"": true, ""reads"": [{""version"": 862, ""max_seen_before"": 861, ""violation"": false}, {""version"": 862, ""max_seen_before"": 862, ""violation"": false}]}"
20260919T070606Z_3811b539,863,normal,1789801581.391783,1789801581.4068742,14.713,0,14.713,pass,,read_secondary,"{""background_write_acknowledged"": true, ""reads"": [{""version"": 863, ""max_seen_before"": 862, ""violation"": false}, {""version"": 863, ""max_seen_before"": 863, ""violation"": false}]}"
20260919T070606Z_3811b539,864,normal,1789801581.4068742,1789801581.4194536,12.77,0,12.77,pass,,read_secondary,"{""background_write_acknowledged"": true, ""reads"": [{""version"": 864, ""max_seen_before"": 863, ""violation"": false}, {""version"": 864, ""max_seen_before"": 864, ""violation"": false}]}"
20260919T070606Z_3811b539,865,normal,1789801581.4194536,1789801581.4323356,12.903,0,12.903,pass,,read_secondary,"{""background_write_acknowledged"": true, ""reads"": [{""version"": 865, ""max_seen_before"": 864, ""violation"": false}, {""version"": 865, ""max_seen_before"": 865, ""violation"": false}]}"
20260919T070606Z_3811b539,866,normal,1789801581.432916,1789801581.4466615,13.789,0,13.789,pass,,read_secondary,"{""background_write_acknowledged"": true, ""reads"": [{""version"": 866, ""max_seen_before"": 865, ""violation"": false}, {""version"": 866, ""max_seen_before"": 866, ""violation"": false}]}"
20260919T070606Z_3811b539,867,normal,1789801581.4466615,1789801581.4610858,14.423,0,14.423,pass,,read_secondary,"{""background_write_acknowledged"": true, ""reads"": [{""version"": 867, ""max_seen_before"": 866, ""violation"": false}, {""version"": 867, ""max_seen_before"": 867, ""violation"": false}]}"
20260919T070606Z_3811b539,868,normal,1789801581.4610858,1789801581.4741397,13.312,0,13.312,pass,,read_secondary,"{""background_write_acknowledged"": true, ""reads"": [{""version"": 868, ""max_seen_before"": 867, ""violation"": false}, {""version"": 868, ""max_seen_before"": 868, ""violation"": false}]}"
20260919T070606Z_3811b539,869,normal,1789801581.4747665,1789801581.4884264,13.654,0,13.654,pass,,read_secondary,"{""background_write_acknowledged"": true, ""reads"": [{""version"": 869, ""max_seen_before"": 868, ""violation"": false}, {""version"": 869, ""max_seen_before"": 869, ""violation"": false}]}"
20260919T070606Z_3811b539,870,normal,1789801581.4884264,1789801581.5021248,13.563,0,13.563,pass,,read_secondary,"{""background_write_acknowledged"": true, ""reads"": [{""version"": 870, ""max_seen_before"": 869, ""violation"": false}, {""version"": 870, ""max_seen_before"": 870, ""violation"": false}]}"
20260919T070606Z_3811b539,871,normal,1789801581.5021248,1789801581.5191958,16.999,0,16.999,pass,,read_secondary,"{""background_write_acknowledged"": true, ""reads"": [{""version"": 871, ""max_seen_before"": 870, ""violation"": false}, {""version"": 871, ""max_seen_before"": 871, ""violation"": false}]}"
20260919T070606Z_3811b539,872,normal,1789801581.5191958,1789801581.5336928,14.355,0,14.355,pass,,read_secondary,"{""background_write_acknowledged"": true, ""reads"": [{""version"": 872, ""max_seen_before"": 871, ""violation"": false}, {""version"": 872, ""max_seen_before"": 872, ""violation"": false}]}"
20260919T070606Z_3811b539,873,normal,1789801581.5336928,1789801581.5477166,14.397,0,14.397,pass,,read_secondary,"{""background_write_acknowledged"": true, ""reads"": [{""version"": 873, ""max_seen_before"": 872, ""violation"": false}, {""version"": 873, ""max_seen_before"": 873, ""violation"": false}]}"
20260919T070606Z_3811b539,874,normal,1789801581.5477166,1789801581.5622864,14.385,0,14.385,pass,,read_secondary,"{""background_write_acknowledged"": true, ""reads"": [{""version"": 874, ""max_seen_before"": 873, ""violation"": false}, {""version"": 874, ""max_seen_before"": 874, ""violation"": false}]}"
20260919T070606Z_3811b539,875,normal,1789801581.5629172,1789801581.57656,13.898,0,13.898,pass,,read_secondary,"{""background_write_acknowledged"": true, ""reads"": [{""version"": 875, ""max_seen_before"": 874, ""violation"": false}, {""version"": 875, ""max_seen_before"": 875, ""violation"": false}]}"
20260919T070606Z_3811b539,876,normal,1789801581.57656,1789801581.5912309,14.254,0,14.254,pass,,read_secondary,"{""background_write_acknowledged"": true, ""reads"": [{""version"": 876, ""max_seen_before"": 875, ""violation"": false}, {""version"": 876, ""max_seen_before"": 876, ""violation"": false}]}"
20260919T070606Z_3811b539,877,normal,1789801581.5912309,1789801581.6045973,13.638,0,13.638,pass,,read_secondary,"{""background_write_acknowledged"": true, ""reads"": [{""version"": 877, ""max_seen_before"": 876, ""violation"": false}, {""version"": 877, ""max_seen_before"": 877, ""violation"": false}]}"
20260919T070606Z_3811b539,878,normal,1789801581.6045973,1789801581.619002,14.257,0,14.257,pass,,read_secondary,"{""background_write_acknowledged"": true, ""reads"": [{""version"": 878, ""max_seen_before"": 877, ""violation"": false}, {""version"": 878, ""max_seen_before"": 878, ""violation"": false}]}"
20260919T070606Z_3811b539,879,normal,1789801581.619002,1789801581.6334205,14.089,0,14.089,pass,,read_secondary,"{""background_write_acknowledged"": true, ""reads"": [{""version"": 879, ""max_seen_before"": 878, ""violation"": false}, {""version"": 879, ""max_seen_before"": 879, ""violation"": false}]}"
20260919T070606Z_3811b539,880,normal,1789801581.6334205,1789801581.645657,12.782,0,12.782,pass,,read_secondary,"{""background_write_acknowledged"": true, ""reads"": [{""version"": 880, ""max_seen_before"": 879, ""violation"": false}, {""version"": 880, ""max_seen_before"": 880, ""violation"": false}]}"
20260919T070606Z_3811b539,881,normal,1789801581.645657,1789801581.6602588,14.35,0,14.35,pass,,read_secondary,"{""background_write_acknowledged"": true, ""reads"": [{""version"": 881, ""max_seen_before"": 880, ""violation"": false}, {""version"": 881, ""max_seen_before"": 881, ""violation"": false}]}"
20260919T070606Z_3811b539,882,normal,1789801581.6608648,1789801581.67415,14.302,0,14.302,pass,,read_secondary,"{""background_write_acknowledged"": true, ""reads"": [{""version"": 882, ""max_seen_before"": 881, ""violation"": false}, {""version"": 882, ""max_seen_before"": 882, ""violation"": false}]}"
20260919T070606Z_3811b539,883,normal,1789801581.6753333,1789801581.6889477,14.089,0,14.089,pass,,read_secondary,"{""background_write_acknowledged"": true, ""reads"": [{""version"": 883, ""max_seen_before"": 882, ""violation"": false}, {""version"": 883, ""max_seen_before"": 883, ""violation"": false}]}"
20260919T070606Z_3811b539,884,normal,1789801581.6889477,1789801581.704068,14.702,0,14.702,pass,,read_secondary,"{""background_write_acknowledged"": true, ""reads"": [{""version"": 884, ""max_seen_before"": 883, ""violation"": false}, {""version"": 884, ""max_seen_before"": 884, ""violation"": false}]}"
20260919T070606Z_3811b539,885,normal,1789801581.704068,1789801581.7180886,13.917,0,13.917,pass,,read_secondary,"{""background_write_acknowledged"": true, ""reads"": [{""version"": 885, ""max_seen_before"": 884, ""violation"": false}, {""version"": 885, ""max_seen_before"": 885, ""violation"": false}]}"
20260919T070606Z_3811b539,886,normal,1789801581.7180886,1789801581.7320993,14.026,0,14.026,pass,,read_secondary,"{""background_write_acknowledged"": true, ""reads"": [{""version"": 886, ""max_seen_before"": 885, ""violation"": false}, {""version"": 886, ""max_seen_before"": 886, ""violation"": false}]}"
20260919T070606Z_3811b539,887,normal,1789801581.7320993,1789801581.7478132,15.299,0,15.299,pass,,read_secondary,"{""background_write_acknowledged"": true, ""reads"": [{""version"": 887, ""max_seen_before"": 886, ""violation"": false}, {""version"": 887, ""max_seen_before"": 887, ""violation"": false}]}"
20260919T070606Z_3811b539,888,normal,1789801581.7478132,1789801581.7603965,12.803,0,12.803,pass,,read_secondary,"{""background_write_acknowledged"": true, ""reads"": [{""version"": 888, ""max_seen_before"": 887, ""violation"": false}, {""version"": 888, ""max_seen_before"": 888, ""violation"": false}]}"
20260919T070606Z_3811b539,889,normal,1789801581.7603965,1789801581.773814,13.319,0,13.319,pass,,read_secondary,"{""background_write_acknowledged"": true, ""reads"": [{""version"": 889, ""max_seen_before"": 888, ""violation"": false}, {""version"": 889, ""max_seen_before"": 889, ""violation"": false}]}"
20260919T070606Z_3811b539,890,normal,1789801581.7744105,1789801581.7869015,12.824,0,12.824,pass,,read_secondary,"{""background_write_acknowledged"": true, ""reads"": [{""version"": 890, ""max_seen_before"": 889, ""violation"": false}, {""version"": 890, ""max_seen_before"": 890, ""violation"": false}]}"
20260919T070606Z_3811b539,891,normal,1789801581.7869015,1789801581.800594,13.623,0,13.623,pass,,read_secondary,"{""background_write_acknowledged"": true, ""reads"": [{""version"": 891, ""max_seen_before"": 890, ""violation"": false}, {""version"": 891, ""max_seen_before"": 891, ""violation"": false}]}"
20260919T070606Z_3811b539,892,normal,1789801581.8011646,1789801581.8139882,13.15,0,13.15,pass,,read_secondary,"{""background_write_acknowledged"": true, ""reads"": [{""version"": 892, ""max_seen_before"": 891, ""violation"": false}, {""version"": 892, ""max_seen_before"": 892, ""violation"": false}]}"
20260919T070606Z_3811b539,893,normal,1789801581.8139882,1789801581.8287785,14.204,0,14.204,pass,,read_secondary,"{""background_write_acknowledged"": true, ""reads"": [{""version"": 893, ""max_seen_before"": 892, ""violation"": false}, {""version"": 893, ""max_seen_before"": 893, ""violation"": false}]}"
20260919T070606Z_3811b539,894,normal,1789801581.8287785,1789801581.8422332,13.895,0,13.895,pass,,read_secondary,"{""background_write_acknowledged"": true, ""reads"": [{""version"": 894, ""max_seen_before"": 893, ""violation"": false}, {""version"": 894, ""max_seen_before"": 894, ""violation"": false}]}"
20260919T070606Z_3811b539,895,normal,1789801581.842827,1789801581.85719,14.772,0,14.772,pass,,read_secondary,"{""background_write_acknowledged"": true, ""reads"": [{""version"": 895, ""max_seen_before"": 894, ""violation"": false}, {""version"": 895, ""max_seen_before"": 895, ""violation"": false}]}"
20260919T070606Z_3811b539,896,normal,1789801581.8577607,1789801581.8712769,13.794,0,13.794,pass,,read_secondary,"{""background_write_acknowledged"": true, ""reads"": [{""version"": 896, ""max_seen_before"": 895, ""violation"": false}, {""version"": 896, ""max_seen_before"": 896, ""violation"": false}]}"
20260919T070606Z_3811b539,897,normal,1789801581.8712769,1789801581.8860085,14.499,0,14.499,pass,,read_secondary,"{""background_write_acknowledged"": true, ""reads"": [{""version"": 897, ""max_seen_before"": 896, ""violation"": false}, {""version"": 897, ""max_seen_before"": 897, ""violation"": false}]}"
20260919T070606Z_3811b539,898,normal,1789801581.8860085,1789801581.9003882,14.359,0,14.359,pass,,read_secondary,"{""background_write_acknowledged"": true, ""reads"": [{""version"": 898, ""max_seen_before"": 897, ""violation"": false}, {""version"": 898, ""max_seen_before"": 898, ""violation"": false}]}"
20260919T070606Z_3811b539,899,normal,1789801581.9003882,1789801581.9144945,13.802,0,13.802,pass,,read_secondary,"{""background_write_acknowledged"": true, ""reads"": [{""version"": 899, ""max_seen_before"": 898, ""violation"": false}, {""version"": 899, ""max_seen_before"": 899, ""violation"": false}]}"
20260919T070606Z_3811b539,900,normal,1789801581.9144945,1789801581.9281015,13.753,0,13.753,pass,,read_secondary,"{""background_write_acknowledged"": true, ""reads"": [{""version"": 900, ""max_seen_before"": 899, ""violation"": false}, {""version"": 900, ""max_seen_before"": 900, ""violation"": false}]}"
20260919T070606Z_3811b539,901,normal,1789801581.9356787,1789801581.9521575,16.591,0,16.591,pass,,read_secondary,"{""background_write_acknowledged"": true, ""reads"": [{""version"": 901, ""max_seen_before"": 900, ""violation"": false}, {""version"": 901, ""max_seen_before"": 901, ""violation"": false}]}"
20260919T070606Z_3811b539,902,normal,1789801581.9521575,1789801581.9671059,14.441,0,14.441,pass,,read_secondary,"{""background_write_acknowledged"": true, ""reads"": [{""version"": 902, ""max_seen_before"": 901, ""violation"": false}, {""version"": 902, ""max_seen_before"": 902, ""violation"": false}]}"
20260919T070606Z_3811b539,903,normal,1789801581.9671059,1789801581.9838877,16.815,0,16.815,pass,,read_secondary,"{""background_write_acknowledged"": true, ""reads"": [{""version"": 903, ""max_seen_before"": 902, ""violation"": false}, {""version"": 903, ""max_seen_before"": 903, ""violation"": false}]}"
20260919T070606Z_3811b539,904,normal,1789801581.9838877,1789801581.9968905,12.871,0,12.871,pass,,read_secondary,"{""background_write_acknowledged"": true, ""reads"": [{""version"": 904, ""max_seen_before"": 903, ""violation"": false}, {""version"": 904, ""max_seen_before"": 904, ""violation"": false}]}"
20260919T070606Z_3811b539,905,normal,1789801581.9968905,1789801582.0110183,13.767,0,13.767,pass,,read_secondary,"{""background_write_acknowledged"": true, ""reads"": [{""version"": 905, ""max_seen_before"": 904, ""violation"": false}, {""version"": 905, ""max_seen_before"": 905, ""violation"": false}]}"
20260919T070606Z_3811b539,906,normal,1789801582.0110183,1789801582.0230675,12.22,0,12.22,pass,,read_secondary,"{""background_write_acknowledged"": true, ""reads"": [{""version"": 906, ""max_seen_before"": 905, ""violation"": false}, {""version"": 906, ""max_seen_before"": 906, ""violation"": false}]}"
20260919T070606Z_3811b539,907,normal,1789801582.0230675,1789801582.0362418,13.207,0,13.207,pass,,read_secondary,"{""background_write_acknowledged"": true, ""reads"": [{""version"": 907, ""max_seen_before"": 906, ""violation"": false}, {""version"": 907, ""max_seen_before"": 907, ""violation"": false}]}"
20260919T070606Z_3811b539,908,normal,1789801582.0362418,1789801582.053489,16.878,0,16.878,pass,,read_secondary,"{""background_write_acknowledged"": true, ""reads"": [{""version"": 908, ""max_seen_before"": 907, ""violation"": false}, {""version"": 908, ""max_seen_before"": 908, ""violation"": false}]}"
20260919T070606Z_3811b539,909,normal,1789801582.053489,1789801582.068151,14.318,0,14.318,pass,,read_secondary,"{""background_write_acknowledged"": true, ""reads"": [{""version"": 909, ""max_seen_before"": 908, ""violation"": false}, {""version"": 909, ""max_seen_before"": 909, ""violation"": false}]}"
20260919T070606Z_3811b539,910,normal,1789801582.068151,1789801582.085134,17.364,0,17.364,pass,,read_secondary,"{""background_write_acknowledged"": true, ""reads"": [{""version"": 910, ""max_seen_before"": 909, ""violation"": false}, {""version"": 910, ""max_seen_before"": 910, ""violation"": false}]}"
20260919T070606Z_3811b539,911,normal,1789801582.085134,1789801582.100488,15.084,0,15.084,pass,,read_secondary,"{""background_write_acknowledged"": true, ""reads"": [{""version"": 911, ""max_seen_before"": 910, ""violation"": false}, {""version"": 911, ""max_seen_before"": 911, ""violation"": false}]}"
20260919T070606Z_3811b539,912,normal,1789801582.100488,1789801582.113548,12.826,0,12.826,pass,,read_secondary,"{""background_write_acknowledged"": true, ""reads"": [{""version"": 912, ""max_seen_before"": 911, ""violation"": false}, {""version"": 912, ""max_seen_before"": 912, ""violation"": false}]}"
20260919T070606Z_3811b539,913,normal,1789801582.113548,1789801582.1299553,16.531,0,16.531,pass,,read_secondary,"{""background_write_acknowledged"": true, ""reads"": [{""version"": 913, ""max_seen_before"": 912, ""violation"": false}, {""version"": 913, ""max_seen_before"": 913, ""violation"": false}]}"
20260919T070606Z_3811b539,914,normal,1789801582.1299553,1789801582.1440275,13.927,0,13.927,pass,,read_secondary,"{""background_write_acknowledged"": true, ""reads"": [{""version"": 914, ""max_seen_before"": 913, ""violation"": false}, {""version"": 914, ""max_seen_before"": 914, ""violation"": false}]}"
20260919T070606Z_3811b539,915,normal,1789801582.1440275,1789801582.158779,14.245,0,14.245,pass,,read_secondary,"{""background_write_acknowledged"": true, ""reads"": [{""version"": 915, ""max_seen_before"": 914, ""violation"": false}, {""version"": 915, ""max_seen_before"": 915, ""violation"": false}]}"
20260919T070606Z_3811b539,916,normal,1789801582.158779,1789801582.1738067,15.116,0,15.116,pass,,read_secondary,"{""background_write_acknowledged"": true, ""reads"": [{""version"": 916, ""max_seen_before"": 915, ""violation"": false}, {""version"": 916, ""max_seen_before"": 916, ""violation"": false}]}"
20260919T070606Z_3811b539,917,normal,1789801582.1738067,1789801582.1874218,13.607,0,13.607,pass,,read_secondary,"{""background_write_acknowledged"": true, ""reads"": [{""version"": 917, ""max_seen_before"": 916, ""violation"": false}, {""version"": 917, ""max_seen_before"": 917, ""violation"": false}]}"
20260919T070606Z_3811b539,918,normal,1789801582.1874218,1789801582.2014499,13.712,0,13.712,pass,,read_secondary,"{""background_write_acknowledged"": true, ""reads"": [{""version"": 918, ""max_seen_before"": 917, ""violation"": false}, {""version"": 918, ""max_seen_before"": 918, ""violation"": false}]}"
20260919T070606Z_3811b539,919,normal,1789801582.2014499,1789801582.2159534,14.56,0,14.56,pass,,read_secondary,"{""background_write_acknowledged"": true, ""reads"": [{""version"": 919, ""max_seen_before"": 918, ""violation"": false}, {""version"": 919, ""max_seen_before"": 919, ""violation"": false}]}"
20260919T070606Z_3811b539,920,normal,1789801582.2159534,1789801582.2294424,13.109,0,13.109,pass,,read_secondary,"{""background_write_acknowledged"": true, ""reads"": [{""version"": 920, ""max_seen_before"": 919, ""violation"": false}, {""version"": 920, ""max_seen_before"": 920, ""violation"": false}]}"
20260919T070606Z_3811b539,921,normal,1789801582.2294424,1789801582.2421887,12.845,0,12.845,pass,,read_secondary,"{""background_write_acknowledged"": true, ""reads"": [{""version"": 921, ""max_seen_before"": 920, ""violation"": false}, {""version"": 921, ""max_seen_before"": 921, ""violation"": false}]}"
20260919T070606Z_3811b539,922,normal,1789801582.2421887,1789801582.254984,12.435,0,12.435,pass,,read_secondary,"{""background_write_acknowledged"": true, ""reads"": [{""version"": 922, ""max_seen_before"": 921, ""violation"": false}, {""version"": 922, ""max_seen_before"": 922, ""violation"": false}]}"
20260919T070606Z_3811b539,923,normal,1789801582.254984,1789801582.2669668,11.994,0,11.994,pass,,read_secondary,"{""background_write_acknowledged"": true, ""reads"": [{""version"": 923, ""max_seen_before"": 922, ""violation"": false}, {""version"": 923, ""max_seen_before"": 923, ""violation"": false}]}"
20260919T070606Z_3811b539,924,normal,1789801582.2669668,1789801582.27895,11.843,0,11.843,pass,,read_secondary,"{""background_write_acknowledged"": true, ""reads"": [{""version"": 924, ""max_seen_before"": 923, ""violation"": false}, {""version"": 924, ""max_seen_before"": 924, ""violation"": false}]}"
20260919T070606Z_3811b539,925,normal,1789801582.27895,1789801582.2909698,11.854,0,11.854,pass,,read_secondary,"{""background_write_acknowledged"": true, ""reads"": [{""version"": 925, ""max_seen_before"": 924, ""violation"": false}, {""version"": 925, ""max_seen_before"": 925, ""violation"": false}]}"
20260919T070606Z_3811b539,926,normal,1789801582.2909698,1789801582.302866,11.822,0,11.822,pass,,read_secondary,"{""background_write_acknowledged"": true, ""reads"": [{""version"": 926, ""max_seen_before"": 925, ""violation"": false}, {""version"": 926, ""max_seen_before"": 926, ""violation"": false}]}"
20260919T070606Z_3811b539,927,normal,1789801582.302866,1789801582.315102,12.511,0,12.511,pass,,read_secondary,"{""background_write_acknowledged"": true, ""reads"": [{""version"": 927, ""max_seen_before"": 926, ""violation"": false}, {""version"": 927, ""max_seen_before"": 927, ""violation"": false}]}"
20260919T070606Z_3811b539,928,normal,1789801582.3156643,1789801582.3288121,13.322,0,13.322,pass,,read_secondary,"{""background_write_acknowledged"": true, ""reads"": [{""version"": 928, ""max_seen_before"": 927, ""violation"": false}, {""version"": 928, ""max_seen_before"": 928, ""violation"": false}]}"
20260919T070606Z_3811b539,929,normal,1789801582.3288121,1789801582.3414233,12.653,0,12.653,pass,,read_secondary,"{""background_write_acknowledged"": true, ""reads"": [{""version"": 929, ""max_seen_before"": 928, ""violation"": false}, {""version"": 929, ""max_seen_before"": 929, ""violation"": false}]}"
20260919T070606Z_3811b539,930,normal,1789801582.342012,1789801582.3542876,12.623,0,12.623,pass,,read_secondary,"{""background_write_acknowledged"": true, ""reads"": [{""version"": 930, ""max_seen_before"": 929, ""violation"": false}, {""version"": 930, ""max_seen_before"": 930, ""violation"": false}]}"
20260919T070606Z_3811b539,931,normal,1789801582.354857,1789801582.3664181,12.019,0,12.019,pass,,read_secondary,"{""background_write_acknowledged"": true, ""reads"": [{""version"": 931, ""max_seen_before"": 930, ""violation"": false}, {""version"": 931, ""max_seen_before"": 931, ""violation"": false}]}"
20260919T070606Z_3811b539,932,normal,1789801582.3670113,1789801582.3786514,11.895,0,11.895,pass,,read_secondary,"{""background_write_acknowledged"": true, ""reads"": [{""version"": 932, ""max_seen_before"": 931, ""violation"": false}, {""version"": 932, ""max_seen_before"": 932, ""violation"": false}]}"
20260919T070606Z_3811b539,933,normal,1789801582.3786514,1789801582.3912106,12.633,0,12.633,pass,,read_secondary,"{""background_write_acknowledged"": true, ""reads"": [{""version"": 933, ""max_seen_before"": 932, ""violation"": false}, {""version"": 933, ""max_seen_before"": 933, ""violation"": false}]}"
20260919T070606Z_3811b539,934,normal,1789801582.3912106,1789801582.4039388,12.166,0,12.166,pass,,read_secondary,"{""background_write_acknowledged"": true, ""reads"": [{""version"": 934, ""max_seen_before"": 933, ""violation"": false}, {""version"": 934, ""max_seen_before"": 934, ""violation"": false}]}"
20260919T070606Z_3811b539,935,normal,1789801582.4039388,1789801582.4195971,15.637,0,15.637,pass,,read_secondary,"{""background_write_acknowledged"": true, ""reads"": [{""version"": 935, ""max_seen_before"": 934, ""violation"": false}, {""version"": 935, ""max_seen_before"": 935, ""violation"": false}]}"
20260919T070606Z_3811b539,936,normal,1789801582.4195971,1789801582.4316483,12.272,0,12.272,pass,,read_secondary,"{""background_write_acknowledged"": true, ""reads"": [{""version"": 936, ""max_seen_before"": 935, ""violation"": false}, {""version"": 936, ""max_seen_before"": 936, ""violation"": false}]}"
20260919T070606Z_3811b539,937,normal,1789801582.4322453,1789801582.4468014,14.791,0,14.791,pass,,read_secondary,"{""background_write_acknowledged"": true, ""reads"": [{""version"": 937, ""max_seen_before"": 936, ""violation"": false}, {""version"": 937, ""max_seen_before"": 937, ""violation"": false}]}"
20260919T070606Z_3811b539,938,normal,1789801582.4468014,1789801582.4608114,13.888,0,13.888,pass,,read_secondary,"{""background_write_acknowledged"": true, ""reads"": [{""version"": 938, ""max_seen_before"": 937, ""violation"": false}, {""version"": 938, ""max_seen_before"": 938, ""violation"": false}]}"
20260919T070606Z_3811b539,939,normal,1789801582.4608114,1789801582.4746678,13.732,0,13.732,pass,,read_secondary,"{""background_write_acknowledged"": true, ""reads"": [{""version"": 939, ""max_seen_before"": 938, ""violation"": false}, {""version"": 939, ""max_seen_before"": 939, ""violation"": false}]}"
20260919T070606Z_3811b539,940,normal,1789801582.4746678,1789801582.48886,13.854,0,13.854,pass,,read_secondary,"{""background_write_acknowledged"": true, ""reads"": [{""version"": 940, ""max_seen_before"": 939, ""violation"": false}, {""version"": 940, ""max_seen_before"": 940, ""violation"": false}]}"
20260919T070606Z_3811b539,941,normal,1789801582.48886,1789801582.5039923,14.907,0,14.907,pass,,read_secondary,"{""background_write_acknowledged"": true, ""reads"": [{""version"": 941, ""max_seen_before"": 940, ""violation"": false}, {""version"": 941, ""max_seen_before"": 941, ""violation"": false}]}"
20260919T070606Z_3811b539,942,normal,1789801582.5039923,1789801582.5191174,15.063,0,15.063,pass,,read_secondary,"{""background_write_acknowledged"": true, ""reads"": [{""version"": 942, ""max_seen_before"": 941, ""violation"": false}, {""version"": 942, ""max_seen_before"": 942, ""violation"": false}]}"
20260919T070606Z_3811b539,943,normal,1789801582.5191174,1789801582.5334938,14.129,0,14.129,pass,,read_secondary,"{""background_write_acknowledged"": true, ""reads"": [{""version"": 943, ""max_seen_before"": 942, ""violation"": false}, {""version"": 943, ""max_seen_before"": 943, ""violation"": false}]}"
20260919T070606Z_3811b539,944,normal,1789801582.5334938,1789801582.548098,14.88,0,14.88,pass,,read_secondary,"{""background_write_acknowledged"": true, ""reads"": [{""version"": 944, ""max_seen_before"": 943, ""violation"": false}, {""version"": 944, ""max_seen_before"": 944, ""violation"": false}]}"
20260919T070606Z_3811b539,945,normal,1789801582.548098,1789801582.5645704,16.023,0,16.023,pass,,read_secondary,"{""background_write_acknowledged"": true, ""reads"": [{""version"": 945, ""max_seen_before"": 944, ""violation"": false}, {""version"": 945, ""max_seen_before"": 945, ""violation"": false}]}"
20260919T070606Z_3811b539,946,normal,1789801582.5645704,1789801582.579265,14.574,0,14.574,pass,,read_secondary,"{""background_write_acknowledged"": true, ""reads"": [{""version"": 946, ""max_seen_before"": 945, ""violation"": false}, {""version"": 946, ""max_seen_before"": 946, ""violation"": false}]}"
20260919T070606Z_3811b539,947,normal,1789801582.579265,1789801582.593294,14.065,0,14.065,pass,,read_secondary,"{""background_write_acknowledged"": true, ""reads"": [{""version"": 947, ""max_seen_before"": 946, ""violation"": false}, {""version"": 947, ""max_seen_before"": 947, ""violation"": false}]}"
20260919T070606Z_3811b539,948,normal,1789801582.593294,1789801582.60918,16.046,0,16.046,pass,,read_secondary,"{""background_write_acknowledged"": true, ""reads"": [{""version"": 948, ""max_seen_before"": 947, ""violation"": false}, {""version"": 948, ""max_seen_before"": 948, ""violation"": false}]}"
20260919T070606Z_3811b539,949,normal,1789801582.6096885,1789801582.6237283,14.591,0,14.591,pass,,read_secondary,"{""background_write_acknowledged"": true, ""reads"": [{""version"": 949, ""max_seen_before"": 948, ""violation"": false}, {""version"": 949, ""max_seen_before"": 949, ""violation"": false}]}"
20260919T070606Z_3811b539,950,normal,1789801582.6244597,1789801582.6383996,14.326,0,14.326,pass,,read_secondary,"{""background_write_acknowledged"": true, ""reads"": [{""version"": 950, ""max_seen_before"": 949, ""violation"": false}, {""version"": 950, ""max_seen_before"": 950, ""violation"": false}]}"
20260919T070606Z_3811b539,951,normal,1789801582.6383996,1789801582.6559198,17.182,0,17.182,pass,,read_secondary,"{""background_write_acknowledged"": true, ""reads"": [{""version"": 951, ""max_seen_before"": 950, ""violation"": false}, {""version"": 951, ""max_seen_before"": 951, ""violation"": false}]}"
20260919T070606Z_3811b539,952,normal,1789801582.6559198,1789801582.6711602,15.018,0,15.018,pass,,read_secondary,"{""background_write_acknowledged"": true, ""reads"": [{""version"": 952, ""max_seen_before"": 951, ""violation"": false}, {""version"": 952, ""max_seen_before"": 952, ""violation"": false}]}"
20260919T070606Z_3811b539,953,normal,1789801582.6711602,1789801582.6845176,13.133,0,13.133,pass,,read_secondary,"{""background_write_acknowledged"": true, ""reads"": [{""version"": 953, ""max_seen_before"": 952, ""violation"": false}, {""version"": 953, ""max_seen_before"": 953, ""violation"": false}]}"
20260919T070606Z_3811b539,954,normal,1789801582.6845176,1789801582.6981056,13.589,0,13.589,pass,,read_secondary,"{""background_write_acknowledged"": true, ""reads"": [{""version"": 954, ""max_seen_before"": 953, ""violation"": false}, {""version"": 954, ""max_seen_before"": 954, ""violation"": false}]}"
20260919T070606Z_3811b539,955,normal,1789801582.6981056,1789801582.711695,13.425,0,13.425,pass,,read_secondary,"{""background_write_acknowledged"": true, ""reads"": [{""version"": 955, ""max_seen_before"": 954, ""violation"": false}, {""version"": 955, ""max_seen_before"": 955, ""violation"": false}]}"
20260919T070606Z_3811b539,956,normal,1789801582.711695,1789801582.7246642,13.227,0,13.227,pass,,read_secondary,"{""background_write_acknowledged"": true, ""reads"": [{""version"": 956, ""max_seen_before"": 955, ""violation"": false}, {""version"": 956, ""max_seen_before"": 956, ""violation"": false}]}"
20260919T070606Z_3811b539,957,normal,1789801582.7252588,1789801582.737526,12.298,0,12.298,pass,,read_secondary,"{""background_write_acknowledged"": true, ""reads"": [{""version"": 957, ""max_seen_before"": 956, ""violation"": false}, {""version"": 957, ""max_seen_before"": 957, ""violation"": false}]}"
20260919T070606Z_3811b539,958,normal,1789801582.737526,1789801582.7498567,12.904,0,12.904,pass,,read_secondary,"{""background_write_acknowledged"": true, ""reads"": [{""version"": 958, ""max_seen_before"": 957, ""violation"": false}, {""version"": 958, ""max_seen_before"": 958, ""violation"": false}]}"
20260919T070606Z_3811b539,959,normal,1789801582.7506053,1789801582.764286,13.765,0,13.765,pass,,read_secondary,"{""background_write_acknowledged"": true, ""reads"": [{""version"": 959, ""max_seen_before"": 958, ""violation"": false}, {""version"": 959, ""max_seen_before"": 959, ""violation"": false}]}"
20260919T070606Z_3811b539,960,normal,1789801582.764286,1789801582.7776887,13.294,0,13.294,pass,,read_secondary,"{""background_write_acknowledged"": true, ""reads"": [{""version"": 960, ""max_seen_before"": 959, ""violation"": false}, {""version"": 960, ""max_seen_before"": 960, ""violation"": false}]}"
20260919T070606Z_3811b539,961,normal,1789801582.7776887,1789801582.7907205,13.283,0,13.283,pass,,read_secondary,"{""background_write_acknowledged"": true, ""reads"": [{""version"": 961, ""max_seen_before"": 960, ""violation"": false}, {""version"": 961, ""max_seen_before"": 961, ""violation"": false}]}"
20260919T070606Z_3811b539,962,normal,1789801582.7913284,1789801582.8040829,12.762,0,12.762,pass,,read_secondary,"{""background_write_acknowledged"": true, ""reads"": [{""version"": 962, ""max_seen_before"": 961, ""violation"": false}, {""version"": 962, ""max_seen_before"": 962, ""violation"": false}]}"
20260919T070606Z_3811b539,963,normal,1789801582.8040829,1789801582.8169138,12.812,0,12.812,pass,,read_secondary,"{""background_write_acknowledged"": true, ""reads"": [{""version"": 963, ""max_seen_before"": 962, ""violation"": false}, {""version"": 963, ""max_seen_before"": 963, ""violation"": false}]}"
20260919T070606Z_3811b539,964,normal,1789801582.8169138,1789801582.8291533,12.253,0,12.253,pass,,read_secondary,"{""background_write_acknowledged"": true, ""reads"": [{""version"": 964, ""max_seen_before"": 963, ""violation"": false}, {""version"": 964, ""max_seen_before"": 964, ""violation"": false}]}"
20260919T070606Z_3811b539,965,normal,1789801582.8291533,1789801582.8419125,12.371,0,12.371,pass,,read_secondary,"{""background_write_acknowledged"": true, ""reads"": [{""version"": 965, ""max_seen_before"": 964, ""violation"": false}, {""version"": 965, ""max_seen_before"": 965, ""violation"": false}]}"
20260919T070606Z_3811b539,966,normal,1789801582.8419125,1789801582.855291,13.585,0,13.585,pass,,read_secondary,"{""background_write_acknowledged"": true, ""reads"": [{""version"": 966, ""max_seen_before"": 965, ""violation"": false}, {""version"": 966, ""max_seen_before"": 966, ""violation"": false}]}"
20260919T070606Z_3811b539,967,normal,1789801582.855291,1789801582.8695605,13.985,0,13.985,pass,,read_secondary,"{""background_write_acknowledged"": true, ""reads"": [{""version"": 967, ""max_seen_before"": 966, ""violation"": false}, {""version"": 967, ""max_seen_before"": 967, ""violation"": false}]}"
20260919T070606Z_3811b539,968,normal,1789801582.8695605,1789801582.8825598,12.791,0,12.791,pass,,read_secondary,"{""background_write_acknowledged"": true, ""reads"": [{""version"": 968, ""max_seen_before"": 967, ""violation"": false}, {""version"": 968, ""max_seen_before"": 968, ""violation"": false}]}"
20260919T070606Z_3811b539,969,normal,1789801582.8825598,1789801582.8969498,14.741,0,14.741,pass,,read_secondary,"{""background_write_acknowledged"": true, ""reads"": [{""version"": 969, ""max_seen_before"": 968, ""violation"": false}, {""version"": 969, ""max_seen_before"": 969, ""violation"": false}]}"
20260919T070606Z_3811b539,970,normal,1789801582.8975472,1789801582.911249,13.854,0,13.854,pass,,read_secondary,"{""background_write_acknowledged"": true, ""reads"": [{""version"": 970, ""max_seen_before"": 969, ""violation"": false}, {""version"": 970, ""max_seen_before"": 970, ""violation"": false}]}"
20260919T070606Z_3811b539,971,normal,1789801582.911249,1789801582.9242396,12.702,0,12.702,pass,,read_secondary,"{""background_write_acknowledged"": true, ""reads"": [{""version"": 971, ""max_seen_before"": 970, ""violation"": false}, {""version"": 971, ""max_seen_before"": 971, ""violation"": false}]}"
20260919T070606Z_3811b539,972,normal,1789801582.9242396,1789801582.937366,13.21,0,13.21,pass,,read_secondary,"{""background_write_acknowledged"": true, ""reads"": [{""version"": 972, ""max_seen_before"": 971, ""violation"": false}, {""version"": 972, ""max_seen_before"": 972, ""violation"": false}]}"
20260919T070606Z_3811b539,973,normal,1789801582.937366,1789801582.9505868,12.887,0,12.887,pass,,read_secondary,"{""background_write_acknowledged"": true, ""reads"": [{""version"": 973, ""max_seen_before"": 972, ""violation"": false}, {""version"": 973, ""max_seen_before"": 973, ""violation"": false}]}"
20260919T070606Z_3811b539,974,normal,1789801582.9505868,1789801582.962919,11.961,0,11.961,pass,,read_secondary,"{""background_write_acknowledged"": true, ""reads"": [{""version"": 974, ""max_seen_before"": 973, ""violation"": false}, {""version"": 974, ""max_seen_before"": 974, ""violation"": false}]}"
20260919T070606Z_3811b539,975,normal,1789801582.962919,1789801582.977604,14.559,0,14.559,pass,,read_secondary,"{""background_write_acknowledged"": true, ""reads"": [{""version"": 975, ""max_seen_before"": 974, ""violation"": false}, {""version"": 975, ""max_seen_before"": 975, ""violation"": false}]}"
20260919T070606Z_3811b539,976,normal,1789801582.977604,1789801582.9917781,14.13,0,14.13,pass,,read_secondary,"{""background_write_acknowledged"": true, ""reads"": [{""version"": 976, ""max_seen_before"": 975, ""violation"": false}, {""version"": 976, ""max_seen_before"": 976, ""violation"": false}]}"
20260919T070606Z_3811b539,977,normal,1789801582.9917781,1789801583.00657,15.054,0,15.054,pass,,read_secondary,"{""background_write_acknowledged"": true, ""reads"": [{""version"": 977, ""max_seen_before"": 976, ""violation"": false}, {""version"": 977, ""max_seen_before"": 977, ""violation"": false}]}"
20260919T070606Z_3811b539,978,normal,1789801583.007158,1789801583.0208285,14.146,0,14.146,pass,,read_secondary,"{""background_write_acknowledged"": true, ""reads"": [{""version"": 978, ""max_seen_before"": 977, ""violation"": false}, {""version"": 978, ""max_seen_before"": 978, ""violation"": false}]}"
20260919T070606Z_3811b539,979,normal,1789801583.021341,1789801583.0352473,13.784,0,13.784,pass,,read_secondary,"{""background_write_acknowledged"": true, ""reads"": [{""version"": 979, ""max_seen_before"": 978, ""violation"": false}, {""version"": 979, ""max_seen_before"": 979, ""violation"": false}]}"
20260919T070606Z_3811b539,980,normal,1789801583.0352473,1789801583.04962,14.666,0,14.666,pass,,read_secondary,"{""background_write_acknowledged"": true, ""reads"": [{""version"": 980, ""max_seen_before"": 979, ""violation"": false}, {""version"": 980, ""max_seen_before"": 980, ""violation"": false}]}"
20260919T070606Z_3811b539,981,normal,1789801583.04962,1789801583.0633924,13.617,0,13.617,pass,,read_secondary,"{""background_write_acknowledged"": true, ""reads"": [{""version"": 981, ""max_seen_before"": 980, ""violation"": false}, {""version"": 981, ""max_seen_before"": 981, ""violation"": false}]}"
20260919T070606Z_3811b539,982,normal,1789801583.0633924,1789801583.0766647,13.41,0,13.41,pass,,read_secondary,"{""background_write_acknowledged"": true, ""reads"": [{""version"": 982, ""max_seen_before"": 981, ""violation"": false}, {""version"": 982, ""max_seen_before"": 982, ""violation"": false}]}"
20260919T070606Z_3811b539,983,normal,1789801583.077355,1789801583.0925674,15.332,0,15.332,pass,,read_secondary,"{""background_write_acknowledged"": true, ""reads"": [{""version"": 983, ""max_seen_before"": 982, ""violation"": false}, {""version"": 983, ""max_seen_before"": 983, ""violation"": false}]}"
20260919T070606Z_3811b539,984,normal,1789801583.0925674,1789801583.107506,15.299,0,15.299,pass,,read_secondary,"{""background_write_acknowledged"": true, ""reads"": [{""version"": 984, ""max_seen_before"": 983, ""violation"": false}, {""version"": 984, ""max_seen_before"": 984, ""violation"": false}]}"
20260919T070606Z_3811b539,985,normal,1789801583.108243,1789801583.1231773,14.939,0,14.939,pass,,read_secondary,"{""background_write_acknowledged"": true, ""reads"": [{""version"": 985, ""max_seen_before"": 984, ""violation"": false}, {""version"": 985, ""max_seen_before"": 985, ""violation"": false}]}"
20260919T070606Z_3811b539,986,normal,1789801583.1231773,1789801583.1375926,14.363,0,14.363,pass,,read_secondary,"{""background_write_acknowledged"": true, ""reads"": [{""version"": 986, ""max_seen_before"": 985, ""violation"": false}, {""version"": 986, ""max_seen_before"": 986, ""violation"": false}]}"
20260919T070606Z_3811b539,987,normal,1789801583.1375926,1789801583.1524346,15.035,0,15.035,pass,,read_secondary,"{""background_write_acknowledged"": true, ""reads"": [{""version"": 987, ""max_seen_before"": 986, ""violation"": false}, {""version"": 987, ""max_seen_before"": 987, ""violation"": false}]}"
20260919T070606Z_3811b539,988,normal,1789801583.1524346,1789801583.1667492,14.32,0,14.32,pass,,read_secondary,"{""background_write_acknowledged"": true, ""reads"": [{""version"": 988, ""max_seen_before"": 987, ""violation"": false}, {""version"": 988, ""max_seen_before"": 988, ""violation"": false}]}"
20260919T070606Z_3811b539,989,normal,1789801583.167456,1789801583.183218,15.796,0,15.796,pass,,read_secondary,"{""background_write_acknowledged"": true, ""reads"": [{""version"": 989, ""max_seen_before"": 988, ""violation"": false}, {""version"": 989, ""max_seen_before"": 989, ""violation"": false}]}"
20260919T070606Z_3811b539,990,normal,1789801583.183218,1789801583.2006328,17.787,0,17.787,pass,,read_secondary,"{""background_write_acknowledged"": true, ""reads"": [{""version"": 990, ""max_seen_before"": 989, ""violation"": false}, {""version"": 990, ""max_seen_before"": 990, ""violation"": false}]}"
20260919T070606Z_3811b539,991,normal,1789801583.201297,1789801583.2167704,15.561,0,15.561,pass,,read_secondary,"{""background_write_acknowledged"": true, ""reads"": [{""version"": 991, ""max_seen_before"": 990, ""violation"": false}, {""version"": 991, ""max_seen_before"": 991, ""violation"": false}]}"
20260919T070606Z_3811b539,992,normal,1789801583.2167704,1789801583.230017,13.345,0,13.345,pass,,read_secondary,"{""background_write_acknowledged"": true, ""reads"": [{""version"": 992, ""max_seen_before"": 991, ""violation"": false}, {""version"": 992, ""max_seen_before"": 992, ""violation"": false}]}"
20260919T070606Z_3811b539,993,normal,1789801583.230017,1789801583.2422864,12.256,0,12.256,pass,,read_secondary,"{""background_write_acknowledged"": true, ""reads"": [{""version"": 993, ""max_seen_before"": 992, ""violation"": false}, {""version"": 993, ""max_seen_before"": 993, ""violation"": false}]}"
20260919T070606Z_3811b539,994,normal,1789801583.2422864,1789801583.255873,13.569,0,13.569,pass,,read_secondary,"{""background_write_acknowledged"": true, ""reads"": [{""version"": 994, ""max_seen_before"": 993, ""violation"": false}, {""version"": 994, ""max_seen_before"": 994, ""violation"": false}]}"
20260919T070606Z_3811b539,995,normal,1789801583.256502,1789801583.2691042,13.131,0,13.131,pass,,read_secondary,"{""background_write_acknowledged"": true, ""reads"": [{""version"": 995, ""max_seen_before"": 994, ""violation"": false}, {""version"": 995, ""max_seen_before"": 995, ""violation"": false}]}"
20260919T070606Z_3811b539,996,normal,1789801583.269763,1789801583.2819428,12.621,0,12.621,pass,,read_secondary,"{""background_write_acknowledged"": true, ""reads"": [{""version"": 996, ""max_seen_before"": 995, ""violation"": false}, {""version"": 996, ""max_seen_before"": 996, ""violation"": false}]}"
20260919T070606Z_3811b539,997,normal,1789801583.2819428,1789801583.2954485,13.147,0,13.147,pass,,read_secondary,"{""background_write_acknowledged"": true, ""reads"": [{""version"": 997, ""max_seen_before"": 996, ""violation"": false}, {""version"": 997, ""max_seen_before"": 997, ""violation"": false}]}"
20260919T070606Z_3811b539,998,normal,1789801583.2954485,1789801583.3101459,14.887,0,14.887,pass,,read_secondary,"{""background_write_acknowledged"": true, ""reads"": [{""version"": 998, ""max_seen_before"": 997, ""violation"": false}, {""version"": 998, ""max_seen_before"": 998, ""violation"": false}]}"
20260919T070606Z_3811b539,999,normal,1789801583.310764,1789801583.326874,16.407,0,16.407,pass,,read_secondary,"{""background_write_acknowledged"": true, ""reads"": [{""version"": 999, ""max_seen_before"": 998, ""violation"": false}, {""version"": 999, ""max_seen_before"": 999, ""violation"": false}]}"
20260919T070606Z_3811b539,1000,normal,1789801583.326874,1789801583.341571,14.452,0,14.452,pass,,read_secondary,"{""background_write_acknowledged"": true, ""reads"": [{""version"": 1000, ""max_seen_before"": 999, ""violation"": false}, {""version"": 1000, ""max_seen_before"": 1000, ""violation"": false}]}"
