run_id,iteration,phase,start_time,end_time,latency_ms,management_ms,workload_ms,verdict,error,last_stage,details_json
20260919T063135Z_e21f4e64,1,normal,1789799496.5840116,1789799496.6377332,53.961,0,53.961,pass,,independent_snapshot,"{""prerequisite_acknowledged"": true, ""client_b_read_v1"": true, ""dependent_acknowledged"": true, ""visible_ids"": [""v1:1"", ""v2:1""], ""snapshot_polls"": 1}"
20260919T063135Z_e21f4e64,2,normal,1789799496.6384068,1789799496.664656,26.142,0,26.142,pass,,independent_snapshot,"{""prerequisite_acknowledged"": true, ""client_b_read_v1"": true, ""dependent_acknowledged"": true, ""visible_ids"": [""v1:2"", ""v2:2""], ""snapshot_polls"": 1}"
20260919T063135Z_e21f4e64,3,normal,1789799496.6652646,1789799496.7124002,47.514,0,47.514,pass,,independent_snapshot,"{""prerequisite_acknowledged"": true, ""client_b_read_v1"": true, ""dependent_acknowledged"": true, ""visible_ids"": [""v1:3"", ""v2:3""], ""snapshot_polls"": 1}"
20260919T063135Z_e21f4e64,4,normal,1789799496.7124002,1789799496.734769,22.427,0,22.427,pass,,independent_snapshot,"{""prerequisite_acknowledged"": true, ""client_b_read_v1"": true, ""dependent_acknowledged"": true, ""visible_ids"": [""v1:4"", ""v2:4""], ""snapshot_polls"": 1}"
20260919T063135Z_e21f4e64,5,normal,1789799496.7353837,1789799496.7560954,20.652,0,20.652,pass,,independent_snapshot,"{""prerequisite_acknowledged"": true, ""client_b_read_v1"": true, ""dependent_acknowledged"": true, ""visible_ids"": [""v1:5"", ""v2:5""], ""snapshot_polls"": 1}"
20260919T063135Z_e21f4e64,6,normal,1789799496.7560954,1789799496.7773726,21.179,0,21.179,pass,,independent_snapshot,"{""prerequisite_acknowledged"": true, ""client_b_read_v1"": true, ""dependent_acknowledged"": true, ""visible_ids"": [""v1:6"", ""v2:6""], ""snapshot_polls"": 1}"
20260919T063135Z_e21f4e64,7,normal,1789799496.7773726,1789799496.7979121,20.692,0,20.692,pass,,independent_snapshot,"{""prerequisite_acknowledged"": true, ""client_b_read_v1"": true, ""dependent_acknowledged"": true, ""visible_ids"": [""v1:7"", ""v2:7""], ""snapshot_polls"": 1}"
20260919T063135Z_e21f4e64,8,normal,1789799496.7984715,1789799496.8187792,20.482,0,20.482,pass,,independent_snapshot,"{""prerequisite_acknowledged"": true, ""client_b_read_v1"": true, ""dependent_acknowledged"": true, ""visible_ids"": [""v1:8"", ""v2:8""], ""snapshot_polls"": 1}"
20260919T063135Z_e21f4e64,9,normal,1789799496.8187792,1789799496.8382938,19.088,0,19.088,pass,,independent_snapshot,"{""prerequisite_acknowledged"": true, ""client_b_read_v1"": true, ""dependent_acknowledged"": true, ""visible_ids"": [""v1:9"", ""v2:9""], ""snapshot_polls"": 1}"
20260919T063135Z_e21f4e64,10,normal,1789799496.8382938,1789799496.8576236,19.662,0,19.662,pass,,independent_snapshot,"{""prerequisite_acknowledged"": true, ""client_b_read_v1"": true, ""dependent_acknowledged"": true, ""visible_ids"": [""v1:10"", ""v2:10""], ""snapshot_polls"": 1}"
20260919T063135Z_e21f4e64,11,normal,1789799496.8576236,1789799496.8774366,19.603,0,19.603,pass,,independent_snapshot,"{""prerequisite_acknowledged"": true, ""client_b_read_v1"": true, ""dependent_acknowledged"": true, ""visible_ids"": [""v1:11"", ""v2:11""], ""snapshot_polls"": 1}"
20260919T063135Z_e21f4e64,12,normal,1789799496.8774366,1789799496.8999588,22.117,0,22.117,pass,,independent_snapshot,"{""prerequisite_acknowledged"": true, ""client_b_read_v1"": true, ""dependent_acknowledged"": true, ""visible_ids"": [""v1:12"", ""v2:12""], ""snapshot_polls"": 1}"
20260919T063135Z_e21f4e64,13,normal,1789799496.8999588,1789799496.919505,19.886,0,19.886,pass,,independent_snapshot,"{""prerequisite_acknowledged"": true, ""client_b_read_v1"": true, ""dependent_acknowledged"": true, ""visible_ids"": [""v1:13"", ""v2:13""], ""snapshot_polls"": 1}"
20260919T063135Z_e21f4e64,14,normal,1789799496.919505,1789799496.9398472,19.973,0,19.973,pass,,independent_snapshot,"{""prerequisite_acknowledged"": true, ""client_b_read_v1"": true, ""dependent_acknowledged"": true, ""visible_ids"": [""v1:14"", ""v2:14""], ""snapshot_polls"": 1}"
20260919T063135Z_e21f4e64,15,normal,1789799496.9398472,1789799496.9604118,20.376,0,20.376,pass,,independent_snapshot,"{""prerequisite_acknowledged"": true, ""client_b_read_v1"": true, ""dependent_acknowledged"": true, ""visible_ids"": [""v1:15"", ""v2:15""], ""snapshot_polls"": 1}"
20260919T063135Z_e21f4e64,16,normal,1789799496.9604118,1789799496.981634,21.205,0,21.205,pass,,independent_snapshot,"{""prerequisite_acknowledged"": true, ""client_b_read_v1"": true, ""dependent_acknowledged"": true, ""visible_ids"": [""v1:16"", ""v2:16""], ""snapshot_polls"": 1}"
20260919T063135Z_e21f4e64,17,normal,1789799496.981634,1789799497.0042665,22.215,0,22.215,pass,,independent_snapshot,"{""prerequisite_acknowledged"": true, ""client_b_read_v1"": true, ""dependent_acknowledged"": true, ""visible_ids"": [""v1:17"", ""v2:17""], ""snapshot_polls"": 1}"
20260919T063135Z_e21f4e64,18,normal,1789799497.0042665,1789799497.0235393,19.246,0,19.246,pass,,independent_snapshot,"{""prerequisite_acknowledged"": true, ""client_b_read_v1"": true, ""dependent_acknowledged"": true, ""visible_ids"": [""v1:18"", ""v2:18""], ""snapshot_polls"": 1}"
20260919T063135Z_e21f4e64,19,normal,1789799497.0235393,1789799497.0426145,19.379,0,19.379,pass,,independent_snapshot,"{""prerequisite_acknowledged"": true, ""client_b_read_v1"": true, ""dependent_acknowledged"": true, ""visible_ids"": [""v1:19"", ""v2:19""], ""snapshot_polls"": 1}"
20260919T063135Z_e21f4e64,20,normal,1789799497.0432227,1789799497.0643046,21.066,0,21.066,pass,,independent_snapshot,"{""prerequisite_acknowledged"": true, ""client_b_read_v1"": true, ""dependent_acknowledged"": true, ""visible_ids"": [""v1:20"", ""v2:20""], ""snapshot_polls"": 1}"
20260919T063135Z_e21f4e64,21,normal,1789799497.0643046,1789799497.0845397,19.94,0,19.94,pass,,independent_snapshot,"{""prerequisite_acknowledged"": true, ""client_b_read_v1"": true, ""dependent_acknowledged"": true, ""visible_ids"": [""v1:21"", ""v2:21""], ""snapshot_polls"": 1}"
20260919T063135Z_e21f4e64,22,normal,1789799497.0845397,1789799497.107125,22.546,0,22.546,pass,,independent_snapshot,"{""prerequisite_acknowledged"": true, ""client_b_read_v1"": true, ""dependent_acknowledged"": true, ""visible_ids"": [""v1:22"", ""v2:22""], ""snapshot_polls"": 1}"
20260919T063135Z_e21f4e64,23,normal,1789799497.107125,1789799497.128998,21.837,0,21.837,pass,,independent_snapshot,"{""prerequisite_acknowledged"": true, ""client_b_read_v1"": true, ""dependent_acknowledged"": true, ""visible_ids"": [""v1:23"", ""v2:23""], ""snapshot_polls"": 1}"
20260919T063135Z_e21f4e64,24,normal,1789799497.128998,1789799497.1486702,19.653,0,19.653,pass,,independent_snapshot,"{""prerequisite_acknowledged"": true, ""client_b_read_v1"": true, ""dependent_acknowledged"": true, ""visible_ids"": [""v1:24"", ""v2:24""], ""snapshot_polls"": 1}"
20260919T063135Z_e21f4e64,25,normal,1789799497.1486702,1789799497.1706762,21.834,0,21.834,pass,,independent_snapshot,"{""prerequisite_acknowledged"": true, ""client_b_read_v1"": true, ""dependent_acknowledged"": true, ""visible_ids"": [""v1:25"", ""v2:25""], ""snapshot_polls"": 1}"
20260919T063135Z_e21f4e64,26,normal,1789799497.1706762,1789799497.1909235,20.084,0,20.084,pass,,independent_snapshot,"{""prerequisite_acknowledged"": true, ""client_b_read_v1"": true, ""dependent_acknowledged"": true, ""visible_ids"": [""v1:26"", ""v2:26""], ""snapshot_polls"": 1}"
20260919T063135Z_e21f4e64,27,normal,1789799497.1909235,1789799497.2104938,19.488,0,19.488,pass,,independent_snapshot,"{""prerequisite_acknowledged"": true, ""client_b_read_v1"": true, ""dependent_acknowledged"": true, ""visible_ids"": [""v1:27"", ""v2:27""], ""snapshot_polls"": 1}"
20260919T063135Z_e21f4e64,28,normal,1789799497.2104938,1789799497.2318943,21.598,0,21.598,pass,,independent_snapshot,"{""prerequisite_acknowledged"": true, ""client_b_read_v1"": true, ""dependent_acknowledged"": true, ""visible_ids"": [""v1:28"", ""v2:28""], ""snapshot_polls"": 1}"
20260919T063135Z_e21f4e64,29,normal,1789799497.2318943,1789799497.2510076,19.051,0,19.051,pass,,independent_snapshot,"{""prerequisite_acknowledged"": true, ""client_b_read_v1"": true, ""dependent_acknowledged"": true, ""visible_ids"": [""v1:29"", ""v2:29""], ""snapshot_polls"": 1}"
20260919T063135Z_e21f4e64,30,normal,1789799497.2516358,1789799497.2708938,19.722,0,19.722,pass,,independent_snapshot,"{""prerequisite_acknowledged"": true, ""client_b_read_v1"": true, ""dependent_acknowledged"": true, ""visible_ids"": [""v1:30"", ""v2:30""], ""snapshot_polls"": 1}"
20260919T063135Z_e21f4e64,31,normal,1789799497.271522,1789799497.291872,20.453,0,20.453,pass,,independent_snapshot,"{""prerequisite_acknowledged"": true, ""client_b_read_v1"": true, ""dependent_acknowledged"": true, ""visible_ids"": [""v1:31"", ""v2:31""], ""snapshot_polls"": 1}"
20260919T063135Z_e21f4e64,32,normal,1789799497.291872,1789799497.311811,20.005,0,20.005,pass,,independent_snapshot,"{""prerequisite_acknowledged"": true, ""client_b_read_v1"": true, ""dependent_acknowledged"": true, ""visible_ids"": [""v1:32"", ""v2:32""], ""snapshot_polls"": 1}"
20260919T063135Z_e21f4e64,33,normal,1789799497.311811,1789799497.3354099,23.44,0,23.44,pass,,independent_snapshot,"{""prerequisite_acknowledged"": true, ""client_b_read_v1"": true, ""dependent_acknowledged"": true, ""visible_ids"": [""v1:33"", ""v2:33""], ""snapshot_polls"": 1}"
20260919T063135Z_e21f4e64,34,normal,1789799497.3354099,1789799497.3575044,21.935,0,21.935,pass,,independent_snapshot,"{""prerequisite_acknowledged"": true, ""client_b_read_v1"": true, ""dependent_acknowledged"": true, ""visible_ids"": [""v1:34"", ""v2:34""], ""snapshot_polls"": 1}"
20260919T063135Z_e21f4e64,35,normal,1789799497.3575044,1789799497.3792453,21.826,0,21.826,pass,,independent_snapshot,"{""prerequisite_acknowledged"": true, ""client_b_read_v1"": true, ""dependent_acknowledged"": true, ""visible_ids"": [""v1:35"", ""v2:35""], ""snapshot_polls"": 1}"
20260919T063135Z_e21f4e64,36,normal,1789799497.3792453,1789799497.4002194,20.863,0,20.863,pass,,independent_snapshot,"{""prerequisite_acknowledged"": true, ""client_b_read_v1"": true, ""dependent_acknowledged"": true, ""visible_ids"": [""v1:36"", ""v2:36""], ""snapshot_polls"": 1}"
20260919T063135Z_e21f4e64,37,normal,1789799497.4002194,1789799497.4221702,21.436,0,21.436,pass,,independent_snapshot,"{""prerequisite_acknowledged"": true, ""client_b_read_v1"": true, ""dependent_acknowledged"": true, ""visible_ids"": [""v1:37"", ""v2:37""], ""snapshot_polls"": 1}"
20260919T063135Z_e21f4e64,38,normal,1789799497.4221702,1789799497.4448402,22.509,0,22.509,pass,,independent_snapshot,"{""prerequisite_acknowledged"": true, ""client_b_read_v1"": true, ""dependent_acknowledged"": true, ""visible_ids"": [""v1:38"", ""v2:38""], ""snapshot_polls"": 1}"
20260919T063135Z_e21f4e64,39,normal,1789799497.4448402,1789799497.464692,19.733,0,19.733,pass,,independent_snapshot,"{""prerequisite_acknowledged"": true, ""client_b_read_v1"": true, ""dependent_acknowledged"": true, ""visible_ids"": [""v1:39"", ""v2:39""], ""snapshot_polls"": 1}"
20260919T063135Z_e21f4e64,40,normal,1789799497.464692,1789799497.4849117,20.541,0,20.541,pass,,independent_snapshot,"{""prerequisite_acknowledged"": true, ""client_b_read_v1"": true, ""dependent_acknowledged"": true, ""visible_ids"": [""v1:40"", ""v2:40""], ""snapshot_polls"": 1}"
20260919T063135Z_e21f4e64,41,normal,1789799497.485473,1789799497.5051112,19.742,0,19.742,pass,,independent_snapshot,"{""prerequisite_acknowledged"": true, ""client_b_read_v1"": true, ""dependent_acknowledged"": true, ""visible_ids"": [""v1:41"", ""v2:41""], ""snapshot_polls"": 1}"
20260919T063135Z_e21f4e64,42,normal,1789799497.5051112,1789799497.527031,21.988,0,21.988,pass,,independent_snapshot,"{""prerequisite_acknowledged"": true, ""client_b_read_v1"": true, ""dependent_acknowledged"": true, ""visible_ids"": [""v1:42"", ""v2:42""], ""snapshot_polls"": 1}"
20260919T063135Z_e21f4e64,43,normal,1789799497.527031,1789799497.550009,23.054,0,23.054,pass,,independent_snapshot,"{""prerequisite_acknowledged"": true, ""client_b_read_v1"": true, ""dependent_acknowledged"": true, ""visible_ids"": [""v1:43"", ""v2:43""], ""snapshot_polls"": 1}"
20260919T063135Z_e21f4e64,44,normal,1789799497.5505884,1789799497.5726883,22.05,0,22.05,pass,,independent_snapshot,"{""prerequisite_acknowledged"": true, ""client_b_read_v1"": true, ""dependent_acknowledged"": true, ""visible_ids"": [""v1:44"", ""v2:44""], ""snapshot_polls"": 1}"
20260919T063135Z_e21f4e64,45,normal,1789799497.5726883,1789799497.5961628,23.44,0,23.44,pass,,independent_snapshot,"{""prerequisite_acknowledged"": true, ""client_b_read_v1"": true, ""dependent_acknowledged"": true, ""visible_ids"": [""v1:45"", ""v2:45""], ""snapshot_polls"": 1}"
20260919T063135Z_e21f4e64,46,normal,1789799497.5961628,1789799497.618439,22.249,0,22.249,pass,,independent_snapshot,"{""prerequisite_acknowledged"": true, ""client_b_read_v1"": true, ""dependent_acknowledged"": true, ""visible_ids"": [""v1:46"", ""v2:46""], ""snapshot_polls"": 1}"
20260919T063135Z_e21f4e64,47,normal,1789799497.618439,1789799497.6405747,21.938,0,21.938,pass,,independent_snapshot,"{""prerequisite_acknowledged"": true, ""client_b_read_v1"": true, ""dependent_acknowledged"": true, ""visible_ids"": [""v1:47"", ""v2:47""], ""snapshot_polls"": 1}"
20260919T063135Z_e21f4e64,48,normal,1789799497.6405747,1789799497.663663,23.164,0,23.164,pass,,independent_snapshot,"{""prerequisite_acknowledged"": true, ""client_b_read_v1"": true, ""dependent_acknowledged"": true, ""visible_ids"": [""v1:48"", ""v2:48""], ""snapshot_polls"": 1}"
20260919T063135Z_e21f4e64,49,normal,1789799497.663663,1789799497.6857474,21.887,0,21.887,pass,,independent_snapshot,"{""prerequisite_acknowledged"": true, ""client_b_read_v1"": true, ""dependent_acknowledged"": true, ""visible_ids"": [""v1:49"", ""v2:49""], ""snapshot_polls"": 1}"
20260919T063135Z_e21f4e64,50,normal,1789799497.6857474,1789799497.7048879,19.218,0,19.218,pass,,independent_snapshot,"{""prerequisite_acknowledged"": true, ""client_b_read_v1"": true, ""dependent_acknowledged"": true, ""visible_ids"": [""v1:50"", ""v2:50""], ""snapshot_polls"": 1}"
20260919T063135Z_e21f4e64,51,normal,1789799497.7054486,1789799497.7253084,19.991,0,19.991,pass,,independent_snapshot,"{""prerequisite_acknowledged"": true, ""client_b_read_v1"": true, ""dependent_acknowledged"": true, ""visible_ids"": [""v1:51"", ""v2:51""], ""snapshot_polls"": 1}"
20260919T063135Z_e21f4e64,52,normal,1789799497.7253084,1789799497.7446125,19.438,0,19.438,pass,,independent_snapshot,"{""prerequisite_acknowledged"": true, ""client_b_read_v1"": true, ""dependent_acknowledged"": true, ""visible_ids"": [""v1:52"", ""v2:52""], ""snapshot_polls"": 1}"
20260919T063135Z_e21f4e64,53,normal,1789799497.7446125,1789799497.7639565,19.51,0,19.51,pass,,independent_snapshot,"{""prerequisite_acknowledged"": true, ""client_b_read_v1"": true, ""dependent_acknowledged"": true, ""visible_ids"": [""v1:53"", ""v2:53""], ""snapshot_polls"": 1}"
20260919T063135Z_e21f4e64,54,normal,1789799497.764631,1789799497.7834144,19.4,0,19.4,pass,,independent_snapshot,"{""prerequisite_acknowledged"": true, ""client_b_read_v1"": true, ""dependent_acknowledged"": true, ""visible_ids"": [""v1:54"", ""v2:54""], ""snapshot_polls"": 1}"
20260919T063135Z_e21f4e64,55,normal,1789799497.7841947,1789799497.8043349,20.292,0,20.292,pass,,independent_snapshot,"{""prerequisite_acknowledged"": true, ""client_b_read_v1"": true, ""dependent_acknowledged"": true, ""visible_ids"": [""v1:55"", ""v2:55""], ""snapshot_polls"": 1}"
20260919T063135Z_e21f4e64,56,normal,1789799497.8043349,1789799497.824814,20.565,0,20.565,pass,,independent_snapshot,"{""prerequisite_acknowledged"": true, ""client_b_read_v1"": true, ""dependent_acknowledged"": true, ""visible_ids"": [""v1:56"", ""v2:56""], ""snapshot_polls"": 1}"
20260919T063135Z_e21f4e64,57,normal,1789799497.824814,1789799497.8490639,24.455,0,24.455,pass,,independent_snapshot,"{""prerequisite_acknowledged"": true, ""client_b_read_v1"": true, ""dependent_acknowledged"": true, ""visible_ids"": [""v1:57"", ""v2:57""], ""snapshot_polls"": 1}"
20260919T063135Z_e21f4e64,58,normal,1789799497.8497233,1789799497.8702238,20.529,0,20.529,pass,,independent_snapshot,"{""prerequisite_acknowledged"": true, ""client_b_read_v1"": true, ""dependent_acknowledged"": true, ""visible_ids"": [""v1:58"", ""v2:58""], ""snapshot_polls"": 1}"
20260919T063135Z_e21f4e64,59,normal,1789799497.8702238,1789799497.8903801,20.171,0,20.171,pass,,independent_snapshot,"{""prerequisite_acknowledged"": true, ""client_b_read_v1"": true, ""dependent_acknowledged"": true, ""visible_ids"": [""v1:59"", ""v2:59""], ""snapshot_polls"": 1}"
20260919T063135Z_e21f4e64,60,normal,1789799497.8903801,1789799497.915187,24.963,0,24.963,pass,,independent_snapshot,"{""prerequisite_acknowledged"": true, ""client_b_read_v1"": true, ""dependent_acknowledged"": true, ""visible_ids"": [""v1:60"", ""v2:60""], ""snapshot_polls"": 1}"
20260919T063135Z_e21f4e64,61,normal,1789799497.9158454,1789799497.9397027,23.835,0,23.835,pass,,independent_snapshot,"{""prerequisite_acknowledged"": true, ""client_b_read_v1"": true, ""dependent_acknowledged"": true, ""visible_ids"": [""v1:61"", ""v2:61""], ""snapshot_polls"": 1}"
20260919T063135Z_e21f4e64,62,normal,1789799497.9397027,1789799497.959307,19.492,0,19.492,pass,,independent_snapshot,"{""prerequisite_acknowledged"": true, ""client_b_read_v1"": true, ""dependent_acknowledged"": true, ""visible_ids"": [""v1:62"", ""v2:62""], ""snapshot_polls"": 1}"
20260919T063135Z_e21f4e64,63,normal,1789799497.959307,1789799497.9812326,22.06,0,22.06,pass,,independent_snapshot,"{""prerequisite_acknowledged"": true, ""client_b_read_v1"": true, ""dependent_acknowledged"": true, ""visible_ids"": [""v1:63"", ""v2:63""], ""snapshot_polls"": 1}"
20260919T063135Z_e21f4e64,64,normal,1789799497.9812326,1789799498.0075035,25.936,0,25.936,pass,,independent_snapshot,"{""prerequisite_acknowledged"": true, ""client_b_read_v1"": true, ""dependent_acknowledged"": true, ""visible_ids"": [""v1:64"", ""v2:64""], ""snapshot_polls"": 1}"
20260919T063135Z_e21f4e64,65,normal,1789799498.0075035,1789799498.028234,20.506,0,20.506,pass,,independent_snapshot,"{""prerequisite_acknowledged"": true, ""client_b_read_v1"": true, ""dependent_acknowledged"": true, ""visible_ids"": [""v1:65"", ""v2:65""], ""snapshot_polls"": 1}"
20260919T063135Z_e21f4e64,66,normal,1789799498.028234,1789799498.0495682,20.848,0,20.848,pass,,independent_snapshot,"{""prerequisite_acknowledged"": true, ""client_b_read_v1"": true, ""dependent_acknowledged"": true, ""visible_ids"": [""v1:66"", ""v2:66""], ""snapshot_polls"": 1}"
20260919T063135Z_e21f4e64,67,normal,1789799498.0495682,1789799498.0702329,20.943,0,20.943,pass,,independent_snapshot,"{""prerequisite_acknowledged"": true, ""client_b_read_v1"": true, ""dependent_acknowledged"": true, ""visible_ids"": [""v1:67"", ""v2:67""], ""snapshot_polls"": 1}"
20260919T063135Z_e21f4e64,68,normal,1789799498.0702329,1789799498.0879185,17.685,0,17.685,pass,,independent_snapshot,"{""prerequisite_acknowledged"": true, ""client_b_read_v1"": true, ""dependent_acknowledged"": true, ""visible_ids"": [""v1:68"", ""v2:68""], ""snapshot_polls"": 1}"
20260919T063135Z_e21f4e64,69,normal,1789799498.0879185,1789799498.1063588,18.362,0,18.362,pass,,independent_snapshot,"{""prerequisite_acknowledged"": true, ""client_b_read_v1"": true, ""dependent_acknowledged"": true, ""visible_ids"": [""v1:69"", ""v2:69""], ""snapshot_polls"": 1}"
20260919T063135Z_e21f4e64,70,normal,1789799498.1063588,1789799498.128718,22.183,0,22.183,pass,,independent_snapshot,"{""prerequisite_acknowledged"": true, ""client_b_read_v1"": true, ""dependent_acknowledged"": true, ""visible_ids"": [""v1:70"", ""v2:70""], ""snapshot_polls"": 1}"
20260919T063135Z_e21f4e64,71,normal,1789799498.128718,1789799498.155882,27.054,0,27.054,pass,,independent_snapshot,"{""prerequisite_acknowledged"": true, ""client_b_read_v1"": true, ""dependent_acknowledged"": true, ""visible_ids"": [""v1:71"", ""v2:71""], ""snapshot_polls"": 1}"
20260919T063135Z_e21f4e64,72,normal,1789799498.155882,1789799498.1759388,19.963,0,19.963,pass,,independent_snapshot,"{""prerequisite_acknowledged"": true, ""client_b_read_v1"": true, ""dependent_acknowledged"": true, ""visible_ids"": [""v1:72"", ""v2:72""], ""snapshot_polls"": 1}"
20260919T063135Z_e21f4e64,73,normal,1789799498.1759388,1789799498.1936963,17.748,0,17.748,pass,,independent_snapshot,"{""prerequisite_acknowledged"": true, ""client_b_read_v1"": true, ""dependent_acknowledged"": true, ""visible_ids"": [""v1:73"", ""v2:73""], ""snapshot_polls"": 1}"
20260919T063135Z_e21f4e64,74,normal,1789799498.1936963,1789799498.21561,21.598,0,21.598,pass,,independent_snapshot,"{""prerequisite_acknowledged"": true, ""client_b_read_v1"": true, ""dependent_acknowledged"": true, ""visible_ids"": [""v1:74"", ""v2:74""], ""snapshot_polls"": 1}"
20260919T063135Z_e21f4e64,75,normal,1789799498.21561,1789799498.2382734,22.706,0,22.706,pass,,independent_snapshot,"{""prerequisite_acknowledged"": true, ""client_b_read_v1"": true, ""dependent_acknowledged"": true, ""visible_ids"": [""v1:75"", ""v2:75""], ""snapshot_polls"": 1}"
20260919T063135Z_e21f4e64,76,normal,1789799498.2382734,1789799498.2603173,21.871,0,21.871,pass,,independent_snapshot,"{""prerequisite_acknowledged"": true, ""client_b_read_v1"": true, ""dependent_acknowledged"": true, ""visible_ids"": [""v1:76"", ""v2:76""], ""snapshot_polls"": 1}"
20260919T063135Z_e21f4e64,77,normal,1789799498.2603173,1789799498.28267,22.565,0,22.565,pass,,independent_snapshot,"{""prerequisite_acknowledged"": true, ""client_b_read_v1"": true, ""dependent_acknowledged"": true, ""visible_ids"": [""v1:77"", ""v2:77""], ""snapshot_polls"": 1}"
20260919T063135Z_e21f4e64,78,normal,1789799498.2833204,1789799498.3045187,21.388,0,21.388,pass,,independent_snapshot,"{""prerequisite_acknowledged"": true, ""client_b_read_v1"": true, ""dependent_acknowledged"": true, ""visible_ids"": [""v1:78"", ""v2:78""], ""snapshot_polls"": 1}"
20260919T063135Z_e21f4e64,79,normal,1789799498.3045187,1789799498.3253477,20.484,0,20.484,pass,,independent_snapshot,"{""prerequisite_acknowledged"": true, ""client_b_read_v1"": true, ""dependent_acknowledged"": true, ""visible_ids"": [""v1:79"", ""v2:79""], ""snapshot_polls"": 1}"
20260919T063135Z_e21f4e64,80,normal,1789799498.3253477,1789799498.3438344,18.783,0,18.783,pass,,independent_snapshot,"{""prerequisite_acknowledged"": true, ""client_b_read_v1"": true, ""dependent_acknowledged"": true, ""visible_ids"": [""v1:80"", ""v2:80""], ""snapshot_polls"": 1}"
20260919T063135Z_e21f4e64,81,normal,1789799498.3438344,1789799498.3693602,25.589,0,25.589,pass,,independent_snapshot,"{""prerequisite_acknowledged"": true, ""client_b_read_v1"": true, ""dependent_acknowledged"": true, ""visible_ids"": [""v1:81"", ""v2:81""], ""snapshot_polls"": 1}"
20260919T063135Z_e21f4e64,82,normal,1789799498.3698707,1789799498.390935,21.063,0,21.063,pass,,independent_snapshot,"{""prerequisite_acknowledged"": true, ""client_b_read_v1"": true, ""dependent_acknowledged"": true, ""visible_ids"": [""v1:82"", ""v2:82""], ""snapshot_polls"": 1}"
20260919T063135Z_e21f4e64,83,normal,1789799498.390935,1789799498.4096074,18.889,0,18.889,pass,,independent_snapshot,"{""prerequisite_acknowledged"": true, ""client_b_read_v1"": true, ""dependent_acknowledged"": true, ""visible_ids"": [""v1:83"", ""v2:83""], ""snapshot_polls"": 1}"
20260919T063135Z_e21f4e64,84,normal,1789799498.4096074,1789799498.4293175,19.408,0,19.408,pass,,independent_snapshot,"{""prerequisite_acknowledged"": true, ""client_b_read_v1"": true, ""dependent_acknowledged"": true, ""visible_ids"": [""v1:84"", ""v2:84""], ""snapshot_polls"": 1}"
20260919T063135Z_e21f4e64,85,normal,1789799498.4293175,1789799498.4518747,22.659,0,22.659,pass,,independent_snapshot,"{""prerequisite_acknowledged"": true, ""client_b_read_v1"": true, ""dependent_acknowledged"": true, ""visible_ids"": [""v1:85"", ""v2:85""], ""snapshot_polls"": 1}"
20260919T063135Z_e21f4e64,86,normal,1789799498.4518747,1789799498.4719102,19.927,0,19.927,pass,,independent_snapshot,"{""prerequisite_acknowledged"": true, ""client_b_read_v1"": true, ""dependent_acknowledged"": true, ""visible_ids"": [""v1:86"", ""v2:86""], ""snapshot_polls"": 1}"
20260919T063135Z_e21f4e64,87,normal,1789799498.4719102,1789799498.4933035,20.952,0,20.952,pass,,independent_snapshot,"{""prerequisite_acknowledged"": true, ""client_b_read_v1"": true, ""dependent_acknowledged"": true, ""visible_ids"": [""v1:87"", ""v2:87""], ""snapshot_polls"": 1}"
20260919T063135Z_e21f4e64,88,normal,1789799498.4933035,1789799498.5134165,20.517,0,20.517,pass,,independent_snapshot,"{""prerequisite_acknowledged"": true, ""client_b_read_v1"": true, ""dependent_acknowledged"": true, ""visible_ids"": [""v1:88"", ""v2:88""], ""snapshot_polls"": 1}"
20260919T063135Z_e21f4e64,89,normal,1789799498.51396,1789799498.533605,19.669,0,19.669,pass,,independent_snapshot,"{""prerequisite_acknowledged"": true, ""client_b_read_v1"": true, ""dependent_acknowledged"": true, ""visible_ids"": [""v1:89"", ""v2:89""], ""snapshot_polls"": 1}"
20260919T063135Z_e21f4e64,90,normal,1789799498.533605,1789799498.5517495,18.775,0,18.775,pass,,independent_snapshot,"{""prerequisite_acknowledged"": true, ""client_b_read_v1"": true, ""dependent_acknowledged"": true, ""visible_ids"": [""v1:90"", ""v2:90""], ""snapshot_polls"": 1}"
20260919T063135Z_e21f4e64,91,normal,1789799498.5525496,1789799498.5738015,21.362,0,21.362,pass,,independent_snapshot,"{""prerequisite_acknowledged"": true, ""client_b_read_v1"": true, ""dependent_acknowledged"": true, ""visible_ids"": [""v1:91"", ""v2:91""], ""snapshot_polls"": 1}"
20260919T063135Z_e21f4e64,92,normal,1789799498.5738015,1789799498.5940642,20.513,0,20.513,pass,,independent_snapshot,"{""prerequisite_acknowledged"": true, ""client_b_read_v1"": true, ""dependent_acknowledged"": true, ""visible_ids"": [""v1:92"", ""v2:92""], ""snapshot_polls"": 1}"
20260919T063135Z_e21f4e64,93,normal,1789799498.5940642,1789799498.612437,18.183,0,18.183,pass,,independent_snapshot,"{""prerequisite_acknowledged"": true, ""client_b_read_v1"": true, ""dependent_acknowledged"": true, ""visible_ids"": [""v1:93"", ""v2:93""], ""snapshot_polls"": 1}"
20260919T063135Z_e21f4e64,94,normal,1789799498.612437,1789799498.6308663,18.207,0,18.207,pass,,independent_snapshot,"{""prerequisite_acknowledged"": true, ""client_b_read_v1"": true, ""dependent_acknowledged"": true, ""visible_ids"": [""v1:94"", ""v2:94""], ""snapshot_polls"": 1}"
20260919T063135Z_e21f4e64,95,normal,1789799498.6308663,1789799498.6503778,19.203,0,19.203,pass,,independent_snapshot,"{""prerequisite_acknowledged"": true, ""client_b_read_v1"": true, ""dependent_acknowledged"": true, ""visible_ids"": [""v1:95"", ""v2:95""], ""snapshot_polls"": 1}"
20260919T063135Z_e21f4e64,96,normal,1789799498.6503778,1789799498.667289,17.187,0,17.187,pass,,independent_snapshot,"{""prerequisite_acknowledged"": true, ""client_b_read_v1"": true, ""dependent_acknowledged"": true, ""visible_ids"": [""v1:96"", ""v2:96""], ""snapshot_polls"": 1}"
20260919T063135Z_e21f4e64,97,normal,1789799498.667289,1789799498.687422,19.908,0,19.908,pass,,independent_snapshot,"{""prerequisite_acknowledged"": true, ""client_b_read_v1"": true, ""dependent_acknowledged"": true, ""visible_ids"": [""v1:97"", ""v2:97""], ""snapshot_polls"": 1}"
20260919T063135Z_e21f4e64,98,normal,1789799498.687422,1789799498.7072096,19.752,0,19.752,pass,,independent_snapshot,"{""prerequisite_acknowledged"": true, ""client_b_read_v1"": true, ""dependent_acknowledged"": true, ""visible_ids"": [""v1:98"", ""v2:98""], ""snapshot_polls"": 1}"
20260919T063135Z_e21f4e64,99,normal,1789799498.7072096,1789799498.728801,21.789,0,21.789,pass,,independent_snapshot,"{""prerequisite_acknowledged"": true, ""client_b_read_v1"": true, ""dependent_acknowledged"": true, ""visible_ids"": [""v1:99"", ""v2:99""], ""snapshot_polls"": 1}"
20260919T063135Z_e21f4e64,100,normal,1789799498.7294557,1789799498.7488933,19.965,0,19.965,pass,,independent_snapshot,"{""prerequisite_acknowledged"": true, ""client_b_read_v1"": true, ""dependent_acknowledged"": true, ""visible_ids"": [""v1:100"", ""v2:100""], ""snapshot_polls"": 1}"
20260919T063135Z_e21f4e64,101,normal,1789799498.7495475,1789799498.7697175,19.91,0,19.91,pass,,independent_snapshot,"{""prerequisite_acknowledged"": true, ""client_b_read_v1"": true, ""dependent_acknowledged"": true, ""visible_ids"": [""v1:101"", ""v2:101""], ""snapshot_polls"": 1}"
20260919T063135Z_e21f4e64,102,normal,1789799498.7697175,1789799498.7893038,19.575,0,19.575,pass,,independent_snapshot,"{""prerequisite_acknowledged"": true, ""client_b_read_v1"": true, ""dependent_acknowledged"": true, ""visible_ids"": [""v1:102"", ""v2:102""], ""snapshot_polls"": 1}"
20260919T063135Z_e21f4e64,103,normal,1789799498.789818,1789799498.8086157,19.306,0,19.306,pass,,independent_snapshot,"{""prerequisite_acknowledged"": true, ""client_b_read_v1"": true, ""dependent_acknowledged"": true, ""visible_ids"": [""v1:103"", ""v2:103""], ""snapshot_polls"": 1}"
20260919T063135Z_e21f4e64,104,normal,1789799498.8086157,1789799498.8268573,18.244,0,18.244,pass,,independent_snapshot,"{""prerequisite_acknowledged"": true, ""client_b_read_v1"": true, ""dependent_acknowledged"": true, ""visible_ids"": [""v1:104"", ""v2:104""], ""snapshot_polls"": 1}"
20260919T063135Z_e21f4e64,105,normal,1789799498.8268573,1789799498.8472862,19.771,0,19.771,pass,,independent_snapshot,"{""prerequisite_acknowledged"": true, ""client_b_read_v1"": true, ""dependent_acknowledged"": true, ""visible_ids"": [""v1:105"", ""v2:105""], ""snapshot_polls"": 1}"
20260919T063135Z_e21f4e64,106,normal,1789799498.8472862,1789799498.867129,20.107,0,20.107,pass,,independent_snapshot,"{""prerequisite_acknowledged"": true, ""client_b_read_v1"": true, ""dependent_acknowledged"": true, ""visible_ids"": [""v1:106"", ""v2:106""], ""snapshot_polls"": 1}"
20260919T063135Z_e21f4e64,107,normal,1789799498.867129,1789799498.8875477,20.45,0,20.45,pass,,independent_snapshot,"{""prerequisite_acknowledged"": true, ""client_b_read_v1"": true, ""dependent_acknowledged"": true, ""visible_ids"": [""v1:107"", ""v2:107""], ""snapshot_polls"": 1}"
20260919T063135Z_e21f4e64,108,normal,1789799498.8875477,1789799498.9072342,19.33,0,19.33,pass,,independent_snapshot,"{""prerequisite_acknowledged"": true, ""client_b_read_v1"": true, ""dependent_acknowledged"": true, ""visible_ids"": [""v1:108"", ""v2:108""], ""snapshot_polls"": 1}"
20260919T063135Z_e21f4e64,109,normal,1789799498.9072342,1789799498.9262936,19.383,0,19.383,pass,,independent_snapshot,"{""prerequisite_acknowledged"": true, ""client_b_read_v1"": true, ""dependent_acknowledged"": true, ""visible_ids"": [""v1:109"", ""v2:109""], ""snapshot_polls"": 1}"
20260919T063135Z_e21f4e64,110,normal,1789799498.9268925,1789799498.9467876,20.065,0,20.065,pass,,independent_snapshot,"{""prerequisite_acknowledged"": true, ""client_b_read_v1"": true, ""dependent_acknowledged"": true, ""visible_ids"": [""v1:110"", ""v2:110""], ""snapshot_polls"": 1}"
20260919T063135Z_e21f4e64,111,normal,1789799498.9467876,1789799498.9721026,25.09,0,25.09,pass,,independent_snapshot,"{""prerequisite_acknowledged"": true, ""client_b_read_v1"": true, ""dependent_acknowledged"": true, ""visible_ids"": [""v1:111"", ""v2:111""], ""snapshot_polls"": 1}"
20260919T063135Z_e21f4e64,112,normal,1789799498.9721026,1789799498.9935782,21.981,0,21.981,pass,,independent_snapshot,"{""prerequisite_acknowledged"": true, ""client_b_read_v1"": true, ""dependent_acknowledged"": true, ""visible_ids"": [""v1:112"", ""v2:112""], ""snapshot_polls"": 1}"
20260919T063135Z_e21f4e64,113,normal,1789799498.9943995,1789799499.018813,24.413,0,24.413,pass,,independent_snapshot,"{""prerequisite_acknowledged"": true, ""client_b_read_v1"": true, ""dependent_acknowledged"": true, ""visible_ids"": [""v1:113"", ""v2:113""], ""snapshot_polls"": 1}"
20260919T063135Z_e21f4e64,114,normal,1789799499.018813,1789799499.039583,20.795,0,20.795,pass,,independent_snapshot,"{""prerequisite_acknowledged"": true, ""client_b_read_v1"": true, ""dependent_acknowledged"": true, ""visible_ids"": [""v1:114"", ""v2:114""], ""snapshot_polls"": 1}"
20260919T063135Z_e21f4e64,115,normal,1789799499.039583,1789799499.0589197,19.757,0,19.757,pass,,independent_snapshot,"{""prerequisite_acknowledged"": true, ""client_b_read_v1"": true, ""dependent_acknowledged"": true, ""visible_ids"": [""v1:115"", ""v2:115""], ""snapshot_polls"": 1}"
20260919T063135Z_e21f4e64,116,normal,1789799499.0596187,1789799499.0771637,18.037,0,18.037,pass,,independent_snapshot,"{""prerequisite_acknowledged"": true, ""client_b_read_v1"": true, ""dependent_acknowledged"": true, ""visible_ids"": [""v1:116"", ""v2:116""], ""snapshot_polls"": 1}"
20260919T063135Z_e21f4e64,117,normal,1789799499.0776858,1789799499.0974934,20.115,0,20.115,pass,,independent_snapshot,"{""prerequisite_acknowledged"": true, ""client_b_read_v1"": true, ""dependent_acknowledged"": true, ""visible_ids"": [""v1:117"", ""v2:117""], ""snapshot_polls"": 1}"
20260919T063135Z_e21f4e64,118,normal,1789799499.0974934,1789799499.121838,23.995,0,23.995,pass,,independent_snapshot,"{""prerequisite_acknowledged"": true, ""client_b_read_v1"": true, ""dependent_acknowledged"": true, ""visible_ids"": [""v1:118"", ""v2:118""], ""snapshot_polls"": 1}"
20260919T063135Z_e21f4e64,119,normal,1789799499.121838,1789799499.1434648,21.786,0,21.786,pass,,independent_snapshot,"{""prerequisite_acknowledged"": true, ""client_b_read_v1"": true, ""dependent_acknowledged"": true, ""visible_ids"": [""v1:119"", ""v2:119""], ""snapshot_polls"": 1}"
20260919T063135Z_e21f4e64,120,normal,1789799499.1434648,1789799499.1640522,20.484,0,20.484,pass,,independent_snapshot,"{""prerequisite_acknowledged"": true, ""client_b_read_v1"": true, ""dependent_acknowledged"": true, ""visible_ids"": [""v1:120"", ""v2:120""], ""snapshot_polls"": 1}"
20260919T063135Z_e21f4e64,121,normal,1789799499.1640522,1789799499.1822166,18.034,0,18.034,pass,,independent_snapshot,"{""prerequisite_acknowledged"": true, ""client_b_read_v1"": true, ""dependent_acknowledged"": true, ""visible_ids"": [""v1:121"", ""v2:121""], ""snapshot_polls"": 1}"
20260919T063135Z_e21f4e64,122,normal,1789799499.1822166,1789799499.201142,18.727,0,18.727,pass,,independent_snapshot,"{""prerequisite_acknowledged"": true, ""client_b_read_v1"": true, ""dependent_acknowledged"": true, ""visible_ids"": [""v1:122"", ""v2:122""], ""snapshot_polls"": 1}"
20260919T063135Z_e21f4e64,123,normal,1789799499.201142,1789799499.219972,18.456,0,18.456,pass,,independent_snapshot,"{""prerequisite_acknowledged"": true, ""client_b_read_v1"": true, ""dependent_acknowledged"": true, ""visible_ids"": [""v1:123"", ""v2:123""], ""snapshot_polls"": 1}"
20260919T063135Z_e21f4e64,124,normal,1789799499.219972,1789799499.2415218,21.909,0,21.909,pass,,independent_snapshot,"{""prerequisite_acknowledged"": true, ""client_b_read_v1"": true, ""dependent_acknowledged"": true, ""visible_ids"": [""v1:124"", ""v2:124""], ""snapshot_polls"": 1}"
20260919T063135Z_e21f4e64,125,normal,1789799499.2415218,1789799499.263806,22.129,0,22.129,pass,,independent_snapshot,"{""prerequisite_acknowledged"": true, ""client_b_read_v1"": true, ""dependent_acknowledged"": true, ""visible_ids"": [""v1:125"", ""v2:125""], ""snapshot_polls"": 1}"
20260919T063135Z_e21f4e64,126,normal,1789799499.263806,1789799499.2843843,20.088,0,20.088,pass,,independent_snapshot,"{""prerequisite_acknowledged"": true, ""client_b_read_v1"": true, ""dependent_acknowledged"": true, ""visible_ids"": [""v1:126"", ""v2:126""], ""snapshot_polls"": 1}"
20260919T063135Z_e21f4e64,127,normal,1789799499.2843843,1789799499.3076503,23.2,0,23.2,pass,,independent_snapshot,"{""prerequisite_acknowledged"": true, ""client_b_read_v1"": true, ""dependent_acknowledged"": true, ""visible_ids"": [""v1:127"", ""v2:127""], ""snapshot_polls"": 1}"
20260919T063135Z_e21f4e64,128,normal,1789799499.3076503,1789799499.3296826,22.569,0,22.569,pass,,independent_snapshot,"{""prerequisite_acknowledged"": true, ""client_b_read_v1"": true, ""dependent_acknowledged"": true, ""visible_ids"": [""v1:128"", ""v2:128""], ""snapshot_polls"": 1}"
20260919T063135Z_e21f4e64,129,normal,1789799499.330434,1789799499.3513255,21.281,0,21.281,pass,,independent_snapshot,"{""prerequisite_acknowledged"": true, ""client_b_read_v1"": true, ""dependent_acknowledged"": true, ""visible_ids"": [""v1:129"", ""v2:129""], ""snapshot_polls"": 1}"
20260919T063135Z_e21f4e64,130,normal,1789799499.3513255,1789799499.3691447,17.569,0,17.569,pass,,independent_snapshot,"{""prerequisite_acknowledged"": true, ""client_b_read_v1"": true, ""dependent_acknowledged"": true, ""visible_ids"": [""v1:130"", ""v2:130""], ""snapshot_polls"": 1}"
20260919T063135Z_e21f4e64,131,normal,1789799499.3691447,1789799499.385671,16.796,0,16.796,pass,,independent_snapshot,"{""prerequisite_acknowledged"": true, ""client_b_read_v1"": true, ""dependent_acknowledged"": true, ""visible_ids"": [""v1:131"", ""v2:131""], ""snapshot_polls"": 1}"
20260919T063135Z_e21f4e64,132,normal,1789799499.3862998,1789799499.4033263,17.464,0,17.464,pass,,independent_snapshot,"{""prerequisite_acknowledged"": true, ""client_b_read_v1"": true, ""dependent_acknowledged"": true, ""visible_ids"": [""v1:132"", ""v2:132""], ""snapshot_polls"": 1}"
20260919T063135Z_e21f4e64,133,normal,1789799499.4033263,1789799499.4207232,16.854,0,16.854,pass,,independent_snapshot,"{""prerequisite_acknowledged"": true, ""client_b_read_v1"": true, ""dependent_acknowledged"": true, ""visible_ids"": [""v1:133"", ""v2:133""], ""snapshot_polls"": 1}"
20260919T063135Z_e21f4e64,134,normal,1789799499.4207232,1789799499.4386609,18.281,0,18.281,pass,,independent_snapshot,"{""prerequisite_acknowledged"": true, ""client_b_read_v1"": true, ""dependent_acknowledged"": true, ""visible_ids"": [""v1:134"", ""v2:134""], ""snapshot_polls"": 1}"
20260919T063135Z_e21f4e64,135,normal,1789799499.4386609,1789799499.4563277,17.348,0,17.348,pass,,independent_snapshot,"{""prerequisite_acknowledged"": true, ""client_b_read_v1"": true, ""dependent_acknowledged"": true, ""visible_ids"": [""v1:135"", ""v2:135""], ""snapshot_polls"": 1}"
20260919T063135Z_e21f4e64,136,normal,1789799499.4563277,1789799499.4747944,18.615,0,18.615,pass,,independent_snapshot,"{""prerequisite_acknowledged"": true, ""client_b_read_v1"": true, ""dependent_acknowledged"": true, ""visible_ids"": [""v1:136"", ""v2:136""], ""snapshot_polls"": 1}"
20260919T063135Z_e21f4e64,137,normal,1789799499.4747944,1789799499.4932177,18.489,0,18.489,pass,,independent_snapshot,"{""prerequisite_acknowledged"": true, ""client_b_read_v1"": true, ""dependent_acknowledged"": true, ""visible_ids"": [""v1:137"", ""v2:137""], ""snapshot_polls"": 1}"
20260919T063135Z_e21f4e64,138,normal,1789799499.4932177,1789799499.5128284,19.042,0,19.042,pass,,independent_snapshot,"{""prerequisite_acknowledged"": true, ""client_b_read_v1"": true, ""dependent_acknowledged"": true, ""visible_ids"": [""v1:138"", ""v2:138""], ""snapshot_polls"": 1}"
20260919T063135Z_e21f4e64,139,normal,1789799499.5128284,1789799499.5295148,16.843,0,16.843,pass,,independent_snapshot,"{""prerequisite_acknowledged"": true, ""client_b_read_v1"": true, ""dependent_acknowledged"": true, ""visible_ids"": [""v1:139"", ""v2:139""], ""snapshot_polls"": 1}"
20260919T063135Z_e21f4e64,140,normal,1789799499.5295148,1789799499.5468545,17.64,0,17.64,pass,,independent_snapshot,"{""prerequisite_acknowledged"": true, ""client_b_read_v1"": true, ""dependent_acknowledged"": true, ""visible_ids"": [""v1:140"", ""v2:140""], ""snapshot_polls"": 1}"
20260919T063135Z_e21f4e64,141,normal,1789799499.5475304,1789799499.5658495,18.534,0,18.534,pass,,independent_snapshot,"{""prerequisite_acknowledged"": true, ""client_b_read_v1"": true, ""dependent_acknowledged"": true, ""visible_ids"": [""v1:141"", ""v2:141""], ""snapshot_polls"": 1}"
20260919T063135Z_e21f4e64,142,normal,1789799499.5658495,1789799499.5831184,17.403,0,17.403,pass,,independent_snapshot,"{""prerequisite_acknowledged"": true, ""client_b_read_v1"": true, ""dependent_acknowledged"": true, ""visible_ids"": [""v1:142"", ""v2:142""], ""snapshot_polls"": 1}"
20260919T063135Z_e21f4e64,143,normal,1789799499.5831184,1789799499.600188,16.587,0,16.587,pass,,independent_snapshot,"{""prerequisite_acknowledged"": true, ""client_b_read_v1"": true, ""dependent_acknowledged"": true, ""visible_ids"": [""v1:143"", ""v2:143""], ""snapshot_polls"": 1}"
20260919T063135Z_e21f4e64,144,normal,1789799499.600188,1789799499.6181436,17.812,0,17.812,pass,,independent_snapshot,"{""prerequisite_acknowledged"": true, ""client_b_read_v1"": true, ""dependent_acknowledged"": true, ""visible_ids"": [""v1:144"", ""v2:144""], ""snapshot_polls"": 1}"
20260919T063135Z_e21f4e64,145,normal,1789799499.6181436,1789799499.637536,19.653,0,19.653,pass,,independent_snapshot,"{""prerequisite_acknowledged"": true, ""client_b_read_v1"": true, ""dependent_acknowledged"": true, ""visible_ids"": [""v1:145"", ""v2:145""], ""snapshot_polls"": 1}"
20260919T063135Z_e21f4e64,146,normal,1789799499.637536,1789799499.6556299,18.307,0,18.307,pass,,independent_snapshot,"{""prerequisite_acknowledged"": true, ""client_b_read_v1"": true, ""dependent_acknowledged"": true, ""visible_ids"": [""v1:146"", ""v2:146""], ""snapshot_polls"": 1}"
20260919T063135Z_e21f4e64,147,normal,1789799499.6556299,1789799499.675826,19.898,0,19.898,pass,,independent_snapshot,"{""prerequisite_acknowledged"": true, ""client_b_read_v1"": true, ""dependent_acknowledged"": true, ""visible_ids"": [""v1:147"", ""v2:147""], ""snapshot_polls"": 1}"
20260919T063135Z_e21f4e64,148,normal,1789799499.675826,1789799499.6931305,17.203,0,17.203,pass,,independent_snapshot,"{""prerequisite_acknowledged"": true, ""client_b_read_v1"": true, ""dependent_acknowledged"": true, ""visible_ids"": [""v1:148"", ""v2:148""], ""snapshot_polls"": 1}"
20260919T063135Z_e21f4e64,149,normal,1789799499.6931305,1789799499.7107136,17.69,0,17.69,pass,,independent_snapshot,"{""prerequisite_acknowledged"": true, ""client_b_read_v1"": true, ""dependent_acknowledged"": true, ""visible_ids"": [""v1:149"", ""v2:149""], ""snapshot_polls"": 1}"
20260919T063135Z_e21f4e64,150,normal,1789799499.711293,1789799499.7312799,20.511,0,20.511,pass,,independent_snapshot,"{""prerequisite_acknowledged"": true, ""client_b_read_v1"": true, ""dependent_acknowledged"": true, ""visible_ids"": [""v1:150"", ""v2:150""], ""snapshot_polls"": 1}"
20260919T063135Z_e21f4e64,151,normal,1789799499.7312799,1789799499.7552667,23.586,0,23.586,pass,,independent_snapshot,"{""prerequisite_acknowledged"": true, ""client_b_read_v1"": true, ""dependent_acknowledged"": true, ""visible_ids"": [""v1:151"", ""v2:151""], ""snapshot_polls"": 1}"
20260919T063135Z_e21f4e64,152,normal,1789799499.7552667,1789799499.7753036,19.853,0,19.853,pass,,independent_snapshot,"{""prerequisite_acknowledged"": true, ""client_b_read_v1"": true, ""dependent_acknowledged"": true, ""visible_ids"": [""v1:152"", ""v2:152""], ""snapshot_polls"": 1}"
20260919T063135Z_e21f4e64,153,normal,1789799499.7753036,1789799499.7962852,20.743,0,20.743,pass,,independent_snapshot,"{""prerequisite_acknowledged"": true, ""client_b_read_v1"": true, ""dependent_acknowledged"": true, ""visible_ids"": [""v1:153"", ""v2:153""], ""snapshot_polls"": 1}"
20260919T063135Z_e21f4e64,154,normal,1789799499.7962852,1789799499.8161175,19.65,0,19.65,pass,,independent_snapshot,"{""prerequisite_acknowledged"": true, ""client_b_read_v1"": true, ""dependent_acknowledged"": true, ""visible_ids"": [""v1:154"", ""v2:154""], ""snapshot_polls"": 1}"
20260919T063135Z_e21f4e64,155,normal,1789799499.8161175,1789799499.8353198,19.389,0,19.389,pass,,independent_snapshot,"{""prerequisite_acknowledged"": true, ""client_b_read_v1"": true, ""dependent_acknowledged"": true, ""visible_ids"": [""v1:155"", ""v2:155""], ""snapshot_polls"": 1}"
20260919T063135Z_e21f4e64,156,normal,1789799499.8353198,1789799499.8565526,20.827,0,20.827,pass,,independent_snapshot,"{""prerequisite_acknowledged"": true, ""client_b_read_v1"": true, ""dependent_acknowledged"": true, ""visible_ids"": [""v1:156"", ""v2:156""], ""snapshot_polls"": 1}"
20260919T063135Z_e21f4e64,157,normal,1789799499.8565526,1789799499.8757153,19.582,0,19.582,pass,,independent_snapshot,"{""prerequisite_acknowledged"": true, ""client_b_read_v1"": true, ""dependent_acknowledged"": true, ""visible_ids"": [""v1:157"", ""v2:157""], ""snapshot_polls"": 1}"
20260919T063135Z_e21f4e64,158,normal,1789799499.8763468,1789799499.8965425,20.223,0,20.223,pass,,independent_snapshot,"{""prerequisite_acknowledged"": true, ""client_b_read_v1"": true, ""dependent_acknowledged"": true, ""visible_ids"": [""v1:158"", ""v2:158""], ""snapshot_polls"": 1}"
20260919T063135Z_e21f4e64,159,normal,1789799499.8965425,1789799499.916226,19.558,0,19.558,pass,,independent_snapshot,"{""prerequisite_acknowledged"": true, ""client_b_read_v1"": true, ""dependent_acknowledged"": true, ""visible_ids"": [""v1:159"", ""v2:159""], ""snapshot_polls"": 1}"
20260919T063135Z_e21f4e64,160,normal,1789799499.916226,1789799499.9355676,19.7,0,19.7,pass,,independent_snapshot,"{""prerequisite_acknowledged"": true, ""client_b_read_v1"": true, ""dependent_acknowledged"": true, ""visible_ids"": [""v1:160"", ""v2:160""], ""snapshot_polls"": 1}"
20260919T063135Z_e21f4e64,161,normal,1789799499.9355676,1789799499.9545882,18.763,0,18.763,pass,,independent_snapshot,"{""prerequisite_acknowledged"": true, ""client_b_read_v1"": true, ""dependent_acknowledged"": true, ""visible_ids"": [""v1:161"", ""v2:161""], ""snapshot_polls"": 1}"
20260919T063135Z_e21f4e64,162,normal,1789799499.9545882,1789799499.9740794,19.298,0,19.298,pass,,independent_snapshot,"{""prerequisite_acknowledged"": true, ""client_b_read_v1"": true, ""dependent_acknowledged"": true, ""visible_ids"": [""v1:162"", ""v2:162""], ""snapshot_polls"": 1}"
20260919T063135Z_e21f4e64,163,normal,1789799499.9740794,1789799499.9942026,19.9,0,19.9,pass,,independent_snapshot,"{""prerequisite_acknowledged"": true, ""client_b_read_v1"": true, ""dependent_acknowledged"": true, ""visible_ids"": [""v1:163"", ""v2:163""], ""snapshot_polls"": 1}"
20260919T063135Z_e21f4e64,164,normal,1789799499.9942026,1789799500.0158484,22.229,0,22.229,pass,,independent_snapshot,"{""prerequisite_acknowledged"": true, ""client_b_read_v1"": true, ""dependent_acknowledged"": true, ""visible_ids"": [""v1:164"", ""v2:164""], ""snapshot_polls"": 1}"
20260919T063135Z_e21f4e64,165,normal,1789799500.0158484,1789799500.0370648,20.38,0,20.38,pass,,independent_snapshot,"{""prerequisite_acknowledged"": true, ""client_b_read_v1"": true, ""dependent_acknowledged"": true, ""visible_ids"": [""v1:165"", ""v2:165""], ""snapshot_polls"": 1}"
20260919T063135Z_e21f4e64,166,normal,1789799500.0370648,1789799500.0560498,19.379,0,19.379,pass,,independent_snapshot,"{""prerequisite_acknowledged"": true, ""client_b_read_v1"": true, ""dependent_acknowledged"": true, ""visible_ids"": [""v1:166"", ""v2:166""], ""snapshot_polls"": 1}"
20260919T063135Z_e21f4e64,167,normal,1789799500.0566435,1789799500.0790222,22.879,0,22.879,pass,,independent_snapshot,"{""prerequisite_acknowledged"": true, ""client_b_read_v1"": true, ""dependent_acknowledged"": true, ""visible_ids"": [""v1:167"", ""v2:167""], ""snapshot_polls"": 1}"
20260919T063135Z_e21f4e64,168,normal,1789799500.079705,1789799500.1015372,22.37,0,22.37,pass,,independent_snapshot,"{""prerequisite_acknowledged"": true, ""client_b_read_v1"": true, ""dependent_acknowledged"": true, ""visible_ids"": [""v1:168"", ""v2:168""], ""snapshot_polls"": 1}"
20260919T063135Z_e21f4e64,169,normal,1789799500.1021986,1789799500.12177,20.124,0,20.124,pass,,independent_snapshot,"{""prerequisite_acknowledged"": true, ""client_b_read_v1"": true, ""dependent_acknowledged"": true, ""visible_ids"": [""v1:169"", ""v2:169""], ""snapshot_polls"": 1}"
20260919T063135Z_e21f4e64,170,normal,1789799500.1224103,1789799500.1435301,21.466,0,21.466,pass,,independent_snapshot,"{""prerequisite_acknowledged"": true, ""client_b_read_v1"": true, ""dependent_acknowledged"": true, ""visible_ids"": [""v1:170"", ""v2:170""], ""snapshot_polls"": 1}"
20260919T063135Z_e21f4e64,171,normal,1789799500.1435301,1789799500.1673346,23.925,0,23.925,pass,,independent_snapshot,"{""prerequisite_acknowledged"": true, ""client_b_read_v1"": true, ""dependent_acknowledged"": true, ""visible_ids"": [""v1:171"", ""v2:171""], ""snapshot_polls"": 1}"
20260919T063135Z_e21f4e64,172,normal,1789799500.1679678,1789799500.1929493,25.068,0,25.068,pass,,independent_snapshot,"{""prerequisite_acknowledged"": true, ""client_b_read_v1"": true, ""dependent_acknowledged"": true, ""visible_ids"": [""v1:172"", ""v2:172""], ""snapshot_polls"": 1}"
20260919T063135Z_e21f4e64,173,normal,1789799500.1929493,1789799500.2136836,20.446,0,20.446,pass,,independent_snapshot,"{""prerequisite_acknowledged"": true, ""client_b_read_v1"": true, ""dependent_acknowledged"": true, ""visible_ids"": [""v1:173"", ""v2:173""], ""snapshot_polls"": 1}"
20260919T063135Z_e21f4e64,174,normal,1789799500.2136836,1789799500.2343621,20.659,0,20.659,pass,,independent_snapshot,"{""prerequisite_acknowledged"": true, ""client_b_read_v1"": true, ""dependent_acknowledged"": true, ""visible_ids"": [""v1:174"", ""v2:174""], ""snapshot_polls"": 1}"
20260919T063135Z_e21f4e64,175,normal,1789799500.2343621,1789799500.254288,20.195,0,20.195,pass,,independent_snapshot,"{""prerequisite_acknowledged"": true, ""client_b_read_v1"": true, ""dependent_acknowledged"": true, ""visible_ids"": [""v1:175"", ""v2:175""], ""snapshot_polls"": 1}"
20260919T063135Z_e21f4e64,176,normal,1789799500.254288,1789799500.274364,19.822,0,19.822,pass,,independent_snapshot,"{""prerequisite_acknowledged"": true, ""client_b_read_v1"": true, ""dependent_acknowledged"": true, ""visible_ids"": [""v1:176"", ""v2:176""], ""snapshot_polls"": 1}"
20260919T063135Z_e21f4e64,177,normal,1789799500.274364,1789799500.2947836,20.381,0,20.381,pass,,independent_snapshot,"{""prerequisite_acknowledged"": true, ""client_b_read_v1"": true, ""dependent_acknowledged"": true, ""visible_ids"": [""v1:177"", ""v2:177""], ""snapshot_polls"": 1}"
20260919T063135Z_e21f4e64,178,normal,1789799500.2947836,1789799500.312326,17.556,0,17.556,pass,,independent_snapshot,"{""prerequisite_acknowledged"": true, ""client_b_read_v1"": true, ""dependent_acknowledged"": true, ""visible_ids"": [""v1:178"", ""v2:178""], ""snapshot_polls"": 1}"
20260919T063135Z_e21f4e64,179,normal,1789799500.312326,1789799500.329478,16.831,0,16.831,pass,,independent_snapshot,"{""prerequisite_acknowledged"": true, ""client_b_read_v1"": true, ""dependent_acknowledged"": true, ""visible_ids"": [""v1:179"", ""v2:179""], ""snapshot_polls"": 1}"
20260919T063135Z_e21f4e64,180,normal,1789799500.329478,1789799500.3455274,15.823,0,15.823,pass,,independent_snapshot,"{""prerequisite_acknowledged"": true, ""client_b_read_v1"": true, ""dependent_acknowledged"": true, ""visible_ids"": [""v1:180"", ""v2:180""], ""snapshot_polls"": 1}"
20260919T063135Z_e21f4e64,181,normal,1789799500.3455274,1789799500.360544,15.145,0,15.145,pass,,independent_snapshot,"{""prerequisite_acknowledged"": true, ""client_b_read_v1"": true, ""dependent_acknowledged"": true, ""visible_ids"": [""v1:181"", ""v2:181""], ""snapshot_polls"": 1}"
20260919T063135Z_e21f4e64,182,normal,1789799500.360544,1789799500.3770711,16.555,0,16.555,pass,,independent_snapshot,"{""prerequisite_acknowledged"": true, ""client_b_read_v1"": true, ""dependent_acknowledged"": true, ""visible_ids"": [""v1:182"", ""v2:182""], ""snapshot_polls"": 1}"
20260919T063135Z_e21f4e64,183,normal,1789799500.3770711,1789799500.393002,16.085,0,16.085,pass,,independent_snapshot,"{""prerequisite_acknowledged"": true, ""client_b_read_v1"": true, ""dependent_acknowledged"": true, ""visible_ids"": [""v1:183"", ""v2:183""], ""snapshot_polls"": 1}"
20260919T063135Z_e21f4e64,184,normal,1789799500.393002,1789799500.4091306,15.438,0,15.438,pass,,independent_snapshot,"{""prerequisite_acknowledged"": true, ""client_b_read_v1"": true, ""dependent_acknowledged"": true, ""visible_ids"": [""v1:184"", ""v2:184""], ""snapshot_polls"": 1}"
20260919T063135Z_e21f4e64,185,normal,1789799500.4091306,1789799500.4242322,15.044,0,15.044,pass,,independent_snapshot,"{""prerequisite_acknowledged"": true, ""client_b_read_v1"": true, ""dependent_acknowledged"": true, ""visible_ids"": [""v1:185"", ""v2:185""], ""snapshot_polls"": 1}"
20260919T063135Z_e21f4e64,186,normal,1789799500.4242322,1789799500.4409115,16.598,0,16.598,pass,,independent_snapshot,"{""prerequisite_acknowledged"": true, ""client_b_read_v1"": true, ""dependent_acknowledged"": true, ""visible_ids"": [""v1:186"", ""v2:186""], ""snapshot_polls"": 1}"
20260919T063135Z_e21f4e64,187,normal,1789799500.4409115,1789799500.455234,14.318,0,14.318,pass,,independent_snapshot,"{""prerequisite_acknowledged"": true, ""client_b_read_v1"": true, ""dependent_acknowledged"": true, ""visible_ids"": [""v1:187"", ""v2:187""], ""snapshot_polls"": 1}"
20260919T063135Z_e21f4e64,188,normal,1789799500.455234,1789799500.4704165,15.522,0,15.522,pass,,independent_snapshot,"{""prerequisite_acknowledged"": true, ""client_b_read_v1"": true, ""dependent_acknowledged"": true, ""visible_ids"": [""v1:188"", ""v2:188""], ""snapshot_polls"": 1}"
20260919T063135Z_e21f4e64,189,normal,1789799500.4710531,1789799500.4860978,15.473,0,15.473,pass,,independent_snapshot,"{""prerequisite_acknowledged"": true, ""client_b_read_v1"": true, ""dependent_acknowledged"": true, ""visible_ids"": [""v1:189"", ""v2:189""], ""snapshot_polls"": 1}"
20260919T063135Z_e21f4e64,190,normal,1789799500.4860978,1789799500.5027432,16.187,0,16.187,pass,,independent_snapshot,"{""prerequisite_acknowledged"": true, ""client_b_read_v1"": true, ""dependent_acknowledged"": true, ""visible_ids"": [""v1:190"", ""v2:190""], ""snapshot_polls"": 1}"
20260919T063135Z_e21f4e64,191,normal,1789799500.5027432,1789799500.5200922,17.609,0,17.609,pass,,independent_snapshot,"{""prerequisite_acknowledged"": true, ""client_b_read_v1"": true, ""dependent_acknowledged"": true, ""visible_ids"": [""v1:191"", ""v2:191""], ""snapshot_polls"": 1}"
20260919T063135Z_e21f4e64,192,normal,1789799500.5200922,1789799500.5373266,17.276,0,17.276,pass,,independent_snapshot,"{""prerequisite_acknowledged"": true, ""client_b_read_v1"": true, ""dependent_acknowledged"": true, ""visible_ids"": [""v1:192"", ""v2:192""], ""snapshot_polls"": 1}"
20260919T063135Z_e21f4e64,193,normal,1789799500.5379016,1789799500.5569763,19.175,0,19.175,pass,,independent_snapshot,"{""prerequisite_acknowledged"": true, ""client_b_read_v1"": true, ""dependent_acknowledged"": true, ""visible_ids"": [""v1:193"", ""v2:193""], ""snapshot_polls"": 1}"
20260919T063135Z_e21f4e64,194,normal,1789799500.5569763,1789799500.574656,17.723,0,17.723,pass,,independent_snapshot,"{""prerequisite_acknowledged"": true, ""client_b_read_v1"": true, ""dependent_acknowledged"": true, ""visible_ids"": [""v1:194"", ""v2:194""], ""snapshot_polls"": 1}"
20260919T063135Z_e21f4e64,195,normal,1789799500.574656,1789799500.5942645,19.328,0,19.328,pass,,independent_snapshot,"{""prerequisite_acknowledged"": true, ""client_b_read_v1"": true, ""dependent_acknowledged"": true, ""visible_ids"": [""v1:195"", ""v2:195""], ""snapshot_polls"": 1}"
20260919T063135Z_e21f4e64,196,normal,1789799500.5942645,1789799500.6153815,21.488,0,21.488,pass,,independent_snapshot,"{""prerequisite_acknowledged"": true, ""client_b_read_v1"": true, ""dependent_acknowledged"": true, ""visible_ids"": [""v1:196"", ""v2:196""], ""snapshot_polls"": 1}"
20260919T063135Z_e21f4e64,197,normal,1789799500.6153815,1789799500.6354153,19.541,0,19.541,pass,,independent_snapshot,"{""prerequisite_acknowledged"": true, ""client_b_read_v1"": true, ""dependent_acknowledged"": true, ""visible_ids"": [""v1:197"", ""v2:197""], ""snapshot_polls"": 1}"
20260919T063135Z_e21f4e64,198,normal,1789799500.6354153,1789799500.6546307,19.424,0,19.424,pass,,independent_snapshot,"{""prerequisite_acknowledged"": true, ""client_b_read_v1"": true, ""dependent_acknowledged"": true, ""visible_ids"": [""v1:198"", ""v2:198""], ""snapshot_polls"": 1}"
20260919T063135Z_e21f4e64,199,normal,1789799500.6546307,1789799500.6779423,22.962,0,22.962,pass,,independent_snapshot,"{""prerequisite_acknowledged"": true, ""client_b_read_v1"": true, ""dependent_acknowledged"": true, ""visible_ids"": [""v1:199"", ""v2:199""], ""snapshot_polls"": 1}"
20260919T063135Z_e21f4e64,200,transition,1789799500.6779423,1789799511.379613,10702.102,957.094,9745.009,error,_OperationCancelled: operation cancelled,client_b_write,"{""prerequisite_acknowledged"": true, ""client_b_read_v1"": true, ""error_type"": ""_OperationCancelled"", ""error_code"": null}"
20260919T063135Z_e21f4e64,201,fault,1789799511.3816297,1789799515.582227,4200.538,0,4200.538,pass,,independent_snapshot,"{""prerequisite_acknowledged"": true, ""client_b_read_v1"": true, ""dependent_acknowledged"": true, ""visible_ids"": [""v1:201"", ""v2:201""], ""snapshot_polls"": 1}"
20260919T063135Z_e21f4e64,202,fault,1789799515.5827804,1789799519.5819838,3999.178,0,3999.178,pass,,independent_snapshot,"{""prerequisite_acknowledged"": true, ""client_b_read_v1"": true, ""dependent_acknowledged"": true, ""visible_ids"": [""v1:202"", ""v2:202""], ""snapshot_polls"": 1}"
20260919T063135Z_e21f4e64,203,fault,1789799519.5819838,1789799523.585536,4003.653,0,4003.653,pass,,independent_snapshot,"{""prerequisite_acknowledged"": true, ""client_b_read_v1"": true, ""dependent_acknowledged"": true, ""visible_ids"": [""v1:203"", ""v2:203""], ""snapshot_polls"": 1}"
20260919T063135Z_e21f4e64,204,fault,1789799523.585536,1789799527.5870228,4001.557,0,4001.557,pass,,independent_snapshot,"{""prerequisite_acknowledged"": true, ""client_b_read_v1"": true, ""dependent_acknowledged"": true, ""visible_ids"": [""v1:204"", ""v2:204""], ""snapshot_polls"": 1}"
20260919T063135Z_e21f4e64,205,fault,1789799527.5870228,1789799531.5907984,4003.383,0,4003.383,pass,,independent_snapshot,"{""prerequisite_acknowledged"": true, ""client_b_read_v1"": true, ""dependent_acknowledged"": true, ""visible_ids"": [""v1:205"", ""v2:205""], ""snapshot_polls"": 1}"
20260919T063135Z_e21f4e64,206,fault,1789799531.5907984,1789799535.5916073,4000.915,0,4000.915,pass,,independent_snapshot,"{""prerequisite_acknowledged"": true, ""client_b_read_v1"": true, ""dependent_acknowledged"": true, ""visible_ids"": [""v1:206"", ""v2:206""], ""snapshot_polls"": 1}"
20260919T063135Z_e21f4e64,207,fault,1789799535.5916073,1789799535.704774,113.012,0,113.012,pass,,independent_snapshot,"{""prerequisite_acknowledged"": true, ""client_b_read_v1"": true, ""dependent_acknowledged"": true, ""visible_ids"": [""v1:207"", ""v2:207""], ""snapshot_polls"": 1}"
20260919T063135Z_e21f4e64,208,fault,1789799535.704774,1789799535.7268322,22.012,0,22.012,pass,,independent_snapshot,"{""prerequisite_acknowledged"": true, ""client_b_read_v1"": true, ""dependent_acknowledged"": true, ""visible_ids"": [""v1:208"", ""v2:208""], ""snapshot_polls"": 1}"
20260919T063135Z_e21f4e64,209,fault,1789799535.7268322,1789799535.7504745,23.156,0,23.156,pass,,independent_snapshot,"{""prerequisite_acknowledged"": true, ""client_b_read_v1"": true, ""dependent_acknowledged"": true, ""visible_ids"": [""v1:209"", ""v2:209""], ""snapshot_polls"": 1}"
20260919T063135Z_e21f4e64,210,fault,1789799535.7504745,1789799535.7715535,21.201,0,21.201,pass,,independent_snapshot,"{""prerequisite_acknowledged"": true, ""client_b_read_v1"": true, ""dependent_acknowledged"": true, ""visible_ids"": [""v1:210"", ""v2:210""], ""snapshot_polls"": 1}"
20260919T063135Z_e21f4e64,211,fault,1789799535.7715535,1789799535.7917612,20.206,0,20.206,pass,,independent_snapshot,"{""prerequisite_acknowledged"": true, ""client_b_read_v1"": true, ""dependent_acknowledged"": true, ""visible_ids"": [""v1:211"", ""v2:211""], ""snapshot_polls"": 1}"
20260919T063135Z_e21f4e64,212,fault,1789799535.7917612,1789799535.8128245,20.669,0,20.669,pass,,independent_snapshot,"{""prerequisite_acknowledged"": true, ""client_b_read_v1"": true, ""dependent_acknowledged"": true, ""visible_ids"": [""v1:212"", ""v2:212""], ""snapshot_polls"": 1}"
20260919T063135Z_e21f4e64,213,fault,1789799535.8128245,1789799535.8341558,21.265,0,21.265,pass,,independent_snapshot,"{""prerequisite_acknowledged"": true, ""client_b_read_v1"": true, ""dependent_acknowledged"": true, ""visible_ids"": [""v1:213"", ""v2:213""], ""snapshot_polls"": 1}"
20260919T063135Z_e21f4e64,214,fault,1789799535.8341558,1789799535.8551092,21.188,0,21.188,pass,,independent_snapshot,"{""prerequisite_acknowledged"": true, ""client_b_read_v1"": true, ""dependent_acknowledged"": true, ""visible_ids"": [""v1:214"", ""v2:214""], ""snapshot_polls"": 1}"
20260919T063135Z_e21f4e64,215,fault,1789799535.8551092,1789799535.879987,24.549,0,24.549,pass,,independent_snapshot,"{""prerequisite_acknowledged"": true, ""client_b_read_v1"": true, ""dependent_acknowledged"": true, ""visible_ids"": [""v1:215"", ""v2:215""], ""snapshot_polls"": 1}"
20260919T063135Z_e21f4e64,216,fault,1789799535.879987,1789799535.901388,21.205,0,21.205,pass,,independent_snapshot,"{""prerequisite_acknowledged"": true, ""client_b_read_v1"": true, ""dependent_acknowledged"": true, ""visible_ids"": [""v1:216"", ""v2:216""], ""snapshot_polls"": 1}"
20260919T063135Z_e21f4e64,217,fault,1789799535.901388,1789799535.9215772,19.914,0,19.914,pass,,independent_snapshot,"{""prerequisite_acknowledged"": true, ""client_b_read_v1"": true, ""dependent_acknowledged"": true, ""visible_ids"": [""v1:217"", ""v2:217""], ""snapshot_polls"": 1}"
20260919T063135Z_e21f4e64,218,fault,1789799535.9215772,1789799535.9407856,19.481,0,19.481,pass,,independent_snapshot,"{""prerequisite_acknowledged"": true, ""client_b_read_v1"": true, ""dependent_acknowledged"": true, ""visible_ids"": [""v1:218"", ""v2:218""], ""snapshot_polls"": 1}"
20260919T063135Z_e21f4e64,219,fault,1789799535.9414032,1789799535.962254,20.909,0,20.909,pass,,independent_snapshot,"{""prerequisite_acknowledged"": true, ""client_b_read_v1"": true, ""dependent_acknowledged"": true, ""visible_ids"": [""v1:219"", ""v2:219""], ""snapshot_polls"": 1}"
20260919T063135Z_e21f4e64,220,fault,1789799535.962254,1789799535.984096,21.616,0,21.616,pass,,independent_snapshot,"{""prerequisite_acknowledged"": true, ""client_b_read_v1"": true, ""dependent_acknowledged"": true, ""visible_ids"": [""v1:220"", ""v2:220""], ""snapshot_polls"": 1}"
20260919T063135Z_e21f4e64,221,fault,1789799535.984096,1789799536.0067246,22.559,0,22.559,pass,,independent_snapshot,"{""prerequisite_acknowledged"": true, ""client_b_read_v1"": true, ""dependent_acknowledged"": true, ""visible_ids"": [""v1:221"", ""v2:221""], ""snapshot_polls"": 1}"
20260919T063135Z_e21f4e64,222,fault,1789799536.0067246,1789799536.028054,21.367,0,21.367,pass,,independent_snapshot,"{""prerequisite_acknowledged"": true, ""client_b_read_v1"": true, ""dependent_acknowledged"": true, ""visible_ids"": [""v1:222"", ""v2:222""], ""snapshot_polls"": 1}"
20260919T063135Z_e21f4e64,223,fault,1789799536.028054,1789799536.0532472,24.995,0,24.995,pass,,independent_snapshot,"{""prerequisite_acknowledged"": true, ""client_b_read_v1"": true, ""dependent_acknowledged"": true, ""visible_ids"": [""v1:223"", ""v2:223""], ""snapshot_polls"": 1}"
20260919T063135Z_e21f4e64,224,fault,1789799536.0538301,1789799536.0748446,21.363,0,21.363,pass,,independent_snapshot,"{""prerequisite_acknowledged"": true, ""client_b_read_v1"": true, ""dependent_acknowledged"": true, ""visible_ids"": [""v1:224"", ""v2:224""], ""snapshot_polls"": 1}"
20260919T063135Z_e21f4e64,225,fault,1789799536.0754032,1789799536.097095,22.25,0,22.25,pass,,independent_snapshot,"{""prerequisite_acknowledged"": true, ""client_b_read_v1"": true, ""dependent_acknowledged"": true, ""visible_ids"": [""v1:225"", ""v2:225""], ""snapshot_polls"": 1}"
20260919T063135Z_e21f4e64,226,fault,1789799536.097095,1789799536.1178102,20.362,0,20.362,pass,,independent_snapshot,"{""prerequisite_acknowledged"": true, ""client_b_read_v1"": true, ""dependent_acknowledged"": true, ""visible_ids"": [""v1:226"", ""v2:226""], ""snapshot_polls"": 1}"
20260919T063135Z_e21f4e64,227,fault,1789799536.1178102,1789799536.1386893,20.394,0,20.394,pass,,independent_snapshot,"{""prerequisite_acknowledged"": true, ""client_b_read_v1"": true, ""dependent_acknowledged"": true, ""visible_ids"": [""v1:227"", ""v2:227""], ""snapshot_polls"": 1}"
20260919T063135Z_e21f4e64,228,fault,1789799536.1386893,1789799536.1592903,20.456,0,20.456,pass,,independent_snapshot,"{""prerequisite_acknowledged"": true, ""client_b_read_v1"": true, ""dependent_acknowledged"": true, ""visible_ids"": [""v1:228"", ""v2:228""], ""snapshot_polls"": 1}"
20260919T063135Z_e21f4e64,229,fault,1789799536.1592903,1789799536.1796825,20.778,0,20.778,pass,,independent_snapshot,"{""prerequisite_acknowledged"": true, ""client_b_read_v1"": true, ""dependent_acknowledged"": true, ""visible_ids"": [""v1:229"", ""v2:229""], ""snapshot_polls"": 1}"
20260919T063135Z_e21f4e64,230,fault,1789799536.180271,1789799536.202079,22.144,0,22.144,pass,,independent_snapshot,"{""prerequisite_acknowledged"": true, ""client_b_read_v1"": true, ""dependent_acknowledged"": true, ""visible_ids"": [""v1:230"", ""v2:230""], ""snapshot_polls"": 1}"
20260919T063135Z_e21f4e64,231,fault,1789799536.2026525,1789799536.2259092,23.652,0,23.652,pass,,independent_snapshot,"{""prerequisite_acknowledged"": true, ""client_b_read_v1"": true, ""dependent_acknowledged"": true, ""visible_ids"": [""v1:231"", ""v2:231""], ""snapshot_polls"": 1}"
20260919T063135Z_e21f4e64,232,fault,1789799536.2265337,1789799536.2480426,21.906,0,21.906,pass,,independent_snapshot,"{""prerequisite_acknowledged"": true, ""client_b_read_v1"": true, ""dependent_acknowledged"": true, ""visible_ids"": [""v1:232"", ""v2:232""], ""snapshot_polls"": 1}"
20260919T063135Z_e21f4e64,233,fault,1789799536.2480426,1789799536.2684138,19.81,0,19.81,pass,,independent_snapshot,"{""prerequisite_acknowledged"": true, ""client_b_read_v1"": true, ""dependent_acknowledged"": true, ""visible_ids"": [""v1:233"", ""v2:233""], ""snapshot_polls"": 1}"
20260919T063135Z_e21f4e64,234,fault,1789799536.2684138,1789799536.2888067,20.529,0,20.529,pass,,independent_snapshot,"{""prerequisite_acknowledged"": true, ""client_b_read_v1"": true, ""dependent_acknowledged"": true, ""visible_ids"": [""v1:234"", ""v2:234""], ""snapshot_polls"": 1}"
20260919T063135Z_e21f4e64,235,fault,1789799536.2888067,1789799536.3109922,21.78,0,21.78,pass,,independent_snapshot,"{""prerequisite_acknowledged"": true, ""client_b_read_v1"": true, ""dependent_acknowledged"": true, ""visible_ids"": [""v1:235"", ""v2:235""], ""snapshot_polls"": 1}"
20260919T063135Z_e21f4e64,236,fault,1789799536.3109922,1789799536.332907,21.962,0,21.962,pass,,independent_snapshot,"{""prerequisite_acknowledged"": true, ""client_b_read_v1"": true, ""dependent_acknowledged"": true, ""visible_ids"": [""v1:236"", ""v2:236""], ""snapshot_polls"": 1}"
20260919T063135Z_e21f4e64,237,fault,1789799536.332907,1789799536.3548815,21.915,0,21.915,pass,,independent_snapshot,"{""prerequisite_acknowledged"": true, ""client_b_read_v1"": true, ""dependent_acknowledged"": true, ""visible_ids"": [""v1:237"", ""v2:237""], ""snapshot_polls"": 1}"
20260919T063135Z_e21f4e64,238,fault,1789799536.3548815,1789799536.3756862,20.891,0,20.891,pass,,independent_snapshot,"{""prerequisite_acknowledged"": true, ""client_b_read_v1"": true, ""dependent_acknowledged"": true, ""visible_ids"": [""v1:238"", ""v2:238""], ""snapshot_polls"": 1}"
20260919T063135Z_e21f4e64,239,fault,1789799536.3756862,1789799536.398723,22.822,0,22.822,pass,,independent_snapshot,"{""prerequisite_acknowledged"": true, ""client_b_read_v1"": true, ""dependent_acknowledged"": true, ""visible_ids"": [""v1:239"", ""v2:239""], ""snapshot_polls"": 1}"
20260919T063135Z_e21f4e64,240,fault,1789799536.398723,1789799536.4200003,21.234,0,21.234,pass,,independent_snapshot,"{""prerequisite_acknowledged"": true, ""client_b_read_v1"": true, ""dependent_acknowledged"": true, ""visible_ids"": [""v1:240"", ""v2:240""], ""snapshot_polls"": 1}"
20260919T063135Z_e21f4e64,241,fault,1789799536.4200003,1789799536.4424443,22.178,0,22.178,pass,,independent_snapshot,"{""prerequisite_acknowledged"": true, ""client_b_read_v1"": true, ""dependent_acknowledged"": true, ""visible_ids"": [""v1:241"", ""v2:241""], ""snapshot_polls"": 1}"
20260919T063135Z_e21f4e64,242,fault,1789799536.4424443,1789799536.4638674,21.162,0,21.162,pass,,independent_snapshot,"{""prerequisite_acknowledged"": true, ""client_b_read_v1"": true, ""dependent_acknowledged"": true, ""visible_ids"": [""v1:242"", ""v2:242""], ""snapshot_polls"": 1}"
20260919T063135Z_e21f4e64,243,fault,1789799536.4638674,1789799536.4848099,20.956,0,20.956,pass,,independent_snapshot,"{""prerequisite_acknowledged"": true, ""client_b_read_v1"": true, ""dependent_acknowledged"": true, ""visible_ids"": [""v1:243"", ""v2:243""], ""snapshot_polls"": 1}"
20260919T063135Z_e21f4e64,244,fault,1789799536.4848099,1789799536.5044293,19.392,0,19.392,pass,,independent_snapshot,"{""prerequisite_acknowledged"": true, ""client_b_read_v1"": true, ""dependent_acknowledged"": true, ""visible_ids"": [""v1:244"", ""v2:244""], ""snapshot_polls"": 1}"
20260919T063135Z_e21f4e64,245,fault,1789799536.5044293,1789799536.525222,20.643,0,20.643,pass,,independent_snapshot,"{""prerequisite_acknowledged"": true, ""client_b_read_v1"": true, ""dependent_acknowledged"": true, ""visible_ids"": [""v1:245"", ""v2:245""], ""snapshot_polls"": 1}"
20260919T063135Z_e21f4e64,246,fault,1789799536.525222,1789799536.5471356,22.179,0,22.179,pass,,independent_snapshot,"{""prerequisite_acknowledged"": true, ""client_b_read_v1"": true, ""dependent_acknowledged"": true, ""visible_ids"": [""v1:246"", ""v2:246""], ""snapshot_polls"": 1}"
20260919T063135Z_e21f4e64,247,fault,1789799536.547782,1789799536.5716639,23.956,0,23.956,pass,,independent_snapshot,"{""prerequisite_acknowledged"": true, ""client_b_read_v1"": true, ""dependent_acknowledged"": true, ""visible_ids"": [""v1:247"", ""v2:247""], ""snapshot_polls"": 1}"
20260919T063135Z_e21f4e64,248,fault,1789799536.5716639,1789799536.5920172,20.726,0,20.726,pass,,independent_snapshot,"{""prerequisite_acknowledged"": true, ""client_b_read_v1"": true, ""dependent_acknowledged"": true, ""visible_ids"": [""v1:248"", ""v2:248""], ""snapshot_polls"": 1}"
20260919T063135Z_e21f4e64,249,fault,1789799536.5926561,1789799536.6132586,20.778,0,20.778,pass,,independent_snapshot,"{""prerequisite_acknowledged"": true, ""client_b_read_v1"": true, ""dependent_acknowledged"": true, ""visible_ids"": [""v1:249"", ""v2:249""], ""snapshot_polls"": 1}"
20260919T063135Z_e21f4e64,250,fault,1789799536.6132586,1789799536.6344945,21.222,0,21.222,pass,,independent_snapshot,"{""prerequisite_acknowledged"": true, ""client_b_read_v1"": true, ""dependent_acknowledged"": true, ""visible_ids"": [""v1:250"", ""v2:250""], ""snapshot_polls"": 1}"
20260919T063135Z_e21f4e64,251,fault,1789799536.6344945,1789799536.6559741,21.009,0,21.009,pass,,independent_snapshot,"{""prerequisite_acknowledged"": true, ""client_b_read_v1"": true, ""dependent_acknowledged"": true, ""visible_ids"": [""v1:251"", ""v2:251""], ""snapshot_polls"": 1}"
20260919T063135Z_e21f4e64,252,fault,1789799536.6559741,1789799536.6775155,21.427,0,21.427,pass,,independent_snapshot,"{""prerequisite_acknowledged"": true, ""client_b_read_v1"": true, ""dependent_acknowledged"": true, ""visible_ids"": [""v1:252"", ""v2:252""], ""snapshot_polls"": 1}"
20260919T063135Z_e21f4e64,253,fault,1789799536.6775155,1789799536.6994402,22.216,0,22.216,pass,,independent_snapshot,"{""prerequisite_acknowledged"": true, ""client_b_read_v1"": true, ""dependent_acknowledged"": true, ""visible_ids"": [""v1:253"", ""v2:253""], ""snapshot_polls"": 1}"
20260919T063135Z_e21f4e64,254,fault,1789799536.700048,1789799536.7211645,21.409,0,21.409,pass,,independent_snapshot,"{""prerequisite_acknowledged"": true, ""client_b_read_v1"": true, ""dependent_acknowledged"": true, ""visible_ids"": [""v1:254"", ""v2:254""], ""snapshot_polls"": 1}"
20260919T063135Z_e21f4e64,255,fault,1789799536.7211645,1789799536.7440379,22.692,0,22.692,pass,,independent_snapshot,"{""prerequisite_acknowledged"": true, ""client_b_read_v1"": true, ""dependent_acknowledged"": true, ""visible_ids"": [""v1:255"", ""v2:255""], ""snapshot_polls"": 1}"
20260919T063135Z_e21f4e64,256,fault,1789799536.7440379,1789799536.764929,20.768,0,20.768,pass,,independent_snapshot,"{""prerequisite_acknowledged"": true, ""client_b_read_v1"": true, ""dependent_acknowledged"": true, ""visible_ids"": [""v1:256"", ""v2:256""], ""snapshot_polls"": 1}"
20260919T063135Z_e21f4e64,257,fault,1789799536.764929,1789799536.7868052,22.023,0,22.023,pass,,independent_snapshot,"{""prerequisite_acknowledged"": true, ""client_b_read_v1"": true, ""dependent_acknowledged"": true, ""visible_ids"": [""v1:257"", ""v2:257""], ""snapshot_polls"": 1}"
20260919T063135Z_e21f4e64,258,fault,1789799536.787455,1789799536.807665,20.725,0,20.725,pass,,independent_snapshot,"{""prerequisite_acknowledged"": true, ""client_b_read_v1"": true, ""dependent_acknowledged"": true, ""visible_ids"": [""v1:258"", ""v2:258""], ""snapshot_polls"": 1}"
20260919T063135Z_e21f4e64,259,fault,1789799536.808296,1789799536.8293033,20.981,0,20.981,pass,,independent_snapshot,"{""prerequisite_acknowledged"": true, ""client_b_read_v1"": true, ""dependent_acknowledged"": true, ""visible_ids"": [""v1:259"", ""v2:259""], ""snapshot_polls"": 1}"
20260919T063135Z_e21f4e64,260,fault,1789799536.8293033,1789799536.8502796,20.928,0,20.928,pass,,independent_snapshot,"{""prerequisite_acknowledged"": true, ""client_b_read_v1"": true, ""dependent_acknowledged"": true, ""visible_ids"": [""v1:260"", ""v2:260""], ""snapshot_polls"": 1}"
20260919T063135Z_e21f4e64,261,fault,1789799536.8502796,1789799536.8714845,21.384,0,21.384,pass,,independent_snapshot,"{""prerequisite_acknowledged"": true, ""client_b_read_v1"": true, ""dependent_acknowledged"": true, ""visible_ids"": [""v1:261"", ""v2:261""], ""snapshot_polls"": 1}"
20260919T063135Z_e21f4e64,262,fault,1789799536.8720868,1789799536.8942976,22.613,0,22.613,pass,,independent_snapshot,"{""prerequisite_acknowledged"": true, ""client_b_read_v1"": true, ""dependent_acknowledged"": true, ""visible_ids"": [""v1:262"", ""v2:262""], ""snapshot_polls"": 1}"
20260919T063135Z_e21f4e64,263,fault,1789799536.8942976,1789799536.9173694,22.777,0,22.777,pass,,independent_snapshot,"{""prerequisite_acknowledged"": true, ""client_b_read_v1"": true, ""dependent_acknowledged"": true, ""visible_ids"": [""v1:263"", ""v2:263""], ""snapshot_polls"": 1}"
20260919T063135Z_e21f4e64,264,fault,1789799536.9173694,1789799536.93753,19.878,0,19.878,pass,,independent_snapshot,"{""prerequisite_acknowledged"": true, ""client_b_read_v1"": true, ""dependent_acknowledged"": true, ""visible_ids"": [""v1:264"", ""v2:264""], ""snapshot_polls"": 1}"
20260919T063135Z_e21f4e64,265,fault,1789799536.93753,1789799536.9579313,20.516,0,20.516,pass,,independent_snapshot,"{""prerequisite_acknowledged"": true, ""client_b_read_v1"": true, ""dependent_acknowledged"": true, ""visible_ids"": [""v1:265"", ""v2:265""], ""snapshot_polls"": 1}"
20260919T063135Z_e21f4e64,266,fault,1789799536.9579313,1789799536.9791002,21.261,0,21.261,pass,,independent_snapshot,"{""prerequisite_acknowledged"": true, ""client_b_read_v1"": true, ""dependent_acknowledged"": true, ""visible_ids"": [""v1:266"", ""v2:266""], ""snapshot_polls"": 1}"
20260919T063135Z_e21f4e64,267,fault,1789799536.9796798,1789799536.9999232,20.55,0,20.55,pass,,independent_snapshot,"{""prerequisite_acknowledged"": true, ""client_b_read_v1"": true, ""dependent_acknowledged"": true, ""visible_ids"": [""v1:267"", ""v2:267""], ""snapshot_polls"": 1}"
20260919T063135Z_e21f4e64,268,fault,1789799536.9999232,1789799537.022094,22.138,0,22.138,pass,,independent_snapshot,"{""prerequisite_acknowledged"": true, ""client_b_read_v1"": true, ""dependent_acknowledged"": true, ""visible_ids"": [""v1:268"", ""v2:268""], ""snapshot_polls"": 1}"
20260919T063135Z_e21f4e64,269,fault,1789799537.0226789,1789799537.0426655,20.203,0,20.203,pass,,independent_snapshot,"{""prerequisite_acknowledged"": true, ""client_b_read_v1"": true, ""dependent_acknowledged"": true, ""visible_ids"": [""v1:269"", ""v2:269""], ""snapshot_polls"": 1}"
20260919T063135Z_e21f4e64,270,fault,1789799537.0426655,1789799537.0632367,20.46,0,20.46,pass,,independent_snapshot,"{""prerequisite_acknowledged"": true, ""client_b_read_v1"": true, ""dependent_acknowledged"": true, ""visible_ids"": [""v1:270"", ""v2:270""], ""snapshot_polls"": 1}"
20260919T063135Z_e21f4e64,271,fault,1789799537.0632367,1789799537.087739,24.456,0,24.456,pass,,independent_snapshot,"{""prerequisite_acknowledged"": true, ""client_b_read_v1"": true, ""dependent_acknowledged"": true, ""visible_ids"": [""v1:271"", ""v2:271""], ""snapshot_polls"": 1}"
20260919T063135Z_e21f4e64,272,fault,1789799537.087739,1789799537.108691,20.984,0,20.984,pass,,independent_snapshot,"{""prerequisite_acknowledged"": true, ""client_b_read_v1"": true, ""dependent_acknowledged"": true, ""visible_ids"": [""v1:272"", ""v2:272""], ""snapshot_polls"": 1}"
20260919T063135Z_e21f4e64,273,fault,1789799537.1092465,1789799537.130382,21.555,0,21.555,pass,,independent_snapshot,"{""prerequisite_acknowledged"": true, ""client_b_read_v1"": true, ""dependent_acknowledged"": true, ""visible_ids"": [""v1:273"", ""v2:273""], ""snapshot_polls"": 1}"
20260919T063135Z_e21f4e64,274,fault,1789799537.1309607,1789799537.1522973,21.424,0,21.424,pass,,independent_snapshot,"{""prerequisite_acknowledged"": true, ""client_b_read_v1"": true, ""dependent_acknowledged"": true, ""visible_ids"": [""v1:274"", ""v2:274""], ""snapshot_polls"": 1}"
20260919T063135Z_e21f4e64,275,fault,1789799537.1522973,1789799537.173245,20.973,0,20.973,pass,,independent_snapshot,"{""prerequisite_acknowledged"": true, ""client_b_read_v1"": true, ""dependent_acknowledged"": true, ""visible_ids"": [""v1:275"", ""v2:275""], ""snapshot_polls"": 1}"
20260919T063135Z_e21f4e64,276,fault,1789799537.173245,1789799537.1934235,20.102,0,20.102,pass,,independent_snapshot,"{""prerequisite_acknowledged"": true, ""client_b_read_v1"": true, ""dependent_acknowledged"": true, ""visible_ids"": [""v1:276"", ""v2:276""], ""snapshot_polls"": 1}"
20260919T063135Z_e21f4e64,277,fault,1789799537.1934235,1789799537.214853,21.286,0,21.286,pass,,independent_snapshot,"{""prerequisite_acknowledged"": true, ""client_b_read_v1"": true, ""dependent_acknowledged"": true, ""visible_ids"": [""v1:277"", ""v2:277""], ""snapshot_polls"": 1}"
20260919T063135Z_e21f4e64,278,fault,1789799537.214853,1789799537.2368572,22.04,0,22.04,pass,,independent_snapshot,"{""prerequisite_acknowledged"": true, ""client_b_read_v1"": true, ""dependent_acknowledged"": true, ""visible_ids"": [""v1:278"", ""v2:278""], ""snapshot_polls"": 1}"
20260919T063135Z_e21f4e64,279,fault,1789799537.2374377,1789799537.2621691,24.864,0,24.864,pass,,independent_snapshot,"{""prerequisite_acknowledged"": true, ""client_b_read_v1"": true, ""dependent_acknowledged"": true, ""visible_ids"": [""v1:279"", ""v2:279""], ""snapshot_polls"": 1}"
20260919T063135Z_e21f4e64,280,fault,1789799537.2621691,1789799537.284161,21.748,0,21.748,pass,,independent_snapshot,"{""prerequisite_acknowledged"": true, ""client_b_read_v1"": true, ""dependent_acknowledged"": true, ""visible_ids"": [""v1:280"", ""v2:280""], ""snapshot_polls"": 1}"
20260919T063135Z_e21f4e64,281,fault,1789799537.284161,1789799537.304748,20.57,0,20.57,pass,,independent_snapshot,"{""prerequisite_acknowledged"": true, ""client_b_read_v1"": true, ""dependent_acknowledged"": true, ""visible_ids"": [""v1:281"", ""v2:281""], ""snapshot_polls"": 1}"
20260919T063135Z_e21f4e64,282,fault,1789799537.304748,1789799537.3254101,20.7,0,20.7,pass,,independent_snapshot,"{""prerequisite_acknowledged"": true, ""client_b_read_v1"": true, ""dependent_acknowledged"": true, ""visible_ids"": [""v1:282"", ""v2:282""], ""snapshot_polls"": 1}"
20260919T063135Z_e21f4e64,283,fault,1789799537.3254101,1789799537.3469803,21.348,0,21.348,pass,,independent_snapshot,"{""prerequisite_acknowledged"": true, ""client_b_read_v1"": true, ""dependent_acknowledged"": true, ""visible_ids"": [""v1:283"", ""v2:283""], ""snapshot_polls"": 1}"
20260919T063135Z_e21f4e64,284,fault,1789799537.3469803,1789799537.369848,22.498,0,22.498,pass,,independent_snapshot,"{""prerequisite_acknowledged"": true, ""client_b_read_v1"": true, ""dependent_acknowledged"": true, ""visible_ids"": [""v1:284"", ""v2:284""], ""snapshot_polls"": 1}"
20260919T063135Z_e21f4e64,285,fault,1789799537.369848,1789799537.3916833,22.08,0,22.08,pass,,independent_snapshot,"{""prerequisite_acknowledged"": true, ""client_b_read_v1"": true, ""dependent_acknowledged"": true, ""visible_ids"": [""v1:285"", ""v2:285""], ""snapshot_polls"": 1}"
20260919T063135Z_e21f4e64,286,fault,1789799537.392295,1789799537.412277,20.247,0,20.247,pass,,independent_snapshot,"{""prerequisite_acknowledged"": true, ""client_b_read_v1"": true, ""dependent_acknowledged"": true, ""visible_ids"": [""v1:286"", ""v2:286""], ""snapshot_polls"": 1}"
20260919T063135Z_e21f4e64,287,fault,1789799537.412277,1789799537.4362938,23.833,0,23.833,pass,,independent_snapshot,"{""prerequisite_acknowledged"": true, ""client_b_read_v1"": true, ""dependent_acknowledged"": true, ""visible_ids"": [""v1:287"", ""v2:287""], ""snapshot_polls"": 1}"
20260919T063135Z_e21f4e64,288,fault,1789799537.4362938,1789799537.4577615,21.469,0,21.469,pass,,independent_snapshot,"{""prerequisite_acknowledged"": true, ""client_b_read_v1"": true, ""dependent_acknowledged"": true, ""visible_ids"": [""v1:288"", ""v2:288""], ""snapshot_polls"": 1}"
20260919T063135Z_e21f4e64,289,fault,1789799537.4577615,1789799537.480885,23.031,0,23.031,pass,,independent_snapshot,"{""prerequisite_acknowledged"": true, ""client_b_read_v1"": true, ""dependent_acknowledged"": true, ""visible_ids"": [""v1:289"", ""v2:289""], ""snapshot_polls"": 1}"
20260919T063135Z_e21f4e64,290,fault,1789799537.480885,1789799537.5024626,21.081,0,21.081,pass,,independent_snapshot,"{""prerequisite_acknowledged"": true, ""client_b_read_v1"": true, ""dependent_acknowledged"": true, ""visible_ids"": [""v1:290"", ""v2:290""], ""snapshot_polls"": 1}"
20260919T063135Z_e21f4e64,291,fault,1789799537.5024626,1789799537.5213225,19.078,0,19.078,pass,,independent_snapshot,"{""prerequisite_acknowledged"": true, ""client_b_read_v1"": true, ""dependent_acknowledged"": true, ""visible_ids"": [""v1:291"", ""v2:291""], ""snapshot_polls"": 1}"
20260919T063135Z_e21f4e64,292,fault,1789799537.5213225,1789799537.542084,20.589,0,20.589,pass,,independent_snapshot,"{""prerequisite_acknowledged"": true, ""client_b_read_v1"": true, ""dependent_acknowledged"": true, ""visible_ids"": [""v1:292"", ""v2:292""], ""snapshot_polls"": 1}"
20260919T063135Z_e21f4e64,293,fault,1789799537.542084,1789799537.562512,20.097,0,20.097,pass,,independent_snapshot,"{""prerequisite_acknowledged"": true, ""client_b_read_v1"": true, ""dependent_acknowledged"": true, ""visible_ids"": [""v1:293"", ""v2:293""], ""snapshot_polls"": 1}"
20260919T063135Z_e21f4e64,294,fault,1789799537.562512,1789799537.5847273,22.053,0,22.053,pass,,independent_snapshot,"{""prerequisite_acknowledged"": true, ""client_b_read_v1"": true, ""dependent_acknowledged"": true, ""visible_ids"": [""v1:294"", ""v2:294""], ""snapshot_polls"": 1}"
20260919T063135Z_e21f4e64,295,fault,1789799537.5847273,1789799537.608482,23.721,0,23.721,pass,,independent_snapshot,"{""prerequisite_acknowledged"": true, ""client_b_read_v1"": true, ""dependent_acknowledged"": true, ""visible_ids"": [""v1:295"", ""v2:295""], ""snapshot_polls"": 1}"
20260919T063135Z_e21f4e64,296,fault,1789799537.608482,1789799537.6295397,21.064,0,21.064,pass,,independent_snapshot,"{""prerequisite_acknowledged"": true, ""client_b_read_v1"": true, ""dependent_acknowledged"": true, ""visible_ids"": [""v1:296"", ""v2:296""], ""snapshot_polls"": 1}"
20260919T063135Z_e21f4e64,297,fault,1789799537.6295397,1789799537.6499636,20.558,0,20.558,pass,,independent_snapshot,"{""prerequisite_acknowledged"": true, ""client_b_read_v1"": true, ""dependent_acknowledged"": true, ""visible_ids"": [""v1:297"", ""v2:297""], ""snapshot_polls"": 1}"
20260919T063135Z_e21f4e64,298,fault,1789799537.6499636,1789799537.671988,21.853,0,21.853,pass,,independent_snapshot,"{""prerequisite_acknowledged"": true, ""client_b_read_v1"": true, ""dependent_acknowledged"": true, ""visible_ids"": [""v1:298"", ""v2:298""], ""snapshot_polls"": 1}"
20260919T063135Z_e21f4e64,299,fault,1789799537.671988,1789799537.6936939,21.087,0,21.087,pass,,independent_snapshot,"{""prerequisite_acknowledged"": true, ""client_b_read_v1"": true, ""dependent_acknowledged"": true, ""visible_ids"": [""v1:299"", ""v2:299""], ""snapshot_polls"": 1}"
20260919T063135Z_e21f4e64,300,fault,1789799537.6936939,1789799537.7153404,21.984,0,21.984,pass,,independent_snapshot,"{""prerequisite_acknowledged"": true, ""client_b_read_v1"": true, ""dependent_acknowledged"": true, ""visible_ids"": [""v1:300"", ""v2:300""], ""snapshot_polls"": 1}"
20260919T063135Z_e21f4e64,301,fault,1789799537.7177508,1789799537.7415392,23.633,0,23.633,pass,,independent_snapshot,"{""prerequisite_acknowledged"": true, ""client_b_read_v1"": true, ""dependent_acknowledged"": true, ""visible_ids"": [""v1:301"", ""v2:301""], ""snapshot_polls"": 1}"
20260919T063135Z_e21f4e64,302,fault,1789799537.7415392,1789799537.7625034,21.385,0,21.385,pass,,independent_snapshot,"{""prerequisite_acknowledged"": true, ""client_b_read_v1"": true, ""dependent_acknowledged"": true, ""visible_ids"": [""v1:302"", ""v2:302""], ""snapshot_polls"": 1}"
20260919T063135Z_e21f4e64,303,fault,1789799537.7631443,1789799537.786381,23.208,0,23.208,pass,,independent_snapshot,"{""prerequisite_acknowledged"": true, ""client_b_read_v1"": true, ""dependent_acknowledged"": true, ""visible_ids"": [""v1:303"", ""v2:303""], ""snapshot_polls"": 1}"
20260919T063135Z_e21f4e64,304,fault,1789799537.786381,1789799537.8085876,22.108,0,22.108,pass,,independent_snapshot,"{""prerequisite_acknowledged"": true, ""client_b_read_v1"": true, ""dependent_acknowledged"": true, ""visible_ids"": [""v1:304"", ""v2:304""], ""snapshot_polls"": 1}"
20260919T063135Z_e21f4e64,305,fault,1789799537.8085876,1789799537.8306508,22.06,0,22.06,pass,,independent_snapshot,"{""prerequisite_acknowledged"": true, ""client_b_read_v1"": true, ""dependent_acknowledged"": true, ""visible_ids"": [""v1:305"", ""v2:305""], ""snapshot_polls"": 1}"
20260919T063135Z_e21f4e64,306,fault,1789799537.8306508,1789799537.8505223,19.806,0,19.806,pass,,independent_snapshot,"{""prerequisite_acknowledged"": true, ""client_b_read_v1"": true, ""dependent_acknowledged"": true, ""visible_ids"": [""v1:306"", ""v2:306""], ""snapshot_polls"": 1}"
20260919T063135Z_e21f4e64,307,fault,1789799537.8505223,1789799537.8705556,19.915,0,19.915,pass,,independent_snapshot,"{""prerequisite_acknowledged"": true, ""client_b_read_v1"": true, ""dependent_acknowledged"": true, ""visible_ids"": [""v1:307"", ""v2:307""], ""snapshot_polls"": 1}"
20260919T063135Z_e21f4e64,308,fault,1789799537.8705556,1789799537.890758,20.084,0,20.084,pass,,independent_snapshot,"{""prerequisite_acknowledged"": true, ""client_b_read_v1"": true, ""dependent_acknowledged"": true, ""visible_ids"": [""v1:308"", ""v2:308""], ""snapshot_polls"": 1}"
20260919T063135Z_e21f4e64,309,fault,1789799537.890758,1789799537.9118352,20.981,0,20.981,pass,,independent_snapshot,"{""prerequisite_acknowledged"": true, ""client_b_read_v1"": true, ""dependent_acknowledged"": true, ""visible_ids"": [""v1:309"", ""v2:309""], ""snapshot_polls"": 1}"
20260919T063135Z_e21f4e64,310,fault,1789799537.9118352,1789799537.9333675,21.231,0,21.231,pass,,independent_snapshot,"{""prerequisite_acknowledged"": true, ""client_b_read_v1"": true, ""dependent_acknowledged"": true, ""visible_ids"": [""v1:310"", ""v2:310""], ""snapshot_polls"": 1}"
20260919T063135Z_e21f4e64,311,fault,1789799537.9333675,1789799537.9573264,23.776,0,23.776,pass,,independent_snapshot,"{""prerequisite_acknowledged"": true, ""client_b_read_v1"": true, ""dependent_acknowledged"": true, ""visible_ids"": [""v1:311"", ""v2:311""], ""snapshot_polls"": 1}"
20260919T063135Z_e21f4e64,312,fault,1789799537.9573264,1789799537.9787729,21.271,0,21.271,pass,,independent_snapshot,"{""prerequisite_acknowledged"": true, ""client_b_read_v1"": true, ""dependent_acknowledged"": true, ""visible_ids"": [""v1:312"", ""v2:312""], ""snapshot_polls"": 1}"
20260919T063135Z_e21f4e64,313,fault,1789799537.9787729,1789799537.9994354,20.844,0,20.844,pass,,independent_snapshot,"{""prerequisite_acknowledged"": true, ""client_b_read_v1"": true, ""dependent_acknowledged"": true, ""visible_ids"": [""v1:313"", ""v2:313""], ""snapshot_polls"": 1}"
20260919T063135Z_e21f4e64,314,fault,1789799537.9994354,1789799538.0191488,19.844,0,19.844,pass,,independent_snapshot,"{""prerequisite_acknowledged"": true, ""client_b_read_v1"": true, ""dependent_acknowledged"": true, ""visible_ids"": [""v1:314"", ""v2:314""], ""snapshot_polls"": 1}"
20260919T063135Z_e21f4e64,315,fault,1789799538.0197258,1789799538.037156,17.972,0,17.972,pass,,independent_snapshot,"{""prerequisite_acknowledged"": true, ""client_b_read_v1"": true, ""dependent_acknowledged"": true, ""visible_ids"": [""v1:315"", ""v2:315""], ""snapshot_polls"": 1}"
20260919T063135Z_e21f4e64,316,fault,1789799538.037156,1789799538.0571496,19.388,0,19.388,pass,,independent_snapshot,"{""prerequisite_acknowledged"": true, ""client_b_read_v1"": true, ""dependent_acknowledged"": true, ""visible_ids"": [""v1:316"", ""v2:316""], ""snapshot_polls"": 1}"
20260919T063135Z_e21f4e64,317,fault,1789799538.0571496,1789799538.0754926,18.91,0,18.91,pass,,independent_snapshot,"{""prerequisite_acknowledged"": true, ""client_b_read_v1"": true, ""dependent_acknowledged"": true, ""visible_ids"": [""v1:317"", ""v2:317""], ""snapshot_polls"": 1}"
20260919T063135Z_e21f4e64,318,fault,1789799538.0761895,1789799538.0954497,19.806,0,19.806,pass,,independent_snapshot,"{""prerequisite_acknowledged"": true, ""client_b_read_v1"": true, ""dependent_acknowledged"": true, ""visible_ids"": [""v1:318"", ""v2:318""], ""snapshot_polls"": 1}"
20260919T063135Z_e21f4e64,319,fault,1789799538.0960894,1789799538.1162593,20.157,0,20.157,pass,,independent_snapshot,"{""prerequisite_acknowledged"": true, ""client_b_read_v1"": true, ""dependent_acknowledged"": true, ""visible_ids"": [""v1:319"", ""v2:319""], ""snapshot_polls"": 1}"
20260919T063135Z_e21f4e64,320,fault,1789799538.1162593,1789799538.1338491,17.926,0,17.926,pass,,independent_snapshot,"{""prerequisite_acknowledged"": true, ""client_b_read_v1"": true, ""dependent_acknowledged"": true, ""visible_ids"": [""v1:320"", ""v2:320""], ""snapshot_polls"": 1}"
20260919T063135Z_e21f4e64,321,fault,1789799538.1338491,1789799538.1527476,18.714,0,18.714,pass,,independent_snapshot,"{""prerequisite_acknowledged"": true, ""client_b_read_v1"": true, ""dependent_acknowledged"": true, ""visible_ids"": [""v1:321"", ""v2:321""], ""snapshot_polls"": 1}"
20260919T063135Z_e21f4e64,322,fault,1789799538.1527476,1789799538.1711648,18.424,0,18.424,pass,,independent_snapshot,"{""prerequisite_acknowledged"": true, ""client_b_read_v1"": true, ""dependent_acknowledged"": true, ""visible_ids"": [""v1:322"", ""v2:322""], ""snapshot_polls"": 1}"
20260919T063135Z_e21f4e64,323,fault,1789799538.1711648,1789799538.1907518,19.509,0,19.509,pass,,independent_snapshot,"{""prerequisite_acknowledged"": true, ""client_b_read_v1"": true, ""dependent_acknowledged"": true, ""visible_ids"": [""v1:323"", ""v2:323""], ""snapshot_polls"": 1}"
20260919T063135Z_e21f4e64,324,fault,1789799538.1907518,1789799538.2114093,20.287,0,20.287,pass,,independent_snapshot,"{""prerequisite_acknowledged"": true, ""client_b_read_v1"": true, ""dependent_acknowledged"": true, ""visible_ids"": [""v1:324"", ""v2:324""], ""snapshot_polls"": 1}"
20260919T063135Z_e21f4e64,325,fault,1789799538.2114093,1789799538.2295687,18.378,0,18.378,pass,,independent_snapshot,"{""prerequisite_acknowledged"": true, ""client_b_read_v1"": true, ""dependent_acknowledged"": true, ""visible_ids"": [""v1:325"", ""v2:325""], ""snapshot_polls"": 1}"
20260919T063135Z_e21f4e64,326,fault,1789799538.2295687,1789799538.2500155,20.44,0,20.44,pass,,independent_snapshot,"{""prerequisite_acknowledged"": true, ""client_b_read_v1"": true, ""dependent_acknowledged"": true, ""visible_ids"": [""v1:326"", ""v2:326""], ""snapshot_polls"": 1}"
20260919T063135Z_e21f4e64,327,fault,1789799538.2506468,1789799538.2723415,22.114,0,22.114,pass,,independent_snapshot,"{""prerequisite_acknowledged"": true, ""client_b_read_v1"": true, ""dependent_acknowledged"": true, ""visible_ids"": [""v1:327"", ""v2:327""], ""snapshot_polls"": 1}"
20260919T063135Z_e21f4e64,328,fault,1789799538.2723415,1789799538.2933202,20.929,0,20.929,pass,,independent_snapshot,"{""prerequisite_acknowledged"": true, ""client_b_read_v1"": true, ""dependent_acknowledged"": true, ""visible_ids"": [""v1:328"", ""v2:328""], ""snapshot_polls"": 1}"
20260919T063135Z_e21f4e64,329,fault,1789799538.293831,1789799538.3114457,18.01,0,18.01,pass,,independent_snapshot,"{""prerequisite_acknowledged"": true, ""client_b_read_v1"": true, ""dependent_acknowledged"": true, ""visible_ids"": [""v1:329"", ""v2:329""], ""snapshot_polls"": 1}"
20260919T063135Z_e21f4e64,330,fault,1789799538.3114457,1789799538.3306375,18.82,0,18.82,pass,,independent_snapshot,"{""prerequisite_acknowledged"": true, ""client_b_read_v1"": true, ""dependent_acknowledged"": true, ""visible_ids"": [""v1:330"", ""v2:330""], ""snapshot_polls"": 1}"
20260919T063135Z_e21f4e64,331,fault,1789799538.3306375,1789799538.3515074,20.641,0,20.641,pass,,independent_snapshot,"{""prerequisite_acknowledged"": true, ""client_b_read_v1"": true, ""dependent_acknowledged"": true, ""visible_ids"": [""v1:331"", ""v2:331""], ""snapshot_polls"": 1}"
20260919T063135Z_e21f4e64,332,fault,1789799538.3515074,1789799538.3725584,21.041,0,21.041,pass,,independent_snapshot,"{""prerequisite_acknowledged"": true, ""client_b_read_v1"": true, ""dependent_acknowledged"": true, ""visible_ids"": [""v1:332"", ""v2:332""], ""snapshot_polls"": 1}"
20260919T063135Z_e21f4e64,333,fault,1789799538.3725584,1789799538.3931046,20.496,0,20.496,pass,,independent_snapshot,"{""prerequisite_acknowledged"": true, ""client_b_read_v1"": true, ""dependent_acknowledged"": true, ""visible_ids"": [""v1:333"", ""v2:333""], ""snapshot_polls"": 1}"
20260919T063135Z_e21f4e64,334,fault,1789799538.3931046,1789799538.413597,20.691,0,20.691,pass,,independent_snapshot,"{""prerequisite_acknowledged"": true, ""client_b_read_v1"": true, ""dependent_acknowledged"": true, ""visible_ids"": [""v1:334"", ""v2:334""], ""snapshot_polls"": 1}"
20260919T063135Z_e21f4e64,335,fault,1789799538.4141555,1789799538.4387226,24.659,0,24.659,pass,,independent_snapshot,"{""prerequisite_acknowledged"": true, ""client_b_read_v1"": true, ""dependent_acknowledged"": true, ""visible_ids"": [""v1:335"", ""v2:335""], ""snapshot_polls"": 1}"
20260919T063135Z_e21f4e64,336,fault,1789799538.4387226,1789799538.4581106,19.537,0,19.537,pass,,independent_snapshot,"{""prerequisite_acknowledged"": true, ""client_b_read_v1"": true, ""dependent_acknowledged"": true, ""visible_ids"": [""v1:336"", ""v2:336""], ""snapshot_polls"": 1}"
20260919T063135Z_e21f4e64,337,fault,1789799538.4581106,1789799538.4777458,19.598,0,19.598,pass,,independent_snapshot,"{""prerequisite_acknowledged"": true, ""client_b_read_v1"": true, ""dependent_acknowledged"": true, ""visible_ids"": [""v1:337"", ""v2:337""], ""snapshot_polls"": 1}"
20260919T063135Z_e21f4e64,338,fault,1789799538.4782555,1789799538.4950957,17.173,0,17.173,pass,,independent_snapshot,"{""prerequisite_acknowledged"": true, ""client_b_read_v1"": true, ""dependent_acknowledged"": true, ""visible_ids"": [""v1:338"", ""v2:338""], ""snapshot_polls"": 1}"
20260919T063135Z_e21f4e64,339,fault,1789799538.4950957,1789799538.5133731,17.895,0,17.895,pass,,independent_snapshot,"{""prerequisite_acknowledged"": true, ""client_b_read_v1"": true, ""dependent_acknowledged"": true, ""visible_ids"": [""v1:339"", ""v2:339""], ""snapshot_polls"": 1}"
20260919T063135Z_e21f4e64,340,fault,1789799538.5133731,1789799538.530251,17.346,0,17.346,pass,,independent_snapshot,"{""prerequisite_acknowledged"": true, ""client_b_read_v1"": true, ""dependent_acknowledged"": true, ""visible_ids"": [""v1:340"", ""v2:340""], ""snapshot_polls"": 1}"
20260919T063135Z_e21f4e64,341,fault,1789799538.530251,1789799538.5498972,19.439,0,19.439,pass,,independent_snapshot,"{""prerequisite_acknowledged"": true, ""client_b_read_v1"": true, ""dependent_acknowledged"": true, ""visible_ids"": [""v1:341"", ""v2:341""], ""snapshot_polls"": 1}"
20260919T063135Z_e21f4e64,342,fault,1789799538.5498972,1789799538.5687397,18.461,0,18.461,pass,,independent_snapshot,"{""prerequisite_acknowledged"": true, ""client_b_read_v1"": true, ""dependent_acknowledged"": true, ""visible_ids"": [""v1:342"", ""v2:342""], ""snapshot_polls"": 1}"
20260919T063135Z_e21f4e64,343,fault,1789799538.5687397,1789799538.5898514,21.052,0,21.052,pass,,independent_snapshot,"{""prerequisite_acknowledged"": true, ""client_b_read_v1"": true, ""dependent_acknowledged"": true, ""visible_ids"": [""v1:343"", ""v2:343""], ""snapshot_polls"": 1}"
20260919T063135Z_e21f4e64,344,fault,1789799538.5898514,1789799538.6090398,19.377,0,19.377,pass,,independent_snapshot,"{""prerequisite_acknowledged"": true, ""client_b_read_v1"": true, ""dependent_acknowledged"": true, ""visible_ids"": [""v1:344"", ""v2:344""], ""snapshot_polls"": 1}"
20260919T063135Z_e21f4e64,345,fault,1789799538.6090398,1789799538.6268811,17.69,0,17.69,pass,,independent_snapshot,"{""prerequisite_acknowledged"": true, ""client_b_read_v1"": true, ""dependent_acknowledged"": true, ""visible_ids"": [""v1:345"", ""v2:345""], ""snapshot_polls"": 1}"
20260919T063135Z_e21f4e64,346,fault,1789799538.6268811,1789799538.644423,17.12,0,17.12,pass,,independent_snapshot,"{""prerequisite_acknowledged"": true, ""client_b_read_v1"": true, ""dependent_acknowledged"": true, ""visible_ids"": [""v1:346"", ""v2:346""], ""snapshot_polls"": 1}"
20260919T063135Z_e21f4e64,347,fault,1789799538.644423,1789799538.662209,17.893,0,17.893,pass,,independent_snapshot,"{""prerequisite_acknowledged"": true, ""client_b_read_v1"": true, ""dependent_acknowledged"": true, ""visible_ids"": [""v1:347"", ""v2:347""], ""snapshot_polls"": 1}"
20260919T063135Z_e21f4e64,348,fault,1789799538.662209,1789799538.6803317,17.949,0,17.949,pass,,independent_snapshot,"{""prerequisite_acknowledged"": true, ""client_b_read_v1"": true, ""dependent_acknowledged"": true, ""visible_ids"": [""v1:348"", ""v2:348""], ""snapshot_polls"": 1}"
20260919T063135Z_e21f4e64,349,fault,1789799538.6803317,1789799538.6965294,16.596,0,16.596,pass,,independent_snapshot,"{""prerequisite_acknowledged"": true, ""client_b_read_v1"": true, ""dependent_acknowledged"": true, ""visible_ids"": [""v1:349"", ""v2:349""], ""snapshot_polls"": 1}"
20260919T063135Z_e21f4e64,350,fault,1789799538.6965294,1789799538.7149055,17.866,0,17.866,pass,,independent_snapshot,"{""prerequisite_acknowledged"": true, ""client_b_read_v1"": true, ""dependent_acknowledged"": true, ""visible_ids"": [""v1:350"", ""v2:350""], ""snapshot_polls"": 1}"
20260919T063135Z_e21f4e64,351,fault,1789799538.7149055,1789799538.7358925,20.767,0,20.767,pass,,independent_snapshot,"{""prerequisite_acknowledged"": true, ""client_b_read_v1"": true, ""dependent_acknowledged"": true, ""visible_ids"": [""v1:351"", ""v2:351""], ""snapshot_polls"": 1}"
20260919T063135Z_e21f4e64,352,fault,1789799538.7358925,1789799538.7575986,21.615,0,21.615,pass,,independent_snapshot,"{""prerequisite_acknowledged"": true, ""client_b_read_v1"": true, ""dependent_acknowledged"": true, ""visible_ids"": [""v1:352"", ""v2:352""], ""snapshot_polls"": 1}"
20260919T063135Z_e21f4e64,353,fault,1789799538.7575986,1789799538.7779553,20.317,0,20.317,pass,,independent_snapshot,"{""prerequisite_acknowledged"": true, ""client_b_read_v1"": true, ""dependent_acknowledged"": true, ""visible_ids"": [""v1:353"", ""v2:353""], ""snapshot_polls"": 1}"
20260919T063135Z_e21f4e64,354,fault,1789799538.7779553,1789799538.7954834,17.357,0,17.357,pass,,independent_snapshot,"{""prerequisite_acknowledged"": true, ""client_b_read_v1"": true, ""dependent_acknowledged"": true, ""visible_ids"": [""v1:354"", ""v2:354""], ""snapshot_polls"": 1}"
20260919T063135Z_e21f4e64,355,fault,1789799538.7954834,1789799538.81363,18.057,0,18.057,pass,,independent_snapshot,"{""prerequisite_acknowledged"": true, ""client_b_read_v1"": true, ""dependent_acknowledged"": true, ""visible_ids"": [""v1:355"", ""v2:355""], ""snapshot_polls"": 1}"
20260919T063135Z_e21f4e64,356,fault,1789799538.81363,1789799538.8305147,16.898,0,16.898,pass,,independent_snapshot,"{""prerequisite_acknowledged"": true, ""client_b_read_v1"": true, ""dependent_acknowledged"": true, ""visible_ids"": [""v1:356"", ""v2:356""], ""snapshot_polls"": 1}"
20260919T063135Z_e21f4e64,357,fault,1789799538.8305147,1789799538.8500257,19.815,0,19.815,pass,,independent_snapshot,"{""prerequisite_acknowledged"": true, ""client_b_read_v1"": true, ""dependent_acknowledged"": true, ""visible_ids"": [""v1:357"", ""v2:357""], ""snapshot_polls"": 1}"
20260919T063135Z_e21f4e64,358,fault,1789799538.8506472,1789799538.8721197,21.409,0,21.409,pass,,independent_snapshot,"{""prerequisite_acknowledged"": true, ""client_b_read_v1"": true, ""dependent_acknowledged"": true, ""visible_ids"": [""v1:358"", ""v2:358""], ""snapshot_polls"": 1}"
20260919T063135Z_e21f4e64,359,fault,1789799538.8721197,1789799538.8949018,22.763,0,22.763,pass,,independent_snapshot,"{""prerequisite_acknowledged"": true, ""client_b_read_v1"": true, ""dependent_acknowledged"": true, ""visible_ids"": [""v1:359"", ""v2:359""], ""snapshot_polls"": 1}"
20260919T063135Z_e21f4e64,360,fault,1789799538.8949018,1789799538.9127204,18.033,0,18.033,pass,,independent_snapshot,"{""prerequisite_acknowledged"": true, ""client_b_read_v1"": true, ""dependent_acknowledged"": true, ""visible_ids"": [""v1:360"", ""v2:360""], ""snapshot_polls"": 1}"
20260919T063135Z_e21f4e64,361,fault,1789799538.9127204,1789799538.9296525,16.579,0,16.579,pass,,independent_snapshot,"{""prerequisite_acknowledged"": true, ""client_b_read_v1"": true, ""dependent_acknowledged"": true, ""visible_ids"": [""v1:361"", ""v2:361""], ""snapshot_polls"": 1}"
20260919T063135Z_e21f4e64,362,fault,1789799538.9296525,1789799538.9458854,16.386,0,16.386,pass,,independent_snapshot,"{""prerequisite_acknowledged"": true, ""client_b_read_v1"": true, ""dependent_acknowledged"": true, ""visible_ids"": [""v1:362"", ""v2:362""], ""snapshot_polls"": 1}"
20260919T063135Z_e21f4e64,363,fault,1789799538.9458854,1789799538.964077,18.191,0,18.191,pass,,independent_snapshot,"{""prerequisite_acknowledged"": true, ""client_b_read_v1"": true, ""dependent_acknowledged"": true, ""visible_ids"": [""v1:363"", ""v2:363""], ""snapshot_polls"": 1}"
20260919T063135Z_e21f4e64,364,fault,1789799538.964077,1789799538.9835699,19.181,0,19.181,pass,,independent_snapshot,"{""prerequisite_acknowledged"": true, ""client_b_read_v1"": true, ""dependent_acknowledged"": true, ""visible_ids"": [""v1:364"", ""v2:364""], ""snapshot_polls"": 1}"
20260919T063135Z_e21f4e64,365,fault,1789799538.9835699,1789799539.0012004,17.72,0,17.72,pass,,independent_snapshot,"{""prerequisite_acknowledged"": true, ""client_b_read_v1"": true, ""dependent_acknowledged"": true, ""visible_ids"": [""v1:365"", ""v2:365""], ""snapshot_polls"": 1}"
20260919T063135Z_e21f4e64,366,fault,1789799539.0017393,1789799539.0280745,26.655,0,26.655,pass,,independent_snapshot,"{""prerequisite_acknowledged"": true, ""client_b_read_v1"": true, ""dependent_acknowledged"": true, ""visible_ids"": [""v1:366"", ""v2:366""], ""snapshot_polls"": 1}"
20260919T063135Z_e21f4e64,367,fault,1789799539.0280745,1789799539.05068,22.498,0,22.498,pass,,independent_snapshot,"{""prerequisite_acknowledged"": true, ""client_b_read_v1"": true, ""dependent_acknowledged"": true, ""visible_ids"": [""v1:367"", ""v2:367""], ""snapshot_polls"": 1}"
20260919T063135Z_e21f4e64,368,fault,1789799539.05068,1789799539.0707586,20.071,0,20.071,pass,,independent_snapshot,"{""prerequisite_acknowledged"": true, ""client_b_read_v1"": true, ""dependent_acknowledged"": true, ""visible_ids"": [""v1:368"", ""v2:368""], ""snapshot_polls"": 1}"
20260919T063135Z_e21f4e64,369,fault,1789799539.0707586,1789799539.0900388,19.295,0,19.295,pass,,independent_snapshot,"{""prerequisite_acknowledged"": true, ""client_b_read_v1"": true, ""dependent_acknowledged"": true, ""visible_ids"": [""v1:369"", ""v2:369""], ""snapshot_polls"": 1}"
20260919T063135Z_e21f4e64,370,fault,1789799539.0906782,1789799539.109257,18.649,0,18.649,pass,,independent_snapshot,"{""prerequisite_acknowledged"": true, ""client_b_read_v1"": true, ""dependent_acknowledged"": true, ""visible_ids"": [""v1:370"", ""v2:370""], ""snapshot_polls"": 1}"
20260919T063135Z_e21f4e64,371,fault,1789799539.109257,1789799539.1292045,19.901,0,19.901,pass,,independent_snapshot,"{""prerequisite_acknowledged"": true, ""client_b_read_v1"": true, ""dependent_acknowledged"": true, ""visible_ids"": [""v1:371"", ""v2:371""], ""snapshot_polls"": 1}"
20260919T063135Z_e21f4e64,372,fault,1789799539.1292045,1789799539.1484492,19.682,0,19.682,pass,,independent_snapshot,"{""prerequisite_acknowledged"": true, ""client_b_read_v1"": true, ""dependent_acknowledged"": true, ""visible_ids"": [""v1:372"", ""v2:372""], ""snapshot_polls"": 1}"
20260919T063135Z_e21f4e64,373,fault,1789799539.1491795,1789799539.169047,20.295,0,20.295,pass,,independent_snapshot,"{""prerequisite_acknowledged"": true, ""client_b_read_v1"": true, ""dependent_acknowledged"": true, ""visible_ids"": [""v1:373"", ""v2:373""], ""snapshot_polls"": 1}"
20260919T063135Z_e21f4e64,374,fault,1789799539.169047,1789799539.188439,19.323,0,19.323,pass,,independent_snapshot,"{""prerequisite_acknowledged"": true, ""client_b_read_v1"": true, ""dependent_acknowledged"": true, ""visible_ids"": [""v1:374"", ""v2:374""], ""snapshot_polls"": 1}"
20260919T063135Z_e21f4e64,375,fault,1789799539.188439,1789799539.2076328,18.627,0,18.627,pass,,independent_snapshot,"{""prerequisite_acknowledged"": true, ""client_b_read_v1"": true, ""dependent_acknowledged"": true, ""visible_ids"": [""v1:375"", ""v2:375""], ""snapshot_polls"": 1}"
20260919T063135Z_e21f4e64,376,fault,1789799539.2076328,1789799539.2262864,18.64,0,18.64,pass,,independent_snapshot,"{""prerequisite_acknowledged"": true, ""client_b_read_v1"": true, ""dependent_acknowledged"": true, ""visible_ids"": [""v1:376"", ""v2:376""], ""snapshot_polls"": 1}"
20260919T063135Z_e21f4e64,377,fault,1789799539.2262864,1789799539.2442527,17.894,0,17.894,pass,,independent_snapshot,"{""prerequisite_acknowledged"": true, ""client_b_read_v1"": true, ""dependent_acknowledged"": true, ""visible_ids"": [""v1:377"", ""v2:377""], ""snapshot_polls"": 1}"
20260919T063135Z_e21f4e64,378,fault,1789799539.2442527,1789799539.2622762,17.977,0,17.977,pass,,independent_snapshot,"{""prerequisite_acknowledged"": true, ""client_b_read_v1"": true, ""dependent_acknowledged"": true, ""visible_ids"": [""v1:378"", ""v2:378""], ""snapshot_polls"": 1}"
20260919T063135Z_e21f4e64,379,fault,1789799539.2622762,1789799539.2835486,21.437,0,21.437,pass,,independent_snapshot,"{""prerequisite_acknowledged"": true, ""client_b_read_v1"": true, ""dependent_acknowledged"": true, ""visible_ids"": [""v1:379"", ""v2:379""], ""snapshot_polls"": 1}"
20260919T063135Z_e21f4e64,380,fault,1789799539.2835486,1789799539.3112085,27.131,0,27.131,pass,,independent_snapshot,"{""prerequisite_acknowledged"": true, ""client_b_read_v1"": true, ""dependent_acknowledged"": true, ""visible_ids"": [""v1:380"", ""v2:380""], ""snapshot_polls"": 1}"
20260919T063135Z_e21f4e64,381,fault,1789799539.3112085,1789799539.3303156,19.118,0,19.118,pass,,independent_snapshot,"{""prerequisite_acknowledged"": true, ""client_b_read_v1"": true, ""dependent_acknowledged"": true, ""visible_ids"": [""v1:381"", ""v2:381""], ""snapshot_polls"": 1}"
20260919T063135Z_e21f4e64,382,fault,1789799539.3303156,1789799539.346682,16.768,0,16.768,pass,,independent_snapshot,"{""prerequisite_acknowledged"": true, ""client_b_read_v1"": true, ""dependent_acknowledged"": true, ""visible_ids"": [""v1:382"", ""v2:382""], ""snapshot_polls"": 1}"
20260919T063135Z_e21f4e64,383,fault,1789799539.3474286,1789799539.3681374,21.366,0,21.366,pass,,independent_snapshot,"{""prerequisite_acknowledged"": true, ""client_b_read_v1"": true, ""dependent_acknowledged"": true, ""visible_ids"": [""v1:383"", ""v2:383""], ""snapshot_polls"": 1}"
20260919T063135Z_e21f4e64,384,fault,1789799539.3689206,1789799539.389023,20.149,0,20.149,pass,,independent_snapshot,"{""prerequisite_acknowledged"": true, ""client_b_read_v1"": true, ""dependent_acknowledged"": true, ""visible_ids"": [""v1:384"", ""v2:384""], ""snapshot_polls"": 1}"
20260919T063135Z_e21f4e64,385,fault,1789799539.389023,1789799539.4076326,18.576,0,18.576,pass,,independent_snapshot,"{""prerequisite_acknowledged"": true, ""client_b_read_v1"": true, ""dependent_acknowledged"": true, ""visible_ids"": [""v1:385"", ""v2:385""], ""snapshot_polls"": 1}"
20260919T063135Z_e21f4e64,386,fault,1789799539.4076326,1789799539.4252925,18.012,0,18.012,pass,,independent_snapshot,"{""prerequisite_acknowledged"": true, ""client_b_read_v1"": true, ""dependent_acknowledged"": true, ""visible_ids"": [""v1:386"", ""v2:386""], ""snapshot_polls"": 1}"
20260919T063135Z_e21f4e64,387,fault,1789799539.4259071,1789799539.443558,18.261,0,18.261,pass,,independent_snapshot,"{""prerequisite_acknowledged"": true, ""client_b_read_v1"": true, ""dependent_acknowledged"": true, ""visible_ids"": [""v1:387"", ""v2:387""], ""snapshot_polls"": 1}"
20260919T063135Z_e21f4e64,388,fault,1789799539.443558,1789799539.460931,17.031,0,17.031,pass,,independent_snapshot,"{""prerequisite_acknowledged"": true, ""client_b_read_v1"": true, ""dependent_acknowledged"": true, ""visible_ids"": [""v1:388"", ""v2:388""], ""snapshot_polls"": 1}"
20260919T063135Z_e21f4e64,389,fault,1789799539.460931,1789799539.478336,17.161,0,17.161,pass,,independent_snapshot,"{""prerequisite_acknowledged"": true, ""client_b_read_v1"": true, ""dependent_acknowledged"": true, ""visible_ids"": [""v1:389"", ""v2:389""], ""snapshot_polls"": 1}"
20260919T063135Z_e21f4e64,390,fault,1789799539.4786415,1789799539.5012486,23.048,0,23.048,pass,,independent_snapshot,"{""prerequisite_acknowledged"": true, ""client_b_read_v1"": true, ""dependent_acknowledged"": true, ""visible_ids"": [""v1:390"", ""v2:390""], ""snapshot_polls"": 1}"
20260919T063135Z_e21f4e64,391,fault,1789799539.5012486,1789799539.521122,19.939,0,19.939,pass,,independent_snapshot,"{""prerequisite_acknowledged"": true, ""client_b_read_v1"": true, ""dependent_acknowledged"": true, ""visible_ids"": [""v1:391"", ""v2:391""], ""snapshot_polls"": 1}"
20260919T063135Z_e21f4e64,392,fault,1789799539.521122,1789799539.5381427,16.712,0,16.712,pass,,independent_snapshot,"{""prerequisite_acknowledged"": true, ""client_b_read_v1"": true, ""dependent_acknowledged"": true, ""visible_ids"": [""v1:392"", ""v2:392""], ""snapshot_polls"": 1}"
20260919T063135Z_e21f4e64,393,fault,1789799539.5381427,1789799539.556619,18.488,0,18.488,pass,,independent_snapshot,"{""prerequisite_acknowledged"": true, ""client_b_read_v1"": true, ""dependent_acknowledged"": true, ""visible_ids"": [""v1:393"", ""v2:393""], ""snapshot_polls"": 1}"
20260919T063135Z_e21f4e64,394,fault,1789799539.556619,1789799539.5752864,18.645,0,18.645,pass,,independent_snapshot,"{""prerequisite_acknowledged"": true, ""client_b_read_v1"": true, ""dependent_acknowledged"": true, ""visible_ids"": [""v1:394"", ""v2:394""], ""snapshot_polls"": 1}"
20260919T063135Z_e21f4e64,395,fault,1789799539.5752864,1789799539.5929627,17.448,0,17.448,pass,,independent_snapshot,"{""prerequisite_acknowledged"": true, ""client_b_read_v1"": true, ""dependent_acknowledged"": true, ""visible_ids"": [""v1:395"", ""v2:395""], ""snapshot_polls"": 1}"
20260919T063135Z_e21f4e64,396,fault,1789799539.5929627,1789799539.6120343,19.129,0,19.129,pass,,independent_snapshot,"{""prerequisite_acknowledged"": true, ""client_b_read_v1"": true, ""dependent_acknowledged"": true, ""visible_ids"": [""v1:396"", ""v2:396""], ""snapshot_polls"": 1}"
20260919T063135Z_e21f4e64,397,fault,1789799539.6120343,1789799539.6312668,18.749,0,18.749,pass,,independent_snapshot,"{""prerequisite_acknowledged"": true, ""client_b_read_v1"": true, ""dependent_acknowledged"": true, ""visible_ids"": [""v1:397"", ""v2:397""], ""snapshot_polls"": 1}"
20260919T063135Z_e21f4e64,398,fault,1789799539.6312668,1789799539.6492355,18.051,0,18.051,pass,,independent_snapshot,"{""prerequisite_acknowledged"": true, ""client_b_read_v1"": true, ""dependent_acknowledged"": true, ""visible_ids"": [""v1:398"", ""v2:398""], ""snapshot_polls"": 1}"
20260919T063135Z_e21f4e64,399,fault,1789799539.6492355,1789799539.6693354,20.302,0,20.302,pass,,independent_snapshot,"{""prerequisite_acknowledged"": true, ""client_b_read_v1"": true, ""dependent_acknowledged"": true, ""visible_ids"": [""v1:399"", ""v2:399""], ""snapshot_polls"": 1}"
20260919T063135Z_e21f4e64,400,fault,1789799539.6699092,1789799539.6887798,18.885,0,18.885,pass,,independent_snapshot,"{""prerequisite_acknowledged"": true, ""client_b_read_v1"": true, ""dependent_acknowledged"": true, ""visible_ids"": [""v1:400"", ""v2:400""], ""snapshot_polls"": 1}"
20260919T063135Z_e21f4e64,401,fault,1789799539.6905956,1789799539.712111,21.048,0,21.048,pass,,independent_snapshot,"{""prerequisite_acknowledged"": true, ""client_b_read_v1"": true, ""dependent_acknowledged"": true, ""visible_ids"": [""v1:401"", ""v2:401""], ""snapshot_polls"": 1}"
20260919T063135Z_e21f4e64,402,fault,1789799539.712111,1789799539.732797,20.523,0,20.523,pass,,independent_snapshot,"{""prerequisite_acknowledged"": true, ""client_b_read_v1"": true, ""dependent_acknowledged"": true, ""visible_ids"": [""v1:402"", ""v2:402""], ""snapshot_polls"": 1}"
20260919T063135Z_e21f4e64,403,fault,1789799539.732797,1789799539.7577074,24.903,0,24.903,pass,,independent_snapshot,"{""prerequisite_acknowledged"": true, ""client_b_read_v1"": true, ""dependent_acknowledged"": true, ""visible_ids"": [""v1:403"", ""v2:403""], ""snapshot_polls"": 1}"
20260919T063135Z_e21f4e64,404,fault,1789799539.7577074,1789799539.7784014,20.453,0,20.453,pass,,independent_snapshot,"{""prerequisite_acknowledged"": true, ""client_b_read_v1"": true, ""dependent_acknowledged"": true, ""visible_ids"": [""v1:404"", ""v2:404""], ""snapshot_polls"": 1}"
20260919T063135Z_e21f4e64,405,fault,1789799539.7784014,1789799539.798635,20.345,0,20.345,pass,,independent_snapshot,"{""prerequisite_acknowledged"": true, ""client_b_read_v1"": true, ""dependent_acknowledged"": true, ""visible_ids"": [""v1:405"", ""v2:405""], ""snapshot_polls"": 1}"
20260919T063135Z_e21f4e64,406,fault,1789799539.798635,1789799539.8201983,21.904,0,21.904,pass,,independent_snapshot,"{""prerequisite_acknowledged"": true, ""client_b_read_v1"": true, ""dependent_acknowledged"": true, ""visible_ids"": [""v1:406"", ""v2:406""], ""snapshot_polls"": 1}"
20260919T063135Z_e21f4e64,407,fault,1789799539.8201983,1789799539.8438318,23.185,0,23.185,pass,,independent_snapshot,"{""prerequisite_acknowledged"": true, ""client_b_read_v1"": true, ""dependent_acknowledged"": true, ""visible_ids"": [""v1:407"", ""v2:407""], ""snapshot_polls"": 1}"
20260919T063135Z_e21f4e64,408,fault,1789799539.8438318,1789799539.8679478,23.613,0,23.613,pass,,independent_snapshot,"{""prerequisite_acknowledged"": true, ""client_b_read_v1"": true, ""dependent_acknowledged"": true, ""visible_ids"": [""v1:408"", ""v2:408""], ""snapshot_polls"": 1}"
20260919T063135Z_e21f4e64,409,fault,1789799539.8679478,1789799539.894138,25.964,0,25.964,pass,,independent_snapshot,"{""prerequisite_acknowledged"": true, ""client_b_read_v1"": true, ""dependent_acknowledged"": true, ""visible_ids"": [""v1:409"", ""v2:409""], ""snapshot_polls"": 1}"
20260919T063135Z_e21f4e64,410,fault,1789799539.894138,1789799539.9186792,24.881,0,24.881,pass,,independent_snapshot,"{""prerequisite_acknowledged"": true, ""client_b_read_v1"": true, ""dependent_acknowledged"": true, ""visible_ids"": [""v1:410"", ""v2:410""], ""snapshot_polls"": 1}"
20260919T063135Z_e21f4e64,411,fault,1789799539.9186792,1789799539.9355776,17.08,0,17.08,pass,,independent_snapshot,"{""prerequisite_acknowledged"": true, ""client_b_read_v1"": true, ""dependent_acknowledged"": true, ""visible_ids"": [""v1:411"", ""v2:411""], ""snapshot_polls"": 1}"
20260919T063135Z_e21f4e64,412,fault,1789799539.9355776,1789799539.9541059,18.206,0,18.206,pass,,independent_snapshot,"{""prerequisite_acknowledged"": true, ""client_b_read_v1"": true, ""dependent_acknowledged"": true, ""visible_ids"": [""v1:412"", ""v2:412""], ""snapshot_polls"": 1}"
20260919T063135Z_e21f4e64,413,fault,1789799539.9541059,1789799539.9737978,19.514,0,19.514,pass,,independent_snapshot,"{""prerequisite_acknowledged"": true, ""client_b_read_v1"": true, ""dependent_acknowledged"": true, ""visible_ids"": [""v1:413"", ""v2:413""], ""snapshot_polls"": 1}"
20260919T063135Z_e21f4e64,414,fault,1789799539.9737978,1789799539.9923675,18.676,0,18.676,pass,,independent_snapshot,"{""prerequisite_acknowledged"": true, ""client_b_read_v1"": true, ""dependent_acknowledged"": true, ""visible_ids"": [""v1:414"", ""v2:414""], ""snapshot_polls"": 1}"
20260919T063135Z_e21f4e64,415,fault,1789799539.9929724,1789799540.012565,20.114,0,20.114,pass,,independent_snapshot,"{""prerequisite_acknowledged"": true, ""client_b_read_v1"": true, ""dependent_acknowledged"": true, ""visible_ids"": [""v1:415"", ""v2:415""], ""snapshot_polls"": 1}"
20260919T063135Z_e21f4e64,416,fault,1789799540.013198,1789799540.029532,16.532,0,16.532,pass,,independent_snapshot,"{""prerequisite_acknowledged"": true, ""client_b_read_v1"": true, ""dependent_acknowledged"": true, ""visible_ids"": [""v1:416"", ""v2:416""], ""snapshot_polls"": 1}"
20260919T063135Z_e21f4e64,417,fault,1789799540.029532,1789799540.04817,18.466,0,18.466,pass,,independent_snapshot,"{""prerequisite_acknowledged"": true, ""client_b_read_v1"": true, ""dependent_acknowledged"": true, ""visible_ids"": [""v1:417"", ""v2:417""], ""snapshot_polls"": 1}"
20260919T063135Z_e21f4e64,418,fault,1789799540.04817,1789799540.06635,18.476,0,18.476,pass,,independent_snapshot,"{""prerequisite_acknowledged"": true, ""client_b_read_v1"": true, ""dependent_acknowledged"": true, ""visible_ids"": [""v1:418"", ""v2:418""], ""snapshot_polls"": 1}"
20260919T063135Z_e21f4e64,419,fault,1789799540.0669038,1789799540.0853581,18.507,0,18.507,pass,,independent_snapshot,"{""prerequisite_acknowledged"": true, ""client_b_read_v1"": true, ""dependent_acknowledged"": true, ""visible_ids"": [""v1:419"", ""v2:419""], ""snapshot_polls"": 1}"
20260919T063135Z_e21f4e64,420,fault,1789799540.0853581,1789799540.1019418,16.516,0,16.516,pass,,independent_snapshot,"{""prerequisite_acknowledged"": true, ""client_b_read_v1"": true, ""dependent_acknowledged"": true, ""visible_ids"": [""v1:420"", ""v2:420""], ""snapshot_polls"": 1}"
20260919T063135Z_e21f4e64,421,fault,1789799540.1019418,1789799540.119204,17.326,0,17.326,pass,,independent_snapshot,"{""prerequisite_acknowledged"": true, ""client_b_read_v1"": true, ""dependent_acknowledged"": true, ""visible_ids"": [""v1:421"", ""v2:421""], ""snapshot_polls"": 1}"
20260919T063135Z_e21f4e64,422,fault,1789799540.119204,1789799540.1358488,16.786,0,16.786,pass,,independent_snapshot,"{""prerequisite_acknowledged"": true, ""client_b_read_v1"": true, ""dependent_acknowledged"": true, ""visible_ids"": [""v1:422"", ""v2:422""], ""snapshot_polls"": 1}"
20260919T063135Z_e21f4e64,423,fault,1789799540.1358488,1789799540.156114,20.197,0,20.197,pass,,independent_snapshot,"{""prerequisite_acknowledged"": true, ""client_b_read_v1"": true, ""dependent_acknowledged"": true, ""visible_ids"": [""v1:423"", ""v2:423""], ""snapshot_polls"": 1}"
20260919T063135Z_e21f4e64,424,fault,1789799540.156114,1789799540.1757526,19.115,0,19.115,pass,,independent_snapshot,"{""prerequisite_acknowledged"": true, ""client_b_read_v1"": true, ""dependent_acknowledged"": true, ""visible_ids"": [""v1:424"", ""v2:424""], ""snapshot_polls"": 1}"
20260919T063135Z_e21f4e64,425,fault,1789799540.1757526,1789799540.1939616,18.177,0,18.177,pass,,independent_snapshot,"{""prerequisite_acknowledged"": true, ""client_b_read_v1"": true, ""dependent_acknowledged"": true, ""visible_ids"": [""v1:425"", ""v2:425""], ""snapshot_polls"": 1}"
20260919T063135Z_e21f4e64,426,fault,1789799540.1939616,1789799540.213595,19.822,0,19.822,pass,,independent_snapshot,"{""prerequisite_acknowledged"": true, ""client_b_read_v1"": true, ""dependent_acknowledged"": true, ""visible_ids"": [""v1:426"", ""v2:426""], ""snapshot_polls"": 1}"
20260919T063135Z_e21f4e64,427,fault,1789799540.213595,1789799540.23054,16.855,0,16.855,pass,,independent_snapshot,"{""prerequisite_acknowledged"": true, ""client_b_read_v1"": true, ""dependent_acknowledged"": true, ""visible_ids"": [""v1:427"", ""v2:427""], ""snapshot_polls"": 1}"
20260919T063135Z_e21f4e64,428,fault,1789799540.23054,1789799540.25068,19.796,0,19.796,pass,,independent_snapshot,"{""prerequisite_acknowledged"": true, ""client_b_read_v1"": true, ""dependent_acknowledged"": true, ""visible_ids"": [""v1:428"", ""v2:428""], ""snapshot_polls"": 1}"
20260919T063135Z_e21f4e64,429,fault,1789799540.25068,1789799540.2714396,20.7,0,20.7,pass,,independent_snapshot,"{""prerequisite_acknowledged"": true, ""client_b_read_v1"": true, ""dependent_acknowledged"": true, ""visible_ids"": [""v1:429"", ""v2:429""], ""snapshot_polls"": 1}"
20260919T063135Z_e21f4e64,430,fault,1789799540.2714396,1789799540.2919202,20.369,0,20.369,pass,,independent_snapshot,"{""prerequisite_acknowledged"": true, ""client_b_read_v1"": true, ""dependent_acknowledged"": true, ""visible_ids"": [""v1:430"", ""v2:430""], ""snapshot_polls"": 1}"
20260919T063135Z_e21f4e64,431,fault,1789799540.2919202,1789799540.3127253,20.561,0,20.561,pass,,independent_snapshot,"{""prerequisite_acknowledged"": true, ""client_b_read_v1"": true, ""dependent_acknowledged"": true, ""visible_ids"": [""v1:431"", ""v2:431""], ""snapshot_polls"": 1}"
20260919T063135Z_e21f4e64,432,fault,1789799540.3127253,1789799540.3301904,17.574,0,17.574,pass,,independent_snapshot,"{""prerequisite_acknowledged"": true, ""client_b_read_v1"": true, ""dependent_acknowledged"": true, ""visible_ids"": [""v1:432"", ""v2:432""], ""snapshot_polls"": 1}"
20260919T063135Z_e21f4e64,433,fault,1789799540.3301904,1789799540.34961,19.613,0,19.613,pass,,independent_snapshot,"{""prerequisite_acknowledged"": true, ""client_b_read_v1"": true, ""dependent_acknowledged"": true, ""visible_ids"": [""v1:433"", ""v2:433""], ""snapshot_polls"": 1}"
20260919T063135Z_e21f4e64,434,fault,1789799540.3501718,1789799540.3664522,16.402,0,16.402,pass,,independent_snapshot,"{""prerequisite_acknowledged"": true, ""client_b_read_v1"": true, ""dependent_acknowledged"": true, ""visible_ids"": [""v1:434"", ""v2:434""], ""snapshot_polls"": 1}"
20260919T063135Z_e21f4e64,435,fault,1789799540.3664522,1789799540.383018,16.802,0,16.802,pass,,independent_snapshot,"{""prerequisite_acknowledged"": true, ""client_b_read_v1"": true, ""dependent_acknowledged"": true, ""visible_ids"": [""v1:435"", ""v2:435""], ""snapshot_polls"": 1}"
20260919T063135Z_e21f4e64,436,fault,1789799540.383018,1789799540.3986888,15.361,0,15.361,pass,,independent_snapshot,"{""prerequisite_acknowledged"": true, ""client_b_read_v1"": true, ""dependent_acknowledged"": true, ""visible_ids"": [""v1:436"", ""v2:436""], ""snapshot_polls"": 1}"
20260919T063135Z_e21f4e64,437,fault,1789799540.3986888,1789799540.4127328,14.179,0,14.179,pass,,independent_snapshot,"{""prerequisite_acknowledged"": true, ""client_b_read_v1"": true, ""dependent_acknowledged"": true, ""visible_ids"": [""v1:437"", ""v2:437""], ""snapshot_polls"": 1}"
20260919T063135Z_e21f4e64,438,fault,1789799540.4127328,1789799540.4304671,17.71,0,17.71,pass,,independent_snapshot,"{""prerequisite_acknowledged"": true, ""client_b_read_v1"": true, ""dependent_acknowledged"": true, ""visible_ids"": [""v1:438"", ""v2:438""], ""snapshot_polls"": 1}"
20260919T063135Z_e21f4e64,439,fault,1789799540.4310155,1789799540.450432,19.398,0,19.398,pass,,independent_snapshot,"{""prerequisite_acknowledged"": true, ""client_b_read_v1"": true, ""dependent_acknowledged"": true, ""visible_ids"": [""v1:439"", ""v2:439""], ""snapshot_polls"": 1}"
20260919T063135Z_e21f4e64,440,fault,1789799540.450432,1789799540.4679644,17.446,0,17.446,pass,,independent_snapshot,"{""prerequisite_acknowledged"": true, ""client_b_read_v1"": true, ""dependent_acknowledged"": true, ""visible_ids"": [""v1:440"", ""v2:440""], ""snapshot_polls"": 1}"
20260919T063135Z_e21f4e64,441,fault,1789799540.4679644,1789799540.4833403,15.827,0,15.827,pass,,independent_snapshot,"{""prerequisite_acknowledged"": true, ""client_b_read_v1"": true, ""dependent_acknowledged"": true, ""visible_ids"": [""v1:441"", ""v2:441""], ""snapshot_polls"": 1}"
20260919T063135Z_e21f4e64,442,fault,1789799540.4839153,1789799540.4990156,15.103,0,15.103,pass,,independent_snapshot,"{""prerequisite_acknowledged"": true, ""client_b_read_v1"": true, ""dependent_acknowledged"": true, ""visible_ids"": [""v1:442"", ""v2:442""], ""snapshot_polls"": 1}"
20260919T063135Z_e21f4e64,443,fault,1789799540.4990156,1789799540.515203,16.101,0,16.101,pass,,independent_snapshot,"{""prerequisite_acknowledged"": true, ""client_b_read_v1"": true, ""dependent_acknowledged"": true, ""visible_ids"": [""v1:443"", ""v2:443""], ""snapshot_polls"": 1}"
20260919T063135Z_e21f4e64,444,fault,1789799540.515203,1789799540.5337331,18.528,0,18.528,pass,,independent_snapshot,"{""prerequisite_acknowledged"": true, ""client_b_read_v1"": true, ""dependent_acknowledged"": true, ""visible_ids"": [""v1:444"", ""v2:444""], ""snapshot_polls"": 1}"
20260919T063135Z_e21f4e64,445,fault,1789799540.5337331,1789799540.550515,17.038,0,17.038,pass,,independent_snapshot,"{""prerequisite_acknowledged"": true, ""client_b_read_v1"": true, ""dependent_acknowledged"": true, ""visible_ids"": [""v1:445"", ""v2:445""], ""snapshot_polls"": 1}"
20260919T063135Z_e21f4e64,446,fault,1789799540.550515,1789799540.5666134,15.894,0,15.894,pass,,independent_snapshot,"{""prerequisite_acknowledged"": true, ""client_b_read_v1"": true, ""dependent_acknowledged"": true, ""visible_ids"": [""v1:446"", ""v2:446""], ""snapshot_polls"": 1}"
20260919T063135Z_e21f4e64,447,fault,1789799540.5666134,1789799540.5866227,20.052,0,20.052,pass,,independent_snapshot,"{""prerequisite_acknowledged"": true, ""client_b_read_v1"": true, ""dependent_acknowledged"": true, ""visible_ids"": [""v1:447"", ""v2:447""], ""snapshot_polls"": 1}"
20260919T063135Z_e21f4e64,448,fault,1789799540.5871396,1789799540.6031435,16.402,0,16.402,pass,,independent_snapshot,"{""prerequisite_acknowledged"": true, ""client_b_read_v1"": true, ""dependent_acknowledged"": true, ""visible_ids"": [""v1:448"", ""v2:448""], ""snapshot_polls"": 1}"
20260919T063135Z_e21f4e64,449,fault,1789799540.603648,1789799540.6200204,16.97,0,16.97,pass,,independent_snapshot,"{""prerequisite_acknowledged"": true, ""client_b_read_v1"": true, ""dependent_acknowledged"": true, ""visible_ids"": [""v1:449"", ""v2:449""], ""snapshot_polls"": 1}"
20260919T063135Z_e21f4e64,450,fault,1789799540.6200204,1789799540.6393762,18.869,0,18.869,pass,,independent_snapshot,"{""prerequisite_acknowledged"": true, ""client_b_read_v1"": true, ""dependent_acknowledged"": true, ""visible_ids"": [""v1:450"", ""v2:450""], ""snapshot_polls"": 1}"
20260919T063135Z_e21f4e64,451,fault,1789799540.6393762,1789799540.656399,17.267,0,17.267,pass,,independent_snapshot,"{""prerequisite_acknowledged"": true, ""client_b_read_v1"": true, ""dependent_acknowledged"": true, ""visible_ids"": [""v1:451"", ""v2:451""], ""snapshot_polls"": 1}"
20260919T063135Z_e21f4e64,452,fault,1789799540.6569104,1789799540.6733592,17.113,0,17.113,pass,,independent_snapshot,"{""prerequisite_acknowledged"": true, ""client_b_read_v1"": true, ""dependent_acknowledged"": true, ""visible_ids"": [""v1:452"", ""v2:452""], ""snapshot_polls"": 1}"
20260919T063135Z_e21f4e64,453,fault,1789799540.6741474,1789799540.6909888,16.924,0,16.924,pass,,independent_snapshot,"{""prerequisite_acknowledged"": true, ""client_b_read_v1"": true, ""dependent_acknowledged"": true, ""visible_ids"": [""v1:453"", ""v2:453""], ""snapshot_polls"": 1}"
20260919T063135Z_e21f4e64,454,fault,1789799540.6909888,1789799540.7091508,18.289,0,18.289,pass,,independent_snapshot,"{""prerequisite_acknowledged"": true, ""client_b_read_v1"": true, ""dependent_acknowledged"": true, ""visible_ids"": [""v1:454"", ""v2:454""], ""snapshot_polls"": 1}"
20260919T063135Z_e21f4e64,455,fault,1789799540.7091508,1789799540.7288365,19.373,0,19.373,pass,,independent_snapshot,"{""prerequisite_acknowledged"": true, ""client_b_read_v1"": true, ""dependent_acknowledged"": true, ""visible_ids"": [""v1:455"", ""v2:455""], ""snapshot_polls"": 1}"
20260919T063135Z_e21f4e64,456,fault,1789799540.7288365,1789799540.7475011,18.994,0,18.994,pass,,independent_snapshot,"{""prerequisite_acknowledged"": true, ""client_b_read_v1"": true, ""dependent_acknowledged"": true, ""visible_ids"": [""v1:456"", ""v2:456""], ""snapshot_polls"": 1}"
20260919T063135Z_e21f4e64,457,fault,1789799540.7475011,1789799540.7663262,18.853,0,18.853,pass,,independent_snapshot,"{""prerequisite_acknowledged"": true, ""client_b_read_v1"": true, ""dependent_acknowledged"": true, ""visible_ids"": [""v1:457"", ""v2:457""], ""snapshot_polls"": 1}"
20260919T063135Z_e21f4e64,458,fault,1789799540.7669454,1789799540.7869067,20.405,0,20.405,pass,,independent_snapshot,"{""prerequisite_acknowledged"": true, ""client_b_read_v1"": true, ""dependent_acknowledged"": true, ""visible_ids"": [""v1:458"", ""v2:458""], ""snapshot_polls"": 1}"
20260919T063135Z_e21f4e64,459,fault,1789799540.7875483,1789799540.8099062,22.403,0,22.403,pass,,independent_snapshot,"{""prerequisite_acknowledged"": true, ""client_b_read_v1"": true, ""dependent_acknowledged"": true, ""visible_ids"": [""v1:459"", ""v2:459""], ""snapshot_polls"": 1}"
20260919T063135Z_e21f4e64,460,fault,1789799540.8099062,1789799540.8300037,20.214,0,20.214,pass,,independent_snapshot,"{""prerequisite_acknowledged"": true, ""client_b_read_v1"": true, ""dependent_acknowledged"": true, ""visible_ids"": [""v1:460"", ""v2:460""], ""snapshot_polls"": 1}"
20260919T063135Z_e21f4e64,461,fault,1789799540.8300037,1789799540.8492284,19.138,0,19.138,pass,,independent_snapshot,"{""prerequisite_acknowledged"": true, ""client_b_read_v1"": true, ""dependent_acknowledged"": true, ""visible_ids"": [""v1:461"", ""v2:461""], ""snapshot_polls"": 1}"
20260919T063135Z_e21f4e64,462,fault,1789799540.8492284,1789799540.87082,21.256,0,21.256,pass,,independent_snapshot,"{""prerequisite_acknowledged"": true, ""client_b_read_v1"": true, ""dependent_acknowledged"": true, ""visible_ids"": [""v1:462"", ""v2:462""], ""snapshot_polls"": 1}"
20260919T063135Z_e21f4e64,463,fault,1789799540.87082,1789799540.893469,22.481,0,22.481,pass,,independent_snapshot,"{""prerequisite_acknowledged"": true, ""client_b_read_v1"": true, ""dependent_acknowledged"": true, ""visible_ids"": [""v1:463"", ""v2:463""], ""snapshot_polls"": 1}"
20260919T063135Z_e21f4e64,464,fault,1789799540.893469,1789799540.9109702,17.781,0,17.781,pass,,independent_snapshot,"{""prerequisite_acknowledged"": true, ""client_b_read_v1"": true, ""dependent_acknowledged"": true, ""visible_ids"": [""v1:464"", ""v2:464""], ""snapshot_polls"": 1}"
20260919T063135Z_e21f4e64,465,fault,1789799540.9109702,1789799540.9305413,19.069,0,19.069,pass,,independent_snapshot,"{""prerequisite_acknowledged"": true, ""client_b_read_v1"": true, ""dependent_acknowledged"": true, ""visible_ids"": [""v1:465"", ""v2:465""], ""snapshot_polls"": 1}"
20260919T063135Z_e21f4e64,466,fault,1789799540.9305413,1789799540.9526021,22.379,0,22.379,pass,,independent_snapshot,"{""prerequisite_acknowledged"": true, ""client_b_read_v1"": true, ""dependent_acknowledged"": true, ""visible_ids"": [""v1:466"", ""v2:466""], ""snapshot_polls"": 1}"
20260919T063135Z_e21f4e64,467,fault,1789799540.9531357,1789799540.9751232,21.891,0,21.891,pass,,independent_snapshot,"{""prerequisite_acknowledged"": true, ""client_b_read_v1"": true, ""dependent_acknowledged"": true, ""visible_ids"": [""v1:467"", ""v2:467""], ""snapshot_polls"": 1}"
20260919T063135Z_e21f4e64,468,fault,1789799540.9751232,1789799540.9934764,18.292,0,18.292,pass,,independent_snapshot,"{""prerequisite_acknowledged"": true, ""client_b_read_v1"": true, ""dependent_acknowledged"": true, ""visible_ids"": [""v1:468"", ""v2:468""], ""snapshot_polls"": 1}"
20260919T063135Z_e21f4e64,469,fault,1789799540.9934764,1789799541.0127506,19.531,0,19.531,pass,,independent_snapshot,"{""prerequisite_acknowledged"": true, ""client_b_read_v1"": true, ""dependent_acknowledged"": true, ""visible_ids"": [""v1:469"", ""v2:469""], ""snapshot_polls"": 1}"
20260919T063135Z_e21f4e64,470,fault,1789799541.0127506,1789799541.030962,17.774,0,17.774,pass,,independent_snapshot,"{""prerequisite_acknowledged"": true, ""client_b_read_v1"": true, ""dependent_acknowledged"": true, ""visible_ids"": [""v1:470"", ""v2:470""], ""snapshot_polls"": 1}"
20260919T063135Z_e21f4e64,471,fault,1789799541.030962,1789799541.0542212,23.528,0,23.528,pass,,independent_snapshot,"{""prerequisite_acknowledged"": true, ""client_b_read_v1"": true, ""dependent_acknowledged"": true, ""visible_ids"": [""v1:471"", ""v2:471""], ""snapshot_polls"": 1}"
20260919T063135Z_e21f4e64,472,fault,1789799541.0542212,1789799541.0737376,19.454,0,19.454,pass,,independent_snapshot,"{""prerequisite_acknowledged"": true, ""client_b_read_v1"": true, ""dependent_acknowledged"": true, ""visible_ids"": [""v1:472"", ""v2:472""], ""snapshot_polls"": 1}"
20260919T063135Z_e21f4e64,473,fault,1789799541.0737376,1789799541.0970223,23.367,0,23.367,pass,,independent_snapshot,"{""prerequisite_acknowledged"": true, ""client_b_read_v1"": true, ""dependent_acknowledged"": true, ""visible_ids"": [""v1:473"", ""v2:473""], ""snapshot_polls"": 1}"
20260919T063135Z_e21f4e64,474,fault,1789799541.0970223,1789799541.1144502,17.357,0,17.357,pass,,independent_snapshot,"{""prerequisite_acknowledged"": true, ""client_b_read_v1"": true, ""dependent_acknowledged"": true, ""visible_ids"": [""v1:474"", ""v2:474""], ""snapshot_polls"": 1}"
20260919T063135Z_e21f4e64,475,fault,1789799541.1144502,1789799541.1324356,17.681,0,17.681,pass,,independent_snapshot,"{""prerequisite_acknowledged"": true, ""client_b_read_v1"": true, ""dependent_acknowledged"": true, ""visible_ids"": [""v1:475"", ""v2:475""], ""snapshot_polls"": 1}"
20260919T063135Z_e21f4e64,476,fault,1789799541.1324356,1789799541.1498008,17.541,0,17.541,pass,,independent_snapshot,"{""prerequisite_acknowledged"": true, ""client_b_read_v1"": true, ""dependent_acknowledged"": true, ""visible_ids"": [""v1:476"", ""v2:476""], ""snapshot_polls"": 1}"
20260919T063135Z_e21f4e64,477,fault,1789799541.150436,1789799541.166097,16.038,0,16.038,pass,,independent_snapshot,"{""prerequisite_acknowledged"": true, ""client_b_read_v1"": true, ""dependent_acknowledged"": true, ""visible_ids"": [""v1:477"", ""v2:477""], ""snapshot_polls"": 1}"
20260919T063135Z_e21f4e64,478,fault,1789799541.166097,1789799541.1830456,16.917,0,16.917,pass,,independent_snapshot,"{""prerequisite_acknowledged"": true, ""client_b_read_v1"": true, ""dependent_acknowledged"": true, ""visible_ids"": [""v1:478"", ""v2:478""], ""snapshot_polls"": 1}"
20260919T063135Z_e21f4e64,479,fault,1789799541.1830456,1789799541.203323,20.122,0,20.122,pass,,independent_snapshot,"{""prerequisite_acknowledged"": true, ""client_b_read_v1"": true, ""dependent_acknowledged"": true, ""visible_ids"": [""v1:479"", ""v2:479""], ""snapshot_polls"": 1}"
20260919T063135Z_e21f4e64,480,fault,1789799541.203323,1789799541.220726,17.313,0,17.313,pass,,independent_snapshot,"{""prerequisite_acknowledged"": true, ""client_b_read_v1"": true, ""dependent_acknowledged"": true, ""visible_ids"": [""v1:480"", ""v2:480""], ""snapshot_polls"": 1}"
20260919T063135Z_e21f4e64,481,fault,1789799541.220726,1789799541.2423508,21.31,0,21.31,pass,,independent_snapshot,"{""prerequisite_acknowledged"": true, ""client_b_read_v1"": true, ""dependent_acknowledged"": true, ""visible_ids"": [""v1:481"", ""v2:481""], ""snapshot_polls"": 1}"
20260919T063135Z_e21f4e64,482,fault,1789799541.2423508,1789799541.2602165,18.315,0,18.315,pass,,independent_snapshot,"{""prerequisite_acknowledged"": true, ""client_b_read_v1"": true, ""dependent_acknowledged"": true, ""visible_ids"": [""v1:482"", ""v2:482""], ""snapshot_polls"": 1}"
20260919T063135Z_e21f4e64,483,fault,1789799541.2608948,1789799541.278705,18.246,0,18.246,pass,,independent_snapshot,"{""prerequisite_acknowledged"": true, ""client_b_read_v1"": true, ""dependent_acknowledged"": true, ""visible_ids"": [""v1:483"", ""v2:483""], ""snapshot_polls"": 1}"
20260919T063135Z_e21f4e64,484,fault,1789799541.278705,1789799541.2995124,20.59,0,20.59,pass,,independent_snapshot,"{""prerequisite_acknowledged"": true, ""client_b_read_v1"": true, ""dependent_acknowledged"": true, ""visible_ids"": [""v1:484"", ""v2:484""], ""snapshot_polls"": 1}"
20260919T063135Z_e21f4e64,485,fault,1789799541.2995124,1789799541.3186207,19.222,0,19.222,pass,,independent_snapshot,"{""prerequisite_acknowledged"": true, ""client_b_read_v1"": true, ""dependent_acknowledged"": true, ""visible_ids"": [""v1:485"", ""v2:485""], ""snapshot_polls"": 1}"
20260919T063135Z_e21f4e64,486,fault,1789799541.3192286,1789799541.3398573,20.878,0,20.878,pass,,independent_snapshot,"{""prerequisite_acknowledged"": true, ""client_b_read_v1"": true, ""dependent_acknowledged"": true, ""visible_ids"": [""v1:486"", ""v2:486""], ""snapshot_polls"": 1}"
20260919T063135Z_e21f4e64,487,fault,1789799541.3398573,1789799541.3632274,23.279,0,23.279,pass,,independent_snapshot,"{""prerequisite_acknowledged"": true, ""client_b_read_v1"": true, ""dependent_acknowledged"": true, ""visible_ids"": [""v1:487"", ""v2:487""], ""snapshot_polls"": 1}"
20260919T063135Z_e21f4e64,488,fault,1789799541.3632274,1789799541.3818958,19.156,0,19.156,pass,,independent_snapshot,"{""prerequisite_acknowledged"": true, ""client_b_read_v1"": true, ""dependent_acknowledged"": true, ""visible_ids"": [""v1:488"", ""v2:488""], ""snapshot_polls"": 1}"
20260919T063135Z_e21f4e64,489,fault,1789799541.3827705,1789799541.4037373,21.429,0,21.429,pass,,independent_snapshot,"{""prerequisite_acknowledged"": true, ""client_b_read_v1"": true, ""dependent_acknowledged"": true, ""visible_ids"": [""v1:489"", ""v2:489""], ""snapshot_polls"": 1}"
20260919T063135Z_e21f4e64,490,fault,1789799541.4042957,1789799541.4248307,20.705,0,20.705,pass,,independent_snapshot,"{""prerequisite_acknowledged"": true, ""client_b_read_v1"": true, ""dependent_acknowledged"": true, ""visible_ids"": [""v1:490"", ""v2:490""], ""snapshot_polls"": 1}"
20260919T063135Z_e21f4e64,491,fault,1789799541.4248307,1789799541.4422166,17.702,0,17.702,pass,,independent_snapshot,"{""prerequisite_acknowledged"": true, ""client_b_read_v1"": true, ""dependent_acknowledged"": true, ""visible_ids"": [""v1:491"", ""v2:491""], ""snapshot_polls"": 1}"
20260919T063135Z_e21f4e64,492,fault,1789799541.4422166,1789799541.4623692,19.484,0,19.484,pass,,independent_snapshot,"{""prerequisite_acknowledged"": true, ""client_b_read_v1"": true, ""dependent_acknowledged"": true, ""visible_ids"": [""v1:492"", ""v2:492""], ""snapshot_polls"": 1}"
20260919T063135Z_e21f4e64,493,fault,1789799541.4623692,1789799541.4832115,20.903,0,20.903,pass,,independent_snapshot,"{""prerequisite_acknowledged"": true, ""client_b_read_v1"": true, ""dependent_acknowledged"": true, ""visible_ids"": [""v1:493"", ""v2:493""], ""snapshot_polls"": 1}"
20260919T063135Z_e21f4e64,494,fault,1789799541.4832115,1789799541.5024743,19.37,0,19.37,pass,,independent_snapshot,"{""prerequisite_acknowledged"": true, ""client_b_read_v1"": true, ""dependent_acknowledged"": true, ""visible_ids"": [""v1:494"", ""v2:494""], ""snapshot_polls"": 1}"
20260919T063135Z_e21f4e64,495,fault,1789799541.5024743,1789799541.5241623,21.74,0,21.74,pass,,independent_snapshot,"{""prerequisite_acknowledged"": true, ""client_b_read_v1"": true, ""dependent_acknowledged"": true, ""visible_ids"": [""v1:495"", ""v2:495""], ""snapshot_polls"": 1}"
20260919T063135Z_e21f4e64,496,fault,1789799541.5248077,1789799541.5441973,19.818,0,19.818,pass,,independent_snapshot,"{""prerequisite_acknowledged"": true, ""client_b_read_v1"": true, ""dependent_acknowledged"": true, ""visible_ids"": [""v1:496"", ""v2:496""], ""snapshot_polls"": 1}"
20260919T063135Z_e21f4e64,497,fault,1789799541.5441973,1789799541.566543,21.735,0,21.735,pass,,independent_snapshot,"{""prerequisite_acknowledged"": true, ""client_b_read_v1"": true, ""dependent_acknowledged"": true, ""visible_ids"": [""v1:497"", ""v2:497""], ""snapshot_polls"": 1}"
20260919T063135Z_e21f4e64,498,fault,1789799541.566543,1789799541.5832853,17.262,0,17.262,pass,,independent_snapshot,"{""prerequisite_acknowledged"": true, ""client_b_read_v1"": true, ""dependent_acknowledged"": true, ""visible_ids"": [""v1:498"", ""v2:498""], ""snapshot_polls"": 1}"
20260919T063135Z_e21f4e64,499,fault,1789799541.5832853,1789799541.605214,21.901,0,21.901,pass,,independent_snapshot,"{""prerequisite_acknowledged"": true, ""client_b_read_v1"": true, ""dependent_acknowledged"": true, ""visible_ids"": [""v1:499"", ""v2:499""], ""snapshot_polls"": 1}"
20260919T063135Z_e21f4e64,500,fault,1789799541.6059926,1789799541.624207,18.592,0,18.592,pass,,independent_snapshot,"{""prerequisite_acknowledged"": true, ""client_b_read_v1"": true, ""dependent_acknowledged"": true, ""visible_ids"": [""v1:500"", ""v2:500""], ""snapshot_polls"": 1}"
20260919T063135Z_e21f4e64,501,fault,1789799541.6267493,1789799541.6505253,23.65,0,23.65,pass,,independent_snapshot,"{""prerequisite_acknowledged"": true, ""client_b_read_v1"": true, ""dependent_acknowledged"": true, ""visible_ids"": [""v1:501"", ""v2:501""], ""snapshot_polls"": 1}"
20260919T063135Z_e21f4e64,502,fault,1789799541.6505253,1789799541.669968,19.174,0,19.174,pass,,independent_snapshot,"{""prerequisite_acknowledged"": true, ""client_b_read_v1"": true, ""dependent_acknowledged"": true, ""visible_ids"": [""v1:502"", ""v2:502""], ""snapshot_polls"": 1}"
20260919T063135Z_e21f4e64,503,fault,1789799541.669968,1789799541.6899457,20.287,0,20.287,pass,,independent_snapshot,"{""prerequisite_acknowledged"": true, ""client_b_read_v1"": true, ""dependent_acknowledged"": true, ""visible_ids"": [""v1:503"", ""v2:503""], ""snapshot_polls"": 1}"
20260919T063135Z_e21f4e64,504,fault,1789799541.6899457,1789799541.7074065,17.349,0,17.349,pass,,independent_snapshot,"{""prerequisite_acknowledged"": true, ""client_b_read_v1"": true, ""dependent_acknowledged"": true, ""visible_ids"": [""v1:504"", ""v2:504""], ""snapshot_polls"": 1}"
20260919T063135Z_e21f4e64,505,fault,1789799541.7074065,1789799541.725813,18.306,0,18.306,pass,,independent_snapshot,"{""prerequisite_acknowledged"": true, ""client_b_read_v1"": true, ""dependent_acknowledged"": true, ""visible_ids"": [""v1:505"", ""v2:505""], ""snapshot_polls"": 1}"
20260919T063135Z_e21f4e64,506,fault,1789799541.725813,1789799541.7436793,17.537,0,17.537,pass,,independent_snapshot,"{""prerequisite_acknowledged"": true, ""client_b_read_v1"": true, ""dependent_acknowledged"": true, ""visible_ids"": [""v1:506"", ""v2:506""], ""snapshot_polls"": 1}"
20260919T063135Z_e21f4e64,507,fault,1789799541.7436793,1789799541.760608,16.784,0,16.784,pass,,independent_snapshot,"{""prerequisite_acknowledged"": true, ""client_b_read_v1"": true, ""dependent_acknowledged"": true, ""visible_ids"": [""v1:507"", ""v2:507""], ""snapshot_polls"": 1}"
20260919T063135Z_e21f4e64,508,fault,1789799541.760608,1789799541.7802086,19.478,0,19.478,pass,,independent_snapshot,"{""prerequisite_acknowledged"": true, ""client_b_read_v1"": true, ""dependent_acknowledged"": true, ""visible_ids"": [""v1:508"", ""v2:508""], ""snapshot_polls"": 1}"
20260919T063135Z_e21f4e64,509,fault,1789799541.7802086,1789799541.8007288,20.502,0,20.502,pass,,independent_snapshot,"{""prerequisite_acknowledged"": true, ""client_b_read_v1"": true, ""dependent_acknowledged"": true, ""visible_ids"": [""v1:509"", ""v2:509""], ""snapshot_polls"": 1}"
20260919T063135Z_e21f4e64,510,fault,1789799541.8007288,1789799541.8208268,19.973,0,19.973,pass,,independent_snapshot,"{""prerequisite_acknowledged"": true, ""client_b_read_v1"": true, ""dependent_acknowledged"": true, ""visible_ids"": [""v1:510"", ""v2:510""], ""snapshot_polls"": 1}"
20260919T063135Z_e21f4e64,511,fault,1789799541.8208268,1789799541.8397067,19.094,0,19.094,pass,,independent_snapshot,"{""prerequisite_acknowledged"": true, ""client_b_read_v1"": true, ""dependent_acknowledged"": true, ""visible_ids"": [""v1:511"", ""v2:511""], ""snapshot_polls"": 1}"
20260919T063135Z_e21f4e64,512,fault,1789799541.8397067,1789799541.8604262,20.445,0,20.445,pass,,independent_snapshot,"{""prerequisite_acknowledged"": true, ""client_b_read_v1"": true, ""dependent_acknowledged"": true, ""visible_ids"": [""v1:512"", ""v2:512""], ""snapshot_polls"": 1}"
20260919T063135Z_e21f4e64,513,fault,1789799541.8604262,1789799541.882747,22.3,0,22.3,pass,,independent_snapshot,"{""prerequisite_acknowledged"": true, ""client_b_read_v1"": true, ""dependent_acknowledged"": true, ""visible_ids"": [""v1:513"", ""v2:513""], ""snapshot_polls"": 1}"
20260919T063135Z_e21f4e64,514,fault,1789799541.882747,1789799541.9000342,17.19,0,17.19,pass,,independent_snapshot,"{""prerequisite_acknowledged"": true, ""client_b_read_v1"": true, ""dependent_acknowledged"": true, ""visible_ids"": [""v1:514"", ""v2:514""], ""snapshot_polls"": 1}"
20260919T063135Z_e21f4e64,515,fault,1789799541.9000342,1789799541.9180396,18.356,0,18.356,pass,,independent_snapshot,"{""prerequisite_acknowledged"": true, ""client_b_read_v1"": true, ""dependent_acknowledged"": true, ""visible_ids"": [""v1:515"", ""v2:515""], ""snapshot_polls"": 1}"
20260919T063135Z_e21f4e64,516,fault,1789799541.918674,1789799541.936197,17.666,0,17.666,pass,,independent_snapshot,"{""prerequisite_acknowledged"": true, ""client_b_read_v1"": true, ""dependent_acknowledged"": true, ""visible_ids"": [""v1:516"", ""v2:516""], ""snapshot_polls"": 1}"
20260919T063135Z_e21f4e64,517,fault,1789799541.936197,1789799541.9530113,17.25,0,17.25,pass,,independent_snapshot,"{""prerequisite_acknowledged"": true, ""client_b_read_v1"": true, ""dependent_acknowledged"": true, ""visible_ids"": [""v1:517"", ""v2:517""], ""snapshot_polls"": 1}"
20260919T063135Z_e21f4e64,518,fault,1789799541.9537747,1789799541.9725661,18.917,0,18.917,pass,,independent_snapshot,"{""prerequisite_acknowledged"": true, ""client_b_read_v1"": true, ""dependent_acknowledged"": true, ""visible_ids"": [""v1:518"", ""v2:518""], ""snapshot_polls"": 1}"
20260919T063135Z_e21f4e64,519,fault,1789799541.9725661,1789799541.9953687,22.754,0,22.754,pass,,independent_snapshot,"{""prerequisite_acknowledged"": true, ""client_b_read_v1"": true, ""dependent_acknowledged"": true, ""visible_ids"": [""v1:519"", ""v2:519""], ""snapshot_polls"": 1}"
20260919T063135Z_e21f4e64,520,fault,1789799541.9953687,1789799542.0142138,19.172,0,19.172,pass,,independent_snapshot,"{""prerequisite_acknowledged"": true, ""client_b_read_v1"": true, ""dependent_acknowledged"": true, ""visible_ids"": [""v1:520"", ""v2:520""], ""snapshot_polls"": 1}"
20260919T063135Z_e21f4e64,521,fault,1789799542.0142138,1789799542.0307586,16.379,0,16.379,pass,,independent_snapshot,"{""prerequisite_acknowledged"": true, ""client_b_read_v1"": true, ""dependent_acknowledged"": true, ""visible_ids"": [""v1:521"", ""v2:521""], ""snapshot_polls"": 1}"
20260919T063135Z_e21f4e64,522,fault,1789799542.0307586,1789799542.0487094,17.771,0,17.771,pass,,independent_snapshot,"{""prerequisite_acknowledged"": true, ""client_b_read_v1"": true, ""dependent_acknowledged"": true, ""visible_ids"": [""v1:522"", ""v2:522""], ""snapshot_polls"": 1}"
20260919T063135Z_e21f4e64,523,fault,1789799542.0487094,1789799542.068165,19.667,0,19.667,pass,,independent_snapshot,"{""prerequisite_acknowledged"": true, ""client_b_read_v1"": true, ""dependent_acknowledged"": true, ""visible_ids"": [""v1:523"", ""v2:523""], ""snapshot_polls"": 1}"
20260919T063135Z_e21f4e64,524,fault,1789799542.0688949,1789799542.0888035,19.897,0,19.897,pass,,independent_snapshot,"{""prerequisite_acknowledged"": true, ""client_b_read_v1"": true, ""dependent_acknowledged"": true, ""visible_ids"": [""v1:524"", ""v2:524""], ""snapshot_polls"": 1}"
20260919T063135Z_e21f4e64,525,fault,1789799542.0888035,1789799542.1073015,18.804,0,18.804,pass,,independent_snapshot,"{""prerequisite_acknowledged"": true, ""client_b_read_v1"": true, ""dependent_acknowledged"": true, ""visible_ids"": [""v1:525"", ""v2:525""], ""snapshot_polls"": 1}"
20260919T063135Z_e21f4e64,526,fault,1789799542.1073015,1789799542.1263802,19.03,0,19.03,pass,,independent_snapshot,"{""prerequisite_acknowledged"": true, ""client_b_read_v1"": true, ""dependent_acknowledged"": true, ""visible_ids"": [""v1:526"", ""v2:526""], ""snapshot_polls"": 1}"
20260919T063135Z_e21f4e64,527,fault,1789799542.126891,1789799542.1474698,20.99,0,20.99,pass,,independent_snapshot,"{""prerequisite_acknowledged"": true, ""client_b_read_v1"": true, ""dependent_acknowledged"": true, ""visible_ids"": [""v1:527"", ""v2:527""], ""snapshot_polls"": 1}"
20260919T063135Z_e21f4e64,528,fault,1789799542.147982,1789799542.1657622,18.203,0,18.203,pass,,independent_snapshot,"{""prerequisite_acknowledged"": true, ""client_b_read_v1"": true, ""dependent_acknowledged"": true, ""visible_ids"": [""v1:528"", ""v2:528""], ""snapshot_polls"": 1}"
20260919T063135Z_e21f4e64,529,fault,1789799542.1662774,1789799542.1840267,18.391,0,18.391,pass,,independent_snapshot,"{""prerequisite_acknowledged"": true, ""client_b_read_v1"": true, ""dependent_acknowledged"": true, ""visible_ids"": [""v1:529"", ""v2:529""], ""snapshot_polls"": 1}"
20260919T063135Z_e21f4e64,530,fault,1789799542.1840267,1789799542.203319,18.869,0,18.869,pass,,independent_snapshot,"{""prerequisite_acknowledged"": true, ""client_b_read_v1"": true, ""dependent_acknowledged"": true, ""visible_ids"": [""v1:530"", ""v2:530""], ""snapshot_polls"": 1}"
20260919T063135Z_e21f4e64,531,fault,1789799542.203319,1789799542.2217677,18.21,0,18.21,pass,,independent_snapshot,"{""prerequisite_acknowledged"": true, ""client_b_read_v1"": true, ""dependent_acknowledged"": true, ""visible_ids"": [""v1:531"", ""v2:531""], ""snapshot_polls"": 1}"
20260919T063135Z_e21f4e64,532,fault,1789799542.2217677,1789799542.2392645,17.441,0,17.441,pass,,independent_snapshot,"{""prerequisite_acknowledged"": true, ""client_b_read_v1"": true, ""dependent_acknowledged"": true, ""visible_ids"": [""v1:532"", ""v2:532""], ""snapshot_polls"": 1}"
20260919T063135Z_e21f4e64,533,fault,1789799542.2392645,1789799542.2569761,18.008,0,18.008,pass,,independent_snapshot,"{""prerequisite_acknowledged"": true, ""client_b_read_v1"": true, ""dependent_acknowledged"": true, ""visible_ids"": [""v1:533"", ""v2:533""], ""snapshot_polls"": 1}"
20260919T063135Z_e21f4e64,534,fault,1789799542.2569761,1789799542.2748342,17.958,0,17.958,pass,,independent_snapshot,"{""prerequisite_acknowledged"": true, ""client_b_read_v1"": true, ""dependent_acknowledged"": true, ""visible_ids"": [""v1:534"", ""v2:534""], ""snapshot_polls"": 1}"
20260919T063135Z_e21f4e64,535,fault,1789799542.2756062,1789799542.2975981,22.469,0,22.469,pass,,independent_snapshot,"{""prerequisite_acknowledged"": true, ""client_b_read_v1"": true, ""dependent_acknowledged"": true, ""visible_ids"": [""v1:535"", ""v2:535""], ""snapshot_polls"": 1}"
20260919T063135Z_e21f4e64,536,fault,1789799542.2981336,1789799542.3159635,18.421,0,18.421,pass,,independent_snapshot,"{""prerequisite_acknowledged"": true, ""client_b_read_v1"": true, ""dependent_acknowledged"": true, ""visible_ids"": [""v1:536"", ""v2:536""], ""snapshot_polls"": 1}"
20260919T063135Z_e21f4e64,537,fault,1789799542.3159635,1789799542.334259,17.637,0,17.637,pass,,independent_snapshot,"{""prerequisite_acknowledged"": true, ""client_b_read_v1"": true, ""dependent_acknowledged"": true, ""visible_ids"": [""v1:537"", ""v2:537""], ""snapshot_polls"": 1}"
20260919T063135Z_e21f4e64,538,fault,1789799542.334259,1789799542.3516486,17.448,0,17.448,pass,,independent_snapshot,"{""prerequisite_acknowledged"": true, ""client_b_read_v1"": true, ""dependent_acknowledged"": true, ""visible_ids"": [""v1:538"", ""v2:538""], ""snapshot_polls"": 1}"
20260919T063135Z_e21f4e64,539,fault,1789799542.3516486,1789799542.3691747,17.32,0,17.32,pass,,independent_snapshot,"{""prerequisite_acknowledged"": true, ""client_b_read_v1"": true, ""dependent_acknowledged"": true, ""visible_ids"": [""v1:539"", ""v2:539""], ""snapshot_polls"": 1}"
20260919T063135Z_e21f4e64,540,fault,1789799542.3691747,1789799542.3908248,21.9,0,21.9,pass,,independent_snapshot,"{""prerequisite_acknowledged"": true, ""client_b_read_v1"": true, ""dependent_acknowledged"": true, ""visible_ids"": [""v1:540"", ""v2:540""], ""snapshot_polls"": 1}"
20260919T063135Z_e21f4e64,541,fault,1789799542.3908248,1789799542.4085672,17.392,0,17.392,pass,,independent_snapshot,"{""prerequisite_acknowledged"": true, ""client_b_read_v1"": true, ""dependent_acknowledged"": true, ""visible_ids"": [""v1:541"", ""v2:541""], ""snapshot_polls"": 1}"
20260919T063135Z_e21f4e64,542,fault,1789799542.4085672,1789799542.4280624,19.43,0,19.43,pass,,independent_snapshot,"{""prerequisite_acknowledged"": true, ""client_b_read_v1"": true, ""dependent_acknowledged"": true, ""visible_ids"": [""v1:542"", ""v2:542""], ""snapshot_polls"": 1}"
20260919T063135Z_e21f4e64,543,fault,1789799542.4280624,1789799542.4542146,26.1,0,26.1,pass,,independent_snapshot,"{""prerequisite_acknowledged"": true, ""client_b_read_v1"": true, ""dependent_acknowledged"": true, ""visible_ids"": [""v1:543"", ""v2:543""], ""snapshot_polls"": 1}"
20260919T063135Z_e21f4e64,544,fault,1789799542.454767,1789799542.4738195,19.077,0,19.077,pass,,independent_snapshot,"{""prerequisite_acknowledged"": true, ""client_b_read_v1"": true, ""dependent_acknowledged"": true, ""visible_ids"": [""v1:544"", ""v2:544""], ""snapshot_polls"": 1}"
20260919T063135Z_e21f4e64,545,fault,1789799542.4738195,1789799542.4924686,18.535,0,18.535,pass,,independent_snapshot,"{""prerequisite_acknowledged"": true, ""client_b_read_v1"": true, ""dependent_acknowledged"": true, ""visible_ids"": [""v1:545"", ""v2:545""], ""snapshot_polls"": 1}"
20260919T063135Z_e21f4e64,546,fault,1789799542.4924686,1789799542.5106356,18.106,0,18.106,pass,,independent_snapshot,"{""prerequisite_acknowledged"": true, ""client_b_read_v1"": true, ""dependent_acknowledged"": true, ""visible_ids"": [""v1:546"", ""v2:546""], ""snapshot_polls"": 1}"
20260919T063135Z_e21f4e64,547,fault,1789799542.5106356,1789799542.5337853,23.494,0,23.494,pass,,independent_snapshot,"{""prerequisite_acknowledged"": true, ""client_b_read_v1"": true, ""dependent_acknowledged"": true, ""visible_ids"": [""v1:547"", ""v2:547""], ""snapshot_polls"": 1}"
20260919T063135Z_e21f4e64,548,fault,1789799542.5337853,1789799542.5531418,19.23,0,19.23,pass,,independent_snapshot,"{""prerequisite_acknowledged"": true, ""client_b_read_v1"": true, ""dependent_acknowledged"": true, ""visible_ids"": [""v1:548"", ""v2:548""], ""snapshot_polls"": 1}"
20260919T063135Z_e21f4e64,549,fault,1789799542.5531418,1789799542.5714738,18.543,0,18.543,pass,,independent_snapshot,"{""prerequisite_acknowledged"": true, ""client_b_read_v1"": true, ""dependent_acknowledged"": true, ""visible_ids"": [""v1:549"", ""v2:549""], ""snapshot_polls"": 1}"
20260919T063135Z_e21f4e64,550,fault,1789799542.5722196,1789799542.5916758,19.912,0,19.912,pass,,independent_snapshot,"{""prerequisite_acknowledged"": true, ""client_b_read_v1"": true, ""dependent_acknowledged"": true, ""visible_ids"": [""v1:550"", ""v2:550""], ""snapshot_polls"": 1}"
20260919T063135Z_e21f4e64,551,fault,1789799542.5916758,1789799542.6155276,23.317,0,23.317,pass,,independent_snapshot,"{""prerequisite_acknowledged"": true, ""client_b_read_v1"": true, ""dependent_acknowledged"": true, ""visible_ids"": [""v1:551"", ""v2:551""], ""snapshot_polls"": 1}"
20260919T063135Z_e21f4e64,552,fault,1789799542.6155276,1789799542.6338487,18.631,0,18.631,pass,,independent_snapshot,"{""prerequisite_acknowledged"": true, ""client_b_read_v1"": true, ""dependent_acknowledged"": true, ""visible_ids"": [""v1:552"", ""v2:552""], ""snapshot_polls"": 1}"
20260919T063135Z_e21f4e64,553,fault,1789799542.6338487,1789799542.6539054,19.882,0,19.882,pass,,independent_snapshot,"{""prerequisite_acknowledged"": true, ""client_b_read_v1"": true, ""dependent_acknowledged"": true, ""visible_ids"": [""v1:553"", ""v2:553""], ""snapshot_polls"": 1}"
20260919T063135Z_e21f4e64,554,fault,1789799542.6539054,1789799542.6719346,17.87,0,17.87,pass,,independent_snapshot,"{""prerequisite_acknowledged"": true, ""client_b_read_v1"": true, ""dependent_acknowledged"": true, ""visible_ids"": [""v1:554"", ""v2:554""], ""snapshot_polls"": 1}"
20260919T063135Z_e21f4e64,555,fault,1789799542.6719346,1789799542.6899903,18.141,0,18.141,pass,,independent_snapshot,"{""prerequisite_acknowledged"": true, ""client_b_read_v1"": true, ""dependent_acknowledged"": true, ""visible_ids"": [""v1:555"", ""v2:555""], ""snapshot_polls"": 1}"
20260919T063135Z_e21f4e64,556,fault,1789799542.6899903,1789799542.7109406,20.66,0,20.66,pass,,independent_snapshot,"{""prerequisite_acknowledged"": true, ""client_b_read_v1"": true, ""dependent_acknowledged"": true, ""visible_ids"": [""v1:556"", ""v2:556""], ""snapshot_polls"": 1}"
20260919T063135Z_e21f4e64,557,fault,1789799542.7109406,1789799542.728998,18.044,0,18.044,pass,,independent_snapshot,"{""prerequisite_acknowledged"": true, ""client_b_read_v1"": true, ""dependent_acknowledged"": true, ""visible_ids"": [""v1:557"", ""v2:557""], ""snapshot_polls"": 1}"
20260919T063135Z_e21f4e64,558,fault,1789799542.728998,1789799542.7461174,17.356,0,17.356,pass,,independent_snapshot,"{""prerequisite_acknowledged"": true, ""client_b_read_v1"": true, ""dependent_acknowledged"": true, ""visible_ids"": [""v1:558"", ""v2:558""], ""snapshot_polls"": 1}"
20260919T063135Z_e21f4e64,559,fault,1789799542.7461174,1789799542.7662752,19.866,0,19.866,pass,,independent_snapshot,"{""prerequisite_acknowledged"": true, ""client_b_read_v1"": true, ""dependent_acknowledged"": true, ""visible_ids"": [""v1:559"", ""v2:559""], ""snapshot_polls"": 1}"
20260919T063135Z_e21f4e64,560,fault,1789799542.7662752,1789799542.7852774,18.556,0,18.556,pass,,independent_snapshot,"{""prerequisite_acknowledged"": true, ""client_b_read_v1"": true, ""dependent_acknowledged"": true, ""visible_ids"": [""v1:560"", ""v2:560""], ""snapshot_polls"": 1}"
20260919T063135Z_e21f4e64,561,fault,1789799542.7852774,1789799542.8042045,19.166,0,19.166,pass,,independent_snapshot,"{""prerequisite_acknowledged"": true, ""client_b_read_v1"": true, ""dependent_acknowledged"": true, ""visible_ids"": [""v1:561"", ""v2:561""], ""snapshot_polls"": 1}"
20260919T063135Z_e21f4e64,562,fault,1789799542.8042045,1789799542.8223515,17.728,0,17.728,pass,,independent_snapshot,"{""prerequisite_acknowledged"": true, ""client_b_read_v1"": true, ""dependent_acknowledged"": true, ""visible_ids"": [""v1:562"", ""v2:562""], ""snapshot_polls"": 1}"
20260919T063135Z_e21f4e64,563,fault,1789799542.8223515,1789799542.8413558,18.911,0,18.911,pass,,independent_snapshot,"{""prerequisite_acknowledged"": true, ""client_b_read_v1"": true, ""dependent_acknowledged"": true, ""visible_ids"": [""v1:563"", ""v2:563""], ""snapshot_polls"": 1}"
20260919T063135Z_e21f4e64,564,fault,1789799542.8413558,1789799542.858528,17.429,0,17.429,pass,,independent_snapshot,"{""prerequisite_acknowledged"": true, ""client_b_read_v1"": true, ""dependent_acknowledged"": true, ""visible_ids"": [""v1:564"", ""v2:564""], ""snapshot_polls"": 1}"
20260919T063135Z_e21f4e64,565,fault,1789799542.858528,1789799542.8751583,16.556,0,16.556,pass,,independent_snapshot,"{""prerequisite_acknowledged"": true, ""client_b_read_v1"": true, ""dependent_acknowledged"": true, ""visible_ids"": [""v1:565"", ""v2:565""], ""snapshot_polls"": 1}"
20260919T063135Z_e21f4e64,566,fault,1789799542.8751583,1789799542.8953187,19.76,0,19.76,pass,,independent_snapshot,"{""prerequisite_acknowledged"": true, ""client_b_read_v1"": true, ""dependent_acknowledged"": true, ""visible_ids"": [""v1:566"", ""v2:566""], ""snapshot_polls"": 1}"
20260919T063135Z_e21f4e64,567,fault,1789799542.8953187,1789799542.9181783,22.733,0,22.733,pass,,independent_snapshot,"{""prerequisite_acknowledged"": true, ""client_b_read_v1"": true, ""dependent_acknowledged"": true, ""visible_ids"": [""v1:567"", ""v2:567""], ""snapshot_polls"": 1}"
20260919T063135Z_e21f4e64,568,fault,1789799542.9181783,1789799542.9356365,17.714,0,17.714,pass,,independent_snapshot,"{""prerequisite_acknowledged"": true, ""client_b_read_v1"": true, ""dependent_acknowledged"": true, ""visible_ids"": [""v1:568"", ""v2:568""], ""snapshot_polls"": 1}"
20260919T063135Z_e21f4e64,569,fault,1789799542.9356365,1789799542.955592,19.751,0,19.751,pass,,independent_snapshot,"{""prerequisite_acknowledged"": true, ""client_b_read_v1"": true, ""dependent_acknowledged"": true, ""visible_ids"": [""v1:569"", ""v2:569""], ""snapshot_polls"": 1}"
20260919T063135Z_e21f4e64,570,fault,1789799542.955592,1789799542.978273,22.692,0,22.692,pass,,independent_snapshot,"{""prerequisite_acknowledged"": true, ""client_b_read_v1"": true, ""dependent_acknowledged"": true, ""visible_ids"": [""v1:570"", ""v2:570""], ""snapshot_polls"": 1}"
20260919T063135Z_e21f4e64,571,fault,1789799542.978273,1789799542.9965153,17.864,0,17.864,pass,,independent_snapshot,"{""prerequisite_acknowledged"": true, ""client_b_read_v1"": true, ""dependent_acknowledged"": true, ""visible_ids"": [""v1:571"", ""v2:571""], ""snapshot_polls"": 1}"
20260919T063135Z_e21f4e64,572,fault,1789799542.9965153,1789799543.024178,28.421,0,28.421,pass,,independent_snapshot,"{""prerequisite_acknowledged"": true, ""client_b_read_v1"": true, ""dependent_acknowledged"": true, ""visible_ids"": [""v1:572"", ""v2:572""], ""snapshot_polls"": 1}"
20260919T063135Z_e21f4e64,573,fault,1789799543.024178,1789799543.0468304,22.073,0,22.073,pass,,independent_snapshot,"{""prerequisite_acknowledged"": true, ""client_b_read_v1"": true, ""dependent_acknowledged"": true, ""visible_ids"": [""v1:573"", ""v2:573""], ""snapshot_polls"": 1}"
20260919T063135Z_e21f4e64,574,fault,1789799543.0474591,1789799543.0657957,19.098,0,19.098,pass,,independent_snapshot,"{""prerequisite_acknowledged"": true, ""client_b_read_v1"": true, ""dependent_acknowledged"": true, ""visible_ids"": [""v1:574"", ""v2:574""], ""snapshot_polls"": 1}"
20260919T063135Z_e21f4e64,575,fault,1789799543.0666144,1789799543.0882106,21.748,0,21.748,pass,,independent_snapshot,"{""prerequisite_acknowledged"": true, ""client_b_read_v1"": true, ""dependent_acknowledged"": true, ""visible_ids"": [""v1:575"", ""v2:575""], ""snapshot_polls"": 1}"
20260919T063135Z_e21f4e64,576,fault,1789799543.0882106,1789799543.1146557,26.179,0,26.179,pass,,independent_snapshot,"{""prerequisite_acknowledged"": true, ""client_b_read_v1"": true, ""dependent_acknowledged"": true, ""visible_ids"": [""v1:576"", ""v2:576""], ""snapshot_polls"": 1}"
20260919T063135Z_e21f4e64,577,fault,1789799543.1146557,1789799543.1377084,23.051,0,23.051,pass,,independent_snapshot,"{""prerequisite_acknowledged"": true, ""client_b_read_v1"": true, ""dependent_acknowledged"": true, ""visible_ids"": [""v1:577"", ""v2:577""], ""snapshot_polls"": 1}"
20260919T063135Z_e21f4e64,578,fault,1789799543.1377084,1789799543.1579134,20.347,0,20.347,pass,,independent_snapshot,"{""prerequisite_acknowledged"": true, ""client_b_read_v1"": true, ""dependent_acknowledged"": true, ""visible_ids"": [""v1:578"", ""v2:578""], ""snapshot_polls"": 1}"
20260919T063135Z_e21f4e64,579,fault,1789799543.1579134,1789799543.1756754,17.645,0,17.645,pass,,independent_snapshot,"{""prerequisite_acknowledged"": true, ""client_b_read_v1"": true, ""dependent_acknowledged"": true, ""visible_ids"": [""v1:579"", ""v2:579""], ""snapshot_polls"": 1}"
20260919T063135Z_e21f4e64,580,fault,1789799543.1756754,1789799543.1943831,18.26,0,18.26,pass,,independent_snapshot,"{""prerequisite_acknowledged"": true, ""client_b_read_v1"": true, ""dependent_acknowledged"": true, ""visible_ids"": [""v1:580"", ""v2:580""], ""snapshot_polls"": 1}"
20260919T063135Z_e21f4e64,581,fault,1789799543.1943831,1789799543.212378,18.247,0,18.247,pass,,independent_snapshot,"{""prerequisite_acknowledged"": true, ""client_b_read_v1"": true, ""dependent_acknowledged"": true, ""visible_ids"": [""v1:581"", ""v2:581""], ""snapshot_polls"": 1}"
20260919T063135Z_e21f4e64,582,fault,1789799543.212378,1789799543.2317317,19.309,0,19.309,pass,,independent_snapshot,"{""prerequisite_acknowledged"": true, ""client_b_read_v1"": true, ""dependent_acknowledged"": true, ""visible_ids"": [""v1:582"", ""v2:582""], ""snapshot_polls"": 1}"
20260919T063135Z_e21f4e64,583,fault,1789799543.2317317,1789799543.2558534,24.111,0,24.111,pass,,independent_snapshot,"{""prerequisite_acknowledged"": true, ""client_b_read_v1"": true, ""dependent_acknowledged"": true, ""visible_ids"": [""v1:583"", ""v2:583""], ""snapshot_polls"": 1}"
20260919T063135Z_e21f4e64,584,fault,1789799543.2558534,1789799543.2747777,18.536,0,18.536,pass,,independent_snapshot,"{""prerequisite_acknowledged"": true, ""client_b_read_v1"": true, ""dependent_acknowledged"": true, ""visible_ids"": [""v1:584"", ""v2:584""], ""snapshot_polls"": 1}"
20260919T063135Z_e21f4e64,585,fault,1789799543.2747777,1789799543.2929633,18.311,0,18.311,pass,,independent_snapshot,"{""prerequisite_acknowledged"": true, ""client_b_read_v1"": true, ""dependent_acknowledged"": true, ""visible_ids"": [""v1:585"", ""v2:585""], ""snapshot_polls"": 1}"
20260919T063135Z_e21f4e64,586,fault,1789799543.2929633,1789799543.3115368,18.083,0,18.083,pass,,independent_snapshot,"{""prerequisite_acknowledged"": true, ""client_b_read_v1"": true, ""dependent_acknowledged"": true, ""visible_ids"": [""v1:586"", ""v2:586""], ""snapshot_polls"": 1}"
20260919T063135Z_e21f4e64,587,fault,1789799543.3115368,1789799543.3290827,18.203,0,18.203,pass,,independent_snapshot,"{""prerequisite_acknowledged"": true, ""client_b_read_v1"": true, ""dependent_acknowledged"": true, ""visible_ids"": [""v1:587"", ""v2:587""], ""snapshot_polls"": 1}"
20260919T063135Z_e21f4e64,588,fault,1789799543.3290827,1789799543.3477452,17.878,0,17.878,pass,,independent_snapshot,"{""prerequisite_acknowledged"": true, ""client_b_read_v1"": true, ""dependent_acknowledged"": true, ""visible_ids"": [""v1:588"", ""v2:588""], ""snapshot_polls"": 1}"
20260919T063135Z_e21f4e64,589,fault,1789799543.3477452,1789799543.3650239,17.61,0,17.61,pass,,independent_snapshot,"{""prerequisite_acknowledged"": true, ""client_b_read_v1"": true, ""dependent_acknowledged"": true, ""visible_ids"": [""v1:589"", ""v2:589""], ""snapshot_polls"": 1}"
20260919T063135Z_e21f4e64,590,fault,1789799543.3650239,1789799543.3900805,25.011,0,25.011,pass,,independent_snapshot,"{""prerequisite_acknowledged"": true, ""client_b_read_v1"": true, ""dependent_acknowledged"": true, ""visible_ids"": [""v1:590"", ""v2:590""], ""snapshot_polls"": 1}"
20260919T063135Z_e21f4e64,591,fault,1789799543.3900805,1789799543.4123712,21.823,0,21.823,pass,,independent_snapshot,"{""prerequisite_acknowledged"": true, ""client_b_read_v1"": true, ""dependent_acknowledged"": true, ""visible_ids"": [""v1:591"", ""v2:591""], ""snapshot_polls"": 1}"
20260919T063135Z_e21f4e64,592,fault,1789799543.4123712,1789799543.4315035,19.27,0,19.27,pass,,independent_snapshot,"{""prerequisite_acknowledged"": true, ""client_b_read_v1"": true, ""dependent_acknowledged"": true, ""visible_ids"": [""v1:592"", ""v2:592""], ""snapshot_polls"": 1}"
20260919T063135Z_e21f4e64,593,fault,1789799543.4315035,1789799543.4497118,17.907,0,17.907,pass,,independent_snapshot,"{""prerequisite_acknowledged"": true, ""client_b_read_v1"": true, ""dependent_acknowledged"": true, ""visible_ids"": [""v1:593"", ""v2:593""], ""snapshot_polls"": 1}"
20260919T063135Z_e21f4e64,594,fault,1789799543.4497118,1789799543.4688838,19.711,0,19.711,pass,,independent_snapshot,"{""prerequisite_acknowledged"": true, ""client_b_read_v1"": true, ""dependent_acknowledged"": true, ""visible_ids"": [""v1:594"", ""v2:594""], ""snapshot_polls"": 1}"
20260919T063135Z_e21f4e64,595,fault,1789799543.4696424,1789799543.4878502,18.219,0,18.219,pass,,independent_snapshot,"{""prerequisite_acknowledged"": true, ""client_b_read_v1"": true, ""dependent_acknowledged"": true, ""visible_ids"": [""v1:595"", ""v2:595""], ""snapshot_polls"": 1}"
20260919T063135Z_e21f4e64,596,fault,1789799543.4878502,1789799543.5081642,20.454,0,20.454,pass,,independent_snapshot,"{""prerequisite_acknowledged"": true, ""client_b_read_v1"": true, ""dependent_acknowledged"": true, ""visible_ids"": [""v1:596"", ""v2:596""], ""snapshot_polls"": 1}"
20260919T063135Z_e21f4e64,597,fault,1789799543.5081642,1789799543.526936,18.525,0,18.525,pass,,independent_snapshot,"{""prerequisite_acknowledged"": true, ""client_b_read_v1"": true, ""dependent_acknowledged"": true, ""visible_ids"": [""v1:597"", ""v2:597""], ""snapshot_polls"": 1}"
20260919T063135Z_e21f4e64,598,fault,1789799543.526936,1789799543.5476797,21.101,0,21.101,pass,,independent_snapshot,"{""prerequisite_acknowledged"": true, ""client_b_read_v1"": true, ""dependent_acknowledged"": true, ""visible_ids"": [""v1:598"", ""v2:598""], ""snapshot_polls"": 1}"
20260919T063135Z_e21f4e64,599,fault,1789799543.548243,1789799543.571177,23.408,0,23.408,pass,,independent_snapshot,"{""prerequisite_acknowledged"": true, ""client_b_read_v1"": true, ""dependent_acknowledged"": true, ""visible_ids"": [""v1:599"", ""v2:599""], ""snapshot_polls"": 1}"
20260919T063135Z_e21f4e64,600,recovery,1789799544.2786188,1789799544.2998714,21.556,0,21.556,pass,,independent_snapshot,"{""prerequisite_acknowledged"": true, ""client_b_read_v1"": true, ""dependent_acknowledged"": true, ""visible_ids"": [""v1:600"", ""v2:600""], ""snapshot_polls"": 1}"
20260919T063135Z_e21f4e64,601,recovery,1789799544.3029785,1789799544.3202968,17.935,0,17.935,pass,,independent_snapshot,"{""prerequisite_acknowledged"": true, ""client_b_read_v1"": true, ""dependent_acknowledged"": true, ""visible_ids"": [""v1:601"", ""v2:601""], ""snapshot_polls"": 1}"
20260919T063135Z_e21f4e64,602,recovery,1789799544.321066,1789799544.3376837,16.636,0,16.636,pass,,independent_snapshot,"{""prerequisite_acknowledged"": true, ""client_b_read_v1"": true, ""dependent_acknowledged"": true, ""visible_ids"": [""v1:602"", ""v2:602""], ""snapshot_polls"": 1}"
20260919T063135Z_e21f4e64,603,recovery,1789799544.3376837,1789799544.3553305,17.727,0,17.727,pass,,independent_snapshot,"{""prerequisite_acknowledged"": true, ""client_b_read_v1"": true, ""dependent_acknowledged"": true, ""visible_ids"": [""v1:603"", ""v2:603""], ""snapshot_polls"": 1}"
20260919T063135Z_e21f4e64,604,recovery,1789799544.3553305,1789799544.3731341,17.626,0,17.626,pass,,independent_snapshot,"{""prerequisite_acknowledged"": true, ""client_b_read_v1"": true, ""dependent_acknowledged"": true, ""visible_ids"": [""v1:604"", ""v2:604""], ""snapshot_polls"": 1}"
20260919T063135Z_e21f4e64,605,recovery,1789799544.3731341,1789799544.392903,20.138,0,20.138,pass,,independent_snapshot,"{""prerequisite_acknowledged"": true, ""client_b_read_v1"": true, ""dependent_acknowledged"": true, ""visible_ids"": [""v1:605"", ""v2:605""], ""snapshot_polls"": 1}"
20260919T063135Z_e21f4e64,606,recovery,1789799544.3935497,1789799544.411204,17.995,0,17.995,pass,,independent_snapshot,"{""prerequisite_acknowledged"": true, ""client_b_read_v1"": true, ""dependent_acknowledged"": true, ""visible_ids"": [""v1:606"", ""v2:606""], ""snapshot_polls"": 1}"
20260919T063135Z_e21f4e64,607,recovery,1789799544.411204,1789799544.4300072,18.776,0,18.776,pass,,independent_snapshot,"{""prerequisite_acknowledged"": true, ""client_b_read_v1"": true, ""dependent_acknowledged"": true, ""visible_ids"": [""v1:607"", ""v2:607""], ""snapshot_polls"": 1}"
20260919T063135Z_e21f4e64,608,recovery,1789799544.4300072,1789799544.4506874,20.157,0,20.157,pass,,independent_snapshot,"{""prerequisite_acknowledged"": true, ""client_b_read_v1"": true, ""dependent_acknowledged"": true, ""visible_ids"": [""v1:608"", ""v2:608""], ""snapshot_polls"": 1}"
20260919T063135Z_e21f4e64,609,recovery,1789799544.4506874,1789799544.4728804,22.127,0,22.127,pass,,independent_snapshot,"{""prerequisite_acknowledged"": true, ""client_b_read_v1"": true, ""dependent_acknowledged"": true, ""visible_ids"": [""v1:609"", ""v2:609""], ""snapshot_polls"": 1}"
20260919T063135Z_e21f4e64,610,recovery,1789799544.4728804,1789799544.490624,18.279,0,18.279,pass,,independent_snapshot,"{""prerequisite_acknowledged"": true, ""client_b_read_v1"": true, ""dependent_acknowledged"": true, ""visible_ids"": [""v1:610"", ""v2:610""], ""snapshot_polls"": 1}"
20260919T063135Z_e21f4e64,611,recovery,1789799544.490624,1789799544.5118077,20.554,0,20.554,pass,,independent_snapshot,"{""prerequisite_acknowledged"": true, ""client_b_read_v1"": true, ""dependent_acknowledged"": true, ""visible_ids"": [""v1:611"", ""v2:611""], ""snapshot_polls"": 1}"
20260919T063135Z_e21f4e64,612,recovery,1789799544.5118077,1789799544.5341256,22.291,0,22.291,pass,,independent_snapshot,"{""prerequisite_acknowledged"": true, ""client_b_read_v1"": true, ""dependent_acknowledged"": true, ""visible_ids"": [""v1:612"", ""v2:612""], ""snapshot_polls"": 1}"
20260919T063135Z_e21f4e64,613,recovery,1789799544.5341256,1789799544.5551221,20.859,0,20.859,pass,,independent_snapshot,"{""prerequisite_acknowledged"": true, ""client_b_read_v1"": true, ""dependent_acknowledged"": true, ""visible_ids"": [""v1:613"", ""v2:613""], ""snapshot_polls"": 1}"
20260919T063135Z_e21f4e64,614,recovery,1789799544.5551221,1789799544.575406,20.529,0,20.529,pass,,independent_snapshot,"{""prerequisite_acknowledged"": true, ""client_b_read_v1"": true, ""dependent_acknowledged"": true, ""visible_ids"": [""v1:614"", ""v2:614""], ""snapshot_polls"": 1}"
20260919T063135Z_e21f4e64,615,recovery,1789799544.575406,1789799544.6001735,24.232,0,24.232,pass,,independent_snapshot,"{""prerequisite_acknowledged"": true, ""client_b_read_v1"": true, ""dependent_acknowledged"": true, ""visible_ids"": [""v1:615"", ""v2:615""], ""snapshot_polls"": 1}"
20260919T063135Z_e21f4e64,616,recovery,1789799544.6001735,1789799544.622353,22.154,0,22.154,pass,,independent_snapshot,"{""prerequisite_acknowledged"": true, ""client_b_read_v1"": true, ""dependent_acknowledged"": true, ""visible_ids"": [""v1:616"", ""v2:616""], ""snapshot_polls"": 1}"
20260919T063135Z_e21f4e64,617,recovery,1789799544.622353,1789799544.6402564,18.468,0,18.468,pass,,independent_snapshot,"{""prerequisite_acknowledged"": true, ""client_b_read_v1"": true, ""dependent_acknowledged"": true, ""visible_ids"": [""v1:617"", ""v2:617""], ""snapshot_polls"": 1}"
20260919T063135Z_e21f4e64,618,recovery,1789799544.6410978,1789799544.65892,18.225,0,18.225,pass,,independent_snapshot,"{""prerequisite_acknowledged"": true, ""client_b_read_v1"": true, ""dependent_acknowledged"": true, ""visible_ids"": [""v1:618"", ""v2:618""], ""snapshot_polls"": 1}"
20260919T063135Z_e21f4e64,619,recovery,1789799544.65892,1789799544.6835258,24.645,0,24.645,pass,,independent_snapshot,"{""prerequisite_acknowledged"": true, ""client_b_read_v1"": true, ""dependent_acknowledged"": true, ""visible_ids"": [""v1:619"", ""v2:619""], ""snapshot_polls"": 1}"
20260919T063135Z_e21f4e64,620,recovery,1789799544.6835258,1789799544.7059903,21.964,0,21.964,pass,,independent_snapshot,"{""prerequisite_acknowledged"": true, ""client_b_read_v1"": true, ""dependent_acknowledged"": true, ""visible_ids"": [""v1:620"", ""v2:620""], ""snapshot_polls"": 1}"
20260919T063135Z_e21f4e64,621,recovery,1789799544.7059903,1789799544.7289803,23.196,0,23.196,pass,,independent_snapshot,"{""prerequisite_acknowledged"": true, ""client_b_read_v1"": true, ""dependent_acknowledged"": true, ""visible_ids"": [""v1:621"", ""v2:621""], ""snapshot_polls"": 1}"
20260919T063135Z_e21f4e64,622,recovery,1789799544.7289803,1789799544.7489052,19.421,0,19.421,pass,,independent_snapshot,"{""prerequisite_acknowledged"": true, ""client_b_read_v1"": true, ""dependent_acknowledged"": true, ""visible_ids"": [""v1:622"", ""v2:622""], ""snapshot_polls"": 1}"
20260919T063135Z_e21f4e64,623,recovery,1789799544.7489052,1789799544.7681272,19.511,0,19.511,pass,,independent_snapshot,"{""prerequisite_acknowledged"": true, ""client_b_read_v1"": true, ""dependent_acknowledged"": true, ""visible_ids"": [""v1:623"", ""v2:623""], ""snapshot_polls"": 1}"
20260919T063135Z_e21f4e64,624,recovery,1789799544.7681272,1789799544.788123,19.607,0,19.607,pass,,independent_snapshot,"{""prerequisite_acknowledged"": true, ""client_b_read_v1"": true, ""dependent_acknowledged"": true, ""visible_ids"": [""v1:624"", ""v2:624""], ""snapshot_polls"": 1}"
20260919T063135Z_e21f4e64,625,recovery,1789799544.788123,1789799544.8076198,19.72,0,19.72,pass,,independent_snapshot,"{""prerequisite_acknowledged"": true, ""client_b_read_v1"": true, ""dependent_acknowledged"": true, ""visible_ids"": [""v1:625"", ""v2:625""], ""snapshot_polls"": 1}"
20260919T063135Z_e21f4e64,626,recovery,1789799544.8076198,1789799544.8264954,18.89,0,18.89,pass,,independent_snapshot,"{""prerequisite_acknowledged"": true, ""client_b_read_v1"": true, ""dependent_acknowledged"": true, ""visible_ids"": [""v1:626"", ""v2:626""], ""snapshot_polls"": 1}"
20260919T063135Z_e21f4e64,627,recovery,1789799544.827112,1789799544.8488224,22.218,0,22.218,pass,,independent_snapshot,"{""prerequisite_acknowledged"": true, ""client_b_read_v1"": true, ""dependent_acknowledged"": true, ""visible_ids"": [""v1:627"", ""v2:627""], ""snapshot_polls"": 1}"
20260919T063135Z_e21f4e64,628,recovery,1789799544.8488224,1789799544.8670747,18.173,0,18.173,pass,,independent_snapshot,"{""prerequisite_acknowledged"": true, ""client_b_read_v1"": true, ""dependent_acknowledged"": true, ""visible_ids"": [""v1:628"", ""v2:628""], ""snapshot_polls"": 1}"
20260919T063135Z_e21f4e64,629,recovery,1789799544.8670747,1789799544.8848977,17.584,0,17.584,pass,,independent_snapshot,"{""prerequisite_acknowledged"": true, ""client_b_read_v1"": true, ""dependent_acknowledged"": true, ""visible_ids"": [""v1:629"", ""v2:629""], ""snapshot_polls"": 1}"
20260919T063135Z_e21f4e64,630,recovery,1789799544.8848977,1789799544.9060347,20.767,0,20.767,pass,,independent_snapshot,"{""prerequisite_acknowledged"": true, ""client_b_read_v1"": true, ""dependent_acknowledged"": true, ""visible_ids"": [""v1:630"", ""v2:630""], ""snapshot_polls"": 1}"
20260919T063135Z_e21f4e64,631,recovery,1789799544.9060347,1789799544.92524,19.073,0,19.073,pass,,independent_snapshot,"{""prerequisite_acknowledged"": true, ""client_b_read_v1"": true, ""dependent_acknowledged"": true, ""visible_ids"": [""v1:631"", ""v2:631""], ""snapshot_polls"": 1}"
20260919T063135Z_e21f4e64,632,recovery,1789799544.92524,1789799544.9444945,19.158,0,19.158,pass,,independent_snapshot,"{""prerequisite_acknowledged"": true, ""client_b_read_v1"": true, ""dependent_acknowledged"": true, ""visible_ids"": [""v1:632"", ""v2:632""], ""snapshot_polls"": 1}"
20260919T063135Z_e21f4e64,633,recovery,1789799544.9444945,1789799544.963896,19.468,0,19.468,pass,,independent_snapshot,"{""prerequisite_acknowledged"": true, ""client_b_read_v1"": true, ""dependent_acknowledged"": true, ""visible_ids"": [""v1:633"", ""v2:633""], ""snapshot_polls"": 1}"
20260919T063135Z_e21f4e64,634,recovery,1789799544.963896,1789799544.9892979,25.146,0,25.146,pass,,independent_snapshot,"{""prerequisite_acknowledged"": true, ""client_b_read_v1"": true, ""dependent_acknowledged"": true, ""visible_ids"": [""v1:634"", ""v2:634""], ""snapshot_polls"": 1}"
20260919T063135Z_e21f4e64,635,recovery,1789799544.9892979,1789799545.0110953,21.941,0,21.941,pass,,independent_snapshot,"{""prerequisite_acknowledged"": true, ""client_b_read_v1"": true, ""dependent_acknowledged"": true, ""visible_ids"": [""v1:635"", ""v2:635""], ""snapshot_polls"": 1}"
20260919T063135Z_e21f4e64,636,recovery,1789799545.0110953,1789799545.0361457,24.748,0,24.748,pass,,independent_snapshot,"{""prerequisite_acknowledged"": true, ""client_b_read_v1"": true, ""dependent_acknowledged"": true, ""visible_ids"": [""v1:636"", ""v2:636""], ""snapshot_polls"": 1}"
20260919T063135Z_e21f4e64,637,recovery,1789799545.0361457,1789799545.0626404,26.826,0,26.826,pass,,independent_snapshot,"{""prerequisite_acknowledged"": true, ""client_b_read_v1"": true, ""dependent_acknowledged"": true, ""visible_ids"": [""v1:637"", ""v2:637""], ""snapshot_polls"": 1}"
20260919T063135Z_e21f4e64,638,recovery,1789799545.0632458,1789799545.0834634,20.245,0,20.245,pass,,independent_snapshot,"{""prerequisite_acknowledged"": true, ""client_b_read_v1"": true, ""dependent_acknowledged"": true, ""visible_ids"": [""v1:638"", ""v2:638""], ""snapshot_polls"": 1}"
20260919T063135Z_e21f4e64,639,recovery,1789799545.0834634,1789799545.1003735,17.098,0,17.098,pass,,independent_snapshot,"{""prerequisite_acknowledged"": true, ""client_b_read_v1"": true, ""dependent_acknowledged"": true, ""visible_ids"": [""v1:639"", ""v2:639""], ""snapshot_polls"": 1}"
20260919T063135Z_e21f4e64,640,recovery,1789799545.1003735,1789799545.1184225,17.551,0,17.551,pass,,independent_snapshot,"{""prerequisite_acknowledged"": true, ""client_b_read_v1"": true, ""dependent_acknowledged"": true, ""visible_ids"": [""v1:640"", ""v2:640""], ""snapshot_polls"": 1}"
20260919T063135Z_e21f4e64,641,recovery,1789799545.1184225,1789799545.1377566,19.567,0,19.567,pass,,independent_snapshot,"{""prerequisite_acknowledged"": true, ""client_b_read_v1"": true, ""dependent_acknowledged"": true, ""visible_ids"": [""v1:641"", ""v2:641""], ""snapshot_polls"": 1}"
20260919T063135Z_e21f4e64,642,recovery,1789799545.1377566,1789799545.1543365,16.548,0,16.548,pass,,independent_snapshot,"{""prerequisite_acknowledged"": true, ""client_b_read_v1"": true, ""dependent_acknowledged"": true, ""visible_ids"": [""v1:642"", ""v2:642""], ""snapshot_polls"": 1}"
20260919T063135Z_e21f4e64,643,recovery,1789799545.1543365,1789799545.170025,15.713,0,15.713,pass,,independent_snapshot,"{""prerequisite_acknowledged"": true, ""client_b_read_v1"": true, ""dependent_acknowledged"": true, ""visible_ids"": [""v1:643"", ""v2:643""], ""snapshot_polls"": 1}"
20260919T063135Z_e21f4e64,644,recovery,1789799545.1705663,1789799545.1847942,14.713,0,14.713,pass,,independent_snapshot,"{""prerequisite_acknowledged"": true, ""client_b_read_v1"": true, ""dependent_acknowledged"": true, ""visible_ids"": [""v1:644"", ""v2:644""], ""snapshot_polls"": 1}"
20260919T063135Z_e21f4e64,645,recovery,1789799545.1847942,1789799545.2008038,15.829,0,15.829,pass,,independent_snapshot,"{""prerequisite_acknowledged"": true, ""client_b_read_v1"": true, ""dependent_acknowledged"": true, ""visible_ids"": [""v1:645"", ""v2:645""], ""snapshot_polls"": 1}"
20260919T063135Z_e21f4e64,646,recovery,1789799545.2008038,1789799545.2189994,17.8,0,17.8,pass,,independent_snapshot,"{""prerequisite_acknowledged"": true, ""client_b_read_v1"": true, ""dependent_acknowledged"": true, ""visible_ids"": [""v1:646"", ""v2:646""], ""snapshot_polls"": 1}"
20260919T063135Z_e21f4e64,647,recovery,1789799545.2189994,1789799545.237781,18.89,0,18.89,pass,,independent_snapshot,"{""prerequisite_acknowledged"": true, ""client_b_read_v1"": true, ""dependent_acknowledged"": true, ""visible_ids"": [""v1:647"", ""v2:647""], ""snapshot_polls"": 1}"
20260919T063135Z_e21f4e64,648,recovery,1789799545.237781,1789799545.2558484,18.017,0,18.017,pass,,independent_snapshot,"{""prerequisite_acknowledged"": true, ""client_b_read_v1"": true, ""dependent_acknowledged"": true, ""visible_ids"": [""v1:648"", ""v2:648""], ""snapshot_polls"": 1}"
20260919T063135Z_e21f4e64,649,recovery,1789799545.2558484,1789799545.2744124,18.588,0,18.588,pass,,independent_snapshot,"{""prerequisite_acknowledged"": true, ""client_b_read_v1"": true, ""dependent_acknowledged"": true, ""visible_ids"": [""v1:649"", ""v2:649""], ""snapshot_polls"": 1}"
20260919T063135Z_e21f4e64,650,recovery,1789799545.274928,1789799545.2934694,18.541,0,18.541,pass,,independent_snapshot,"{""prerequisite_acknowledged"": true, ""client_b_read_v1"": true, ""dependent_acknowledged"": true, ""visible_ids"": [""v1:650"", ""v2:650""], ""snapshot_polls"": 1}"
20260919T063135Z_e21f4e64,651,recovery,1789799545.2934694,1789799545.3111043,17.886,0,17.886,pass,,independent_snapshot,"{""prerequisite_acknowledged"": true, ""client_b_read_v1"": true, ""dependent_acknowledged"": true, ""visible_ids"": [""v1:651"", ""v2:651""], ""snapshot_polls"": 1}"
20260919T063135Z_e21f4e64,652,recovery,1789799545.3111043,1789799545.329261,18.097,0,18.097,pass,,independent_snapshot,"{""prerequisite_acknowledged"": true, ""client_b_read_v1"": true, ""dependent_acknowledged"": true, ""visible_ids"": [""v1:652"", ""v2:652""], ""snapshot_polls"": 1}"
20260919T063135Z_e21f4e64,653,recovery,1789799545.329261,1789799545.3478067,18.519,0,18.519,pass,,independent_snapshot,"{""prerequisite_acknowledged"": true, ""client_b_read_v1"": true, ""dependent_acknowledged"": true, ""visible_ids"": [""v1:653"", ""v2:653""], ""snapshot_polls"": 1}"
20260919T063135Z_e21f4e64,654,recovery,1789799545.3478067,1789799545.3651958,17.174,0,17.174,pass,,independent_snapshot,"{""prerequisite_acknowledged"": true, ""client_b_read_v1"": true, ""dependent_acknowledged"": true, ""visible_ids"": [""v1:654"", ""v2:654""], ""snapshot_polls"": 1}"
20260919T063135Z_e21f4e64,655,recovery,1789799545.3651958,1789799545.383494,18.363,0,18.363,pass,,independent_snapshot,"{""prerequisite_acknowledged"": true, ""client_b_read_v1"": true, ""dependent_acknowledged"": true, ""visible_ids"": [""v1:655"", ""v2:655""], ""snapshot_polls"": 1}"
20260919T063135Z_e21f4e64,656,recovery,1789799545.3840082,1789799545.400263,16.854,0,16.854,pass,,independent_snapshot,"{""prerequisite_acknowledged"": true, ""client_b_read_v1"": true, ""dependent_acknowledged"": true, ""visible_ids"": [""v1:656"", ""v2:656""], ""snapshot_polls"": 1}"
20260919T063135Z_e21f4e64,657,recovery,1789799545.400263,1789799545.4189427,18.245,0,18.245,pass,,independent_snapshot,"{""prerequisite_acknowledged"": true, ""client_b_read_v1"": true, ""dependent_acknowledged"": true, ""visible_ids"": [""v1:657"", ""v2:657""], ""snapshot_polls"": 1}"
20260919T063135Z_e21f4e64,658,recovery,1789799545.4189427,1789799545.4372787,18.467,0,18.467,pass,,independent_snapshot,"{""prerequisite_acknowledged"": true, ""client_b_read_v1"": true, ""dependent_acknowledged"": true, ""visible_ids"": [""v1:658"", ""v2:658""], ""snapshot_polls"": 1}"
20260919T063135Z_e21f4e64,659,recovery,1789799545.4372787,1789799545.4563904,18.961,0,18.961,pass,,independent_snapshot,"{""prerequisite_acknowledged"": true, ""client_b_read_v1"": true, ""dependent_acknowledged"": true, ""visible_ids"": [""v1:659"", ""v2:659""], ""snapshot_polls"": 1}"
20260919T063135Z_e21f4e64,660,recovery,1789799545.4563904,1789799545.4768536,20.215,0,20.215,pass,,independent_snapshot,"{""prerequisite_acknowledged"": true, ""client_b_read_v1"": true, ""dependent_acknowledged"": true, ""visible_ids"": [""v1:660"", ""v2:660""], ""snapshot_polls"": 1}"
20260919T063135Z_e21f4e64,661,recovery,1789799545.4768536,1789799545.4964085,19.318,0,19.318,pass,,independent_snapshot,"{""prerequisite_acknowledged"": true, ""client_b_read_v1"": true, ""dependent_acknowledged"": true, ""visible_ids"": [""v1:661"", ""v2:661""], ""snapshot_polls"": 1}"
20260919T063135Z_e21f4e64,662,recovery,1789799545.4964085,1789799545.513852,17.25,0,17.25,pass,,independent_snapshot,"{""prerequisite_acknowledged"": true, ""client_b_read_v1"": true, ""dependent_acknowledged"": true, ""visible_ids"": [""v1:662"", ""v2:662""], ""snapshot_polls"": 1}"
20260919T063135Z_e21f4e64,663,recovery,1789799545.513852,1789799545.5291746,15.753,0,15.753,pass,,independent_snapshot,"{""prerequisite_acknowledged"": true, ""client_b_read_v1"": true, ""dependent_acknowledged"": true, ""visible_ids"": [""v1:663"", ""v2:663""], ""snapshot_polls"": 1}"
20260919T063135Z_e21f4e64,664,recovery,1789799545.5291746,1789799545.5447748,15.294,0,15.294,pass,,independent_snapshot,"{""prerequisite_acknowledged"": true, ""client_b_read_v1"": true, ""dependent_acknowledged"": true, ""visible_ids"": [""v1:664"", ""v2:664""], ""snapshot_polls"": 1}"
20260919T063135Z_e21f4e64,665,recovery,1789799545.5447748,1789799545.561552,16.418,0,16.418,pass,,independent_snapshot,"{""prerequisite_acknowledged"": true, ""client_b_read_v1"": true, ""dependent_acknowledged"": true, ""visible_ids"": [""v1:665"", ""v2:665""], ""snapshot_polls"": 1}"
20260919T063135Z_e21f4e64,666,recovery,1789799545.561552,1789799545.5785985,16.982,0,16.982,pass,,independent_snapshot,"{""prerequisite_acknowledged"": true, ""client_b_read_v1"": true, ""dependent_acknowledged"": true, ""visible_ids"": [""v1:666"", ""v2:666""], ""snapshot_polls"": 1}"
20260919T063135Z_e21f4e64,667,recovery,1789799545.5785985,1789799545.5935652,15.949,0,15.949,pass,,independent_snapshot,"{""prerequisite_acknowledged"": true, ""client_b_read_v1"": true, ""dependent_acknowledged"": true, ""visible_ids"": [""v1:667"", ""v2:667""], ""snapshot_polls"": 1}"
20260919T063135Z_e21f4e64,668,recovery,1789799545.5935652,1789799545.6111362,17.059,0,17.059,pass,,independent_snapshot,"{""prerequisite_acknowledged"": true, ""client_b_read_v1"": true, ""dependent_acknowledged"": true, ""visible_ids"": [""v1:668"", ""v2:668""], ""snapshot_polls"": 1}"
20260919T063135Z_e21f4e64,669,recovery,1789799545.6111362,1789799545.627849,16.332,0,16.332,pass,,independent_snapshot,"{""prerequisite_acknowledged"": true, ""client_b_read_v1"": true, ""dependent_acknowledged"": true, ""visible_ids"": [""v1:669"", ""v2:669""], ""snapshot_polls"": 1}"
20260919T063135Z_e21f4e64,670,recovery,1789799545.627849,1789799545.6464012,18.192,0,18.192,pass,,independent_snapshot,"{""prerequisite_acknowledged"": true, ""client_b_read_v1"": true, ""dependent_acknowledged"": true, ""visible_ids"": [""v1:670"", ""v2:670""], ""snapshot_polls"": 1}"
20260919T063135Z_e21f4e64,671,recovery,1789799545.6464012,1789799545.6657655,19.498,0,19.498,pass,,independent_snapshot,"{""prerequisite_acknowledged"": true, ""client_b_read_v1"": true, ""dependent_acknowledged"": true, ""visible_ids"": [""v1:671"", ""v2:671""], ""snapshot_polls"": 1}"
20260919T063135Z_e21f4e64,672,recovery,1789799545.6657655,1789799545.6844928,18.668,0,18.668,pass,,independent_snapshot,"{""prerequisite_acknowledged"": true, ""client_b_read_v1"": true, ""dependent_acknowledged"": true, ""visible_ids"": [""v1:672"", ""v2:672""], ""snapshot_polls"": 1}"
20260919T063135Z_e21f4e64,673,recovery,1789799545.6844928,1789799545.70227,17.647,0,17.647,pass,,independent_snapshot,"{""prerequisite_acknowledged"": true, ""client_b_read_v1"": true, ""dependent_acknowledged"": true, ""visible_ids"": [""v1:673"", ""v2:673""], ""snapshot_polls"": 1}"
20260919T063135Z_e21f4e64,674,recovery,1789799545.70227,1789799545.7221987,19.757,0,19.757,pass,,independent_snapshot,"{""prerequisite_acknowledged"": true, ""client_b_read_v1"": true, ""dependent_acknowledged"": true, ""visible_ids"": [""v1:674"", ""v2:674""], ""snapshot_polls"": 1}"
20260919T063135Z_e21f4e64,675,recovery,1789799545.7221987,1789799545.7441974,21.965,0,21.965,pass,,independent_snapshot,"{""prerequisite_acknowledged"": true, ""client_b_read_v1"": true, ""dependent_acknowledged"": true, ""visible_ids"": [""v1:675"", ""v2:675""], ""snapshot_polls"": 1}"
20260919T063135Z_e21f4e64,676,recovery,1789799545.7441974,1789799545.765606,21.279,0,21.279,pass,,independent_snapshot,"{""prerequisite_acknowledged"": true, ""client_b_read_v1"": true, ""dependent_acknowledged"": true, ""visible_ids"": [""v1:676"", ""v2:676""], ""snapshot_polls"": 1}"
20260919T063135Z_e21f4e64,677,recovery,1789799545.765606,1789799545.7866793,20.952,0,20.952,pass,,independent_snapshot,"{""prerequisite_acknowledged"": true, ""client_b_read_v1"": true, ""dependent_acknowledged"": true, ""visible_ids"": [""v1:677"", ""v2:677""], ""snapshot_polls"": 1}"
20260919T063135Z_e21f4e64,678,recovery,1789799545.7866793,1789799545.8070896,20.548,0,20.548,pass,,independent_snapshot,"{""prerequisite_acknowledged"": true, ""client_b_read_v1"": true, ""dependent_acknowledged"": true, ""visible_ids"": [""v1:678"", ""v2:678""], ""snapshot_polls"": 1}"
20260919T063135Z_e21f4e64,679,recovery,1789799545.8070896,1789799545.827005,19.55,0,19.55,pass,,independent_snapshot,"{""prerequisite_acknowledged"": true, ""client_b_read_v1"": true, ""dependent_acknowledged"": true, ""visible_ids"": [""v1:679"", ""v2:679""], ""snapshot_polls"": 1}"
20260919T063135Z_e21f4e64,680,recovery,1789799545.827005,1789799545.8475804,20.39,0,20.39,pass,,independent_snapshot,"{""prerequisite_acknowledged"": true, ""client_b_read_v1"": true, ""dependent_acknowledged"": true, ""visible_ids"": [""v1:680"", ""v2:680""], ""snapshot_polls"": 1}"
20260919T063135Z_e21f4e64,681,recovery,1789799545.8475804,1789799545.8686259,21.299,0,21.299,pass,,independent_snapshot,"{""prerequisite_acknowledged"": true, ""client_b_read_v1"": true, ""dependent_acknowledged"": true, ""visible_ids"": [""v1:681"", ""v2:681""], ""snapshot_polls"": 1}"
20260919T063135Z_e21f4e64,682,recovery,1789799545.86921,1789799545.8883781,19.218,0,19.218,pass,,independent_snapshot,"{""prerequisite_acknowledged"": true, ""client_b_read_v1"": true, ""dependent_acknowledged"": true, ""visible_ids"": [""v1:682"", ""v2:682""], ""snapshot_polls"": 1}"
20260919T063135Z_e21f4e64,683,recovery,1789799545.8883781,1789799545.9060557,17.889,0,17.889,pass,,independent_snapshot,"{""prerequisite_acknowledged"": true, ""client_b_read_v1"": true, ""dependent_acknowledged"": true, ""visible_ids"": [""v1:683"", ""v2:683""], ""snapshot_polls"": 1}"
20260919T063135Z_e21f4e64,684,recovery,1789799545.9060557,1789799545.9236221,17.4,0,17.4,pass,,independent_snapshot,"{""prerequisite_acknowledged"": true, ""client_b_read_v1"": true, ""dependent_acknowledged"": true, ""visible_ids"": [""v1:684"", ""v2:684""], ""snapshot_polls"": 1}"
20260919T063135Z_e21f4e64,685,recovery,1789799545.9236221,1789799545.9400806,16.18,0,16.18,pass,,independent_snapshot,"{""prerequisite_acknowledged"": true, ""client_b_read_v1"": true, ""dependent_acknowledged"": true, ""visible_ids"": [""v1:685"", ""v2:685""], ""snapshot_polls"": 1}"
20260919T063135Z_e21f4e64,686,recovery,1789799545.9400806,1789799545.9566567,16.844,0,16.844,pass,,independent_snapshot,"{""prerequisite_acknowledged"": true, ""client_b_read_v1"": true, ""dependent_acknowledged"": true, ""visible_ids"": [""v1:686"", ""v2:686""], ""snapshot_polls"": 1}"
20260919T063135Z_e21f4e64,687,recovery,1789799545.9566567,1789799545.9753928,18.735,0,18.735,pass,,independent_snapshot,"{""prerequisite_acknowledged"": true, ""client_b_read_v1"": true, ""dependent_acknowledged"": true, ""visible_ids"": [""v1:687"", ""v2:687""], ""snapshot_polls"": 1}"
20260919T063135Z_e21f4e64,688,recovery,1789799545.9753928,1789799545.992564,17.24,0,17.24,pass,,independent_snapshot,"{""prerequisite_acknowledged"": true, ""client_b_read_v1"": true, ""dependent_acknowledged"": true, ""visible_ids"": [""v1:688"", ""v2:688""], ""snapshot_polls"": 1}"
20260919T063135Z_e21f4e64,689,recovery,1789799545.992564,1789799546.0176132,24.645,0,24.645,pass,,independent_snapshot,"{""prerequisite_acknowledged"": true, ""client_b_read_v1"": true, ""dependent_acknowledged"": true, ""visible_ids"": [""v1:689"", ""v2:689""], ""snapshot_polls"": 1}"
20260919T063135Z_e21f4e64,690,recovery,1789799546.0176132,1789799546.0367668,19.171,0,19.171,pass,,independent_snapshot,"{""prerequisite_acknowledged"": true, ""client_b_read_v1"": true, ""dependent_acknowledged"": true, ""visible_ids"": [""v1:690"", ""v2:690""], ""snapshot_polls"": 1}"
20260919T063135Z_e21f4e64,691,recovery,1789799546.0367668,1789799546.0561836,19.252,0,19.252,pass,,independent_snapshot,"{""prerequisite_acknowledged"": true, ""client_b_read_v1"": true, ""dependent_acknowledged"": true, ""visible_ids"": [""v1:691"", ""v2:691""], ""snapshot_polls"": 1}"
20260919T063135Z_e21f4e64,692,recovery,1789799546.0561836,1789799546.0765436,20.311,0,20.311,pass,,independent_snapshot,"{""prerequisite_acknowledged"": true, ""client_b_read_v1"": true, ""dependent_acknowledged"": true, ""visible_ids"": [""v1:692"", ""v2:692""], ""snapshot_polls"": 1}"
20260919T063135Z_e21f4e64,693,recovery,1789799546.0765436,1789799546.102319,25.229,0,25.229,pass,,independent_snapshot,"{""prerequisite_acknowledged"": true, ""client_b_read_v1"": true, ""dependent_acknowledged"": true, ""visible_ids"": [""v1:693"", ""v2:693""], ""snapshot_polls"": 1}"
20260919T063135Z_e21f4e64,694,recovery,1789799546.102319,1789799546.1285942,26.588,0,26.588,pass,,independent_snapshot,"{""prerequisite_acknowledged"": true, ""client_b_read_v1"": true, ""dependent_acknowledged"": true, ""visible_ids"": [""v1:694"", ""v2:694""], ""snapshot_polls"": 1}"
20260919T063135Z_e21f4e64,695,recovery,1789799546.1285942,1789799546.1472263,18.159,0,18.159,pass,,independent_snapshot,"{""prerequisite_acknowledged"": true, ""client_b_read_v1"": true, ""dependent_acknowledged"": true, ""visible_ids"": [""v1:695"", ""v2:695""], ""snapshot_polls"": 1}"
20260919T063135Z_e21f4e64,696,recovery,1789799546.1472263,1789799546.1649091,17.819,0,17.819,pass,,independent_snapshot,"{""prerequisite_acknowledged"": true, ""client_b_read_v1"": true, ""dependent_acknowledged"": true, ""visible_ids"": [""v1:696"", ""v2:696""], ""snapshot_polls"": 1}"
20260919T063135Z_e21f4e64,697,recovery,1789799546.1649091,1789799546.1832483,18.217,0,18.217,pass,,independent_snapshot,"{""prerequisite_acknowledged"": true, ""client_b_read_v1"": true, ""dependent_acknowledged"": true, ""visible_ids"": [""v1:697"", ""v2:697""], ""snapshot_polls"": 1}"
20260919T063135Z_e21f4e64,698,recovery,1789799546.1836286,1789799546.2017097,18.132,0,18.132,pass,,independent_snapshot,"{""prerequisite_acknowledged"": true, ""client_b_read_v1"": true, ""dependent_acknowledged"": true, ""visible_ids"": [""v1:698"", ""v2:698""], ""snapshot_polls"": 1}"
20260919T063135Z_e21f4e64,699,recovery,1789799546.2017097,1789799546.2207687,19.16,0,19.16,pass,,independent_snapshot,"{""prerequisite_acknowledged"": true, ""client_b_read_v1"": true, ""dependent_acknowledged"": true, ""visible_ids"": [""v1:699"", ""v2:699""], ""snapshot_polls"": 1}"
20260919T063135Z_e21f4e64,700,recovery,1789799546.2207687,1789799546.2433896,22.662,0,22.662,pass,,independent_snapshot,"{""prerequisite_acknowledged"": true, ""client_b_read_v1"": true, ""dependent_acknowledged"": true, ""visible_ids"": [""v1:700"", ""v2:700""], ""snapshot_polls"": 1}"
20260919T063135Z_e21f4e64,701,recovery,1789799546.2478285,1789799546.268838,20.589,0,20.589,pass,,independent_snapshot,"{""prerequisite_acknowledged"": true, ""client_b_read_v1"": true, ""dependent_acknowledged"": true, ""visible_ids"": [""v1:701"", ""v2:701""], ""snapshot_polls"": 1}"
20260919T063135Z_e21f4e64,702,recovery,1789799546.268838,1789799546.2887568,20.28,0,20.28,pass,,independent_snapshot,"{""prerequisite_acknowledged"": true, ""client_b_read_v1"": true, ""dependent_acknowledged"": true, ""visible_ids"": [""v1:702"", ""v2:702""], ""snapshot_polls"": 1}"
20260919T063135Z_e21f4e64,703,recovery,1789799546.28943,1789799546.3076458,18.878,0,18.878,pass,,independent_snapshot,"{""prerequisite_acknowledged"": true, ""client_b_read_v1"": true, ""dependent_acknowledged"": true, ""visible_ids"": [""v1:703"", ""v2:703""], ""snapshot_polls"": 1}"
20260919T063135Z_e21f4e64,704,recovery,1789799546.3083286,1789799546.3289888,20.843,0,20.843,pass,,independent_snapshot,"{""prerequisite_acknowledged"": true, ""client_b_read_v1"": true, ""dependent_acknowledged"": true, ""visible_ids"": [""v1:704"", ""v2:704""], ""snapshot_polls"": 1}"
20260919T063135Z_e21f4e64,705,recovery,1789799546.3289888,1789799546.3472207,18.241,0,18.241,pass,,independent_snapshot,"{""prerequisite_acknowledged"": true, ""client_b_read_v1"": true, ""dependent_acknowledged"": true, ""visible_ids"": [""v1:705"", ""v2:705""], ""snapshot_polls"": 1}"
20260919T063135Z_e21f4e64,706,recovery,1789799546.3472207,1789799546.3649619,17.675,0,17.675,pass,,independent_snapshot,"{""prerequisite_acknowledged"": true, ""client_b_read_v1"": true, ""dependent_acknowledged"": true, ""visible_ids"": [""v1:706"", ""v2:706""], ""snapshot_polls"": 1}"
20260919T063135Z_e21f4e64,707,recovery,1789799546.3654737,1789799546.385472,20.529,0,20.529,pass,,independent_snapshot,"{""prerequisite_acknowledged"": true, ""client_b_read_v1"": true, ""dependent_acknowledged"": true, ""visible_ids"": [""v1:707"", ""v2:707""], ""snapshot_polls"": 1}"
20260919T063135Z_e21f4e64,708,recovery,1789799546.386047,1789799546.405764,19.895,0,19.895,pass,,independent_snapshot,"{""prerequisite_acknowledged"": true, ""client_b_read_v1"": true, ""dependent_acknowledged"": true, ""visible_ids"": [""v1:708"", ""v2:708""], ""snapshot_polls"": 1}"
20260919T063135Z_e21f4e64,709,recovery,1789799546.405764,1789799546.4267316,20.704,0,20.704,pass,,independent_snapshot,"{""prerequisite_acknowledged"": true, ""client_b_read_v1"": true, ""dependent_acknowledged"": true, ""visible_ids"": [""v1:709"", ""v2:709""], ""snapshot_polls"": 1}"
20260919T063135Z_e21f4e64,710,recovery,1789799546.4267316,1789799546.444387,18.236,0,18.236,pass,,independent_snapshot,"{""prerequisite_acknowledged"": true, ""client_b_read_v1"": true, ""dependent_acknowledged"": true, ""visible_ids"": [""v1:710"", ""v2:710""], ""snapshot_polls"": 1}"
20260919T063135Z_e21f4e64,711,recovery,1789799546.4451146,1789799546.4622085,17.44,0,17.44,pass,,independent_snapshot,"{""prerequisite_acknowledged"": true, ""client_b_read_v1"": true, ""dependent_acknowledged"": true, ""visible_ids"": [""v1:711"", ""v2:711""], ""snapshot_polls"": 1}"
20260919T063135Z_e21f4e64,712,recovery,1789799546.4622085,1789799546.4792924,16.979,0,16.979,pass,,independent_snapshot,"{""prerequisite_acknowledged"": true, ""client_b_read_v1"": true, ""dependent_acknowledged"": true, ""visible_ids"": [""v1:712"", ""v2:712""], ""snapshot_polls"": 1}"
20260919T063135Z_e21f4e64,713,recovery,1789799546.4792924,1789799546.4979622,18.568,0,18.568,pass,,independent_snapshot,"{""prerequisite_acknowledged"": true, ""client_b_read_v1"": true, ""dependent_acknowledged"": true, ""visible_ids"": [""v1:713"", ""v2:713""], ""snapshot_polls"": 1}"
20260919T063135Z_e21f4e64,714,recovery,1789799546.4979622,1789799546.516101,18.123,0,18.123,pass,,independent_snapshot,"{""prerequisite_acknowledged"": true, ""client_b_read_v1"": true, ""dependent_acknowledged"": true, ""visible_ids"": [""v1:714"", ""v2:714""], ""snapshot_polls"": 1}"
20260919T063135Z_e21f4e64,715,recovery,1789799546.516101,1789799546.5354412,18.945,0,18.945,pass,,independent_snapshot,"{""prerequisite_acknowledged"": true, ""client_b_read_v1"": true, ""dependent_acknowledged"": true, ""visible_ids"": [""v1:715"", ""v2:715""], ""snapshot_polls"": 1}"
20260919T063135Z_e21f4e64,716,recovery,1789799546.5354412,1789799546.5546856,19.48,0,19.48,pass,,independent_snapshot,"{""prerequisite_acknowledged"": true, ""client_b_read_v1"": true, ""dependent_acknowledged"": true, ""visible_ids"": [""v1:716"", ""v2:716""], ""snapshot_polls"": 1}"
20260919T063135Z_e21f4e64,717,recovery,1789799546.5552619,1789799546.5759015,20.576,0,20.576,pass,,independent_snapshot,"{""prerequisite_acknowledged"": true, ""client_b_read_v1"": true, ""dependent_acknowledged"": true, ""visible_ids"": [""v1:717"", ""v2:717""], ""snapshot_polls"": 1}"
20260919T063135Z_e21f4e64,718,recovery,1789799546.5759015,1789799546.5959227,19.893,0,19.893,pass,,independent_snapshot,"{""prerequisite_acknowledged"": true, ""client_b_read_v1"": true, ""dependent_acknowledged"": true, ""visible_ids"": [""v1:718"", ""v2:718""], ""snapshot_polls"": 1}"
20260919T063135Z_e21f4e64,719,recovery,1789799546.5959227,1789799546.619888,24.331,0,24.331,pass,,independent_snapshot,"{""prerequisite_acknowledged"": true, ""client_b_read_v1"": true, ""dependent_acknowledged"": true, ""visible_ids"": [""v1:719"", ""v2:719""], ""snapshot_polls"": 1}"
20260919T063135Z_e21f4e64,720,recovery,1789799546.619888,1789799546.6433902,23.352,0,23.352,pass,,independent_snapshot,"{""prerequisite_acknowledged"": true, ""client_b_read_v1"": true, ""dependent_acknowledged"": true, ""visible_ids"": [""v1:720"", ""v2:720""], ""snapshot_polls"": 1}"
20260919T063135Z_e21f4e64,721,recovery,1789799546.6440325,1789799546.665493,22.047,0,22.047,pass,,independent_snapshot,"{""prerequisite_acknowledged"": true, ""client_b_read_v1"": true, ""dependent_acknowledged"": true, ""visible_ids"": [""v1:721"", ""v2:721""], ""snapshot_polls"": 1}"
20260919T063135Z_e21f4e64,722,recovery,1789799546.6661844,1789799546.688997,23.207,0,23.207,pass,,independent_snapshot,"{""prerequisite_acknowledged"": true, ""client_b_read_v1"": true, ""dependent_acknowledged"": true, ""visible_ids"": [""v1:722"", ""v2:722""], ""snapshot_polls"": 1}"
20260919T063135Z_e21f4e64,723,recovery,1789799546.688997,1789799546.70776,18.783,0,18.783,pass,,independent_snapshot,"{""prerequisite_acknowledged"": true, ""client_b_read_v1"": true, ""dependent_acknowledged"": true, ""visible_ids"": [""v1:723"", ""v2:723""], ""snapshot_polls"": 1}"
20260919T063135Z_e21f4e64,724,recovery,1789799546.70776,1789799546.730899,22.865,0,22.865,pass,,independent_snapshot,"{""prerequisite_acknowledged"": true, ""client_b_read_v1"": true, ""dependent_acknowledged"": true, ""visible_ids"": [""v1:724"", ""v2:724""], ""snapshot_polls"": 1}"
20260919T063135Z_e21f4e64,725,recovery,1789799546.730899,1789799546.7519495,20.657,0,20.657,pass,,independent_snapshot,"{""prerequisite_acknowledged"": true, ""client_b_read_v1"": true, ""dependent_acknowledged"": true, ""visible_ids"": [""v1:725"", ""v2:725""], ""snapshot_polls"": 1}"
20260919T063135Z_e21f4e64,726,recovery,1789799546.7519495,1789799546.7742383,22.947,0,22.947,pass,,independent_snapshot,"{""prerequisite_acknowledged"": true, ""client_b_read_v1"": true, ""dependent_acknowledged"": true, ""visible_ids"": [""v1:726"", ""v2:726""], ""snapshot_polls"": 1}"
20260919T063135Z_e21f4e64,727,recovery,1789799546.7750173,1789799546.7954662,20.463,0,20.463,pass,,independent_snapshot,"{""prerequisite_acknowledged"": true, ""client_b_read_v1"": true, ""dependent_acknowledged"": true, ""visible_ids"": [""v1:727"", ""v2:727""], ""snapshot_polls"": 1}"
20260919T063135Z_e21f4e64,728,recovery,1789799546.7954662,1789799546.8156445,20.265,0,20.265,pass,,independent_snapshot,"{""prerequisite_acknowledged"": true, ""client_b_read_v1"": true, ""dependent_acknowledged"": true, ""visible_ids"": [""v1:728"", ""v2:728""], ""snapshot_polls"": 1}"
20260919T063135Z_e21f4e64,729,recovery,1789799546.8156445,1789799546.8371844,21.321,0,21.321,pass,,independent_snapshot,"{""prerequisite_acknowledged"": true, ""client_b_read_v1"": true, ""dependent_acknowledged"": true, ""visible_ids"": [""v1:729"", ""v2:729""], ""snapshot_polls"": 1}"
20260919T063135Z_e21f4e64,730,recovery,1789799546.8371844,1789799546.8569982,19.903,0,19.903,pass,,independent_snapshot,"{""prerequisite_acknowledged"": true, ""client_b_read_v1"": true, ""dependent_acknowledged"": true, ""visible_ids"": [""v1:730"", ""v2:730""], ""snapshot_polls"": 1}"
20260919T063135Z_e21f4e64,731,recovery,1789799546.8569982,1789799546.8751833,18.417,0,18.417,pass,,independent_snapshot,"{""prerequisite_acknowledged"": true, ""client_b_read_v1"": true, ""dependent_acknowledged"": true, ""visible_ids"": [""v1:731"", ""v2:731""], ""snapshot_polls"": 1}"
20260919T063135Z_e21f4e64,732,recovery,1789799546.8751833,1789799546.894976,19.245,0,19.245,pass,,independent_snapshot,"{""prerequisite_acknowledged"": true, ""client_b_read_v1"": true, ""dependent_acknowledged"": true, ""visible_ids"": [""v1:732"", ""v2:732""], ""snapshot_polls"": 1}"
20260919T063135Z_e21f4e64,733,recovery,1789799546.894976,1789799546.914028,19.189,0,19.189,pass,,independent_snapshot,"{""prerequisite_acknowledged"": true, ""client_b_read_v1"": true, ""dependent_acknowledged"": true, ""visible_ids"": [""v1:733"", ""v2:733""], ""snapshot_polls"": 1}"
20260919T063135Z_e21f4e64,734,recovery,1789799546.9145908,1789799546.9345462,20.551,0,20.551,pass,,independent_snapshot,"{""prerequisite_acknowledged"": true, ""client_b_read_v1"": true, ""dependent_acknowledged"": true, ""visible_ids"": [""v1:734"", ""v2:734""], ""snapshot_polls"": 1}"
20260919T063135Z_e21f4e64,735,recovery,1789799546.9352808,1789799546.9546938,19.401,0,19.401,pass,,independent_snapshot,"{""prerequisite_acknowledged"": true, ""client_b_read_v1"": true, ""dependent_acknowledged"": true, ""visible_ids"": [""v1:735"", ""v2:735""], ""snapshot_polls"": 1}"
20260919T063135Z_e21f4e64,736,recovery,1789799546.9546938,1789799546.9733317,19.009,0,19.009,pass,,independent_snapshot,"{""prerequisite_acknowledged"": true, ""client_b_read_v1"": true, ""dependent_acknowledged"": true, ""visible_ids"": [""v1:736"", ""v2:736""], ""snapshot_polls"": 1}"
20260919T063135Z_e21f4e64,737,recovery,1789799546.9739418,1789799546.9912233,17.556,0,17.556,pass,,independent_snapshot,"{""prerequisite_acknowledged"": true, ""client_b_read_v1"": true, ""dependent_acknowledged"": true, ""visible_ids"": [""v1:737"", ""v2:737""], ""snapshot_polls"": 1}"
20260919T063135Z_e21f4e64,738,recovery,1789799546.9912233,1789799547.0096745,18.169,0,18.169,pass,,independent_snapshot,"{""prerequisite_acknowledged"": true, ""client_b_read_v1"": true, ""dependent_acknowledged"": true, ""visible_ids"": [""v1:738"", ""v2:738""], ""snapshot_polls"": 1}"
20260919T063135Z_e21f4e64,739,recovery,1789799547.0096745,1789799547.0276349,18.171,0,18.171,pass,,independent_snapshot,"{""prerequisite_acknowledged"": true, ""client_b_read_v1"": true, ""dependent_acknowledged"": true, ""visible_ids"": [""v1:739"", ""v2:739""], ""snapshot_polls"": 1}"
20260919T063135Z_e21f4e64,740,recovery,1789799547.0276349,1789799547.0453477,17.726,0,17.726,pass,,independent_snapshot,"{""prerequisite_acknowledged"": true, ""client_b_read_v1"": true, ""dependent_acknowledged"": true, ""visible_ids"": [""v1:740"", ""v2:740""], ""snapshot_polls"": 1}"
20260919T063135Z_e21f4e64,741,recovery,1789799547.045867,1789799547.0649266,19.551,0,19.551,pass,,independent_snapshot,"{""prerequisite_acknowledged"": true, ""client_b_read_v1"": true, ""dependent_acknowledged"": true, ""visible_ids"": [""v1:741"", ""v2:741""], ""snapshot_polls"": 1}"
20260919T063135Z_e21f4e64,742,recovery,1789799547.0654411,1789799547.0855486,20.004,0,20.004,pass,,independent_snapshot,"{""prerequisite_acknowledged"": true, ""client_b_read_v1"": true, ""dependent_acknowledged"": true, ""visible_ids"": [""v1:742"", ""v2:742""], ""snapshot_polls"": 1}"
20260919T063135Z_e21f4e64,743,recovery,1789799547.0855486,1789799547.1046348,19.051,0,19.051,pass,,independent_snapshot,"{""prerequisite_acknowledged"": true, ""client_b_read_v1"": true, ""dependent_acknowledged"": true, ""visible_ids"": [""v1:743"", ""v2:743""], ""snapshot_polls"": 1}"
20260919T063135Z_e21f4e64,744,recovery,1789799547.1046348,1789799547.1230295,18.692,0,18.692,pass,,independent_snapshot,"{""prerequisite_acknowledged"": true, ""client_b_read_v1"": true, ""dependent_acknowledged"": true, ""visible_ids"": [""v1:744"", ""v2:744""], ""snapshot_polls"": 1}"
20260919T063135Z_e21f4e64,745,recovery,1789799547.1230295,1789799547.1429894,19.678,0,19.678,pass,,independent_snapshot,"{""prerequisite_acknowledged"": true, ""client_b_read_v1"": true, ""dependent_acknowledged"": true, ""visible_ids"": [""v1:745"", ""v2:745""], ""snapshot_polls"": 1}"
20260919T063135Z_e21f4e64,746,recovery,1789799547.1429894,1789799547.166954,23.651,0,23.651,pass,,independent_snapshot,"{""prerequisite_acknowledged"": true, ""client_b_read_v1"": true, ""dependent_acknowledged"": true, ""visible_ids"": [""v1:746"", ""v2:746""], ""snapshot_polls"": 1}"
20260919T063135Z_e21f4e64,747,recovery,1789799547.166954,1789799547.1878135,20.802,0,20.802,pass,,independent_snapshot,"{""prerequisite_acknowledged"": true, ""client_b_read_v1"": true, ""dependent_acknowledged"": true, ""visible_ids"": [""v1:747"", ""v2:747""], ""snapshot_polls"": 1}"
20260919T063135Z_e21f4e64,748,recovery,1789799547.1878135,1789799547.2095385,21.739,0,21.739,pass,,independent_snapshot,"{""prerequisite_acknowledged"": true, ""client_b_read_v1"": true, ""dependent_acknowledged"": true, ""visible_ids"": [""v1:748"", ""v2:748""], ""snapshot_polls"": 1}"
20260919T063135Z_e21f4e64,749,recovery,1789799547.2095385,1789799547.2305357,21.289,0,21.289,pass,,independent_snapshot,"{""prerequisite_acknowledged"": true, ""client_b_read_v1"": true, ""dependent_acknowledged"": true, ""visible_ids"": [""v1:749"", ""v2:749""], ""snapshot_polls"": 1}"
20260919T063135Z_e21f4e64,750,recovery,1789799547.231152,1789799547.2550452,24.232,0,24.232,pass,,independent_snapshot,"{""prerequisite_acknowledged"": true, ""client_b_read_v1"": true, ""dependent_acknowledged"": true, ""visible_ids"": [""v1:750"", ""v2:750""], ""snapshot_polls"": 1}"
20260919T063135Z_e21f4e64,751,recovery,1789799547.2550452,1789799547.2762332,20.939,0,20.939,pass,,independent_snapshot,"{""prerequisite_acknowledged"": true, ""client_b_read_v1"": true, ""dependent_acknowledged"": true, ""visible_ids"": [""v1:751"", ""v2:751""], ""snapshot_polls"": 1}"
20260919T063135Z_e21f4e64,752,recovery,1789799547.2762332,1789799547.300565,24.728,0,24.728,pass,,independent_snapshot,"{""prerequisite_acknowledged"": true, ""client_b_read_v1"": true, ""dependent_acknowledged"": true, ""visible_ids"": [""v1:752"", ""v2:752""], ""snapshot_polls"": 1}"
20260919T063135Z_e21f4e64,753,recovery,1789799547.3015862,1789799547.3242426,23.071,0,23.071,pass,,independent_snapshot,"{""prerequisite_acknowledged"": true, ""client_b_read_v1"": true, ""dependent_acknowledged"": true, ""visible_ids"": [""v1:753"", ""v2:753""], ""snapshot_polls"": 1}"
20260919T063135Z_e21f4e64,754,recovery,1789799547.3247583,1789799547.3460224,21.764,0,21.764,pass,,independent_snapshot,"{""prerequisite_acknowledged"": true, ""client_b_read_v1"": true, ""dependent_acknowledged"": true, ""visible_ids"": [""v1:754"", ""v2:754""], ""snapshot_polls"": 1}"
20260919T063135Z_e21f4e64,755,recovery,1789799547.3460224,1789799547.3685477,22.011,0,22.011,pass,,independent_snapshot,"{""prerequisite_acknowledged"": true, ""client_b_read_v1"": true, ""dependent_acknowledged"": true, ""visible_ids"": [""v1:755"", ""v2:755""], ""snapshot_polls"": 1}"
20260919T063135Z_e21f4e64,756,recovery,1789799547.3685477,1789799547.389547,21.242,0,21.242,pass,,independent_snapshot,"{""prerequisite_acknowledged"": true, ""client_b_read_v1"": true, ""dependent_acknowledged"": true, ""visible_ids"": [""v1:756"", ""v2:756""], ""snapshot_polls"": 1}"
20260919T063135Z_e21f4e64,757,recovery,1789799547.3901515,1789799547.4105318,20.81,0,20.81,pass,,independent_snapshot,"{""prerequisite_acknowledged"": true, ""client_b_read_v1"": true, ""dependent_acknowledged"": true, ""visible_ids"": [""v1:757"", ""v2:757""], ""snapshot_polls"": 1}"
20260919T063135Z_e21f4e64,758,recovery,1789799547.4105318,1789799547.4315593,20.633,0,20.633,pass,,independent_snapshot,"{""prerequisite_acknowledged"": true, ""client_b_read_v1"": true, ""dependent_acknowledged"": true, ""visible_ids"": [""v1:758"", ""v2:758""], ""snapshot_polls"": 1}"
20260919T063135Z_e21f4e64,759,recovery,1789799547.4315593,1789799547.4550047,23.667,0,23.667,pass,,independent_snapshot,"{""prerequisite_acknowledged"": true, ""client_b_read_v1"": true, ""dependent_acknowledged"": true, ""visible_ids"": [""v1:759"", ""v2:759""], ""snapshot_polls"": 1}"
20260919T063135Z_e21f4e64,760,recovery,1789799547.4550047,1789799547.4746268,20.29,0,20.29,pass,,independent_snapshot,"{""prerequisite_acknowledged"": true, ""client_b_read_v1"": true, ""dependent_acknowledged"": true, ""visible_ids"": [""v1:760"", ""v2:760""], ""snapshot_polls"": 1}"
20260919T063135Z_e21f4e64,761,recovery,1789799547.4746268,1789799547.49511,19.653,0,19.653,pass,,independent_snapshot,"{""prerequisite_acknowledged"": true, ""client_b_read_v1"": true, ""dependent_acknowledged"": true, ""visible_ids"": [""v1:761"", ""v2:761""], ""snapshot_polls"": 1}"
20260919T063135Z_e21f4e64,762,recovery,1789799547.4956293,1789799547.513024,18.225,0,18.225,pass,,independent_snapshot,"{""prerequisite_acknowledged"": true, ""client_b_read_v1"": true, ""dependent_acknowledged"": true, ""visible_ids"": [""v1:762"", ""v2:762""], ""snapshot_polls"": 1}"
20260919T063135Z_e21f4e64,763,recovery,1789799547.513024,1789799547.530088,16.678,0,16.678,pass,,independent_snapshot,"{""prerequisite_acknowledged"": true, ""client_b_read_v1"": true, ""dependent_acknowledged"": true, ""visible_ids"": [""v1:763"", ""v2:763""], ""snapshot_polls"": 1}"
20260919T063135Z_e21f4e64,764,recovery,1789799547.530645,1789799547.5504215,20.155,0,20.155,pass,,independent_snapshot,"{""prerequisite_acknowledged"": true, ""client_b_read_v1"": true, ""dependent_acknowledged"": true, ""visible_ids"": [""v1:764"", ""v2:764""], ""snapshot_polls"": 1}"
20260919T063135Z_e21f4e64,765,recovery,1789799547.5504215,1789799547.573853,23.413,0,23.413,pass,,independent_snapshot,"{""prerequisite_acknowledged"": true, ""client_b_read_v1"": true, ""dependent_acknowledged"": true, ""visible_ids"": [""v1:765"", ""v2:765""], ""snapshot_polls"": 1}"
20260919T063135Z_e21f4e64,766,recovery,1789799547.573853,1789799547.594955,20.963,0,20.963,pass,,independent_snapshot,"{""prerequisite_acknowledged"": true, ""client_b_read_v1"": true, ""dependent_acknowledged"": true, ""visible_ids"": [""v1:766"", ""v2:766""], ""snapshot_polls"": 1}"
20260919T063135Z_e21f4e64,767,recovery,1789799547.594955,1789799547.614801,20.032,0,20.032,pass,,independent_snapshot,"{""prerequisite_acknowledged"": true, ""client_b_read_v1"": true, ""dependent_acknowledged"": true, ""visible_ids"": [""v1:767"", ""v2:767""], ""snapshot_polls"": 1}"
20260919T063135Z_e21f4e64,768,recovery,1789799547.614801,1789799547.6344576,19.066,0,19.066,pass,,independent_snapshot,"{""prerequisite_acknowledged"": true, ""client_b_read_v1"": true, ""dependent_acknowledged"": true, ""visible_ids"": [""v1:768"", ""v2:768""], ""snapshot_polls"": 1}"
20260919T063135Z_e21f4e64,769,recovery,1789799547.6344576,1789799547.6536255,18.925,0,18.925,pass,,independent_snapshot,"{""prerequisite_acknowledged"": true, ""client_b_read_v1"": true, ""dependent_acknowledged"": true, ""visible_ids"": [""v1:769"", ""v2:769""], ""snapshot_polls"": 1}"
20260919T063135Z_e21f4e64,770,recovery,1789799547.6536255,1789799547.6717386,18.091,0,18.091,pass,,independent_snapshot,"{""prerequisite_acknowledged"": true, ""client_b_read_v1"": true, ""dependent_acknowledged"": true, ""visible_ids"": [""v1:770"", ""v2:770""], ""snapshot_polls"": 1}"
20260919T063135Z_e21f4e64,771,recovery,1789799547.6717386,1789799547.6923378,20.865,0,20.865,pass,,independent_snapshot,"{""prerequisite_acknowledged"": true, ""client_b_read_v1"": true, ""dependent_acknowledged"": true, ""visible_ids"": [""v1:771"", ""v2:771""], ""snapshot_polls"": 1}"
20260919T063135Z_e21f4e64,772,recovery,1789799547.6923378,1789799547.7127178,19.882,0,19.882,pass,,independent_snapshot,"{""prerequisite_acknowledged"": true, ""client_b_read_v1"": true, ""dependent_acknowledged"": true, ""visible_ids"": [""v1:772"", ""v2:772""], ""snapshot_polls"": 1}"
20260919T063135Z_e21f4e64,773,recovery,1789799547.7127178,1789799547.7341568,21.816,0,21.816,pass,,independent_snapshot,"{""prerequisite_acknowledged"": true, ""client_b_read_v1"": true, ""dependent_acknowledged"": true, ""visible_ids"": [""v1:773"", ""v2:773""], ""snapshot_polls"": 1}"
20260919T063135Z_e21f4e64,774,recovery,1789799547.734709,1789799547.753271,19.073,0,19.073,pass,,independent_snapshot,"{""prerequisite_acknowledged"": true, ""client_b_read_v1"": true, ""dependent_acknowledged"": true, ""visible_ids"": [""v1:774"", ""v2:774""], ""snapshot_polls"": 1}"
20260919T063135Z_e21f4e64,775,recovery,1789799547.753271,1789799547.7728128,19.307,0,19.307,pass,,independent_snapshot,"{""prerequisite_acknowledged"": true, ""client_b_read_v1"": true, ""dependent_acknowledged"": true, ""visible_ids"": [""v1:775"", ""v2:775""], ""snapshot_polls"": 1}"
20260919T063135Z_e21f4e64,776,recovery,1789799547.7728128,1789799547.7914865,18.646,0,18.646,pass,,independent_snapshot,"{""prerequisite_acknowledged"": true, ""client_b_read_v1"": true, ""dependent_acknowledged"": true, ""visible_ids"": [""v1:776"", ""v2:776""], ""snapshot_polls"": 1}"
20260919T063135Z_e21f4e64,777,recovery,1789799547.7914865,1789799547.8135266,21.533,0,21.533,pass,,independent_snapshot,"{""prerequisite_acknowledged"": true, ""client_b_read_v1"": true, ""dependent_acknowledged"": true, ""visible_ids"": [""v1:777"", ""v2:777""], ""snapshot_polls"": 1}"
20260919T063135Z_e21f4e64,778,recovery,1789799547.8135266,1789799547.8337574,20.683,0,20.683,pass,,independent_snapshot,"{""prerequisite_acknowledged"": true, ""client_b_read_v1"": true, ""dependent_acknowledged"": true, ""visible_ids"": [""v1:778"", ""v2:778""], ""snapshot_polls"": 1}"
20260919T063135Z_e21f4e64,779,recovery,1789799547.8343716,1789799547.856837,22.801,0,22.801,pass,,independent_snapshot,"{""prerequisite_acknowledged"": true, ""client_b_read_v1"": true, ""dependent_acknowledged"": true, ""visible_ids"": [""v1:779"", ""v2:779""], ""snapshot_polls"": 1}"
20260919T063135Z_e21f4e64,780,recovery,1789799547.856837,1789799547.8773434,20.489,0,20.489,pass,,independent_snapshot,"{""prerequisite_acknowledged"": true, ""client_b_read_v1"": true, ""dependent_acknowledged"": true, ""visible_ids"": [""v1:780"", ""v2:780""], ""snapshot_polls"": 1}"
20260919T063135Z_e21f4e64,781,recovery,1789799547.8773434,1789799547.8997264,22.249,0,22.249,pass,,independent_snapshot,"{""prerequisite_acknowledged"": true, ""client_b_read_v1"": true, ""dependent_acknowledged"": true, ""visible_ids"": [""v1:781"", ""v2:781""], ""snapshot_polls"": 1}"
20260919T063135Z_e21f4e64,782,recovery,1789799547.8997264,1789799547.9243834,24.173,0,24.173,pass,,independent_snapshot,"{""prerequisite_acknowledged"": true, ""client_b_read_v1"": true, ""dependent_acknowledged"": true, ""visible_ids"": [""v1:782"", ""v2:782""], ""snapshot_polls"": 1}"
20260919T063135Z_e21f4e64,783,recovery,1789799547.9243834,1789799547.947503,23.188,0,23.188,pass,,independent_snapshot,"{""prerequisite_acknowledged"": true, ""client_b_read_v1"": true, ""dependent_acknowledged"": true, ""visible_ids"": [""v1:783"", ""v2:783""], ""snapshot_polls"": 1}"
20260919T063135Z_e21f4e64,784,recovery,1789799547.947503,1789799547.9682262,20.572,0,20.572,pass,,independent_snapshot,"{""prerequisite_acknowledged"": true, ""client_b_read_v1"": true, ""dependent_acknowledged"": true, ""visible_ids"": [""v1:784"", ""v2:784""], ""snapshot_polls"": 1}"
20260919T063135Z_e21f4e64,785,recovery,1789799547.9682262,1789799547.9884775,20.553,0,20.553,pass,,independent_snapshot,"{""prerequisite_acknowledged"": true, ""client_b_read_v1"": true, ""dependent_acknowledged"": true, ""visible_ids"": [""v1:785"", ""v2:785""], ""snapshot_polls"": 1}"
20260919T063135Z_e21f4e64,786,recovery,1789799547.9891145,1789799548.008493,19.655,0,19.655,pass,,independent_snapshot,"{""prerequisite_acknowledged"": true, ""client_b_read_v1"": true, ""dependent_acknowledged"": true, ""visible_ids"": [""v1:786"", ""v2:786""], ""snapshot_polls"": 1}"
20260919T063135Z_e21f4e64,787,recovery,1789799548.008493,1789799548.027217,18.943,0,18.943,pass,,independent_snapshot,"{""prerequisite_acknowledged"": true, ""client_b_read_v1"": true, ""dependent_acknowledged"": true, ""visible_ids"": [""v1:787"", ""v2:787""], ""snapshot_polls"": 1}"
20260919T063135Z_e21f4e64,788,recovery,1789799548.0279615,1789799548.0453033,17.647,0,17.647,pass,,independent_snapshot,"{""prerequisite_acknowledged"": true, ""client_b_read_v1"": true, ""dependent_acknowledged"": true, ""visible_ids"": [""v1:788"", ""v2:788""], ""snapshot_polls"": 1}"
20260919T063135Z_e21f4e64,789,recovery,1789799548.0453033,1789799548.0623448,17.267,0,17.267,pass,,independent_snapshot,"{""prerequisite_acknowledged"": true, ""client_b_read_v1"": true, ""dependent_acknowledged"": true, ""visible_ids"": [""v1:789"", ""v2:789""], ""snapshot_polls"": 1}"
20260919T063135Z_e21f4e64,790,recovery,1789799548.0623448,1789799548.0807285,17.665,0,17.665,pass,,independent_snapshot,"{""prerequisite_acknowledged"": true, ""client_b_read_v1"": true, ""dependent_acknowledged"": true, ""visible_ids"": [""v1:790"", ""v2:790""], ""snapshot_polls"": 1}"
20260919T063135Z_e21f4e64,791,recovery,1789799548.0807285,1789799548.0986469,18.183,0,18.183,pass,,independent_snapshot,"{""prerequisite_acknowledged"": true, ""client_b_read_v1"": true, ""dependent_acknowledged"": true, ""visible_ids"": [""v1:791"", ""v2:791""], ""snapshot_polls"": 1}"
20260919T063135Z_e21f4e64,792,recovery,1789799548.0986469,1789799548.1182618,19.654,0,19.654,pass,,independent_snapshot,"{""prerequisite_acknowledged"": true, ""client_b_read_v1"": true, ""dependent_acknowledged"": true, ""visible_ids"": [""v1:792"", ""v2:792""], ""snapshot_polls"": 1}"
20260919T063135Z_e21f4e64,793,recovery,1789799548.1182618,1789799548.1363606,17.815,0,17.815,pass,,independent_snapshot,"{""prerequisite_acknowledged"": true, ""client_b_read_v1"": true, ""dependent_acknowledged"": true, ""visible_ids"": [""v1:793"", ""v2:793""], ""snapshot_polls"": 1}"
20260919T063135Z_e21f4e64,794,recovery,1789799548.1363606,1789799548.153463,17.009,0,17.009,pass,,independent_snapshot,"{""prerequisite_acknowledged"": true, ""client_b_read_v1"": true, ""dependent_acknowledged"": true, ""visible_ids"": [""v1:794"", ""v2:794""], ""snapshot_polls"": 1}"
20260919T063135Z_e21f4e64,795,recovery,1789799548.153463,1789799548.1723258,18.561,0,18.561,pass,,independent_snapshot,"{""prerequisite_acknowledged"": true, ""client_b_read_v1"": true, ""dependent_acknowledged"": true, ""visible_ids"": [""v1:795"", ""v2:795""], ""snapshot_polls"": 1}"
20260919T063135Z_e21f4e64,796,recovery,1789799548.1723258,1789799548.1935644,21.43,0,21.43,pass,,independent_snapshot,"{""prerequisite_acknowledged"": true, ""client_b_read_v1"": true, ""dependent_acknowledged"": true, ""visible_ids"": [""v1:796"", ""v2:796""], ""snapshot_polls"": 1}"
20260919T063135Z_e21f4e64,797,recovery,1789799548.1935644,1789799548.2138507,19.835,0,19.835,pass,,independent_snapshot,"{""prerequisite_acknowledged"": true, ""client_b_read_v1"": true, ""dependent_acknowledged"": true, ""visible_ids"": [""v1:797"", ""v2:797""], ""snapshot_polls"": 1}"
20260919T063135Z_e21f4e64,798,recovery,1789799548.2138507,1789799548.2323797,19.091,0,19.091,pass,,independent_snapshot,"{""prerequisite_acknowledged"": true, ""client_b_read_v1"": true, ""dependent_acknowledged"": true, ""visible_ids"": [""v1:798"", ""v2:798""], ""snapshot_polls"": 1}"
20260919T063135Z_e21f4e64,799,recovery,1789799548.2323797,1789799548.2574756,25.066,0,25.066,pass,,independent_snapshot,"{""prerequisite_acknowledged"": true, ""client_b_read_v1"": true, ""dependent_acknowledged"": true, ""visible_ids"": [""v1:799"", ""v2:799""], ""snapshot_polls"": 1}"
20260919T063135Z_e21f4e64,800,recovery,1789799548.2574756,1789799548.2770774,19.252,0,19.252,pass,,independent_snapshot,"{""prerequisite_acknowledged"": true, ""client_b_read_v1"": true, ""dependent_acknowledged"": true, ""visible_ids"": [""v1:800"", ""v2:800""], ""snapshot_polls"": 1}"
20260919T063135Z_e21f4e64,801,recovery,1789799548.2816048,1789799548.307525,25.239,0,25.239,pass,,independent_snapshot,"{""prerequisite_acknowledged"": true, ""client_b_read_v1"": true, ""dependent_acknowledged"": true, ""visible_ids"": [""v1:801"", ""v2:801""], ""snapshot_polls"": 1}"
20260919T063135Z_e21f4e64,802,recovery,1789799548.3079593,1789799548.3378696,30.001,0,30.001,pass,,independent_snapshot,"{""prerequisite_acknowledged"": true, ""client_b_read_v1"": true, ""dependent_acknowledged"": true, ""visible_ids"": [""v1:802"", ""v2:802""], ""snapshot_polls"": 1}"
20260919T063135Z_e21f4e64,803,recovery,1789799548.3378696,1789799548.357527,19.799,0,19.799,pass,,independent_snapshot,"{""prerequisite_acknowledged"": true, ""client_b_read_v1"": true, ""dependent_acknowledged"": true, ""visible_ids"": [""v1:803"", ""v2:803""], ""snapshot_polls"": 1}"
20260919T063135Z_e21f4e64,804,recovery,1789799548.357527,1789799548.3785744,20.799,0,20.799,pass,,independent_snapshot,"{""prerequisite_acknowledged"": true, ""client_b_read_v1"": true, ""dependent_acknowledged"": true, ""visible_ids"": [""v1:804"", ""v2:804""], ""snapshot_polls"": 1}"
20260919T063135Z_e21f4e64,805,recovery,1789799548.3785744,1789799548.402702,24.4,0,24.4,pass,,independent_snapshot,"{""prerequisite_acknowledged"": true, ""client_b_read_v1"": true, ""dependent_acknowledged"": true, ""visible_ids"": [""v1:805"", ""v2:805""], ""snapshot_polls"": 1}"
20260919T063135Z_e21f4e64,806,recovery,1789799548.4033234,1789799548.4254956,22.52,0,22.52,pass,,independent_snapshot,"{""prerequisite_acknowledged"": true, ""client_b_read_v1"": true, ""dependent_acknowledged"": true, ""visible_ids"": [""v1:806"", ""v2:806""], ""snapshot_polls"": 1}"
20260919T063135Z_e21f4e64,807,recovery,1789799548.4254956,1789799548.4508991,25.594,0,25.594,pass,,independent_snapshot,"{""prerequisite_acknowledged"": true, ""client_b_read_v1"": true, ""dependent_acknowledged"": true, ""visible_ids"": [""v1:807"", ""v2:807""], ""snapshot_polls"": 1}"
20260919T063135Z_e21f4e64,808,recovery,1789799548.4516299,1789799548.475396,23.761,0,23.761,pass,,independent_snapshot,"{""prerequisite_acknowledged"": true, ""client_b_read_v1"": true, ""dependent_acknowledged"": true, ""visible_ids"": [""v1:808"", ""v2:808""], ""snapshot_polls"": 1}"
20260919T063135Z_e21f4e64,809,recovery,1789799548.475396,1789799548.5006905,25.583,0,25.583,pass,,independent_snapshot,"{""prerequisite_acknowledged"": true, ""client_b_read_v1"": true, ""dependent_acknowledged"": true, ""visible_ids"": [""v1:809"", ""v2:809""], ""snapshot_polls"": 1}"
20260919T063135Z_e21f4e64,810,recovery,1789799548.5006905,1789799548.5289688,27.456,0,27.456,pass,,independent_snapshot,"{""prerequisite_acknowledged"": true, ""client_b_read_v1"": true, ""dependent_acknowledged"": true, ""visible_ids"": [""v1:810"", ""v2:810""], ""snapshot_polls"": 1}"
20260919T063135Z_e21f4e64,811,recovery,1789799548.5289688,1789799548.558464,29.652,0,29.652,pass,,independent_snapshot,"{""prerequisite_acknowledged"": true, ""client_b_read_v1"": true, ""dependent_acknowledged"": true, ""visible_ids"": [""v1:811"", ""v2:811""], ""snapshot_polls"": 1}"
20260919T063135Z_e21f4e64,812,recovery,1789799548.558464,1789799548.5825799,24.168,0,24.168,pass,,independent_snapshot,"{""prerequisite_acknowledged"": true, ""client_b_read_v1"": true, ""dependent_acknowledged"": true, ""visible_ids"": [""v1:812"", ""v2:812""], ""snapshot_polls"": 1}"
20260919T063135Z_e21f4e64,813,recovery,1789799548.5832095,1789799548.6032128,20.05,0,20.05,pass,,independent_snapshot,"{""prerequisite_acknowledged"": true, ""client_b_read_v1"": true, ""dependent_acknowledged"": true, ""visible_ids"": [""v1:813"", ""v2:813""], ""snapshot_polls"": 1}"
20260919T063135Z_e21f4e64,814,recovery,1789799548.6032128,1789799548.6224928,19.727,0,19.727,pass,,independent_snapshot,"{""prerequisite_acknowledged"": true, ""client_b_read_v1"": true, ""dependent_acknowledged"": true, ""visible_ids"": [""v1:814"", ""v2:814""], ""snapshot_polls"": 1}"
20260919T063135Z_e21f4e64,815,recovery,1789799548.6224928,1789799548.641662,18.631,0,18.631,pass,,independent_snapshot,"{""prerequisite_acknowledged"": true, ""client_b_read_v1"": true, ""dependent_acknowledged"": true, ""visible_ids"": [""v1:815"", ""v2:815""], ""snapshot_polls"": 1}"
20260919T063135Z_e21f4e64,816,recovery,1789799548.641662,1789799548.6599314,18.417,0,18.417,pass,,independent_snapshot,"{""prerequisite_acknowledged"": true, ""client_b_read_v1"": true, ""dependent_acknowledged"": true, ""visible_ids"": [""v1:816"", ""v2:816""], ""snapshot_polls"": 1}"
20260919T063135Z_e21f4e64,817,recovery,1789799548.6599314,1789799548.6794178,19.505,0,19.505,pass,,independent_snapshot,"{""prerequisite_acknowledged"": true, ""client_b_read_v1"": true, ""dependent_acknowledged"": true, ""visible_ids"": [""v1:817"", ""v2:817""], ""snapshot_polls"": 1}"
20260919T063135Z_e21f4e64,818,recovery,1789799548.6794178,1789799548.6999402,20.467,0,20.467,pass,,independent_snapshot,"{""prerequisite_acknowledged"": true, ""client_b_read_v1"": true, ""dependent_acknowledged"": true, ""visible_ids"": [""v1:818"", ""v2:818""], ""snapshot_polls"": 1}"
20260919T063135Z_e21f4e64,819,recovery,1789799548.6999402,1789799548.7216709,21.609,0,21.609,pass,,independent_snapshot,"{""prerequisite_acknowledged"": true, ""client_b_read_v1"": true, ""dependent_acknowledged"": true, ""visible_ids"": [""v1:819"", ""v2:819""], ""snapshot_polls"": 1}"
20260919T063135Z_e21f4e64,820,recovery,1789799548.7216709,1789799548.7406414,18.878,0,18.878,pass,,independent_snapshot,"{""prerequisite_acknowledged"": true, ""client_b_read_v1"": true, ""dependent_acknowledged"": true, ""visible_ids"": [""v1:820"", ""v2:820""], ""snapshot_polls"": 1}"
20260919T063135Z_e21f4e64,821,recovery,1789799548.7406414,1789799548.7603703,19.498,0,19.498,pass,,independent_snapshot,"{""prerequisite_acknowledged"": true, ""client_b_read_v1"": true, ""dependent_acknowledged"": true, ""visible_ids"": [""v1:821"", ""v2:821""], ""snapshot_polls"": 1}"
20260919T063135Z_e21f4e64,822,recovery,1789799548.7603703,1789799548.7810147,20.276,0,20.276,pass,,independent_snapshot,"{""prerequisite_acknowledged"": true, ""client_b_read_v1"": true, ""dependent_acknowledged"": true, ""visible_ids"": [""v1:822"", ""v2:822""], ""snapshot_polls"": 1}"
20260919T063135Z_e21f4e64,823,recovery,1789799548.7810147,1789799548.7992773,18.315,0,18.315,pass,,independent_snapshot,"{""prerequisite_acknowledged"": true, ""client_b_read_v1"": true, ""dependent_acknowledged"": true, ""visible_ids"": [""v1:823"", ""v2:823""], ""snapshot_polls"": 1}"
20260919T063135Z_e21f4e64,824,recovery,1789799548.7992773,1789799548.820409,21.364,0,21.364,pass,,independent_snapshot,"{""prerequisite_acknowledged"": true, ""client_b_read_v1"": true, ""dependent_acknowledged"": true, ""visible_ids"": [""v1:824"", ""v2:824""], ""snapshot_polls"": 1}"
20260919T063135Z_e21f4e64,825,recovery,1789799548.820409,1789799548.8397906,19.28,0,19.28,pass,,independent_snapshot,"{""prerequisite_acknowledged"": true, ""client_b_read_v1"": true, ""dependent_acknowledged"": true, ""visible_ids"": [""v1:825"", ""v2:825""], ""snapshot_polls"": 1}"
20260919T063135Z_e21f4e64,826,recovery,1789799548.840367,1789799548.8614068,21.492,0,21.492,pass,,independent_snapshot,"{""prerequisite_acknowledged"": true, ""client_b_read_v1"": true, ""dependent_acknowledged"": true, ""visible_ids"": [""v1:826"", ""v2:826""], ""snapshot_polls"": 1}"
20260919T063135Z_e21f4e64,827,recovery,1789799548.8619232,1789799548.8822205,20.817,0,20.817,pass,,independent_snapshot,"{""prerequisite_acknowledged"": true, ""client_b_read_v1"": true, ""dependent_acknowledged"": true, ""visible_ids"": [""v1:827"", ""v2:827""], ""snapshot_polls"": 1}"
20260919T063135Z_e21f4e64,828,recovery,1789799548.8822205,1789799548.9025252,20.154,0,20.154,pass,,independent_snapshot,"{""prerequisite_acknowledged"": true, ""client_b_read_v1"": true, ""dependent_acknowledged"": true, ""visible_ids"": [""v1:828"", ""v2:828""], ""snapshot_polls"": 1}"
20260919T063135Z_e21f4e64,829,recovery,1789799548.9025252,1789799548.9248323,21.848,0,21.848,pass,,independent_snapshot,"{""prerequisite_acknowledged"": true, ""client_b_read_v1"": true, ""dependent_acknowledged"": true, ""visible_ids"": [""v1:829"", ""v2:829""], ""snapshot_polls"": 1}"
20260919T063135Z_e21f4e64,830,recovery,1789799548.9248323,1789799548.94405,19.496,0,19.496,pass,,independent_snapshot,"{""prerequisite_acknowledged"": true, ""client_b_read_v1"": true, ""dependent_acknowledged"": true, ""visible_ids"": [""v1:830"", ""v2:830""], ""snapshot_polls"": 1}"
20260919T063135Z_e21f4e64,831,recovery,1789799548.94405,1789799548.9638574,19.33,0,19.33,pass,,independent_snapshot,"{""prerequisite_acknowledged"": true, ""client_b_read_v1"": true, ""dependent_acknowledged"": true, ""visible_ids"": [""v1:831"", ""v2:831""], ""snapshot_polls"": 1}"
20260919T063135Z_e21f4e64,832,recovery,1789799548.9638574,1789799548.9838278,20.352,0,20.352,pass,,independent_snapshot,"{""prerequisite_acknowledged"": true, ""client_b_read_v1"": true, ""dependent_acknowledged"": true, ""visible_ids"": [""v1:832"", ""v2:832""], ""snapshot_polls"": 1}"
20260919T063135Z_e21f4e64,833,recovery,1789799548.9838278,1789799549.007965,23.556,0,23.556,pass,,independent_snapshot,"{""prerequisite_acknowledged"": true, ""client_b_read_v1"": true, ""dependent_acknowledged"": true, ""visible_ids"": [""v1:833"", ""v2:833""], ""snapshot_polls"": 1}"
20260919T063135Z_e21f4e64,834,recovery,1789799549.007965,1789799549.0351603,27.104,0,27.104,pass,,independent_snapshot,"{""prerequisite_acknowledged"": true, ""client_b_read_v1"": true, ""dependent_acknowledged"": true, ""visible_ids"": [""v1:834"", ""v2:834""], ""snapshot_polls"": 1}"
20260919T063135Z_e21f4e64,835,recovery,1789799549.0351603,1789799549.0598423,24.43,0,24.43,pass,,independent_snapshot,"{""prerequisite_acknowledged"": true, ""client_b_read_v1"": true, ""dependent_acknowledged"": true, ""visible_ids"": [""v1:835"", ""v2:835""], ""snapshot_polls"": 1}"
20260919T063135Z_e21f4e64,836,recovery,1789799549.0598423,1789799549.0797763,19.789,0,19.789,pass,,independent_snapshot,"{""prerequisite_acknowledged"": true, ""client_b_read_v1"": true, ""dependent_acknowledged"": true, ""visible_ids"": [""v1:836"", ""v2:836""], ""snapshot_polls"": 1}"
20260919T063135Z_e21f4e64,837,recovery,1789799549.0797763,1789799549.0982492,18.376,0,18.376,pass,,independent_snapshot,"{""prerequisite_acknowledged"": true, ""client_b_read_v1"": true, ""dependent_acknowledged"": true, ""visible_ids"": [""v1:837"", ""v2:837""], ""snapshot_polls"": 1}"
20260919T063135Z_e21f4e64,838,recovery,1789799549.0982492,1789799549.119044,20.709,0,20.709,pass,,independent_snapshot,"{""prerequisite_acknowledged"": true, ""client_b_read_v1"": true, ""dependent_acknowledged"": true, ""visible_ids"": [""v1:838"", ""v2:838""], ""snapshot_polls"": 1}"
20260919T063135Z_e21f4e64,839,recovery,1789799549.119044,1789799549.1382241,19.264,0,19.264,pass,,independent_snapshot,"{""prerequisite_acknowledged"": true, ""client_b_read_v1"": true, ""dependent_acknowledged"": true, ""visible_ids"": [""v1:839"", ""v2:839""], ""snapshot_polls"": 1}"
20260919T063135Z_e21f4e64,840,recovery,1789799549.1382241,1789799549.1584377,20.48,0,20.48,pass,,independent_snapshot,"{""prerequisite_acknowledged"": true, ""client_b_read_v1"": true, ""dependent_acknowledged"": true, ""visible_ids"": [""v1:840"", ""v2:840""], ""snapshot_polls"": 1}"
20260919T063135Z_e21f4e64,841,recovery,1789799549.1590834,1789799549.181607,22.859,0,22.859,pass,,independent_snapshot,"{""prerequisite_acknowledged"": true, ""client_b_read_v1"": true, ""dependent_acknowledged"": true, ""visible_ids"": [""v1:841"", ""v2:841""], ""snapshot_polls"": 1}"
20260919T063135Z_e21f4e64,842,recovery,1789799549.181607,1789799549.201483,19.869,0,19.869,pass,,independent_snapshot,"{""prerequisite_acknowledged"": true, ""client_b_read_v1"": true, ""dependent_acknowledged"": true, ""visible_ids"": [""v1:842"", ""v2:842""], ""snapshot_polls"": 1}"
20260919T063135Z_e21f4e64,843,recovery,1789799549.201483,1789799549.2216778,19.951,0,19.951,pass,,independent_snapshot,"{""prerequisite_acknowledged"": true, ""client_b_read_v1"": true, ""dependent_acknowledged"": true, ""visible_ids"": [""v1:843"", ""v2:843""], ""snapshot_polls"": 1}"
20260919T063135Z_e21f4e64,844,recovery,1789799549.2216778,1789799549.2405117,19.037,0,19.037,pass,,independent_snapshot,"{""prerequisite_acknowledged"": true, ""client_b_read_v1"": true, ""dependent_acknowledged"": true, ""visible_ids"": [""v1:844"", ""v2:844""], ""snapshot_polls"": 1}"
20260919T063135Z_e21f4e64,845,recovery,1789799549.2411275,1789799549.262261,21.348,0,21.348,pass,,independent_snapshot,"{""prerequisite_acknowledged"": true, ""client_b_read_v1"": true, ""dependent_acknowledged"": true, ""visible_ids"": [""v1:845"", ""v2:845""], ""snapshot_polls"": 1}"
20260919T063135Z_e21f4e64,846,recovery,1789799549.262261,1789799549.2819881,19.462,0,19.462,pass,,independent_snapshot,"{""prerequisite_acknowledged"": true, ""client_b_read_v1"": true, ""dependent_acknowledged"": true, ""visible_ids"": [""v1:846"", ""v2:846""], ""snapshot_polls"": 1}"
20260919T063135Z_e21f4e64,847,recovery,1789799549.2819881,1789799549.3047209,23.058,0,23.058,pass,,independent_snapshot,"{""prerequisite_acknowledged"": true, ""client_b_read_v1"": true, ""dependent_acknowledged"": true, ""visible_ids"": [""v1:847"", ""v2:847""], ""snapshot_polls"": 1}"
20260919T063135Z_e21f4e64,848,recovery,1789799549.3047209,1789799549.3230705,18.356,0,18.356,pass,,independent_snapshot,"{""prerequisite_acknowledged"": true, ""client_b_read_v1"": true, ""dependent_acknowledged"": true, ""visible_ids"": [""v1:848"", ""v2:848""], ""snapshot_polls"": 1}"
20260919T063135Z_e21f4e64,849,recovery,1789799549.323681,1789799549.342342,19.084,0,19.084,pass,,independent_snapshot,"{""prerequisite_acknowledged"": true, ""client_b_read_v1"": true, ""dependent_acknowledged"": true, ""visible_ids"": [""v1:849"", ""v2:849""], ""snapshot_polls"": 1}"
20260919T063135Z_e21f4e64,850,recovery,1789799549.342342,1789799549.3601208,17.79,0,17.79,pass,,independent_snapshot,"{""prerequisite_acknowledged"": true, ""client_b_read_v1"": true, ""dependent_acknowledged"": true, ""visible_ids"": [""v1:850"", ""v2:850""], ""snapshot_polls"": 1}"
20260919T063135Z_e21f4e64,851,recovery,1789799549.3601208,1789799549.3821375,21.772,0,21.772,pass,,independent_snapshot,"{""prerequisite_acknowledged"": true, ""client_b_read_v1"": true, ""dependent_acknowledged"": true, ""visible_ids"": [""v1:851"", ""v2:851""], ""snapshot_polls"": 1}"
20260919T063135Z_e21f4e64,852,recovery,1789799549.3821375,1789799549.4046915,22.436,0,22.436,pass,,independent_snapshot,"{""prerequisite_acknowledged"": true, ""client_b_read_v1"": true, ""dependent_acknowledged"": true, ""visible_ids"": [""v1:852"", ""v2:852""], ""snapshot_polls"": 1}"
20260919T063135Z_e21f4e64,853,recovery,1789799549.4046915,1789799549.424704,19.779,0,19.779,pass,,independent_snapshot,"{""prerequisite_acknowledged"": true, ""client_b_read_v1"": true, ""dependent_acknowledged"": true, ""visible_ids"": [""v1:853"", ""v2:853""], ""snapshot_polls"": 1}"
20260919T063135Z_e21f4e64,854,recovery,1789799549.424704,1789799549.4458256,20.981,0,20.981,pass,,independent_snapshot,"{""prerequisite_acknowledged"": true, ""client_b_read_v1"": true, ""dependent_acknowledged"": true, ""visible_ids"": [""v1:854"", ""v2:854""], ""snapshot_polls"": 1}"
20260919T063135Z_e21f4e64,855,recovery,1789799549.4458256,1789799549.4646196,19.135,0,19.135,pass,,independent_snapshot,"{""prerequisite_acknowledged"": true, ""client_b_read_v1"": true, ""dependent_acknowledged"": true, ""visible_ids"": [""v1:855"", ""v2:855""], ""snapshot_polls"": 1}"
20260919T063135Z_e21f4e64,856,recovery,1789799549.465258,1789799549.4835744,18.595,0,18.595,pass,,independent_snapshot,"{""prerequisite_acknowledged"": true, ""client_b_read_v1"": true, ""dependent_acknowledged"": true, ""visible_ids"": [""v1:856"", ""v2:856""], ""snapshot_polls"": 1}"
20260919T063135Z_e21f4e64,857,recovery,1789799549.4835744,1789799549.5034657,20.083,0,20.083,pass,,independent_snapshot,"{""prerequisite_acknowledged"": true, ""client_b_read_v1"": true, ""dependent_acknowledged"": true, ""visible_ids"": [""v1:857"", ""v2:857""], ""snapshot_polls"": 1}"
20260919T063135Z_e21f4e64,858,recovery,1789799549.5034657,1789799549.5222309,18.592,0,18.592,pass,,independent_snapshot,"{""prerequisite_acknowledged"": true, ""client_b_read_v1"": true, ""dependent_acknowledged"": true, ""visible_ids"": [""v1:858"", ""v2:858""], ""snapshot_polls"": 1}"
20260919T063135Z_e21f4e64,859,recovery,1789799549.5222309,1789799549.541617,19.226,0,19.226,pass,,independent_snapshot,"{""prerequisite_acknowledged"": true, ""client_b_read_v1"": true, ""dependent_acknowledged"": true, ""visible_ids"": [""v1:859"", ""v2:859""], ""snapshot_polls"": 1}"
20260919T063135Z_e21f4e64,860,recovery,1789799549.541617,1789799549.5615711,20.049,0,20.049,pass,,independent_snapshot,"{""prerequisite_acknowledged"": true, ""client_b_read_v1"": true, ""dependent_acknowledged"": true, ""visible_ids"": [""v1:860"", ""v2:860""], ""snapshot_polls"": 1}"
20260919T063135Z_e21f4e64,861,recovery,1789799549.56217,1789799549.5791326,17.146,0,17.146,pass,,independent_snapshot,"{""prerequisite_acknowledged"": true, ""client_b_read_v1"": true, ""dependent_acknowledged"": true, ""visible_ids"": [""v1:861"", ""v2:861""], ""snapshot_polls"": 1}"
20260919T063135Z_e21f4e64,862,recovery,1789799549.5791326,1789799549.5966313,17.326,0,17.326,pass,,independent_snapshot,"{""prerequisite_acknowledged"": true, ""client_b_read_v1"": true, ""dependent_acknowledged"": true, ""visible_ids"": [""v1:862"", ""v2:862""], ""snapshot_polls"": 1}"
20260919T063135Z_e21f4e64,863,recovery,1789799549.5966313,1789799549.6193438,22.532,0,22.532,pass,,independent_snapshot,"{""prerequisite_acknowledged"": true, ""client_b_read_v1"": true, ""dependent_acknowledged"": true, ""visible_ids"": [""v1:863"", ""v2:863""], ""snapshot_polls"": 1}"
20260919T063135Z_e21f4e64,864,recovery,1789799549.6193438,1789799549.6396816,20.566,0,20.566,pass,,independent_snapshot,"{""prerequisite_acknowledged"": true, ""client_b_read_v1"": true, ""dependent_acknowledged"": true, ""visible_ids"": [""v1:864"", ""v2:864""], ""snapshot_polls"": 1}"
20260919T063135Z_e21f4e64,865,recovery,1789799549.6396816,1789799549.66213,22.205,0,22.205,pass,,independent_snapshot,"{""prerequisite_acknowledged"": true, ""client_b_read_v1"": true, ""dependent_acknowledged"": true, ""visible_ids"": [""v1:865"", ""v2:865""], ""snapshot_polls"": 1}"
20260919T063135Z_e21f4e64,866,recovery,1789799549.66213,1789799549.6814165,19.207,0,19.207,pass,,independent_snapshot,"{""prerequisite_acknowledged"": true, ""client_b_read_v1"": true, ""dependent_acknowledged"": true, ""visible_ids"": [""v1:866"", ""v2:866""], ""snapshot_polls"": 1}"
20260919T063135Z_e21f4e64,867,recovery,1789799549.6814165,1789799549.7006056,19.282,0,19.282,pass,,independent_snapshot,"{""prerequisite_acknowledged"": true, ""client_b_read_v1"": true, ""dependent_acknowledged"": true, ""visible_ids"": [""v1:867"", ""v2:867""], ""snapshot_polls"": 1}"
20260919T063135Z_e21f4e64,868,recovery,1789799549.7006056,1789799549.723549,22.845,0,22.845,pass,,independent_snapshot,"{""prerequisite_acknowledged"": true, ""client_b_read_v1"": true, ""dependent_acknowledged"": true, ""visible_ids"": [""v1:868"", ""v2:868""], ""snapshot_polls"": 1}"
20260919T063135Z_e21f4e64,869,recovery,1789799549.723549,1789799549.7441235,20.111,0,20.111,pass,,independent_snapshot,"{""prerequisite_acknowledged"": true, ""client_b_read_v1"": true, ""dependent_acknowledged"": true, ""visible_ids"": [""v1:869"", ""v2:869""], ""snapshot_polls"": 1}"
20260919T063135Z_e21f4e64,870,recovery,1789799549.7441235,1789799549.7662373,22.02,0,22.02,pass,,independent_snapshot,"{""prerequisite_acknowledged"": true, ""client_b_read_v1"": true, ""dependent_acknowledged"": true, ""visible_ids"": [""v1:870"", ""v2:870""], ""snapshot_polls"": 1}"
20260919T063135Z_e21f4e64,871,recovery,1789799549.7662373,1789799549.7898037,24.074,0,24.074,pass,,independent_snapshot,"{""prerequisite_acknowledged"": true, ""client_b_read_v1"": true, ""dependent_acknowledged"": true, ""visible_ids"": [""v1:871"", ""v2:871""], ""snapshot_polls"": 1}"
20260919T063135Z_e21f4e64,872,recovery,1789799549.790511,1789799549.8124177,22.179,0,22.179,pass,,independent_snapshot,"{""prerequisite_acknowledged"": true, ""client_b_read_v1"": true, ""dependent_acknowledged"": true, ""visible_ids"": [""v1:872"", ""v2:872""], ""snapshot_polls"": 1}"
20260919T063135Z_e21f4e64,873,recovery,1789799549.8124177,1789799549.8350725,22.326,0,22.326,pass,,independent_snapshot,"{""prerequisite_acknowledged"": true, ""client_b_read_v1"": true, ""dependent_acknowledged"": true, ""visible_ids"": [""v1:873"", ""v2:873""], ""snapshot_polls"": 1}"
20260919T063135Z_e21f4e64,874,recovery,1789799549.8350725,1789799549.8532708,18.484,0,18.484,pass,,independent_snapshot,"{""prerequisite_acknowledged"": true, ""client_b_read_v1"": true, ""dependent_acknowledged"": true, ""visible_ids"": [""v1:874"", ""v2:874""], ""snapshot_polls"": 1}"
20260919T063135Z_e21f4e64,875,recovery,1789799549.8532708,1789799549.869761,16.532,0,16.532,pass,,independent_snapshot,"{""prerequisite_acknowledged"": true, ""client_b_read_v1"": true, ""dependent_acknowledged"": true, ""visible_ids"": [""v1:875"", ""v2:875""], ""snapshot_polls"": 1}"
20260919T063135Z_e21f4e64,876,recovery,1789799549.869761,1789799549.8879502,18.138,0,18.138,pass,,independent_snapshot,"{""prerequisite_acknowledged"": true, ""client_b_read_v1"": true, ""dependent_acknowledged"": true, ""visible_ids"": [""v1:876"", ""v2:876""], ""snapshot_polls"": 1}"
20260919T063135Z_e21f4e64,877,recovery,1789799549.8886135,1789799549.910444,22.067,0,22.067,pass,,independent_snapshot,"{""prerequisite_acknowledged"": true, ""client_b_read_v1"": true, ""dependent_acknowledged"": true, ""visible_ids"": [""v1:877"", ""v2:877""], ""snapshot_polls"": 1}"
20260919T063135Z_e21f4e64,878,recovery,1789799549.910444,1789799549.9280124,17.902,0,17.902,pass,,independent_snapshot,"{""prerequisite_acknowledged"": true, ""client_b_read_v1"": true, ""dependent_acknowledged"": true, ""visible_ids"": [""v1:878"", ""v2:878""], ""snapshot_polls"": 1}"
20260919T063135Z_e21f4e64,879,recovery,1789799549.9287226,1789799549.95115,23.239,0,23.239,pass,,independent_snapshot,"{""prerequisite_acknowledged"": true, ""client_b_read_v1"": true, ""dependent_acknowledged"": true, ""visible_ids"": [""v1:879"", ""v2:879""], ""snapshot_polls"": 1}"
20260919T063135Z_e21f4e64,880,recovery,1789799549.95115,1789799549.975331,23.459,0,23.459,pass,,independent_snapshot,"{""prerequisite_acknowledged"": true, ""client_b_read_v1"": true, ""dependent_acknowledged"": true, ""visible_ids"": [""v1:880"", ""v2:880""], ""snapshot_polls"": 1}"
20260919T063135Z_e21f4e64,881,recovery,1789799549.975331,1789799549.994796,19.653,0,19.653,pass,,independent_snapshot,"{""prerequisite_acknowledged"": true, ""client_b_read_v1"": true, ""dependent_acknowledged"": true, ""visible_ids"": [""v1:881"", ""v2:881""], ""snapshot_polls"": 1}"
20260919T063135Z_e21f4e64,882,recovery,1789799549.994796,1789799550.0162804,20.976,0,20.976,pass,,independent_snapshot,"{""prerequisite_acknowledged"": true, ""client_b_read_v1"": true, ""dependent_acknowledged"": true, ""visible_ids"": [""v1:882"", ""v2:882""], ""snapshot_polls"": 1}"
20260919T063135Z_e21f4e64,883,recovery,1789799550.0162804,1789799550.0344374,18.319,0,18.319,pass,,independent_snapshot,"{""prerequisite_acknowledged"": true, ""client_b_read_v1"": true, ""dependent_acknowledged"": true, ""visible_ids"": [""v1:883"", ""v2:883""], ""snapshot_polls"": 1}"
20260919T063135Z_e21f4e64,884,recovery,1789799550.0344374,1789799550.0532076,18.73,0,18.73,pass,,independent_snapshot,"{""prerequisite_acknowledged"": true, ""client_b_read_v1"": true, ""dependent_acknowledged"": true, ""visible_ids"": [""v1:884"", ""v2:884""], ""snapshot_polls"": 1}"
20260919T063135Z_e21f4e64,885,recovery,1789799550.0532076,1789799550.0708382,17.479,0,17.479,pass,,independent_snapshot,"{""prerequisite_acknowledged"": true, ""client_b_read_v1"": true, ""dependent_acknowledged"": true, ""visible_ids"": [""v1:885"", ""v2:885""], ""snapshot_polls"": 1}"
20260919T063135Z_e21f4e64,886,recovery,1789799550.0708382,1789799550.087893,17.034,0,17.034,pass,,independent_snapshot,"{""prerequisite_acknowledged"": true, ""client_b_read_v1"": true, ""dependent_acknowledged"": true, ""visible_ids"": [""v1:886"", ""v2:886""], ""snapshot_polls"": 1}"
20260919T063135Z_e21f4e64,887,recovery,1789799550.087893,1789799550.104554,16.453,0,16.453,pass,,independent_snapshot,"{""prerequisite_acknowledged"": true, ""client_b_read_v1"": true, ""dependent_acknowledged"": true, ""visible_ids"": [""v1:887"", ""v2:887""], ""snapshot_polls"": 1}"
20260919T063135Z_e21f4e64,888,recovery,1789799550.104554,1789799550.1212175,16.489,0,16.489,pass,,independent_snapshot,"{""prerequisite_acknowledged"": true, ""client_b_read_v1"": true, ""dependent_acknowledged"": true, ""visible_ids"": [""v1:888"", ""v2:888""], ""snapshot_polls"": 1}"
20260919T063135Z_e21f4e64,889,recovery,1789799550.1212175,1789799550.1391509,18.171,0,18.171,pass,,independent_snapshot,"{""prerequisite_acknowledged"": true, ""client_b_read_v1"": true, ""dependent_acknowledged"": true, ""visible_ids"": [""v1:889"", ""v2:889""], ""snapshot_polls"": 1}"
20260919T063135Z_e21f4e64,890,recovery,1789799550.1391509,1789799550.15895,19.503,0,19.503,pass,,independent_snapshot,"{""prerequisite_acknowledged"": true, ""client_b_read_v1"": true, ""dependent_acknowledged"": true, ""visible_ids"": [""v1:890"", ""v2:890""], ""snapshot_polls"": 1}"
20260919T063135Z_e21f4e64,891,recovery,1789799550.15895,1789799550.1778738,19.02,0,19.02,pass,,independent_snapshot,"{""prerequisite_acknowledged"": true, ""client_b_read_v1"": true, ""dependent_acknowledged"": true, ""visible_ids"": [""v1:891"", ""v2:891""], ""snapshot_polls"": 1}"
20260919T063135Z_e21f4e64,892,recovery,1789799550.1778738,1789799550.1946816,16.832,0,16.832,pass,,independent_snapshot,"{""prerequisite_acknowledged"": true, ""client_b_read_v1"": true, ""dependent_acknowledged"": true, ""visible_ids"": [""v1:892"", ""v2:892""], ""snapshot_polls"": 1}"
20260919T063135Z_e21f4e64,893,recovery,1789799550.1946816,1789799550.2173183,22.459,0,22.459,pass,,independent_snapshot,"{""prerequisite_acknowledged"": true, ""client_b_read_v1"": true, ""dependent_acknowledged"": true, ""visible_ids"": [""v1:893"", ""v2:893""], ""snapshot_polls"": 1}"
20260919T063135Z_e21f4e64,894,recovery,1789799550.2173183,1789799550.2386181,21.276,0,21.276,pass,,independent_snapshot,"{""prerequisite_acknowledged"": true, ""client_b_read_v1"": true, ""dependent_acknowledged"": true, ""visible_ids"": [""v1:894"", ""v2:894""], ""snapshot_polls"": 1}"
20260919T063135Z_e21f4e64,895,recovery,1789799550.2391274,1789799550.2599626,20.852,0,20.852,pass,,independent_snapshot,"{""prerequisite_acknowledged"": true, ""client_b_read_v1"": true, ""dependent_acknowledged"": true, ""visible_ids"": [""v1:895"", ""v2:895""], ""snapshot_polls"": 1}"
20260919T063135Z_e21f4e64,896,recovery,1789799550.2599626,1789799550.2821636,22.284,0,22.284,pass,,independent_snapshot,"{""prerequisite_acknowledged"": true, ""client_b_read_v1"": true, ""dependent_acknowledged"": true, ""visible_ids"": [""v1:896"", ""v2:896""], ""snapshot_polls"": 1}"
20260919T063135Z_e21f4e64,897,recovery,1789799550.2821636,1789799550.3043225,22.212,0,22.212,pass,,independent_snapshot,"{""prerequisite_acknowledged"": true, ""client_b_read_v1"": true, ""dependent_acknowledged"": true, ""visible_ids"": [""v1:897"", ""v2:897""], ""snapshot_polls"": 1}"
20260919T063135Z_e21f4e64,898,recovery,1789799550.3043225,1789799550.322477,17.781,0,17.781,pass,,independent_snapshot,"{""prerequisite_acknowledged"": true, ""client_b_read_v1"": true, ""dependent_acknowledged"": true, ""visible_ids"": [""v1:898"", ""v2:898""], ""snapshot_polls"": 1}"
20260919T063135Z_e21f4e64,899,recovery,1789799550.322477,1789799550.340867,18.354,0,18.354,pass,,independent_snapshot,"{""prerequisite_acknowledged"": true, ""client_b_read_v1"": true, ""dependent_acknowledged"": true, ""visible_ids"": [""v1:899"", ""v2:899""], ""snapshot_polls"": 1}"
20260919T063135Z_e21f4e64,900,recovery,1789799550.340867,1789799550.3587668,18.06,0,18.06,pass,,independent_snapshot,"{""prerequisite_acknowledged"": true, ""client_b_read_v1"": true, ""dependent_acknowledged"": true, ""visible_ids"": [""v1:900"", ""v2:900""], ""snapshot_polls"": 1}"
20260919T063135Z_e21f4e64,901,recovery,1789799550.3629298,1789799550.3798208,16.969,0,16.969,pass,,independent_snapshot,"{""prerequisite_acknowledged"": true, ""client_b_read_v1"": true, ""dependent_acknowledged"": true, ""visible_ids"": [""v1:901"", ""v2:901""], ""snapshot_polls"": 1}"
20260919T063135Z_e21f4e64,902,recovery,1789799550.3798208,1789799550.3967245,17.07,0,17.07,pass,,independent_snapshot,"{""prerequisite_acknowledged"": true, ""client_b_read_v1"": true, ""dependent_acknowledged"": true, ""visible_ids"": [""v1:902"", ""v2:902""], ""snapshot_polls"": 1}"
20260919T063135Z_e21f4e64,903,recovery,1789799550.3967245,1789799550.413063,15.939,0,15.939,pass,,independent_snapshot,"{""prerequisite_acknowledged"": true, ""client_b_read_v1"": true, ""dependent_acknowledged"": true, ""visible_ids"": [""v1:903"", ""v2:903""], ""snapshot_polls"": 1}"
20260919T063135Z_e21f4e64,904,recovery,1789799550.413063,1789799550.4297488,16.549,0,16.549,pass,,independent_snapshot,"{""prerequisite_acknowledged"": true, ""client_b_read_v1"": true, ""dependent_acknowledged"": true, ""visible_ids"": [""v1:904"", ""v2:904""], ""snapshot_polls"": 1}"
20260919T063135Z_e21f4e64,905,recovery,1789799550.4297488,1789799550.4464629,16.579,0,16.579,pass,,independent_snapshot,"{""prerequisite_acknowledged"": true, ""client_b_read_v1"": true, ""dependent_acknowledged"": true, ""visible_ids"": [""v1:905"", ""v2:905""], ""snapshot_polls"": 1}"
20260919T063135Z_e21f4e64,906,recovery,1789799550.4464629,1789799550.4629285,16.405,0,16.405,pass,,independent_snapshot,"{""prerequisite_acknowledged"": true, ""client_b_read_v1"": true, ""dependent_acknowledged"": true, ""visible_ids"": [""v1:906"", ""v2:906""], ""snapshot_polls"": 1}"
20260919T063135Z_e21f4e64,907,recovery,1789799550.4629285,1789799550.4786837,15.835,0,15.835,pass,,independent_snapshot,"{""prerequisite_acknowledged"": true, ""client_b_read_v1"": true, ""dependent_acknowledged"": true, ""visible_ids"": [""v1:907"", ""v2:907""], ""snapshot_polls"": 1}"
20260919T063135Z_e21f4e64,908,recovery,1789799550.4786837,1789799550.4942784,15.439,0,15.439,pass,,independent_snapshot,"{""prerequisite_acknowledged"": true, ""client_b_read_v1"": true, ""dependent_acknowledged"": true, ""visible_ids"": [""v1:908"", ""v2:908""], ""snapshot_polls"": 1}"
20260919T063135Z_e21f4e64,909,recovery,1789799550.4942784,1789799550.5104592,16.161,0,16.161,pass,,independent_snapshot,"{""prerequisite_acknowledged"": true, ""client_b_read_v1"": true, ""dependent_acknowledged"": true, ""visible_ids"": [""v1:909"", ""v2:909""], ""snapshot_polls"": 1}"
20260919T063135Z_e21f4e64,910,recovery,1789799550.5104592,1789799550.5266783,15.951,0,15.951,pass,,independent_snapshot,"{""prerequisite_acknowledged"": true, ""client_b_read_v1"": true, ""dependent_acknowledged"": true, ""visible_ids"": [""v1:910"", ""v2:910""], ""snapshot_polls"": 1}"
20260919T063135Z_e21f4e64,911,recovery,1789799550.5266783,1789799550.5426328,16.343,0,16.343,pass,,independent_snapshot,"{""prerequisite_acknowledged"": true, ""client_b_read_v1"": true, ""dependent_acknowledged"": true, ""visible_ids"": [""v1:911"", ""v2:911""], ""snapshot_polls"": 1}"
20260919T063135Z_e21f4e64,912,recovery,1789799550.543278,1789799550.5586758,16.108,0,16.108,pass,,independent_snapshot,"{""prerequisite_acknowledged"": true, ""client_b_read_v1"": true, ""dependent_acknowledged"": true, ""visible_ids"": [""v1:912"", ""v2:912""], ""snapshot_polls"": 1}"
20260919T063135Z_e21f4e64,913,recovery,1789799550.5594704,1789799550.5757082,16.465,0,16.465,pass,,independent_snapshot,"{""prerequisite_acknowledged"": true, ""client_b_read_v1"": true, ""dependent_acknowledged"": true, ""visible_ids"": [""v1:913"", ""v2:913""], ""snapshot_polls"": 1}"
20260919T063135Z_e21f4e64,914,recovery,1789799550.5757082,1789799550.5922441,16.355,0,16.355,pass,,independent_snapshot,"{""prerequisite_acknowledged"": true, ""client_b_read_v1"": true, ""dependent_acknowledged"": true, ""visible_ids"": [""v1:914"", ""v2:914""], ""snapshot_polls"": 1}"
20260919T063135Z_e21f4e64,915,recovery,1789799550.5922441,1789799550.6085496,16.195,0,16.195,pass,,independent_snapshot,"{""prerequisite_acknowledged"": true, ""client_b_read_v1"": true, ""dependent_acknowledged"": true, ""visible_ids"": [""v1:915"", ""v2:915""], ""snapshot_polls"": 1}"
20260919T063135Z_e21f4e64,916,recovery,1789799550.6085496,1789799550.6266398,17.984,0,17.984,pass,,independent_snapshot,"{""prerequisite_acknowledged"": true, ""client_b_read_v1"": true, ""dependent_acknowledged"": true, ""visible_ids"": [""v1:916"", ""v2:916""], ""snapshot_polls"": 1}"
20260919T063135Z_e21f4e64,917,recovery,1789799550.6266398,1789799550.6445246,17.823,0,17.823,pass,,independent_snapshot,"{""prerequisite_acknowledged"": true, ""client_b_read_v1"": true, ""dependent_acknowledged"": true, ""visible_ids"": [""v1:917"", ""v2:917""], ""snapshot_polls"": 1}"
20260919T063135Z_e21f4e64,918,recovery,1789799550.6445246,1789799550.6628935,18.728,0,18.728,pass,,independent_snapshot,"{""prerequisite_acknowledged"": true, ""client_b_read_v1"": true, ""dependent_acknowledged"": true, ""visible_ids"": [""v1:918"", ""v2:918""], ""snapshot_polls"": 1}"
20260919T063135Z_e21f4e64,919,recovery,1789799550.6635542,1789799550.684345,21.382,0,21.382,pass,,independent_snapshot,"{""prerequisite_acknowledged"": true, ""client_b_read_v1"": true, ""dependent_acknowledged"": true, ""visible_ids"": [""v1:919"", ""v2:919""], ""snapshot_polls"": 1}"
20260919T063135Z_e21f4e64,920,recovery,1789799550.6849945,1789799550.7023957,17.704,0,17.704,pass,,independent_snapshot,"{""prerequisite_acknowledged"": true, ""client_b_read_v1"": true, ""dependent_acknowledged"": true, ""visible_ids"": [""v1:920"", ""v2:920""], ""snapshot_polls"": 1}"
20260919T063135Z_e21f4e64,921,recovery,1789799550.7023957,1789799550.7222419,19.601,0,19.601,pass,,independent_snapshot,"{""prerequisite_acknowledged"": true, ""client_b_read_v1"": true, ""dependent_acknowledged"": true, ""visible_ids"": [""v1:921"", ""v2:921""], ""snapshot_polls"": 1}"
20260919T063135Z_e21f4e64,922,recovery,1789799550.7222419,1789799550.7398987,18.032,0,18.032,pass,,independent_snapshot,"{""prerequisite_acknowledged"": true, ""client_b_read_v1"": true, ""dependent_acknowledged"": true, ""visible_ids"": [""v1:922"", ""v2:922""], ""snapshot_polls"": 1}"
20260919T063135Z_e21f4e64,923,recovery,1789799550.7398987,1789799550.7592168,18.616,0,18.616,pass,,independent_snapshot,"{""prerequisite_acknowledged"": true, ""client_b_read_v1"": true, ""dependent_acknowledged"": true, ""visible_ids"": [""v1:923"", ""v2:923""], ""snapshot_polls"": 1}"
20260919T063135Z_e21f4e64,924,recovery,1789799550.7592168,1789799550.778826,19.965,0,19.965,pass,,independent_snapshot,"{""prerequisite_acknowledged"": true, ""client_b_read_v1"": true, ""dependent_acknowledged"": true, ""visible_ids"": [""v1:924"", ""v2:924""], ""snapshot_polls"": 1}"
20260919T063135Z_e21f4e64,925,recovery,1789799550.778826,1789799550.8002603,20.88,0,20.88,pass,,independent_snapshot,"{""prerequisite_acknowledged"": true, ""client_b_read_v1"": true, ""dependent_acknowledged"": true, ""visible_ids"": [""v1:925"", ""v2:925""], ""snapshot_polls"": 1}"
20260919T063135Z_e21f4e64,926,recovery,1789799550.8002603,1789799550.8212936,21.84,0,21.84,pass,,independent_snapshot,"{""prerequisite_acknowledged"": true, ""client_b_read_v1"": true, ""dependent_acknowledged"": true, ""visible_ids"": [""v1:926"", ""v2:926""], ""snapshot_polls"": 1}"
20260919T063135Z_e21f4e64,927,recovery,1789799550.8212936,1789799550.842784,20.558,0,20.558,pass,,independent_snapshot,"{""prerequisite_acknowledged"": true, ""client_b_read_v1"": true, ""dependent_acknowledged"": true, ""visible_ids"": [""v1:927"", ""v2:927""], ""snapshot_polls"": 1}"
20260919T063135Z_e21f4e64,928,recovery,1789799550.842784,1789799550.8639915,21.043,0,21.043,pass,,independent_snapshot,"{""prerequisite_acknowledged"": true, ""client_b_read_v1"": true, ""dependent_acknowledged"": true, ""visible_ids"": [""v1:928"", ""v2:928""], ""snapshot_polls"": 1}"
20260919T063135Z_e21f4e64,929,recovery,1789799550.8639915,1789799550.8829248,19.541,0,19.541,pass,,independent_snapshot,"{""prerequisite_acknowledged"": true, ""client_b_read_v1"": true, ""dependent_acknowledged"": true, ""visible_ids"": [""v1:929"", ""v2:929""], ""snapshot_polls"": 1}"
20260919T063135Z_e21f4e64,930,recovery,1789799550.883807,1789799550.9026165,19.19,0,19.19,pass,,independent_snapshot,"{""prerequisite_acknowledged"": true, ""client_b_read_v1"": true, ""dependent_acknowledged"": true, ""visible_ids"": [""v1:930"", ""v2:930""], ""snapshot_polls"": 1}"
20260919T063135Z_e21f4e64,931,recovery,1789799550.9026165,1789799550.9250915,22.475,0,22.475,pass,,independent_snapshot,"{""prerequisite_acknowledged"": true, ""client_b_read_v1"": true, ""dependent_acknowledged"": true, ""visible_ids"": [""v1:931"", ""v2:931""], ""snapshot_polls"": 1}"
20260919T063135Z_e21f4e64,932,recovery,1789799550.9250915,1789799550.9472919,21.745,0,21.745,pass,,independent_snapshot,"{""prerequisite_acknowledged"": true, ""client_b_read_v1"": true, ""dependent_acknowledged"": true, ""visible_ids"": [""v1:932"", ""v2:932""], ""snapshot_polls"": 1}"
20260919T063135Z_e21f4e64,933,recovery,1789799550.9472919,1789799550.971817,24.28,0,24.28,pass,,independent_snapshot,"{""prerequisite_acknowledged"": true, ""client_b_read_v1"": true, ""dependent_acknowledged"": true, ""visible_ids"": [""v1:933"", ""v2:933""], ""snapshot_polls"": 1}"
20260919T063135Z_e21f4e64,934,recovery,1789799550.971817,1789799550.9920204,20.267,0,20.267,pass,,independent_snapshot,"{""prerequisite_acknowledged"": true, ""client_b_read_v1"": true, ""dependent_acknowledged"": true, ""visible_ids"": [""v1:934"", ""v2:934""], ""snapshot_polls"": 1}"
20260919T063135Z_e21f4e64,935,recovery,1789799550.9920204,1789799551.0113783,19.771,0,19.771,pass,,independent_snapshot,"{""prerequisite_acknowledged"": true, ""client_b_read_v1"": true, ""dependent_acknowledged"": true, ""visible_ids"": [""v1:935"", ""v2:935""], ""snapshot_polls"": 1}"
20260919T063135Z_e21f4e64,936,recovery,1789799551.012156,1789799551.02957,17.868,0,17.868,pass,,independent_snapshot,"{""prerequisite_acknowledged"": true, ""client_b_read_v1"": true, ""dependent_acknowledged"": true, ""visible_ids"": [""v1:936"", ""v2:936""], ""snapshot_polls"": 1}"
20260919T063135Z_e21f4e64,937,recovery,1789799551.02957,1789799551.0489259,19.167,0,19.167,pass,,independent_snapshot,"{""prerequisite_acknowledged"": true, ""client_b_read_v1"": true, ""dependent_acknowledged"": true, ""visible_ids"": [""v1:937"", ""v2:937""], ""snapshot_polls"": 1}"
20260919T063135Z_e21f4e64,938,recovery,1789799551.0489259,1789799551.0662336,17.094,0,17.094,pass,,independent_snapshot,"{""prerequisite_acknowledged"": true, ""client_b_read_v1"": true, ""dependent_acknowledged"": true, ""visible_ids"": [""v1:938"", ""v2:938""], ""snapshot_polls"": 1}"
20260919T063135Z_e21f4e64,939,recovery,1789799551.0662336,1789799551.085652,19.474,0,19.474,pass,,independent_snapshot,"{""prerequisite_acknowledged"": true, ""client_b_read_v1"": true, ""dependent_acknowledged"": true, ""visible_ids"": [""v1:939"", ""v2:939""], ""snapshot_polls"": 1}"
20260919T063135Z_e21f4e64,940,recovery,1789799551.085652,1789799551.1045089,18.531,0,18.531,pass,,independent_snapshot,"{""prerequisite_acknowledged"": true, ""client_b_read_v1"": true, ""dependent_acknowledged"": true, ""visible_ids"": [""v1:940"", ""v2:940""], ""snapshot_polls"": 1}"
20260919T063135Z_e21f4e64,941,recovery,1789799551.1045089,1789799551.1255174,20.881,0,20.881,pass,,independent_snapshot,"{""prerequisite_acknowledged"": true, ""client_b_read_v1"": true, ""dependent_acknowledged"": true, ""visible_ids"": [""v1:941"", ""v2:941""], ""snapshot_polls"": 1}"
20260919T063135Z_e21f4e64,942,recovery,1789799551.1255174,1789799551.1486485,22.899,0,22.899,pass,,independent_snapshot,"{""prerequisite_acknowledged"": true, ""client_b_read_v1"": true, ""dependent_acknowledged"": true, ""visible_ids"": [""v1:942"", ""v2:942""], ""snapshot_polls"": 1}"
20260919T063135Z_e21f4e64,943,recovery,1789799551.1486485,1789799551.167904,19.672,0,19.672,pass,,independent_snapshot,"{""prerequisite_acknowledged"": true, ""client_b_read_v1"": true, ""dependent_acknowledged"": true, ""visible_ids"": [""v1:943"", ""v2:943""], ""snapshot_polls"": 1}"
20260919T063135Z_e21f4e64,944,recovery,1789799551.168635,1789799551.1875842,18.934,0,18.934,pass,,independent_snapshot,"{""prerequisite_acknowledged"": true, ""client_b_read_v1"": true, ""dependent_acknowledged"": true, ""visible_ids"": [""v1:944"", ""v2:944""], ""snapshot_polls"": 1}"
20260919T063135Z_e21f4e64,945,recovery,1789799551.1875842,1789799551.2063384,19.04,0,19.04,pass,,independent_snapshot,"{""prerequisite_acknowledged"": true, ""client_b_read_v1"": true, ""dependent_acknowledged"": true, ""visible_ids"": [""v1:945"", ""v2:945""], ""snapshot_polls"": 1}"
20260919T063135Z_e21f4e64,946,recovery,1789799551.2063384,1789799551.2258582,19.671,0,19.671,pass,,independent_snapshot,"{""prerequisite_acknowledged"": true, ""client_b_read_v1"": true, ""dependent_acknowledged"": true, ""visible_ids"": [""v1:946"", ""v2:946""], ""snapshot_polls"": 1}"
20260919T063135Z_e21f4e64,947,recovery,1789799551.2258582,1789799551.2453423,18.872,0,18.872,pass,,independent_snapshot,"{""prerequisite_acknowledged"": true, ""client_b_read_v1"": true, ""dependent_acknowledged"": true, ""visible_ids"": [""v1:947"", ""v2:947""], ""snapshot_polls"": 1}"
20260919T063135Z_e21f4e64,948,recovery,1789799551.2453423,1789799551.2663186,20.994,0,20.994,pass,,independent_snapshot,"{""prerequisite_acknowledged"": true, ""client_b_read_v1"": true, ""dependent_acknowledged"": true, ""visible_ids"": [""v1:948"", ""v2:948""], ""snapshot_polls"": 1}"
20260919T063135Z_e21f4e64,949,recovery,1789799551.2663186,1789799551.2850673,18.764,0,18.764,pass,,independent_snapshot,"{""prerequisite_acknowledged"": true, ""client_b_read_v1"": true, ""dependent_acknowledged"": true, ""visible_ids"": [""v1:949"", ""v2:949""], ""snapshot_polls"": 1}"
20260919T063135Z_e21f4e64,950,recovery,1789799551.2850673,1789799551.307919,22.877,0,22.877,pass,,independent_snapshot,"{""prerequisite_acknowledged"": true, ""client_b_read_v1"": true, ""dependent_acknowledged"": true, ""visible_ids"": [""v1:950"", ""v2:950""], ""snapshot_polls"": 1}"
20260919T063135Z_e21f4e64,951,recovery,1789799551.307919,1789799551.3299036,21.759,0,21.759,pass,,independent_snapshot,"{""prerequisite_acknowledged"": true, ""client_b_read_v1"": true, ""dependent_acknowledged"": true, ""visible_ids"": [""v1:951"", ""v2:951""], ""snapshot_polls"": 1}"
20260919T063135Z_e21f4e64,952,recovery,1789799551.3299036,1789799551.352511,22.722,0,22.722,pass,,independent_snapshot,"{""prerequisite_acknowledged"": true, ""client_b_read_v1"": true, ""dependent_acknowledged"": true, ""visible_ids"": [""v1:952"", ""v2:952""], ""snapshot_polls"": 1}"
20260919T063135Z_e21f4e64,953,recovery,1789799551.352511,1789799551.3764186,23.469,0,23.469,pass,,independent_snapshot,"{""prerequisite_acknowledged"": true, ""client_b_read_v1"": true, ""dependent_acknowledged"": true, ""visible_ids"": [""v1:953"", ""v2:953""], ""snapshot_polls"": 1}"
20260919T063135Z_e21f4e64,954,recovery,1789799551.3764186,1789799551.3940196,17.68,0,17.68,pass,,independent_snapshot,"{""prerequisite_acknowledged"": true, ""client_b_read_v1"": true, ""dependent_acknowledged"": true, ""visible_ids"": [""v1:954"", ""v2:954""], ""snapshot_polls"": 1}"
20260919T063135Z_e21f4e64,955,recovery,1789799551.3940196,1789799551.410945,17.079,0,17.079,pass,,independent_snapshot,"{""prerequisite_acknowledged"": true, ""client_b_read_v1"": true, ""dependent_acknowledged"": true, ""visible_ids"": [""v1:955"", ""v2:955""], ""snapshot_polls"": 1}"
20260919T063135Z_e21f4e64,956,recovery,1789799551.411457,1789799551.4281428,16.889,0,16.889,pass,,independent_snapshot,"{""prerequisite_acknowledged"": true, ""client_b_read_v1"": true, ""dependent_acknowledged"": true, ""visible_ids"": [""v1:956"", ""v2:956""], ""snapshot_polls"": 1}"
20260919T063135Z_e21f4e64,957,recovery,1789799551.4281428,1789799551.4454014,16.935,0,16.935,pass,,independent_snapshot,"{""prerequisite_acknowledged"": true, ""client_b_read_v1"": true, ""dependent_acknowledged"": true, ""visible_ids"": [""v1:957"", ""v2:957""], ""snapshot_polls"": 1}"
20260919T063135Z_e21f4e64,958,recovery,1789799551.4454014,1789799551.4636319,18.524,0,18.524,pass,,independent_snapshot,"{""prerequisite_acknowledged"": true, ""client_b_read_v1"": true, ""dependent_acknowledged"": true, ""visible_ids"": [""v1:958"", ""v2:958""], ""snapshot_polls"": 1}"
20260919T063135Z_e21f4e64,959,recovery,1789799551.4636319,1789799551.4821503,18.292,0,18.292,pass,,independent_snapshot,"{""prerequisite_acknowledged"": true, ""client_b_read_v1"": true, ""dependent_acknowledged"": true, ""visible_ids"": [""v1:959"", ""v2:959""], ""snapshot_polls"": 1}"
20260919T063135Z_e21f4e64,960,recovery,1789799551.4821503,1789799551.5024192,20.024,0,20.024,pass,,independent_snapshot,"{""prerequisite_acknowledged"": true, ""client_b_read_v1"": true, ""dependent_acknowledged"": true, ""visible_ids"": [""v1:960"", ""v2:960""], ""snapshot_polls"": 1}"
20260919T063135Z_e21f4e64,961,recovery,1789799551.5024192,1789799551.524198,21.75,0,21.75,pass,,independent_snapshot,"{""prerequisite_acknowledged"": true, ""client_b_read_v1"": true, ""dependent_acknowledged"": true, ""visible_ids"": [""v1:961"", ""v2:961""], ""snapshot_polls"": 1}"
20260919T063135Z_e21f4e64,962,recovery,1789799551.524198,1789799551.5439405,19.914,0,19.914,pass,,independent_snapshot,"{""prerequisite_acknowledged"": true, ""client_b_read_v1"": true, ""dependent_acknowledged"": true, ""visible_ids"": [""v1:962"", ""v2:962""], ""snapshot_polls"": 1}"
20260919T063135Z_e21f4e64,963,recovery,1789799551.5439405,1789799551.5639832,19.985,0,19.985,pass,,independent_snapshot,"{""prerequisite_acknowledged"": true, ""client_b_read_v1"": true, ""dependent_acknowledged"": true, ""visible_ids"": [""v1:963"", ""v2:963""], ""snapshot_polls"": 1}"
20260919T063135Z_e21f4e64,964,recovery,1789799551.5646257,1789799551.585258,20.644,0,20.644,pass,,independent_snapshot,"{""prerequisite_acknowledged"": true, ""client_b_read_v1"": true, ""dependent_acknowledged"": true, ""visible_ids"": [""v1:964"", ""v2:964""], ""snapshot_polls"": 1}"
20260919T063135Z_e21f4e64,965,recovery,1789799551.585258,1789799551.6075284,22.527,0,22.527,pass,,independent_snapshot,"{""prerequisite_acknowledged"": true, ""client_b_read_v1"": true, ""dependent_acknowledged"": true, ""visible_ids"": [""v1:965"", ""v2:965""], ""snapshot_polls"": 1}"
20260919T063135Z_e21f4e64,966,recovery,1789799551.6075284,1789799551.6262357,18.588,0,18.588,pass,,independent_snapshot,"{""prerequisite_acknowledged"": true, ""client_b_read_v1"": true, ""dependent_acknowledged"": true, ""visible_ids"": [""v1:966"", ""v2:966""], ""snapshot_polls"": 1}"
20260919T063135Z_e21f4e64,967,recovery,1789799551.6262357,1789799551.6457622,19.39,0,19.39,pass,,independent_snapshot,"{""prerequisite_acknowledged"": true, ""client_b_read_v1"": true, ""dependent_acknowledged"": true, ""visible_ids"": [""v1:967"", ""v2:967""], ""snapshot_polls"": 1}"
20260919T063135Z_e21f4e64,968,recovery,1789799551.6457622,1789799551.6681705,22.294,0,22.294,pass,,independent_snapshot,"{""prerequisite_acknowledged"": true, ""client_b_read_v1"": true, ""dependent_acknowledged"": true, ""visible_ids"": [""v1:968"", ""v2:968""], ""snapshot_polls"": 1}"
20260919T063135Z_e21f4e64,969,recovery,1789799551.6681705,1789799551.6867485,18.737,0,18.737,pass,,independent_snapshot,"{""prerequisite_acknowledged"": true, ""client_b_read_v1"": true, ""dependent_acknowledged"": true, ""visible_ids"": [""v1:969"", ""v2:969""], ""snapshot_polls"": 1}"
20260919T063135Z_e21f4e64,970,recovery,1789799551.6873217,1789799551.7043507,17.141,0,17.141,pass,,independent_snapshot,"{""prerequisite_acknowledged"": true, ""client_b_read_v1"": true, ""dependent_acknowledged"": true, ""visible_ids"": [""v1:970"", ""v2:970""], ""snapshot_polls"": 1}"
20260919T063135Z_e21f4e64,971,recovery,1789799551.7043507,1789799551.7229242,18.461,0,18.461,pass,,independent_snapshot,"{""prerequisite_acknowledged"": true, ""client_b_read_v1"": true, ""dependent_acknowledged"": true, ""visible_ids"": [""v1:971"", ""v2:971""], ""snapshot_polls"": 1}"
20260919T063135Z_e21f4e64,972,recovery,1789799551.7229242,1789799551.741796,19.135,0,19.135,pass,,independent_snapshot,"{""prerequisite_acknowledged"": true, ""client_b_read_v1"": true, ""dependent_acknowledged"": true, ""visible_ids"": [""v1:972"", ""v2:972""], ""snapshot_polls"": 1}"
20260919T063135Z_e21f4e64,973,recovery,1789799551.7423408,1789799551.7610922,19.2,0,19.2,pass,,independent_snapshot,"{""prerequisite_acknowledged"": true, ""client_b_read_v1"": true, ""dependent_acknowledged"": true, ""visible_ids"": [""v1:973"", ""v2:973""], ""snapshot_polls"": 1}"
20260919T063135Z_e21f4e64,974,recovery,1789799551.7610922,1789799551.7799292,18.629,0,18.629,pass,,independent_snapshot,"{""prerequisite_acknowledged"": true, ""client_b_read_v1"": true, ""dependent_acknowledged"": true, ""visible_ids"": [""v1:974"", ""v2:974""], ""snapshot_polls"": 1}"
20260919T063135Z_e21f4e64,975,recovery,1789799551.7799292,1789799551.799538,19.34,0,19.34,pass,,independent_snapshot,"{""prerequisite_acknowledged"": true, ""client_b_read_v1"": true, ""dependent_acknowledged"": true, ""visible_ids"": [""v1:975"", ""v2:975""], ""snapshot_polls"": 1}"
20260919T063135Z_e21f4e64,976,recovery,1789799551.799538,1789799551.8171864,17.812,0,17.812,pass,,independent_snapshot,"{""prerequisite_acknowledged"": true, ""client_b_read_v1"": true, ""dependent_acknowledged"": true, ""visible_ids"": [""v1:976"", ""v2:976""], ""snapshot_polls"": 1}"
20260919T063135Z_e21f4e64,977,recovery,1789799551.8171864,1789799551.83579,18.767,0,18.767,pass,,independent_snapshot,"{""prerequisite_acknowledged"": true, ""client_b_read_v1"": true, ""dependent_acknowledged"": true, ""visible_ids"": [""v1:977"", ""v2:977""], ""snapshot_polls"": 1}"
20260919T063135Z_e21f4e64,978,recovery,1789799551.8364599,1789799551.8559265,19.883,0,19.883,pass,,independent_snapshot,"{""prerequisite_acknowledged"": true, ""client_b_read_v1"": true, ""dependent_acknowledged"": true, ""visible_ids"": [""v1:978"", ""v2:978""], ""snapshot_polls"": 1}"
20260919T063135Z_e21f4e64,979,recovery,1789799551.8564842,1789799551.881715,25.303,0,25.303,pass,,independent_snapshot,"{""prerequisite_acknowledged"": true, ""client_b_read_v1"": true, ""dependent_acknowledged"": true, ""visible_ids"": [""v1:979"", ""v2:979""], ""snapshot_polls"": 1}"
20260919T063135Z_e21f4e64,980,recovery,1789799551.881715,1789799551.9037554,21.844,0,21.844,pass,,independent_snapshot,"{""prerequisite_acknowledged"": true, ""client_b_read_v1"": true, ""dependent_acknowledged"": true, ""visible_ids"": [""v1:980"", ""v2:980""], ""snapshot_polls"": 1}"
20260919T063135Z_e21f4e64,981,recovery,1789799551.9037554,1789799551.9215066,17.794,0,17.794,pass,,independent_snapshot,"{""prerequisite_acknowledged"": true, ""client_b_read_v1"": true, ""dependent_acknowledged"": true, ""visible_ids"": [""v1:981"", ""v2:981""], ""snapshot_polls"": 1}"
20260919T063135Z_e21f4e64,982,recovery,1789799551.9215066,1789799551.941549,20.405,0,20.405,pass,,independent_snapshot,"{""prerequisite_acknowledged"": true, ""client_b_read_v1"": true, ""dependent_acknowledged"": true, ""visible_ids"": [""v1:982"", ""v2:982""], ""snapshot_polls"": 1}"
20260919T063135Z_e21f4e64,983,recovery,1789799551.941549,1789799551.9655895,23.924,0,23.924,pass,,independent_snapshot,"{""prerequisite_acknowledged"": true, ""client_b_read_v1"": true, ""dependent_acknowledged"": true, ""visible_ids"": [""v1:983"", ""v2:983""], ""snapshot_polls"": 1}"
20260919T063135Z_e21f4e64,984,recovery,1789799551.9662619,1789799551.9882474,22.047,0,22.047,pass,,independent_snapshot,"{""prerequisite_acknowledged"": true, ""client_b_read_v1"": true, ""dependent_acknowledged"": true, ""visible_ids"": [""v1:984"", ""v2:984""], ""snapshot_polls"": 1}"
20260919T063135Z_e21f4e64,985,recovery,1789799551.9882474,1789799552.0108612,22.633,0,22.633,pass,,independent_snapshot,"{""prerequisite_acknowledged"": true, ""client_b_read_v1"": true, ""dependent_acknowledged"": true, ""visible_ids"": [""v1:985"", ""v2:985""], ""snapshot_polls"": 1}"
20260919T063135Z_e21f4e64,986,recovery,1789799552.0113134,1789799552.032183,21.446,0,21.446,pass,,independent_snapshot,"{""prerequisite_acknowledged"": true, ""client_b_read_v1"": true, ""dependent_acknowledged"": true, ""visible_ids"": [""v1:986"", ""v2:986""], ""snapshot_polls"": 1}"
20260919T063135Z_e21f4e64,987,recovery,1789799552.0328238,1789799552.0516043,19.151,0,19.151,pass,,independent_snapshot,"{""prerequisite_acknowledged"": true, ""client_b_read_v1"": true, ""dependent_acknowledged"": true, ""visible_ids"": [""v1:987"", ""v2:987""], ""snapshot_polls"": 1}"
20260919T063135Z_e21f4e64,988,recovery,1789799552.0516043,1789799552.073144,21.414,0,21.414,pass,,independent_snapshot,"{""prerequisite_acknowledged"": true, ""client_b_read_v1"": true, ""dependent_acknowledged"": true, ""visible_ids"": [""v1:988"", ""v2:988""], ""snapshot_polls"": 1}"
20260919T063135Z_e21f4e64,989,recovery,1789799552.073144,1789799552.0920186,18.901,0,18.901,pass,,independent_snapshot,"{""prerequisite_acknowledged"": true, ""client_b_read_v1"": true, ""dependent_acknowledged"": true, ""visible_ids"": [""v1:989"", ""v2:989""], ""snapshot_polls"": 1}"
20260919T063135Z_e21f4e64,990,recovery,1789799552.0920186,1789799552.1143825,21.906,0,21.906,pass,,independent_snapshot,"{""prerequisite_acknowledged"": true, ""client_b_read_v1"": true, ""dependent_acknowledged"": true, ""visible_ids"": [""v1:990"", ""v2:990""], ""snapshot_polls"": 1}"
20260919T063135Z_e21f4e64,991,recovery,1789799552.1143825,1789799552.141917,27.399,0,27.399,pass,,independent_snapshot,"{""prerequisite_acknowledged"": true, ""client_b_read_v1"": true, ""dependent_acknowledged"": true, ""visible_ids"": [""v1:991"", ""v2:991""], ""snapshot_polls"": 1}"
20260919T063135Z_e21f4e64,992,recovery,1789799552.141917,1789799552.1671262,25.512,0,25.512,pass,,independent_snapshot,"{""prerequisite_acknowledged"": true, ""client_b_read_v1"": true, ""dependent_acknowledged"": true, ""visible_ids"": [""v1:992"", ""v2:992""], ""snapshot_polls"": 1}"
20260919T063135Z_e21f4e64,993,recovery,1789799552.1671262,1789799552.1895242,22.034,0,22.034,pass,,independent_snapshot,"{""prerequisite_acknowledged"": true, ""client_b_read_v1"": true, ""dependent_acknowledged"": true, ""visible_ids"": [""v1:993"", ""v2:993""], ""snapshot_polls"": 1}"
20260919T063135Z_e21f4e64,994,recovery,1789799552.1895242,1789799552.21848,28.767,0,28.767,pass,,independent_snapshot,"{""prerequisite_acknowledged"": true, ""client_b_read_v1"": true, ""dependent_acknowledged"": true, ""visible_ids"": [""v1:994"", ""v2:994""], ""snapshot_polls"": 1}"
20260919T063135Z_e21f4e64,995,recovery,1789799552.21848,1789799552.2484891,29.576,0,29.576,pass,,independent_snapshot,"{""prerequisite_acknowledged"": true, ""client_b_read_v1"": true, ""dependent_acknowledged"": true, ""visible_ids"": [""v1:995"", ""v2:995""], ""snapshot_polls"": 1}"
20260919T063135Z_e21f4e64,996,recovery,1789799552.2484891,1789799552.2697861,21.627,0,21.627,pass,,independent_snapshot,"{""prerequisite_acknowledged"": true, ""client_b_read_v1"": true, ""dependent_acknowledged"": true, ""visible_ids"": [""v1:996"", ""v2:996""], ""snapshot_polls"": 1}"
20260919T063135Z_e21f4e64,997,recovery,1789799552.2697861,1789799552.2911396,20.773,0,20.773,pass,,independent_snapshot,"{""prerequisite_acknowledged"": true, ""client_b_read_v1"": true, ""dependent_acknowledged"": true, ""visible_ids"": [""v1:997"", ""v2:997""], ""snapshot_polls"": 1}"
20260919T063135Z_e21f4e64,998,recovery,1789799552.2911396,1789799552.3110225,20.165,0,20.165,pass,,independent_snapshot,"{""prerequisite_acknowledged"": true, ""client_b_read_v1"": true, ""dependent_acknowledged"": true, ""visible_ids"": [""v1:998"", ""v2:998""], ""snapshot_polls"": 1}"
20260919T063135Z_e21f4e64,999,recovery,1789799552.3110225,1789799552.3290238,17.915,0,17.915,pass,,independent_snapshot,"{""prerequisite_acknowledged"": true, ""client_b_read_v1"": true, ""dependent_acknowledged"": true, ""visible_ids"": [""v1:999"", ""v2:999""], ""snapshot_polls"": 1}"
20260919T063135Z_e21f4e64,1000,recovery,1789799552.3290238,1789799552.3487206,19.695,0,19.695,pass,,independent_snapshot,"{""prerequisite_acknowledged"": true, ""client_b_read_v1"": true, ""dependent_acknowledged"": true, ""visible_ids"": [""v1:1000"", ""v2:1000""], ""snapshot_polls"": 1}"
