run_id,iteration,phase,start_time,end_time,latency_ms,management_ms,workload_ms,verdict,error,last_stage,details_json
20260918T135902Z_ab0d4ba4,1,normal,1789739943.8589196,1789739943.9060445,45.343,0,45.343,violation,,read_secondary,"{""background_write_acknowledged"": true, ""reads"": [{""version"": 1, ""max_seen_before"": -1, ""violation"": false}, {""version"": -1, ""max_seen_before"": 1, ""violation"": true}]}"
20260918T135902Z_ab0d4ba4,2,normal,1789739943.9060445,1789739943.9207253,14.567,0,14.567,pass,,read_secondary,"{""background_write_acknowledged"": true, ""reads"": [{""version"": 2, ""max_seen_before"": 1, ""violation"": false}, {""version"": 2, ""max_seen_before"": 2, ""violation"": false}]}"
20260918T135902Z_ab0d4ba4,3,normal,1789739943.9213102,1789739943.93674,15.287,0,15.287,pass,,read_secondary,"{""background_write_acknowledged"": true, ""reads"": [{""version"": 3, ""max_seen_before"": 2, ""violation"": false}, {""version"": 3, ""max_seen_before"": 3, ""violation"": false}]}"
20260918T135902Z_ab0d4ba4,4,normal,1789739943.93674,1789739943.950675,14.209,0,14.209,pass,,read_secondary,"{""background_write_acknowledged"": true, ""reads"": [{""version"": 4, ""max_seen_before"": 3, ""violation"": false}, {""version"": 4, ""max_seen_before"": 4, ""violation"": false}]}"
20260918T135902Z_ab0d4ba4,5,normal,1789739943.9512844,1789739943.966065,14.795,0,14.795,pass,,read_secondary,"{""background_write_acknowledged"": true, ""reads"": [{""version"": 5, ""max_seen_before"": 4, ""violation"": false}, {""version"": 5, ""max_seen_before"": 5, ""violation"": false}]}"
20260918T135902Z_ab0d4ba4,6,normal,1789739943.966065,1789739943.9839542,17.95,0,17.95,pass,,read_secondary,"{""background_write_acknowledged"": true, ""reads"": [{""version"": 6, ""max_seen_before"": 5, ""violation"": false}, {""version"": 6, ""max_seen_before"": 6, ""violation"": false}]}"
20260918T135902Z_ab0d4ba4,7,normal,1789739943.9839542,1789739944.0012872,17.044,0,17.044,pass,,read_secondary,"{""background_write_acknowledged"": true, ""reads"": [{""version"": 7, ""max_seen_before"": 6, ""violation"": false}, {""version"": 7, ""max_seen_before"": 7, ""violation"": false}]}"
20260918T135902Z_ab0d4ba4,8,normal,1789739944.0012872,1789739944.015741,14.477,0,14.477,pass,,read_secondary,"{""background_write_acknowledged"": true, ""reads"": [{""version"": 8, ""max_seen_before"": 7, ""violation"": false}, {""version"": 8, ""max_seen_before"": 8, ""violation"": false}]}"
20260918T135902Z_ab0d4ba4,9,normal,1789739944.015741,1789739944.0329564,17.314,0,17.314,pass,,read_secondary,"{""background_write_acknowledged"": true, ""reads"": [{""version"": 9, ""max_seen_before"": 8, ""violation"": false}, {""version"": 9, ""max_seen_before"": 9, ""violation"": false}]}"
20260918T135902Z_ab0d4ba4,10,normal,1789739944.0335171,1789739944.0485647,15.163,0,15.163,pass,,read_secondary,"{""background_write_acknowledged"": true, ""reads"": [{""version"": 10, ""max_seen_before"": 9, ""violation"": false}, {""version"": 10, ""max_seen_before"": 10, ""violation"": false}]}"
20260918T135902Z_ab0d4ba4,11,normal,1789739944.0485647,1789739944.0642838,15.898,0,15.898,pass,,read_secondary,"{""background_write_acknowledged"": true, ""reads"": [{""version"": 11, ""max_seen_before"": 10, ""violation"": false}, {""version"": 11, ""max_seen_before"": 11, ""violation"": false}]}"
20260918T135902Z_ab0d4ba4,12,normal,1789739944.0642838,1789739944.080779,16.121,0,16.121,pass,,read_secondary,"{""background_write_acknowledged"": true, ""reads"": [{""version"": 12, ""max_seen_before"": 11, ""violation"": false}, {""version"": 12, ""max_seen_before"": 12, ""violation"": false}]}"
20260918T135902Z_ab0d4ba4,13,normal,1789739944.0811145,1789739944.0972314,16.66,0,16.66,pass,,read_secondary,"{""background_write_acknowledged"": true, ""reads"": [{""version"": 13, ""max_seen_before"": 12, ""violation"": false}, {""version"": 13, ""max_seen_before"": 13, ""violation"": false}]}"
20260918T135902Z_ab0d4ba4,14,normal,1789739944.0978432,1789739944.1125896,15.232,0,15.232,pass,,read_secondary,"{""background_write_acknowledged"": true, ""reads"": [{""version"": 14, ""max_seen_before"": 13, ""violation"": false}, {""version"": 14, ""max_seen_before"": 14, ""violation"": false}]}"
20260918T135902Z_ab0d4ba4,15,normal,1789739944.1132355,1789739944.1307755,17.791,0,17.791,pass,,read_secondary,"{""background_write_acknowledged"": true, ""reads"": [{""version"": 15, ""max_seen_before"": 14, ""violation"": false}, {""version"": 15, ""max_seen_before"": 15, ""violation"": false}]}"
20260918T135902Z_ab0d4ba4,16,normal,1789739944.1307755,1789739944.1468728,15.561,0,15.561,pass,,read_secondary,"{""background_write_acknowledged"": true, ""reads"": [{""version"": 16, ""max_seen_before"": 15, ""violation"": false}, {""version"": 16, ""max_seen_before"": 16, ""violation"": false}]}"
20260918T135902Z_ab0d4ba4,17,normal,1789739944.1468728,1789739944.1648555,18.334,0,18.334,pass,,read_secondary,"{""background_write_acknowledged"": true, ""reads"": [{""version"": 17, ""max_seen_before"": 16, ""violation"": false}, {""version"": 17, ""max_seen_before"": 17, ""violation"": false}]}"
20260918T135902Z_ab0d4ba4,18,normal,1789739944.1648555,1789739944.1804473,15.384,0,15.384,pass,,read_secondary,"{""background_write_acknowledged"": true, ""reads"": [{""version"": 18, ""max_seen_before"": 17, ""violation"": false}, {""version"": 18, ""max_seen_before"": 18, ""violation"": false}]}"
20260918T135902Z_ab0d4ba4,19,normal,1789739944.1804473,1789739944.195022,14.583,0,14.583,pass,,read_secondary,"{""background_write_acknowledged"": true, ""reads"": [{""version"": 19, ""max_seen_before"": 18, ""violation"": false}, {""version"": 19, ""max_seen_before"": 19, ""violation"": false}]}"
20260918T135902Z_ab0d4ba4,20,normal,1789739944.195549,1789739944.2124004,17.148,0,17.148,pass,,read_secondary,"{""background_write_acknowledged"": true, ""reads"": [{""version"": 20, ""max_seen_before"": 19, ""violation"": false}, {""version"": 20, ""max_seen_before"": 20, ""violation"": false}]}"
20260918T135902Z_ab0d4ba4,21,normal,1789739944.2124004,1789739944.2292426,16.941,0,16.941,pass,,read_secondary,"{""background_write_acknowledged"": true, ""reads"": [{""version"": 21, ""max_seen_before"": 20, ""violation"": false}, {""version"": 21, ""max_seen_before"": 21, ""violation"": false}]}"
20260918T135902Z_ab0d4ba4,22,normal,1789739944.2298899,1789739944.2464707,16.512,0,16.512,pass,,read_secondary,"{""background_write_acknowledged"": true, ""reads"": [{""version"": 22, ""max_seen_before"": 21, ""violation"": false}, {""version"": 22, ""max_seen_before"": 22, ""violation"": false}]}"
20260918T135902Z_ab0d4ba4,23,normal,1789739944.2464707,1789739944.2617137,15.395,0,15.395,pass,,read_secondary,"{""background_write_acknowledged"": true, ""reads"": [{""version"": 23, ""max_seen_before"": 22, ""violation"": false}, {""version"": 23, ""max_seen_before"": 23, ""violation"": false}]}"
20260918T135902Z_ab0d4ba4,24,normal,1789739944.2617137,1789739944.2782345,16.522,0,16.522,pass,,read_secondary,"{""background_write_acknowledged"": true, ""reads"": [{""version"": 24, ""max_seen_before"": 23, ""violation"": false}, {""version"": 24, ""max_seen_before"": 24, ""violation"": false}]}"
20260918T135902Z_ab0d4ba4,25,normal,1789739944.2782345,1789739944.293429,14.9,0,14.9,pass,,read_secondary,"{""background_write_acknowledged"": true, ""reads"": [{""version"": 25, ""max_seen_before"": 24, ""violation"": false}, {""version"": 25, ""max_seen_before"": 25, ""violation"": false}]}"
20260918T135902Z_ab0d4ba4,26,normal,1789739944.293429,1789739944.3078163,14.937,0,14.937,pass,,read_secondary,"{""background_write_acknowledged"": true, ""reads"": [{""version"": 26, ""max_seen_before"": 25, ""violation"": false}, {""version"": 26, ""max_seen_before"": 26, ""violation"": false}]}"
20260918T135902Z_ab0d4ba4,27,normal,1789739944.3078163,1789739944.323328,14.894,0,14.894,pass,,read_secondary,"{""background_write_acknowledged"": true, ""reads"": [{""version"": 27, ""max_seen_before"": 26, ""violation"": false}, {""version"": 27, ""max_seen_before"": 27, ""violation"": false}]}"
20260918T135902Z_ab0d4ba4,28,normal,1789739944.323328,1789739944.338888,15.461,0,15.461,pass,,read_secondary,"{""background_write_acknowledged"": true, ""reads"": [{""version"": 28, ""max_seen_before"": 27, ""violation"": false}, {""version"": 28, ""max_seen_before"": 28, ""violation"": false}]}"
20260918T135902Z_ab0d4ba4,29,normal,1789739944.3394558,1789739944.3547058,15.511,0,15.511,pass,,read_secondary,"{""background_write_acknowledged"": true, ""reads"": [{""version"": 29, ""max_seen_before"": 28, ""violation"": false}, {""version"": 29, ""max_seen_before"": 29, ""violation"": false}]}"
20260918T135902Z_ab0d4ba4,30,normal,1789739944.3547058,1789739944.370575,15.836,0,15.836,pass,,read_secondary,"{""background_write_acknowledged"": true, ""reads"": [{""version"": 30, ""max_seen_before"": 29, ""violation"": false}, {""version"": 30, ""max_seen_before"": 30, ""violation"": false}]}"
20260918T135902Z_ab0d4ba4,31,normal,1789739944.3711438,1789739944.386783,16.249,0,16.249,pass,,read_secondary,"{""background_write_acknowledged"": true, ""reads"": [{""version"": 31, ""max_seen_before"": 30, ""violation"": false}, {""version"": 31, ""max_seen_before"": 31, ""violation"": false}]}"
20260918T135902Z_ab0d4ba4,32,normal,1789739944.3875434,1789739944.4021995,15.21,0,15.21,pass,,read_secondary,"{""background_write_acknowledged"": true, ""reads"": [{""version"": 32, ""max_seen_before"": 31, ""violation"": false}, {""version"": 32, ""max_seen_before"": 32, ""violation"": false}]}"
20260918T135902Z_ab0d4ba4,33,normal,1789739944.4021995,1789739944.4199119,17.154,0,17.154,pass,,read_secondary,"{""background_write_acknowledged"": true, ""reads"": [{""version"": 33, ""max_seen_before"": 32, ""violation"": false}, {""version"": 33, ""max_seen_before"": 33, ""violation"": false}]}"
20260918T135902Z_ab0d4ba4,34,normal,1789739944.4199119,1789739944.4359741,16.344,0,16.344,pass,,read_secondary,"{""background_write_acknowledged"": true, ""reads"": [{""version"": 34, ""max_seen_before"": 33, ""violation"": false}, {""version"": 34, ""max_seen_before"": 34, ""violation"": false}]}"
20260918T135902Z_ab0d4ba4,35,normal,1789739944.4365444,1789739944.4522686,16.22,0,16.22,pass,,read_secondary,"{""background_write_acknowledged"": true, ""reads"": [{""version"": 35, ""max_seen_before"": 34, ""violation"": false}, {""version"": 35, ""max_seen_before"": 35, ""violation"": false}]}"
20260918T135902Z_ab0d4ba4,36,normal,1789739944.45285,1789739944.4670386,14.133,0,14.133,pass,,read_secondary,"{""background_write_acknowledged"": true, ""reads"": [{""version"": 36, ""max_seen_before"": 35, ""violation"": false}, {""version"": 36, ""max_seen_before"": 36, ""violation"": false}]}"
20260918T135902Z_ab0d4ba4,37,normal,1789739944.4670386,1789739944.4812737,14.314,0,14.314,pass,,read_secondary,"{""background_write_acknowledged"": true, ""reads"": [{""version"": 37, ""max_seen_before"": 36, ""violation"": false}, {""version"": 37, ""max_seen_before"": 37, ""violation"": false}]}"
20260918T135902Z_ab0d4ba4,38,normal,1789739944.4812737,1789739944.4965794,15.272,0,15.272,pass,,read_secondary,"{""background_write_acknowledged"": true, ""reads"": [{""version"": 38, ""max_seen_before"": 37, ""violation"": false}, {""version"": 38, ""max_seen_before"": 38, ""violation"": false}]}"
20260918T135902Z_ab0d4ba4,39,normal,1789739944.4965794,1789739944.513061,16.537,0,16.537,pass,,read_secondary,"{""background_write_acknowledged"": true, ""reads"": [{""version"": 39, ""max_seen_before"": 38, ""violation"": false}, {""version"": 39, ""max_seen_before"": 39, ""violation"": false}]}"
20260918T135902Z_ab0d4ba4,40,normal,1789739944.5136476,1789739944.5269468,13.473,0,13.473,pass,,read_secondary,"{""background_write_acknowledged"": true, ""reads"": [{""version"": 40, ""max_seen_before"": 39, ""violation"": false}, {""version"": 40, ""max_seen_before"": 40, ""violation"": false}]}"
20260918T135902Z_ab0d4ba4,41,normal,1789739944.5269468,1789739944.5425858,15.8,0,15.8,pass,,read_secondary,"{""background_write_acknowledged"": true, ""reads"": [{""version"": 41, ""max_seen_before"": 40, ""violation"": false}, {""version"": 41, ""max_seen_before"": 41, ""violation"": false}]}"
20260918T135902Z_ab0d4ba4,42,normal,1789739944.5431867,1789739944.5611782,18.185,0,18.185,pass,,read_secondary,"{""background_write_acknowledged"": true, ""reads"": [{""version"": 42, ""max_seen_before"": 41, ""violation"": false}, {""version"": 42, ""max_seen_before"": 42, ""violation"": false}]}"
20260918T135902Z_ab0d4ba4,43,normal,1789739944.5611782,1789739944.5786173,17.373,0,17.373,pass,,read_secondary,"{""background_write_acknowledged"": true, ""reads"": [{""version"": 43, ""max_seen_before"": 42, ""violation"": false}, {""version"": 43, ""max_seen_before"": 43, ""violation"": false}]}"
20260918T135902Z_ab0d4ba4,44,normal,1789739944.5786173,1789739944.5936978,14.781,0,14.781,pass,,read_secondary,"{""background_write_acknowledged"": true, ""reads"": [{""version"": 44, ""max_seen_before"": 43, ""violation"": false}, {""version"": 44, ""max_seen_before"": 44, ""violation"": false}]}"
20260918T135902Z_ab0d4ba4,45,normal,1789739944.5936978,1789739944.6084867,14.819,0,14.819,pass,,read_secondary,"{""background_write_acknowledged"": true, ""reads"": [{""version"": 45, ""max_seen_before"": 44, ""violation"": false}, {""version"": 45, ""max_seen_before"": 45, ""violation"": false}]}"
20260918T135902Z_ab0d4ba4,46,normal,1789739944.6084867,1789739944.624746,15.886,0,15.886,pass,,read_secondary,"{""background_write_acknowledged"": true, ""reads"": [{""version"": 46, ""max_seen_before"": 45, ""violation"": false}, {""version"": 46, ""max_seen_before"": 46, ""violation"": false}]}"
20260918T135902Z_ab0d4ba4,47,normal,1789739944.624746,1789739944.6403456,15.684,0,15.684,pass,,read_secondary,"{""background_write_acknowledged"": true, ""reads"": [{""version"": 47, ""max_seen_before"": 46, ""violation"": false}, {""version"": 47, ""max_seen_before"": 47, ""violation"": false}]}"
20260918T135902Z_ab0d4ba4,48,normal,1789739944.6403456,1789739944.6551852,14.801,0,14.801,pass,,read_secondary,"{""background_write_acknowledged"": true, ""reads"": [{""version"": 48, ""max_seen_before"": 47, ""violation"": false}, {""version"": 48, ""max_seen_before"": 48, ""violation"": false}]}"
20260918T135902Z_ab0d4ba4,49,normal,1789739944.6551852,1789739944.6734145,17.834,0,17.834,pass,,read_secondary,"{""background_write_acknowledged"": true, ""reads"": [{""version"": 49, ""max_seen_before"": 48, ""violation"": false}, {""version"": 49, ""max_seen_before"": 49, ""violation"": false}]}"
20260918T135902Z_ab0d4ba4,50,normal,1789739944.6734145,1789739944.690076,16.669,0,16.669,pass,,read_secondary,"{""background_write_acknowledged"": true, ""reads"": [{""version"": 50, ""max_seen_before"": 49, ""violation"": false}, {""version"": 50, ""max_seen_before"": 50, ""violation"": false}]}"
20260918T135902Z_ab0d4ba4,51,normal,1789739944.690076,1789739944.70527,15.145,0,15.145,pass,,read_secondary,"{""background_write_acknowledged"": true, ""reads"": [{""version"": 51, ""max_seen_before"": 50, ""violation"": false}, {""version"": 51, ""max_seen_before"": 51, ""violation"": false}]}"
20260918T135902Z_ab0d4ba4,52,normal,1789739944.70527,1789739944.7228298,17.528,0,17.528,pass,,read_secondary,"{""background_write_acknowledged"": true, ""reads"": [{""version"": 52, ""max_seen_before"": 51, ""violation"": false}, {""version"": 52, ""max_seen_before"": 52, ""violation"": false}]}"
20260918T135902Z_ab0d4ba4,53,normal,1789739944.7228298,1789739944.7383237,15.852,0,15.852,pass,,read_secondary,"{""background_write_acknowledged"": true, ""reads"": [{""version"": 53, ""max_seen_before"": 52, ""violation"": false}, {""version"": 53, ""max_seen_before"": 53, ""violation"": false}]}"
20260918T135902Z_ab0d4ba4,54,normal,1789739944.7383237,1789739944.7545948,15.361,0,15.361,pass,,read_secondary,"{""background_write_acknowledged"": true, ""reads"": [{""version"": 54, ""max_seen_before"": 53, ""violation"": false}, {""version"": 54, ""max_seen_before"": 54, ""violation"": false}]}"
20260918T135902Z_ab0d4ba4,55,normal,1789739944.7545948,1789739944.7696998,15.368,0,15.368,pass,,read_secondary,"{""background_write_acknowledged"": true, ""reads"": [{""version"": 55, ""max_seen_before"": 54, ""violation"": false}, {""version"": 55, ""max_seen_before"": 55, ""violation"": false}]}"
20260918T135902Z_ab0d4ba4,56,normal,1789739944.770354,1789739944.7849646,14.414,0,14.414,pass,,read_secondary,"{""background_write_acknowledged"": true, ""reads"": [{""version"": 56, ""max_seen_before"": 55, ""violation"": false}, {""version"": 56, ""max_seen_before"": 56, ""violation"": false}]}"
20260918T135902Z_ab0d4ba4,57,normal,1789739944.7849646,1789739944.7993546,14.521,0,14.521,pass,,read_secondary,"{""background_write_acknowledged"": true, ""reads"": [{""version"": 57, ""max_seen_before"": 56, ""violation"": false}, {""version"": 57, ""max_seen_before"": 57, ""violation"": false}]}"
20260918T135902Z_ab0d4ba4,58,normal,1789739944.7993546,1789739944.813499,13.869,0,13.869,pass,,read_secondary,"{""background_write_acknowledged"": true, ""reads"": [{""version"": 58, ""max_seen_before"": 57, ""violation"": false}, {""version"": 58, ""max_seen_before"": 58, ""violation"": false}]}"
20260918T135902Z_ab0d4ba4,59,normal,1789739944.813499,1789739944.827577,14.109,0,14.109,pass,,read_secondary,"{""background_write_acknowledged"": true, ""reads"": [{""version"": 59, ""max_seen_before"": 58, ""violation"": false}, {""version"": 59, ""max_seen_before"": 59, ""violation"": false}]}"
20260918T135902Z_ab0d4ba4,60,normal,1789739944.827577,1789739944.8417912,13.825,0,13.825,pass,,read_secondary,"{""background_write_acknowledged"": true, ""reads"": [{""version"": 60, ""max_seen_before"": 59, ""violation"": false}, {""version"": 60, ""max_seen_before"": 60, ""violation"": false}]}"
20260918T135902Z_ab0d4ba4,61,normal,1789739944.8417912,1789739944.855462,13.468,0,13.468,pass,,read_secondary,"{""background_write_acknowledged"": true, ""reads"": [{""version"": 61, ""max_seen_before"": 60, ""violation"": false}, {""version"": 61, ""max_seen_before"": 61, ""violation"": false}]}"
20260918T135902Z_ab0d4ba4,62,normal,1789739944.855462,1789739944.8699062,14.47,0,14.47,pass,,read_secondary,"{""background_write_acknowledged"": true, ""reads"": [{""version"": 62, ""max_seen_before"": 61, ""violation"": false}, {""version"": 62, ""max_seen_before"": 62, ""violation"": false}]}"
20260918T135902Z_ab0d4ba4,63,normal,1789739944.8699062,1789739944.8824139,12.503,0,12.503,pass,,read_secondary,"{""background_write_acknowledged"": true, ""reads"": [{""version"": 63, ""max_seen_before"": 62, ""violation"": false}, {""version"": 63, ""max_seen_before"": 63, ""violation"": false}]}"
20260918T135902Z_ab0d4ba4,64,normal,1789739944.8824139,1789739944.8990366,16.429,0,16.429,pass,,read_secondary,"{""background_write_acknowledged"": true, ""reads"": [{""version"": 64, ""max_seen_before"": 63, ""violation"": false}, {""version"": 64, ""max_seen_before"": 64, ""violation"": false}]}"
20260918T135902Z_ab0d4ba4,65,normal,1789739944.8990366,1789739944.916967,17.783,0,17.783,pass,,read_secondary,"{""background_write_acknowledged"": true, ""reads"": [{""version"": 65, ""max_seen_before"": 64, ""violation"": false}, {""version"": 65, ""max_seen_before"": 65, ""violation"": false}]}"
20260918T135902Z_ab0d4ba4,66,normal,1789739944.916967,1789739944.9306436,13.465,0,13.465,pass,,read_secondary,"{""background_write_acknowledged"": true, ""reads"": [{""version"": 66, ""max_seen_before"": 65, ""violation"": false}, {""version"": 66, ""max_seen_before"": 66, ""violation"": false}]}"
20260918T135902Z_ab0d4ba4,67,normal,1789739944.9306436,1789739944.9452505,14.308,0,14.308,pass,,read_secondary,"{""background_write_acknowledged"": true, ""reads"": [{""version"": 67, ""max_seen_before"": 66, ""violation"": false}, {""version"": 67, ""max_seen_before"": 67, ""violation"": false}]}"
20260918T135902Z_ab0d4ba4,68,normal,1789739944.9452505,1789739944.958621,13.349,0,13.349,pass,,read_secondary,"{""background_write_acknowledged"": true, ""reads"": [{""version"": 68, ""max_seen_before"": 67, ""violation"": false}, {""version"": 68, ""max_seen_before"": 68, ""violation"": false}]}"
20260918T135902Z_ab0d4ba4,69,normal,1789739944.958621,1789739944.9713886,12.9,0,12.9,pass,,read_secondary,"{""background_write_acknowledged"": true, ""reads"": [{""version"": 69, ""max_seen_before"": 68, ""violation"": false}, {""version"": 69, ""max_seen_before"": 69, ""violation"": false}]}"
20260918T135902Z_ab0d4ba4,70,normal,1789739944.971953,1789739944.9850135,13.335,0,13.335,pass,,read_secondary,"{""background_write_acknowledged"": true, ""reads"": [{""version"": 70, ""max_seen_before"": 69, ""violation"": false}, {""version"": 70, ""max_seen_before"": 70, ""violation"": false}]}"
20260918T135902Z_ab0d4ba4,71,normal,1789739944.9850135,1789739944.9988446,13.865,0,13.865,pass,,read_secondary,"{""background_write_acknowledged"": true, ""reads"": [{""version"": 71, ""max_seen_before"": 70, ""violation"": false}, {""version"": 71, ""max_seen_before"": 71, ""violation"": false}]}"
20260918T135902Z_ab0d4ba4,72,normal,1789739944.9988446,1789739945.0124311,13.543,0,13.543,pass,,read_secondary,"{""background_write_acknowledged"": true, ""reads"": [{""version"": 72, ""max_seen_before"": 71, ""violation"": false}, {""version"": 72, ""max_seen_before"": 72, ""violation"": false}]}"
20260918T135902Z_ab0d4ba4,73,normal,1789739945.0130348,1789739945.027923,15.254,0,15.254,pass,,read_secondary,"{""background_write_acknowledged"": true, ""reads"": [{""version"": 73, ""max_seen_before"": 72, ""violation"": false}, {""version"": 73, ""max_seen_before"": 73, ""violation"": false}]}"
20260918T135902Z_ab0d4ba4,74,normal,1789739945.027923,1789739945.041629,13.237,0,13.237,pass,,read_secondary,"{""background_write_acknowledged"": true, ""reads"": [{""version"": 74, ""max_seen_before"": 73, ""violation"": false}, {""version"": 74, ""max_seen_before"": 74, ""violation"": false}]}"
20260918T135902Z_ab0d4ba4,75,normal,1789739945.041629,1789739945.0543854,13.063,0,13.063,pass,,read_secondary,"{""background_write_acknowledged"": true, ""reads"": [{""version"": 75, ""max_seen_before"": 74, ""violation"": false}, {""version"": 75, ""max_seen_before"": 75, ""violation"": false}]}"
20260918T135902Z_ab0d4ba4,76,normal,1789739945.0543854,1789739945.0689385,14.219,0,14.219,pass,,read_secondary,"{""background_write_acknowledged"": true, ""reads"": [{""version"": 76, ""max_seen_before"": 75, ""violation"": false}, {""version"": 76, ""max_seen_before"": 76, ""violation"": false}]}"
20260918T135902Z_ab0d4ba4,77,normal,1789739945.0689385,1789739945.0820198,12.83,0,12.83,pass,,read_secondary,"{""background_write_acknowledged"": true, ""reads"": [{""version"": 77, ""max_seen_before"": 76, ""violation"": false}, {""version"": 77, ""max_seen_before"": 77, ""violation"": false}]}"
20260918T135902Z_ab0d4ba4,78,normal,1789739945.0820198,1789739945.0965173,14.592,0,14.592,pass,,read_secondary,"{""background_write_acknowledged"": true, ""reads"": [{""version"": 78, ""max_seen_before"": 77, ""violation"": false}, {""version"": 78, ""max_seen_before"": 78, ""violation"": false}]}"
20260918T135902Z_ab0d4ba4,79,normal,1789739945.0965173,1789739945.1107929,14.036,0,14.036,pass,,read_secondary,"{""background_write_acknowledged"": true, ""reads"": [{""version"": 79, ""max_seen_before"": 78, ""violation"": false}, {""version"": 79, ""max_seen_before"": 79, ""violation"": false}]}"
20260918T135902Z_ab0d4ba4,80,normal,1789739945.1107929,1789739945.1249347,13.781,0,13.781,pass,,read_secondary,"{""background_write_acknowledged"": true, ""reads"": [{""version"": 80, ""max_seen_before"": 79, ""violation"": false}, {""version"": 80, ""max_seen_before"": 80, ""violation"": false}]}"
20260918T135902Z_ab0d4ba4,81,normal,1789739945.1249347,1789739945.142828,17.936,0,17.936,pass,,read_secondary,"{""background_write_acknowledged"": true, ""reads"": [{""version"": 81, ""max_seen_before"": 80, ""violation"": false}, {""version"": 81, ""max_seen_before"": 81, ""violation"": false}]}"
20260918T135902Z_ab0d4ba4,82,normal,1789739945.142828,1789739945.156513,13.944,0,13.944,pass,,read_secondary,"{""background_write_acknowledged"": true, ""reads"": [{""version"": 82, ""max_seen_before"": 81, ""violation"": false}, {""version"": 82, ""max_seen_before"": 82, ""violation"": false}]}"
20260918T135902Z_ab0d4ba4,83,normal,1789739945.1570766,1789739945.1697135,12.82,0,12.82,pass,,read_secondary,"{""background_write_acknowledged"": true, ""reads"": [{""version"": 83, ""max_seen_before"": 82, ""violation"": false}, {""version"": 83, ""max_seen_before"": 83, ""violation"": false}]}"
20260918T135902Z_ab0d4ba4,84,normal,1789739945.1697135,1789739945.184616,14.716,0,14.716,pass,,read_secondary,"{""background_write_acknowledged"": true, ""reads"": [{""version"": 84, ""max_seen_before"": 83, ""violation"": false}, {""version"": 84, ""max_seen_before"": 84, ""violation"": false}]}"
20260918T135902Z_ab0d4ba4,85,normal,1789739945.184616,1789739945.1972537,12.771,0,12.771,pass,,read_secondary,"{""background_write_acknowledged"": true, ""reads"": [{""version"": 85, ""max_seen_before"": 84, ""violation"": false}, {""version"": 85, ""max_seen_before"": 85, ""violation"": false}]}"
20260918T135902Z_ab0d4ba4,86,normal,1789739945.1978707,1789739945.2115345,14.183,0,14.183,pass,,read_secondary,"{""background_write_acknowledged"": true, ""reads"": [{""version"": 86, ""max_seen_before"": 85, ""violation"": false}, {""version"": 86, ""max_seen_before"": 86, ""violation"": false}]}"
20260918T135902Z_ab0d4ba4,87,normal,1789739945.2121193,1789739945.2247205,12.833,0,12.833,pass,,read_secondary,"{""background_write_acknowledged"": true, ""reads"": [{""version"": 87, ""max_seen_before"": 86, ""violation"": false}, {""version"": 87, ""max_seen_before"": 87, ""violation"": false}]}"
20260918T135902Z_ab0d4ba4,88,normal,1789739945.2247205,1789739945.238244,13.352,0,13.352,pass,,read_secondary,"{""background_write_acknowledged"": true, ""reads"": [{""version"": 88, ""max_seen_before"": 87, ""violation"": false}, {""version"": 88, ""max_seen_before"": 88, ""violation"": false}]}"
20260918T135902Z_ab0d4ba4,89,normal,1789739945.238244,1789739945.252636,14.583,0,14.583,pass,,read_secondary,"{""background_write_acknowledged"": true, ""reads"": [{""version"": 89, ""max_seen_before"": 88, ""violation"": false}, {""version"": 89, ""max_seen_before"": 89, ""violation"": false}]}"
20260918T135902Z_ab0d4ba4,90,normal,1789739945.2532353,1789739945.2678986,14.746,0,14.746,pass,,read_secondary,"{""background_write_acknowledged"": true, ""reads"": [{""version"": 90, ""max_seen_before"": 89, ""violation"": false}, {""version"": 90, ""max_seen_before"": 90, ""violation"": false}]}"
20260918T135902Z_ab0d4ba4,91,normal,1789739945.2678986,1789739945.2823875,14.548,0,14.548,pass,,read_secondary,"{""background_write_acknowledged"": true, ""reads"": [{""version"": 91, ""max_seen_before"": 90, ""violation"": false}, {""version"": 91, ""max_seen_before"": 91, ""violation"": false}]}"
20260918T135902Z_ab0d4ba4,92,normal,1789739945.2823875,1789739945.2975218,14.608,0,14.608,pass,,read_secondary,"{""background_write_acknowledged"": true, ""reads"": [{""version"": 92, ""max_seen_before"": 91, ""violation"": false}, {""version"": 92, ""max_seen_before"": 92, ""violation"": false}]}"
20260918T135902Z_ab0d4ba4,93,normal,1789739945.2975218,1789739945.312479,15.075,0,15.075,pass,,read_secondary,"{""background_write_acknowledged"": true, ""reads"": [{""version"": 93, ""max_seen_before"": 92, ""violation"": false}, {""version"": 93, ""max_seen_before"": 93, ""violation"": false}]}"
20260918T135902Z_ab0d4ba4,94,normal,1789739945.312479,1789739945.3290515,16.361,0,16.361,pass,,read_secondary,"{""background_write_acknowledged"": true, ""reads"": [{""version"": 94, ""max_seen_before"": 93, ""violation"": false}, {""version"": 94, ""max_seen_before"": 94, ""violation"": false}]}"
20260918T135902Z_ab0d4ba4,95,normal,1789739945.3290515,1789739945.34391,14.843,0,14.843,pass,,read_secondary,"{""background_write_acknowledged"": true, ""reads"": [{""version"": 95, ""max_seen_before"": 94, ""violation"": false}, {""version"": 95, ""max_seen_before"": 95, ""violation"": false}]}"
20260918T135902Z_ab0d4ba4,96,normal,1789739945.34391,1789739945.3579564,14.123,0,14.123,pass,,read_secondary,"{""background_write_acknowledged"": true, ""reads"": [{""version"": 96, ""max_seen_before"": 95, ""violation"": false}, {""version"": 96, ""max_seen_before"": 96, ""violation"": false}]}"
20260918T135902Z_ab0d4ba4,97,normal,1789739945.3585625,1789739945.3744845,16.268,0,16.268,pass,,read_secondary,"{""background_write_acknowledged"": true, ""reads"": [{""version"": 97, ""max_seen_before"": 96, ""violation"": false}, {""version"": 97, ""max_seen_before"": 97, ""violation"": false}]}"
20260918T135902Z_ab0d4ba4,98,normal,1789739945.3744845,1789739945.3874838,13.191,0,13.191,pass,,read_secondary,"{""background_write_acknowledged"": true, ""reads"": [{""version"": 98, ""max_seen_before"": 97, ""violation"": false}, {""version"": 98, ""max_seen_before"": 98, ""violation"": false}]}"
20260918T135902Z_ab0d4ba4,99,normal,1789739945.38831,1789739945.4003904,12.053,0,12.053,pass,,read_secondary,"{""background_write_acknowledged"": true, ""reads"": [{""version"": 99, ""max_seen_before"": 98, ""violation"": false}, {""version"": 99, ""max_seen_before"": 99, ""violation"": false}]}"
20260918T135902Z_ab0d4ba4,100,normal,1789739945.4003904,1789739945.4122949,12.274,0,12.274,pass,,read_secondary,"{""background_write_acknowledged"": true, ""reads"": [{""version"": 100, ""max_seen_before"": 99, ""violation"": false}, {""version"": 100, ""max_seen_before"": 100, ""violation"": false}]}"
20260918T135902Z_ab0d4ba4,101,normal,1789739945.4138691,1789739945.426343,12.786,0,12.786,pass,,read_secondary,"{""background_write_acknowledged"": true, ""reads"": [{""version"": 101, ""max_seen_before"": 100, ""violation"": false}, {""version"": 101, ""max_seen_before"": 101, ""violation"": false}]}"
20260918T135902Z_ab0d4ba4,102,normal,1789739945.426343,1789739945.4404683,14.171,0,14.171,pass,,read_secondary,"{""background_write_acknowledged"": true, ""reads"": [{""version"": 102, ""max_seen_before"": 101, ""violation"": false}, {""version"": 102, ""max_seen_before"": 102, ""violation"": false}]}"
20260918T135902Z_ab0d4ba4,103,normal,1789739945.4411077,1789739945.4545052,13.854,0,13.854,pass,,read_secondary,"{""background_write_acknowledged"": true, ""reads"": [{""version"": 103, ""max_seen_before"": 102, ""violation"": false}, {""version"": 103, ""max_seen_before"": 103, ""violation"": false}]}"
20260918T135902Z_ab0d4ba4,104,normal,1789739945.4551191,1789739945.4687796,13.986,0,13.986,pass,,read_secondary,"{""background_write_acknowledged"": true, ""reads"": [{""version"": 104, ""max_seen_before"": 103, ""violation"": false}, {""version"": 104, ""max_seen_before"": 104, ""violation"": false}]}"
20260918T135902Z_ab0d4ba4,105,normal,1789739945.4687796,1789739945.4842713,15.057,0,15.057,pass,,read_secondary,"{""background_write_acknowledged"": true, ""reads"": [{""version"": 105, ""max_seen_before"": 104, ""violation"": false}, {""version"": 105, ""max_seen_before"": 105, ""violation"": false}]}"
20260918T135902Z_ab0d4ba4,106,normal,1789739945.4842713,1789739945.497857,13.757,0,13.757,pass,,read_secondary,"{""background_write_acknowledged"": true, ""reads"": [{""version"": 106, ""max_seen_before"": 105, ""violation"": false}, {""version"": 106, ""max_seen_before"": 106, ""violation"": false}]}"
20260918T135902Z_ab0d4ba4,107,normal,1789739945.497857,1789739945.5119016,14.046,0,14.046,pass,,read_secondary,"{""background_write_acknowledged"": true, ""reads"": [{""version"": 107, ""max_seen_before"": 106, ""violation"": false}, {""version"": 107, ""max_seen_before"": 107, ""violation"": false}]}"
20260918T135902Z_ab0d4ba4,108,normal,1789739945.5119016,1789739945.527336,15.562,0,15.562,pass,,read_secondary,"{""background_write_acknowledged"": true, ""reads"": [{""version"": 108, ""max_seen_before"": 107, ""violation"": false}, {""version"": 108, ""max_seen_before"": 108, ""violation"": false}]}"
20260918T135902Z_ab0d4ba4,109,normal,1789739945.528016,1789739945.542019,14.152,0,14.152,pass,,read_secondary,"{""background_write_acknowledged"": true, ""reads"": [{""version"": 109, ""max_seen_before"": 108, ""violation"": false}, {""version"": 109, ""max_seen_before"": 109, ""violation"": false}]}"
20260918T135902Z_ab0d4ba4,110,normal,1789739945.542019,1789739945.5566418,14.589,0,14.589,pass,,read_secondary,"{""background_write_acknowledged"": true, ""reads"": [{""version"": 110, ""max_seen_before"": 109, ""violation"": false}, {""version"": 110, ""max_seen_before"": 110, ""violation"": false}]}"
20260918T135902Z_ab0d4ba4,111,normal,1789739945.5566418,1789739945.5706816,13.77,0,13.77,pass,,read_secondary,"{""background_write_acknowledged"": true, ""reads"": [{""version"": 111, ""max_seen_before"": 110, ""violation"": false}, {""version"": 111, ""max_seen_before"": 111, ""violation"": false}]}"
20260918T135902Z_ab0d4ba4,112,normal,1789739945.5706816,1789739945.5836754,13.056,0,13.056,pass,,read_secondary,"{""background_write_acknowledged"": true, ""reads"": [{""version"": 112, ""max_seen_before"": 111, ""violation"": false}, {""version"": 112, ""max_seen_before"": 112, ""violation"": false}]}"
20260918T135902Z_ab0d4ba4,113,normal,1789739945.5836754,1789739945.6006591,16.53,0,16.53,pass,,read_secondary,"{""background_write_acknowledged"": true, ""reads"": [{""version"": 113, ""max_seen_before"": 112, ""violation"": false}, {""version"": 113, ""max_seen_before"": 113, ""violation"": false}]}"
20260918T135902Z_ab0d4ba4,114,normal,1789739945.6006591,1789739945.6144412,14.212,0,14.212,pass,,read_secondary,"{""background_write_acknowledged"": true, ""reads"": [{""version"": 114, ""max_seen_before"": 113, ""violation"": false}, {""version"": 114, ""max_seen_before"": 114, ""violation"": false}]}"
20260918T135902Z_ab0d4ba4,115,normal,1789739945.6150796,1789739945.6286726,14.019,0,14.019,pass,,read_secondary,"{""background_write_acknowledged"": true, ""reads"": [{""version"": 115, ""max_seen_before"": 114, ""violation"": false}, {""version"": 115, ""max_seen_before"": 115, ""violation"": false}]}"
20260918T135902Z_ab0d4ba4,116,normal,1789739945.6286726,1789739945.6431718,14.443,0,14.443,pass,,read_secondary,"{""background_write_acknowledged"": true, ""reads"": [{""version"": 116, ""max_seen_before"": 115, ""violation"": false}, {""version"": 116, ""max_seen_before"": 116, ""violation"": false}]}"
20260918T135902Z_ab0d4ba4,117,normal,1789739945.643718,1789739945.6573837,13.715,0,13.715,pass,,read_secondary,"{""background_write_acknowledged"": true, ""reads"": [{""version"": 117, ""max_seen_before"": 116, ""violation"": false}, {""version"": 117, ""max_seen_before"": 117, ""violation"": false}]}"
20260918T135902Z_ab0d4ba4,118,normal,1789739945.6573837,1789739945.6714852,13.987,0,13.987,pass,,read_secondary,"{""background_write_acknowledged"": true, ""reads"": [{""version"": 118, ""max_seen_before"": 117, ""violation"": false}, {""version"": 118, ""max_seen_before"": 118, ""violation"": false}]}"
20260918T135902Z_ab0d4ba4,119,normal,1789739945.6714852,1789739945.6854827,14.218,0,14.218,pass,,read_secondary,"{""background_write_acknowledged"": true, ""reads"": [{""version"": 119, ""max_seen_before"": 118, ""violation"": false}, {""version"": 119, ""max_seen_before"": 119, ""violation"": false}]}"
20260918T135902Z_ab0d4ba4,120,normal,1789739945.6854827,1789739945.6993642,13.717,0,13.717,pass,,read_secondary,"{""background_write_acknowledged"": true, ""reads"": [{""version"": 120, ""max_seen_before"": 119, ""violation"": false}, {""version"": 120, ""max_seen_before"": 120, ""violation"": false}]}"
20260918T135902Z_ab0d4ba4,121,normal,1789739945.6993642,1789739945.7135203,13.767,0,13.767,pass,,read_secondary,"{""background_write_acknowledged"": true, ""reads"": [{""version"": 121, ""max_seen_before"": 120, ""violation"": false}, {""version"": 121, ""max_seen_before"": 121, ""violation"": false}]}"
20260918T135902Z_ab0d4ba4,122,normal,1789739945.7135203,1789739945.7280855,14.47,0,14.47,pass,,read_secondary,"{""background_write_acknowledged"": true, ""reads"": [{""version"": 122, ""max_seen_before"": 121, ""violation"": false}, {""version"": 122, ""max_seen_before"": 122, ""violation"": false}]}"
20260918T135902Z_ab0d4ba4,123,normal,1789739945.7280855,1789739945.740898,12.663,0,12.663,pass,,read_secondary,"{""background_write_acknowledged"": true, ""reads"": [{""version"": 123, ""max_seen_before"": 122, ""violation"": false}, {""version"": 123, ""max_seen_before"": 123, ""violation"": false}]}"
20260918T135902Z_ab0d4ba4,124,normal,1789739945.740898,1789739945.7546408,13.743,0,13.743,pass,,read_secondary,"{""background_write_acknowledged"": true, ""reads"": [{""version"": 124, ""max_seen_before"": 123, ""violation"": false}, {""version"": 124, ""max_seen_before"": 124, ""violation"": false}]}"
20260918T135902Z_ab0d4ba4,125,normal,1789739945.7546408,1789739945.767277,12.76,0,12.76,pass,,read_secondary,"{""background_write_acknowledged"": true, ""reads"": [{""version"": 125, ""max_seen_before"": 124, ""violation"": false}, {""version"": 125, ""max_seen_before"": 125, ""violation"": false}]}"
20260918T135902Z_ab0d4ba4,126,normal,1789739945.7678668,1789739945.7817245,13.814,0,13.814,pass,,read_secondary,"{""background_write_acknowledged"": true, ""reads"": [{""version"": 126, ""max_seen_before"": 125, ""violation"": false}, {""version"": 126, ""max_seen_before"": 126, ""violation"": false}]}"
20260918T135902Z_ab0d4ba4,127,normal,1789739945.7817245,1789739945.7950447,13.517,0,13.517,pass,,read_secondary,"{""background_write_acknowledged"": true, ""reads"": [{""version"": 127, ""max_seen_before"": 126, ""violation"": false}, {""version"": 127, ""max_seen_before"": 127, ""violation"": false}]}"
20260918T135902Z_ab0d4ba4,128,normal,1789739945.7950447,1789739945.808279,12.867,0,12.867,pass,,read_secondary,"{""background_write_acknowledged"": true, ""reads"": [{""version"": 128, ""max_seen_before"": 127, ""violation"": false}, {""version"": 128, ""max_seen_before"": 128, ""violation"": false}]}"
20260918T135902Z_ab0d4ba4,129,normal,1789739945.808279,1789739945.8254693,17.004,0,17.004,pass,,read_secondary,"{""background_write_acknowledged"": true, ""reads"": [{""version"": 129, ""max_seen_before"": 128, ""violation"": false}, {""version"": 129, ""max_seen_before"": 129, ""violation"": false}]}"
20260918T135902Z_ab0d4ba4,130,normal,1789739945.8254693,1789739945.838928,13.709,0,13.709,pass,,read_secondary,"{""background_write_acknowledged"": true, ""reads"": [{""version"": 130, ""max_seen_before"": 129, ""violation"": false}, {""version"": 130, ""max_seen_before"": 130, ""violation"": false}]}"
20260918T135902Z_ab0d4ba4,131,normal,1789739945.8395061,1789739945.8524365,13.36,0,13.36,pass,,read_secondary,"{""background_write_acknowledged"": true, ""reads"": [{""version"": 131, ""max_seen_before"": 130, ""violation"": false}, {""version"": 131, ""max_seen_before"": 131, ""violation"": false}]}"
20260918T135902Z_ab0d4ba4,132,normal,1789739945.8530438,1789739945.8654773,12.854,0,12.854,pass,,read_secondary,"{""background_write_acknowledged"": true, ""reads"": [{""version"": 132, ""max_seen_before"": 131, ""violation"": false}, {""version"": 132, ""max_seen_before"": 132, ""violation"": false}]}"
20260918T135902Z_ab0d4ba4,133,normal,1789739945.8654773,1789739945.8795989,13.957,0,13.957,pass,,read_secondary,"{""background_write_acknowledged"": true, ""reads"": [{""version"": 133, ""max_seen_before"": 132, ""violation"": false}, {""version"": 133, ""max_seen_before"": 133, ""violation"": false}]}"
20260918T135902Z_ab0d4ba4,134,normal,1789739945.8801675,1789739945.8928494,12.972,0,12.972,pass,,read_secondary,"{""background_write_acknowledged"": true, ""reads"": [{""version"": 134, ""max_seen_before"": 133, ""violation"": false}, {""version"": 134, ""max_seen_before"": 134, ""violation"": false}]}"
20260918T135902Z_ab0d4ba4,135,normal,1789739945.8928494,1789739945.9063396,13.077,0,13.077,pass,,read_secondary,"{""background_write_acknowledged"": true, ""reads"": [{""version"": 135, ""max_seen_before"": 134, ""violation"": false}, {""version"": 135, ""max_seen_before"": 135, ""violation"": false}]}"
20260918T135902Z_ab0d4ba4,136,normal,1789739945.9063396,1789739945.9192889,13.239,0,13.239,pass,,read_secondary,"{""background_write_acknowledged"": true, ""reads"": [{""version"": 136, ""max_seen_before"": 135, ""violation"": false}, {""version"": 136, ""max_seen_before"": 136, ""violation"": false}]}"
20260918T135902Z_ab0d4ba4,137,normal,1789739945.9192889,1789739945.932102,13.788,0,13.788,pass,,read_secondary,"{""background_write_acknowledged"": true, ""reads"": [{""version"": 137, ""max_seen_before"": 136, ""violation"": false}, {""version"": 137, ""max_seen_before"": 137, ""violation"": false}]}"
20260918T135902Z_ab0d4ba4,138,normal,1789739945.932102,1789739945.947535,13.889,0,13.889,pass,,read_secondary,"{""background_write_acknowledged"": true, ""reads"": [{""version"": 138, ""max_seen_before"": 137, ""violation"": false}, {""version"": 138, ""max_seen_before"": 138, ""violation"": false}]}"
20260918T135902Z_ab0d4ba4,139,normal,1789739945.947535,1789739945.961809,14.293,0,14.293,pass,,read_secondary,"{""background_write_acknowledged"": true, ""reads"": [{""version"": 139, ""max_seen_before"": 138, ""violation"": false}, {""version"": 139, ""max_seen_before"": 139, ""violation"": false}]}"
20260918T135902Z_ab0d4ba4,140,normal,1789739945.961809,1789739945.975307,13.948,0,13.948,pass,,read_secondary,"{""background_write_acknowledged"": true, ""reads"": [{""version"": 140, ""max_seen_before"": 139, ""violation"": false}, {""version"": 140, ""max_seen_before"": 140, ""violation"": false}]}"
20260918T135902Z_ab0d4ba4,141,normal,1789739945.9761484,1789739945.9909914,15.125,0,15.125,pass,,read_secondary,"{""background_write_acknowledged"": true, ""reads"": [{""version"": 141, ""max_seen_before"": 140, ""violation"": false}, {""version"": 141, ""max_seen_before"": 141, ""violation"": false}]}"
20260918T135902Z_ab0d4ba4,142,normal,1789739945.9909914,1789739946.0057185,14.644,0,14.644,pass,,read_secondary,"{""background_write_acknowledged"": true, ""reads"": [{""version"": 142, ""max_seen_before"": 141, ""violation"": false}, {""version"": 142, ""max_seen_before"": 142, ""violation"": false}]}"
20260918T135902Z_ab0d4ba4,143,normal,1789739946.0057185,1789739946.01939,13.233,0,13.233,pass,,read_secondary,"{""background_write_acknowledged"": true, ""reads"": [{""version"": 143, ""max_seen_before"": 142, ""violation"": false}, {""version"": 143, ""max_seen_before"": 143, ""violation"": false}]}"
20260918T135902Z_ab0d4ba4,144,normal,1789739946.01939,1789739946.0329285,13.406,0,13.406,pass,,read_secondary,"{""background_write_acknowledged"": true, ""reads"": [{""version"": 144, ""max_seen_before"": 143, ""violation"": false}, {""version"": 144, ""max_seen_before"": 144, ""violation"": false}]}"
20260918T135902Z_ab0d4ba4,145,normal,1789739946.0329285,1789739946.048987,15.97,0,15.97,pass,,read_secondary,"{""background_write_acknowledged"": true, ""reads"": [{""version"": 145, ""max_seen_before"": 144, ""violation"": false}, {""version"": 145, ""max_seen_before"": 145, ""violation"": false}]}"
20260918T135902Z_ab0d4ba4,146,normal,1789739946.048987,1789739946.0635054,14.458,0,14.458,pass,,read_secondary,"{""background_write_acknowledged"": true, ""reads"": [{""version"": 146, ""max_seen_before"": 145, ""violation"": false}, {""version"": 146, ""max_seen_before"": 146, ""violation"": false}]}"
20260918T135902Z_ab0d4ba4,147,normal,1789739946.0635054,1789739946.0788171,15.022,0,15.022,pass,,read_secondary,"{""background_write_acknowledged"": true, ""reads"": [{""version"": 147, ""max_seen_before"": 146, ""violation"": false}, {""version"": 147, ""max_seen_before"": 147, ""violation"": false}]}"
20260918T135902Z_ab0d4ba4,148,normal,1789739946.0788171,1789739946.0929234,14.512,0,14.512,pass,,read_secondary,"{""background_write_acknowledged"": true, ""reads"": [{""version"": 148, ""max_seen_before"": 147, ""violation"": false}, {""version"": 148, ""max_seen_before"": 148, ""violation"": false}]}"
20260918T135902Z_ab0d4ba4,149,normal,1789739946.0934753,1789739946.1070662,13.604,0,13.604,pass,,read_secondary,"{""background_write_acknowledged"": true, ""reads"": [{""version"": 149, ""max_seen_before"": 148, ""violation"": false}, {""version"": 149, ""max_seen_before"": 149, ""violation"": false}]}"
20260918T135902Z_ab0d4ba4,150,normal,1789739946.1070662,1789739946.1202745,13.037,0,13.037,pass,,read_secondary,"{""background_write_acknowledged"": true, ""reads"": [{""version"": 150, ""max_seen_before"": 149, ""violation"": false}, {""version"": 150, ""max_seen_before"": 150, ""violation"": false}]}"
20260918T135902Z_ab0d4ba4,151,normal,1789739946.1202745,1789739946.1346838,14.66,0,14.66,pass,,read_secondary,"{""background_write_acknowledged"": true, ""reads"": [{""version"": 151, ""max_seen_before"": 150, ""violation"": false}, {""version"": 151, ""max_seen_before"": 151, ""violation"": false}]}"
20260918T135902Z_ab0d4ba4,152,normal,1789739946.1352832,1789739946.1489305,13.774,0,13.774,pass,,read_secondary,"{""background_write_acknowledged"": true, ""reads"": [{""version"": 152, ""max_seen_before"": 151, ""violation"": false}, {""version"": 152, ""max_seen_before"": 152, ""violation"": false}]}"
20260918T135902Z_ab0d4ba4,153,normal,1789739946.1489305,1789739946.1622202,13.558,0,13.558,pass,,read_secondary,"{""background_write_acknowledged"": true, ""reads"": [{""version"": 153, ""max_seen_before"": 152, ""violation"": false}, {""version"": 153, ""max_seen_before"": 153, ""violation"": false}]}"
20260918T135902Z_ab0d4ba4,154,normal,1789739946.1628778,1789739946.1761417,13.302,0,13.302,pass,,read_secondary,"{""background_write_acknowledged"": true, ""reads"": [{""version"": 154, ""max_seen_before"": 153, ""violation"": false}, {""version"": 154, ""max_seen_before"": 154, ""violation"": false}]}"
20260918T135902Z_ab0d4ba4,155,normal,1789739946.1761417,1789739946.1893897,13.432,0,13.432,pass,,read_secondary,"{""background_write_acknowledged"": true, ""reads"": [{""version"": 155, ""max_seen_before"": 154, ""violation"": false}, {""version"": 155, ""max_seen_before"": 155, ""violation"": false}]}"
20260918T135902Z_ab0d4ba4,156,normal,1789739946.1899643,1789739946.2037342,14.191,0,14.191,pass,,read_secondary,"{""background_write_acknowledged"": true, ""reads"": [{""version"": 156, ""max_seen_before"": 155, ""violation"": false}, {""version"": 156, ""max_seen_before"": 156, ""violation"": false}]}"
20260918T135902Z_ab0d4ba4,157,normal,1789739946.2037342,1789739946.2174914,13.777,0,13.777,pass,,read_secondary,"{""background_write_acknowledged"": true, ""reads"": [{""version"": 157, ""max_seen_before"": 156, ""violation"": false}, {""version"": 157, ""max_seen_before"": 157, ""violation"": false}]}"
20260918T135902Z_ab0d4ba4,158,normal,1789739946.2181177,1789739946.2328384,15.159,0,15.159,pass,,read_secondary,"{""background_write_acknowledged"": true, ""reads"": [{""version"": 158, ""max_seen_before"": 157, ""violation"": false}, {""version"": 158, ""max_seen_before"": 158, ""violation"": false}]}"
20260918T135902Z_ab0d4ba4,159,normal,1789739946.2334363,1789739946.2483032,14.883,0,14.883,pass,,read_secondary,"{""background_write_acknowledged"": true, ""reads"": [{""version"": 159, ""max_seen_before"": 158, ""violation"": false}, {""version"": 159, ""max_seen_before"": 159, ""violation"": false}]}"
20260918T135902Z_ab0d4ba4,160,normal,1789739946.2483032,1789739946.2612748,13.357,0,13.357,pass,,read_secondary,"{""background_write_acknowledged"": true, ""reads"": [{""version"": 160, ""max_seen_before"": 159, ""violation"": false}, {""version"": 160, ""max_seen_before"": 160, ""violation"": false}]}"
20260918T135902Z_ab0d4ba4,161,normal,1789739946.262004,1789739946.2781594,16.165,0,16.165,pass,,read_secondary,"{""background_write_acknowledged"": true, ""reads"": [{""version"": 161, ""max_seen_before"": 160, ""violation"": false}, {""version"": 161, ""max_seen_before"": 161, ""violation"": false}]}"
20260918T135902Z_ab0d4ba4,162,normal,1789739946.2781594,1789739946.2902641,12.293,0,12.293,pass,,read_secondary,"{""background_write_acknowledged"": true, ""reads"": [{""version"": 162, ""max_seen_before"": 161, ""violation"": false}, {""version"": 162, ""max_seen_before"": 162, ""violation"": false}]}"
20260918T135902Z_ab0d4ba4,163,normal,1789739946.2902641,1789739946.3031712,12.672,0,12.672,pass,,read_secondary,"{""background_write_acknowledged"": true, ""reads"": [{""version"": 163, ""max_seen_before"": 162, ""violation"": false}, {""version"": 163, ""max_seen_before"": 163, ""violation"": false}]}"
20260918T135902Z_ab0d4ba4,164,normal,1789739946.3031712,1789739946.316709,13.262,0,13.262,pass,,read_secondary,"{""background_write_acknowledged"": true, ""reads"": [{""version"": 164, ""max_seen_before"": 163, ""violation"": false}, {""version"": 164, ""max_seen_before"": 164, ""violation"": false}]}"
20260918T135902Z_ab0d4ba4,165,normal,1789739946.316709,1789739946.329602,12.792,0,12.792,pass,,read_secondary,"{""background_write_acknowledged"": true, ""reads"": [{""version"": 165, ""max_seen_before"": 164, ""violation"": false}, {""version"": 165, ""max_seen_before"": 165, ""violation"": false}]}"
20260918T135902Z_ab0d4ba4,166,normal,1789739946.329602,1789739946.342479,13.247,0,13.247,pass,,read_secondary,"{""background_write_acknowledged"": true, ""reads"": [{""version"": 166, ""max_seen_before"": 165, ""violation"": false}, {""version"": 166, ""max_seen_before"": 166, ""violation"": false}]}"
20260918T135902Z_ab0d4ba4,167,normal,1789739946.3431427,1789739946.3564243,13.269,0,13.269,pass,,read_secondary,"{""background_write_acknowledged"": true, ""reads"": [{""version"": 167, ""max_seen_before"": 166, ""violation"": false}, {""version"": 167, ""max_seen_before"": 167, ""violation"": false}]}"
20260918T135902Z_ab0d4ba4,168,normal,1789739946.3564243,1789739946.3692608,13.136,0,13.136,pass,,read_secondary,"{""background_write_acknowledged"": true, ""reads"": [{""version"": 168, ""max_seen_before"": 167, ""violation"": false}, {""version"": 168, ""max_seen_before"": 168, ""violation"": false}]}"
20260918T135902Z_ab0d4ba4,169,normal,1789739946.3692608,1789739946.3834481,13.719,0,13.719,pass,,read_secondary,"{""background_write_acknowledged"": true, ""reads"": [{""version"": 169, ""max_seen_before"": 168, ""violation"": false}, {""version"": 169, ""max_seen_before"": 169, ""violation"": false}]}"
20260918T135902Z_ab0d4ba4,170,normal,1789739946.3834481,1789739946.3961651,13.047,0,13.047,pass,,read_secondary,"{""background_write_acknowledged"": true, ""reads"": [{""version"": 170, ""max_seen_before"": 169, ""violation"": false}, {""version"": 170, ""max_seen_before"": 170, ""violation"": false}]}"
20260918T135902Z_ab0d4ba4,171,normal,1789739946.3961651,1789739946.4092216,12.555,0,12.555,pass,,read_secondary,"{""background_write_acknowledged"": true, ""reads"": [{""version"": 171, ""max_seen_before"": 170, ""violation"": false}, {""version"": 171, ""max_seen_before"": 171, ""violation"": false}]}"
20260918T135902Z_ab0d4ba4,172,normal,1789739946.4092216,1789739946.4215078,12.652,0,12.652,pass,,read_secondary,"{""background_write_acknowledged"": true, ""reads"": [{""version"": 172, ""max_seen_before"": 171, ""violation"": false}, {""version"": 172, ""max_seen_before"": 172, ""violation"": false}]}"
20260918T135902Z_ab0d4ba4,173,normal,1789739946.4221754,1789739946.4355884,13.673,0,13.673,pass,,read_secondary,"{""background_write_acknowledged"": true, ""reads"": [{""version"": 173, ""max_seen_before"": 172, ""violation"": false}, {""version"": 173, ""max_seen_before"": 173, ""violation"": false}]}"
20260918T135902Z_ab0d4ba4,174,normal,1789739946.4355884,1789739946.448406,12.565,0,12.565,pass,,read_secondary,"{""background_write_acknowledged"": true, ""reads"": [{""version"": 174, ""max_seen_before"": 173, ""violation"": false}, {""version"": 174, ""max_seen_before"": 174, ""violation"": false}]}"
20260918T135902Z_ab0d4ba4,175,normal,1789739946.448406,1789739946.4617264,13.157,0,13.157,pass,,read_secondary,"{""background_write_acknowledged"": true, ""reads"": [{""version"": 175, ""max_seen_before"": 174, ""violation"": false}, {""version"": 175, ""max_seen_before"": 175, ""violation"": false}]}"
20260918T135902Z_ab0d4ba4,176,normal,1789739946.4617264,1789739946.4761472,14.69,0,14.69,pass,,read_secondary,"{""background_write_acknowledged"": true, ""reads"": [{""version"": 176, ""max_seen_before"": 175, ""violation"": false}, {""version"": 176, ""max_seen_before"": 176, ""violation"": false}]}"
20260918T135902Z_ab0d4ba4,177,normal,1789739946.4767845,1789739946.4921339,15.417,0,15.417,pass,,read_secondary,"{""background_write_acknowledged"": true, ""reads"": [{""version"": 177, ""max_seen_before"": 176, ""violation"": false}, {""version"": 177, ""max_seen_before"": 177, ""violation"": false}]}"
20260918T135902Z_ab0d4ba4,178,normal,1789739946.4921339,1789739946.506158,14.21,0,14.21,pass,,read_secondary,"{""background_write_acknowledged"": true, ""reads"": [{""version"": 178, ""max_seen_before"": 177, ""violation"": false}, {""version"": 178, ""max_seen_before"": 178, ""violation"": false}]}"
20260918T135902Z_ab0d4ba4,179,normal,1789739946.506158,1789739946.5198705,13.861,0,13.861,pass,,read_secondary,"{""background_write_acknowledged"": true, ""reads"": [{""version"": 179, ""max_seen_before"": 178, ""violation"": false}, {""version"": 179, ""max_seen_before"": 179, ""violation"": false}]}"
20260918T135902Z_ab0d4ba4,180,normal,1789739946.5206304,1789739946.5353582,14.707,0,14.707,pass,,read_secondary,"{""background_write_acknowledged"": true, ""reads"": [{""version"": 180, ""max_seen_before"": 179, ""violation"": false}, {""version"": 180, ""max_seen_before"": 180, ""violation"": false}]}"
20260918T135902Z_ab0d4ba4,181,normal,1789739946.5353582,1789739946.54779,12.964,0,12.964,pass,,read_secondary,"{""background_write_acknowledged"": true, ""reads"": [{""version"": 181, ""max_seen_before"": 180, ""violation"": false}, {""version"": 181, ""max_seen_before"": 181, ""violation"": false}]}"
20260918T135902Z_ab0d4ba4,182,normal,1789739946.5485106,1789739946.5616384,13.31,0,13.31,pass,,read_secondary,"{""background_write_acknowledged"": true, ""reads"": [{""version"": 182, ""max_seen_before"": 181, ""violation"": false}, {""version"": 182, ""max_seen_before"": 182, ""violation"": false}]}"
20260918T135902Z_ab0d4ba4,183,normal,1789739946.5616384,1789739946.575433,13.685,0,13.685,pass,,read_secondary,"{""background_write_acknowledged"": true, ""reads"": [{""version"": 183, ""max_seen_before"": 182, ""violation"": false}, {""version"": 183, ""max_seen_before"": 183, ""violation"": false}]}"
20260918T135902Z_ab0d4ba4,184,normal,1789739946.575433,1789739946.5898697,14.128,0,14.128,pass,,read_secondary,"{""background_write_acknowledged"": true, ""reads"": [{""version"": 184, ""max_seen_before"": 183, ""violation"": false}, {""version"": 184, ""max_seen_before"": 184, ""violation"": false}]}"
20260918T135902Z_ab0d4ba4,185,normal,1789739946.5898697,1789739946.603386,13.35,0,13.35,pass,,read_secondary,"{""background_write_acknowledged"": true, ""reads"": [{""version"": 185, ""max_seen_before"": 184, ""violation"": false}, {""version"": 185, ""max_seen_before"": 185, ""violation"": false}]}"
20260918T135902Z_ab0d4ba4,186,normal,1789739946.603386,1789739946.6176484,14.481,0,14.481,pass,,read_secondary,"{""background_write_acknowledged"": true, ""reads"": [{""version"": 186, ""max_seen_before"": 185, ""violation"": false}, {""version"": 186, ""max_seen_before"": 186, ""violation"": false}]}"
20260918T135902Z_ab0d4ba4,187,normal,1789739946.6176484,1789739946.6311204,13.559,0,13.559,pass,,read_secondary,"{""background_write_acknowledged"": true, ""reads"": [{""version"": 187, ""max_seen_before"": 186, ""violation"": false}, {""version"": 187, ""max_seen_before"": 187, ""violation"": false}]}"
20260918T135902Z_ab0d4ba4,188,normal,1789739946.631673,1789739946.6437776,12.544,0,12.544,pass,,read_secondary,"{""background_write_acknowledged"": true, ""reads"": [{""version"": 188, ""max_seen_before"": 187, ""violation"": false}, {""version"": 188, ""max_seen_before"": 188, ""violation"": false}]}"
20260918T135902Z_ab0d4ba4,189,normal,1789739946.6444433,1789739946.6569233,12.87,0,12.87,pass,,read_secondary,"{""background_write_acknowledged"": true, ""reads"": [{""version"": 189, ""max_seen_before"": 188, ""violation"": false}, {""version"": 189, ""max_seen_before"": 189, ""violation"": false}]}"
20260918T135902Z_ab0d4ba4,190,normal,1789739946.6569233,1789739946.6713588,14.102,0,14.102,pass,,read_secondary,"{""background_write_acknowledged"": true, ""reads"": [{""version"": 190, ""max_seen_before"": 189, ""violation"": false}, {""version"": 190, ""max_seen_before"": 190, ""violation"": false}]}"
20260918T135902Z_ab0d4ba4,191,normal,1789739946.6713588,1789739946.6840732,12.98,0,12.98,pass,,read_secondary,"{""background_write_acknowledged"": true, ""reads"": [{""version"": 191, ""max_seen_before"": 190, ""violation"": false}, {""version"": 191, ""max_seen_before"": 191, ""violation"": false}]}"
20260918T135902Z_ab0d4ba4,192,normal,1789739946.684729,1789739946.6980026,13.263,0,13.263,pass,,read_secondary,"{""background_write_acknowledged"": true, ""reads"": [{""version"": 192, ""max_seen_before"": 191, ""violation"": false}, {""version"": 192, ""max_seen_before"": 192, ""violation"": false}]}"
20260918T135902Z_ab0d4ba4,193,normal,1789739946.6980026,1789739946.713425,15.434,0,15.434,pass,,read_secondary,"{""background_write_acknowledged"": true, ""reads"": [{""version"": 193, ""max_seen_before"": 192, ""violation"": false}, {""version"": 193, ""max_seen_before"": 193, ""violation"": false}]}"
20260918T135902Z_ab0d4ba4,194,normal,1789739946.713425,1789739946.72636,13.11,0,13.11,pass,,read_secondary,"{""background_write_acknowledged"": true, ""reads"": [{""version"": 194, ""max_seen_before"": 193, ""violation"": false}, {""version"": 194, ""max_seen_before"": 194, ""violation"": false}]}"
20260918T135902Z_ab0d4ba4,195,normal,1789739946.726882,1789739946.7392101,12.856,0,12.856,pass,,read_secondary,"{""background_write_acknowledged"": true, ""reads"": [{""version"": 195, ""max_seen_before"": 194, ""violation"": false}, {""version"": 195, ""max_seen_before"": 195, ""violation"": false}]}"
20260918T135902Z_ab0d4ba4,196,normal,1789739946.7392101,1789739946.7526307,13.105,0,13.105,pass,,read_secondary,"{""background_write_acknowledged"": true, ""reads"": [{""version"": 196, ""max_seen_before"": 195, ""violation"": false}, {""version"": 196, ""max_seen_before"": 196, ""violation"": false}]}"
20260918T135902Z_ab0d4ba4,197,normal,1789739946.7526307,1789739946.7662528,13.113,0,13.113,pass,,read_secondary,"{""background_write_acknowledged"": true, ""reads"": [{""version"": 197, ""max_seen_before"": 196, ""violation"": false}, {""version"": 197, ""max_seen_before"": 197, ""violation"": false}]}"
20260918T135902Z_ab0d4ba4,198,normal,1789739946.7662528,1789739946.7798986,13.557,0,13.557,pass,,read_secondary,"{""background_write_acknowledged"": true, ""reads"": [{""version"": 198, ""max_seen_before"": 197, ""violation"": false}, {""version"": 198, ""max_seen_before"": 198, ""violation"": false}]}"
20260918T135902Z_ab0d4ba4,199,normal,1789739946.7798986,1789739946.791927,12.63,0,12.63,pass,,read_secondary,"{""background_write_acknowledged"": true, ""reads"": [{""version"": 199, ""max_seen_before"": 198, ""violation"": false}, {""version"": 199, ""max_seen_before"": 199, ""violation"": false}]}"
20260918T135902Z_ab0d4ba4,200,transition,1789739946.7927017,1789739948.1723287,1379.59,1362.243,17.347,pass,,read_secondary,"{""background_write_acknowledged"": true, ""reads"": [{""version"": 200, ""max_seen_before"": 199, ""violation"": false}, {""version"": 200, ""max_seen_before"": 200, ""violation"": false}]}"
20260918T135902Z_ab0d4ba4,201,fault,1789739948.1740818,1789739958.1884215,10014.226,0,10014.226,error,_OperationCancelled: operation cancelled,first_write,"{""error_type"": ""_OperationCancelled"", ""error_code"": null}"
20260918T135902Z_ab0d4ba4,202,fault,1789739958.1884215,1789739959.8312948,1642.56,0,1642.56,pass,,read_secondary,"{""background_write_acknowledged"": true, ""reads"": [{""version"": 202, ""max_seen_before"": 200, ""violation"": false}, {""version"": 202, ""max_seen_before"": 202, ""violation"": false}]}"
20260918T135902Z_ab0d4ba4,203,fault,1789739959.8312948,1789739961.8255713,1993.873,0,1993.873,pass,,read_secondary,"{""background_write_acknowledged"": true, ""reads"": [{""version"": 203, ""max_seen_before"": 202, ""violation"": false}, {""version"": 203, ""max_seen_before"": 203, ""violation"": false}]}"
20260918T135902Z_ab0d4ba4,204,fault,1789739961.8255713,1789739963.8263597,2000.642,0,2000.642,pass,,read_secondary,"{""background_write_acknowledged"": true, ""reads"": [{""version"": 204, ""max_seen_before"": 203, ""violation"": false}, {""version"": 204, ""max_seen_before"": 204, ""violation"": false}]}"
20260918T135902Z_ab0d4ba4,205,fault,1789739963.8263597,1789739965.8293471,2003.33,0,2003.33,pass,,read_secondary,"{""background_write_acknowledged"": true, ""reads"": [{""version"": 205, ""max_seen_before"": 204, ""violation"": false}, {""version"": 205, ""max_seen_before"": 205, ""violation"": false}]}"
20260918T135902Z_ab0d4ba4,206,fault,1789739965.8300009,1789739967.8299108,2000.29,0,2000.29,pass,,read_secondary,"{""background_write_acknowledged"": true, ""reads"": [{""version"": 206, ""max_seen_before"": 205, ""violation"": false}, {""version"": 206, ""max_seen_before"": 206, ""violation"": false}]}"
20260918T135902Z_ab0d4ba4,207,fault,1789739967.830445,1789739969.83478,2004.511,0,2004.511,pass,,read_secondary,"{""background_write_acknowledged"": true, ""reads"": [{""version"": 207, ""max_seen_before"": 206, ""violation"": false}, {""version"": 207, ""max_seen_before"": 207, ""violation"": false}]}"
20260918T135902Z_ab0d4ba4,208,fault,1789739969.835531,1789739971.8333857,1998.383,0,1998.383,pass,,read_secondary,"{""background_write_acknowledged"": true, ""reads"": [{""version"": 208, ""max_seen_before"": 207, ""violation"": false}, {""version"": 208, ""max_seen_before"": 208, ""violation"": false}]}"
20260918T135902Z_ab0d4ba4,209,fault,1789739971.833966,1789739973.8360066,2002.019,0,2002.019,pass,,read_secondary,"{""background_write_acknowledged"": true, ""reads"": [{""version"": 209, ""max_seen_before"": 208, ""violation"": false}, {""version"": 209, ""max_seen_before"": 209, ""violation"": false}]}"
20260918T135902Z_ab0d4ba4,210,fault,1789739973.8360066,1789739975.8351707,1999.22,0,1999.22,pass,,read_secondary,"{""background_write_acknowledged"": true, ""reads"": [{""version"": 210, ""max_seen_before"": 209, ""violation"": false}, {""version"": 210, ""max_seen_before"": 210, ""violation"": false}]}"
20260918T135902Z_ab0d4ba4,211,fault,1789739975.8351707,1789739977.8382516,2003.266,0,2003.266,pass,,read_secondary,"{""background_write_acknowledged"": true, ""reads"": [{""version"": 211, ""max_seen_before"": 210, ""violation"": false}, {""version"": 211, ""max_seen_before"": 211, ""violation"": false}]}"
20260918T135902Z_ab0d4ba4,212,fault,1789739977.838855,1789739979.8397005,2000.895,0,2000.895,pass,,read_secondary,"{""background_write_acknowledged"": true, ""reads"": [{""version"": 212, ""max_seen_before"": 211, ""violation"": false}, {""version"": 212, ""max_seen_before"": 212, ""violation"": false}]}"
20260918T135902Z_ab0d4ba4,213,fault,1789739979.8403666,1789739981.8116443,1971.228,0,1971.228,pass,,read_secondary,"{""background_write_acknowledged"": true, ""reads"": [{""version"": 213, ""max_seen_before"": 212, ""violation"": false}, {""version"": 213, ""max_seen_before"": 213, ""violation"": false}]}"
20260918T135902Z_ab0d4ba4,214,fault,1789739981.8116443,1789739981.8524673,40.697,0,40.697,pass,,read_secondary,"{""background_write_acknowledged"": true, ""reads"": [{""version"": 214, ""max_seen_before"": 213, ""violation"": false}, {""version"": 214, ""max_seen_before"": 214, ""violation"": false}]}"
20260918T135902Z_ab0d4ba4,215,fault,1789739981.8524673,1789739981.8669338,14.645,0,14.645,pass,,read_secondary,"{""background_write_acknowledged"": true, ""reads"": [{""version"": 215, ""max_seen_before"": 214, ""violation"": false}, {""version"": 215, ""max_seen_before"": 215, ""violation"": false}]}"
20260918T135902Z_ab0d4ba4,216,fault,1789739981.8669338,1789739981.8817196,14.673,0,14.673,pass,,read_secondary,"{""background_write_acknowledged"": true, ""reads"": [{""version"": 216, ""max_seen_before"": 215, ""violation"": false}, {""version"": 216, ""max_seen_before"": 216, ""violation"": false}]}"
20260918T135902Z_ab0d4ba4,217,fault,1789739981.8817196,1789739981.896392,14.574,0,14.574,pass,,read_secondary,"{""background_write_acknowledged"": true, ""reads"": [{""version"": 217, ""max_seen_before"": 216, ""violation"": false}, {""version"": 217, ""max_seen_before"": 217, ""violation"": false}]}"
20260918T135902Z_ab0d4ba4,218,fault,1789739981.8970091,1789739981.9113238,14.587,0,14.587,pass,,read_secondary,"{""background_write_acknowledged"": true, ""reads"": [{""version"": 218, ""max_seen_before"": 217, ""violation"": false}, {""version"": 218, ""max_seen_before"": 218, ""violation"": false}]}"
20260918T135902Z_ab0d4ba4,219,fault,1789739981.9113238,1789739981.9252942,13.893,0,13.893,pass,,read_secondary,"{""background_write_acknowledged"": true, ""reads"": [{""version"": 219, ""max_seen_before"": 218, ""violation"": false}, {""version"": 219, ""max_seen_before"": 219, ""violation"": false}]}"
20260918T135902Z_ab0d4ba4,220,fault,1789739981.9252942,1789739981.939574,14.074,0,14.074,pass,,read_secondary,"{""background_write_acknowledged"": true, ""reads"": [{""version"": 220, ""max_seen_before"": 219, ""violation"": false}, {""version"": 220, ""max_seen_before"": 220, ""violation"": false}]}"
20260918T135902Z_ab0d4ba4,221,fault,1789739981.939574,1789739981.9534717,13.737,0,13.737,pass,,read_secondary,"{""background_write_acknowledged"": true, ""reads"": [{""version"": 221, ""max_seen_before"": 220, ""violation"": false}, {""version"": 221, ""max_seen_before"": 221, ""violation"": false}]}"
20260918T135902Z_ab0d4ba4,222,fault,1789739981.9534717,1789739981.9715688,17.91,0,17.91,pass,,read_secondary,"{""background_write_acknowledged"": true, ""reads"": [{""version"": 222, ""max_seen_before"": 221, ""violation"": false}, {""version"": 222, ""max_seen_before"": 222, ""violation"": false}]}"
20260918T135902Z_ab0d4ba4,223,fault,1789739981.9715688,1789739981.9863486,14.86,0,14.86,pass,,read_secondary,"{""background_write_acknowledged"": true, ""reads"": [{""version"": 223, ""max_seen_before"": 222, ""violation"": false}, {""version"": 223, ""max_seen_before"": 223, ""violation"": false}]}"
20260918T135902Z_ab0d4ba4,224,fault,1789739981.9863486,1789739982.0027704,16.092,0,16.092,pass,,read_secondary,"{""background_write_acknowledged"": true, ""reads"": [{""version"": 224, ""max_seen_before"": 223, ""violation"": false}, {""version"": 224, ""max_seen_before"": 224, ""violation"": false}]}"
20260918T135902Z_ab0d4ba4,225,fault,1789739982.0027704,1789739982.0156622,14.034,0,14.034,pass,,read_secondary,"{""background_write_acknowledged"": true, ""reads"": [{""version"": 225, ""max_seen_before"": 224, ""violation"": false}, {""version"": 225, ""max_seen_before"": 225, ""violation"": false}]}"
20260918T135902Z_ab0d4ba4,226,fault,1789739982.0156622,1789739982.0314379,15.061,0,15.061,pass,,read_secondary,"{""background_write_acknowledged"": true, ""reads"": [{""version"": 226, ""max_seen_before"": 225, ""violation"": false}, {""version"": 226, ""max_seen_before"": 226, ""violation"": false}]}"
20260918T135902Z_ab0d4ba4,227,fault,1789739982.0314379,1789739982.0455053,13.628,0,13.628,pass,,read_secondary,"{""background_write_acknowledged"": true, ""reads"": [{""version"": 227, ""max_seen_before"": 226, ""violation"": false}, {""version"": 227, ""max_seen_before"": 227, ""violation"": false}]}"
20260918T135902Z_ab0d4ba4,228,fault,1789739982.0455053,1789739982.0606894,14.634,0,14.634,pass,,read_secondary,"{""background_write_acknowledged"": true, ""reads"": [{""version"": 228, ""max_seen_before"": 227, ""violation"": false}, {""version"": 228, ""max_seen_before"": 228, ""violation"": false}]}"
20260918T135902Z_ab0d4ba4,229,fault,1789739982.0606894,1789739982.0749958,14.511,0,14.511,pass,,read_secondary,"{""background_write_acknowledged"": true, ""reads"": [{""version"": 229, ""max_seen_before"": 228, ""violation"": false}, {""version"": 229, ""max_seen_before"": 229, ""violation"": false}]}"
20260918T135902Z_ab0d4ba4,230,fault,1789739982.0749958,1789739982.0892437,14.139,0,14.139,pass,,read_secondary,"{""background_write_acknowledged"": true, ""reads"": [{""version"": 230, ""max_seen_before"": 229, ""violation"": false}, {""version"": 230, ""max_seen_before"": 230, ""violation"": false}]}"
20260918T135902Z_ab0d4ba4,231,fault,1789739982.0892437,1789739982.103107,13.748,0,13.748,pass,,read_secondary,"{""background_write_acknowledged"": true, ""reads"": [{""version"": 231, ""max_seen_before"": 230, ""violation"": false}, {""version"": 231, ""max_seen_before"": 231, ""violation"": false}]}"
20260918T135902Z_ab0d4ba4,232,fault,1789739982.103107,1789739982.1189768,15.617,0,15.617,pass,,read_secondary,"{""background_write_acknowledged"": true, ""reads"": [{""version"": 232, ""max_seen_before"": 231, ""violation"": false}, {""version"": 232, ""max_seen_before"": 232, ""violation"": false}]}"
20260918T135902Z_ab0d4ba4,233,fault,1789739982.1189768,1789739982.1338665,14.525,0,14.525,pass,,read_secondary,"{""background_write_acknowledged"": true, ""reads"": [{""version"": 233, ""max_seen_before"": 232, ""violation"": false}, {""version"": 233, ""max_seen_before"": 233, ""violation"": false}]}"
20260918T135902Z_ab0d4ba4,234,fault,1789739982.1338665,1789739982.1478558,13.786,0,13.786,pass,,read_secondary,"{""background_write_acknowledged"": true, ""reads"": [{""version"": 234, ""max_seen_before"": 233, ""violation"": false}, {""version"": 234, ""max_seen_before"": 234, ""violation"": false}]}"
20260918T135902Z_ab0d4ba4,235,fault,1789739982.1478558,1789739982.1636622,15.716,0,15.716,pass,,read_secondary,"{""background_write_acknowledged"": true, ""reads"": [{""version"": 235, ""max_seen_before"": 234, ""violation"": false}, {""version"": 235, ""max_seen_before"": 235, ""violation"": false}]}"
20260918T135902Z_ab0d4ba4,236,fault,1789739982.1636622,1789739982.1779397,14.322,0,14.322,pass,,read_secondary,"{""background_write_acknowledged"": true, ""reads"": [{""version"": 236, ""max_seen_before"": 235, ""violation"": false}, {""version"": 236, ""max_seen_before"": 236, ""violation"": false}]}"
20260918T135902Z_ab0d4ba4,237,fault,1789739982.1779397,1789739982.1915593,13.789,0,13.789,pass,,read_secondary,"{""background_write_acknowledged"": true, ""reads"": [{""version"": 237, ""max_seen_before"": 236, ""violation"": false}, {""version"": 237, ""max_seen_before"": 237, ""violation"": false}]}"
20260918T135902Z_ab0d4ba4,238,fault,1789739982.1921537,1789739982.210592,18.378,0,18.378,pass,,read_secondary,"{""background_write_acknowledged"": true, ""reads"": [{""version"": 238, ""max_seen_before"": 237, ""violation"": false}, {""version"": 238, ""max_seen_before"": 238, ""violation"": false}]}"
20260918T135902Z_ab0d4ba4,239,fault,1789739982.210592,1789739982.2236283,13.175,0,13.175,pass,,read_secondary,"{""background_write_acknowledged"": true, ""reads"": [{""version"": 239, ""max_seen_before"": 238, ""violation"": false}, {""version"": 239, ""max_seen_before"": 239, ""violation"": false}]}"
20260918T135902Z_ab0d4ba4,240,fault,1789739982.2236283,1789739982.2378366,14.148,0,14.148,pass,,read_secondary,"{""background_write_acknowledged"": true, ""reads"": [{""version"": 240, ""max_seen_before"": 239, ""violation"": false}, {""version"": 240, ""max_seen_before"": 240, ""violation"": false}]}"
20260918T135902Z_ab0d4ba4,241,fault,1789739982.2378366,1789739982.2524836,14.492,0,14.492,pass,,read_secondary,"{""background_write_acknowledged"": true, ""reads"": [{""version"": 241, ""max_seen_before"": 240, ""violation"": false}, {""version"": 241, ""max_seen_before"": 241, ""violation"": false}]}"
20260918T135902Z_ab0d4ba4,242,fault,1789739982.2524836,1789739982.2668428,14.207,0,14.207,pass,,read_secondary,"{""background_write_acknowledged"": true, ""reads"": [{""version"": 242, ""max_seen_before"": 241, ""violation"": false}, {""version"": 242, ""max_seen_before"": 242, ""violation"": false}]}"
20260918T135902Z_ab0d4ba4,243,fault,1789739982.2668428,1789739982.2805197,13.611,0,13.611,pass,,read_secondary,"{""background_write_acknowledged"": true, ""reads"": [{""version"": 243, ""max_seen_before"": 242, ""violation"": false}, {""version"": 243, ""max_seen_before"": 243, ""violation"": false}]}"
20260918T135902Z_ab0d4ba4,244,fault,1789739982.2805197,1789739982.2959797,15.238,0,15.238,pass,,read_secondary,"{""background_write_acknowledged"": true, ""reads"": [{""version"": 244, ""max_seen_before"": 243, ""violation"": false}, {""version"": 244, ""max_seen_before"": 244, ""violation"": false}]}"
20260918T135902Z_ab0d4ba4,245,fault,1789739982.2959797,1789739982.3107262,14.417,0,14.417,pass,,read_secondary,"{""background_write_acknowledged"": true, ""reads"": [{""version"": 245, ""max_seen_before"": 244, ""violation"": false}, {""version"": 245, ""max_seen_before"": 245, ""violation"": false}]}"
20260918T135902Z_ab0d4ba4,246,fault,1789739982.3107262,1789739982.3242178,13.751,0,13.751,pass,,read_secondary,"{""background_write_acknowledged"": true, ""reads"": [{""version"": 246, ""max_seen_before"": 245, ""violation"": false}, {""version"": 246, ""max_seen_before"": 246, ""violation"": false}]}"
20260918T135902Z_ab0d4ba4,247,fault,1789739982.3242178,1789739982.339021,14.335,0,14.335,pass,,read_secondary,"{""background_write_acknowledged"": true, ""reads"": [{""version"": 247, ""max_seen_before"": 246, ""violation"": false}, {""version"": 247, ""max_seen_before"": 247, ""violation"": false}]}"
20260918T135902Z_ab0d4ba4,248,fault,1789739982.339021,1789739982.3518898,13.089,0,13.089,pass,,read_secondary,"{""background_write_acknowledged"": true, ""reads"": [{""version"": 248, ""max_seen_before"": 247, ""violation"": false}, {""version"": 248, ""max_seen_before"": 248, ""violation"": false}]}"
20260918T135902Z_ab0d4ba4,249,fault,1789739982.3518898,1789739982.3658683,13.989,0,13.989,pass,,read_secondary,"{""background_write_acknowledged"": true, ""reads"": [{""version"": 249, ""max_seen_before"": 248, ""violation"": false}, {""version"": 249, ""max_seen_before"": 249, ""violation"": false}]}"
20260918T135902Z_ab0d4ba4,250,fault,1789739982.3664951,1789739982.3799534,13.68,0,13.68,pass,,read_secondary,"{""background_write_acknowledged"": true, ""reads"": [{""version"": 250, ""max_seen_before"": 249, ""violation"": false}, {""version"": 250, ""max_seen_before"": 250, ""violation"": false}]}"
20260918T135902Z_ab0d4ba4,251,fault,1789739982.3799534,1789739982.3941076,14.189,0,14.189,pass,,read_secondary,"{""background_write_acknowledged"": true, ""reads"": [{""version"": 251, ""max_seen_before"": 250, ""violation"": false}, {""version"": 251, ""max_seen_before"": 251, ""violation"": false}]}"
20260918T135902Z_ab0d4ba4,252,fault,1789739982.3941076,1789739982.4083862,14.194,0,14.194,pass,,read_secondary,"{""background_write_acknowledged"": true, ""reads"": [{""version"": 252, ""max_seen_before"": 251, ""violation"": false}, {""version"": 252, ""max_seen_before"": 252, ""violation"": false}]}"
20260918T135902Z_ab0d4ba4,253,fault,1789739982.4083862,1789739982.4227543,14.011,0,14.011,pass,,read_secondary,"{""background_write_acknowledged"": true, ""reads"": [{""version"": 253, ""max_seen_before"": 252, ""violation"": false}, {""version"": 253, ""max_seen_before"": 253, ""violation"": false}]}"
20260918T135902Z_ab0d4ba4,254,fault,1789739982.4227543,1789739982.4402335,17.537,0,17.537,pass,,read_secondary,"{""background_write_acknowledged"": true, ""reads"": [{""version"": 254, ""max_seen_before"": 253, ""violation"": false}, {""version"": 254, ""max_seen_before"": 254, ""violation"": false}]}"
20260918T135902Z_ab0d4ba4,255,fault,1789739982.4402335,1789739982.4544106,13.882,0,13.882,pass,,read_secondary,"{""background_write_acknowledged"": true, ""reads"": [{""version"": 255, ""max_seen_before"": 254, ""violation"": false}, {""version"": 255, ""max_seen_before"": 255, ""violation"": false}]}"
20260918T135902Z_ab0d4ba4,256,fault,1789739982.4544106,1789739982.4692495,14.578,0,14.578,pass,,read_secondary,"{""background_write_acknowledged"": true, ""reads"": [{""version"": 256, ""max_seen_before"": 255, ""violation"": false}, {""version"": 256, ""max_seen_before"": 256, ""violation"": false}]}"
20260918T135902Z_ab0d4ba4,257,fault,1789739982.4692495,1789739982.4844418,15.579,0,15.579,pass,,read_secondary,"{""background_write_acknowledged"": true, ""reads"": [{""version"": 257, ""max_seen_before"": 256, ""violation"": false}, {""version"": 257, ""max_seen_before"": 257, ""violation"": false}]}"
20260918T135902Z_ab0d4ba4,258,fault,1789739982.4850638,1789739982.4981754,13.182,0,13.182,pass,,read_secondary,"{""background_write_acknowledged"": true, ""reads"": [{""version"": 258, ""max_seen_before"": 257, ""violation"": false}, {""version"": 258, ""max_seen_before"": 258, ""violation"": false}]}"
20260918T135902Z_ab0d4ba4,259,fault,1789739982.4981754,1789739982.511172,13.354,0,13.354,pass,,read_secondary,"{""background_write_acknowledged"": true, ""reads"": [{""version"": 259, ""max_seen_before"": 258, ""violation"": false}, {""version"": 259, ""max_seen_before"": 259, ""violation"": false}]}"
20260918T135902Z_ab0d4ba4,260,fault,1789739982.511172,1789739982.5261014,14.312,0,14.312,pass,,read_secondary,"{""background_write_acknowledged"": true, ""reads"": [{""version"": 260, ""max_seen_before"": 259, ""violation"": false}, {""version"": 260, ""max_seen_before"": 260, ""violation"": false}]}"
20260918T135902Z_ab0d4ba4,261,fault,1789739982.5261014,1789739982.5403018,14.531,0,14.531,pass,,read_secondary,"{""background_write_acknowledged"": true, ""reads"": [{""version"": 261, ""max_seen_before"": 260, ""violation"": false}, {""version"": 261, ""max_seen_before"": 261, ""violation"": false}]}"
20260918T135902Z_ab0d4ba4,262,fault,1789739982.540946,1789739982.554866,14.094,0,14.094,pass,,read_secondary,"{""background_write_acknowledged"": true, ""reads"": [{""version"": 262, ""max_seen_before"": 261, ""violation"": false}, {""version"": 262, ""max_seen_before"": 262, ""violation"": false}]}"
20260918T135902Z_ab0d4ba4,263,fault,1789739982.554866,1789739982.5691247,13.992,0,13.992,pass,,read_secondary,"{""background_write_acknowledged"": true, ""reads"": [{""version"": 263, ""max_seen_before"": 262, ""violation"": false}, {""version"": 263, ""max_seen_before"": 263, ""violation"": false}]}"
20260918T135902Z_ab0d4ba4,264,fault,1789739982.5691247,1789739982.5839763,15.206,0,15.206,pass,,read_secondary,"{""background_write_acknowledged"": true, ""reads"": [{""version"": 264, ""max_seen_before"": 263, ""violation"": false}, {""version"": 264, ""max_seen_before"": 264, ""violation"": false}]}"
20260918T135902Z_ab0d4ba4,265,fault,1789739982.5845635,1789739982.5988991,14.664,0,14.664,pass,,read_secondary,"{""background_write_acknowledged"": true, ""reads"": [{""version"": 265, ""max_seen_before"": 264, ""violation"": false}, {""version"": 265, ""max_seen_before"": 265, ""violation"": false}]}"
20260918T135902Z_ab0d4ba4,266,fault,1789739982.5988991,1789739982.6132777,14.393,0,14.393,pass,,read_secondary,"{""background_write_acknowledged"": true, ""reads"": [{""version"": 266, ""max_seen_before"": 265, ""violation"": false}, {""version"": 266, ""max_seen_before"": 266, ""violation"": false}]}"
20260918T135902Z_ab0d4ba4,267,fault,1789739982.6138852,1789739982.6305187,17.108,0,17.108,pass,,read_secondary,"{""background_write_acknowledged"": true, ""reads"": [{""version"": 267, ""max_seen_before"": 266, ""violation"": false}, {""version"": 267, ""max_seen_before"": 267, ""violation"": false}]}"
20260918T135902Z_ab0d4ba4,268,fault,1789739982.6310668,1789739982.6442645,13.545,0,13.545,pass,,read_secondary,"{""background_write_acknowledged"": true, ""reads"": [{""version"": 268, ""max_seen_before"": 267, ""violation"": false}, {""version"": 268, ""max_seen_before"": 268, ""violation"": false}]}"
20260918T135902Z_ab0d4ba4,269,fault,1789739982.6442645,1789739982.6588812,14.13,0,14.13,pass,,read_secondary,"{""background_write_acknowledged"": true, ""reads"": [{""version"": 269, ""max_seen_before"": 268, ""violation"": false}, {""version"": 269, ""max_seen_before"": 269, ""violation"": false}]}"
20260918T135902Z_ab0d4ba4,270,fault,1789739982.6588812,1789739982.6755385,16.683,0,16.683,pass,,read_secondary,"{""background_write_acknowledged"": true, ""reads"": [{""version"": 270, ""max_seen_before"": 269, ""violation"": false}, {""version"": 270, ""max_seen_before"": 270, ""violation"": false}]}"
20260918T135902Z_ab0d4ba4,271,fault,1789739982.6755385,1789739982.6893704,13.788,0,13.788,pass,,read_secondary,"{""background_write_acknowledged"": true, ""reads"": [{""version"": 271, ""max_seen_before"": 270, ""violation"": false}, {""version"": 271, ""max_seen_before"": 271, ""violation"": false}]}"
20260918T135902Z_ab0d4ba4,272,fault,1789739982.6893704,1789739982.703261,14.022,0,14.022,pass,,read_secondary,"{""background_write_acknowledged"": true, ""reads"": [{""version"": 272, ""max_seen_before"": 271, ""violation"": false}, {""version"": 272, ""max_seen_before"": 272, ""violation"": false}]}"
20260918T135902Z_ab0d4ba4,273,fault,1789739982.7038078,1789739982.7175775,13.907,0,13.907,pass,,read_secondary,"{""background_write_acknowledged"": true, ""reads"": [{""version"": 273, ""max_seen_before"": 272, ""violation"": false}, {""version"": 273, ""max_seen_before"": 273, ""violation"": false}]}"
20260918T135902Z_ab0d4ba4,274,fault,1789739982.7175775,1789739982.7324173,14.612,0,14.612,pass,,read_secondary,"{""background_write_acknowledged"": true, ""reads"": [{""version"": 274, ""max_seen_before"": 273, ""violation"": false}, {""version"": 274, ""max_seen_before"": 274, ""violation"": false}]}"
20260918T135902Z_ab0d4ba4,275,fault,1789739982.7324173,1789739982.7461107,13.769,0,13.769,pass,,read_secondary,"{""background_write_acknowledged"": true, ""reads"": [{""version"": 275, ""max_seen_before"": 274, ""violation"": false}, {""version"": 275, ""max_seen_before"": 275, ""violation"": false}]}"
20260918T135902Z_ab0d4ba4,276,fault,1789739982.7461107,1789739982.7608285,14.626,0,14.626,pass,,read_secondary,"{""background_write_acknowledged"": true, ""reads"": [{""version"": 276, ""max_seen_before"": 275, ""violation"": false}, {""version"": 276, ""max_seen_before"": 276, ""violation"": false}]}"
20260918T135902Z_ab0d4ba4,277,fault,1789739982.7608285,1789739982.7768955,15.908,0,15.908,pass,,read_secondary,"{""background_write_acknowledged"": true, ""reads"": [{""version"": 277, ""max_seen_before"": 276, ""violation"": false}, {""version"": 277, ""max_seen_before"": 277, ""violation"": false}]}"
20260918T135902Z_ab0d4ba4,278,fault,1789739982.7768955,1789739982.790446,13.136,0,13.136,pass,,read_secondary,"{""background_write_acknowledged"": true, ""reads"": [{""version"": 278, ""max_seen_before"": 277, ""violation"": false}, {""version"": 278, ""max_seen_before"": 278, ""violation"": false}]}"
20260918T135902Z_ab0d4ba4,279,fault,1789739982.790446,1789739982.8042903,13.797,0,13.797,pass,,read_secondary,"{""background_write_acknowledged"": true, ""reads"": [{""version"": 279, ""max_seen_before"": 278, ""violation"": false}, {""version"": 279, ""max_seen_before"": 279, ""violation"": false}]}"
20260918T135902Z_ab0d4ba4,280,fault,1789739982.8042903,1789739982.8183115,14.139,0,14.139,pass,,read_secondary,"{""background_write_acknowledged"": true, ""reads"": [{""version"": 280, ""max_seen_before"": 279, ""violation"": false}, {""version"": 280, ""max_seen_before"": 280, ""violation"": false}]}"
20260918T135902Z_ab0d4ba4,281,fault,1789739982.8183115,1789739982.832537,14.146,0,14.146,pass,,read_secondary,"{""background_write_acknowledged"": true, ""reads"": [{""version"": 281, ""max_seen_before"": 280, ""violation"": false}, {""version"": 281, ""max_seen_before"": 281, ""violation"": false}]}"
20260918T135902Z_ab0d4ba4,282,fault,1789739982.8331177,1789739982.8467748,13.961,0,13.961,pass,,read_secondary,"{""background_write_acknowledged"": true, ""reads"": [{""version"": 282, ""max_seen_before"": 281, ""violation"": false}, {""version"": 282, ""max_seen_before"": 282, ""violation"": false}]}"
20260918T135902Z_ab0d4ba4,283,fault,1789739982.8467748,1789739982.8608093,13.635,0,13.635,pass,,read_secondary,"{""background_write_acknowledged"": true, ""reads"": [{""version"": 283, ""max_seen_before"": 282, ""violation"": false}, {""version"": 283, ""max_seen_before"": 283, ""violation"": false}]}"
20260918T135902Z_ab0d4ba4,284,fault,1789739982.8608093,1789739982.8741944,13.55,0,13.55,pass,,read_secondary,"{""background_write_acknowledged"": true, ""reads"": [{""version"": 284, ""max_seen_before"": 283, ""violation"": false}, {""version"": 284, ""max_seen_before"": 284, ""violation"": false}]}"
20260918T135902Z_ab0d4ba4,285,fault,1789739982.8741944,1789739982.8882856,13.868,0,13.868,pass,,read_secondary,"{""background_write_acknowledged"": true, ""reads"": [{""version"": 285, ""max_seen_before"": 284, ""violation"": false}, {""version"": 285, ""max_seen_before"": 285, ""violation"": false}]}"
20260918T135902Z_ab0d4ba4,286,fault,1789739982.8882856,1789739982.9065745,18.41,0,18.41,pass,,read_secondary,"{""background_write_acknowledged"": true, ""reads"": [{""version"": 286, ""max_seen_before"": 285, ""violation"": false}, {""version"": 286, ""max_seen_before"": 286, ""violation"": false}]}"
20260918T135902Z_ab0d4ba4,287,fault,1789739982.9071445,1789739982.9214535,14.468,0,14.468,pass,,read_secondary,"{""background_write_acknowledged"": true, ""reads"": [{""version"": 287, ""max_seen_before"": 286, ""violation"": false}, {""version"": 287, ""max_seen_before"": 287, ""violation"": false}]}"
20260918T135902Z_ab0d4ba4,288,fault,1789739982.9214535,1789739982.937334,15.539,0,15.539,pass,,read_secondary,"{""background_write_acknowledged"": true, ""reads"": [{""version"": 288, ""max_seen_before"": 287, ""violation"": false}, {""version"": 288, ""max_seen_before"": 288, ""violation"": false}]}"
20260918T135902Z_ab0d4ba4,289,fault,1789739982.937334,1789739982.951496,14.274,0,14.274,pass,,read_secondary,"{""background_write_acknowledged"": true, ""reads"": [{""version"": 289, ""max_seen_before"": 288, ""violation"": false}, {""version"": 289, ""max_seen_before"": 289, ""violation"": false}]}"
20260918T135902Z_ab0d4ba4,290,fault,1789739982.951496,1789739982.965902,14.099,0,14.099,pass,,read_secondary,"{""background_write_acknowledged"": true, ""reads"": [{""version"": 290, ""max_seen_before"": 289, ""violation"": false}, {""version"": 290, ""max_seen_before"": 290, ""violation"": false}]}"
20260918T135902Z_ab0d4ba4,291,fault,1789739982.965902,1789739982.979993,14.093,0,14.093,pass,,read_secondary,"{""background_write_acknowledged"": true, ""reads"": [{""version"": 291, ""max_seen_before"": 290, ""violation"": false}, {""version"": 291, ""max_seen_before"": 291, ""violation"": false}]}"
20260918T135902Z_ab0d4ba4,292,fault,1789739982.979993,1789739982.9942331,14.286,0,14.286,pass,,read_secondary,"{""background_write_acknowledged"": true, ""reads"": [{""version"": 292, ""max_seen_before"": 291, ""violation"": false}, {""version"": 292, ""max_seen_before"": 292, ""violation"": false}]}"
20260918T135902Z_ab0d4ba4,293,fault,1789739982.9942331,1789739983.0073912,12.951,0,12.951,pass,,read_secondary,"{""background_write_acknowledged"": true, ""reads"": [{""version"": 293, ""max_seen_before"": 292, ""violation"": false}, {""version"": 293, ""max_seen_before"": 293, ""violation"": false}]}"
20260918T135902Z_ab0d4ba4,294,fault,1789739983.0073912,1789739983.0235462,16.033,0,16.033,pass,,read_secondary,"{""background_write_acknowledged"": true, ""reads"": [{""version"": 294, ""max_seen_before"": 293, ""violation"": false}, {""version"": 294, ""max_seen_before"": 294, ""violation"": false}]}"
20260918T135902Z_ab0d4ba4,295,fault,1789739983.0241454,1789739983.038696,14.64,0,14.64,pass,,read_secondary,"{""background_write_acknowledged"": true, ""reads"": [{""version"": 295, ""max_seen_before"": 294, ""violation"": false}, {""version"": 295, ""max_seen_before"": 295, ""violation"": false}]}"
20260918T135902Z_ab0d4ba4,296,fault,1789739983.038696,1789739983.0521493,13.594,0,13.594,pass,,read_secondary,"{""background_write_acknowledged"": true, ""reads"": [{""version"": 296, ""max_seen_before"": 295, ""violation"": false}, {""version"": 296, ""max_seen_before"": 296, ""violation"": false}]}"
20260918T135902Z_ab0d4ba4,297,fault,1789739983.0521493,1789739983.0661201,13.703,0,13.703,pass,,read_secondary,"{""background_write_acknowledged"": true, ""reads"": [{""version"": 297, ""max_seen_before"": 296, ""violation"": false}, {""version"": 297, ""max_seen_before"": 297, ""violation"": false}]}"
20260918T135902Z_ab0d4ba4,298,fault,1789739983.0661201,1789739983.079972,13.657,0,13.657,pass,,read_secondary,"{""background_write_acknowledged"": true, ""reads"": [{""version"": 298, ""max_seen_before"": 297, ""violation"": false}, {""version"": 298, ""max_seen_before"": 298, ""violation"": false}]}"
20260918T135902Z_ab0d4ba4,299,fault,1789739983.079972,1789739983.095067,15.065,0,15.065,pass,,read_secondary,"{""background_write_acknowledged"": true, ""reads"": [{""version"": 299, ""max_seen_before"": 298, ""violation"": false}, {""version"": 299, ""max_seen_before"": 299, ""violation"": false}]}"
20260918T135902Z_ab0d4ba4,300,fault,1789739983.095067,1789739983.1087532,13.599,0,13.599,pass,,read_secondary,"{""background_write_acknowledged"": true, ""reads"": [{""version"": 300, ""max_seen_before"": 299, ""violation"": false}, {""version"": 300, ""max_seen_before"": 300, ""violation"": false}]}"
20260918T135902Z_ab0d4ba4,301,fault,1789739983.1115904,1789739983.125916,14.092,0,14.092,pass,,read_secondary,"{""background_write_acknowledged"": true, ""reads"": [{""version"": 301, ""max_seen_before"": 300, ""violation"": false}, {""version"": 301, ""max_seen_before"": 301, ""violation"": false}]}"
20260918T135902Z_ab0d4ba4,302,fault,1789739983.125916,1789739983.1415384,16.099,0,16.099,pass,,read_secondary,"{""background_write_acknowledged"": true, ""reads"": [{""version"": 302, ""max_seen_before"": 301, ""violation"": false}, {""version"": 302, ""max_seen_before"": 302, ""violation"": false}]}"
20260918T135902Z_ab0d4ba4,303,fault,1789739983.1415384,1789739983.1558297,13.978,0,13.978,pass,,read_secondary,"{""background_write_acknowledged"": true, ""reads"": [{""version"": 303, ""max_seen_before"": 302, ""violation"": false}, {""version"": 303, ""max_seen_before"": 303, ""violation"": false}]}"
20260918T135902Z_ab0d4ba4,304,fault,1789739983.1558297,1789739983.1695564,13.374,0,13.374,pass,,read_secondary,"{""background_write_acknowledged"": true, ""reads"": [{""version"": 304, ""max_seen_before"": 303, ""violation"": false}, {""version"": 304, ""max_seen_before"": 304, ""violation"": false}]}"
20260918T135902Z_ab0d4ba4,305,fault,1789739983.1695564,1789739983.183005,13.321,0,13.321,pass,,read_secondary,"{""background_write_acknowledged"": true, ""reads"": [{""version"": 305, ""max_seen_before"": 304, ""violation"": false}, {""version"": 305, ""max_seen_before"": 305, ""violation"": false}]}"
20260918T135902Z_ab0d4ba4,306,fault,1789739983.183005,1789739983.1959674,12.945,0,12.945,pass,,read_secondary,"{""background_write_acknowledged"": true, ""reads"": [{""version"": 306, ""max_seen_before"": 305, ""violation"": false}, {""version"": 306, ""max_seen_before"": 306, ""violation"": false}]}"
20260918T135902Z_ab0d4ba4,307,fault,1789739983.1959674,1789739983.209932,13.716,0,13.716,pass,,read_secondary,"{""background_write_acknowledged"": true, ""reads"": [{""version"": 307, ""max_seen_before"": 306, ""violation"": false}, {""version"": 307, ""max_seen_before"": 307, ""violation"": false}]}"
20260918T135902Z_ab0d4ba4,308,fault,1789739983.209932,1789739983.2235062,13.681,0,13.681,pass,,read_secondary,"{""background_write_acknowledged"": true, ""reads"": [{""version"": 308, ""max_seen_before"": 307, ""violation"": false}, {""version"": 308, ""max_seen_before"": 308, ""violation"": false}]}"
20260918T135902Z_ab0d4ba4,309,fault,1789739983.2235062,1789739983.2388897,15.131,0,15.131,pass,,read_secondary,"{""background_write_acknowledged"": true, ""reads"": [{""version"": 309, ""max_seen_before"": 308, ""violation"": false}, {""version"": 309, ""max_seen_before"": 309, ""violation"": false}]}"
20260918T135902Z_ab0d4ba4,310,fault,1789739983.2388897,1789739983.2535493,14.383,0,14.383,pass,,read_secondary,"{""background_write_acknowledged"": true, ""reads"": [{""version"": 310, ""max_seen_before"": 309, ""violation"": false}, {""version"": 310, ""max_seen_before"": 310, ""violation"": false}]}"
20260918T135902Z_ab0d4ba4,311,fault,1789739983.2535493,1789739983.2663774,12.748,0,12.748,pass,,read_secondary,"{""background_write_acknowledged"": true, ""reads"": [{""version"": 311, ""max_seen_before"": 310, ""violation"": false}, {""version"": 311, ""max_seen_before"": 311, ""violation"": false}]}"
20260918T135902Z_ab0d4ba4,312,fault,1789739983.2663774,1789739983.2794693,13.364,0,13.364,pass,,read_secondary,"{""background_write_acknowledged"": true, ""reads"": [{""version"": 312, ""max_seen_before"": 311, ""violation"": false}, {""version"": 312, ""max_seen_before"": 312, ""violation"": false}]}"
20260918T135902Z_ab0d4ba4,313,fault,1789739983.280056,1789739983.2950265,14.937,0,14.937,pass,,read_secondary,"{""background_write_acknowledged"": true, ""reads"": [{""version"": 313, ""max_seen_before"": 312, ""violation"": false}, {""version"": 313, ""max_seen_before"": 313, ""violation"": false}]}"
20260918T135902Z_ab0d4ba4,314,fault,1789739983.2950265,1789739983.309916,14.734,0,14.734,pass,,read_secondary,"{""background_write_acknowledged"": true, ""reads"": [{""version"": 314, ""max_seen_before"": 313, ""violation"": false}, {""version"": 314, ""max_seen_before"": 314, ""violation"": false}]}"
20260918T135902Z_ab0d4ba4,315,fault,1789739983.309916,1789739983.3229854,13.086,0,13.086,pass,,read_secondary,"{""background_write_acknowledged"": true, ""reads"": [{""version"": 315, ""max_seen_before"": 314, ""violation"": false}, {""version"": 315, ""max_seen_before"": 315, ""violation"": false}]}"
20260918T135902Z_ab0d4ba4,316,fault,1789739983.3229854,1789739983.3364463,13.61,0,13.61,pass,,read_secondary,"{""background_write_acknowledged"": true, ""reads"": [{""version"": 316, ""max_seen_before"": 315, ""violation"": false}, {""version"": 316, ""max_seen_before"": 316, ""violation"": false}]}"
20260918T135902Z_ab0d4ba4,317,fault,1789739983.3370492,1789739983.3514078,14.284,0,14.284,pass,,read_secondary,"{""background_write_acknowledged"": true, ""reads"": [{""version"": 317, ""max_seen_before"": 316, ""violation"": false}, {""version"": 317, ""max_seen_before"": 317, ""violation"": false}]}"
20260918T135902Z_ab0d4ba4,318,fault,1789739983.3514078,1789739983.3690927,17.501,0,17.501,pass,,read_secondary,"{""background_write_acknowledged"": true, ""reads"": [{""version"": 318, ""max_seen_before"": 317, ""violation"": false}, {""version"": 318, ""max_seen_before"": 318, ""violation"": false}]}"
20260918T135902Z_ab0d4ba4,319,fault,1789739983.3690927,1789739983.382605,13.565,0,13.565,pass,,read_secondary,"{""background_write_acknowledged"": true, ""reads"": [{""version"": 319, ""max_seen_before"": 318, ""violation"": false}, {""version"": 319, ""max_seen_before"": 319, ""violation"": false}]}"
20260918T135902Z_ab0d4ba4,320,fault,1789739983.382605,1789739983.398147,15.314,0,15.314,pass,,read_secondary,"{""background_write_acknowledged"": true, ""reads"": [{""version"": 320, ""max_seen_before"": 319, ""violation"": false}, {""version"": 320, ""max_seen_before"": 320, ""violation"": false}]}"
20260918T135902Z_ab0d4ba4,321,fault,1789739983.398147,1789739983.4130201,14.941,0,14.941,pass,,read_secondary,"{""background_write_acknowledged"": true, ""reads"": [{""version"": 321, ""max_seen_before"": 320, ""violation"": false}, {""version"": 321, ""max_seen_before"": 321, ""violation"": false}]}"
20260918T135902Z_ab0d4ba4,322,fault,1789739983.4130201,1789739983.4280567,14.684,0,14.684,pass,,read_secondary,"{""background_write_acknowledged"": true, ""reads"": [{""version"": 322, ""max_seen_before"": 321, ""violation"": false}, {""version"": 322, ""max_seen_before"": 322, ""violation"": false}]}"
20260918T135902Z_ab0d4ba4,323,fault,1789739983.4280567,1789739983.4418159,13.883,0,13.883,pass,,read_secondary,"{""background_write_acknowledged"": true, ""reads"": [{""version"": 323, ""max_seen_before"": 322, ""violation"": false}, {""version"": 323, ""max_seen_before"": 323, ""violation"": false}]}"
20260918T135902Z_ab0d4ba4,324,fault,1789739983.4418159,1789739983.4553175,13.376,0,13.376,pass,,read_secondary,"{""background_write_acknowledged"": true, ""reads"": [{""version"": 324, ""max_seen_before"": 323, ""violation"": false}, {""version"": 324, ""max_seen_before"": 324, ""violation"": false}]}"
20260918T135902Z_ab0d4ba4,325,fault,1789739983.4561012,1789739983.4702475,14.088,0,14.088,pass,,read_secondary,"{""background_write_acknowledged"": true, ""reads"": [{""version"": 325, ""max_seen_before"": 324, ""violation"": false}, {""version"": 325, ""max_seen_before"": 325, ""violation"": false}]}"
20260918T135902Z_ab0d4ba4,326,fault,1789739983.4702475,1789739983.4850814,14.729,0,14.729,pass,,read_secondary,"{""background_write_acknowledged"": true, ""reads"": [{""version"": 326, ""max_seen_before"": 325, ""violation"": false}, {""version"": 326, ""max_seen_before"": 326, ""violation"": false}]}"
20260918T135902Z_ab0d4ba4,327,fault,1789739983.4850814,1789739983.5007317,15.708,0,15.708,pass,,read_secondary,"{""background_write_acknowledged"": true, ""reads"": [{""version"": 327, ""max_seen_before"": 326, ""violation"": false}, {""version"": 327, ""max_seen_before"": 327, ""violation"": false}]}"
20260918T135902Z_ab0d4ba4,328,fault,1789739983.5007317,1789739983.5164638,15.874,0,15.874,pass,,read_secondary,"{""background_write_acknowledged"": true, ""reads"": [{""version"": 328, ""max_seen_before"": 327, ""violation"": false}, {""version"": 328, ""max_seen_before"": 328, ""violation"": false}]}"
20260918T135902Z_ab0d4ba4,329,fault,1789739983.5170965,1789739983.5345984,17.532,0,17.532,pass,,read_secondary,"{""background_write_acknowledged"": true, ""reads"": [{""version"": 329, ""max_seen_before"": 328, ""violation"": false}, {""version"": 329, ""max_seen_before"": 329, ""violation"": false}]}"
20260918T135902Z_ab0d4ba4,330,fault,1789739983.5345984,1789739983.550713,16.166,0,16.166,pass,,read_secondary,"{""background_write_acknowledged"": true, ""reads"": [{""version"": 330, ""max_seen_before"": 329, ""violation"": false}, {""version"": 330, ""max_seen_before"": 330, ""violation"": false}]}"
20260918T135902Z_ab0d4ba4,331,fault,1789739983.550713,1789739983.5705705,19.714,0,19.714,pass,,read_secondary,"{""background_write_acknowledged"": true, ""reads"": [{""version"": 331, ""max_seen_before"": 330, ""violation"": false}, {""version"": 331, ""max_seen_before"": 331, ""violation"": false}]}"
20260918T135902Z_ab0d4ba4,332,fault,1789739983.5705705,1789739983.5890803,18.228,0,18.228,pass,,read_secondary,"{""background_write_acknowledged"": true, ""reads"": [{""version"": 332, ""max_seen_before"": 331, ""violation"": false}, {""version"": 332, ""max_seen_before"": 332, ""violation"": false}]}"
20260918T135902Z_ab0d4ba4,333,fault,1789739983.5890803,1789739983.605761,16.425,0,16.425,pass,,read_secondary,"{""background_write_acknowledged"": true, ""reads"": [{""version"": 333, ""max_seen_before"": 332, ""violation"": false}, {""version"": 333, ""max_seen_before"": 333, ""violation"": false}]}"
20260918T135902Z_ab0d4ba4,334,fault,1789739983.605761,1789739983.6259105,20.126,0,20.126,pass,,read_secondary,"{""background_write_acknowledged"": true, ""reads"": [{""version"": 334, ""max_seen_before"": 333, ""violation"": false}, {""version"": 334, ""max_seen_before"": 334, ""violation"": false}]}"
20260918T135902Z_ab0d4ba4,335,fault,1789739983.6259105,1789739983.6435688,17.552,0,17.552,pass,,read_secondary,"{""background_write_acknowledged"": true, ""reads"": [{""version"": 335, ""max_seen_before"": 334, ""violation"": false}, {""version"": 335, ""max_seen_before"": 335, ""violation"": false}]}"
20260918T135902Z_ab0d4ba4,336,fault,1789739983.6435688,1789739983.6611743,17.424,0,17.424,pass,,read_secondary,"{""background_write_acknowledged"": true, ""reads"": [{""version"": 336, ""max_seen_before"": 335, ""violation"": false}, {""version"": 336, ""max_seen_before"": 336, ""violation"": false}]}"
20260918T135902Z_ab0d4ba4,337,fault,1789739983.6611743,1789739983.6785772,17.043,0,17.043,pass,,read_secondary,"{""background_write_acknowledged"": true, ""reads"": [{""version"": 337, ""max_seen_before"": 336, ""violation"": false}, {""version"": 337, ""max_seen_before"": 337, ""violation"": false}]}"
20260918T135902Z_ab0d4ba4,338,fault,1789739983.6785772,1789739983.6974888,18.998,0,18.998,pass,,read_secondary,"{""background_write_acknowledged"": true, ""reads"": [{""version"": 338, ""max_seen_before"": 337, ""violation"": false}, {""version"": 338, ""max_seen_before"": 338, ""violation"": false}]}"
20260918T135902Z_ab0d4ba4,339,fault,1789739983.6974888,1789739983.7147224,17.015,0,17.015,pass,,read_secondary,"{""background_write_acknowledged"": true, ""reads"": [{""version"": 339, ""max_seen_before"": 338, ""violation"": false}, {""version"": 339, ""max_seen_before"": 339, ""violation"": false}]}"
20260918T135902Z_ab0d4ba4,340,fault,1789739983.7147224,1789739983.732198,17.763,0,17.763,pass,,read_secondary,"{""background_write_acknowledged"": true, ""reads"": [{""version"": 340, ""max_seen_before"": 339, ""violation"": false}, {""version"": 340, ""max_seen_before"": 340, ""violation"": false}]}"
20260918T135902Z_ab0d4ba4,341,fault,1789739983.732856,1789739983.7502253,17.634,0,17.634,pass,,read_secondary,"{""background_write_acknowledged"": true, ""reads"": [{""version"": 341, ""max_seen_before"": 340, ""violation"": false}, {""version"": 341, ""max_seen_before"": 341, ""violation"": false}]}"
20260918T135902Z_ab0d4ba4,342,fault,1789739983.7502253,1789739983.7668908,16.473,0,16.473,pass,,read_secondary,"{""background_write_acknowledged"": true, ""reads"": [{""version"": 342, ""max_seen_before"": 341, ""violation"": false}, {""version"": 342, ""max_seen_before"": 342, ""violation"": false}]}"
20260918T135902Z_ab0d4ba4,343,fault,1789739983.7668908,1789739983.7842076,17.022,0,17.022,pass,,read_secondary,"{""background_write_acknowledged"": true, ""reads"": [{""version"": 343, ""max_seen_before"": 342, ""violation"": false}, {""version"": 343, ""max_seen_before"": 343, ""violation"": false}]}"
20260918T135902Z_ab0d4ba4,344,fault,1789739983.7842076,1789739983.8020535,17.954,0,17.954,pass,,read_secondary,"{""background_write_acknowledged"": true, ""reads"": [{""version"": 344, ""max_seen_before"": 343, ""violation"": false}, {""version"": 344, ""max_seen_before"": 344, ""violation"": false}]}"
20260918T135902Z_ab0d4ba4,345,fault,1789739983.8020535,1789739983.8199859,17.506,0,17.506,pass,,read_secondary,"{""background_write_acknowledged"": true, ""reads"": [{""version"": 345, ""max_seen_before"": 344, ""violation"": false}, {""version"": 345, ""max_seen_before"": 345, ""violation"": false}]}"
20260918T135902Z_ab0d4ba4,346,fault,1789739983.8199859,1789739983.8371248,17.132,0,17.132,pass,,read_secondary,"{""background_write_acknowledged"": true, ""reads"": [{""version"": 346, ""max_seen_before"": 345, ""violation"": false}, {""version"": 346, ""max_seen_before"": 346, ""violation"": false}]}"
20260918T135902Z_ab0d4ba4,347,fault,1789739983.8371248,1789739983.8543928,17.148,0,17.148,pass,,read_secondary,"{""background_write_acknowledged"": true, ""reads"": [{""version"": 347, ""max_seen_before"": 346, ""violation"": false}, {""version"": 347, ""max_seen_before"": 347, ""violation"": false}]}"
20260918T135902Z_ab0d4ba4,348,fault,1789739983.8543928,1789739983.869819,15.38,0,15.38,pass,,read_secondary,"{""background_write_acknowledged"": true, ""reads"": [{""version"": 348, ""max_seen_before"": 347, ""violation"": false}, {""version"": 348, ""max_seen_before"": 348, ""violation"": false}]}"
20260918T135902Z_ab0d4ba4,349,fault,1789739983.869819,1789739983.8862472,16.358,0,16.358,pass,,read_secondary,"{""background_write_acknowledged"": true, ""reads"": [{""version"": 349, ""max_seen_before"": 348, ""violation"": false}, {""version"": 349, ""max_seen_before"": 349, ""violation"": false}]}"
20260918T135902Z_ab0d4ba4,350,fault,1789739983.8868067,1789739983.9073567,20.463,0,20.463,pass,,read_secondary,"{""background_write_acknowledged"": true, ""reads"": [{""version"": 350, ""max_seen_before"": 349, ""violation"": false}, {""version"": 350, ""max_seen_before"": 350, ""violation"": false}]}"
20260918T135902Z_ab0d4ba4,351,fault,1789739983.9073567,1789739983.9250917,17.696,0,17.696,pass,,read_secondary,"{""background_write_acknowledged"": true, ""reads"": [{""version"": 351, ""max_seen_before"": 350, ""violation"": false}, {""version"": 351, ""max_seen_before"": 351, ""violation"": false}]}"
20260918T135902Z_ab0d4ba4,352,fault,1789739983.9250917,1789739983.9458253,20.348,0,20.348,pass,,read_secondary,"{""background_write_acknowledged"": true, ""reads"": [{""version"": 352, ""max_seen_before"": 351, ""violation"": false}, {""version"": 352, ""max_seen_before"": 352, ""violation"": false}]}"
20260918T135902Z_ab0d4ba4,353,fault,1789739983.9458253,1789739983.9610984,15.183,0,15.183,pass,,read_secondary,"{""background_write_acknowledged"": true, ""reads"": [{""version"": 353, ""max_seen_before"": 352, ""violation"": false}, {""version"": 353, ""max_seen_before"": 353, ""violation"": false}]}"
20260918T135902Z_ab0d4ba4,354,fault,1789739983.9610984,1789739983.9790306,17.78,0,17.78,pass,,read_secondary,"{""background_write_acknowledged"": true, ""reads"": [{""version"": 354, ""max_seen_before"": 353, ""violation"": false}, {""version"": 354, ""max_seen_before"": 354, ""violation"": false}]}"
20260918T135902Z_ab0d4ba4,355,fault,1789739983.9790306,1789739983.9973118,17.995,0,17.995,pass,,read_secondary,"{""background_write_acknowledged"": true, ""reads"": [{""version"": 355, ""max_seen_before"": 354, ""violation"": false}, {""version"": 355, ""max_seen_before"": 355, ""violation"": false}]}"
20260918T135902Z_ab0d4ba4,356,fault,1789739983.9973118,1789739984.01353,15.957,0,15.957,pass,,read_secondary,"{""background_write_acknowledged"": true, ""reads"": [{""version"": 356, ""max_seen_before"": 355, ""violation"": false}, {""version"": 356, ""max_seen_before"": 356, ""violation"": false}]}"
20260918T135902Z_ab0d4ba4,357,fault,1789739984.01353,1789739984.0288448,15.595,0,15.595,pass,,read_secondary,"{""background_write_acknowledged"": true, ""reads"": [{""version"": 357, ""max_seen_before"": 356, ""violation"": false}, {""version"": 357, ""max_seen_before"": 357, ""violation"": false}]}"
20260918T135902Z_ab0d4ba4,358,fault,1789739984.0288448,1789739984.0444937,15.511,0,15.511,pass,,read_secondary,"{""background_write_acknowledged"": true, ""reads"": [{""version"": 358, ""max_seen_before"": 357, ""violation"": false}, {""version"": 358, ""max_seen_before"": 358, ""violation"": false}]}"
20260918T135902Z_ab0d4ba4,359,fault,1789739984.0444937,1789739984.060372,15.604,0,15.604,pass,,read_secondary,"{""background_write_acknowledged"": true, ""reads"": [{""version"": 359, ""max_seen_before"": 358, ""violation"": false}, {""version"": 359, ""max_seen_before"": 359, ""violation"": false}]}"
20260918T135902Z_ab0d4ba4,360,fault,1789739984.060372,1789739984.0776596,17.147,0,17.147,pass,,read_secondary,"{""background_write_acknowledged"": true, ""reads"": [{""version"": 360, ""max_seen_before"": 359, ""violation"": false}, {""version"": 360, ""max_seen_before"": 360, ""violation"": false}]}"
20260918T135902Z_ab0d4ba4,361,fault,1789739984.0776596,1789739984.0934694,15.42,0,15.42,pass,,read_secondary,"{""background_write_acknowledged"": true, ""reads"": [{""version"": 361, ""max_seen_before"": 360, ""violation"": false}, {""version"": 361, ""max_seen_before"": 361, ""violation"": false}]}"
20260918T135902Z_ab0d4ba4,362,fault,1789739984.0934694,1789739984.109573,16.229,0,16.229,pass,,read_secondary,"{""background_write_acknowledged"": true, ""reads"": [{""version"": 362, ""max_seen_before"": 361, ""violation"": false}, {""version"": 362, ""max_seen_before"": 362, ""violation"": false}]}"
20260918T135902Z_ab0d4ba4,363,fault,1789739984.109573,1789739984.1278543,18.376,0,18.376,pass,,read_secondary,"{""background_write_acknowledged"": true, ""reads"": [{""version"": 363, ""max_seen_before"": 362, ""violation"": false}, {""version"": 363, ""max_seen_before"": 363, ""violation"": false}]}"
20260918T135902Z_ab0d4ba4,364,fault,1789739984.1278543,1789739984.1448452,16.428,0,16.428,pass,,read_secondary,"{""background_write_acknowledged"": true, ""reads"": [{""version"": 364, ""max_seen_before"": 363, ""violation"": false}, {""version"": 364, ""max_seen_before"": 364, ""violation"": false}]}"
20260918T135902Z_ab0d4ba4,365,fault,1789739984.1448452,1789739984.1613941,16.572,0,16.572,pass,,read_secondary,"{""background_write_acknowledged"": true, ""reads"": [{""version"": 365, ""max_seen_before"": 364, ""violation"": false}, {""version"": 365, ""max_seen_before"": 365, ""violation"": false}]}"
20260918T135902Z_ab0d4ba4,366,fault,1789739984.1613941,1789739984.1814067,19.716,0,19.716,pass,,read_secondary,"{""background_write_acknowledged"": true, ""reads"": [{""version"": 366, ""max_seen_before"": 365, ""violation"": false}, {""version"": 366, ""max_seen_before"": 366, ""violation"": false}]}"
20260918T135902Z_ab0d4ba4,367,fault,1789739984.1814067,1789739984.1987386,17.143,0,17.143,pass,,read_secondary,"{""background_write_acknowledged"": true, ""reads"": [{""version"": 367, ""max_seen_before"": 366, ""violation"": false}, {""version"": 367, ""max_seen_before"": 367, ""violation"": false}]}"
20260918T135902Z_ab0d4ba4,368,fault,1789739984.1987386,1789739984.215462,16.672,0,16.672,pass,,read_secondary,"{""background_write_acknowledged"": true, ""reads"": [{""version"": 368, ""max_seen_before"": 367, ""violation"": false}, {""version"": 368, ""max_seen_before"": 368, ""violation"": false}]}"
20260918T135902Z_ab0d4ba4,369,fault,1789739984.215462,1789739984.231115,15.344,0,15.344,pass,,read_secondary,"{""background_write_acknowledged"": true, ""reads"": [{""version"": 369, ""max_seen_before"": 368, ""violation"": false}, {""version"": 369, ""max_seen_before"": 369, ""violation"": false}]}"
20260918T135902Z_ab0d4ba4,370,fault,1789739984.231115,1789739984.2467432,15.691,0,15.691,pass,,read_secondary,"{""background_write_acknowledged"": true, ""reads"": [{""version"": 370, ""max_seen_before"": 369, ""violation"": false}, {""version"": 370, ""max_seen_before"": 370, ""violation"": false}]}"
20260918T135902Z_ab0d4ba4,371,fault,1789739984.2467432,1789739984.262807,15.997,0,15.997,pass,,read_secondary,"{""background_write_acknowledged"": true, ""reads"": [{""version"": 371, ""max_seen_before"": 370, ""violation"": false}, {""version"": 371, ""max_seen_before"": 371, ""violation"": false}]}"
20260918T135902Z_ab0d4ba4,372,fault,1789739984.262807,1789739984.2792594,16.389,0,16.389,pass,,read_secondary,"{""background_write_acknowledged"": true, ""reads"": [{""version"": 372, ""max_seen_before"": 371, ""violation"": false}, {""version"": 372, ""max_seen_before"": 372, ""violation"": false}]}"
20260918T135902Z_ab0d4ba4,373,fault,1789739984.2798786,1789739984.2972326,17.435,0,17.435,pass,,read_secondary,"{""background_write_acknowledged"": true, ""reads"": [{""version"": 373, ""max_seen_before"": 372, ""violation"": false}, {""version"": 373, ""max_seen_before"": 373, ""violation"": false}]}"
20260918T135902Z_ab0d4ba4,374,fault,1789739984.2972326,1789739984.3134782,16.259,0,16.259,pass,,read_secondary,"{""background_write_acknowledged"": true, ""reads"": [{""version"": 374, ""max_seen_before"": 373, ""violation"": false}, {""version"": 374, ""max_seen_before"": 374, ""violation"": false}]}"
20260918T135902Z_ab0d4ba4,375,fault,1789739984.3134782,1789739984.3307755,16.97,0,16.97,pass,,read_secondary,"{""background_write_acknowledged"": true, ""reads"": [{""version"": 375, ""max_seen_before"": 374, ""violation"": false}, {""version"": 375, ""max_seen_before"": 375, ""violation"": false}]}"
20260918T135902Z_ab0d4ba4,376,fault,1789739984.3307755,1789739984.347442,16.618,0,16.618,pass,,read_secondary,"{""background_write_acknowledged"": true, ""reads"": [{""version"": 376, ""max_seen_before"": 375, ""violation"": false}, {""version"": 376, ""max_seen_before"": 376, ""violation"": false}]}"
20260918T135902Z_ab0d4ba4,377,fault,1789739984.347442,1789739984.3646395,16.907,0,16.907,pass,,read_secondary,"{""background_write_acknowledged"": true, ""reads"": [{""version"": 377, ""max_seen_before"": 376, ""violation"": false}, {""version"": 377, ""max_seen_before"": 377, ""violation"": false}]}"
20260918T135902Z_ab0d4ba4,378,fault,1789739984.3646395,1789739984.3812966,16.761,0,16.761,pass,,read_secondary,"{""background_write_acknowledged"": true, ""reads"": [{""version"": 378, ""max_seen_before"": 377, ""violation"": false}, {""version"": 378, ""max_seen_before"": 378, ""violation"": false}]}"
20260918T135902Z_ab0d4ba4,379,fault,1789739984.3812966,1789739984.3975801,16.123,0,16.123,pass,,read_secondary,"{""background_write_acknowledged"": true, ""reads"": [{""version"": 379, ""max_seen_before"": 378, ""violation"": false}, {""version"": 379, ""max_seen_before"": 379, ""violation"": false}]}"
20260918T135902Z_ab0d4ba4,380,fault,1789739984.3975801,1789739984.411654,14.254,0,14.254,pass,,read_secondary,"{""background_write_acknowledged"": true, ""reads"": [{""version"": 380, ""max_seen_before"": 379, ""violation"": false}, {""version"": 380, ""max_seen_before"": 380, ""violation"": false}]}"
20260918T135902Z_ab0d4ba4,381,fault,1789739984.411654,1789739984.426311,14.148,0,14.148,pass,,read_secondary,"{""background_write_acknowledged"": true, ""reads"": [{""version"": 381, ""max_seen_before"": 380, ""violation"": false}, {""version"": 381, ""max_seen_before"": 381, ""violation"": false}]}"
20260918T135902Z_ab0d4ba4,382,fault,1789739984.426311,1789739984.4427297,16.527,0,16.527,pass,,read_secondary,"{""background_write_acknowledged"": true, ""reads"": [{""version"": 382, ""max_seen_before"": 381, ""violation"": false}, {""version"": 382, ""max_seen_before"": 382, ""violation"": false}]}"
20260918T135902Z_ab0d4ba4,383,fault,1789739984.4427297,1789739984.4569602,13.821,0,13.821,pass,,read_secondary,"{""background_write_acknowledged"": true, ""reads"": [{""version"": 383, ""max_seen_before"": 382, ""violation"": false}, {""version"": 383, ""max_seen_before"": 383, ""violation"": false}]}"
20260918T135902Z_ab0d4ba4,384,fault,1789739984.4569602,1789739984.4724085,15.335,0,15.335,pass,,read_secondary,"{""background_write_acknowledged"": true, ""reads"": [{""version"": 384, ""max_seen_before"": 383, ""violation"": false}, {""version"": 384, ""max_seen_before"": 384, ""violation"": false}]}"
20260918T135902Z_ab0d4ba4,385,fault,1789739984.4724085,1789739984.4861078,13.626,0,13.626,pass,,read_secondary,"{""background_write_acknowledged"": true, ""reads"": [{""version"": 385, ""max_seen_before"": 384, ""violation"": false}, {""version"": 385, ""max_seen_before"": 385, ""violation"": false}]}"
20260918T135902Z_ab0d4ba4,386,fault,1789739984.4861078,1789739984.5004804,14.651,0,14.651,pass,,read_secondary,"{""background_write_acknowledged"": true, ""reads"": [{""version"": 386, ""max_seen_before"": 385, ""violation"": false}, {""version"": 386, ""max_seen_before"": 386, ""violation"": false}]}"
20260918T135902Z_ab0d4ba4,387,fault,1789739984.5010734,1789739984.5150523,14.026,0,14.026,pass,,read_secondary,"{""background_write_acknowledged"": true, ""reads"": [{""version"": 387, ""max_seen_before"": 386, ""violation"": false}, {""version"": 387, ""max_seen_before"": 387, ""violation"": false}]}"
20260918T135902Z_ab0d4ba4,388,fault,1789739984.5150523,1789739984.5283432,13.549,0,13.549,pass,,read_secondary,"{""background_write_acknowledged"": true, ""reads"": [{""version"": 388, ""max_seen_before"": 387, ""violation"": false}, {""version"": 388, ""max_seen_before"": 388, ""violation"": false}]}"
20260918T135902Z_ab0d4ba4,389,fault,1789739984.5283432,1789739984.5413568,12.456,0,12.456,pass,,read_secondary,"{""background_write_acknowledged"": true, ""reads"": [{""version"": 389, ""max_seen_before"": 388, ""violation"": false}, {""version"": 389, ""max_seen_before"": 389, ""violation"": false}]}"
20260918T135902Z_ab0d4ba4,390,fault,1789739984.5413568,1789739984.553988,13.021,0,13.021,pass,,read_secondary,"{""background_write_acknowledged"": true, ""reads"": [{""version"": 390, ""max_seen_before"": 389, ""violation"": false}, {""version"": 390, ""max_seen_before"": 390, ""violation"": false}]}"
20260918T135902Z_ab0d4ba4,391,fault,1789739984.5546074,1789739984.5672514,13.08,0,13.08,pass,,read_secondary,"{""background_write_acknowledged"": true, ""reads"": [{""version"": 391, ""max_seen_before"": 390, ""violation"": false}, {""version"": 391, ""max_seen_before"": 391, ""violation"": false}]}"
20260918T135902Z_ab0d4ba4,392,fault,1789739984.5678291,1789739984.5809426,13.415,0,13.415,pass,,read_secondary,"{""background_write_acknowledged"": true, ""reads"": [{""version"": 392, ""max_seen_before"": 391, ""violation"": false}, {""version"": 392, ""max_seen_before"": 392, ""violation"": false}]}"
20260918T135902Z_ab0d4ba4,393,fault,1789739984.5809426,1789739984.5948005,13.657,0,13.657,pass,,read_secondary,"{""background_write_acknowledged"": true, ""reads"": [{""version"": 393, ""max_seen_before"": 392, ""violation"": false}, {""version"": 393, ""max_seen_before"": 393, ""violation"": false}]}"
20260918T135902Z_ab0d4ba4,394,fault,1789739984.5948005,1789739984.609195,14.513,0,14.513,pass,,read_secondary,"{""background_write_acknowledged"": true, ""reads"": [{""version"": 394, ""max_seen_before"": 393, ""violation"": false}, {""version"": 394, ""max_seen_before"": 394, ""violation"": false}]}"
20260918T135902Z_ab0d4ba4,395,fault,1789739984.609814,1789739984.6246235,15.199,0,15.199,pass,,read_secondary,"{""background_write_acknowledged"": true, ""reads"": [{""version"": 395, ""max_seen_before"": 394, ""violation"": false}, {""version"": 395, ""max_seen_before"": 395, ""violation"": false}]}"
20260918T135902Z_ab0d4ba4,396,fault,1789739984.6246235,1789739984.639461,14.541,0,14.541,pass,,read_secondary,"{""background_write_acknowledged"": true, ""reads"": [{""version"": 396, ""max_seen_before"": 395, ""violation"": false}, {""version"": 396, ""max_seen_before"": 396, ""violation"": false}]}"
20260918T135902Z_ab0d4ba4,397,fault,1789739984.639461,1789739984.6534827,13.643,0,13.643,pass,,read_secondary,"{""background_write_acknowledged"": true, ""reads"": [{""version"": 397, ""max_seen_before"": 396, ""violation"": false}, {""version"": 397, ""max_seen_before"": 397, ""violation"": false}]}"
20260918T135902Z_ab0d4ba4,398,fault,1789739984.6534827,1789739984.6682212,15.147,0,15.147,pass,,read_secondary,"{""background_write_acknowledged"": true, ""reads"": [{""version"": 398, ""max_seen_before"": 397, ""violation"": false}, {""version"": 398, ""max_seen_before"": 398, ""violation"": false}]}"
20260918T135902Z_ab0d4ba4,399,fault,1789739984.6687706,1789739984.681754,13.063,0,13.063,pass,,read_secondary,"{""background_write_acknowledged"": true, ""reads"": [{""version"": 399, ""max_seen_before"": 398, ""violation"": false}, {""version"": 399, ""max_seen_before"": 399, ""violation"": false}]}"
20260918T135902Z_ab0d4ba4,400,fault,1789739984.681754,1789739984.6947155,13.234,0,13.234,pass,,read_secondary,"{""background_write_acknowledged"": true, ""reads"": [{""version"": 400, ""max_seen_before"": 399, ""violation"": false}, {""version"": 400, ""max_seen_before"": 400, ""violation"": false}]}"
20260918T135902Z_ab0d4ba4,401,fault,1789739984.6987581,1789739984.7124727,13.617,0,13.617,pass,,read_secondary,"{""background_write_acknowledged"": true, ""reads"": [{""version"": 401, ""max_seen_before"": 400, ""violation"": false}, {""version"": 401, ""max_seen_before"": 401, ""violation"": false}]}"
20260918T135902Z_ab0d4ba4,402,fault,1789739984.7124727,1789739984.725999,13.645,0,13.645,pass,,read_secondary,"{""background_write_acknowledged"": true, ""reads"": [{""version"": 402, ""max_seen_before"": 401, ""violation"": false}, {""version"": 402, ""max_seen_before"": 402, ""violation"": false}]}"
20260918T135902Z_ab0d4ba4,403,fault,1789739984.725999,1789739984.7407649,14.259,0,14.259,pass,,read_secondary,"{""background_write_acknowledged"": true, ""reads"": [{""version"": 403, ""max_seen_before"": 402, ""violation"": false}, {""version"": 403, ""max_seen_before"": 403, ""violation"": false}]}"
20260918T135902Z_ab0d4ba4,404,fault,1789739984.7407649,1789739984.7526953,12.088,0,12.088,pass,,read_secondary,"{""background_write_acknowledged"": true, ""reads"": [{""version"": 404, ""max_seen_before"": 403, ""violation"": false}, {""version"": 404, ""max_seen_before"": 404, ""violation"": false}]}"
20260918T135902Z_ab0d4ba4,405,fault,1789739984.7526953,1789739984.7656791,13.026,0,13.026,pass,,read_secondary,"{""background_write_acknowledged"": true, ""reads"": [{""version"": 405, ""max_seen_before"": 404, ""violation"": false}, {""version"": 405, ""max_seen_before"": 405, ""violation"": false}]}"
20260918T135902Z_ab0d4ba4,406,fault,1789739984.7661986,1789739984.7788508,13.063,0,13.063,pass,,read_secondary,"{""background_write_acknowledged"": true, ""reads"": [{""version"": 406, ""max_seen_before"": 405, ""violation"": false}, {""version"": 406, ""max_seen_before"": 406, ""violation"": false}]}"
20260918T135902Z_ab0d4ba4,407,fault,1789739984.7788508,1789739984.7924652,13.315,0,13.315,pass,,read_secondary,"{""background_write_acknowledged"": true, ""reads"": [{""version"": 407, ""max_seen_before"": 406, ""violation"": false}, {""version"": 407, ""max_seen_before"": 407, ""violation"": false}]}"
20260918T135902Z_ab0d4ba4,408,fault,1789739984.7924652,1789739984.8061717,13.394,0,13.394,pass,,read_secondary,"{""background_write_acknowledged"": true, ""reads"": [{""version"": 408, ""max_seen_before"": 407, ""violation"": false}, {""version"": 408, ""max_seen_before"": 408, ""violation"": false}]}"
20260918T135902Z_ab0d4ba4,409,fault,1789739984.8061717,1789739984.8190696,12.745,0,12.745,pass,,read_secondary,"{""background_write_acknowledged"": true, ""reads"": [{""version"": 409, ""max_seen_before"": 408, ""violation"": false}, {""version"": 409, ""max_seen_before"": 409, ""violation"": false}]}"
20260918T135902Z_ab0d4ba4,410,fault,1789739984.8190696,1789739984.8322492,13.115,0,13.115,pass,,read_secondary,"{""background_write_acknowledged"": true, ""reads"": [{""version"": 410, ""max_seen_before"": 409, ""violation"": false}, {""version"": 410, ""max_seen_before"": 410, ""violation"": false}]}"
20260918T135902Z_ab0d4ba4,411,fault,1789739984.8322492,1789739984.8453832,13.321,0,13.321,pass,,read_secondary,"{""background_write_acknowledged"": true, ""reads"": [{""version"": 411, ""max_seen_before"": 410, ""violation"": false}, {""version"": 411, ""max_seen_before"": 411, ""violation"": false}]}"
20260918T135902Z_ab0d4ba4,412,fault,1789739984.8453832,1789739984.8586001,13.18,0,13.18,pass,,read_secondary,"{""background_write_acknowledged"": true, ""reads"": [{""version"": 412, ""max_seen_before"": 411, ""violation"": false}, {""version"": 412, ""max_seen_before"": 412, ""violation"": false}]}"
20260918T135902Z_ab0d4ba4,413,fault,1789739984.859207,1789739984.8732748,14.046,0,14.046,pass,,read_secondary,"{""background_write_acknowledged"": true, ""reads"": [{""version"": 413, ""max_seen_before"": 412, ""violation"": false}, {""version"": 413, ""max_seen_before"": 413, ""violation"": false}]}"
20260918T135902Z_ab0d4ba4,414,fault,1789739984.8732748,1789739984.888461,15.471,0,15.471,pass,,read_secondary,"{""background_write_acknowledged"": true, ""reads"": [{""version"": 414, ""max_seen_before"": 413, ""violation"": false}, {""version"": 414, ""max_seen_before"": 414, ""violation"": false}]}"
20260918T135902Z_ab0d4ba4,415,fault,1789739984.8890147,1789739984.9030557,14.043,0,14.043,pass,,read_secondary,"{""background_write_acknowledged"": true, ""reads"": [{""version"": 415, ""max_seen_before"": 414, ""violation"": false}, {""version"": 415, ""max_seen_before"": 415, ""violation"": false}]}"
20260918T135902Z_ab0d4ba4,416,fault,1789739984.9030557,1789739984.9174502,14.691,0,14.691,pass,,read_secondary,"{""background_write_acknowledged"": true, ""reads"": [{""version"": 416, ""max_seen_before"": 415, ""violation"": false}, {""version"": 416, ""max_seen_before"": 416, ""violation"": false}]}"
20260918T135902Z_ab0d4ba4,417,fault,1789739984.9180238,1789739984.9310803,13.442,0,13.442,pass,,read_secondary,"{""background_write_acknowledged"": true, ""reads"": [{""version"": 417, ""max_seen_before"": 416, ""violation"": false}, {""version"": 417, ""max_seen_before"": 417, ""violation"": false}]}"
20260918T135902Z_ab0d4ba4,418,fault,1789739984.931649,1789739984.9444194,13.216,0,13.216,pass,,read_secondary,"{""background_write_acknowledged"": true, ""reads"": [{""version"": 418, ""max_seen_before"": 417, ""violation"": false}, {""version"": 418, ""max_seen_before"": 418, ""violation"": false}]}"
20260918T135902Z_ab0d4ba4,419,fault,1789739984.944993,1789739984.9582,13.672,0,13.672,pass,,read_secondary,"{""background_write_acknowledged"": true, ""reads"": [{""version"": 419, ""max_seen_before"": 418, ""violation"": false}, {""version"": 419, ""max_seen_before"": 419, ""violation"": false}]}"
20260918T135902Z_ab0d4ba4,420,fault,1789739984.9588072,1789739984.9710186,12.706,0,12.706,pass,,read_secondary,"{""background_write_acknowledged"": true, ""reads"": [{""version"": 420, ""max_seen_before"": 419, ""violation"": false}, {""version"": 420, ""max_seen_before"": 420, ""violation"": false}]}"
20260918T135902Z_ab0d4ba4,421,fault,1789739984.9716613,1789739984.98611,14.473,0,14.473,pass,,read_secondary,"{""background_write_acknowledged"": true, ""reads"": [{""version"": 421, ""max_seen_before"": 420, ""violation"": false}, {""version"": 421, ""max_seen_before"": 421, ""violation"": false}]}"
20260918T135902Z_ab0d4ba4,422,fault,1789739984.98611,1789739984.999424,13.57,0,13.57,pass,,read_secondary,"{""background_write_acknowledged"": true, ""reads"": [{""version"": 422, ""max_seen_before"": 421, ""violation"": false}, {""version"": 422, ""max_seen_before"": 422, ""violation"": false}]}"
20260918T135902Z_ab0d4ba4,423,fault,1789739984.999985,1789739985.0131876,13.246,0,13.246,pass,,read_secondary,"{""background_write_acknowledged"": true, ""reads"": [{""version"": 423, ""max_seen_before"": 422, ""violation"": false}, {""version"": 423, ""max_seen_before"": 423, ""violation"": false}]}"
20260918T135902Z_ab0d4ba4,424,fault,1789739985.0131876,1789739985.0255098,12.686,0,12.686,pass,,read_secondary,"{""background_write_acknowledged"": true, ""reads"": [{""version"": 424, ""max_seen_before"": 423, ""violation"": false}, {""version"": 424, ""max_seen_before"": 424, ""violation"": false}]}"
20260918T135902Z_ab0d4ba4,425,fault,1789739985.0255098,1789739985.0393088,13.395,0,13.395,pass,,read_secondary,"{""background_write_acknowledged"": true, ""reads"": [{""version"": 425, ""max_seen_before"": 424, ""violation"": false}, {""version"": 425, ""max_seen_before"": 425, ""violation"": false}]}"
20260918T135902Z_ab0d4ba4,426,fault,1789739985.0393088,1789739985.0530157,13.472,0,13.472,pass,,read_secondary,"{""background_write_acknowledged"": true, ""reads"": [{""version"": 426, ""max_seen_before"": 425, ""violation"": false}, {""version"": 426, ""max_seen_before"": 426, ""violation"": false}]}"
20260918T135902Z_ab0d4ba4,427,fault,1789739985.0530157,1789739985.06632,13.819,0,13.819,pass,,read_secondary,"{""background_write_acknowledged"": true, ""reads"": [{""version"": 427, ""max_seen_before"": 426, ""violation"": false}, {""version"": 427, ""max_seen_before"": 427, ""violation"": false}]}"
20260918T135902Z_ab0d4ba4,428,fault,1789739985.0672076,1789739985.079836,13.083,0,13.083,pass,,read_secondary,"{""background_write_acknowledged"": true, ""reads"": [{""version"": 428, ""max_seen_before"": 427, ""violation"": false}, {""version"": 428, ""max_seen_before"": 428, ""violation"": false}]}"
20260918T135902Z_ab0d4ba4,429,fault,1789739985.0803876,1789739985.0936768,13.256,0,13.256,pass,,read_secondary,"{""background_write_acknowledged"": true, ""reads"": [{""version"": 429, ""max_seen_before"": 428, ""violation"": false}, {""version"": 429, ""max_seen_before"": 429, ""violation"": false}]}"
20260918T135902Z_ab0d4ba4,430,fault,1789739985.0936768,1789739985.109248,15.623,0,15.623,pass,,read_secondary,"{""background_write_acknowledged"": true, ""reads"": [{""version"": 430, ""max_seen_before"": 429, ""violation"": false}, {""version"": 430, ""max_seen_before"": 430, ""violation"": false}]}"
20260918T135902Z_ab0d4ba4,431,fault,1789739985.109248,1789739985.121731,12.311,0,12.311,pass,,read_secondary,"{""background_write_acknowledged"": true, ""reads"": [{""version"": 431, ""max_seen_before"": 430, ""violation"": false}, {""version"": 431, ""max_seen_before"": 431, ""violation"": false}]}"
20260918T135902Z_ab0d4ba4,432,fault,1789739985.121731,1789739985.1340656,12.167,0,12.167,pass,,read_secondary,"{""background_write_acknowledged"": true, ""reads"": [{""version"": 432, ""max_seen_before"": 431, ""violation"": false}, {""version"": 432, ""max_seen_before"": 432, ""violation"": false}]}"
20260918T135902Z_ab0d4ba4,433,fault,1789739985.1340656,1789739985.147371,13.646,0,13.646,pass,,read_secondary,"{""background_write_acknowledged"": true, ""reads"": [{""version"": 433, ""max_seen_before"": 432, ""violation"": false}, {""version"": 433, ""max_seen_before"": 433, ""violation"": false}]}"
20260918T135902Z_ab0d4ba4,434,fault,1789739985.148001,1789739985.160682,12.921,0,12.921,pass,,read_secondary,"{""background_write_acknowledged"": true, ""reads"": [{""version"": 434, ""max_seen_before"": 433, ""violation"": false}, {""version"": 434, ""max_seen_before"": 434, ""violation"": false}]}"
20260918T135902Z_ab0d4ba4,435,fault,1789739985.160682,1789739985.1738157,12.813,0,12.813,pass,,read_secondary,"{""background_write_acknowledged"": true, ""reads"": [{""version"": 435, ""max_seen_before"": 434, ""violation"": false}, {""version"": 435, ""max_seen_before"": 435, ""violation"": false}]}"
20260918T135902Z_ab0d4ba4,436,fault,1789739985.1738157,1789739985.1870701,13.07,0,13.07,pass,,read_secondary,"{""background_write_acknowledged"": true, ""reads"": [{""version"": 436, ""max_seen_before"": 435, ""violation"": false}, {""version"": 436, ""max_seen_before"": 436, ""violation"": false}]}"
20260918T135902Z_ab0d4ba4,437,fault,1789739985.1870701,1789739985.2016087,14.435,0,14.435,pass,,read_secondary,"{""background_write_acknowledged"": true, ""reads"": [{""version"": 437, ""max_seen_before"": 436, ""violation"": false}, {""version"": 437, ""max_seen_before"": 437, ""violation"": false}]}"
20260918T135902Z_ab0d4ba4,438,fault,1789739985.2016087,1789739985.2140653,12.387,0,12.387,pass,,read_secondary,"{""background_write_acknowledged"": true, ""reads"": [{""version"": 438, ""max_seen_before"": 437, ""violation"": false}, {""version"": 438, ""max_seen_before"": 438, ""violation"": false}]}"
20260918T135902Z_ab0d4ba4,439,fault,1789739985.2140653,1789739985.2269723,13.136,0,13.136,pass,,read_secondary,"{""background_write_acknowledged"": true, ""reads"": [{""version"": 439, ""max_seen_before"": 438, ""violation"": false}, {""version"": 439, ""max_seen_before"": 439, ""violation"": false}]}"
20260918T135902Z_ab0d4ba4,440,fault,1789739985.227528,1789739985.2402253,13.156,0,13.156,pass,,read_secondary,"{""background_write_acknowledged"": true, ""reads"": [{""version"": 440, ""max_seen_before"": 439, ""violation"": false}, {""version"": 440, ""max_seen_before"": 440, ""violation"": false}]}"
20260918T135902Z_ab0d4ba4,441,fault,1789739985.2408462,1789739985.253514,13.176,0,13.176,pass,,read_secondary,"{""background_write_acknowledged"": true, ""reads"": [{""version"": 441, ""max_seen_before"": 440, ""violation"": false}, {""version"": 441, ""max_seen_before"": 441, ""violation"": false}]}"
20260918T135902Z_ab0d4ba4,442,fault,1789739985.253514,1789739985.2667346,12.609,0,12.609,pass,,read_secondary,"{""background_write_acknowledged"": true, ""reads"": [{""version"": 442, ""max_seen_before"": 441, ""violation"": false}, {""version"": 442, ""max_seen_before"": 442, ""violation"": false}]}"
20260918T135902Z_ab0d4ba4,443,fault,1789739985.2667346,1789739985.279979,13.15,0,13.15,pass,,read_secondary,"{""background_write_acknowledged"": true, ""reads"": [{""version"": 443, ""max_seen_before"": 442, ""violation"": false}, {""version"": 443, ""max_seen_before"": 443, ""violation"": false}]}"
20260918T135902Z_ab0d4ba4,444,fault,1789739985.279979,1789739985.2930157,13.19,0,13.19,pass,,read_secondary,"{""background_write_acknowledged"": true, ""reads"": [{""version"": 444, ""max_seen_before"": 443, ""violation"": false}, {""version"": 444, ""max_seen_before"": 444, ""violation"": false}]}"
20260918T135902Z_ab0d4ba4,445,fault,1789739985.2930157,1789739985.3062725,13.334,0,13.334,pass,,read_secondary,"{""background_write_acknowledged"": true, ""reads"": [{""version"": 445, ""max_seen_before"": 444, ""violation"": false}, {""version"": 445, ""max_seen_before"": 445, ""violation"": false}]}"
20260918T135902Z_ab0d4ba4,446,fault,1789739985.306891,1789739985.3230538,16.313,0,16.313,pass,,read_secondary,"{""background_write_acknowledged"": true, ""reads"": [{""version"": 446, ""max_seen_before"": 445, ""violation"": false}, {""version"": 446, ""max_seen_before"": 446, ""violation"": false}]}"
20260918T135902Z_ab0d4ba4,447,fault,1789739985.3230538,1789739985.3357828,12.912,0,12.912,pass,,read_secondary,"{""background_write_acknowledged"": true, ""reads"": [{""version"": 447, ""max_seen_before"": 446, ""violation"": false}, {""version"": 447, ""max_seen_before"": 447, ""violation"": false}]}"
20260918T135902Z_ab0d4ba4,448,fault,1789739985.3357828,1789739985.3507466,14.457,0,14.457,pass,,read_secondary,"{""background_write_acknowledged"": true, ""reads"": [{""version"": 448, ""max_seen_before"": 447, ""violation"": false}, {""version"": 448, ""max_seen_before"": 448, ""violation"": false}]}"
20260918T135902Z_ab0d4ba4,449,fault,1789739985.3507466,1789739985.3629932,12.347,0,12.347,pass,,read_secondary,"{""background_write_acknowledged"": true, ""reads"": [{""version"": 449, ""max_seen_before"": 448, ""violation"": false}, {""version"": 449, ""max_seen_before"": 449, ""violation"": false}]}"
20260918T135902Z_ab0d4ba4,450,fault,1789739985.3629932,1789739985.376458,12.926,0,12.926,pass,,read_secondary,"{""background_write_acknowledged"": true, ""reads"": [{""version"": 450, ""max_seen_before"": 449, ""violation"": false}, {""version"": 450, ""max_seen_before"": 450, ""violation"": false}]}"
20260918T135902Z_ab0d4ba4,451,fault,1789739985.376458,1789739985.3895922,13.457,0,13.457,pass,,read_secondary,"{""background_write_acknowledged"": true, ""reads"": [{""version"": 451, ""max_seen_before"": 450, ""violation"": false}, {""version"": 451, ""max_seen_before"": 451, ""violation"": false}]}"
20260918T135902Z_ab0d4ba4,452,fault,1789739985.3895922,1789739985.4028103,13.096,0,13.096,pass,,read_secondary,"{""background_write_acknowledged"": true, ""reads"": [{""version"": 452, ""max_seen_before"": 451, ""violation"": false}, {""version"": 452, ""max_seen_before"": 452, ""violation"": false}]}"
20260918T135902Z_ab0d4ba4,453,fault,1789739985.4028103,1789739985.4159043,12.976,0,12.976,pass,,read_secondary,"{""background_write_acknowledged"": true, ""reads"": [{""version"": 453, ""max_seen_before"": 452, ""violation"": false}, {""version"": 453, ""max_seen_before"": 453, ""violation"": false}]}"
20260918T135902Z_ab0d4ba4,454,fault,1789739985.4159043,1789739985.4288487,12.95,0,12.95,pass,,read_secondary,"{""background_write_acknowledged"": true, ""reads"": [{""version"": 454, ""max_seen_before"": 453, ""violation"": false}, {""version"": 454, ""max_seen_before"": 454, ""violation"": false}]}"
20260918T135902Z_ab0d4ba4,455,fault,1789739985.4294627,1789739985.4417617,12.731,0,12.731,pass,,read_secondary,"{""background_write_acknowledged"": true, ""reads"": [{""version"": 455, ""max_seen_before"": 454, ""violation"": false}, {""version"": 455, ""max_seen_before"": 455, ""violation"": false}]}"
20260918T135902Z_ab0d4ba4,456,fault,1789739985.4417617,1789739985.4549265,12.789,0,12.789,pass,,read_secondary,"{""background_write_acknowledged"": true, ""reads"": [{""version"": 456, ""max_seen_before"": 455, ""violation"": false}, {""version"": 456, ""max_seen_before"": 456, ""violation"": false}]}"
20260918T135902Z_ab0d4ba4,457,fault,1789739985.4549265,1789739985.4680965,13.017,0,13.017,pass,,read_secondary,"{""background_write_acknowledged"": true, ""reads"": [{""version"": 457, ""max_seen_before"": 456, ""violation"": false}, {""version"": 457, ""max_seen_before"": 457, ""violation"": false}]}"
20260918T135902Z_ab0d4ba4,458,fault,1789739985.4680965,1789739985.481192,13.321,0,13.321,pass,,read_secondary,"{""background_write_acknowledged"": true, ""reads"": [{""version"": 458, ""max_seen_before"": 457, ""violation"": false}, {""version"": 458, ""max_seen_before"": 458, ""violation"": false}]}"
20260918T135902Z_ab0d4ba4,459,fault,1789739985.4817164,1789739985.4953203,13.997,0,13.997,pass,,read_secondary,"{""background_write_acknowledged"": true, ""reads"": [{""version"": 459, ""max_seen_before"": 458, ""violation"": false}, {""version"": 459, ""max_seen_before"": 459, ""violation"": false}]}"
20260918T135902Z_ab0d4ba4,460,fault,1789739985.4959397,1789739985.509579,14.077,0,14.077,pass,,read_secondary,"{""background_write_acknowledged"": true, ""reads"": [{""version"": 460, ""max_seen_before"": 459, ""violation"": false}, {""version"": 460, ""max_seen_before"": 460, ""violation"": false}]}"
20260918T135902Z_ab0d4ba4,461,fault,1789739985.5101902,1789739985.5237882,13.984,0,13.984,pass,,read_secondary,"{""background_write_acknowledged"": true, ""reads"": [{""version"": 461, ""max_seen_before"": 460, ""violation"": false}, {""version"": 461, ""max_seen_before"": 461, ""violation"": false}]}"
20260918T135902Z_ab0d4ba4,462,fault,1789739985.5237882,1789739985.5387323,14.836,0,14.836,pass,,read_secondary,"{""background_write_acknowledged"": true, ""reads"": [{""version"": 462, ""max_seen_before"": 461, ""violation"": false}, {""version"": 462, ""max_seen_before"": 462, ""violation"": false}]}"
20260918T135902Z_ab0d4ba4,463,fault,1789739985.5387323,1789739985.5519948,13.103,0,13.103,pass,,read_secondary,"{""background_write_acknowledged"": true, ""reads"": [{""version"": 463, ""max_seen_before"": 462, ""violation"": false}, {""version"": 463, ""max_seen_before"": 463, ""violation"": false}]}"
20260918T135902Z_ab0d4ba4,464,fault,1789739985.552515,1789739985.564444,12.205,0,12.205,pass,,read_secondary,"{""background_write_acknowledged"": true, ""reads"": [{""version"": 464, ""max_seen_before"": 463, ""violation"": false}, {""version"": 464, ""max_seen_before"": 464, ""violation"": false}]}"
20260918T135902Z_ab0d4ba4,465,fault,1789739985.564444,1789739985.5778992,13.103,0,13.103,pass,,read_secondary,"{""background_write_acknowledged"": true, ""reads"": [{""version"": 465, ""max_seen_before"": 464, ""violation"": false}, {""version"": 465, ""max_seen_before"": 465, ""violation"": false}]}"
20260918T135902Z_ab0d4ba4,466,fault,1789739985.5778992,1789739985.5904202,13.015,0,13.015,pass,,read_secondary,"{""background_write_acknowledged"": true, ""reads"": [{""version"": 466, ""max_seen_before"": 465, ""violation"": false}, {""version"": 466, ""max_seen_before"": 466, ""violation"": false}]}"
20260918T135902Z_ab0d4ba4,467,fault,1789739985.591263,1789739985.6039293,13.194,0,13.194,pass,,read_secondary,"{""background_write_acknowledged"": true, ""reads"": [{""version"": 467, ""max_seen_before"": 466, ""violation"": false}, {""version"": 467, ""max_seen_before"": 467, ""violation"": false}]}"
20260918T135902Z_ab0d4ba4,468,fault,1789739985.60456,1789739985.6178508,13.348,0,13.348,pass,,read_secondary,"{""background_write_acknowledged"": true, ""reads"": [{""version"": 468, ""max_seen_before"": 467, ""violation"": false}, {""version"": 468, ""max_seen_before"": 468, ""violation"": false}]}"
20260918T135902Z_ab0d4ba4,469,fault,1789739985.6178508,1789739985.6316109,14.172,0,14.172,pass,,read_secondary,"{""background_write_acknowledged"": true, ""reads"": [{""version"": 469, ""max_seen_before"": 468, ""violation"": false}, {""version"": 469, ""max_seen_before"": 469, ""violation"": false}]}"
20260918T135902Z_ab0d4ba4,470,fault,1789739985.6322863,1789739985.6450117,13.116,0,13.116,pass,,read_secondary,"{""background_write_acknowledged"": true, ""reads"": [{""version"": 470, ""max_seen_before"": 469, ""violation"": false}, {""version"": 470, ""max_seen_before"": 470, ""violation"": false}]}"
20260918T135902Z_ab0d4ba4,471,fault,1789739985.645547,1789739985.6581402,12.628,0,12.628,pass,,read_secondary,"{""background_write_acknowledged"": true, ""reads"": [{""version"": 471, ""max_seen_before"": 470, ""violation"": false}, {""version"": 471, ""max_seen_before"": 471, ""violation"": false}]}"
20260918T135902Z_ab0d4ba4,472,fault,1789739985.6581402,1789739985.6711035,13.309,0,13.309,pass,,read_secondary,"{""background_write_acknowledged"": true, ""reads"": [{""version"": 472, ""max_seen_before"": 471, ""violation"": false}, {""version"": 472, ""max_seen_before"": 472, ""violation"": false}]}"
20260918T135902Z_ab0d4ba4,473,fault,1789739985.671742,1789739985.6840832,12.785,0,12.785,pass,,read_secondary,"{""background_write_acknowledged"": true, ""reads"": [{""version"": 473, ""max_seen_before"": 472, ""violation"": false}, {""version"": 473, ""max_seen_before"": 473, ""violation"": false}]}"
20260918T135902Z_ab0d4ba4,474,fault,1789739985.684661,1789739985.6979978,13.37,0,13.37,pass,,read_secondary,"{""background_write_acknowledged"": true, ""reads"": [{""version"": 474, ""max_seen_before"": 473, ""violation"": false}, {""version"": 474, ""max_seen_before"": 474, ""violation"": false}]}"
20260918T135902Z_ab0d4ba4,475,fault,1789739985.6979978,1789739985.7105613,12.989,0,12.989,pass,,read_secondary,"{""background_write_acknowledged"": true, ""reads"": [{""version"": 475, ""max_seen_before"": 474, ""violation"": false}, {""version"": 475, ""max_seen_before"": 475, ""violation"": false}]}"
20260918T135902Z_ab0d4ba4,476,fault,1789739985.7112668,1789739985.7237403,12.841,0,12.841,pass,,read_secondary,"{""background_write_acknowledged"": true, ""reads"": [{""version"": 476, ""max_seen_before"": 475, ""violation"": false}, {""version"": 476, ""max_seen_before"": 476, ""violation"": false}]}"
20260918T135902Z_ab0d4ba4,477,fault,1789739985.724274,1789739985.7371812,12.833,0,12.833,pass,,read_secondary,"{""background_write_acknowledged"": true, ""reads"": [{""version"": 477, ""max_seen_before"": 476, ""violation"": false}, {""version"": 477, ""max_seen_before"": 477, ""violation"": false}]}"
20260918T135902Z_ab0d4ba4,478,fault,1789739985.7371812,1789739985.7539625,16.832,0,16.832,pass,,read_secondary,"{""background_write_acknowledged"": true, ""reads"": [{""version"": 478, ""max_seen_before"": 477, ""violation"": false}, {""version"": 478, ""max_seen_before"": 478, ""violation"": false}]}"
20260918T135902Z_ab0d4ba4,479,fault,1789739985.7539625,1789739985.767103,13.414,0,13.414,pass,,read_secondary,"{""background_write_acknowledged"": true, ""reads"": [{""version"": 479, ""max_seen_before"": 478, ""violation"": false}, {""version"": 479, ""max_seen_before"": 479, ""violation"": false}]}"
20260918T135902Z_ab0d4ba4,480,fault,1789739985.7677546,1789739985.7812665,13.809,0,13.809,pass,,read_secondary,"{""background_write_acknowledged"": true, ""reads"": [{""version"": 480, ""max_seen_before"": 479, ""violation"": false}, {""version"": 480, ""max_seen_before"": 480, ""violation"": false}]}"
20260918T135902Z_ab0d4ba4,481,fault,1789739985.7812665,1789739985.7949195,13.727,0,13.727,pass,,read_secondary,"{""background_write_acknowledged"": true, ""reads"": [{""version"": 481, ""max_seen_before"": 480, ""violation"": false}, {""version"": 481, ""max_seen_before"": 481, ""violation"": false}]}"
20260918T135902Z_ab0d4ba4,482,fault,1789739985.7954319,1789739985.8086803,13.53,0,13.53,pass,,read_secondary,"{""background_write_acknowledged"": true, ""reads"": [{""version"": 482, ""max_seen_before"": 481, ""violation"": false}, {""version"": 482, ""max_seen_before"": 482, ""violation"": false}]}"
20260918T135902Z_ab0d4ba4,483,fault,1789739985.8086803,1789739985.8225293,13.385,0,13.385,pass,,read_secondary,"{""background_write_acknowledged"": true, ""reads"": [{""version"": 483, ""max_seen_before"": 482, ""violation"": false}, {""version"": 483, ""max_seen_before"": 483, ""violation"": false}]}"
20260918T135902Z_ab0d4ba4,484,fault,1789739985.8225293,1789739985.8348007,12.535,0,12.535,pass,,read_secondary,"{""background_write_acknowledged"": true, ""reads"": [{""version"": 484, ""max_seen_before"": 483, ""violation"": false}, {""version"": 484, ""max_seen_before"": 484, ""violation"": false}]}"
20260918T135902Z_ab0d4ba4,485,fault,1789739985.8348007,1789739985.8482983,13.117,0,13.117,pass,,read_secondary,"{""background_write_acknowledged"": true, ""reads"": [{""version"": 485, ""max_seen_before"": 484, ""violation"": false}, {""version"": 485, ""max_seen_before"": 485, ""violation"": false}]}"
20260918T135902Z_ab0d4ba4,486,fault,1789739985.8482983,1789739985.8615017,13.068,0,13.068,pass,,read_secondary,"{""background_write_acknowledged"": true, ""reads"": [{""version"": 486, ""max_seen_before"": 485, ""violation"": false}, {""version"": 486, ""max_seen_before"": 486, ""violation"": false}]}"
20260918T135902Z_ab0d4ba4,487,fault,1789739985.8615017,1789739985.8746033,13.019,0,13.019,pass,,read_secondary,"{""background_write_acknowledged"": true, ""reads"": [{""version"": 487, ""max_seen_before"": 486, ""violation"": false}, {""version"": 487, ""max_seen_before"": 487, ""violation"": false}]}"
20260918T135902Z_ab0d4ba4,488,fault,1789739985.8749075,1789739985.887825,12.983,0,12.983,pass,,read_secondary,"{""background_write_acknowledged"": true, ""reads"": [{""version"": 488, ""max_seen_before"": 487, ""violation"": false}, {""version"": 488, ""max_seen_before"": 488, ""violation"": false}]}"
20260918T135902Z_ab0d4ba4,489,fault,1789739985.887825,1789739985.9017613,13.775,0,13.775,pass,,read_secondary,"{""background_write_acknowledged"": true, ""reads"": [{""version"": 489, ""max_seen_before"": 488, ""violation"": false}, {""version"": 489, ""max_seen_before"": 489, ""violation"": false}]}"
20260918T135902Z_ab0d4ba4,490,fault,1789739985.9017613,1789739985.9148448,13.341,0,13.341,pass,,read_secondary,"{""background_write_acknowledged"": true, ""reads"": [{""version"": 490, ""max_seen_before"": 489, ""violation"": false}, {""version"": 490, ""max_seen_before"": 490, ""violation"": false}]}"
20260918T135902Z_ab0d4ba4,491,fault,1789739985.9148448,1789739985.9294958,14.184,0,14.184,pass,,read_secondary,"{""background_write_acknowledged"": true, ""reads"": [{""version"": 491, ""max_seen_before"": 490, ""violation"": false}, {""version"": 491, ""max_seen_before"": 491, ""violation"": false}]}"
20260918T135902Z_ab0d4ba4,492,fault,1789739985.9294958,1789739985.9422262,13.324,0,13.324,pass,,read_secondary,"{""background_write_acknowledged"": true, ""reads"": [{""version"": 492, ""max_seen_before"": 491, ""violation"": false}, {""version"": 492, ""max_seen_before"": 492, ""violation"": false}]}"
20260918T135902Z_ab0d4ba4,493,fault,1789739985.942973,1789739985.9564743,13.476,0,13.476,pass,,read_secondary,"{""background_write_acknowledged"": true, ""reads"": [{""version"": 493, ""max_seen_before"": 492, ""violation"": false}, {""version"": 493, ""max_seen_before"": 493, ""violation"": false}]}"
20260918T135902Z_ab0d4ba4,494,fault,1789739985.9564743,1789739985.9721036,15.578,0,15.578,pass,,read_secondary,"{""background_write_acknowledged"": true, ""reads"": [{""version"": 494, ""max_seen_before"": 493, ""violation"": false}, {""version"": 494, ""max_seen_before"": 494, ""violation"": false}]}"
20260918T135902Z_ab0d4ba4,495,fault,1789739985.9721036,1789739985.98463,12.589,0,12.589,pass,,read_secondary,"{""background_write_acknowledged"": true, ""reads"": [{""version"": 495, ""max_seen_before"": 494, ""violation"": false}, {""version"": 495, ""max_seen_before"": 495, ""violation"": false}]}"
20260918T135902Z_ab0d4ba4,496,fault,1789739985.98463,1789739985.99759,13.053,0,13.053,pass,,read_secondary,"{""background_write_acknowledged"": true, ""reads"": [{""version"": 496, ""max_seen_before"": 495, ""violation"": false}, {""version"": 496, ""max_seen_before"": 496, ""violation"": false}]}"
20260918T135902Z_ab0d4ba4,497,fault,1789739985.9981568,1789739986.0122354,14.408,0,14.408,pass,,read_secondary,"{""background_write_acknowledged"": true, ""reads"": [{""version"": 497, ""max_seen_before"": 496, ""violation"": false}, {""version"": 497, ""max_seen_before"": 497, ""violation"": false}]}"
20260918T135902Z_ab0d4ba4,498,fault,1789739986.0122354,1789739986.0254004,12.875,0,12.875,pass,,read_secondary,"{""background_write_acknowledged"": true, ""reads"": [{""version"": 498, ""max_seen_before"": 497, ""violation"": false}, {""version"": 498, ""max_seen_before"": 498, ""violation"": false}]}"
20260918T135902Z_ab0d4ba4,499,fault,1789739986.0257046,1789739986.0391219,13.488,0,13.488,pass,,read_secondary,"{""background_write_acknowledged"": true, ""reads"": [{""version"": 499, ""max_seen_before"": 498, ""violation"": false}, {""version"": 499, ""max_seen_before"": 499, ""violation"": false}]}"
20260918T135902Z_ab0d4ba4,500,fault,1789739986.0391219,1789739986.0525928,13.253,0,13.253,pass,,read_secondary,"{""background_write_acknowledged"": true, ""reads"": [{""version"": 500, ""max_seen_before"": 499, ""violation"": false}, {""version"": 500, ""max_seen_before"": 500, ""violation"": false}]}"
20260918T135902Z_ab0d4ba4,501,fault,1789739986.056624,1789739986.0703309,13.867,0,13.867,pass,,read_secondary,"{""background_write_acknowledged"": true, ""reads"": [{""version"": 501, ""max_seen_before"": 500, ""violation"": false}, {""version"": 501, ""max_seen_before"": 501, ""violation"": false}]}"
20260918T135902Z_ab0d4ba4,502,fault,1789739986.070891,1789739986.0829525,12.371,0,12.371,pass,,read_secondary,"{""background_write_acknowledged"": true, ""reads"": [{""version"": 502, ""max_seen_before"": 501, ""violation"": false}, {""version"": 502, ""max_seen_before"": 502, ""violation"": false}]}"
20260918T135902Z_ab0d4ba4,503,fault,1789739986.0829525,1789739986.0961213,12.946,0,12.946,pass,,read_secondary,"{""background_write_acknowledged"": true, ""reads"": [{""version"": 503, ""max_seen_before"": 502, ""violation"": false}, {""version"": 503, ""max_seen_before"": 503, ""violation"": false}]}"
20260918T135902Z_ab0d4ba4,504,fault,1789739986.0961213,1789739986.108875,12.48,0,12.48,pass,,read_secondary,"{""background_write_acknowledged"": true, ""reads"": [{""version"": 504, ""max_seen_before"": 503, ""violation"": false}, {""version"": 504, ""max_seen_before"": 504, ""violation"": false}]}"
20260918T135902Z_ab0d4ba4,505,fault,1789739986.108875,1789739986.1216068,12.54,0,12.54,pass,,read_secondary,"{""background_write_acknowledged"": true, ""reads"": [{""version"": 505, ""max_seen_before"": 504, ""violation"": false}, {""version"": 505, ""max_seen_before"": 505, ""violation"": false}]}"
20260918T135902Z_ab0d4ba4,506,fault,1789739986.1216068,1789739986.1335278,12.288,0,12.288,pass,,read_secondary,"{""background_write_acknowledged"": true, ""reads"": [{""version"": 506, ""max_seen_before"": 505, ""violation"": false}, {""version"": 506, ""max_seen_before"": 506, ""violation"": false}]}"
20260918T135902Z_ab0d4ba4,507,fault,1789739986.1341052,1789739986.147385,13.264,0,13.264,pass,,read_secondary,"{""background_write_acknowledged"": true, ""reads"": [{""version"": 507, ""max_seen_before"": 506, ""violation"": false}, {""version"": 507, ""max_seen_before"": 507, ""violation"": false}]}"
20260918T135902Z_ab0d4ba4,508,fault,1789739986.147385,1789739986.159722,12.849,0,12.849,pass,,read_secondary,"{""background_write_acknowledged"": true, ""reads"": [{""version"": 508, ""max_seen_before"": 507, ""violation"": false}, {""version"": 508, ""max_seen_before"": 508, ""violation"": false}]}"
20260918T135902Z_ab0d4ba4,509,fault,1789739986.1604838,1789739986.1726928,12.607,0,12.607,pass,,read_secondary,"{""background_write_acknowledged"": true, ""reads"": [{""version"": 509, ""max_seen_before"": 508, ""violation"": false}, {""version"": 509, ""max_seen_before"": 509, ""violation"": false}]}"
20260918T135902Z_ab0d4ba4,510,fault,1789739986.1732552,1789739986.1884828,15.364,0,15.364,pass,,read_secondary,"{""background_write_acknowledged"": true, ""reads"": [{""version"": 510, ""max_seen_before"": 509, ""violation"": false}, {""version"": 510, ""max_seen_before"": 510, ""violation"": false}]}"
20260918T135902Z_ab0d4ba4,511,fault,1789739986.1884828,1789739986.2022767,13.598,0,13.598,pass,,read_secondary,"{""background_write_acknowledged"": true, ""reads"": [{""version"": 511, ""max_seen_before"": 510, ""violation"": false}, {""version"": 511, ""max_seen_before"": 511, ""violation"": false}]}"
20260918T135902Z_ab0d4ba4,512,fault,1789739986.2022767,1789739986.2154293,13.007,0,13.007,pass,,read_secondary,"{""background_write_acknowledged"": true, ""reads"": [{""version"": 512, ""max_seen_before"": 511, ""violation"": false}, {""version"": 512, ""max_seen_before"": 512, ""violation"": false}]}"
20260918T135902Z_ab0d4ba4,513,fault,1789739986.2154293,1789739986.228385,13.279,0,13.279,pass,,read_secondary,"{""background_write_acknowledged"": true, ""reads"": [{""version"": 513, ""max_seen_before"": 512, ""violation"": false}, {""version"": 513, ""max_seen_before"": 513, ""violation"": false}]}"
20260918T135902Z_ab0d4ba4,514,fault,1789739986.228385,1789739986.2425704,13.776,0,13.776,pass,,read_secondary,"{""background_write_acknowledged"": true, ""reads"": [{""version"": 514, ""max_seen_before"": 513, ""violation"": false}, {""version"": 514, ""max_seen_before"": 514, ""violation"": false}]}"
20260918T135902Z_ab0d4ba4,515,fault,1789739986.2425704,1789739986.2562213,13.403,0,13.403,pass,,read_secondary,"{""background_write_acknowledged"": true, ""reads"": [{""version"": 515, ""max_seen_before"": 514, ""violation"": false}, {""version"": 515, ""max_seen_before"": 515, ""violation"": false}]}"
20260918T135902Z_ab0d4ba4,516,fault,1789739986.2562213,1789739986.26959,13.254,0,13.254,pass,,read_secondary,"{""background_write_acknowledged"": true, ""reads"": [{""version"": 516, ""max_seen_before"": 515, ""violation"": false}, {""version"": 516, ""max_seen_before"": 516, ""violation"": false}]}"
20260918T135902Z_ab0d4ba4,517,fault,1789739986.26959,1789739986.2825723,12.913,0,12.913,pass,,read_secondary,"{""background_write_acknowledged"": true, ""reads"": [{""version"": 517, ""max_seen_before"": 516, ""violation"": false}, {""version"": 517, ""max_seen_before"": 517, ""violation"": false}]}"
20260918T135902Z_ab0d4ba4,518,fault,1789739986.2825723,1789739986.2958655,13.222,0,13.222,pass,,read_secondary,"{""background_write_acknowledged"": true, ""reads"": [{""version"": 518, ""max_seen_before"": 517, ""violation"": false}, {""version"": 518, ""max_seen_before"": 518, ""violation"": false}]}"
20260918T135902Z_ab0d4ba4,519,fault,1789739986.2958655,1789739986.3082385,12.669,0,12.669,pass,,read_secondary,"{""background_write_acknowledged"": true, ""reads"": [{""version"": 519, ""max_seen_before"": 518, ""violation"": false}, {""version"": 519, ""max_seen_before"": 519, ""violation"": false}]}"
20260918T135902Z_ab0d4ba4,520,fault,1789739986.3088238,1789739986.3215508,13.158,0,13.158,pass,,read_secondary,"{""background_write_acknowledged"": true, ""reads"": [{""version"": 520, ""max_seen_before"": 519, ""violation"": false}, {""version"": 520, ""max_seen_before"": 520, ""violation"": false}]}"
20260918T135902Z_ab0d4ba4,521,fault,1789739986.3221526,1789739986.3345628,12.723,0,12.723,pass,,read_secondary,"{""background_write_acknowledged"": true, ""reads"": [{""version"": 521, ""max_seen_before"": 520, ""violation"": false}, {""version"": 521, ""max_seen_before"": 521, ""violation"": false}]}"
20260918T135902Z_ab0d4ba4,522,fault,1789739986.3345628,1789739986.3490367,14.208,0,14.208,pass,,read_secondary,"{""background_write_acknowledged"": true, ""reads"": [{""version"": 522, ""max_seen_before"": 521, ""violation"": false}, {""version"": 522, ""max_seen_before"": 522, ""violation"": false}]}"
20260918T135902Z_ab0d4ba4,523,fault,1789739986.3490367,1789739986.3633032,14.12,0,14.12,pass,,read_secondary,"{""background_write_acknowledged"": true, ""reads"": [{""version"": 523, ""max_seen_before"": 522, ""violation"": false}, {""version"": 523, ""max_seen_before"": 523, ""violation"": false}]}"
20260918T135902Z_ab0d4ba4,524,fault,1789739986.3633032,1789739986.3763907,13.309,0,13.309,pass,,read_secondary,"{""background_write_acknowledged"": true, ""reads"": [{""version"": 524, ""max_seen_before"": 523, ""violation"": false}, {""version"": 524, ""max_seen_before"": 524, ""violation"": false}]}"
20260918T135902Z_ab0d4ba4,525,fault,1789739986.3763907,1789739986.388869,12.418,0,12.418,pass,,read_secondary,"{""background_write_acknowledged"": true, ""reads"": [{""version"": 525, ""max_seen_before"": 524, ""violation"": false}, {""version"": 525, ""max_seen_before"": 525, ""violation"": false}]}"
20260918T135902Z_ab0d4ba4,526,fault,1789739986.3894506,1789739986.4052231,15.773,0,15.773,pass,,read_secondary,"{""background_write_acknowledged"": true, ""reads"": [{""version"": 526, ""max_seen_before"": 525, ""violation"": false}, {""version"": 526, ""max_seen_before"": 526, ""violation"": false}]}"
20260918T135902Z_ab0d4ba4,527,fault,1789739986.4052231,1789739986.4189713,13.812,0,13.812,pass,,read_secondary,"{""background_write_acknowledged"": true, ""reads"": [{""version"": 527, ""max_seen_before"": 526, ""violation"": false}, {""version"": 527, ""max_seen_before"": 527, ""violation"": false}]}"
20260918T135902Z_ab0d4ba4,528,fault,1789739986.4189713,1789739986.433048,13.76,0,13.76,pass,,read_secondary,"{""background_write_acknowledged"": true, ""reads"": [{""version"": 528, ""max_seen_before"": 527, ""violation"": false}, {""version"": 528, ""max_seen_before"": 528, ""violation"": false}]}"
20260918T135902Z_ab0d4ba4,529,fault,1789739986.433048,1789739986.4465957,13.504,0,13.504,pass,,read_secondary,"{""background_write_acknowledged"": true, ""reads"": [{""version"": 529, ""max_seen_before"": 528, ""violation"": false}, {""version"": 529, ""max_seen_before"": 529, ""violation"": false}]}"
20260918T135902Z_ab0d4ba4,530,fault,1789739986.4465957,1789739986.460699,13.907,0,13.907,pass,,read_secondary,"{""background_write_acknowledged"": true, ""reads"": [{""version"": 530, ""max_seen_before"": 529, ""violation"": false}, {""version"": 530, ""max_seen_before"": 530, ""violation"": false}]}"
20260918T135902Z_ab0d4ba4,531,fault,1789739986.460699,1789739986.4745166,13.697,0,13.697,pass,,read_secondary,"{""background_write_acknowledged"": true, ""reads"": [{""version"": 531, ""max_seen_before"": 530, ""violation"": false}, {""version"": 531, ""max_seen_before"": 531, ""violation"": false}]}"
20260918T135902Z_ab0d4ba4,532,fault,1789739986.4745166,1789739986.4875531,13.287,0,13.287,pass,,read_secondary,"{""background_write_acknowledged"": true, ""reads"": [{""version"": 532, ""max_seen_before"": 531, ""violation"": false}, {""version"": 532, ""max_seen_before"": 532, ""violation"": false}]}"
20260918T135902Z_ab0d4ba4,533,fault,1789739986.4875531,1789739986.5017116,13.777,0,13.777,pass,,read_secondary,"{""background_write_acknowledged"": true, ""reads"": [{""version"": 533, ""max_seen_before"": 532, ""violation"": false}, {""version"": 533, ""max_seen_before"": 533, ""violation"": false}]}"
20260918T135902Z_ab0d4ba4,534,fault,1789739986.5017116,1789739986.5149362,13.072,0,13.072,pass,,read_secondary,"{""background_write_acknowledged"": true, ""reads"": [{""version"": 534, ""max_seen_before"": 533, ""violation"": false}, {""version"": 534, ""max_seen_before"": 534, ""violation"": false}]}"
20260918T135902Z_ab0d4ba4,535,fault,1789739986.5149362,1789739986.5283897,13.628,0,13.628,pass,,read_secondary,"{""background_write_acknowledged"": true, ""reads"": [{""version"": 535, ""max_seen_before"": 534, ""violation"": false}, {""version"": 535, ""max_seen_before"": 535, ""violation"": false}]}"
20260918T135902Z_ab0d4ba4,536,fault,1789739986.528933,1789739986.5417907,12.94,0,12.94,pass,,read_secondary,"{""background_write_acknowledged"": true, ""reads"": [{""version"": 536, ""max_seen_before"": 535, ""violation"": false}, {""version"": 536, ""max_seen_before"": 536, ""violation"": false}]}"
20260918T135902Z_ab0d4ba4,537,fault,1789739986.5417907,1789739986.5545602,13.078,0,13.078,pass,,read_secondary,"{""background_write_acknowledged"": true, ""reads"": [{""version"": 537, ""max_seen_before"": 536, ""violation"": false}, {""version"": 537, ""max_seen_before"": 537, ""violation"": false}]}"
20260918T135902Z_ab0d4ba4,538,fault,1789739986.5545602,1789739986.5678,12.581,0,12.581,pass,,read_secondary,"{""background_write_acknowledged"": true, ""reads"": [{""version"": 538, ""max_seen_before"": 537, ""violation"": false}, {""version"": 538, ""max_seen_before"": 538, ""violation"": false}]}"
20260918T135902Z_ab0d4ba4,539,fault,1789739986.5678,1789739986.5823216,14.916,0,14.916,pass,,read_secondary,"{""background_write_acknowledged"": true, ""reads"": [{""version"": 539, ""max_seen_before"": 538, ""violation"": false}, {""version"": 539, ""max_seen_before"": 539, ""violation"": false}]}"
20260918T135902Z_ab0d4ba4,540,fault,1789739986.5829885,1789739986.595886,13.261,0,13.261,pass,,read_secondary,"{""background_write_acknowledged"": true, ""reads"": [{""version"": 540, ""max_seen_before"": 539, ""violation"": false}, {""version"": 540, ""max_seen_before"": 540, ""violation"": false}]}"
20260918T135902Z_ab0d4ba4,541,fault,1789739986.595886,1789739986.6096013,13.254,0,13.254,pass,,read_secondary,"{""background_write_acknowledged"": true, ""reads"": [{""version"": 541, ""max_seen_before"": 540, ""violation"": false}, {""version"": 541, ""max_seen_before"": 541, ""violation"": false}]}"
20260918T135902Z_ab0d4ba4,542,fault,1789739986.6096013,1789739986.6253245,15.962,0,15.962,pass,,read_secondary,"{""background_write_acknowledged"": true, ""reads"": [{""version"": 542, ""max_seen_before"": 541, ""violation"": false}, {""version"": 542, ""max_seen_before"": 542, ""violation"": false}]}"
20260918T135902Z_ab0d4ba4,543,fault,1789739986.6253245,1789739986.6390462,13.522,0,13.522,pass,,read_secondary,"{""background_write_acknowledged"": true, ""reads"": [{""version"": 543, ""max_seen_before"": 542, ""violation"": false}, {""version"": 543, ""max_seen_before"": 543, ""violation"": false}]}"
20260918T135902Z_ab0d4ba4,544,fault,1789739986.6390462,1789739986.6541107,15.058,0,15.058,pass,,read_secondary,"{""background_write_acknowledged"": true, ""reads"": [{""version"": 544, ""max_seen_before"": 543, ""violation"": false}, {""version"": 544, ""max_seen_before"": 544, ""violation"": false}]}"
20260918T135902Z_ab0d4ba4,545,fault,1789739986.6546817,1789739986.6679885,13.425,0,13.425,pass,,read_secondary,"{""background_write_acknowledged"": true, ""reads"": [{""version"": 545, ""max_seen_before"": 544, ""violation"": false}, {""version"": 545, ""max_seen_before"": 545, ""violation"": false}]}"
20260918T135902Z_ab0d4ba4,546,fault,1789739986.6679885,1789739986.6806586,12.89,0,12.89,pass,,read_secondary,"{""background_write_acknowledged"": true, ""reads"": [{""version"": 546, ""max_seen_before"": 545, ""violation"": false}, {""version"": 546, ""max_seen_before"": 546, ""violation"": false}]}"
20260918T135902Z_ab0d4ba4,547,fault,1789739986.6811957,1789739986.693596,12.925,0,12.925,pass,,read_secondary,"{""background_write_acknowledged"": true, ""reads"": [{""version"": 547, ""max_seen_before"": 546, ""violation"": false}, {""version"": 547, ""max_seen_before"": 547, ""violation"": false}]}"
20260918T135902Z_ab0d4ba4,548,fault,1789739986.6942332,1789739986.706877,13.051,0,13.051,pass,,read_secondary,"{""background_write_acknowledged"": true, ""reads"": [{""version"": 548, ""max_seen_before"": 547, ""violation"": false}, {""version"": 548, ""max_seen_before"": 548, ""violation"": false}]}"
20260918T135902Z_ab0d4ba4,549,fault,1789739986.706877,1789739986.7208135,13.971,0,13.971,pass,,read_secondary,"{""background_write_acknowledged"": true, ""reads"": [{""version"": 549, ""max_seen_before"": 548, ""violation"": false}, {""version"": 549, ""max_seen_before"": 549, ""violation"": false}]}"
20260918T135902Z_ab0d4ba4,550,fault,1789739986.7214797,1789739986.7356074,14.081,0,14.081,pass,,read_secondary,"{""background_write_acknowledged"": true, ""reads"": [{""version"": 550, ""max_seen_before"": 549, ""violation"": false}, {""version"": 550, ""max_seen_before"": 550, ""violation"": false}]}"
20260918T135902Z_ab0d4ba4,551,fault,1789739986.7356074,1789739986.7491245,13.638,0,13.638,pass,,read_secondary,"{""background_write_acknowledged"": true, ""reads"": [{""version"": 551, ""max_seen_before"": 550, ""violation"": false}, {""version"": 551, ""max_seen_before"": 551, ""violation"": false}]}"
20260918T135902Z_ab0d4ba4,552,fault,1789739986.7491245,1789739986.7628775,13.447,0,13.447,pass,,read_secondary,"{""background_write_acknowledged"": true, ""reads"": [{""version"": 552, ""max_seen_before"": 551, ""violation"": false}, {""version"": 552, ""max_seen_before"": 552, ""violation"": false}]}"
20260918T135902Z_ab0d4ba4,553,fault,1789739986.7628775,1789739986.7764645,13.489,0,13.489,pass,,read_secondary,"{""background_write_acknowledged"": true, ""reads"": [{""version"": 553, ""max_seen_before"": 552, ""violation"": false}, {""version"": 553, ""max_seen_before"": 553, ""violation"": false}]}"
20260918T135902Z_ab0d4ba4,554,fault,1789739986.7764645,1789739986.790574,14.158,0,14.158,pass,,read_secondary,"{""background_write_acknowledged"": true, ""reads"": [{""version"": 554, ""max_seen_before"": 553, ""violation"": false}, {""version"": 554, ""max_seen_before"": 554, ""violation"": false}]}"
20260918T135902Z_ab0d4ba4,555,fault,1789739986.790574,1789739986.805613,14.966,0,14.966,pass,,read_secondary,"{""background_write_acknowledged"": true, ""reads"": [{""version"": 555, ""max_seen_before"": 554, ""violation"": false}, {""version"": 555, ""max_seen_before"": 555, ""violation"": false}]}"
20260918T135902Z_ab0d4ba4,556,fault,1789739986.805613,1789739986.8188128,12.93,0,12.93,pass,,read_secondary,"{""background_write_acknowledged"": true, ""reads"": [{""version"": 556, ""max_seen_before"": 555, ""violation"": false}, {""version"": 556, ""max_seen_before"": 556, ""violation"": false}]}"
20260918T135902Z_ab0d4ba4,557,fault,1789739986.8188128,1789739986.831004,12.188,0,12.188,pass,,read_secondary,"{""background_write_acknowledged"": true, ""reads"": [{""version"": 557, ""max_seen_before"": 556, ""violation"": false}, {""version"": 557, ""max_seen_before"": 557, ""violation"": false}]}"
20260918T135902Z_ab0d4ba4,558,fault,1789739986.831004,1789739986.8455267,14.12,0,14.12,pass,,read_secondary,"{""background_write_acknowledged"": true, ""reads"": [{""version"": 558, ""max_seen_before"": 557, ""violation"": false}, {""version"": 558, ""max_seen_before"": 558, ""violation"": false}]}"
20260918T135902Z_ab0d4ba4,559,fault,1789739986.8455267,1789739986.8588758,13.283,0,13.283,pass,,read_secondary,"{""background_write_acknowledged"": true, ""reads"": [{""version"": 559, ""max_seen_before"": 558, ""violation"": false}, {""version"": 559, ""max_seen_before"": 559, ""violation"": false}]}"
20260918T135902Z_ab0d4ba4,560,fault,1789739986.8588758,1789739986.871747,13.204,0,13.204,pass,,read_secondary,"{""background_write_acknowledged"": true, ""reads"": [{""version"": 560, ""max_seen_before"": 559, ""violation"": false}, {""version"": 560, ""max_seen_before"": 560, ""violation"": false}]}"
20260918T135902Z_ab0d4ba4,561,fault,1789739986.8723004,1789739986.8856237,13.394,0,13.394,pass,,read_secondary,"{""background_write_acknowledged"": true, ""reads"": [{""version"": 561, ""max_seen_before"": 560, ""violation"": false}, {""version"": 561, ""max_seen_before"": 561, ""violation"": false}]}"
20260918T135902Z_ab0d4ba4,562,fault,1789739986.8856237,1789739986.8992794,13.871,0,13.871,pass,,read_secondary,"{""background_write_acknowledged"": true, ""reads"": [{""version"": 562, ""max_seen_before"": 561, ""violation"": false}, {""version"": 562, ""max_seen_before"": 562, ""violation"": false}]}"
20260918T135902Z_ab0d4ba4,563,fault,1789739986.8992794,1789739986.9135587,14.229,0,14.229,pass,,read_secondary,"{""background_write_acknowledged"": true, ""reads"": [{""version"": 563, ""max_seen_before"": 562, ""violation"": false}, {""version"": 563, ""max_seen_before"": 563, ""violation"": false}]}"
20260918T135902Z_ab0d4ba4,564,fault,1789739986.9141588,1789739986.929725,15.699,0,15.699,pass,,read_secondary,"{""background_write_acknowledged"": true, ""reads"": [{""version"": 564, ""max_seen_before"": 563, ""violation"": false}, {""version"": 564, ""max_seen_before"": 564, ""violation"": false}]}"
20260918T135902Z_ab0d4ba4,565,fault,1789739986.929725,1789739986.9457784,16.344,0,16.344,pass,,read_secondary,"{""background_write_acknowledged"": true, ""reads"": [{""version"": 565, ""max_seen_before"": 564, ""violation"": false}, {""version"": 565, ""max_seen_before"": 565, ""violation"": false}]}"
20260918T135902Z_ab0d4ba4,566,fault,1789739986.9463913,1789739986.9602387,13.77,0,13.77,pass,,read_secondary,"{""background_write_acknowledged"": true, ""reads"": [{""version"": 566, ""max_seen_before"": 565, ""violation"": false}, {""version"": 566, ""max_seen_before"": 566, ""violation"": false}]}"
20260918T135902Z_ab0d4ba4,567,fault,1789739986.9602387,1789739986.9741635,13.818,0,13.818,pass,,read_secondary,"{""background_write_acknowledged"": true, ""reads"": [{""version"": 567, ""max_seen_before"": 566, ""violation"": false}, {""version"": 567, ""max_seen_before"": 567, ""violation"": false}]}"
20260918T135902Z_ab0d4ba4,568,fault,1789739986.9741635,1789739986.988241,14.037,0,14.037,pass,,read_secondary,"{""background_write_acknowledged"": true, ""reads"": [{""version"": 568, ""max_seen_before"": 567, ""violation"": false}, {""version"": 568, ""max_seen_before"": 568, ""violation"": false}]}"
20260918T135902Z_ab0d4ba4,569,fault,1789739986.988241,1789739987.0034409,15.263,0,15.263,pass,,read_secondary,"{""background_write_acknowledged"": true, ""reads"": [{""version"": 569, ""max_seen_before"": 568, ""violation"": false}, {""version"": 569, ""max_seen_before"": 569, ""violation"": false}]}"
20260918T135902Z_ab0d4ba4,570,fault,1789739987.0040567,1789739987.0168376,13.174,0,13.174,pass,,read_secondary,"{""background_write_acknowledged"": true, ""reads"": [{""version"": 570, ""max_seen_before"": 569, ""violation"": false}, {""version"": 570, ""max_seen_before"": 570, ""violation"": false}]}"
20260918T135902Z_ab0d4ba4,571,fault,1789739987.0168376,1789739987.0300832,12.774,0,12.774,pass,,read_secondary,"{""background_write_acknowledged"": true, ""reads"": [{""version"": 571, ""max_seen_before"": 570, ""violation"": false}, {""version"": 571, ""max_seen_before"": 571, ""violation"": false}]}"
20260918T135902Z_ab0d4ba4,572,fault,1789739987.0300832,1789739987.0431316,13.25,0,13.25,pass,,read_secondary,"{""background_write_acknowledged"": true, ""reads"": [{""version"": 572, ""max_seen_before"": 571, ""violation"": false}, {""version"": 572, ""max_seen_before"": 572, ""violation"": false}]}"
20260918T135902Z_ab0d4ba4,573,fault,1789739987.0431316,1789739987.0564797,12.871,0,12.871,pass,,read_secondary,"{""background_write_acknowledged"": true, ""reads"": [{""version"": 573, ""max_seen_before"": 572, ""violation"": false}, {""version"": 573, ""max_seen_before"": 573, ""violation"": false}]}"
20260918T135902Z_ab0d4ba4,574,fault,1789739987.0564797,1789739987.072084,15.592,0,15.592,pass,,read_secondary,"{""background_write_acknowledged"": true, ""reads"": [{""version"": 574, ""max_seen_before"": 573, ""violation"": false}, {""version"": 574, ""max_seen_before"": 574, ""violation"": false}]}"
20260918T135902Z_ab0d4ba4,575,fault,1789739987.072084,1789739987.084737,12.89,0,12.89,pass,,read_secondary,"{""background_write_acknowledged"": true, ""reads"": [{""version"": 575, ""max_seen_before"": 574, ""violation"": false}, {""version"": 575, ""max_seen_before"": 575, ""violation"": false}]}"
20260918T135902Z_ab0d4ba4,576,fault,1789739987.084737,1789739987.0981297,13.406,0,13.406,pass,,read_secondary,"{""background_write_acknowledged"": true, ""reads"": [{""version"": 576, ""max_seen_before"": 575, ""violation"": false}, {""version"": 576, ""max_seen_before"": 576, ""violation"": false}]}"
20260918T135902Z_ab0d4ba4,577,fault,1789739987.0987499,1789739987.1102524,11.484,0,11.484,pass,,read_secondary,"{""background_write_acknowledged"": true, ""reads"": [{""version"": 577, ""max_seen_before"": 576, ""violation"": false}, {""version"": 577, ""max_seen_before"": 577, ""violation"": false}]}"
20260918T135902Z_ab0d4ba4,578,fault,1789739987.1102524,1789739987.1219876,11.711,0,11.711,pass,,read_secondary,"{""background_write_acknowledged"": true, ""reads"": [{""version"": 578, ""max_seen_before"": 577, ""violation"": false}, {""version"": 578, ""max_seen_before"": 578, ""violation"": false}]}"
20260918T135902Z_ab0d4ba4,579,fault,1789739987.1219876,1789739987.1344423,12.732,0,12.732,pass,,read_secondary,"{""background_write_acknowledged"": true, ""reads"": [{""version"": 579, ""max_seen_before"": 578, ""violation"": false}, {""version"": 579, ""max_seen_before"": 579, ""violation"": false}]}"
20260918T135902Z_ab0d4ba4,580,fault,1789739987.135059,1789739987.147082,12.771,0,12.771,pass,,read_secondary,"{""background_write_acknowledged"": true, ""reads"": [{""version"": 580, ""max_seen_before"": 579, ""violation"": false}, {""version"": 580, ""max_seen_before"": 580, ""violation"": false}]}"
20260918T135902Z_ab0d4ba4,581,fault,1789739987.147082,1789739987.1616886,13.938,0,13.938,pass,,read_secondary,"{""background_write_acknowledged"": true, ""reads"": [{""version"": 581, ""max_seen_before"": 580, ""violation"": false}, {""version"": 581, ""max_seen_before"": 581, ""violation"": false}]}"
20260918T135902Z_ab0d4ba4,582,fault,1789739987.1616886,1789739987.1754093,13.527,0,13.527,pass,,read_secondary,"{""background_write_acknowledged"": true, ""reads"": [{""version"": 582, ""max_seen_before"": 581, ""violation"": false}, {""version"": 582, ""max_seen_before"": 582, ""violation"": false}]}"
20260918T135902Z_ab0d4ba4,583,fault,1789739987.1754093,1789739987.189844,14.268,0,14.268,pass,,read_secondary,"{""background_write_acknowledged"": true, ""reads"": [{""version"": 583, ""max_seen_before"": 582, ""violation"": false}, {""version"": 583, ""max_seen_before"": 583, ""violation"": false}]}"
20260918T135902Z_ab0d4ba4,584,fault,1789739987.189844,1789739987.2031758,13.177,0,13.177,pass,,read_secondary,"{""background_write_acknowledged"": true, ""reads"": [{""version"": 584, ""max_seen_before"": 583, ""violation"": false}, {""version"": 584, ""max_seen_before"": 584, ""violation"": false}]}"
20260918T135902Z_ab0d4ba4,585,fault,1789739987.2031758,1789739987.216609,13.4,0,13.4,pass,,read_secondary,"{""background_write_acknowledged"": true, ""reads"": [{""version"": 585, ""max_seen_before"": 584, ""violation"": false}, {""version"": 585, ""max_seen_before"": 585, ""violation"": false}]}"
20260918T135902Z_ab0d4ba4,586,fault,1789739987.216609,1789739987.2306087,13.978,0,13.978,pass,,read_secondary,"{""background_write_acknowledged"": true, ""reads"": [{""version"": 586, ""max_seen_before"": 585, ""violation"": false}, {""version"": 586, ""max_seen_before"": 586, ""violation"": false}]}"
20260918T135902Z_ab0d4ba4,587,fault,1789739987.2306087,1789739987.2447693,14.253,0,14.253,pass,,read_secondary,"{""background_write_acknowledged"": true, ""reads"": [{""version"": 587, ""max_seen_before"": 586, ""violation"": false}, {""version"": 587, ""max_seen_before"": 587, ""violation"": false}]}"
20260918T135902Z_ab0d4ba4,588,fault,1789739987.2453325,1789739987.2567172,11.391,0,11.391,pass,,read_secondary,"{""background_write_acknowledged"": true, ""reads"": [{""version"": 588, ""max_seen_before"": 587, ""violation"": false}, {""version"": 588, ""max_seen_before"": 588, ""violation"": false}]}"
20260918T135902Z_ab0d4ba4,589,fault,1789739987.2567172,1789739987.2673185,10.721,0,10.721,pass,,read_secondary,"{""background_write_acknowledged"": true, ""reads"": [{""version"": 589, ""max_seen_before"": 588, ""violation"": false}, {""version"": 589, ""max_seen_before"": 589, ""violation"": false}]}"
20260918T135902Z_ab0d4ba4,590,fault,1789739987.2673185,1789739987.2805178,13.485,0,13.485,pass,,read_secondary,"{""background_write_acknowledged"": true, ""reads"": [{""version"": 590, ""max_seen_before"": 589, ""violation"": false}, {""version"": 590, ""max_seen_before"": 590, ""violation"": false}]}"
20260918T135902Z_ab0d4ba4,591,fault,1789739987.2811837,1789739987.292061,11.229,0,11.229,pass,,read_secondary,"{""background_write_acknowledged"": true, ""reads"": [{""version"": 591, ""max_seen_before"": 590, ""violation"": false}, {""version"": 591, ""max_seen_before"": 591, ""violation"": false}]}"
20260918T135902Z_ab0d4ba4,592,fault,1789739987.292621,1789739987.3047533,12.499,0,12.499,pass,,read_secondary,"{""background_write_acknowledged"": true, ""reads"": [{""version"": 592, ""max_seen_before"": 591, ""violation"": false}, {""version"": 592, ""max_seen_before"": 592, ""violation"": false}]}"
20260918T135902Z_ab0d4ba4,593,fault,1789739987.3047533,1789739987.3179846,12.883,0,12.883,pass,,read_secondary,"{""background_write_acknowledged"": true, ""reads"": [{""version"": 593, ""max_seen_before"": 592, ""violation"": false}, {""version"": 593, ""max_seen_before"": 593, ""violation"": false}]}"
20260918T135902Z_ab0d4ba4,594,fault,1789739987.3179846,1789739987.3306026,12.759,0,12.759,pass,,read_secondary,"{""background_write_acknowledged"": true, ""reads"": [{""version"": 594, ""max_seen_before"": 593, ""violation"": false}, {""version"": 594, ""max_seen_before"": 594, ""violation"": false}]}"
20260918T135902Z_ab0d4ba4,595,fault,1789739987.3306026,1789739987.3419962,11.353,0,11.353,pass,,read_secondary,"{""background_write_acknowledged"": true, ""reads"": [{""version"": 595, ""max_seen_before"": 594, ""violation"": false}, {""version"": 595, ""max_seen_before"": 595, ""violation"": false}]}"
20260918T135902Z_ab0d4ba4,596,fault,1789739987.3419962,1789739987.354322,11.768,0,11.768,pass,,read_secondary,"{""background_write_acknowledged"": true, ""reads"": [{""version"": 596, ""max_seen_before"": 595, ""violation"": false}, {""version"": 596, ""max_seen_before"": 596, ""violation"": false}]}"
20260918T135902Z_ab0d4ba4,597,fault,1789739987.354322,1789739987.3660326,11.537,0,11.537,pass,,read_secondary,"{""background_write_acknowledged"": true, ""reads"": [{""version"": 597, ""max_seen_before"": 596, ""violation"": false}, {""version"": 597, ""max_seen_before"": 597, ""violation"": false}]}"
20260918T135902Z_ab0d4ba4,598,fault,1789739987.3660326,1789739987.379409,13.449,0,13.449,pass,,read_secondary,"{""background_write_acknowledged"": true, ""reads"": [{""version"": 598, ""max_seen_before"": 597, ""violation"": false}, {""version"": 598, ""max_seen_before"": 598, ""violation"": false}]}"
20260918T135902Z_ab0d4ba4,599,fault,1789739987.379409,1789739987.3923786,13.006,0,13.006,pass,,read_secondary,"{""background_write_acknowledged"": true, ""reads"": [{""version"": 599, ""max_seen_before"": 598, ""violation"": false}, {""version"": 599, ""max_seen_before"": 599, ""violation"": false}]}"
20260918T135902Z_ab0d4ba4,600,recovery,1789739988.5594459,1789739988.598527,38.792,0,38.792,pass,,read_secondary,"{""background_write_acknowledged"": true, ""reads"": [{""version"": 600, ""max_seen_before"": 599, ""violation"": false}, {""version"": 600, ""max_seen_before"": 600, ""violation"": false}]}"
20260918T135902Z_ab0d4ba4,601,recovery,1789739988.604502,1789739988.6194246,15.032,0,15.032,pass,,read_secondary,"{""background_write_acknowledged"": true, ""reads"": [{""version"": 601, ""max_seen_before"": 600, ""violation"": false}, {""version"": 601, ""max_seen_before"": 601, ""violation"": false}]}"
20260918T135902Z_ab0d4ba4,602,recovery,1789739988.6199954,1789739988.6330469,13.483,0,13.483,pass,,read_secondary,"{""background_write_acknowledged"": true, ""reads"": [{""version"": 602, ""max_seen_before"": 601, ""violation"": false}, {""version"": 602, ""max_seen_before"": 602, ""violation"": false}]}"
20260918T135902Z_ab0d4ba4,603,recovery,1789739988.6336837,1789739988.6473286,14.118,0,14.118,pass,,read_secondary,"{""background_write_acknowledged"": true, ""reads"": [{""version"": 603, ""max_seen_before"": 602, ""violation"": false}, {""version"": 603, ""max_seen_before"": 603, ""violation"": false}]}"
20260918T135902Z_ab0d4ba4,604,recovery,1789739988.647878,1789739988.6624162,14.735,0,14.735,pass,,read_secondary,"{""background_write_acknowledged"": true, ""reads"": [{""version"": 604, ""max_seen_before"": 603, ""violation"": false}, {""version"": 604, ""max_seen_before"": 604, ""violation"": false}]}"
20260918T135902Z_ab0d4ba4,605,recovery,1789739988.6624162,1789739988.6776793,14.938,0,14.938,pass,,read_secondary,"{""background_write_acknowledged"": true, ""reads"": [{""version"": 605, ""max_seen_before"": 604, ""violation"": false}, {""version"": 605, ""max_seen_before"": 605, ""violation"": false}]}"
20260918T135902Z_ab0d4ba4,606,recovery,1789739988.6776793,1789739988.6947618,16.911,0,16.911,pass,,read_secondary,"{""background_write_acknowledged"": true, ""reads"": [{""version"": 606, ""max_seen_before"": 605, ""violation"": false}, {""version"": 606, ""max_seen_before"": 606, ""violation"": false}]}"
20260918T135902Z_ab0d4ba4,607,recovery,1789739988.6947618,1789739988.708309,13.721,0,13.721,pass,,read_secondary,"{""background_write_acknowledged"": true, ""reads"": [{""version"": 607, ""max_seen_before"": 606, ""violation"": false}, {""version"": 607, ""max_seen_before"": 607, ""violation"": false}]}"
20260918T135902Z_ab0d4ba4,608,recovery,1789739988.708309,1789739988.723491,14.914,0,14.914,pass,,read_secondary,"{""background_write_acknowledged"": true, ""reads"": [{""version"": 608, ""max_seen_before"": 607, ""violation"": false}, {""version"": 608, ""max_seen_before"": 608, ""violation"": false}]}"
20260918T135902Z_ab0d4ba4,609,recovery,1789739988.723491,1789739988.7376773,14.172,0,14.172,pass,,read_secondary,"{""background_write_acknowledged"": true, ""reads"": [{""version"": 609, ""max_seen_before"": 608, ""violation"": false}, {""version"": 609, ""max_seen_before"": 609, ""violation"": false}]}"
20260918T135902Z_ab0d4ba4,610,recovery,1789739988.7376773,1789739988.7526531,14.932,0,14.932,pass,,read_secondary,"{""background_write_acknowledged"": true, ""reads"": [{""version"": 610, ""max_seen_before"": 609, ""violation"": false}, {""version"": 610, ""max_seen_before"": 610, ""violation"": false}]}"
20260918T135902Z_ab0d4ba4,611,recovery,1789739988.7526531,1789739988.7665122,13.896,0,13.896,pass,,read_secondary,"{""background_write_acknowledged"": true, ""reads"": [{""version"": 611, ""max_seen_before"": 610, ""violation"": false}, {""version"": 611, ""max_seen_before"": 611, ""violation"": false}]}"
20260918T135902Z_ab0d4ba4,612,recovery,1789739988.7665122,1789739988.78096,14.364,0,14.364,pass,,read_secondary,"{""background_write_acknowledged"": true, ""reads"": [{""version"": 612, ""max_seen_before"": 611, ""violation"": false}, {""version"": 612, ""max_seen_before"": 612, ""violation"": false}]}"
20260918T135902Z_ab0d4ba4,613,recovery,1789739988.7815356,1789739988.795835,14.687,0,14.687,pass,,read_secondary,"{""background_write_acknowledged"": true, ""reads"": [{""version"": 613, ""max_seen_before"": 612, ""violation"": false}, {""version"": 613, ""max_seen_before"": 613, ""violation"": false}]}"
20260918T135902Z_ab0d4ba4,614,recovery,1789739988.7964334,1789739988.810995,14.616,0,14.616,pass,,read_secondary,"{""background_write_acknowledged"": true, ""reads"": [{""version"": 614, ""max_seen_before"": 613, ""violation"": false}, {""version"": 614, ""max_seen_before"": 614, ""violation"": false}]}"
20260918T135902Z_ab0d4ba4,615,recovery,1789739988.810995,1789739988.8245625,13.817,0,13.817,pass,,read_secondary,"{""background_write_acknowledged"": true, ""reads"": [{""version"": 615, ""max_seen_before"": 614, ""violation"": false}, {""version"": 615, ""max_seen_before"": 615, ""violation"": false}]}"
20260918T135902Z_ab0d4ba4,616,recovery,1789739988.8251429,1789739988.8394876,14.559,0,14.559,pass,,read_secondary,"{""background_write_acknowledged"": true, ""reads"": [{""version"": 616, ""max_seen_before"": 615, ""violation"": false}, {""version"": 616, ""max_seen_before"": 616, ""violation"": false}]}"
20260918T135902Z_ab0d4ba4,617,recovery,1789739988.8394876,1789739988.853946,14.277,0,14.277,pass,,read_secondary,"{""background_write_acknowledged"": true, ""reads"": [{""version"": 617, ""max_seen_before"": 616, ""violation"": false}, {""version"": 617, ""max_seen_before"": 617, ""violation"": false}]}"
20260918T135902Z_ab0d4ba4,618,recovery,1789739988.853946,1789739988.8683126,14.127,0,14.127,pass,,read_secondary,"{""background_write_acknowledged"": true, ""reads"": [{""version"": 618, ""max_seen_before"": 617, ""violation"": false}, {""version"": 618, ""max_seen_before"": 618, ""violation"": false}]}"
20260918T135902Z_ab0d4ba4,619,recovery,1789739988.8683126,1789739988.8847795,16.387,0,16.387,pass,,read_secondary,"{""background_write_acknowledged"": true, ""reads"": [{""version"": 619, ""max_seen_before"": 618, ""violation"": false}, {""version"": 619, ""max_seen_before"": 619, ""violation"": false}]}"
20260918T135902Z_ab0d4ba4,620,recovery,1789739988.8847795,1789739988.8989935,13.949,0,13.949,pass,,read_secondary,"{""background_write_acknowledged"": true, ""reads"": [{""version"": 620, ""max_seen_before"": 619, ""violation"": false}, {""version"": 620, ""max_seen_before"": 620, ""violation"": false}]}"
20260918T135902Z_ab0d4ba4,621,recovery,1789739988.8989935,1789739988.9132364,14.11,0,14.11,pass,,read_secondary,"{""background_write_acknowledged"": true, ""reads"": [{""version"": 621, ""max_seen_before"": 620, ""violation"": false}, {""version"": 621, ""max_seen_before"": 621, ""violation"": false}]}"
20260918T135902Z_ab0d4ba4,622,recovery,1789739988.9132364,1789739988.9297867,16.589,0,16.589,pass,,read_secondary,"{""background_write_acknowledged"": true, ""reads"": [{""version"": 622, ""max_seen_before"": 621, ""violation"": false}, {""version"": 622, ""max_seen_before"": 622, ""violation"": false}]}"
20260918T135902Z_ab0d4ba4,623,recovery,1789739988.9297867,1789739988.945573,15.687,0,15.687,pass,,read_secondary,"{""background_write_acknowledged"": true, ""reads"": [{""version"": 623, ""max_seen_before"": 622, ""violation"": false}, {""version"": 623, ""max_seen_before"": 623, ""violation"": false}]}"
20260918T135902Z_ab0d4ba4,624,recovery,1789739988.945573,1789739988.9594855,13.51,0,13.51,pass,,read_secondary,"{""background_write_acknowledged"": true, ""reads"": [{""version"": 624, ""max_seen_before"": 623, ""violation"": false}, {""version"": 624, ""max_seen_before"": 624, ""violation"": false}]}"
20260918T135902Z_ab0d4ba4,625,recovery,1789739988.9594855,1789739988.9732964,13.731,0,13.731,pass,,read_secondary,"{""background_write_acknowledged"": true, ""reads"": [{""version"": 625, ""max_seen_before"": 624, ""violation"": false}, {""version"": 625, ""max_seen_before"": 625, ""violation"": false}]}"
20260918T135902Z_ab0d4ba4,626,recovery,1789739988.9732964,1789739988.9875135,14.059,0,14.059,pass,,read_secondary,"{""background_write_acknowledged"": true, ""reads"": [{""version"": 626, ""max_seen_before"": 625, ""violation"": false}, {""version"": 626, ""max_seen_before"": 626, ""violation"": false}]}"
20260918T135902Z_ab0d4ba4,627,recovery,1789739988.9875135,1789739989.002387,14.792,0,14.792,pass,,read_secondary,"{""background_write_acknowledged"": true, ""reads"": [{""version"": 627, ""max_seen_before"": 626, ""violation"": false}, {""version"": 627, ""max_seen_before"": 627, ""violation"": false}]}"
20260918T135902Z_ab0d4ba4,628,recovery,1789739989.002387,1789739989.0165193,14.324,0,14.324,pass,,read_secondary,"{""background_write_acknowledged"": true, ""reads"": [{""version"": 628, ""max_seen_before"": 627, ""violation"": false}, {""version"": 628, ""max_seen_before"": 628, ""violation"": false}]}"
20260918T135902Z_ab0d4ba4,629,recovery,1789739989.0165193,1789739989.0334432,16.775,0,16.775,pass,,read_secondary,"{""background_write_acknowledged"": true, ""reads"": [{""version"": 629, ""max_seen_before"": 628, ""violation"": false}, {""version"": 629, ""max_seen_before"": 629, ""violation"": false}]}"
20260918T135902Z_ab0d4ba4,630,recovery,1789739989.0334432,1789739989.0477653,13.906,0,13.906,pass,,read_secondary,"{""background_write_acknowledged"": true, ""reads"": [{""version"": 630, ""max_seen_before"": 629, ""violation"": false}, {""version"": 630, ""max_seen_before"": 630, ""violation"": false}]}"
20260918T135902Z_ab0d4ba4,631,recovery,1789739989.0477653,1789739989.0618608,14.2,0,14.2,pass,,read_secondary,"{""background_write_acknowledged"": true, ""reads"": [{""version"": 631, ""max_seen_before"": 630, ""violation"": false}, {""version"": 631, ""max_seen_before"": 631, ""violation"": false}]}"
20260918T135902Z_ab0d4ba4,632,recovery,1789739989.0618608,1789739989.0764241,14.743,0,14.743,pass,,read_secondary,"{""background_write_acknowledged"": true, ""reads"": [{""version"": 632, ""max_seen_before"": 631, ""violation"": false}, {""version"": 632, ""max_seen_before"": 632, ""violation"": false}]}"
20260918T135902Z_ab0d4ba4,633,recovery,1789739989.0764241,1789739989.0912204,14.613,0,14.613,pass,,read_secondary,"{""background_write_acknowledged"": true, ""reads"": [{""version"": 633, ""max_seen_before"": 632, ""violation"": false}, {""version"": 633, ""max_seen_before"": 633, ""violation"": false}]}"
20260918T135902Z_ab0d4ba4,634,recovery,1789739989.0918047,1789739989.1072342,15.785,0,15.785,pass,,read_secondary,"{""background_write_acknowledged"": true, ""reads"": [{""version"": 634, ""max_seen_before"": 633, ""violation"": false}, {""version"": 634, ""max_seen_before"": 634, ""violation"": false}]}"
20260918T135902Z_ab0d4ba4,635,recovery,1789739989.1072342,1789739989.1223748,14.895,0,14.895,pass,,read_secondary,"{""background_write_acknowledged"": true, ""reads"": [{""version"": 635, ""max_seen_before"": 634, ""violation"": false}, {""version"": 635, ""max_seen_before"": 635, ""violation"": false}]}"
20260918T135902Z_ab0d4ba4,636,recovery,1789739989.1223748,1789739989.1368983,14.268,0,14.268,pass,,read_secondary,"{""background_write_acknowledged"": true, ""reads"": [{""version"": 636, ""max_seen_before"": 635, ""violation"": false}, {""version"": 636, ""max_seen_before"": 636, ""violation"": false}]}"
20260918T135902Z_ab0d4ba4,637,recovery,1789739989.1368983,1789739989.1532166,16.132,0,16.132,pass,,read_secondary,"{""background_write_acknowledged"": true, ""reads"": [{""version"": 637, ""max_seen_before"": 636, ""violation"": false}, {""version"": 637, ""max_seen_before"": 637, ""violation"": false}]}"
20260918T135902Z_ab0d4ba4,638,recovery,1789739989.1532166,1789739989.1715698,18.445,0,18.445,pass,,read_secondary,"{""background_write_acknowledged"": true, ""reads"": [{""version"": 638, ""max_seen_before"": 637, ""violation"": false}, {""version"": 638, ""max_seen_before"": 638, ""violation"": false}]}"
20260918T135902Z_ab0d4ba4,639,recovery,1789739989.1721826,1789739989.188407,16.563,0,16.563,pass,,read_secondary,"{""background_write_acknowledged"": true, ""reads"": [{""version"": 639, ""max_seen_before"": 638, ""violation"": false}, {""version"": 639, ""max_seen_before"": 639, ""violation"": false}]}"
20260918T135902Z_ab0d4ba4,640,recovery,1789739989.188407,1789739989.205012,16.472,0,16.472,pass,,read_secondary,"{""background_write_acknowledged"": true, ""reads"": [{""version"": 640, ""max_seen_before"": 639, ""violation"": false}, {""version"": 640, ""max_seen_before"": 640, ""violation"": false}]}"
20260918T135902Z_ab0d4ba4,641,recovery,1789739989.205012,1789739989.219328,13.953,0,13.953,pass,,read_secondary,"{""background_write_acknowledged"": true, ""reads"": [{""version"": 641, ""max_seen_before"": 640, ""violation"": false}, {""version"": 641, ""max_seen_before"": 641, ""violation"": false}]}"
20260918T135902Z_ab0d4ba4,642,recovery,1789739989.219328,1789739989.2335527,14.206,0,14.206,pass,,read_secondary,"{""background_write_acknowledged"": true, ""reads"": [{""version"": 642, ""max_seen_before"": 641, ""violation"": false}, {""version"": 642, ""max_seen_before"": 642, ""violation"": false}]}"
20260918T135902Z_ab0d4ba4,643,recovery,1789739989.2335527,1789739989.2485015,14.956,0,14.956,pass,,read_secondary,"{""background_write_acknowledged"": true, ""reads"": [{""version"": 643, ""max_seen_before"": 642, ""violation"": false}, {""version"": 643, ""max_seen_before"": 643, ""violation"": false}]}"
20260918T135902Z_ab0d4ba4,644,recovery,1789739989.2490666,1789739989.2644393,15.419,0,15.419,pass,,read_secondary,"{""background_write_acknowledged"": true, ""reads"": [{""version"": 644, ""max_seen_before"": 643, ""violation"": false}, {""version"": 644, ""max_seen_before"": 644, ""violation"": false}]}"
20260918T135902Z_ab0d4ba4,645,recovery,1789739989.2644393,1789739989.2794363,14.973,0,14.973,pass,,read_secondary,"{""background_write_acknowledged"": true, ""reads"": [{""version"": 645, ""max_seen_before"": 644, ""violation"": false}, {""version"": 645, ""max_seen_before"": 645, ""violation"": false}]}"
20260918T135902Z_ab0d4ba4,646,recovery,1789739989.2794363,1789739989.295006,15.622,0,15.622,pass,,read_secondary,"{""background_write_acknowledged"": true, ""reads"": [{""version"": 646, ""max_seen_before"": 645, ""violation"": false}, {""version"": 646, ""max_seen_before"": 646, ""violation"": false}]}"
20260918T135902Z_ab0d4ba4,647,recovery,1789739989.295006,1789739989.3104937,15.344,0,15.344,pass,,read_secondary,"{""background_write_acknowledged"": true, ""reads"": [{""version"": 647, ""max_seen_before"": 646, ""violation"": false}, {""version"": 647, ""max_seen_before"": 647, ""violation"": false}]}"
20260918T135902Z_ab0d4ba4,648,recovery,1789739989.3104937,1789739989.326035,15.427,0,15.427,pass,,read_secondary,"{""background_write_acknowledged"": true, ""reads"": [{""version"": 648, ""max_seen_before"": 647, ""violation"": false}, {""version"": 648, ""max_seen_before"": 648, ""violation"": false}]}"
20260918T135902Z_ab0d4ba4,649,recovery,1789739989.326035,1789739989.3410168,14.875,0,14.875,pass,,read_secondary,"{""background_write_acknowledged"": true, ""reads"": [{""version"": 649, ""max_seen_before"": 648, ""violation"": false}, {""version"": 649, ""max_seen_before"": 649, ""violation"": false}]}"
20260918T135902Z_ab0d4ba4,650,recovery,1789739989.3415725,1789739989.3562865,15.003,0,15.003,pass,,read_secondary,"{""background_write_acknowledged"": true, ""reads"": [{""version"": 650, ""max_seen_before"": 649, ""violation"": false}, {""version"": 650, ""max_seen_before"": 650, ""violation"": false}]}"
20260918T135902Z_ab0d4ba4,651,recovery,1789739989.3562865,1789739989.3716874,15.367,0,15.367,pass,,read_secondary,"{""background_write_acknowledged"": true, ""reads"": [{""version"": 651, ""max_seen_before"": 650, ""violation"": false}, {""version"": 651, ""max_seen_before"": 651, ""violation"": false}]}"
20260918T135902Z_ab0d4ba4,652,recovery,1789739989.3716874,1789739989.3860402,14.235,0,14.235,pass,,read_secondary,"{""background_write_acknowledged"": true, ""reads"": [{""version"": 652, ""max_seen_before"": 651, ""violation"": false}, {""version"": 652, ""max_seen_before"": 652, ""violation"": false}]}"
20260918T135902Z_ab0d4ba4,653,recovery,1789739989.386612,1789739989.4000862,14.355,0,14.355,pass,,read_secondary,"{""background_write_acknowledged"": true, ""reads"": [{""version"": 653, ""max_seen_before"": 652, ""violation"": false}, {""version"": 653, ""max_seen_before"": 653, ""violation"": false}]}"
20260918T135902Z_ab0d4ba4,654,recovery,1789739989.4000862,1789739989.4182065,17.239,0,17.239,pass,,read_secondary,"{""background_write_acknowledged"": true, ""reads"": [{""version"": 654, ""max_seen_before"": 653, ""violation"": false}, {""version"": 654, ""max_seen_before"": 654, ""violation"": false}]}"
20260918T135902Z_ab0d4ba4,655,recovery,1789739989.4182065,1789739989.4336932,15.408,0,15.408,pass,,read_secondary,"{""background_write_acknowledged"": true, ""reads"": [{""version"": 655, ""max_seen_before"": 654, ""violation"": false}, {""version"": 655, ""max_seen_before"": 655, ""violation"": false}]}"
20260918T135902Z_ab0d4ba4,656,recovery,1789739989.4336932,1789739989.447584,13.722,0,13.722,pass,,read_secondary,"{""background_write_acknowledged"": true, ""reads"": [{""version"": 656, ""max_seen_before"": 655, ""violation"": false}, {""version"": 656, ""max_seen_before"": 656, ""violation"": false}]}"
20260918T135902Z_ab0d4ba4,657,recovery,1789739989.447584,1789739989.4614155,14.031,0,14.031,pass,,read_secondary,"{""background_write_acknowledged"": true, ""reads"": [{""version"": 657, ""max_seen_before"": 656, ""violation"": false}, {""version"": 657, ""max_seen_before"": 657, ""violation"": false}]}"
20260918T135902Z_ab0d4ba4,658,recovery,1789739989.4619615,1789739989.4768493,15.006,0,15.006,pass,,read_secondary,"{""background_write_acknowledged"": true, ""reads"": [{""version"": 658, ""max_seen_before"": 657, ""violation"": false}, {""version"": 658, ""max_seen_before"": 658, ""violation"": false}]}"
20260918T135902Z_ab0d4ba4,659,recovery,1789739989.4768493,1789739989.4921997,14.998,0,14.998,pass,,read_secondary,"{""background_write_acknowledged"": true, ""reads"": [{""version"": 659, ""max_seen_before"": 658, ""violation"": false}, {""version"": 659, ""max_seen_before"": 659, ""violation"": false}]}"
20260918T135902Z_ab0d4ba4,660,recovery,1789739989.4921997,1789739989.5074565,15.093,0,15.093,pass,,read_secondary,"{""background_write_acknowledged"": true, ""reads"": [{""version"": 660, ""max_seen_before"": 659, ""violation"": false}, {""version"": 660, ""max_seen_before"": 660, ""violation"": false}]}"
20260918T135902Z_ab0d4ba4,661,recovery,1789739989.5074565,1789739989.5260706,18.913,0,18.913,pass,,read_secondary,"{""background_write_acknowledged"": true, ""reads"": [{""version"": 661, ""max_seen_before"": 660, ""violation"": false}, {""version"": 661, ""max_seen_before"": 661, ""violation"": false}]}"
20260918T135902Z_ab0d4ba4,662,recovery,1789739989.5266235,1789739989.543584,16.94,0,16.94,pass,,read_secondary,"{""background_write_acknowledged"": true, ""reads"": [{""version"": 662, ""max_seen_before"": 661, ""violation"": false}, {""version"": 662, ""max_seen_before"": 662, ""violation"": false}]}"
20260918T135902Z_ab0d4ba4,663,recovery,1789739989.543584,1789739989.5581148,14.434,0,14.434,pass,,read_secondary,"{""background_write_acknowledged"": true, ""reads"": [{""version"": 663, ""max_seen_before"": 662, ""violation"": false}, {""version"": 663, ""max_seen_before"": 663, ""violation"": false}]}"
20260918T135902Z_ab0d4ba4,664,recovery,1789739989.5581148,1789739989.5728567,14.912,0,14.912,pass,,read_secondary,"{""background_write_acknowledged"": true, ""reads"": [{""version"": 664, ""max_seen_before"": 663, ""violation"": false}, {""version"": 664, ""max_seen_before"": 664, ""violation"": false}]}"
20260918T135902Z_ab0d4ba4,665,recovery,1789739989.5734432,1789739989.5874455,14.453,0,14.453,pass,,read_secondary,"{""background_write_acknowledged"": true, ""reads"": [{""version"": 665, ""max_seen_before"": 664, ""violation"": false}, {""version"": 665, ""max_seen_before"": 665, ""violation"": false}]}"
20260918T135902Z_ab0d4ba4,666,recovery,1789739989.588012,1789739989.6018734,13.989,0,13.989,pass,,read_secondary,"{""background_write_acknowledged"": true, ""reads"": [{""version"": 666, ""max_seen_before"": 665, ""violation"": false}, {""version"": 666, ""max_seen_before"": 666, ""violation"": false}]}"
20260918T135902Z_ab0d4ba4,667,recovery,1789739989.6018734,1789739989.617441,15.404,0,15.404,pass,,read_secondary,"{""background_write_acknowledged"": true, ""reads"": [{""version"": 667, ""max_seen_before"": 666, ""violation"": false}, {""version"": 667, ""max_seen_before"": 667, ""violation"": false}]}"
20260918T135902Z_ab0d4ba4,668,recovery,1789739989.617441,1789739989.63133,13.891,0,13.891,pass,,read_secondary,"{""background_write_acknowledged"": true, ""reads"": [{""version"": 668, ""max_seen_before"": 667, ""violation"": false}, {""version"": 668, ""max_seen_before"": 668, ""violation"": false}]}"
20260918T135902Z_ab0d4ba4,669,recovery,1789739989.63133,1789739989.6457763,14.648,0,14.648,pass,,read_secondary,"{""background_write_acknowledged"": true, ""reads"": [{""version"": 669, ""max_seen_before"": 668, ""violation"": false}, {""version"": 669, ""max_seen_before"": 669, ""violation"": false}]}"
20260918T135902Z_ab0d4ba4,670,recovery,1789739989.646427,1789739989.6633477,17.061,0,17.061,pass,,read_secondary,"{""background_write_acknowledged"": true, ""reads"": [{""version"": 670, ""max_seen_before"": 669, ""violation"": false}, {""version"": 670, ""max_seen_before"": 670, ""violation"": false}]}"
20260918T135902Z_ab0d4ba4,671,recovery,1789739989.6633477,1789739989.6781015,14.608,0,14.608,pass,,read_secondary,"{""background_write_acknowledged"": true, ""reads"": [{""version"": 671, ""max_seen_before"": 670, ""violation"": false}, {""version"": 671, ""max_seen_before"": 671, ""violation"": false}]}"
20260918T135902Z_ab0d4ba4,672,recovery,1789739989.6781015,1789739989.6937761,15.642,0,15.642,pass,,read_secondary,"{""background_write_acknowledged"": true, ""reads"": [{""version"": 672, ""max_seen_before"": 671, ""violation"": false}, {""version"": 672, ""max_seen_before"": 672, ""violation"": false}]}"
20260918T135902Z_ab0d4ba4,673,recovery,1789739989.6937761,1789739989.7089195,14.834,0,14.834,pass,,read_secondary,"{""background_write_acknowledged"": true, ""reads"": [{""version"": 673, ""max_seen_before"": 672, ""violation"": false}, {""version"": 673, ""max_seen_before"": 673, ""violation"": false}]}"
20260918T135902Z_ab0d4ba4,674,recovery,1789739989.7089195,1789739989.7238567,14.879,0,14.879,pass,,read_secondary,"{""background_write_acknowledged"": true, ""reads"": [{""version"": 674, ""max_seen_before"": 673, ""violation"": false}, {""version"": 674, ""max_seen_before"": 674, ""violation"": false}]}"
20260918T135902Z_ab0d4ba4,675,recovery,1789739989.7238567,1789739989.7387006,14.692,0,14.692,pass,,read_secondary,"{""background_write_acknowledged"": true, ""reads"": [{""version"": 675, ""max_seen_before"": 674, ""violation"": false}, {""version"": 675, ""max_seen_before"": 675, ""violation"": false}]}"
20260918T135902Z_ab0d4ba4,676,recovery,1789739989.7387006,1789739989.753353,14.65,0,14.65,pass,,read_secondary,"{""background_write_acknowledged"": true, ""reads"": [{""version"": 676, ""max_seen_before"": 675, ""violation"": false}, {""version"": 676, ""max_seen_before"": 676, ""violation"": false}]}"
20260918T135902Z_ab0d4ba4,677,recovery,1789739989.753353,1789739989.7673783,14.162,0,14.162,pass,,read_secondary,"{""background_write_acknowledged"": true, ""reads"": [{""version"": 677, ""max_seen_before"": 676, ""violation"": false}, {""version"": 677, ""max_seen_before"": 677, ""violation"": false}]}"
20260918T135902Z_ab0d4ba4,678,recovery,1789739989.7679675,1789739989.782434,14.658,0,14.658,pass,,read_secondary,"{""background_write_acknowledged"": true, ""reads"": [{""version"": 678, ""max_seen_before"": 677, ""violation"": false}, {""version"": 678, ""max_seen_before"": 678, ""violation"": false}]}"
20260918T135902Z_ab0d4ba4,679,recovery,1789739989.782434,1789739989.7975109,15.011,0,15.011,pass,,read_secondary,"{""background_write_acknowledged"": true, ""reads"": [{""version"": 679, ""max_seen_before"": 678, ""violation"": false}, {""version"": 679, ""max_seen_before"": 679, ""violation"": false}]}"
20260918T135902Z_ab0d4ba4,680,recovery,1789739989.7975109,1789739989.8118453,14.076,0,14.076,pass,,read_secondary,"{""background_write_acknowledged"": true, ""reads"": [{""version"": 680, ""max_seen_before"": 679, ""violation"": false}, {""version"": 680, ""max_seen_before"": 680, ""violation"": false}]}"
20260918T135902Z_ab0d4ba4,681,recovery,1789739989.8118453,1789739989.825917,14.155,0,14.155,pass,,read_secondary,"{""background_write_acknowledged"": true, ""reads"": [{""version"": 681, ""max_seen_before"": 680, ""violation"": false}, {""version"": 681, ""max_seen_before"": 681, ""violation"": false}]}"
20260918T135902Z_ab0d4ba4,682,recovery,1789739989.825917,1789739989.8415253,15.301,0,15.301,pass,,read_secondary,"{""background_write_acknowledged"": true, ""reads"": [{""version"": 682, ""max_seen_before"": 681, ""violation"": false}, {""version"": 682, ""max_seen_before"": 682, ""violation"": false}]}"
20260918T135902Z_ab0d4ba4,683,recovery,1789739989.8415253,1789739989.8564987,15.065,0,15.065,pass,,read_secondary,"{""background_write_acknowledged"": true, ""reads"": [{""version"": 683, ""max_seen_before"": 682, ""violation"": false}, {""version"": 683, ""max_seen_before"": 683, ""violation"": false}]}"
20260918T135902Z_ab0d4ba4,684,recovery,1789739989.8564987,1789739989.8717668,15.113,0,15.113,pass,,read_secondary,"{""background_write_acknowledged"": true, ""reads"": [{""version"": 684, ""max_seen_before"": 683, ""violation"": false}, {""version"": 684, ""max_seen_before"": 684, ""violation"": false}]}"
20260918T135902Z_ab0d4ba4,685,recovery,1789739989.8717668,1789739989.8862536,14.32,0,14.32,pass,,read_secondary,"{""background_write_acknowledged"": true, ""reads"": [{""version"": 685, ""max_seen_before"": 684, ""violation"": false}, {""version"": 685, ""max_seen_before"": 685, ""violation"": false}]}"
20260918T135902Z_ab0d4ba4,686,recovery,1789739989.8862536,1789739989.9045482,18.129,0,18.129,pass,,read_secondary,"{""background_write_acknowledged"": true, ""reads"": [{""version"": 686, ""max_seen_before"": 685, ""violation"": false}, {""version"": 686, ""max_seen_before"": 686, ""violation"": false}]}"
20260918T135902Z_ab0d4ba4,687,recovery,1789739989.9045482,1789739989.9181926,13.795,0,13.795,pass,,read_secondary,"{""background_write_acknowledged"": true, ""reads"": [{""version"": 687, ""max_seen_before"": 686, ""violation"": false}, {""version"": 687, ""max_seen_before"": 687, ""violation"": false}]}"
20260918T135902Z_ab0d4ba4,688,recovery,1789739989.9188187,1789739989.9330914,14.733,0,14.733,pass,,read_secondary,"{""background_write_acknowledged"": true, ""reads"": [{""version"": 688, ""max_seen_before"": 687, ""violation"": false}, {""version"": 688, ""max_seen_before"": 688, ""violation"": false}]}"
20260918T135902Z_ab0d4ba4,689,recovery,1789739989.9337366,1789739989.947505,14.171,0,14.171,pass,,read_secondary,"{""background_write_acknowledged"": true, ""reads"": [{""version"": 689, ""max_seen_before"": 688, ""violation"": false}, {""version"": 689, ""max_seen_before"": 689, ""violation"": false}]}"
20260918T135902Z_ab0d4ba4,690,recovery,1789739989.9480612,1789739989.9632561,15.397,0,15.397,pass,,read_secondary,"{""background_write_acknowledged"": true, ""reads"": [{""version"": 690, ""max_seen_before"": 689, ""violation"": false}, {""version"": 690, ""max_seen_before"": 690, ""violation"": false}]}"
20260918T135902Z_ab0d4ba4,691,recovery,1789739989.9632561,1789739989.9779887,14.432,0,14.432,pass,,read_secondary,"{""background_write_acknowledged"": true, ""reads"": [{""version"": 691, ""max_seen_before"": 690, ""violation"": false}, {""version"": 691, ""max_seen_before"": 691, ""violation"": false}]}"
20260918T135902Z_ab0d4ba4,692,recovery,1789739989.9779887,1789739989.991823,13.662,0,13.662,pass,,read_secondary,"{""background_write_acknowledged"": true, ""reads"": [{""version"": 692, ""max_seen_before"": 691, ""violation"": false}, {""version"": 692, ""max_seen_before"": 692, ""violation"": false}]}"
20260918T135902Z_ab0d4ba4,693,recovery,1789739989.991823,1789739990.0069218,15.334,0,15.334,pass,,read_secondary,"{""background_write_acknowledged"": true, ""reads"": [{""version"": 693, ""max_seen_before"": 692, ""violation"": false}, {""version"": 693, ""max_seen_before"": 693, ""violation"": false}]}"
20260918T135902Z_ab0d4ba4,694,recovery,1789739990.0074852,1789739990.0212772,14.307,0,14.307,pass,,read_secondary,"{""background_write_acknowledged"": true, ""reads"": [{""version"": 694, ""max_seen_before"": 693, ""violation"": false}, {""version"": 694, ""max_seen_before"": 694, ""violation"": false}]}"
20260918T135902Z_ab0d4ba4,695,recovery,1789739990.0218863,1789739990.0351903,13.277,0,13.277,pass,,read_secondary,"{""background_write_acknowledged"": true, ""reads"": [{""version"": 695, ""max_seen_before"": 694, ""violation"": false}, {""version"": 695, ""max_seen_before"": 695, ""violation"": false}]}"
20260918T135902Z_ab0d4ba4,696,recovery,1789739990.0351903,1789739990.0493515,14.053,0,14.053,pass,,read_secondary,"{""background_write_acknowledged"": true, ""reads"": [{""version"": 696, ""max_seen_before"": 695, ""violation"": false}, {""version"": 696, ""max_seen_before"": 696, ""violation"": false}]}"
20260918T135902Z_ab0d4ba4,697,recovery,1789739990.0493515,1789739990.06278,13.797,0,13.797,pass,,read_secondary,"{""background_write_acknowledged"": true, ""reads"": [{""version"": 697, ""max_seen_before"": 696, ""violation"": false}, {""version"": 697, ""max_seen_before"": 697, ""violation"": false}]}"
20260918T135902Z_ab0d4ba4,698,recovery,1789739990.063333,1789739990.0765216,13.17,0,13.17,pass,,read_secondary,"{""background_write_acknowledged"": true, ""reads"": [{""version"": 698, ""max_seen_before"": 697, ""violation"": false}, {""version"": 698, ""max_seen_before"": 698, ""violation"": false}]}"
20260918T135902Z_ab0d4ba4,699,recovery,1789739990.0765216,1789739990.0897298,13.123,0,13.123,pass,,read_secondary,"{""background_write_acknowledged"": true, ""reads"": [{""version"": 699, ""max_seen_before"": 698, ""violation"": false}, {""version"": 699, ""max_seen_before"": 699, ""violation"": false}]}"
20260918T135902Z_ab0d4ba4,700,recovery,1789739990.0897298,1789739990.1024542,13.058,0,13.058,pass,,read_secondary,"{""background_write_acknowledged"": true, ""reads"": [{""version"": 700, ""max_seen_before"": 699, ""violation"": false}, {""version"": 700, ""max_seen_before"": 700, ""violation"": false}]}"
20260918T135902Z_ab0d4ba4,701,recovery,1789739990.108356,1789739990.123523,15.278,0,15.278,pass,,read_secondary,"{""background_write_acknowledged"": true, ""reads"": [{""version"": 701, ""max_seen_before"": 700, ""violation"": false}, {""version"": 701, ""max_seen_before"": 701, ""violation"": false}]}"
20260918T135902Z_ab0d4ba4,702,recovery,1789739990.124096,1789739990.1420727,18.304,0,18.304,pass,,read_secondary,"{""background_write_acknowledged"": true, ""reads"": [{""version"": 702, ""max_seen_before"": 701, ""violation"": false}, {""version"": 702, ""max_seen_before"": 702, ""violation"": false}]}"
20260918T135902Z_ab0d4ba4,703,recovery,1789739990.1420727,1789739990.1567974,14.207,0,14.207,pass,,read_secondary,"{""background_write_acknowledged"": true, ""reads"": [{""version"": 703, ""max_seen_before"": 702, ""violation"": false}, {""version"": 703, ""max_seen_before"": 703, ""violation"": false}]}"
20260918T135902Z_ab0d4ba4,704,recovery,1789739990.1567974,1789739990.1708534,14.282,0,14.282,pass,,read_secondary,"{""background_write_acknowledged"": true, ""reads"": [{""version"": 704, ""max_seen_before"": 703, ""violation"": false}, {""version"": 704, ""max_seen_before"": 704, ""violation"": false}]}"
20260918T135902Z_ab0d4ba4,705,recovery,1789739990.1708534,1789739990.1842248,13.406,0,13.406,pass,,read_secondary,"{""background_write_acknowledged"": true, ""reads"": [{""version"": 705, ""max_seen_before"": 704, ""violation"": false}, {""version"": 705, ""max_seen_before"": 705, ""violation"": false}]}"
20260918T135902Z_ab0d4ba4,706,recovery,1789739990.1848238,1789739990.198216,13.673,0,13.673,pass,,read_secondary,"{""background_write_acknowledged"": true, ""reads"": [{""version"": 706, ""max_seen_before"": 705, ""violation"": false}, {""version"": 706, ""max_seen_before"": 706, ""violation"": false}]}"
20260918T135902Z_ab0d4ba4,707,recovery,1789739990.198216,1789739990.2117043,13.44,0,13.44,pass,,read_secondary,"{""background_write_acknowledged"": true, ""reads"": [{""version"": 707, ""max_seen_before"": 706, ""violation"": false}, {""version"": 707, ""max_seen_before"": 707, ""violation"": false}]}"
20260918T135902Z_ab0d4ba4,708,recovery,1789739990.2117043,1789739990.224645,12.507,0,12.507,pass,,read_secondary,"{""background_write_acknowledged"": true, ""reads"": [{""version"": 708, ""max_seen_before"": 707, ""violation"": false}, {""version"": 708, ""max_seen_before"": 708, ""violation"": false}]}"
20260918T135902Z_ab0d4ba4,709,recovery,1789739990.224645,1789739990.2377956,13.538,0,13.538,pass,,read_secondary,"{""background_write_acknowledged"": true, ""reads"": [{""version"": 709, ""max_seen_before"": 708, ""violation"": false}, {""version"": 709, ""max_seen_before"": 709, ""violation"": false}]}"
20260918T135902Z_ab0d4ba4,710,recovery,1789739990.2384183,1789739990.2523286,14.353,0,14.353,pass,,read_secondary,"{""background_write_acknowledged"": true, ""reads"": [{""version"": 710, ""max_seen_before"": 709, ""violation"": false}, {""version"": 710, ""max_seen_before"": 710, ""violation"": false}]}"
20260918T135902Z_ab0d4ba4,711,recovery,1789739990.2529256,1789739990.2655854,12.747,0,12.747,pass,,read_secondary,"{""background_write_acknowledged"": true, ""reads"": [{""version"": 711, ""max_seen_before"": 710, ""violation"": false}, {""version"": 711, ""max_seen_before"": 711, ""violation"": false}]}"
20260918T135902Z_ab0d4ba4,712,recovery,1789739990.2655854,1789739990.2782958,12.81,0,12.81,pass,,read_secondary,"{""background_write_acknowledged"": true, ""reads"": [{""version"": 712, ""max_seen_before"": 711, ""violation"": false}, {""version"": 712, ""max_seen_before"": 712, ""violation"": false}]}"
20260918T135902Z_ab0d4ba4,713,recovery,1789739990.2782958,1789739990.2909513,12.581,0,12.581,pass,,read_secondary,"{""background_write_acknowledged"": true, ""reads"": [{""version"": 713, ""max_seen_before"": 712, ""violation"": false}, {""version"": 713, ""max_seen_before"": 713, ""violation"": false}]}"
20260918T135902Z_ab0d4ba4,714,recovery,1789739990.291541,1789739990.3052664,13.816,0,13.816,pass,,read_secondary,"{""background_write_acknowledged"": true, ""reads"": [{""version"": 714, ""max_seen_before"": 713, ""violation"": false}, {""version"": 714, ""max_seen_before"": 714, ""violation"": false}]}"
20260918T135902Z_ab0d4ba4,715,recovery,1789739990.3052664,1789739990.3195267,13.957,0,13.957,pass,,read_secondary,"{""background_write_acknowledged"": true, ""reads"": [{""version"": 715, ""max_seen_before"": 714, ""violation"": false}, {""version"": 715, ""max_seen_before"": 715, ""violation"": false}]}"
20260918T135902Z_ab0d4ba4,716,recovery,1789739990.3195267,1789739990.3331702,13.591,0,13.591,pass,,read_secondary,"{""background_write_acknowledged"": true, ""reads"": [{""version"": 716, ""max_seen_before"": 715, ""violation"": false}, {""version"": 716, ""max_seen_before"": 716, ""violation"": false}]}"
20260918T135902Z_ab0d4ba4,717,recovery,1789739990.3331702,1789739990.3461401,13.317,0,13.317,pass,,read_secondary,"{""background_write_acknowledged"": true, ""reads"": [{""version"": 717, ""max_seen_before"": 716, ""violation"": false}, {""version"": 717, ""max_seen_before"": 717, ""violation"": false}]}"
20260918T135902Z_ab0d4ba4,718,recovery,1789739990.3468182,1789739990.3634236,16.78,0,16.78,pass,,read_secondary,"{""background_write_acknowledged"": true, ""reads"": [{""version"": 718, ""max_seen_before"": 717, ""violation"": false}, {""version"": 718, ""max_seen_before"": 718, ""violation"": false}]}"
20260918T135902Z_ab0d4ba4,719,recovery,1789739990.3634236,1789739990.3775764,13.915,0,13.915,pass,,read_secondary,"{""background_write_acknowledged"": true, ""reads"": [{""version"": 719, ""max_seen_before"": 718, ""violation"": false}, {""version"": 719, ""max_seen_before"": 719, ""violation"": false}]}"
20260918T135902Z_ab0d4ba4,720,recovery,1789739990.3775764,1789739990.3904743,13.135,0,13.135,pass,,read_secondary,"{""background_write_acknowledged"": true, ""reads"": [{""version"": 720, ""max_seen_before"": 719, ""violation"": false}, {""version"": 720, ""max_seen_before"": 720, ""violation"": false}]}"
20260918T135902Z_ab0d4ba4,721,recovery,1789739990.3904743,1789739990.4041216,13.241,0,13.241,pass,,read_secondary,"{""background_write_acknowledged"": true, ""reads"": [{""version"": 721, ""max_seen_before"": 720, ""violation"": false}, {""version"": 721, ""max_seen_before"": 721, ""violation"": false}]}"
20260918T135902Z_ab0d4ba4,722,recovery,1789739990.4041216,1789739990.4177923,13.639,0,13.639,pass,,read_secondary,"{""background_write_acknowledged"": true, ""reads"": [{""version"": 722, ""max_seen_before"": 721, ""violation"": false}, {""version"": 722, ""max_seen_before"": 722, ""violation"": false}]}"
20260918T135902Z_ab0d4ba4,723,recovery,1789739990.4177923,1789739990.4316065,13.816,0,13.816,pass,,read_secondary,"{""background_write_acknowledged"": true, ""reads"": [{""version"": 723, ""max_seen_before"": 722, ""violation"": false}, {""version"": 723, ""max_seen_before"": 723, ""violation"": false}]}"
20260918T135902Z_ab0d4ba4,724,recovery,1789739990.4316065,1789739990.4449823,13.116,0,13.116,pass,,read_secondary,"{""background_write_acknowledged"": true, ""reads"": [{""version"": 724, ""max_seen_before"": 723, ""violation"": false}, {""version"": 724, ""max_seen_before"": 724, ""violation"": false}]}"
20260918T135902Z_ab0d4ba4,725,recovery,1789739990.4449823,1789739990.4592726,14.083,0,14.083,pass,,read_secondary,"{""background_write_acknowledged"": true, ""reads"": [{""version"": 725, ""max_seen_before"": 724, ""violation"": false}, {""version"": 725, ""max_seen_before"": 725, ""violation"": false}]}"
20260918T135902Z_ab0d4ba4,726,recovery,1789739990.4592726,1789739990.4722087,12.965,0,12.965,pass,,read_secondary,"{""background_write_acknowledged"": true, ""reads"": [{""version"": 726, ""max_seen_before"": 725, ""violation"": false}, {""version"": 726, ""max_seen_before"": 726, ""violation"": false}]}"
20260918T135902Z_ab0d4ba4,727,recovery,1789739990.4722087,1789739990.485617,13.378,0,13.378,pass,,read_secondary,"{""background_write_acknowledged"": true, ""reads"": [{""version"": 727, ""max_seen_before"": 726, ""violation"": false}, {""version"": 727, ""max_seen_before"": 727, ""violation"": false}]}"
20260918T135902Z_ab0d4ba4,728,recovery,1789739990.485617,1789739990.4993951,13.461,0,13.461,pass,,read_secondary,"{""background_write_acknowledged"": true, ""reads"": [{""version"": 728, ""max_seen_before"": 727, ""violation"": false}, {""version"": 728, ""max_seen_before"": 728, ""violation"": false}]}"
20260918T135902Z_ab0d4ba4,729,recovery,1789739990.4993951,1789739990.5127406,13.59,0,13.59,pass,,read_secondary,"{""background_write_acknowledged"": true, ""reads"": [{""version"": 729, ""max_seen_before"": 728, ""violation"": false}, {""version"": 729, ""max_seen_before"": 729, ""violation"": false}]}"
20260918T135902Z_ab0d4ba4,730,recovery,1789739990.5132518,1789739990.5258057,12.55,0,12.55,pass,,read_secondary,"{""background_write_acknowledged"": true, ""reads"": [{""version"": 730, ""max_seen_before"": 729, ""violation"": false}, {""version"": 730, ""max_seen_before"": 730, ""violation"": false}]}"
20260918T135902Z_ab0d4ba4,731,recovery,1789739990.5258057,1789739990.5389886,13.458,0,13.458,pass,,read_secondary,"{""background_write_acknowledged"": true, ""reads"": [{""version"": 731, ""max_seen_before"": 730, ""violation"": false}, {""version"": 731, ""max_seen_before"": 731, ""violation"": false}]}"
20260918T135902Z_ab0d4ba4,732,recovery,1789739990.5395412,1789739990.5531309,13.53,0,13.53,pass,,read_secondary,"{""background_write_acknowledged"": true, ""reads"": [{""version"": 732, ""max_seen_before"": 731, ""violation"": false}, {""version"": 732, ""max_seen_before"": 732, ""violation"": false}]}"
20260918T135902Z_ab0d4ba4,733,recovery,1789739990.5531309,1789739990.5667567,13.549,0,13.549,pass,,read_secondary,"{""background_write_acknowledged"": true, ""reads"": [{""version"": 733, ""max_seen_before"": 732, ""violation"": false}, {""version"": 733, ""max_seen_before"": 733, ""violation"": false}]}"
20260918T135902Z_ab0d4ba4,734,recovery,1789739990.5667567,1789739990.583666,16.765,0,16.765,pass,,read_secondary,"{""background_write_acknowledged"": true, ""reads"": [{""version"": 734, ""max_seen_before"": 733, ""violation"": false}, {""version"": 734, ""max_seen_before"": 734, ""violation"": false}]}"
20260918T135902Z_ab0d4ba4,735,recovery,1789739990.583666,1789739990.5975747,13.776,0,13.776,pass,,read_secondary,"{""background_write_acknowledged"": true, ""reads"": [{""version"": 735, ""max_seen_before"": 734, ""violation"": false}, {""version"": 735, ""max_seen_before"": 735, ""violation"": false}]}"
20260918T135902Z_ab0d4ba4,736,recovery,1789739990.5975747,1789739990.6127422,15.016,0,15.016,pass,,read_secondary,"{""background_write_acknowledged"": true, ""reads"": [{""version"": 736, ""max_seen_before"": 735, ""violation"": false}, {""version"": 736, ""max_seen_before"": 736, ""violation"": false}]}"
20260918T135902Z_ab0d4ba4,737,recovery,1789739990.6127422,1789739990.6252148,12.834,0,12.834,pass,,read_secondary,"{""background_write_acknowledged"": true, ""reads"": [{""version"": 737, ""max_seen_before"": 736, ""violation"": false}, {""version"": 737, ""max_seen_before"": 737, ""violation"": false}]}"
20260918T135902Z_ab0d4ba4,738,recovery,1789739990.6252148,1789739990.6391547,13.612,0,13.612,pass,,read_secondary,"{""background_write_acknowledged"": true, ""reads"": [{""version"": 738, ""max_seen_before"": 737, ""violation"": false}, {""version"": 738, ""max_seen_before"": 738, ""violation"": false}]}"
20260918T135902Z_ab0d4ba4,739,recovery,1789739990.6391547,1789739990.6524189,13.063,0,13.063,pass,,read_secondary,"{""background_write_acknowledged"": true, ""reads"": [{""version"": 739, ""max_seen_before"": 738, ""violation"": false}, {""version"": 739, ""max_seen_before"": 739, ""violation"": false}]}"
20260918T135902Z_ab0d4ba4,740,recovery,1789739990.6524189,1789739990.666146,13.486,0,13.486,pass,,read_secondary,"{""background_write_acknowledged"": true, ""reads"": [{""version"": 740, ""max_seen_before"": 739, ""violation"": false}, {""version"": 740, ""max_seen_before"": 740, ""violation"": false}]}"
20260918T135902Z_ab0d4ba4,741,recovery,1789739990.666146,1789739990.6796253,13.333,0,13.333,pass,,read_secondary,"{""background_write_acknowledged"": true, ""reads"": [{""version"": 741, ""max_seen_before"": 740, ""violation"": false}, {""version"": 741, ""max_seen_before"": 741, ""violation"": false}]}"
20260918T135902Z_ab0d4ba4,742,recovery,1789739990.6796253,1789739990.692412,12.633,0,12.633,pass,,read_secondary,"{""background_write_acknowledged"": true, ""reads"": [{""version"": 742, ""max_seen_before"": 741, ""violation"": false}, {""version"": 742, ""max_seen_before"": 742, ""violation"": false}]}"
20260918T135902Z_ab0d4ba4,743,recovery,1789739990.692412,1789739990.706299,13.806,0,13.806,pass,,read_secondary,"{""background_write_acknowledged"": true, ""reads"": [{""version"": 743, ""max_seen_before"": 742, ""violation"": false}, {""version"": 743, ""max_seen_before"": 743, ""violation"": false}]}"
20260918T135902Z_ab0d4ba4,744,recovery,1789739990.706299,1789739990.7197766,13.481,0,13.481,pass,,read_secondary,"{""background_write_acknowledged"": true, ""reads"": [{""version"": 744, ""max_seen_before"": 743, ""violation"": false}, {""version"": 744, ""max_seen_before"": 744, ""violation"": false}]}"
20260918T135902Z_ab0d4ba4,745,recovery,1789739990.7197766,1789739990.7334762,13.755,0,13.755,pass,,read_secondary,"{""background_write_acknowledged"": true, ""reads"": [{""version"": 745, ""max_seen_before"": 744, ""violation"": false}, {""version"": 745, ""max_seen_before"": 745, ""violation"": false}]}"
20260918T135902Z_ab0d4ba4,746,recovery,1789739990.7334762,1789739990.7473695,13.419,0,13.419,pass,,read_secondary,"{""background_write_acknowledged"": true, ""reads"": [{""version"": 746, ""max_seen_before"": 745, ""violation"": false}, {""version"": 746, ""max_seen_before"": 746, ""violation"": false}]}"
20260918T135902Z_ab0d4ba4,747,recovery,1789739990.7473695,1789739990.7619805,14.612,0,14.612,pass,,read_secondary,"{""background_write_acknowledged"": true, ""reads"": [{""version"": 747, ""max_seen_before"": 746, ""violation"": false}, {""version"": 747, ""max_seen_before"": 747, ""violation"": false}]}"
20260918T135902Z_ab0d4ba4,748,recovery,1789739990.7619805,1789739990.7757666,13.828,0,13.828,pass,,read_secondary,"{""background_write_acknowledged"": true, ""reads"": [{""version"": 748, ""max_seen_before"": 747, ""violation"": false}, {""version"": 748, ""max_seen_before"": 748, ""violation"": false}]}"
20260918T135902Z_ab0d4ba4,749,recovery,1789739990.7757666,1789739990.788719,12.705,0,12.705,pass,,read_secondary,"{""background_write_acknowledged"": true, ""reads"": [{""version"": 749, ""max_seen_before"": 748, ""violation"": false}, {""version"": 749, ""max_seen_before"": 749, ""violation"": false}]}"
20260918T135902Z_ab0d4ba4,750,recovery,1789739990.7890987,1789739990.803908,14.873,0,14.873,pass,,read_secondary,"{""background_write_acknowledged"": true, ""reads"": [{""version"": 750, ""max_seen_before"": 749, ""violation"": false}, {""version"": 750, ""max_seen_before"": 750, ""violation"": false}]}"
20260918T135902Z_ab0d4ba4,751,recovery,1789739990.803908,1789739990.8173234,13.501,0,13.501,pass,,read_secondary,"{""background_write_acknowledged"": true, ""reads"": [{""version"": 751, ""max_seen_before"": 750, ""violation"": false}, {""version"": 751, ""max_seen_before"": 751, ""violation"": false}]}"
20260918T135902Z_ab0d4ba4,752,recovery,1789739990.8176284,1789739990.83107,13.431,0,13.431,pass,,read_secondary,"{""background_write_acknowledged"": true, ""reads"": [{""version"": 752, ""max_seen_before"": 751, ""violation"": false}, {""version"": 752, ""max_seen_before"": 752, ""violation"": false}]}"
20260918T135902Z_ab0d4ba4,753,recovery,1789739990.83107,1789739990.8440773,13.332,0,13.332,pass,,read_secondary,"{""background_write_acknowledged"": true, ""reads"": [{""version"": 753, ""max_seen_before"": 752, ""violation"": false}, {""version"": 753, ""max_seen_before"": 753, ""violation"": false}]}"
20260918T135902Z_ab0d4ba4,754,recovery,1789739990.8446283,1789739990.8576384,13.414,0,13.414,pass,,read_secondary,"{""background_write_acknowledged"": true, ""reads"": [{""version"": 754, ""max_seen_before"": 753, ""violation"": false}, {""version"": 754, ""max_seen_before"": 754, ""violation"": false}]}"
20260918T135902Z_ab0d4ba4,755,recovery,1789739990.8582468,1789739990.8708775,12.775,0,12.775,pass,,read_secondary,"{""background_write_acknowledged"": true, ""reads"": [{""version"": 755, ""max_seen_before"": 754, ""violation"": false}, {""version"": 755, ""max_seen_before"": 755, ""violation"": false}]}"
20260918T135902Z_ab0d4ba4,756,recovery,1789739990.8708775,1789739990.884677,13.745,0,13.745,pass,,read_secondary,"{""background_write_acknowledged"": true, ""reads"": [{""version"": 756, ""max_seen_before"": 755, ""violation"": false}, {""version"": 756, ""max_seen_before"": 756, ""violation"": false}]}"
20260918T135902Z_ab0d4ba4,757,recovery,1789739990.884677,1789739990.8999946,15.026,0,15.026,pass,,read_secondary,"{""background_write_acknowledged"": true, ""reads"": [{""version"": 757, ""max_seen_before"": 756, ""violation"": false}, {""version"": 757, ""max_seen_before"": 757, ""violation"": false}]}"
20260918T135902Z_ab0d4ba4,758,recovery,1789739990.8999946,1789739990.9136074,13.511,0,13.511,pass,,read_secondary,"{""background_write_acknowledged"": true, ""reads"": [{""version"": 758, ""max_seen_before"": 757, ""violation"": false}, {""version"": 758, ""max_seen_before"": 758, ""violation"": false}]}"
20260918T135902Z_ab0d4ba4,759,recovery,1789739990.9136074,1789739990.9272847,13.781,0,13.781,pass,,read_secondary,"{""background_write_acknowledged"": true, ""reads"": [{""version"": 759, ""max_seen_before"": 758, ""violation"": false}, {""version"": 759, ""max_seen_before"": 759, ""violation"": false}]}"
20260918T135902Z_ab0d4ba4,760,recovery,1789739990.9272847,1789739990.9410207,13.399,0,13.399,pass,,read_secondary,"{""background_write_acknowledged"": true, ""reads"": [{""version"": 760, ""max_seen_before"": 759, ""violation"": false}, {""version"": 760, ""max_seen_before"": 760, ""violation"": false}]}"
20260918T135902Z_ab0d4ba4,761,recovery,1789739990.9410207,1789739990.9542747,13.181,0,13.181,pass,,read_secondary,"{""background_write_acknowledged"": true, ""reads"": [{""version"": 761, ""max_seen_before"": 760, ""violation"": false}, {""version"": 761, ""max_seen_before"": 761, ""violation"": false}]}"
20260918T135902Z_ab0d4ba4,762,recovery,1789739990.9542747,1789739990.9667864,12.758,0,12.758,pass,,read_secondary,"{""background_write_acknowledged"": true, ""reads"": [{""version"": 762, ""max_seen_before"": 761, ""violation"": false}, {""version"": 762, ""max_seen_before"": 762, ""violation"": false}]}"
20260918T135902Z_ab0d4ba4,763,recovery,1789739990.9673111,1789739990.9804983,13.633,0,13.633,pass,,read_secondary,"{""background_write_acknowledged"": true, ""reads"": [{""version"": 763, ""max_seen_before"": 762, ""violation"": false}, {""version"": 763, ""max_seen_before"": 763, ""violation"": false}]}"
20260918T135902Z_ab0d4ba4,764,recovery,1789739990.9804983,1789739990.9936678,12.95,0,12.95,pass,,read_secondary,"{""background_write_acknowledged"": true, ""reads"": [{""version"": 764, ""max_seen_before"": 763, ""violation"": false}, {""version"": 764, ""max_seen_before"": 764, ""violation"": false}]}"
20260918T135902Z_ab0d4ba4,765,recovery,1789739990.9936678,1789739991.0075462,13.566,0,13.566,pass,,read_secondary,"{""background_write_acknowledged"": true, ""reads"": [{""version"": 765, ""max_seen_before"": 764, ""violation"": false}, {""version"": 765, ""max_seen_before"": 765, ""violation"": false}]}"
20260918T135902Z_ab0d4ba4,766,recovery,1789739991.0075462,1789739991.022962,15.235,0,15.235,pass,,read_secondary,"{""background_write_acknowledged"": true, ""reads"": [{""version"": 766, ""max_seen_before"": 765, ""violation"": false}, {""version"": 766, ""max_seen_before"": 766, ""violation"": false}]}"
20260918T135902Z_ab0d4ba4,767,recovery,1789739991.022962,1789739991.0366726,13.651,0,13.651,pass,,read_secondary,"{""background_write_acknowledged"": true, ""reads"": [{""version"": 767, ""max_seen_before"": 766, ""violation"": false}, {""version"": 767, ""max_seen_before"": 767, ""violation"": false}]}"
20260918T135902Z_ab0d4ba4,768,recovery,1789739991.0366726,1789739991.0501692,13.615,0,13.615,pass,,read_secondary,"{""background_write_acknowledged"": true, ""reads"": [{""version"": 768, ""max_seen_before"": 767, ""violation"": false}, {""version"": 768, ""max_seen_before"": 768, ""violation"": false}]}"
20260918T135902Z_ab0d4ba4,769,recovery,1789739991.0501692,1789739991.0638769,14.048,0,14.048,pass,,read_secondary,"{""background_write_acknowledged"": true, ""reads"": [{""version"": 769, ""max_seen_before"": 768, ""violation"": false}, {""version"": 769, ""max_seen_before"": 769, ""violation"": false}]}"
20260918T135902Z_ab0d4ba4,770,recovery,1789739991.0647304,1789739991.0787497,14.053,0,14.053,pass,,read_secondary,"{""background_write_acknowledged"": true, ""reads"": [{""version"": 770, ""max_seen_before"": 769, ""violation"": false}, {""version"": 770, ""max_seen_before"": 770, ""violation"": false}]}"
20260918T135902Z_ab0d4ba4,771,recovery,1789739991.0787497,1789739991.0921123,13.343,0,13.343,pass,,read_secondary,"{""background_write_acknowledged"": true, ""reads"": [{""version"": 771, ""max_seen_before"": 770, ""violation"": false}, {""version"": 771, ""max_seen_before"": 771, ""violation"": false}]}"
20260918T135902Z_ab0d4ba4,772,recovery,1789739991.0924127,1789739991.1060534,14.161,0,14.161,pass,,read_secondary,"{""background_write_acknowledged"": true, ""reads"": [{""version"": 772, ""max_seen_before"": 771, ""violation"": false}, {""version"": 772, ""max_seen_before"": 772, ""violation"": false}]}"
20260918T135902Z_ab0d4ba4,773,recovery,1789739991.1066678,1789739991.1198258,13.671,0,13.671,pass,,read_secondary,"{""background_write_acknowledged"": true, ""reads"": [{""version"": 773, ""max_seen_before"": 772, ""violation"": false}, {""version"": 773, ""max_seen_before"": 773, ""violation"": false}]}"
20260918T135902Z_ab0d4ba4,774,recovery,1789739991.1204226,1789739991.1338282,13.491,0,13.491,pass,,read_secondary,"{""background_write_acknowledged"": true, ""reads"": [{""version"": 774, ""max_seen_before"": 773, ""violation"": false}, {""version"": 774, ""max_seen_before"": 774, ""violation"": false}]}"
20260918T135902Z_ab0d4ba4,775,recovery,1789739991.1341484,1789739991.147478,13.545,0,13.545,pass,,read_secondary,"{""background_write_acknowledged"": true, ""reads"": [{""version"": 775, ""max_seen_before"": 774, ""violation"": false}, {""version"": 775, ""max_seen_before"": 775, ""violation"": false}]}"
20260918T135902Z_ab0d4ba4,776,recovery,1789739991.147478,1789739991.1620865,14.267,0,14.267,pass,,read_secondary,"{""background_write_acknowledged"": true, ""reads"": [{""version"": 776, ""max_seen_before"": 775, ""violation"": false}, {""version"": 776, ""max_seen_before"": 776, ""violation"": false}]}"
20260918T135902Z_ab0d4ba4,777,recovery,1789739991.1620865,1789739991.1756828,13.68,0,13.68,pass,,read_secondary,"{""background_write_acknowledged"": true, ""reads"": [{""version"": 777, ""max_seen_before"": 776, ""violation"": false}, {""version"": 777, ""max_seen_before"": 777, ""violation"": false}]}"
20260918T135902Z_ab0d4ba4,778,recovery,1789739991.1756828,1789739991.1888506,13.153,0,13.153,pass,,read_secondary,"{""background_write_acknowledged"": true, ""reads"": [{""version"": 778, ""max_seen_before"": 777, ""violation"": false}, {""version"": 778, ""max_seen_before"": 778, ""violation"": false}]}"
20260918T135902Z_ab0d4ba4,779,recovery,1789739991.1888506,1789739991.2034683,14.311,0,14.311,pass,,read_secondary,"{""background_write_acknowledged"": true, ""reads"": [{""version"": 779, ""max_seen_before"": 778, ""violation"": false}, {""version"": 779, ""max_seen_before"": 779, ""violation"": false}]}"
20260918T135902Z_ab0d4ba4,780,recovery,1789739991.2034683,1789739991.2169497,13.443,0,13.443,pass,,read_secondary,"{""background_write_acknowledged"": true, ""reads"": [{""version"": 780, ""max_seen_before"": 779, ""violation"": false}, {""version"": 780, ""max_seen_before"": 780, ""violation"": false}]}"
20260918T135902Z_ab0d4ba4,781,recovery,1789739991.2169497,1789739991.2307055,13.855,0,13.855,pass,,read_secondary,"{""background_write_acknowledged"": true, ""reads"": [{""version"": 781, ""max_seen_before"": 780, ""violation"": false}, {""version"": 781, ""max_seen_before"": 781, ""violation"": false}]}"
20260918T135902Z_ab0d4ba4,782,recovery,1789739991.2307055,1789739991.2466292,15.4,0,15.4,pass,,read_secondary,"{""background_write_acknowledged"": true, ""reads"": [{""version"": 782, ""max_seen_before"": 781, ""violation"": false}, {""version"": 782, ""max_seen_before"": 782, ""violation"": false}]}"
20260918T135902Z_ab0d4ba4,783,recovery,1789739991.2466292,1789739991.260267,13.649,0,13.649,pass,,read_secondary,"{""background_write_acknowledged"": true, ""reads"": [{""version"": 783, ""max_seen_before"": 782, ""violation"": false}, {""version"": 783, ""max_seen_before"": 783, ""violation"": false}]}"
20260918T135902Z_ab0d4ba4,784,recovery,1789739991.260267,1789739991.2736495,13.563,0,13.563,pass,,read_secondary,"{""background_write_acknowledged"": true, ""reads"": [{""version"": 784, ""max_seen_before"": 783, ""violation"": false}, {""version"": 784, ""max_seen_before"": 784, ""violation"": false}]}"
20260918T135902Z_ab0d4ba4,785,recovery,1789739991.2742546,1789739991.2885642,14.319,0,14.319,pass,,read_secondary,"{""background_write_acknowledged"": true, ""reads"": [{""version"": 785, ""max_seen_before"": 784, ""violation"": false}, {""version"": 785, ""max_seen_before"": 785, ""violation"": false}]}"
20260918T135902Z_ab0d4ba4,786,recovery,1789739991.2885642,1789739991.3015084,13.059,0,13.059,pass,,read_secondary,"{""background_write_acknowledged"": true, ""reads"": [{""version"": 786, ""max_seen_before"": 785, ""violation"": false}, {""version"": 786, ""max_seen_before"": 786, ""violation"": false}]}"
20260918T135902Z_ab0d4ba4,787,recovery,1789739991.3015084,1789739991.3150394,13.376,0,13.376,pass,,read_secondary,"{""background_write_acknowledged"": true, ""reads"": [{""version"": 787, ""max_seen_before"": 786, ""violation"": false}, {""version"": 787, ""max_seen_before"": 787, ""violation"": false}]}"
20260918T135902Z_ab0d4ba4,788,recovery,1789739991.3150394,1789739991.3286057,13.279,0,13.279,pass,,read_secondary,"{""background_write_acknowledged"": true, ""reads"": [{""version"": 788, ""max_seen_before"": 787, ""violation"": false}, {""version"": 788, ""max_seen_before"": 788, ""violation"": false}]}"
20260918T135902Z_ab0d4ba4,789,recovery,1789739991.3286057,1789739991.343162,14.946,0,14.946,pass,,read_secondary,"{""background_write_acknowledged"": true, ""reads"": [{""version"": 789, ""max_seen_before"": 788, ""violation"": false}, {""version"": 789, ""max_seen_before"": 789, ""violation"": false}]}"
20260918T135902Z_ab0d4ba4,790,recovery,1789739991.343162,1789739991.3566341,13.283,0,13.283,pass,,read_secondary,"{""background_write_acknowledged"": true, ""reads"": [{""version"": 790, ""max_seen_before"": 789, ""violation"": false}, {""version"": 790, ""max_seen_before"": 790, ""violation"": false}]}"
20260918T135902Z_ab0d4ba4,791,recovery,1789739991.3566341,1789739991.3703704,13.2,0,13.2,pass,,read_secondary,"{""background_write_acknowledged"": true, ""reads"": [{""version"": 791, ""max_seen_before"": 790, ""violation"": false}, {""version"": 791, ""max_seen_before"": 791, ""violation"": false}]}"
20260918T135902Z_ab0d4ba4,792,recovery,1789739991.3703704,1789739991.3844104,14.367,0,14.367,pass,,read_secondary,"{""background_write_acknowledged"": true, ""reads"": [{""version"": 792, ""max_seen_before"": 791, ""violation"": false}, {""version"": 792, ""max_seen_before"": 792, ""violation"": false}]}"
20260918T135902Z_ab0d4ba4,793,recovery,1789739991.3844104,1789739991.3983285,13.698,0,13.698,pass,,read_secondary,"{""background_write_acknowledged"": true, ""reads"": [{""version"": 793, ""max_seen_before"": 792, ""violation"": false}, {""version"": 793, ""max_seen_before"": 793, ""violation"": false}]}"
20260918T135902Z_ab0d4ba4,794,recovery,1789739991.3983285,1789739991.4125319,13.747,0,13.747,pass,,read_secondary,"{""background_write_acknowledged"": true, ""reads"": [{""version"": 794, ""max_seen_before"": 793, ""violation"": false}, {""version"": 794, ""max_seen_before"": 794, ""violation"": false}]}"
20260918T135902Z_ab0d4ba4,795,recovery,1789739991.4125319,1789739991.4254177,12.965,0,12.965,pass,,read_secondary,"{""background_write_acknowledged"": true, ""reads"": [{""version"": 795, ""max_seen_before"": 794, ""violation"": false}, {""version"": 795, ""max_seen_before"": 795, ""violation"": false}]}"
20260918T135902Z_ab0d4ba4,796,recovery,1789739991.4254177,1789739991.4399376,14.367,0,14.367,pass,,read_secondary,"{""background_write_acknowledged"": true, ""reads"": [{""version"": 796, ""max_seen_before"": 795, ""violation"": false}, {""version"": 796, ""max_seen_before"": 796, ""violation"": false}]}"
20260918T135902Z_ab0d4ba4,797,recovery,1789739991.4399376,1789739991.4552667,15.09,0,15.09,pass,,read_secondary,"{""background_write_acknowledged"": true, ""reads"": [{""version"": 797, ""max_seen_before"": 796, ""violation"": false}, {""version"": 797, ""max_seen_before"": 797, ""violation"": false}]}"
20260918T135902Z_ab0d4ba4,798,recovery,1789739991.4552667,1789739991.4707923,15.778,0,15.778,pass,,read_secondary,"{""background_write_acknowledged"": true, ""reads"": [{""version"": 798, ""max_seen_before"": 797, ""violation"": false}, {""version"": 798, ""max_seen_before"": 798, ""violation"": false}]}"
20260918T135902Z_ab0d4ba4,799,recovery,1789739991.4707923,1789739991.4847405,13.671,0,13.671,pass,,read_secondary,"{""background_write_acknowledged"": true, ""reads"": [{""version"": 799, ""max_seen_before"": 798, ""violation"": false}, {""version"": 799, ""max_seen_before"": 799, ""violation"": false}]}"
20260918T135902Z_ab0d4ba4,800,recovery,1789739991.4847405,1789739991.5020113,17.342,0,17.342,pass,,read_secondary,"{""background_write_acknowledged"": true, ""reads"": [{""version"": 800, ""max_seen_before"": 799, ""violation"": false}, {""version"": 800, ""max_seen_before"": 800, ""violation"": false}]}"
20260918T135902Z_ab0d4ba4,801,recovery,1789739991.50943,1789739991.5255756,16.426,0,16.426,pass,,read_secondary,"{""background_write_acknowledged"": true, ""reads"": [{""version"": 801, ""max_seen_before"": 800, ""violation"": false}, {""version"": 801, ""max_seen_before"": 801, ""violation"": false}]}"
20260918T135902Z_ab0d4ba4,802,recovery,1789739991.5255756,1789739991.5416589,16.018,0,16.018,pass,,read_secondary,"{""background_write_acknowledged"": true, ""reads"": [{""version"": 802, ""max_seen_before"": 801, ""violation"": false}, {""version"": 802, ""max_seen_before"": 802, ""violation"": false}]}"
20260918T135902Z_ab0d4ba4,803,recovery,1789739991.5416589,1789739991.5579782,15.962,0,15.962,pass,,read_secondary,"{""background_write_acknowledged"": true, ""reads"": [{""version"": 803, ""max_seen_before"": 802, ""violation"": false}, {""version"": 803, ""max_seen_before"": 803, ""violation"": false}]}"
20260918T135902Z_ab0d4ba4,804,recovery,1789739991.5579782,1789739991.5725925,14.603,0,14.603,pass,,read_secondary,"{""background_write_acknowledged"": true, ""reads"": [{""version"": 804, ""max_seen_before"": 803, ""violation"": false}, {""version"": 804, ""max_seen_before"": 804, ""violation"": false}]}"
20260918T135902Z_ab0d4ba4,805,recovery,1789739991.5725925,1789739991.5886235,15.612,0,15.612,pass,,read_secondary,"{""background_write_acknowledged"": true, ""reads"": [{""version"": 805, ""max_seen_before"": 804, ""violation"": false}, {""version"": 805, ""max_seen_before"": 805, ""violation"": false}]}"
20260918T135902Z_ab0d4ba4,806,recovery,1789739991.5886235,1789739991.6030152,14.343,0,14.343,pass,,read_secondary,"{""background_write_acknowledged"": true, ""reads"": [{""version"": 806, ""max_seen_before"": 805, ""violation"": false}, {""version"": 806, ""max_seen_before"": 806, ""violation"": false}]}"
20260918T135902Z_ab0d4ba4,807,recovery,1789739991.6030152,1789739991.6183507,15.217,0,15.217,pass,,read_secondary,"{""background_write_acknowledged"": true, ""reads"": [{""version"": 807, ""max_seen_before"": 806, ""violation"": false}, {""version"": 807, ""max_seen_before"": 807, ""violation"": false}]}"
20260918T135902Z_ab0d4ba4,808,recovery,1789739991.6183507,1789739991.6339571,15.669,0,15.669,pass,,read_secondary,"{""background_write_acknowledged"": true, ""reads"": [{""version"": 808, ""max_seen_before"": 807, ""violation"": false}, {""version"": 808, ""max_seen_before"": 808, ""violation"": false}]}"
20260918T135902Z_ab0d4ba4,809,recovery,1789739991.6339571,1789739991.6489441,14.803,0,14.803,pass,,read_secondary,"{""background_write_acknowledged"": true, ""reads"": [{""version"": 809, ""max_seen_before"": 808, ""violation"": false}, {""version"": 809, ""max_seen_before"": 809, ""violation"": false}]}"
20260918T135902Z_ab0d4ba4,810,recovery,1789739991.6489441,1789739991.6658747,16.512,0,16.512,pass,,read_secondary,"{""background_write_acknowledged"": true, ""reads"": [{""version"": 810, ""max_seen_before"": 809, ""violation"": false}, {""version"": 810, ""max_seen_before"": 810, ""violation"": false}]}"
20260918T135902Z_ab0d4ba4,811,recovery,1789739991.6658747,1789739991.6814184,15.825,0,15.825,pass,,read_secondary,"{""background_write_acknowledged"": true, ""reads"": [{""version"": 811, ""max_seen_before"": 810, ""violation"": false}, {""version"": 811, ""max_seen_before"": 811, ""violation"": false}]}"
20260918T135902Z_ab0d4ba4,812,recovery,1789739991.6814184,1789739991.6973565,15.594,0,15.594,pass,,read_secondary,"{""background_write_acknowledged"": true, ""reads"": [{""version"": 812, ""max_seen_before"": 811, ""violation"": false}, {""version"": 812, ""max_seen_before"": 812, ""violation"": false}]}"
20260918T135902Z_ab0d4ba4,813,recovery,1789739991.6973565,1789739991.713242,15.567,0,15.567,pass,,read_secondary,"{""background_write_acknowledged"": true, ""reads"": [{""version"": 813, ""max_seen_before"": 812, ""violation"": false}, {""version"": 813, ""max_seen_before"": 813, ""violation"": false}]}"
20260918T135902Z_ab0d4ba4,814,recovery,1789739991.713242,1789739991.7311409,17.891,0,17.891,pass,,read_secondary,"{""background_write_acknowledged"": true, ""reads"": [{""version"": 814, ""max_seen_before"": 813, ""violation"": false}, {""version"": 814, ""max_seen_before"": 814, ""violation"": false}]}"
20260918T135902Z_ab0d4ba4,815,recovery,1789739991.7311409,1789739991.7468696,15.508,0,15.508,pass,,read_secondary,"{""background_write_acknowledged"": true, ""reads"": [{""version"": 815, ""max_seen_before"": 814, ""violation"": false}, {""version"": 815, ""max_seen_before"": 815, ""violation"": false}]}"
20260918T135902Z_ab0d4ba4,816,recovery,1789739991.7468696,1789739991.7624133,15.389,0,15.389,pass,,read_secondary,"{""background_write_acknowledged"": true, ""reads"": [{""version"": 816, ""max_seen_before"": 815, ""violation"": false}, {""version"": 816, ""max_seen_before"": 816, ""violation"": false}]}"
20260918T135902Z_ab0d4ba4,817,recovery,1789739991.7624133,1789739991.7780452,15.865,0,15.865,pass,,read_secondary,"{""background_write_acknowledged"": true, ""reads"": [{""version"": 817, ""max_seen_before"": 816, ""violation"": false}, {""version"": 817, ""max_seen_before"": 817, ""violation"": false}]}"
20260918T135902Z_ab0d4ba4,818,recovery,1789739991.7780452,1789739991.7927089,14.294,0,14.294,pass,,read_secondary,"{""background_write_acknowledged"": true, ""reads"": [{""version"": 818, ""max_seen_before"": 817, ""violation"": false}, {""version"": 818, ""max_seen_before"": 818, ""violation"": false}]}"
20260918T135902Z_ab0d4ba4,819,recovery,1789739991.7927089,1789739991.8089314,16.184,0,16.184,pass,,read_secondary,"{""background_write_acknowledged"": true, ""reads"": [{""version"": 819, ""max_seen_before"": 818, ""violation"": false}, {""version"": 819, ""max_seen_before"": 819, ""violation"": false}]}"
20260918T135902Z_ab0d4ba4,820,recovery,1789739991.8089314,1789739991.8266363,17.632,0,17.632,pass,,read_secondary,"{""background_write_acknowledged"": true, ""reads"": [{""version"": 820, ""max_seen_before"": 819, ""violation"": false}, {""version"": 820, ""max_seen_before"": 820, ""violation"": false}]}"
20260918T135902Z_ab0d4ba4,821,recovery,1789739991.8266363,1789739991.8412635,14.713,0,14.713,pass,,read_secondary,"{""background_write_acknowledged"": true, ""reads"": [{""version"": 821, ""max_seen_before"": 820, ""violation"": false}, {""version"": 821, ""max_seen_before"": 821, ""violation"": false}]}"
20260918T135902Z_ab0d4ba4,822,recovery,1789739991.841884,1789739991.8558085,14.219,0,14.219,pass,,read_secondary,"{""background_write_acknowledged"": true, ""reads"": [{""version"": 822, ""max_seen_before"": 821, ""violation"": false}, {""version"": 822, ""max_seen_before"": 822, ""violation"": false}]}"
20260918T135902Z_ab0d4ba4,823,recovery,1789739991.8558085,1789739991.8694296,13.516,0,13.516,pass,,read_secondary,"{""background_write_acknowledged"": true, ""reads"": [{""version"": 823, ""max_seen_before"": 822, ""violation"": false}, {""version"": 823, ""max_seen_before"": 823, ""violation"": false}]}"
20260918T135902Z_ab0d4ba4,824,recovery,1789739991.8694296,1789739991.8843231,14.664,0,14.664,pass,,read_secondary,"{""background_write_acknowledged"": true, ""reads"": [{""version"": 824, ""max_seen_before"": 823, ""violation"": false}, {""version"": 824, ""max_seen_before"": 824, ""violation"": false}]}"
20260918T135902Z_ab0d4ba4,825,recovery,1789739991.8846295,1789739991.8996813,15.468,0,15.468,pass,,read_secondary,"{""background_write_acknowledged"": true, ""reads"": [{""version"": 825, ""max_seen_before"": 824, ""violation"": false}, {""version"": 825, ""max_seen_before"": 825, ""violation"": false}]}"
20260918T135902Z_ab0d4ba4,826,recovery,1789739991.8996813,1789739991.9144325,14.768,0,14.768,pass,,read_secondary,"{""background_write_acknowledged"": true, ""reads"": [{""version"": 826, ""max_seen_before"": 825, ""violation"": false}, {""version"": 826, ""max_seen_before"": 826, ""violation"": false}]}"
20260918T135902Z_ab0d4ba4,827,recovery,1789739991.9151034,1789739991.9302807,15.189,0,15.189,pass,,read_secondary,"{""background_write_acknowledged"": true, ""reads"": [{""version"": 827, ""max_seen_before"": 826, ""violation"": false}, {""version"": 827, ""max_seen_before"": 827, ""violation"": false}]}"
20260918T135902Z_ab0d4ba4,828,recovery,1789739991.9302807,1789739991.9457157,15.689,0,15.689,pass,,read_secondary,"{""background_write_acknowledged"": true, ""reads"": [{""version"": 828, ""max_seen_before"": 827, ""violation"": false}, {""version"": 828, ""max_seen_before"": 828, ""violation"": false}]}"
20260918T135902Z_ab0d4ba4,829,recovery,1789739991.9457157,1789739991.9603548,14.226,0,14.226,pass,,read_secondary,"{""background_write_acknowledged"": true, ""reads"": [{""version"": 829, ""max_seen_before"": 828, ""violation"": false}, {""version"": 829, ""max_seen_before"": 829, ""violation"": false}]}"
20260918T135902Z_ab0d4ba4,830,recovery,1789739991.9603548,1789739991.9771514,16.641,0,16.641,pass,,read_secondary,"{""background_write_acknowledged"": true, ""reads"": [{""version"": 830, ""max_seen_before"": 829, ""violation"": false}, {""version"": 830, ""max_seen_before"": 830, ""violation"": false}]}"
20260918T135902Z_ab0d4ba4,831,recovery,1789739991.9771514,1789739991.9929798,15.701,0,15.701,pass,,read_secondary,"{""background_write_acknowledged"": true, ""reads"": [{""version"": 831, ""max_seen_before"": 830, ""violation"": false}, {""version"": 831, ""max_seen_before"": 831, ""violation"": false}]}"
20260918T135902Z_ab0d4ba4,832,recovery,1789739991.9929798,1789739992.0082867,15.572,0,15.572,pass,,read_secondary,"{""background_write_acknowledged"": true, ""reads"": [{""version"": 832, ""max_seen_before"": 831, ""violation"": false}, {""version"": 832, ""max_seen_before"": 832, ""violation"": false}]}"
20260918T135902Z_ab0d4ba4,833,recovery,1789739992.0089343,1789739992.023596,15.064,0,15.064,pass,,read_secondary,"{""background_write_acknowledged"": true, ""reads"": [{""version"": 833, ""max_seen_before"": 832, ""violation"": false}, {""version"": 833, ""max_seen_before"": 833, ""violation"": false}]}"
20260918T135902Z_ab0d4ba4,834,recovery,1789739992.0241218,1789739992.0372636,13.57,0,13.57,pass,,read_secondary,"{""background_write_acknowledged"": true, ""reads"": [{""version"": 834, ""max_seen_before"": 833, ""violation"": false}, {""version"": 834, ""max_seen_before"": 834, ""violation"": false}]}"
20260918T135902Z_ab0d4ba4,835,recovery,1789739992.0378668,1789739992.053337,15.585,0,15.585,pass,,read_secondary,"{""background_write_acknowledged"": true, ""reads"": [{""version"": 835, ""max_seen_before"": 834, ""violation"": false}, {""version"": 835, ""max_seen_before"": 835, ""violation"": false}]}"
20260918T135902Z_ab0d4ba4,836,recovery,1789739992.053337,1789739992.069398,15.833,0,15.833,pass,,read_secondary,"{""background_write_acknowledged"": true, ""reads"": [{""version"": 836, ""max_seen_before"": 835, ""violation"": false}, {""version"": 836, ""max_seen_before"": 836, ""violation"": false}]}"
20260918T135902Z_ab0d4ba4,837,recovery,1789739992.069398,1789739992.08402,14.572,0,14.572,pass,,read_secondary,"{""background_write_acknowledged"": true, ""reads"": [{""version"": 837, ""max_seen_before"": 836, ""violation"": false}, {""version"": 837, ""max_seen_before"": 837, ""violation"": false}]}"
20260918T135902Z_ab0d4ba4,838,recovery,1789739992.08402,1789739992.099237,15.39,0,15.39,pass,,read_secondary,"{""background_write_acknowledged"": true, ""reads"": [{""version"": 838, ""max_seen_before"": 837, ""violation"": false}, {""version"": 838, ""max_seen_before"": 838, ""violation"": false}]}"
20260918T135902Z_ab0d4ba4,839,recovery,1789739992.099237,1789739992.114372,14.985,0,14.985,pass,,read_secondary,"{""background_write_acknowledged"": true, ""reads"": [{""version"": 839, ""max_seen_before"": 838, ""violation"": false}, {""version"": 839, ""max_seen_before"": 839, ""violation"": false}]}"
20260918T135902Z_ab0d4ba4,840,recovery,1789739992.1149087,1789739992.1302636,15.392,0,15.392,pass,,read_secondary,"{""background_write_acknowledged"": true, ""reads"": [{""version"": 840, ""max_seen_before"": 839, ""violation"": false}, {""version"": 840, ""max_seen_before"": 840, ""violation"": false}]}"
20260918T135902Z_ab0d4ba4,841,recovery,1789739992.1302636,1789739992.1456578,15.35,0,15.35,pass,,read_secondary,"{""background_write_acknowledged"": true, ""reads"": [{""version"": 841, ""max_seen_before"": 840, ""violation"": false}, {""version"": 841, ""max_seen_before"": 841, ""violation"": false}]}"
20260918T135902Z_ab0d4ba4,842,recovery,1789739992.1456578,1789739992.159299,13.904,0,13.904,pass,,read_secondary,"{""background_write_acknowledged"": true, ""reads"": [{""version"": 842, ""max_seen_before"": 841, ""violation"": false}, {""version"": 842, ""max_seen_before"": 842, ""violation"": false}]}"
20260918T135902Z_ab0d4ba4,843,recovery,1789739992.1598966,1789739992.1758943,16.386,0,16.386,pass,,read_secondary,"{""background_write_acknowledged"": true, ""reads"": [{""version"": 843, ""max_seen_before"": 842, ""violation"": false}, {""version"": 843, ""max_seen_before"": 843, ""violation"": false}]}"
20260918T135902Z_ab0d4ba4,844,recovery,1789739992.1758943,1789739992.1912057,14.959,0,14.959,pass,,read_secondary,"{""background_write_acknowledged"": true, ""reads"": [{""version"": 844, ""max_seen_before"": 843, ""violation"": false}, {""version"": 844, ""max_seen_before"": 844, ""violation"": false}]}"
20260918T135902Z_ab0d4ba4,845,recovery,1789739992.1912057,1789739992.2057047,14.674,0,14.674,pass,,read_secondary,"{""background_write_acknowledged"": true, ""reads"": [{""version"": 845, ""max_seen_before"": 844, ""violation"": false}, {""version"": 845, ""max_seen_before"": 845, ""violation"": false}]}"
20260918T135902Z_ab0d4ba4,846,recovery,1789739992.2057047,1789739992.223975,18.204,0,18.204,pass,,read_secondary,"{""background_write_acknowledged"": true, ""reads"": [{""version"": 846, ""max_seen_before"": 845, ""violation"": false}, {""version"": 846, ""max_seen_before"": 846, ""violation"": false}]}"
20260918T135902Z_ab0d4ba4,847,recovery,1789739992.2246087,1789739992.2404187,16.06,0,16.06,pass,,read_secondary,"{""background_write_acknowledged"": true, ""reads"": [{""version"": 847, ""max_seen_before"": 846, ""violation"": false}, {""version"": 847, ""max_seen_before"": 847, ""violation"": false}]}"
20260918T135902Z_ab0d4ba4,848,recovery,1789739992.2404187,1789739992.2554255,14.934,0,14.934,pass,,read_secondary,"{""background_write_acknowledged"": true, ""reads"": [{""version"": 848, ""max_seen_before"": 847, ""violation"": false}, {""version"": 848, ""max_seen_before"": 848, ""violation"": false}]}"
20260918T135902Z_ab0d4ba4,849,recovery,1789739992.2554255,1789739992.2697837,14.039,0,14.039,pass,,read_secondary,"{""background_write_acknowledged"": true, ""reads"": [{""version"": 849, ""max_seen_before"": 848, ""violation"": false}, {""version"": 849, ""max_seen_before"": 849, ""violation"": false}]}"
20260918T135902Z_ab0d4ba4,850,recovery,1789739992.2697837,1789739992.284527,14.592,0,14.592,pass,,read_secondary,"{""background_write_acknowledged"": true, ""reads"": [{""version"": 850, ""max_seen_before"": 849, ""violation"": false}, {""version"": 850, ""max_seen_before"": 850, ""violation"": false}]}"
20260918T135902Z_ab0d4ba4,851,recovery,1789739992.284527,1789739992.3001077,15.407,0,15.407,pass,,read_secondary,"{""background_write_acknowledged"": true, ""reads"": [{""version"": 851, ""max_seen_before"": 850, ""violation"": false}, {""version"": 851, ""max_seen_before"": 851, ""violation"": false}]}"
20260918T135902Z_ab0d4ba4,852,recovery,1789739992.3001077,1789739992.3140566,13.988,0,13.988,pass,,read_secondary,"{""background_write_acknowledged"": true, ""reads"": [{""version"": 852, ""max_seen_before"": 851, ""violation"": false}, {""version"": 852, ""max_seen_before"": 852, ""violation"": false}]}"
20260918T135902Z_ab0d4ba4,853,recovery,1789739992.3140566,1789739992.3284085,14.12,0,14.12,pass,,read_secondary,"{""background_write_acknowledged"": true, ""reads"": [{""version"": 853, ""max_seen_before"": 852, ""violation"": false}, {""version"": 853, ""max_seen_before"": 853, ""violation"": false}]}"
20260918T135902Z_ab0d4ba4,854,recovery,1789739992.3284085,1789739992.3433483,14.785,0,14.785,pass,,read_secondary,"{""background_write_acknowledged"": true, ""reads"": [{""version"": 854, ""max_seen_before"": 853, ""violation"": false}, {""version"": 854, ""max_seen_before"": 854, ""violation"": false}]}"
20260918T135902Z_ab0d4ba4,855,recovery,1789739992.3433483,1789739992.3556595,12.66,0,12.66,pass,,read_secondary,"{""background_write_acknowledged"": true, ""reads"": [{""version"": 855, ""max_seen_before"": 854, ""violation"": false}, {""version"": 855, ""max_seen_before"": 855, ""violation"": false}]}"
20260918T135902Z_ab0d4ba4,856,recovery,1789739992.3562977,1789739992.3708875,14.389,0,14.389,pass,,read_secondary,"{""background_write_acknowledged"": true, ""reads"": [{""version"": 856, ""max_seen_before"": 855, ""violation"": false}, {""version"": 856, ""max_seen_before"": 856, ""violation"": false}]}"
20260918T135902Z_ab0d4ba4,857,recovery,1789739992.3708875,1789739992.3863654,15.452,0,15.452,pass,,read_secondary,"{""background_write_acknowledged"": true, ""reads"": [{""version"": 857, ""max_seen_before"": 856, ""violation"": false}, {""version"": 857, ""max_seen_before"": 857, ""violation"": false}]}"
20260918T135902Z_ab0d4ba4,858,recovery,1789739992.3863654,1789739992.4011958,14.684,0,14.684,pass,,read_secondary,"{""background_write_acknowledged"": true, ""reads"": [{""version"": 858, ""max_seen_before"": 857, ""violation"": false}, {""version"": 858, ""max_seen_before"": 858, ""violation"": false}]}"
20260918T135902Z_ab0d4ba4,859,recovery,1789739992.4011958,1789739992.4146702,13.536,0,13.536,pass,,read_secondary,"{""background_write_acknowledged"": true, ""reads"": [{""version"": 859, ""max_seen_before"": 858, ""violation"": false}, {""version"": 859, ""max_seen_before"": 859, ""violation"": false}]}"
20260918T135902Z_ab0d4ba4,860,recovery,1789739992.4146702,1789739992.4287848,13.788,0,13.788,pass,,read_secondary,"{""background_write_acknowledged"": true, ""reads"": [{""version"": 860, ""max_seen_before"": 859, ""violation"": false}, {""version"": 860, ""max_seen_before"": 860, ""violation"": false}]}"
20260918T135902Z_ab0d4ba4,861,recovery,1789739992.4287848,1789739992.441545,12.828,0,12.828,pass,,read_secondary,"{""background_write_acknowledged"": true, ""reads"": [{""version"": 861, ""max_seen_before"": 860, ""violation"": false}, {""version"": 861, ""max_seen_before"": 861, ""violation"": false}]}"
20260918T135902Z_ab0d4ba4,862,recovery,1789739992.442106,1789739992.4563496,14.295,0,14.295,pass,,read_secondary,"{""background_write_acknowledged"": true, ""reads"": [{""version"": 862, ""max_seen_before"": 861, ""violation"": false}, {""version"": 862, ""max_seen_before"": 862, ""violation"": false}]}"
20260918T135902Z_ab0d4ba4,863,recovery,1789739992.4563496,1789739992.469135,12.557,0,12.557,pass,,read_secondary,"{""background_write_acknowledged"": true, ""reads"": [{""version"": 863, ""max_seen_before"": 862, ""violation"": false}, {""version"": 863, ""max_seen_before"": 863, ""violation"": false}]}"
20260918T135902Z_ab0d4ba4,864,recovery,1789739992.469135,1789739992.4845107,15.276,0,15.276,pass,,read_secondary,"{""background_write_acknowledged"": true, ""reads"": [{""version"": 864, ""max_seen_before"": 863, ""violation"": false}, {""version"": 864, ""max_seen_before"": 864, ""violation"": false}]}"
20260918T135902Z_ab0d4ba4,865,recovery,1789739992.4845107,1789739992.4978034,13.463,0,13.463,pass,,read_secondary,"{""background_write_acknowledged"": true, ""reads"": [{""version"": 865, ""max_seen_before"": 864, ""violation"": false}, {""version"": 865, ""max_seen_before"": 865, ""violation"": false}]}"
20260918T135902Z_ab0d4ba4,866,recovery,1789739992.4978034,1789739992.5140877,16.077,0,16.077,pass,,read_secondary,"{""background_write_acknowledged"": true, ""reads"": [{""version"": 866, ""max_seen_before"": 865, ""violation"": false}, {""version"": 866, ""max_seen_before"": 866, ""violation"": false}]}"
20260918T135902Z_ab0d4ba4,867,recovery,1789739992.5140877,1789739992.5289934,14.812,0,14.812,pass,,read_secondary,"{""background_write_acknowledged"": true, ""reads"": [{""version"": 867, ""max_seen_before"": 866, ""violation"": false}, {""version"": 867, ""max_seen_before"": 867, ""violation"": false}]}"
20260918T135902Z_ab0d4ba4,868,recovery,1789739992.5289934,1789739992.542721,13.646,0,13.646,pass,,read_secondary,"{""background_write_acknowledged"": true, ""reads"": [{""version"": 868, ""max_seen_before"": 867, ""violation"": false}, {""version"": 868, ""max_seen_before"": 868, ""violation"": false}]}"
20260918T135902Z_ab0d4ba4,869,recovery,1789739992.542721,1789739992.5567043,13.755,0,13.755,pass,,read_secondary,"{""background_write_acknowledged"": true, ""reads"": [{""version"": 869, ""max_seen_before"": 868, ""violation"": false}, {""version"": 869, ""max_seen_before"": 869, ""violation"": false}]}"
20260918T135902Z_ab0d4ba4,870,recovery,1789739992.5567043,1789739992.5697217,12.885,0,12.885,pass,,read_secondary,"{""background_write_acknowledged"": true, ""reads"": [{""version"": 870, ""max_seen_before"": 869, ""violation"": false}, {""version"": 870, ""max_seen_before"": 870, ""violation"": false}]}"
20260918T135902Z_ab0d4ba4,871,recovery,1789739992.5697217,1789739992.583678,14.056,0,14.056,pass,,read_secondary,"{""background_write_acknowledged"": true, ""reads"": [{""version"": 871, ""max_seen_before"": 870, ""violation"": false}, {""version"": 871, ""max_seen_before"": 871, ""violation"": false}]}"
20260918T135902Z_ab0d4ba4,872,recovery,1789739992.583678,1789739992.596526,12.905,0,12.905,pass,,read_secondary,"{""background_write_acknowledged"": true, ""reads"": [{""version"": 872, ""max_seen_before"": 871, ""violation"": false}, {""version"": 872, ""max_seen_before"": 872, ""violation"": false}]}"
20260918T135902Z_ab0d4ba4,873,recovery,1789739992.5970998,1789739992.6108963,13.839,0,13.839,pass,,read_secondary,"{""background_write_acknowledged"": true, ""reads"": [{""version"": 873, ""max_seen_before"": 872, ""violation"": false}, {""version"": 873, ""max_seen_before"": 873, ""violation"": false}]}"
20260918T135902Z_ab0d4ba4,874,recovery,1789739992.6108963,1789739992.6240852,13.036,0,13.036,pass,,read_secondary,"{""background_write_acknowledged"": true, ""reads"": [{""version"": 874, ""max_seen_before"": 873, ""violation"": false}, {""version"": 874, ""max_seen_before"": 874, ""violation"": false}]}"
20260918T135902Z_ab0d4ba4,875,recovery,1789739992.6240852,1789739992.6395428,15.309,0,15.309,pass,,read_secondary,"{""background_write_acknowledged"": true, ""reads"": [{""version"": 875, ""max_seen_before"": 874, ""violation"": false}, {""version"": 875, ""max_seen_before"": 875, ""violation"": false}]}"
20260918T135902Z_ab0d4ba4,876,recovery,1789739992.6395428,1789739992.6532662,13.849,0,13.849,pass,,read_secondary,"{""background_write_acknowledged"": true, ""reads"": [{""version"": 876, ""max_seen_before"": 875, ""violation"": false}, {""version"": 876, ""max_seen_before"": 876, ""violation"": false}]}"
20260918T135902Z_ab0d4ba4,877,recovery,1789739992.6532662,1789739992.6650274,11.687,0,11.687,pass,,read_secondary,"{""background_write_acknowledged"": true, ""reads"": [{""version"": 877, ""max_seen_before"": 876, ""violation"": false}, {""version"": 877, ""max_seen_before"": 877, ""violation"": false}]}"
20260918T135902Z_ab0d4ba4,878,recovery,1789739992.6650274,1789739992.6799314,14.406,0,14.406,pass,,read_secondary,"{""background_write_acknowledged"": true, ""reads"": [{""version"": 878, ""max_seen_before"": 877, ""violation"": false}, {""version"": 878, ""max_seen_before"": 878, ""violation"": false}]}"
20260918T135902Z_ab0d4ba4,879,recovery,1789739992.6799314,1789739992.6922305,12.346,0,12.346,pass,,read_secondary,"{""background_write_acknowledged"": true, ""reads"": [{""version"": 879, ""max_seen_before"": 878, ""violation"": false}, {""version"": 879, ""max_seen_before"": 879, ""violation"": false}]}"
20260918T135902Z_ab0d4ba4,880,recovery,1789739992.6922305,1789739992.7048714,12.705,0,12.705,pass,,read_secondary,"{""background_write_acknowledged"": true, ""reads"": [{""version"": 880, ""max_seen_before"": 879, ""violation"": false}, {""version"": 880, ""max_seen_before"": 880, ""violation"": false}]}"
20260918T135902Z_ab0d4ba4,881,recovery,1789739992.7048714,1789739992.7182562,13.011,0,13.011,pass,,read_secondary,"{""background_write_acknowledged"": true, ""reads"": [{""version"": 881, ""max_seen_before"": 880, ""violation"": false}, {""version"": 881, ""max_seen_before"": 881, ""violation"": false}]}"
20260918T135902Z_ab0d4ba4,882,recovery,1789739992.7182562,1789739992.7312732,12.998,0,12.998,pass,,read_secondary,"{""background_write_acknowledged"": true, ""reads"": [{""version"": 882, ""max_seen_before"": 881, ""violation"": false}, {""version"": 882, ""max_seen_before"": 882, ""violation"": false}]}"
20260918T135902Z_ab0d4ba4,883,recovery,1789739992.7312732,1789739992.7448921,13.818,0,13.818,pass,,read_secondary,"{""background_write_acknowledged"": true, ""reads"": [{""version"": 883, ""max_seen_before"": 882, ""violation"": false}, {""version"": 883, ""max_seen_before"": 883, ""violation"": false}]}"
20260918T135902Z_ab0d4ba4,884,recovery,1789739992.745466,1789739992.7589867,13.669,0,13.669,pass,,read_secondary,"{""background_write_acknowledged"": true, ""reads"": [{""version"": 884, ""max_seen_before"": 883, ""violation"": false}, {""version"": 884, ""max_seen_before"": 884, ""violation"": false}]}"
20260918T135902Z_ab0d4ba4,885,recovery,1789739992.7589867,1789739992.7728949,14.043,0,14.043,pass,,read_secondary,"{""background_write_acknowledged"": true, ""reads"": [{""version"": 885, ""max_seen_before"": 884, ""violation"": false}, {""version"": 885, ""max_seen_before"": 885, ""violation"": false}]}"
20260918T135902Z_ab0d4ba4,886,recovery,1789739992.7735274,1789739992.7865343,12.992,0,12.992,pass,,read_secondary,"{""background_write_acknowledged"": true, ""reads"": [{""version"": 886, ""max_seen_before"": 885, ""violation"": false}, {""version"": 886, ""max_seen_before"": 886, ""violation"": false}]}"
20260918T135902Z_ab0d4ba4,887,recovery,1789739992.7865343,1789739992.7997532,13.355,0,13.355,pass,,read_secondary,"{""background_write_acknowledged"": true, ""reads"": [{""version"": 887, ""max_seen_before"": 886, ""violation"": false}, {""version"": 887, ""max_seen_before"": 887, ""violation"": false}]}"
20260918T135902Z_ab0d4ba4,888,recovery,1789739992.7997532,1789739992.8134592,13.345,0,13.345,pass,,read_secondary,"{""background_write_acknowledged"": true, ""reads"": [{""version"": 888, ""max_seen_before"": 887, ""violation"": false}, {""version"": 888, ""max_seen_before"": 888, ""violation"": false}]}"
20260918T135902Z_ab0d4ba4,889,recovery,1789739992.8134592,1789739992.8265877,13.08,0,13.08,pass,,read_secondary,"{""background_write_acknowledged"": true, ""reads"": [{""version"": 889, ""max_seen_before"": 888, ""violation"": false}, {""version"": 889, ""max_seen_before"": 889, ""violation"": false}]}"
20260918T135902Z_ab0d4ba4,890,recovery,1789739992.8265877,1789739992.8397822,12.89,0,12.89,pass,,read_secondary,"{""background_write_acknowledged"": true, ""reads"": [{""version"": 890, ""max_seen_before"": 889, ""violation"": false}, {""version"": 890, ""max_seen_before"": 890, ""violation"": false}]}"
20260918T135902Z_ab0d4ba4,891,recovery,1789739992.8397822,1789739992.8529894,13.121,0,13.121,pass,,read_secondary,"{""background_write_acknowledged"": true, ""reads"": [{""version"": 891, ""max_seen_before"": 890, ""violation"": false}, {""version"": 891, ""max_seen_before"": 891, ""violation"": false}]}"
20260918T135902Z_ab0d4ba4,892,recovery,1789739992.8529894,1789739992.8655262,12.461,0,12.461,pass,,read_secondary,"{""background_write_acknowledged"": true, ""reads"": [{""version"": 892, ""max_seen_before"": 891, ""violation"": false}, {""version"": 892, ""max_seen_before"": 892, ""violation"": false}]}"
20260918T135902Z_ab0d4ba4,893,recovery,1789739992.8655262,1789739992.878109,12.598,0,12.598,pass,,read_secondary,"{""background_write_acknowledged"": true, ""reads"": [{""version"": 893, ""max_seen_before"": 892, ""violation"": false}, {""version"": 893, ""max_seen_before"": 893, ""violation"": false}]}"
20260918T135902Z_ab0d4ba4,894,recovery,1789739992.878109,1789739992.8939788,15.767,0,15.767,pass,,read_secondary,"{""background_write_acknowledged"": true, ""reads"": [{""version"": 894, ""max_seen_before"": 893, ""violation"": false}, {""version"": 894, ""max_seen_before"": 894, ""violation"": false}]}"
20260918T135902Z_ab0d4ba4,895,recovery,1789739992.8939788,1789739992.9074013,13.402,0,13.402,pass,,read_secondary,"{""background_write_acknowledged"": true, ""reads"": [{""version"": 895, ""max_seen_before"": 894, ""violation"": false}, {""version"": 895, ""max_seen_before"": 895, ""violation"": false}]}"
20260918T135902Z_ab0d4ba4,896,recovery,1789739992.9074013,1789739992.9215539,14.226,0,14.226,pass,,read_secondary,"{""background_write_acknowledged"": true, ""reads"": [{""version"": 896, ""max_seen_before"": 895, ""violation"": false}, {""version"": 896, ""max_seen_before"": 896, ""violation"": false}]}"
20260918T135902Z_ab0d4ba4,897,recovery,1789739992.9221532,1789739992.935121,13.093,0,13.093,pass,,read_secondary,"{""background_write_acknowledged"": true, ""reads"": [{""version"": 897, ""max_seen_before"": 896, ""violation"": false}, {""version"": 897, ""max_seen_before"": 897, ""violation"": false}]}"
20260918T135902Z_ab0d4ba4,898,recovery,1789739992.9354222,1789739992.9483502,12.964,0,12.964,pass,,read_secondary,"{""background_write_acknowledged"": true, ""reads"": [{""version"": 898, ""max_seen_before"": 897, ""violation"": false}, {""version"": 898, ""max_seen_before"": 898, ""violation"": false}]}"
20260918T135902Z_ab0d4ba4,899,recovery,1789739992.9483502,1789739992.9613929,13.074,0,13.074,pass,,read_secondary,"{""background_write_acknowledged"": true, ""reads"": [{""version"": 899, ""max_seen_before"": 898, ""violation"": false}, {""version"": 899, ""max_seen_before"": 899, ""violation"": false}]}"
20260918T135902Z_ab0d4ba4,900,recovery,1789739992.9613929,1789739992.9739985,13.005,0,13.005,pass,,read_secondary,"{""background_write_acknowledged"": true, ""reads"": [{""version"": 900, ""max_seen_before"": 899, ""violation"": false}, {""version"": 900, ""max_seen_before"": 900, ""violation"": false}]}"
20260918T135902Z_ab0d4ba4,901,recovery,1789739992.9816566,1789739992.9952915,13.109,0,13.109,pass,,read_secondary,"{""background_write_acknowledged"": true, ""reads"": [{""version"": 901, ""max_seen_before"": 900, ""violation"": false}, {""version"": 901, ""max_seen_before"": 901, ""violation"": false}]}"
20260918T135902Z_ab0d4ba4,902,recovery,1789739992.9952915,1789739993.0078282,12.635,0,12.635,pass,,read_secondary,"{""background_write_acknowledged"": true, ""reads"": [{""version"": 902, ""max_seen_before"": 901, ""violation"": false}, {""version"": 902, ""max_seen_before"": 902, ""violation"": false}]}"
20260918T135902Z_ab0d4ba4,903,recovery,1789739993.0078282,1789739993.0206382,12.477,0,12.477,pass,,read_secondary,"{""background_write_acknowledged"": true, ""reads"": [{""version"": 903, ""max_seen_before"": 902, ""violation"": false}, {""version"": 903, ""max_seen_before"": 903, ""violation"": false}]}"
20260918T135902Z_ab0d4ba4,904,recovery,1789739993.0206382,1789739993.033427,13.018,0,13.018,pass,,read_secondary,"{""background_write_acknowledged"": true, ""reads"": [{""version"": 904, ""max_seen_before"": 903, ""violation"": false}, {""version"": 904, ""max_seen_before"": 904, ""violation"": false}]}"
20260918T135902Z_ab0d4ba4,905,recovery,1789739993.0339553,1789739993.0459998,12.432,0,12.432,pass,,read_secondary,"{""background_write_acknowledged"": true, ""reads"": [{""version"": 905, ""max_seen_before"": 904, ""violation"": false}, {""version"": 905, ""max_seen_before"": 905, ""violation"": false}]}"
20260918T135902Z_ab0d4ba4,906,recovery,1789739993.0459998,1789739993.0598652,13.422,0,13.422,pass,,read_secondary,"{""background_write_acknowledged"": true, ""reads"": [{""version"": 906, ""max_seen_before"": 905, ""violation"": false}, {""version"": 906, ""max_seen_before"": 906, ""violation"": false}]}"
20260918T135902Z_ab0d4ba4,907,recovery,1789739993.0598652,1789739993.0729659,12.995,0,12.995,pass,,read_secondary,"{""background_write_acknowledged"": true, ""reads"": [{""version"": 907, ""max_seen_before"": 906, ""violation"": false}, {""version"": 907, ""max_seen_before"": 907, ""violation"": false}]}"
20260918T135902Z_ab0d4ba4,908,recovery,1789739993.0729659,1789739993.085781,12.793,0,12.793,pass,,read_secondary,"{""background_write_acknowledged"": true, ""reads"": [{""version"": 908, ""max_seen_before"": 907, ""violation"": false}, {""version"": 908, ""max_seen_before"": 908, ""violation"": false}]}"
20260918T135902Z_ab0d4ba4,909,recovery,1789739993.085781,1789739993.0993454,13.612,0,13.612,pass,,read_secondary,"{""background_write_acknowledged"": true, ""reads"": [{""version"": 909, ""max_seen_before"": 908, ""violation"": false}, {""version"": 909, ""max_seen_before"": 909, ""violation"": false}]}"
20260918T135902Z_ab0d4ba4,910,recovery,1789739993.0993454,1789739993.1147177,15.098,0,15.098,pass,,read_secondary,"{""background_write_acknowledged"": true, ""reads"": [{""version"": 910, ""max_seen_before"": 909, ""violation"": false}, {""version"": 910, ""max_seen_before"": 910, ""violation"": false}]}"
20260918T135902Z_ab0d4ba4,911,recovery,1789739993.1147177,1789739993.1278052,13.35,0,13.35,pass,,read_secondary,"{""background_write_acknowledged"": true, ""reads"": [{""version"": 911, ""max_seen_before"": 910, ""violation"": false}, {""version"": 911, ""max_seen_before"": 911, ""violation"": false}]}"
20260918T135902Z_ab0d4ba4,912,recovery,1789739993.1284106,1789739993.1410153,12.625,0,12.625,pass,,read_secondary,"{""background_write_acknowledged"": true, ""reads"": [{""version"": 912, ""max_seen_before"": 911, ""violation"": false}, {""version"": 912, ""max_seen_before"": 912, ""violation"": false}]}"
20260918T135902Z_ab0d4ba4,913,recovery,1789739993.1410153,1789739993.1539235,12.871,0,12.871,pass,,read_secondary,"{""background_write_acknowledged"": true, ""reads"": [{""version"": 913, ""max_seen_before"": 912, ""violation"": false}, {""version"": 913, ""max_seen_before"": 913, ""violation"": false}]}"
20260918T135902Z_ab0d4ba4,914,recovery,1789739993.1539235,1789739993.1662834,12.538,0,12.538,pass,,read_secondary,"{""background_write_acknowledged"": true, ""reads"": [{""version"": 914, ""max_seen_before"": 913, ""violation"": false}, {""version"": 914, ""max_seen_before"": 914, ""violation"": false}]}"
20260918T135902Z_ab0d4ba4,915,recovery,1789739993.1662834,1789739993.1780484,11.74,0,11.74,pass,,read_secondary,"{""background_write_acknowledged"": true, ""reads"": [{""version"": 915, ""max_seen_before"": 914, ""violation"": false}, {""version"": 915, ""max_seen_before"": 915, ""violation"": false}]}"
20260918T135902Z_ab0d4ba4,916,recovery,1789739993.1786938,1789739993.1918035,13.337,0,13.337,pass,,read_secondary,"{""background_write_acknowledged"": true, ""reads"": [{""version"": 916, ""max_seen_before"": 915, ""violation"": false}, {""version"": 916, ""max_seen_before"": 916, ""violation"": false}]}"
20260918T135902Z_ab0d4ba4,917,recovery,1789739993.1918035,1789739993.2062345,14.569,0,14.569,pass,,read_secondary,"{""background_write_acknowledged"": true, ""reads"": [{""version"": 917, ""max_seen_before"": 916, ""violation"": false}, {""version"": 917, ""max_seen_before"": 917, ""violation"": false}]}"
20260918T135902Z_ab0d4ba4,918,recovery,1789739993.206792,1789739993.21964,12.98,0,12.98,pass,,read_secondary,"{""background_write_acknowledged"": true, ""reads"": [{""version"": 918, ""max_seen_before"": 917, ""violation"": false}, {""version"": 918, ""max_seen_before"": 918, ""violation"": false}]}"
20260918T135902Z_ab0d4ba4,919,recovery,1789739993.21964,1789739993.2318382,12.46,0,12.46,pass,,read_secondary,"{""background_write_acknowledged"": true, ""reads"": [{""version"": 919, ""max_seen_before"": 918, ""violation"": false}, {""version"": 919, ""max_seen_before"": 919, ""violation"": false}]}"
20260918T135902Z_ab0d4ba4,920,recovery,1789739993.2323859,1789739993.2446463,12.238,0,12.238,pass,,read_secondary,"{""background_write_acknowledged"": true, ""reads"": [{""version"": 920, ""max_seen_before"": 919, ""violation"": false}, {""version"": 920, ""max_seen_before"": 920, ""violation"": false}]}"
20260918T135902Z_ab0d4ba4,921,recovery,1789739993.2446463,1789739993.2577622,13.168,0,13.168,pass,,read_secondary,"{""background_write_acknowledged"": true, ""reads"": [{""version"": 921, ""max_seen_before"": 920, ""violation"": false}, {""version"": 921, ""max_seen_before"": 921, ""violation"": false}]}"
20260918T135902Z_ab0d4ba4,922,recovery,1789739993.2577622,1789739993.2698412,12.308,0,12.308,pass,,read_secondary,"{""background_write_acknowledged"": true, ""reads"": [{""version"": 922, ""max_seen_before"": 921, ""violation"": false}, {""version"": 922, ""max_seen_before"": 922, ""violation"": false}]}"
20260918T135902Z_ab0d4ba4,923,recovery,1789739993.2704344,1789739993.2833104,13.087,0,13.087,pass,,read_secondary,"{""background_write_acknowledged"": true, ""reads"": [{""version"": 923, ""max_seen_before"": 922, ""violation"": false}, {""version"": 923, ""max_seen_before"": 923, ""violation"": false}]}"
20260918T135902Z_ab0d4ba4,924,recovery,1789739993.2833104,1789739993.2968624,13.395,0,13.395,pass,,read_secondary,"{""background_write_acknowledged"": true, ""reads"": [{""version"": 924, ""max_seen_before"": 923, ""violation"": false}, {""version"": 924, ""max_seen_before"": 924, ""violation"": false}]}"
20260918T135902Z_ab0d4ba4,925,recovery,1789739993.2968624,1789739993.312872,16.155,0,16.155,pass,,read_secondary,"{""background_write_acknowledged"": true, ""reads"": [{""version"": 925, ""max_seen_before"": 924, ""violation"": false}, {""version"": 925, ""max_seen_before"": 925, ""violation"": false}]}"
20260918T135902Z_ab0d4ba4,926,recovery,1789739993.3134274,1789739993.3266582,13.27,0,13.27,pass,,read_secondary,"{""background_write_acknowledged"": true, ""reads"": [{""version"": 926, ""max_seen_before"": 925, ""violation"": false}, {""version"": 926, ""max_seen_before"": 926, ""violation"": false}]}"
20260918T135902Z_ab0d4ba4,927,recovery,1789739993.3266582,1789739993.3391387,12.595,0,12.595,pass,,read_secondary,"{""background_write_acknowledged"": true, ""reads"": [{""version"": 927, ""max_seen_before"": 926, ""violation"": false}, {""version"": 927, ""max_seen_before"": 927, ""violation"": false}]}"
20260918T135902Z_ab0d4ba4,928,recovery,1789739993.3397353,1789739993.3532462,13.727,0,13.727,pass,,read_secondary,"{""background_write_acknowledged"": true, ""reads"": [{""version"": 928, ""max_seen_before"": 927, ""violation"": false}, {""version"": 928, ""max_seen_before"": 928, ""violation"": false}]}"
20260918T135902Z_ab0d4ba4,929,recovery,1789739993.3538024,1789739993.3671803,13.382,0,13.382,pass,,read_secondary,"{""background_write_acknowledged"": true, ""reads"": [{""version"": 929, ""max_seen_before"": 928, ""violation"": false}, {""version"": 929, ""max_seen_before"": 929, ""violation"": false}]}"
20260918T135902Z_ab0d4ba4,930,recovery,1789739993.3671803,1789739993.3804595,13.324,0,13.324,pass,,read_secondary,"{""background_write_acknowledged"": true, ""reads"": [{""version"": 930, ""max_seen_before"": 929, ""violation"": false}, {""version"": 930, ""max_seen_before"": 930, ""violation"": false}]}"
20260918T135902Z_ab0d4ba4,931,recovery,1789739993.3804595,1789739993.394121,13.633,0,13.633,pass,,read_secondary,"{""background_write_acknowledged"": true, ""reads"": [{""version"": 931, ""max_seen_before"": 930, ""violation"": false}, {""version"": 931, ""max_seen_before"": 931, ""violation"": false}]}"
20260918T135902Z_ab0d4ba4,932,recovery,1789739993.394121,1789739993.4070163,12.705,0,12.705,pass,,read_secondary,"{""background_write_acknowledged"": true, ""reads"": [{""version"": 932, ""max_seen_before"": 931, ""violation"": false}, {""version"": 932, ""max_seen_before"": 932, ""violation"": false}]}"
20260918T135902Z_ab0d4ba4,933,recovery,1789739993.4070163,1789739993.4195347,13.085,0,13.085,pass,,read_secondary,"{""background_write_acknowledged"": true, ""reads"": [{""version"": 933, ""max_seen_before"": 932, ""violation"": false}, {""version"": 933, ""max_seen_before"": 933, ""violation"": false}]}"
20260918T135902Z_ab0d4ba4,934,recovery,1789739993.4195347,1789739993.433103,12.877,0,12.877,pass,,read_secondary,"{""background_write_acknowledged"": true, ""reads"": [{""version"": 934, ""max_seen_before"": 933, ""violation"": false}, {""version"": 934, ""max_seen_before"": 934, ""violation"": false}]}"
20260918T135902Z_ab0d4ba4,935,recovery,1789739993.433103,1789739993.446849,13.722,0,13.722,pass,,read_secondary,"{""background_write_acknowledged"": true, ""reads"": [{""version"": 935, ""max_seen_before"": 934, ""violation"": false}, {""version"": 935, ""max_seen_before"": 935, ""violation"": false}]}"
20260918T135902Z_ab0d4ba4,936,recovery,1789739993.446849,1789739993.4605184,13.196,0,13.196,pass,,read_secondary,"{""background_write_acknowledged"": true, ""reads"": [{""version"": 936, ""max_seen_before"": 935, ""violation"": false}, {""version"": 936, ""max_seen_before"": 936, ""violation"": false}]}"
20260918T135902Z_ab0d4ba4,937,recovery,1789739993.4605184,1789739993.4735868,13.038,0,13.038,pass,,read_secondary,"{""background_write_acknowledged"": true, ""reads"": [{""version"": 937, ""max_seen_before"": 936, ""violation"": false}, {""version"": 937, ""max_seen_before"": 937, ""violation"": false}]}"
20260918T135902Z_ab0d4ba4,938,recovery,1789739993.4735868,1789739993.48731,13.666,0,13.666,pass,,read_secondary,"{""background_write_acknowledged"": true, ""reads"": [{""version"": 938, ""max_seen_before"": 937, ""violation"": false}, {""version"": 938, ""max_seen_before"": 938, ""violation"": false}]}"
20260918T135902Z_ab0d4ba4,939,recovery,1789739993.48731,1789739993.5030882,15.477,0,15.477,pass,,read_secondary,"{""background_write_acknowledged"": true, ""reads"": [{""version"": 939, ""max_seen_before"": 938, ""violation"": false}, {""version"": 939, ""max_seen_before"": 939, ""violation"": false}]}"
20260918T135902Z_ab0d4ba4,940,recovery,1789739993.5030882,1789739993.5155122,12.357,0,12.357,pass,,read_secondary,"{""background_write_acknowledged"": true, ""reads"": [{""version"": 940, ""max_seen_before"": 939, ""violation"": false}, {""version"": 940, ""max_seen_before"": 940, ""violation"": false}]}"
20260918T135902Z_ab0d4ba4,941,recovery,1789739993.5155122,1789739993.5313978,15.698,0,15.698,pass,,read_secondary,"{""background_write_acknowledged"": true, ""reads"": [{""version"": 941, ""max_seen_before"": 940, ""violation"": false}, {""version"": 941, ""max_seen_before"": 941, ""violation"": false}]}"
20260918T135902Z_ab0d4ba4,942,recovery,1789739993.5313978,1789739993.5453403,14.192,0,14.192,pass,,read_secondary,"{""background_write_acknowledged"": true, ""reads"": [{""version"": 942, ""max_seen_before"": 941, ""violation"": false}, {""version"": 942, ""max_seen_before"": 942, ""violation"": false}]}"
20260918T135902Z_ab0d4ba4,943,recovery,1789739993.5458908,1789739993.557994,12.585,0,12.585,pass,,read_secondary,"{""background_write_acknowledged"": true, ""reads"": [{""version"": 943, ""max_seen_before"": 942, ""violation"": false}, {""version"": 943, ""max_seen_before"": 943, ""violation"": false}]}"
20260918T135902Z_ab0d4ba4,944,recovery,1789739993.5585284,1789739993.5711007,13.008,0,13.008,pass,,read_secondary,"{""background_write_acknowledged"": true, ""reads"": [{""version"": 944, ""max_seen_before"": 943, ""violation"": false}, {""version"": 944, ""max_seen_before"": 944, ""violation"": false}]}"
20260918T135902Z_ab0d4ba4,945,recovery,1789739993.5716865,1789739993.584388,12.681,0,12.681,pass,,read_secondary,"{""background_write_acknowledged"": true, ""reads"": [{""version"": 945, ""max_seen_before"": 944, ""violation"": false}, {""version"": 945, ""max_seen_before"": 945, ""violation"": false}]}"
20260918T135902Z_ab0d4ba4,946,recovery,1789739993.584388,1789739993.5973804,13.297,0,13.297,pass,,read_secondary,"{""background_write_acknowledged"": true, ""reads"": [{""version"": 946, ""max_seen_before"": 945, ""violation"": false}, {""version"": 946, ""max_seen_before"": 946, ""violation"": false}]}"
20260918T135902Z_ab0d4ba4,947,recovery,1789739993.5973804,1789739993.6122231,14.368,0,14.368,pass,,read_secondary,"{""background_write_acknowledged"": true, ""reads"": [{""version"": 947, ""max_seen_before"": 946, ""violation"": false}, {""version"": 947, ""max_seen_before"": 947, ""violation"": false}]}"
20260918T135902Z_ab0d4ba4,948,recovery,1789739993.6122231,1789739993.6254838,13.058,0,13.058,pass,,read_secondary,"{""background_write_acknowledged"": true, ""reads"": [{""version"": 948, ""max_seen_before"": 947, ""violation"": false}, {""version"": 948, ""max_seen_before"": 948, ""violation"": false}]}"
20260918T135902Z_ab0d4ba4,949,recovery,1789739993.6254838,1789739993.6382587,12.884,0,12.884,pass,,read_secondary,"{""background_write_acknowledged"": true, ""reads"": [{""version"": 949, ""max_seen_before"": 948, ""violation"": false}, {""version"": 949, ""max_seen_before"": 949, ""violation"": false}]}"
20260918T135902Z_ab0d4ba4,950,recovery,1789739993.6382587,1789739993.6508226,12.267,0,12.267,pass,,read_secondary,"{""background_write_acknowledged"": true, ""reads"": [{""version"": 950, ""max_seen_before"": 949, ""violation"": false}, {""version"": 950, ""max_seen_before"": 950, ""violation"": false}]}"
20260918T135902Z_ab0d4ba4,951,recovery,1789739993.6508226,1789739993.6638477,13.153,0,13.153,pass,,read_secondary,"{""background_write_acknowledged"": true, ""reads"": [{""version"": 951, ""max_seen_before"": 950, ""violation"": false}, {""version"": 951, ""max_seen_before"": 951, ""violation"": false}]}"
20260918T135902Z_ab0d4ba4,952,recovery,1789739993.6638477,1789739993.677248,13.579,0,13.579,pass,,read_secondary,"{""background_write_acknowledged"": true, ""reads"": [{""version"": 952, ""max_seen_before"": 951, ""violation"": false}, {""version"": 952, ""max_seen_before"": 952, ""violation"": false}]}"
20260918T135902Z_ab0d4ba4,953,recovery,1789739993.6778543,1789739993.691041,13.272,0,13.272,pass,,read_secondary,"{""background_write_acknowledged"": true, ""reads"": [{""version"": 953, ""max_seen_before"": 952, ""violation"": false}, {""version"": 953, ""max_seen_before"": 953, ""violation"": false}]}"
20260918T135902Z_ab0d4ba4,954,recovery,1789739993.691041,1789739993.7044528,13.397,0,13.397,pass,,read_secondary,"{""background_write_acknowledged"": true, ""reads"": [{""version"": 954, ""max_seen_before"": 953, ""violation"": false}, {""version"": 954, ""max_seen_before"": 954, ""violation"": false}]}"
20260918T135902Z_ab0d4ba4,955,recovery,1789739993.7044528,1789739993.7174916,12.983,0,12.983,pass,,read_secondary,"{""background_write_acknowledged"": true, ""reads"": [{""version"": 955, ""max_seen_before"": 954, ""violation"": false}, {""version"": 955, ""max_seen_before"": 955, ""violation"": false}]}"
20260918T135902Z_ab0d4ba4,956,recovery,1789739993.7181196,1789739993.7320638,14.173,0,14.173,pass,,read_secondary,"{""background_write_acknowledged"": true, ""reads"": [{""version"": 956, ""max_seen_before"": 955, ""violation"": false}, {""version"": 956, ""max_seen_before"": 956, ""violation"": false}]}"
20260918T135902Z_ab0d4ba4,957,recovery,1789739993.7320638,1789739993.7480786,15.896,0,15.896,pass,,read_secondary,"{""background_write_acknowledged"": true, ""reads"": [{""version"": 957, ""max_seen_before"": 956, ""violation"": false}, {""version"": 957, ""max_seen_before"": 957, ""violation"": false}]}"
20260918T135902Z_ab0d4ba4,958,recovery,1789739993.7480786,1789739993.7619772,13.882,0,13.882,pass,,read_secondary,"{""background_write_acknowledged"": true, ""reads"": [{""version"": 958, ""max_seen_before"": 957, ""violation"": false}, {""version"": 958, ""max_seen_before"": 958, ""violation"": false}]}"
20260918T135902Z_ab0d4ba4,959,recovery,1789739993.7619772,1789739993.7763455,13.981,0,13.981,pass,,read_secondary,"{""background_write_acknowledged"": true, ""reads"": [{""version"": 959, ""max_seen_before"": 958, ""violation"": false}, {""version"": 959, ""max_seen_before"": 959, ""violation"": false}]}"
20260918T135902Z_ab0d4ba4,960,recovery,1789739993.7763455,1789739993.789929,13.933,0,13.933,pass,,read_secondary,"{""background_write_acknowledged"": true, ""reads"": [{""version"": 960, ""max_seen_before"": 959, ""violation"": false}, {""version"": 960, ""max_seen_before"": 960, ""violation"": false}]}"
20260918T135902Z_ab0d4ba4,961,recovery,1789739993.789929,1789739993.8040013,13.566,0,13.566,pass,,read_secondary,"{""background_write_acknowledged"": true, ""reads"": [{""version"": 961, ""max_seen_before"": 960, ""violation"": false}, {""version"": 961, ""max_seen_before"": 961, ""violation"": false}]}"
20260918T135902Z_ab0d4ba4,962,recovery,1789739993.8040013,1789739993.8163252,12.521,0,12.521,pass,,read_secondary,"{""background_write_acknowledged"": true, ""reads"": [{""version"": 962, ""max_seen_before"": 961, ""violation"": false}, {""version"": 962, ""max_seen_before"": 962, ""violation"": false}]}"
20260918T135902Z_ab0d4ba4,963,recovery,1789739993.8163252,1789739993.8298228,13.461,0,13.461,pass,,read_secondary,"{""background_write_acknowledged"": true, ""reads"": [{""version"": 963, ""max_seen_before"": 962, ""violation"": false}, {""version"": 963, ""max_seen_before"": 963, ""violation"": false}]}"
20260918T135902Z_ab0d4ba4,964,recovery,1789739993.8298228,1789739993.843811,13.901,0,13.901,pass,,read_secondary,"{""background_write_acknowledged"": true, ""reads"": [{""version"": 964, ""max_seen_before"": 963, ""violation"": false}, {""version"": 964, ""max_seen_before"": 964, ""violation"": false}]}"
20260918T135902Z_ab0d4ba4,965,recovery,1789739993.844527,1789739993.8568954,12.74,0,12.74,pass,,read_secondary,"{""background_write_acknowledged"": true, ""reads"": [{""version"": 965, ""max_seen_before"": 964, ""violation"": false}, {""version"": 965, ""max_seen_before"": 965, ""violation"": false}]}"
20260918T135902Z_ab0d4ba4,966,recovery,1789739993.8568954,1789739993.869705,12.764,0,12.764,pass,,read_secondary,"{""background_write_acknowledged"": true, ""reads"": [{""version"": 966, ""max_seen_before"": 965, ""violation"": false}, {""version"": 966, ""max_seen_before"": 966, ""violation"": false}]}"
20260918T135902Z_ab0d4ba4,967,recovery,1789739993.8702812,1789739993.882896,13.063,0,13.063,pass,,read_secondary,"{""background_write_acknowledged"": true, ""reads"": [{""version"": 967, ""max_seen_before"": 966, ""violation"": false}, {""version"": 967, ""max_seen_before"": 967, ""violation"": false}]}"
20260918T135902Z_ab0d4ba4,968,recovery,1789739993.883465,1789739993.8962817,13.244,0,13.244,pass,,read_secondary,"{""background_write_acknowledged"": true, ""reads"": [{""version"": 968, ""max_seen_before"": 967, ""violation"": false}, {""version"": 968, ""max_seen_before"": 968, ""violation"": false}]}"
20260918T135902Z_ab0d4ba4,969,recovery,1789739993.8968978,1789739993.9094853,13.066,0,13.066,pass,,read_secondary,"{""background_write_acknowledged"": true, ""reads"": [{""version"": 969, ""max_seen_before"": 968, ""violation"": false}, {""version"": 969, ""max_seen_before"": 969, ""violation"": false}]}"
20260918T135902Z_ab0d4ba4,970,recovery,1789739993.9101396,1789739993.9235148,13.899,0,13.899,pass,,read_secondary,"{""background_write_acknowledged"": true, ""reads"": [{""version"": 970, ""max_seen_before"": 969, ""violation"": false}, {""version"": 970, ""max_seen_before"": 970, ""violation"": false}]}"
20260918T135902Z_ab0d4ba4,971,recovery,1789739993.9241712,1789739993.938003,14.196,0,14.196,pass,,read_secondary,"{""background_write_acknowledged"": true, ""reads"": [{""version"": 971, ""max_seen_before"": 970, ""violation"": false}, {""version"": 971, ""max_seen_before"": 971, ""violation"": false}]}"
20260918T135902Z_ab0d4ba4,972,recovery,1789739993.938003,1789739993.9507756,12.845,0,12.845,pass,,read_secondary,"{""background_write_acknowledged"": true, ""reads"": [{""version"": 972, ""max_seen_before"": 971, ""violation"": false}, {""version"": 972, ""max_seen_before"": 972, ""violation"": false}]}"
20260918T135902Z_ab0d4ba4,973,recovery,1789739993.9515364,1789739993.9661894,15.002,0,15.002,pass,,read_secondary,"{""background_write_acknowledged"": true, ""reads"": [{""version"": 973, ""max_seen_before"": 972, ""violation"": false}, {""version"": 973, ""max_seen_before"": 973, ""violation"": false}]}"
20260918T135902Z_ab0d4ba4,974,recovery,1789739993.9661894,1789739993.9785402,11.932,0,11.932,pass,,read_secondary,"{""background_write_acknowledged"": true, ""reads"": [{""version"": 974, ""max_seen_before"": 973, ""violation"": false}, {""version"": 974, ""max_seen_before"": 974, ""violation"": false}]}"
20260918T135902Z_ab0d4ba4,975,recovery,1789739993.9785402,1789739993.991778,13.143,0,13.143,pass,,read_secondary,"{""background_write_acknowledged"": true, ""reads"": [{""version"": 975, ""max_seen_before"": 974, ""violation"": false}, {""version"": 975, ""max_seen_before"": 975, ""violation"": false}]}"
20260918T135902Z_ab0d4ba4,976,recovery,1789739993.991778,1789739994.0044293,12.756,0,12.756,pass,,read_secondary,"{""background_write_acknowledged"": true, ""reads"": [{""version"": 976, ""max_seen_before"": 975, ""violation"": false}, {""version"": 976, ""max_seen_before"": 976, ""violation"": false}]}"
20260918T135902Z_ab0d4ba4,977,recovery,1789739994.0044293,1789739994.0166266,12.131,0,12.131,pass,,read_secondary,"{""background_write_acknowledged"": true, ""reads"": [{""version"": 977, ""max_seen_before"": 976, ""violation"": false}, {""version"": 977, ""max_seen_before"": 977, ""violation"": false}]}"
20260918T135902Z_ab0d4ba4,978,recovery,1789739994.0166266,1789739994.029394,12.328,0,12.328,pass,,read_secondary,"{""background_write_acknowledged"": true, ""reads"": [{""version"": 978, ""max_seen_before"": 977, ""violation"": false}, {""version"": 978, ""max_seen_before"": 978, ""violation"": false}]}"
20260918T135902Z_ab0d4ba4,979,recovery,1789739994.029394,1789739994.0421116,12.757,0,12.757,pass,,read_secondary,"{""background_write_acknowledged"": true, ""reads"": [{""version"": 979, ""max_seen_before"": 978, ""violation"": false}, {""version"": 979, ""max_seen_before"": 979, ""violation"": false}]}"
20260918T135902Z_ab0d4ba4,980,recovery,1789739994.0421116,1789739994.0558367,13.949,0,13.949,pass,,read_secondary,"{""background_write_acknowledged"": true, ""reads"": [{""version"": 980, ""max_seen_before"": 979, ""violation"": false}, {""version"": 980, ""max_seen_before"": 980, ""violation"": false}]}"
20260918T135902Z_ab0d4ba4,981,recovery,1789739994.0564342,1789739994.0706577,14.422,0,14.422,pass,,read_secondary,"{""background_write_acknowledged"": true, ""reads"": [{""version"": 981, ""max_seen_before"": 980, ""violation"": false}, {""version"": 981, ""max_seen_before"": 981, ""violation"": false}]}"
20260918T135902Z_ab0d4ba4,982,recovery,1789739994.0706577,1789739994.0824971,12.872,0,12.872,pass,,read_secondary,"{""background_write_acknowledged"": true, ""reads"": [{""version"": 982, ""max_seen_before"": 981, ""violation"": false}, {""version"": 982, ""max_seen_before"": 982, ""violation"": false}]}"
20260918T135902Z_ab0d4ba4,983,recovery,1789739994.0824971,1789739994.097944,14.255,0,14.255,pass,,read_secondary,"{""background_write_acknowledged"": true, ""reads"": [{""version"": 983, ""max_seen_before"": 982, ""violation"": false}, {""version"": 983, ""max_seen_before"": 983, ""violation"": false}]}"
20260918T135902Z_ab0d4ba4,984,recovery,1789739994.097944,1789739994.1117957,13.603,0,13.603,pass,,read_secondary,"{""background_write_acknowledged"": true, ""reads"": [{""version"": 984, ""max_seen_before"": 983, ""violation"": false}, {""version"": 984, ""max_seen_before"": 984, ""violation"": false}]}"
20260918T135902Z_ab0d4ba4,985,recovery,1789739994.1117957,1789739994.1241071,12.09,0,12.09,pass,,read_secondary,"{""background_write_acknowledged"": true, ""reads"": [{""version"": 985, ""max_seen_before"": 984, ""violation"": false}, {""version"": 985, ""max_seen_before"": 985, ""violation"": false}]}"
20260918T135902Z_ab0d4ba4,986,recovery,1789739994.1241071,1789739994.1367612,12.427,0,12.427,pass,,read_secondary,"{""background_write_acknowledged"": true, ""reads"": [{""version"": 986, ""max_seen_before"": 985, ""violation"": false}, {""version"": 986, ""max_seen_before"": 986, ""violation"": false}]}"
20260918T135902Z_ab0d4ba4,987,recovery,1789739994.1367612,1789739994.1492498,12.751,0,12.751,pass,,read_secondary,"{""background_write_acknowledged"": true, ""reads"": [{""version"": 987, ""max_seen_before"": 986, ""violation"": false}, {""version"": 987, ""max_seen_before"": 987, ""violation"": false}]}"
20260918T135902Z_ab0d4ba4,988,recovery,1789739994.1492498,1789739994.1619723,12.719,0,12.719,pass,,read_secondary,"{""background_write_acknowledged"": true, ""reads"": [{""version"": 988, ""max_seen_before"": 987, ""violation"": false}, {""version"": 988, ""max_seen_before"": 988, ""violation"": false}]}"
20260918T135902Z_ab0d4ba4,989,recovery,1789739994.162564,1789739994.176174,13.949,0,13.949,pass,,read_secondary,"{""background_write_acknowledged"": true, ""reads"": [{""version"": 989, ""max_seen_before"": 988, ""violation"": false}, {""version"": 989, ""max_seen_before"": 989, ""violation"": false}]}"
20260918T135902Z_ab0d4ba4,990,recovery,1789739994.176174,1789739994.190418,13.792,0,13.792,pass,,read_secondary,"{""background_write_acknowledged"": true, ""reads"": [{""version"": 990, ""max_seen_before"": 989, ""violation"": false}, {""version"": 990, ""max_seen_before"": 990, ""violation"": false}]}"
20260918T135902Z_ab0d4ba4,991,recovery,1789739994.190418,1789739994.20289,12.674,0,12.674,pass,,read_secondary,"{""background_write_acknowledged"": true, ""reads"": [{""version"": 991, ""max_seen_before"": 990, ""violation"": false}, {""version"": 991, ""max_seen_before"": 991, ""violation"": false}]}"
20260918T135902Z_ab0d4ba4,992,recovery,1789739994.20289,1789739994.2173073,14.172,0,14.172,pass,,read_secondary,"{""background_write_acknowledged"": true, ""reads"": [{""version"": 992, ""max_seen_before"": 991, ""violation"": false}, {""version"": 992, ""max_seen_before"": 992, ""violation"": false}]}"
20260918T135902Z_ab0d4ba4,993,recovery,1789739994.2173073,1789739994.2322059,15.009,0,15.009,pass,,read_secondary,"{""background_write_acknowledged"": true, ""reads"": [{""version"": 993, ""max_seen_before"": 992, ""violation"": false}, {""version"": 993, ""max_seen_before"": 993, ""violation"": false}]}"
20260918T135902Z_ab0d4ba4,994,recovery,1789739994.232718,1789739994.2461834,13.338,0,13.338,pass,,read_secondary,"{""background_write_acknowledged"": true, ""reads"": [{""version"": 994, ""max_seen_before"": 993, ""violation"": false}, {""version"": 994, ""max_seen_before"": 994, ""violation"": false}]}"
20260918T135902Z_ab0d4ba4,995,recovery,1789739994.2461834,1789739994.2588193,12.554,0,12.554,pass,,read_secondary,"{""background_write_acknowledged"": true, ""reads"": [{""version"": 995, ""max_seen_before"": 994, ""violation"": false}, {""version"": 995, ""max_seen_before"": 995, ""violation"": false}]}"
20260918T135902Z_ab0d4ba4,996,recovery,1789739994.2588193,1789739994.2727454,13.946,0,13.946,pass,,read_secondary,"{""background_write_acknowledged"": true, ""reads"": [{""version"": 996, ""max_seen_before"": 995, ""violation"": false}, {""version"": 996, ""max_seen_before"": 996, ""violation"": false}]}"
20260918T135902Z_ab0d4ba4,997,recovery,1789739994.2727454,1789739994.287069,14.473,0,14.473,pass,,read_secondary,"{""background_write_acknowledged"": true, ""reads"": [{""version"": 997, ""max_seen_before"": 996, ""violation"": false}, {""version"": 997, ""max_seen_before"": 997, ""violation"": false}]}"
20260918T135902Z_ab0d4ba4,998,recovery,1789739994.287069,1789739994.3006785,13.545,0,13.545,pass,,read_secondary,"{""background_write_acknowledged"": true, ""reads"": [{""version"": 998, ""max_seen_before"": 997, ""violation"": false}, {""version"": 998, ""max_seen_before"": 998, ""violation"": false}]}"
20260918T135902Z_ab0d4ba4,999,recovery,1789739994.3012192,1789739994.3156676,14.429,0,14.429,pass,,read_secondary,"{""background_write_acknowledged"": true, ""reads"": [{""version"": 999, ""max_seen_before"": 998, ""violation"": false}, {""version"": 999, ""max_seen_before"": 999, ""violation"": false}]}"
20260918T135902Z_ab0d4ba4,1000,recovery,1789739994.3156676,1789739994.3289692,13.225,0,13.225,pass,,read_secondary,"{""background_write_acknowledged"": true, ""reads"": [{""version"": 1000, ""max_seen_before"": 999, ""violation"": false}, {""version"": 1000, ""max_seen_before"": 1000, ""violation"": false}]}"
