run_id,iteration,phase,start_time,end_time,latency_ms,management_ms,workload_ms,verdict,error,last_stage,details_json
20260918T140141Z_d0b63c0a,1,normal,1789740103.1085527,1789740103.1439254,35.307,0,35.307,pass,,independent_snapshot,"{""prerequisite_acknowledged"": true, ""client_b_read_v1"": true, ""dependent_acknowledged"": true, ""visible_ids"": [""v1:1"", ""v2:1""], ""snapshot_polls"": 1}"
20260918T140141Z_d0b63c0a,2,normal,1789740103.1439254,1789740103.1670632,22.857,0,22.857,pass,,independent_snapshot,"{""prerequisite_acknowledged"": true, ""client_b_read_v1"": true, ""dependent_acknowledged"": true, ""visible_ids"": [""v1:2"", ""v2:2""], ""snapshot_polls"": 1}"
20260918T140141Z_d0b63c0a,3,normal,1789740103.167676,1789740103.192999,25.584,0,25.584,pass,,independent_snapshot,"{""prerequisite_acknowledged"": true, ""client_b_read_v1"": true, ""dependent_acknowledged"": true, ""visible_ids"": [""v1:3"", ""v2:3""], ""snapshot_polls"": 1}"
20260918T140141Z_d0b63c0a,4,normal,1789740103.1936507,1789740103.2214794,28.106,0,28.106,pass,,independent_snapshot,"{""prerequisite_acknowledged"": true, ""client_b_read_v1"": true, ""dependent_acknowledged"": true, ""visible_ids"": [""v1:4"", ""v2:4""], ""snapshot_polls"": 1}"
20260918T140141Z_d0b63c0a,5,normal,1789740103.2214794,1789740103.245249,23.303,0,23.303,pass,,independent_snapshot,"{""prerequisite_acknowledged"": true, ""client_b_read_v1"": true, ""dependent_acknowledged"": true, ""visible_ids"": [""v1:5"", ""v2:5""], ""snapshot_polls"": 1}"
20260918T140141Z_d0b63c0a,6,normal,1789740103.245249,1789740103.2690566,23.848,0,23.848,pass,,independent_snapshot,"{""prerequisite_acknowledged"": true, ""client_b_read_v1"": true, ""dependent_acknowledged"": true, ""visible_ids"": [""v1:6"", ""v2:6""], ""snapshot_polls"": 1}"
20260918T140141Z_d0b63c0a,7,normal,1789740103.2690566,1789740103.2918158,22.958,0,22.958,pass,,independent_snapshot,"{""prerequisite_acknowledged"": true, ""client_b_read_v1"": true, ""dependent_acknowledged"": true, ""visible_ids"": [""v1:7"", ""v2:7""], ""snapshot_polls"": 1}"
20260918T140141Z_d0b63c0a,8,normal,1789740103.2918158,1789740103.3173232,24.847,0,24.847,pass,,independent_snapshot,"{""prerequisite_acknowledged"": true, ""client_b_read_v1"": true, ""dependent_acknowledged"": true, ""visible_ids"": [""v1:8"", ""v2:8""], ""snapshot_polls"": 1}"
20260918T140141Z_d0b63c0a,9,normal,1789740103.3173232,1789740103.342598,25.224,0,25.224,pass,,independent_snapshot,"{""prerequisite_acknowledged"": true, ""client_b_read_v1"": true, ""dependent_acknowledged"": true, ""visible_ids"": [""v1:9"", ""v2:9""], ""snapshot_polls"": 1}"
20260918T140141Z_d0b63c0a,10,normal,1789740103.342598,1789740103.3672042,24.638,0,24.638,pass,,independent_snapshot,"{""prerequisite_acknowledged"": true, ""client_b_read_v1"": true, ""dependent_acknowledged"": true, ""visible_ids"": [""v1:10"", ""v2:10""], ""snapshot_polls"": 1}"
20260918T140141Z_d0b63c0a,11,normal,1789740103.3672042,1789740103.3916304,24.418,0,24.418,pass,,independent_snapshot,"{""prerequisite_acknowledged"": true, ""client_b_read_v1"": true, ""dependent_acknowledged"": true, ""visible_ids"": [""v1:11"", ""v2:11""], ""snapshot_polls"": 1}"
20260918T140141Z_d0b63c0a,12,normal,1789740103.3916304,1789740103.4166381,24.406,0,24.406,pass,,independent_snapshot,"{""prerequisite_acknowledged"": true, ""client_b_read_v1"": true, ""dependent_acknowledged"": true, ""visible_ids"": [""v1:12"", ""v2:12""], ""snapshot_polls"": 1}"
20260918T140141Z_d0b63c0a,13,normal,1789740103.4166381,1789740103.4413354,24.868,0,24.868,pass,,independent_snapshot,"{""prerequisite_acknowledged"": true, ""client_b_read_v1"": true, ""dependent_acknowledged"": true, ""visible_ids"": [""v1:13"", ""v2:13""], ""snapshot_polls"": 1}"
20260918T140141Z_d0b63c0a,14,normal,1789740103.4413354,1789740103.4661205,24.736,0,24.736,pass,,independent_snapshot,"{""prerequisite_acknowledged"": true, ""client_b_read_v1"": true, ""dependent_acknowledged"": true, ""visible_ids"": [""v1:14"", ""v2:14""], ""snapshot_polls"": 1}"
20260918T140141Z_d0b63c0a,15,normal,1789740103.4661205,1789740103.4909315,24.341,0,24.341,pass,,independent_snapshot,"{""prerequisite_acknowledged"": true, ""client_b_read_v1"": true, ""dependent_acknowledged"": true, ""visible_ids"": [""v1:15"", ""v2:15""], ""snapshot_polls"": 1}"
20260918T140141Z_d0b63c0a,16,normal,1789740103.4909315,1789740103.5154045,24.184,0,24.184,pass,,independent_snapshot,"{""prerequisite_acknowledged"": true, ""client_b_read_v1"": true, ""dependent_acknowledged"": true, ""visible_ids"": [""v1:16"", ""v2:16""], ""snapshot_polls"": 1}"
20260918T140141Z_d0b63c0a,17,normal,1789740103.5154045,1789740103.5365102,21.416,0,21.416,pass,,independent_snapshot,"{""prerequisite_acknowledged"": true, ""client_b_read_v1"": true, ""dependent_acknowledged"": true, ""visible_ids"": [""v1:17"", ""v2:17""], ""snapshot_polls"": 1}"
20260918T140141Z_d0b63c0a,18,normal,1789740103.5365102,1789740103.559837,22.795,0,22.795,pass,,independent_snapshot,"{""prerequisite_acknowledged"": true, ""client_b_read_v1"": true, ""dependent_acknowledged"": true, ""visible_ids"": [""v1:18"", ""v2:18""], ""snapshot_polls"": 1}"
20260918T140141Z_d0b63c0a,19,normal,1789740103.559837,1789740103.5852032,25.434,0,25.434,pass,,independent_snapshot,"{""prerequisite_acknowledged"": true, ""client_b_read_v1"": true, ""dependent_acknowledged"": true, ""visible_ids"": [""v1:19"", ""v2:19""], ""snapshot_polls"": 1}"
20260918T140141Z_d0b63c0a,20,normal,1789740103.5852032,1789740103.611551,26.168,0,26.168,pass,,independent_snapshot,"{""prerequisite_acknowledged"": true, ""client_b_read_v1"": true, ""dependent_acknowledged"": true, ""visible_ids"": [""v1:20"", ""v2:20""], ""snapshot_polls"": 1}"
20260918T140141Z_d0b63c0a,21,normal,1789740103.611551,1789740103.6358917,24.195,0,24.195,pass,,independent_snapshot,"{""prerequisite_acknowledged"": true, ""client_b_read_v1"": true, ""dependent_acknowledged"": true, ""visible_ids"": [""v1:21"", ""v2:21""], ""snapshot_polls"": 1}"
20260918T140141Z_d0b63c0a,22,normal,1789740103.6358917,1789740103.662119,25.786,0,25.786,pass,,independent_snapshot,"{""prerequisite_acknowledged"": true, ""client_b_read_v1"": true, ""dependent_acknowledged"": true, ""visible_ids"": [""v1:22"", ""v2:22""], ""snapshot_polls"": 1}"
20260918T140141Z_d0b63c0a,23,normal,1789740103.662119,1789740103.6866562,24.826,0,24.826,pass,,independent_snapshot,"{""prerequisite_acknowledged"": true, ""client_b_read_v1"": true, ""dependent_acknowledged"": true, ""visible_ids"": [""v1:23"", ""v2:23""], ""snapshot_polls"": 1}"
20260918T140141Z_d0b63c0a,24,normal,1789740103.6866562,1789740103.7111459,24.413,0,24.413,pass,,independent_snapshot,"{""prerequisite_acknowledged"": true, ""client_b_read_v1"": true, ""dependent_acknowledged"": true, ""visible_ids"": [""v1:24"", ""v2:24""], ""snapshot_polls"": 1}"
20260918T140141Z_d0b63c0a,25,normal,1789740103.7111459,1789740103.7350354,23.805,0,23.805,pass,,independent_snapshot,"{""prerequisite_acknowledged"": true, ""client_b_read_v1"": true, ""dependent_acknowledged"": true, ""visible_ids"": [""v1:25"", ""v2:25""], ""snapshot_polls"": 1}"
20260918T140141Z_d0b63c0a,26,normal,1789740103.7350354,1789740103.7601726,24.949,0,24.949,pass,,independent_snapshot,"{""prerequisite_acknowledged"": true, ""client_b_read_v1"": true, ""dependent_acknowledged"": true, ""visible_ids"": [""v1:26"", ""v2:26""], ""snapshot_polls"": 1}"
20260918T140141Z_d0b63c0a,27,normal,1789740103.7601726,1789740103.7854013,24.738,0,24.738,pass,,independent_snapshot,"{""prerequisite_acknowledged"": true, ""client_b_read_v1"": true, ""dependent_acknowledged"": true, ""visible_ids"": [""v1:27"", ""v2:27""], ""snapshot_polls"": 1}"
20260918T140141Z_d0b63c0a,28,normal,1789740103.7854013,1789740103.8089204,23.733,0,23.733,pass,,independent_snapshot,"{""prerequisite_acknowledged"": true, ""client_b_read_v1"": true, ""dependent_acknowledged"": true, ""visible_ids"": [""v1:28"", ""v2:28""], ""snapshot_polls"": 1}"
20260918T140141Z_d0b63c0a,29,normal,1789740103.8089204,1789740103.833341,24.38,0,24.38,pass,,independent_snapshot,"{""prerequisite_acknowledged"": true, ""client_b_read_v1"": true, ""dependent_acknowledged"": true, ""visible_ids"": [""v1:29"", ""v2:29""], ""snapshot_polls"": 1}"
20260918T140141Z_d0b63c0a,30,normal,1789740103.833341,1789740103.8610237,27.324,0,27.324,pass,,independent_snapshot,"{""prerequisite_acknowledged"": true, ""client_b_read_v1"": true, ""dependent_acknowledged"": true, ""visible_ids"": [""v1:30"", ""v2:30""], ""snapshot_polls"": 1}"
20260918T140141Z_d0b63c0a,31,normal,1789740103.8610237,1789740103.8836925,22.453,0,22.453,pass,,independent_snapshot,"{""prerequisite_acknowledged"": true, ""client_b_read_v1"": true, ""dependent_acknowledged"": true, ""visible_ids"": [""v1:31"", ""v2:31""], ""snapshot_polls"": 1}"
20260918T140141Z_d0b63c0a,32,normal,1789740103.8836925,1789740103.9064765,22.754,0,22.754,pass,,independent_snapshot,"{""prerequisite_acknowledged"": true, ""client_b_read_v1"": true, ""dependent_acknowledged"": true, ""visible_ids"": [""v1:32"", ""v2:32""], ""snapshot_polls"": 1}"
20260918T140141Z_d0b63c0a,33,normal,1789740103.9064765,1789740103.9277747,21.556,0,21.556,pass,,independent_snapshot,"{""prerequisite_acknowledged"": true, ""client_b_read_v1"": true, ""dependent_acknowledged"": true, ""visible_ids"": [""v1:33"", ""v2:33""], ""snapshot_polls"": 1}"
20260918T140141Z_d0b63c0a,34,normal,1789740103.9277747,1789740103.9514837,23.267,0,23.267,pass,,independent_snapshot,"{""prerequisite_acknowledged"": true, ""client_b_read_v1"": true, ""dependent_acknowledged"": true, ""visible_ids"": [""v1:34"", ""v2:34""], ""snapshot_polls"": 1}"
20260918T140141Z_d0b63c0a,35,normal,1789740103.9514837,1789740103.9754894,23.851,0,23.851,pass,,independent_snapshot,"{""prerequisite_acknowledged"": true, ""client_b_read_v1"": true, ""dependent_acknowledged"": true, ""visible_ids"": [""v1:35"", ""v2:35""], ""snapshot_polls"": 1}"
20260918T140141Z_d0b63c0a,36,normal,1789740103.9754894,1789740103.9999485,24.39,0,24.39,pass,,independent_snapshot,"{""prerequisite_acknowledged"": true, ""client_b_read_v1"": true, ""dependent_acknowledged"": true, ""visible_ids"": [""v1:36"", ""v2:36""], ""snapshot_polls"": 1}"
20260918T140141Z_d0b63c0a,37,normal,1789740104.0004578,1789740104.022415,22.487,0,22.487,pass,,independent_snapshot,"{""prerequisite_acknowledged"": true, ""client_b_read_v1"": true, ""dependent_acknowledged"": true, ""visible_ids"": [""v1:37"", ""v2:37""], ""snapshot_polls"": 1}"
20260918T140141Z_d0b63c0a,38,normal,1789740104.0230334,1789740104.04454,22.106,0,22.106,pass,,independent_snapshot,"{""prerequisite_acknowledged"": true, ""client_b_read_v1"": true, ""dependent_acknowledged"": true, ""visible_ids"": [""v1:38"", ""v2:38""], ""snapshot_polls"": 1}"
20260918T140141Z_d0b63c0a,39,normal,1789740104.04454,1789740104.0672066,22.265,0,22.265,pass,,independent_snapshot,"{""prerequisite_acknowledged"": true, ""client_b_read_v1"": true, ""dependent_acknowledged"": true, ""visible_ids"": [""v1:39"", ""v2:39""], ""snapshot_polls"": 1}"
20260918T140141Z_d0b63c0a,40,normal,1789740104.0672066,1789740104.0883338,20.766,0,20.766,pass,,independent_snapshot,"{""prerequisite_acknowledged"": true, ""client_b_read_v1"": true, ""dependent_acknowledged"": true, ""visible_ids"": [""v1:40"", ""v2:40""], ""snapshot_polls"": 1}"
20260918T140141Z_d0b63c0a,41,normal,1789740104.0883338,1789740104.1099868,21.409,0,21.409,pass,,independent_snapshot,"{""prerequisite_acknowledged"": true, ""client_b_read_v1"": true, ""dependent_acknowledged"": true, ""visible_ids"": [""v1:41"", ""v2:41""], ""snapshot_polls"": 1}"
20260918T140141Z_d0b63c0a,42,normal,1789740104.1099868,1789740104.1336246,23.71,0,23.71,pass,,independent_snapshot,"{""prerequisite_acknowledged"": true, ""client_b_read_v1"": true, ""dependent_acknowledged"": true, ""visible_ids"": [""v1:42"", ""v2:42""], ""snapshot_polls"": 1}"
20260918T140141Z_d0b63c0a,43,normal,1789740104.1336246,1789740104.155486,21.858,0,21.858,pass,,independent_snapshot,"{""prerequisite_acknowledged"": true, ""client_b_read_v1"": true, ""dependent_acknowledged"": true, ""visible_ids"": [""v1:43"", ""v2:43""], ""snapshot_polls"": 1}"
20260918T140141Z_d0b63c0a,44,normal,1789740104.155486,1789740104.1802087,24.625,0,24.625,pass,,independent_snapshot,"{""prerequisite_acknowledged"": true, ""client_b_read_v1"": true, ""dependent_acknowledged"": true, ""visible_ids"": [""v1:44"", ""v2:44""], ""snapshot_polls"": 1}"
20260918T140141Z_d0b63c0a,45,normal,1789740104.1802087,1789740104.2033558,23.016,0,23.016,pass,,independent_snapshot,"{""prerequisite_acknowledged"": true, ""client_b_read_v1"": true, ""dependent_acknowledged"": true, ""visible_ids"": [""v1:45"", ""v2:45""], ""snapshot_polls"": 1}"
20260918T140141Z_d0b63c0a,46,normal,1789740104.2033558,1789740104.2285597,25.137,0,25.137,pass,,independent_snapshot,"{""prerequisite_acknowledged"": true, ""client_b_read_v1"": true, ""dependent_acknowledged"": true, ""visible_ids"": [""v1:46"", ""v2:46""], ""snapshot_polls"": 1}"
20260918T140141Z_d0b63c0a,47,normal,1789740104.2285597,1789740104.2515054,22.767,0,22.767,pass,,independent_snapshot,"{""prerequisite_acknowledged"": true, ""client_b_read_v1"": true, ""dependent_acknowledged"": true, ""visible_ids"": [""v1:47"", ""v2:47""], ""snapshot_polls"": 1}"
20260918T140141Z_d0b63c0a,48,normal,1789740104.2515054,1789740104.2745013,22.919,0,22.919,pass,,independent_snapshot,"{""prerequisite_acknowledged"": true, ""client_b_read_v1"": true, ""dependent_acknowledged"": true, ""visible_ids"": [""v1:48"", ""v2:48""], ""snapshot_polls"": 1}"
20260918T140141Z_d0b63c0a,49,normal,1789740104.2745013,1789740104.295722,20.97,0,20.97,pass,,independent_snapshot,"{""prerequisite_acknowledged"": true, ""client_b_read_v1"": true, ""dependent_acknowledged"": true, ""visible_ids"": [""v1:49"", ""v2:49""], ""snapshot_polls"": 1}"
20260918T140141Z_d0b63c0a,50,normal,1789740104.295722,1789740104.3177447,21.923,0,21.923,pass,,independent_snapshot,"{""prerequisite_acknowledged"": true, ""client_b_read_v1"": true, ""dependent_acknowledged"": true, ""visible_ids"": [""v1:50"", ""v2:50""], ""snapshot_polls"": 1}"
20260918T140141Z_d0b63c0a,51,normal,1789740104.3177447,1789740104.3396523,22.099,0,22.099,pass,,independent_snapshot,"{""prerequisite_acknowledged"": true, ""client_b_read_v1"": true, ""dependent_acknowledged"": true, ""visible_ids"": [""v1:51"", ""v2:51""], ""snapshot_polls"": 1}"
20260918T140141Z_d0b63c0a,52,normal,1789740104.3396523,1789740104.3641217,24.293,0,24.293,pass,,independent_snapshot,"{""prerequisite_acknowledged"": true, ""client_b_read_v1"": true, ""dependent_acknowledged"": true, ""visible_ids"": [""v1:52"", ""v2:52""], ""snapshot_polls"": 1}"
20260918T140141Z_d0b63c0a,53,normal,1789740104.3641217,1789740104.3864827,22.811,0,22.811,pass,,independent_snapshot,"{""prerequisite_acknowledged"": true, ""client_b_read_v1"": true, ""dependent_acknowledged"": true, ""visible_ids"": [""v1:53"", ""v2:53""], ""snapshot_polls"": 1}"
20260918T140141Z_d0b63c0a,54,normal,1789740104.3864827,1789740104.4074826,19.954,0,19.954,pass,,independent_snapshot,"{""prerequisite_acknowledged"": true, ""client_b_read_v1"": true, ""dependent_acknowledged"": true, ""visible_ids"": [""v1:54"", ""v2:54""], ""snapshot_polls"": 1}"
20260918T140141Z_d0b63c0a,55,normal,1789740104.4074826,1789740104.429421,21.849,0,21.849,pass,,independent_snapshot,"{""prerequisite_acknowledged"": true, ""client_b_read_v1"": true, ""dependent_acknowledged"": true, ""visible_ids"": [""v1:55"", ""v2:55""], ""snapshot_polls"": 1}"
20260918T140141Z_d0b63c0a,56,normal,1789740104.429421,1789740104.4527378,23.313,0,23.313,pass,,independent_snapshot,"{""prerequisite_acknowledged"": true, ""client_b_read_v1"": true, ""dependent_acknowledged"": true, ""visible_ids"": [""v1:56"", ""v2:56""], ""snapshot_polls"": 1}"
20260918T140141Z_d0b63c0a,57,normal,1789740104.4527378,1789740104.475461,22.864,0,22.864,pass,,independent_snapshot,"{""prerequisite_acknowledged"": true, ""client_b_read_v1"": true, ""dependent_acknowledged"": true, ""visible_ids"": [""v1:57"", ""v2:57""], ""snapshot_polls"": 1}"
20260918T140141Z_d0b63c0a,58,normal,1789740104.475461,1789740104.4969747,21.35,0,21.35,pass,,independent_snapshot,"{""prerequisite_acknowledged"": true, ""client_b_read_v1"": true, ""dependent_acknowledged"": true, ""visible_ids"": [""v1:58"", ""v2:58""], ""snapshot_polls"": 1}"
20260918T140141Z_d0b63c0a,59,normal,1789740104.4975948,1789740104.5173266,19.996,0,19.996,pass,,independent_snapshot,"{""prerequisite_acknowledged"": true, ""client_b_read_v1"": true, ""dependent_acknowledged"": true, ""visible_ids"": [""v1:59"", ""v2:59""], ""snapshot_polls"": 1}"
20260918T140141Z_d0b63c0a,60,normal,1789740104.5173266,1789740104.5377421,20.43,0,20.43,pass,,independent_snapshot,"{""prerequisite_acknowledged"": true, ""client_b_read_v1"": true, ""dependent_acknowledged"": true, ""visible_ids"": [""v1:60"", ""v2:60""], ""snapshot_polls"": 1}"
20260918T140141Z_d0b63c0a,61,normal,1789740104.5377421,1789740104.5612657,23.119,0,23.119,pass,,independent_snapshot,"{""prerequisite_acknowledged"": true, ""client_b_read_v1"": true, ""dependent_acknowledged"": true, ""visible_ids"": [""v1:61"", ""v2:61""], ""snapshot_polls"": 1}"
20260918T140141Z_d0b63c0a,62,normal,1789740104.5612657,1789740104.582931,21.749,0,21.749,pass,,independent_snapshot,"{""prerequisite_acknowledged"": true, ""client_b_read_v1"": true, ""dependent_acknowledged"": true, ""visible_ids"": [""v1:62"", ""v2:62""], ""snapshot_polls"": 1}"
20260918T140141Z_d0b63c0a,63,normal,1789740104.582931,1789740104.604071,21.108,0,21.108,pass,,independent_snapshot,"{""prerequisite_acknowledged"": true, ""client_b_read_v1"": true, ""dependent_acknowledged"": true, ""visible_ids"": [""v1:63"", ""v2:63""], ""snapshot_polls"": 1}"
20260918T140141Z_d0b63c0a,64,normal,1789740104.604071,1789740104.625739,21.585,0,21.585,pass,,independent_snapshot,"{""prerequisite_acknowledged"": true, ""client_b_read_v1"": true, ""dependent_acknowledged"": true, ""visible_ids"": [""v1:64"", ""v2:64""], ""snapshot_polls"": 1}"
20260918T140141Z_d0b63c0a,65,normal,1789740104.625739,1789740104.648378,22.505,0,22.505,pass,,independent_snapshot,"{""prerequisite_acknowledged"": true, ""client_b_read_v1"": true, ""dependent_acknowledged"": true, ""visible_ids"": [""v1:65"", ""v2:65""], ""snapshot_polls"": 1}"
20260918T140141Z_d0b63c0a,66,normal,1789740104.648378,1789740104.6705718,21.899,0,21.899,pass,,independent_snapshot,"{""prerequisite_acknowledged"": true, ""client_b_read_v1"": true, ""dependent_acknowledged"": true, ""visible_ids"": [""v1:66"", ""v2:66""], ""snapshot_polls"": 1}"
20260918T140141Z_d0b63c0a,67,normal,1789740104.6705718,1789740104.6914325,20.859,0,20.859,pass,,independent_snapshot,"{""prerequisite_acknowledged"": true, ""client_b_read_v1"": true, ""dependent_acknowledged"": true, ""visible_ids"": [""v1:67"", ""v2:67""], ""snapshot_polls"": 1}"
20260918T140141Z_d0b63c0a,68,normal,1789740104.6920366,1789740104.7151666,23.55,0,23.55,pass,,independent_snapshot,"{""prerequisite_acknowledged"": true, ""client_b_read_v1"": true, ""dependent_acknowledged"": true, ""visible_ids"": [""v1:68"", ""v2:68""], ""snapshot_polls"": 1}"
20260918T140141Z_d0b63c0a,69,normal,1789740104.715727,1789740104.7365813,20.99,0,20.99,pass,,independent_snapshot,"{""prerequisite_acknowledged"": true, ""client_b_read_v1"": true, ""dependent_acknowledged"": true, ""visible_ids"": [""v1:69"", ""v2:69""], ""snapshot_polls"": 1}"
20260918T140141Z_d0b63c0a,70,normal,1789740104.7365813,1789740104.7572172,20.516,0,20.516,pass,,independent_snapshot,"{""prerequisite_acknowledged"": true, ""client_b_read_v1"": true, ""dependent_acknowledged"": true, ""visible_ids"": [""v1:70"", ""v2:70""], ""snapshot_polls"": 1}"
20260918T140141Z_d0b63c0a,71,normal,1789740104.7572172,1789740104.7783167,20.869,0,20.869,pass,,independent_snapshot,"{""prerequisite_acknowledged"": true, ""client_b_read_v1"": true, ""dependent_acknowledged"": true, ""visible_ids"": [""v1:71"", ""v2:71""], ""snapshot_polls"": 1}"
20260918T140141Z_d0b63c0a,72,normal,1789740104.7783167,1789740104.8005679,22.399,0,22.399,pass,,independent_snapshot,"{""prerequisite_acknowledged"": true, ""client_b_read_v1"": true, ""dependent_acknowledged"": true, ""visible_ids"": [""v1:72"", ""v2:72""], ""snapshot_polls"": 1}"
20260918T140141Z_d0b63c0a,73,normal,1789740104.8011138,1789740104.8263705,25.455,0,25.455,pass,,independent_snapshot,"{""prerequisite_acknowledged"": true, ""client_b_read_v1"": true, ""dependent_acknowledged"": true, ""visible_ids"": [""v1:73"", ""v2:73""], ""snapshot_polls"": 1}"
20260918T140141Z_d0b63c0a,74,normal,1789740104.8263705,1789740104.8504477,23.689,0,23.689,pass,,independent_snapshot,"{""prerequisite_acknowledged"": true, ""client_b_read_v1"": true, ""dependent_acknowledged"": true, ""visible_ids"": [""v1:74"", ""v2:74""], ""snapshot_polls"": 1}"
20260918T140141Z_d0b63c0a,75,normal,1789740104.8504477,1789740104.872846,22.28,0,22.28,pass,,independent_snapshot,"{""prerequisite_acknowledged"": true, ""client_b_read_v1"": true, ""dependent_acknowledged"": true, ""visible_ids"": [""v1:75"", ""v2:75""], ""snapshot_polls"": 1}"
20260918T140141Z_d0b63c0a,76,normal,1789740104.872846,1789740104.8954568,22.402,0,22.402,pass,,independent_snapshot,"{""prerequisite_acknowledged"": true, ""client_b_read_v1"": true, ""dependent_acknowledged"": true, ""visible_ids"": [""v1:76"", ""v2:76""], ""snapshot_polls"": 1}"
20260918T140141Z_d0b63c0a,77,normal,1789740104.8954568,1789740104.9174738,22.222,0,22.222,pass,,independent_snapshot,"{""prerequisite_acknowledged"": true, ""client_b_read_v1"": true, ""dependent_acknowledged"": true, ""visible_ids"": [""v1:77"", ""v2:77""], ""snapshot_polls"": 1}"
20260918T140141Z_d0b63c0a,78,normal,1789740104.9174738,1789740104.9406145,23.098,0,23.098,pass,,independent_snapshot,"{""prerequisite_acknowledged"": true, ""client_b_read_v1"": true, ""dependent_acknowledged"": true, ""visible_ids"": [""v1:78"", ""v2:78""], ""snapshot_polls"": 1}"
20260918T140141Z_d0b63c0a,79,normal,1789740104.9406145,1789740104.9623563,21.436,0,21.436,pass,,independent_snapshot,"{""prerequisite_acknowledged"": true, ""client_b_read_v1"": true, ""dependent_acknowledged"": true, ""visible_ids"": [""v1:79"", ""v2:79""], ""snapshot_polls"": 1}"
20260918T140141Z_d0b63c0a,80,normal,1789740104.9623563,1789740104.98436,21.831,0,21.831,pass,,independent_snapshot,"{""prerequisite_acknowledged"": true, ""client_b_read_v1"": true, ""dependent_acknowledged"": true, ""visible_ids"": [""v1:80"", ""v2:80""], ""snapshot_polls"": 1}"
20260918T140141Z_d0b63c0a,81,normal,1789740104.98436,1789740105.0064812,21.904,0,21.904,pass,,independent_snapshot,"{""prerequisite_acknowledged"": true, ""client_b_read_v1"": true, ""dependent_acknowledged"": true, ""visible_ids"": [""v1:81"", ""v2:81""], ""snapshot_polls"": 1}"
20260918T140141Z_d0b63c0a,82,normal,1789740105.0064812,1789740105.0275831,21.447,0,21.447,pass,,independent_snapshot,"{""prerequisite_acknowledged"": true, ""client_b_read_v1"": true, ""dependent_acknowledged"": true, ""visible_ids"": [""v1:82"", ""v2:82""], ""snapshot_polls"": 1}"
20260918T140141Z_d0b63c0a,83,normal,1789740105.028139,1789740105.0497003,21.87,0,21.87,pass,,independent_snapshot,"{""prerequisite_acknowledged"": true, ""client_b_read_v1"": true, ""dependent_acknowledged"": true, ""visible_ids"": [""v1:83"", ""v2:83""], ""snapshot_polls"": 1}"
20260918T140141Z_d0b63c0a,84,normal,1789740105.0497003,1789740105.0727792,22.756,0,22.756,pass,,independent_snapshot,"{""prerequisite_acknowledged"": true, ""client_b_read_v1"": true, ""dependent_acknowledged"": true, ""visible_ids"": [""v1:84"", ""v2:84""], ""snapshot_polls"": 1}"
20260918T140141Z_d0b63c0a,85,normal,1789740105.0727792,1789740105.0968103,24.07,0,24.07,pass,,independent_snapshot,"{""prerequisite_acknowledged"": true, ""client_b_read_v1"": true, ""dependent_acknowledged"": true, ""visible_ids"": [""v1:85"", ""v2:85""], ""snapshot_polls"": 1}"
20260918T140141Z_d0b63c0a,86,normal,1789740105.0968103,1789740105.1174943,20.635,0,20.635,pass,,independent_snapshot,"{""prerequisite_acknowledged"": true, ""client_b_read_v1"": true, ""dependent_acknowledged"": true, ""visible_ids"": [""v1:86"", ""v2:86""], ""snapshot_polls"": 1}"
20260918T140141Z_d0b63c0a,87,normal,1789740105.1174943,1789740105.1402988,22.496,0,22.496,pass,,independent_snapshot,"{""prerequisite_acknowledged"": true, ""client_b_read_v1"": true, ""dependent_acknowledged"": true, ""visible_ids"": [""v1:87"", ""v2:87""], ""snapshot_polls"": 1}"
20260918T140141Z_d0b63c0a,88,normal,1789740105.1402988,1789740105.1618094,21.442,0,21.442,pass,,independent_snapshot,"{""prerequisite_acknowledged"": true, ""client_b_read_v1"": true, ""dependent_acknowledged"": true, ""visible_ids"": [""v1:88"", ""v2:88""], ""snapshot_polls"": 1}"
20260918T140141Z_d0b63c0a,89,normal,1789740105.1618094,1789740105.1849182,22.974,0,22.974,pass,,independent_snapshot,"{""prerequisite_acknowledged"": true, ""client_b_read_v1"": true, ""dependent_acknowledged"": true, ""visible_ids"": [""v1:89"", ""v2:89""], ""snapshot_polls"": 1}"
20260918T140141Z_d0b63c0a,90,normal,1789740105.1854708,1789740105.2064016,20.994,0,20.994,pass,,independent_snapshot,"{""prerequisite_acknowledged"": true, ""client_b_read_v1"": true, ""dependent_acknowledged"": true, ""visible_ids"": [""v1:90"", ""v2:90""], ""snapshot_polls"": 1}"
20260918T140141Z_d0b63c0a,91,normal,1789740105.2064016,1789740105.227687,21.534,0,21.534,pass,,independent_snapshot,"{""prerequisite_acknowledged"": true, ""client_b_read_v1"": true, ""dependent_acknowledged"": true, ""visible_ids"": [""v1:91"", ""v2:91""], ""snapshot_polls"": 1}"
20260918T140141Z_d0b63c0a,92,normal,1789740105.227687,1789740105.2490897,20.933,0,20.933,pass,,independent_snapshot,"{""prerequisite_acknowledged"": true, ""client_b_read_v1"": true, ""dependent_acknowledged"": true, ""visible_ids"": [""v1:92"", ""v2:92""], ""snapshot_polls"": 1}"
20260918T140141Z_d0b63c0a,93,normal,1789740105.2490897,1789740105.2696414,20.723,0,20.723,pass,,independent_snapshot,"{""prerequisite_acknowledged"": true, ""client_b_read_v1"": true, ""dependent_acknowledged"": true, ""visible_ids"": [""v1:93"", ""v2:93""], ""snapshot_polls"": 1}"
20260918T140141Z_d0b63c0a,94,normal,1789740105.2696414,1789740105.29145,21.401,0,21.401,pass,,independent_snapshot,"{""prerequisite_acknowledged"": true, ""client_b_read_v1"": true, ""dependent_acknowledged"": true, ""visible_ids"": [""v1:94"", ""v2:94""], ""snapshot_polls"": 1}"
20260918T140141Z_d0b63c0a,95,normal,1789740105.29145,1789740105.3140347,22.919,0,22.919,pass,,independent_snapshot,"{""prerequisite_acknowledged"": true, ""client_b_read_v1"": true, ""dependent_acknowledged"": true, ""visible_ids"": [""v1:95"", ""v2:95""], ""snapshot_polls"": 1}"
20260918T140141Z_d0b63c0a,96,normal,1789740105.3140347,1789740105.3372211,23.065,0,23.065,pass,,independent_snapshot,"{""prerequisite_acknowledged"": true, ""client_b_read_v1"": true, ""dependent_acknowledged"": true, ""visible_ids"": [""v1:96"", ""v2:96""], ""snapshot_polls"": 1}"
20260918T140141Z_d0b63c0a,97,normal,1789740105.337847,1789740105.360124,22.719,0,22.719,pass,,independent_snapshot,"{""prerequisite_acknowledged"": true, ""client_b_read_v1"": true, ""dependent_acknowledged"": true, ""visible_ids"": [""v1:97"", ""v2:97""], ""snapshot_polls"": 1}"
20260918T140141Z_d0b63c0a,98,normal,1789740105.360124,1789740105.3813562,21.225,0,21.225,pass,,independent_snapshot,"{""prerequisite_acknowledged"": true, ""client_b_read_v1"": true, ""dependent_acknowledged"": true, ""visible_ids"": [""v1:98"", ""v2:98""], ""snapshot_polls"": 1}"
20260918T140141Z_d0b63c0a,99,normal,1789740105.3819497,1789740105.4037619,22.168,0,22.168,pass,,independent_snapshot,"{""prerequisite_acknowledged"": true, ""client_b_read_v1"": true, ""dependent_acknowledged"": true, ""visible_ids"": [""v1:99"", ""v2:99""], ""snapshot_polls"": 1}"
20260918T140141Z_d0b63c0a,100,normal,1789740105.4037619,1789740105.42588,21.903,0,21.903,pass,,independent_snapshot,"{""prerequisite_acknowledged"": true, ""client_b_read_v1"": true, ""dependent_acknowledged"": true, ""visible_ids"": [""v1:100"", ""v2:100""], ""snapshot_polls"": 1}"
20260918T140141Z_d0b63c0a,101,normal,1789740105.4265723,1789740105.4484174,21.689,0,21.689,pass,,independent_snapshot,"{""prerequisite_acknowledged"": true, ""client_b_read_v1"": true, ""dependent_acknowledged"": true, ""visible_ids"": [""v1:101"", ""v2:101""], ""snapshot_polls"": 1}"
20260918T140141Z_d0b63c0a,102,normal,1789740105.4484174,1789740105.470957,22.771,0,22.771,pass,,independent_snapshot,"{""prerequisite_acknowledged"": true, ""client_b_read_v1"": true, ""dependent_acknowledged"": true, ""visible_ids"": [""v1:102"", ""v2:102""], ""snapshot_polls"": 1}"
20260918T140141Z_d0b63c0a,103,normal,1789740105.4716597,1789740105.4930305,21.592,0,21.592,pass,,independent_snapshot,"{""prerequisite_acknowledged"": true, ""client_b_read_v1"": true, ""dependent_acknowledged"": true, ""visible_ids"": [""v1:103"", ""v2:103""], ""snapshot_polls"": 1}"
20260918T140141Z_d0b63c0a,104,normal,1789740105.4930305,1789740105.5149584,21.628,0,21.628,pass,,independent_snapshot,"{""prerequisite_acknowledged"": true, ""client_b_read_v1"": true, ""dependent_acknowledged"": true, ""visible_ids"": [""v1:104"", ""v2:104""], ""snapshot_polls"": 1}"
20260918T140141Z_d0b63c0a,105,normal,1789740105.5149584,1789740105.5373478,22.289,0,22.289,pass,,independent_snapshot,"{""prerequisite_acknowledged"": true, ""client_b_read_v1"": true, ""dependent_acknowledged"": true, ""visible_ids"": [""v1:105"", ""v2:105""], ""snapshot_polls"": 1}"
20260918T140141Z_d0b63c0a,106,normal,1789740105.5373478,1789740105.5580814,20.634,0,20.634,pass,,independent_snapshot,"{""prerequisite_acknowledged"": true, ""client_b_read_v1"": true, ""dependent_acknowledged"": true, ""visible_ids"": [""v1:106"", ""v2:106""], ""snapshot_polls"": 1}"
20260918T140141Z_d0b63c0a,107,normal,1789740105.5580814,1789740105.5805883,22.685,0,22.685,pass,,independent_snapshot,"{""prerequisite_acknowledged"": true, ""client_b_read_v1"": true, ""dependent_acknowledged"": true, ""visible_ids"": [""v1:107"", ""v2:107""], ""snapshot_polls"": 1}"
20260918T140141Z_d0b63c0a,108,normal,1789740105.5805883,1789740105.6029723,21.99,0,21.99,pass,,independent_snapshot,"{""prerequisite_acknowledged"": true, ""client_b_read_v1"": true, ""dependent_acknowledged"": true, ""visible_ids"": [""v1:108"", ""v2:108""], ""snapshot_polls"": 1}"
20260918T140141Z_d0b63c0a,109,normal,1789740105.6029723,1789740105.6241422,21.436,0,21.436,pass,,independent_snapshot,"{""prerequisite_acknowledged"": true, ""client_b_read_v1"": true, ""dependent_acknowledged"": true, ""visible_ids"": [""v1:109"", ""v2:109""], ""snapshot_polls"": 1}"
20260918T140141Z_d0b63c0a,110,normal,1789740105.6241422,1789740105.6460917,21.792,0,21.792,pass,,independent_snapshot,"{""prerequisite_acknowledged"": true, ""client_b_read_v1"": true, ""dependent_acknowledged"": true, ""visible_ids"": [""v1:110"", ""v2:110""], ""snapshot_polls"": 1}"
20260918T140141Z_d0b63c0a,111,normal,1789740105.6460917,1789740105.6675067,21.22,0,21.22,pass,,independent_snapshot,"{""prerequisite_acknowledged"": true, ""client_b_read_v1"": true, ""dependent_acknowledged"": true, ""visible_ids"": [""v1:111"", ""v2:111""], ""snapshot_polls"": 1}"
20260918T140141Z_d0b63c0a,112,normal,1789740105.6675067,1789740105.6893039,21.985,0,21.985,pass,,independent_snapshot,"{""prerequisite_acknowledged"": true, ""client_b_read_v1"": true, ""dependent_acknowledged"": true, ""visible_ids"": [""v1:112"", ""v2:112""], ""snapshot_polls"": 1}"
20260918T140141Z_d0b63c0a,113,normal,1789740105.6899493,1789740105.7115285,21.598,0,21.598,pass,,independent_snapshot,"{""prerequisite_acknowledged"": true, ""client_b_read_v1"": true, ""dependent_acknowledged"": true, ""visible_ids"": [""v1:113"", ""v2:113""], ""snapshot_polls"": 1}"
20260918T140141Z_d0b63c0a,114,normal,1789740105.7115285,1789740105.7317011,20.228,0,20.228,pass,,independent_snapshot,"{""prerequisite_acknowledged"": true, ""client_b_read_v1"": true, ""dependent_acknowledged"": true, ""visible_ids"": [""v1:114"", ""v2:114""], ""snapshot_polls"": 1}"
20260918T140141Z_d0b63c0a,115,normal,1789740105.7317011,1789740105.7530887,21.291,0,21.291,pass,,independent_snapshot,"{""prerequisite_acknowledged"": true, ""client_b_read_v1"": true, ""dependent_acknowledged"": true, ""visible_ids"": [""v1:115"", ""v2:115""], ""snapshot_polls"": 1}"
20260918T140141Z_d0b63c0a,116,normal,1789740105.7530887,1789740105.7751615,21.78,0,21.78,pass,,independent_snapshot,"{""prerequisite_acknowledged"": true, ""client_b_read_v1"": true, ""dependent_acknowledged"": true, ""visible_ids"": [""v1:116"", ""v2:116""], ""snapshot_polls"": 1}"
20260918T140141Z_d0b63c0a,117,normal,1789740105.7751615,1789740105.7973275,21.921,0,21.921,pass,,independent_snapshot,"{""prerequisite_acknowledged"": true, ""client_b_read_v1"": true, ""dependent_acknowledged"": true, ""visible_ids"": [""v1:117"", ""v2:117""], ""snapshot_polls"": 1}"
20260918T140141Z_d0b63c0a,118,normal,1789740105.7973275,1789740105.8184242,21.185,0,21.185,pass,,independent_snapshot,"{""prerequisite_acknowledged"": true, ""client_b_read_v1"": true, ""dependent_acknowledged"": true, ""visible_ids"": [""v1:118"", ""v2:118""], ""snapshot_polls"": 1}"
20260918T140141Z_d0b63c0a,119,normal,1789740105.8184242,1789740105.8407457,22.325,0,22.325,pass,,independent_snapshot,"{""prerequisite_acknowledged"": true, ""client_b_read_v1"": true, ""dependent_acknowledged"": true, ""visible_ids"": [""v1:119"", ""v2:119""], ""snapshot_polls"": 1}"
20260918T140141Z_d0b63c0a,120,normal,1789740105.8407457,1789740105.8637412,22.666,0,22.666,pass,,independent_snapshot,"{""prerequisite_acknowledged"": true, ""client_b_read_v1"": true, ""dependent_acknowledged"": true, ""visible_ids"": [""v1:120"", ""v2:120""], ""snapshot_polls"": 1}"
20260918T140141Z_d0b63c0a,121,normal,1789740105.8637412,1789740105.8879802,24.549,0,24.549,pass,,independent_snapshot,"{""prerequisite_acknowledged"": true, ""client_b_read_v1"": true, ""dependent_acknowledged"": true, ""visible_ids"": [""v1:121"", ""v2:121""], ""snapshot_polls"": 1}"
20260918T140141Z_d0b63c0a,122,normal,1789740105.8879802,1789740105.9125028,23.909,0,23.909,pass,,independent_snapshot,"{""prerequisite_acknowledged"": true, ""client_b_read_v1"": true, ""dependent_acknowledged"": true, ""visible_ids"": [""v1:122"", ""v2:122""], ""snapshot_polls"": 1}"
20260918T140141Z_d0b63c0a,123,normal,1789740105.9125028,1789740105.9341326,21.968,0,21.968,pass,,independent_snapshot,"{""prerequisite_acknowledged"": true, ""client_b_read_v1"": true, ""dependent_acknowledged"": true, ""visible_ids"": [""v1:123"", ""v2:123""], ""snapshot_polls"": 1}"
20260918T140141Z_d0b63c0a,124,normal,1789740105.9341326,1789740105.95719,22.503,0,22.503,pass,,independent_snapshot,"{""prerequisite_acknowledged"": true, ""client_b_read_v1"": true, ""dependent_acknowledged"": true, ""visible_ids"": [""v1:124"", ""v2:124""], ""snapshot_polls"": 1}"
20260918T140141Z_d0b63c0a,125,normal,1789740105.95719,1789740105.978859,21.802,0,21.802,pass,,independent_snapshot,"{""prerequisite_acknowledged"": true, ""client_b_read_v1"": true, ""dependent_acknowledged"": true, ""visible_ids"": [""v1:125"", ""v2:125""], ""snapshot_polls"": 1}"
20260918T140141Z_d0b63c0a,126,normal,1789740105.978859,1789740105.9993439,20.554,0,20.554,pass,,independent_snapshot,"{""prerequisite_acknowledged"": true, ""client_b_read_v1"": true, ""dependent_acknowledged"": true, ""visible_ids"": [""v1:126"", ""v2:126""], ""snapshot_polls"": 1}"
20260918T140141Z_d0b63c0a,127,normal,1789740105.9993439,1789740106.0187228,18.847,0,18.847,pass,,independent_snapshot,"{""prerequisite_acknowledged"": true, ""client_b_read_v1"": true, ""dependent_acknowledged"": true, ""visible_ids"": [""v1:127"", ""v2:127""], ""snapshot_polls"": 1}"
20260918T140141Z_d0b63c0a,128,normal,1789740106.0187228,1789740106.0387993,20.012,0,20.012,pass,,independent_snapshot,"{""prerequisite_acknowledged"": true, ""client_b_read_v1"": true, ""dependent_acknowledged"": true, ""visible_ids"": [""v1:128"", ""v2:128""], ""snapshot_polls"": 1}"
20260918T140141Z_d0b63c0a,129,normal,1789740106.0387993,1789740106.0586605,20.087,0,20.087,pass,,independent_snapshot,"{""prerequisite_acknowledged"": true, ""client_b_read_v1"": true, ""dependent_acknowledged"": true, ""visible_ids"": [""v1:129"", ""v2:129""], ""snapshot_polls"": 1}"
20260918T140141Z_d0b63c0a,130,normal,1789740106.0586605,1789740106.078464,19.691,0,19.691,pass,,independent_snapshot,"{""prerequisite_acknowledged"": true, ""client_b_read_v1"": true, ""dependent_acknowledged"": true, ""visible_ids"": [""v1:130"", ""v2:130""], ""snapshot_polls"": 1}"
20260918T140141Z_d0b63c0a,131,normal,1789740106.0790324,1789740106.0991633,20.595,0,20.595,pass,,independent_snapshot,"{""prerequisite_acknowledged"": true, ""client_b_read_v1"": true, ""dependent_acknowledged"": true, ""visible_ids"": [""v1:131"", ""v2:131""], ""snapshot_polls"": 1}"
20260918T140141Z_d0b63c0a,132,normal,1789740106.0997655,1789740106.1204453,21.179,0,21.179,pass,,independent_snapshot,"{""prerequisite_acknowledged"": true, ""client_b_read_v1"": true, ""dependent_acknowledged"": true, ""visible_ids"": [""v1:132"", ""v2:132""], ""snapshot_polls"": 1}"
20260918T140141Z_d0b63c0a,133,normal,1789740106.1210334,1789740106.1430967,22.433,0,22.433,pass,,independent_snapshot,"{""prerequisite_acknowledged"": true, ""client_b_read_v1"": true, ""dependent_acknowledged"": true, ""visible_ids"": [""v1:133"", ""v2:133""], ""snapshot_polls"": 1}"
20260918T140141Z_d0b63c0a,134,normal,1789740106.1430967,1789740106.1659348,22.943,0,22.943,pass,,independent_snapshot,"{""prerequisite_acknowledged"": true, ""client_b_read_v1"": true, ""dependent_acknowledged"": true, ""visible_ids"": [""v1:134"", ""v2:134""], ""snapshot_polls"": 1}"
20260918T140141Z_d0b63c0a,135,normal,1789740106.166592,1789740106.1887703,22.379,0,22.379,pass,,independent_snapshot,"{""prerequisite_acknowledged"": true, ""client_b_read_v1"": true, ""dependent_acknowledged"": true, ""visible_ids"": [""v1:135"", ""v2:135""], ""snapshot_polls"": 1}"
20260918T140141Z_d0b63c0a,136,normal,1789740106.1887703,1789740106.209914,21.049,0,21.049,pass,,independent_snapshot,"{""prerequisite_acknowledged"": true, ""client_b_read_v1"": true, ""dependent_acknowledged"": true, ""visible_ids"": [""v1:136"", ""v2:136""], ""snapshot_polls"": 1}"
20260918T140141Z_d0b63c0a,137,normal,1789740106.209914,1789740106.2305648,20.437,0,20.437,pass,,independent_snapshot,"{""prerequisite_acknowledged"": true, ""client_b_read_v1"": true, ""dependent_acknowledged"": true, ""visible_ids"": [""v1:137"", ""v2:137""], ""snapshot_polls"": 1}"
20260918T140141Z_d0b63c0a,138,normal,1789740106.2305648,1789740106.2511127,20.279,0,20.279,pass,,independent_snapshot,"{""prerequisite_acknowledged"": true, ""client_b_read_v1"": true, ""dependent_acknowledged"": true, ""visible_ids"": [""v1:138"", ""v2:138""], ""snapshot_polls"": 1}"
20260918T140141Z_d0b63c0a,139,normal,1789740106.2511127,1789740106.271862,21.0,0,21.0,pass,,independent_snapshot,"{""prerequisite_acknowledged"": true, ""client_b_read_v1"": true, ""dependent_acknowledged"": true, ""visible_ids"": [""v1:139"", ""v2:139""], ""snapshot_polls"": 1}"
20260918T140141Z_d0b63c0a,140,normal,1789740106.271862,1789740106.2935116,21.38,0,21.38,pass,,independent_snapshot,"{""prerequisite_acknowledged"": true, ""client_b_read_v1"": true, ""dependent_acknowledged"": true, ""visible_ids"": [""v1:140"", ""v2:140""], ""snapshot_polls"": 1}"
20260918T140141Z_d0b63c0a,141,normal,1789740106.2935116,1789740106.3154593,21.705,0,21.705,pass,,independent_snapshot,"{""prerequisite_acknowledged"": true, ""client_b_read_v1"": true, ""dependent_acknowledged"": true, ""visible_ids"": [""v1:141"", ""v2:141""], ""snapshot_polls"": 1}"
20260918T140141Z_d0b63c0a,142,normal,1789740106.3154593,1789740106.3372886,21.699,0,21.699,pass,,independent_snapshot,"{""prerequisite_acknowledged"": true, ""client_b_read_v1"": true, ""dependent_acknowledged"": true, ""visible_ids"": [""v1:142"", ""v2:142""], ""snapshot_polls"": 1}"
20260918T140141Z_d0b63c0a,143,normal,1789740106.3372886,1789740106.358997,21.657,0,21.657,pass,,independent_snapshot,"{""prerequisite_acknowledged"": true, ""client_b_read_v1"": true, ""dependent_acknowledged"": true, ""visible_ids"": [""v1:143"", ""v2:143""], ""snapshot_polls"": 1}"
20260918T140141Z_d0b63c0a,144,normal,1789740106.358997,1789740106.3792384,20.494,0,20.494,pass,,independent_snapshot,"{""prerequisite_acknowledged"": true, ""client_b_read_v1"": true, ""dependent_acknowledged"": true, ""visible_ids"": [""v1:144"", ""v2:144""], ""snapshot_polls"": 1}"
20260918T140141Z_d0b63c0a,145,normal,1789740106.3798072,1789740106.398931,19.358,0,19.358,pass,,independent_snapshot,"{""prerequisite_acknowledged"": true, ""client_b_read_v1"": true, ""dependent_acknowledged"": true, ""visible_ids"": [""v1:145"", ""v2:145""], ""snapshot_polls"": 1}"
20260918T140141Z_d0b63c0a,146,normal,1789740106.398931,1789740106.4187326,19.748,0,19.748,pass,,independent_snapshot,"{""prerequisite_acknowledged"": true, ""client_b_read_v1"": true, ""dependent_acknowledged"": true, ""visible_ids"": [""v1:146"", ""v2:146""], ""snapshot_polls"": 1}"
20260918T140141Z_d0b63c0a,147,normal,1789740106.4187326,1789740106.4400396,20.914,0,20.914,pass,,independent_snapshot,"{""prerequisite_acknowledged"": true, ""client_b_read_v1"": true, ""dependent_acknowledged"": true, ""visible_ids"": [""v1:147"", ""v2:147""], ""snapshot_polls"": 1}"
20260918T140141Z_d0b63c0a,148,normal,1789740106.4400396,1789740106.4628341,22.689,0,22.689,pass,,independent_snapshot,"{""prerequisite_acknowledged"": true, ""client_b_read_v1"": true, ""dependent_acknowledged"": true, ""visible_ids"": [""v1:148"", ""v2:148""], ""snapshot_polls"": 1}"
20260918T140141Z_d0b63c0a,149,normal,1789740106.4628341,1789740106.484698,21.799,0,21.799,pass,,independent_snapshot,"{""prerequisite_acknowledged"": true, ""client_b_read_v1"": true, ""dependent_acknowledged"": true, ""visible_ids"": [""v1:149"", ""v2:149""], ""snapshot_polls"": 1}"
20260918T140141Z_d0b63c0a,150,normal,1789740106.484698,1789740106.505792,20.816,0,20.816,pass,,independent_snapshot,"{""prerequisite_acknowledged"": true, ""client_b_read_v1"": true, ""dependent_acknowledged"": true, ""visible_ids"": [""v1:150"", ""v2:150""], ""snapshot_polls"": 1}"
20260918T140141Z_d0b63c0a,151,normal,1789740106.505792,1789740106.527073,21.253,0,21.253,pass,,independent_snapshot,"{""prerequisite_acknowledged"": true, ""client_b_read_v1"": true, ""dependent_acknowledged"": true, ""visible_ids"": [""v1:151"", ""v2:151""], ""snapshot_polls"": 1}"
20260918T140141Z_d0b63c0a,152,normal,1789740106.527073,1789740106.5479846,20.804,0,20.804,pass,,independent_snapshot,"{""prerequisite_acknowledged"": true, ""client_b_read_v1"": true, ""dependent_acknowledged"": true, ""visible_ids"": [""v1:152"", ""v2:152""], ""snapshot_polls"": 1}"
20260918T140141Z_d0b63c0a,153,normal,1789740106.5479846,1789740106.571559,23.309,0,23.309,pass,,independent_snapshot,"{""prerequisite_acknowledged"": true, ""client_b_read_v1"": true, ""dependent_acknowledged"": true, ""visible_ids"": [""v1:153"", ""v2:153""], ""snapshot_polls"": 1}"
20260918T140141Z_d0b63c0a,154,normal,1789740106.571559,1789740106.5936384,22.011,0,22.011,pass,,independent_snapshot,"{""prerequisite_acknowledged"": true, ""client_b_read_v1"": true, ""dependent_acknowledged"": true, ""visible_ids"": [""v1:154"", ""v2:154""], ""snapshot_polls"": 1}"
20260918T140141Z_d0b63c0a,155,normal,1789740106.5936384,1789740106.6158092,21.923,0,21.923,pass,,independent_snapshot,"{""prerequisite_acknowledged"": true, ""client_b_read_v1"": true, ""dependent_acknowledged"": true, ""visible_ids"": [""v1:155"", ""v2:155""], ""snapshot_polls"": 1}"
20260918T140141Z_d0b63c0a,156,normal,1789740106.6158092,1789740106.637185,21.41,0,21.41,pass,,independent_snapshot,"{""prerequisite_acknowledged"": true, ""client_b_read_v1"": true, ""dependent_acknowledged"": true, ""visible_ids"": [""v1:156"", ""v2:156""], ""snapshot_polls"": 1}"
20260918T140141Z_d0b63c0a,157,normal,1789740106.637185,1789740106.6587296,21.729,0,21.729,pass,,independent_snapshot,"{""prerequisite_acknowledged"": true, ""client_b_read_v1"": true, ""dependent_acknowledged"": true, ""visible_ids"": [""v1:157"", ""v2:157""], ""snapshot_polls"": 1}"
20260918T140141Z_d0b63c0a,158,normal,1789740106.6593237,1789740106.6806448,21.747,0,21.747,pass,,independent_snapshot,"{""prerequisite_acknowledged"": true, ""client_b_read_v1"": true, ""dependent_acknowledged"": true, ""visible_ids"": [""v1:158"", ""v2:158""], ""snapshot_polls"": 1}"
20260918T140141Z_d0b63c0a,159,normal,1789740106.6806448,1789740106.7019262,20.982,0,20.982,pass,,independent_snapshot,"{""prerequisite_acknowledged"": true, ""client_b_read_v1"": true, ""dependent_acknowledged"": true, ""visible_ids"": [""v1:159"", ""v2:159""], ""snapshot_polls"": 1}"
20260918T140141Z_d0b63c0a,160,normal,1789740106.7019262,1789740106.7220085,20.283,0,20.283,pass,,independent_snapshot,"{""prerequisite_acknowledged"": true, ""client_b_read_v1"": true, ""dependent_acknowledged"": true, ""visible_ids"": [""v1:160"", ""v2:160""], ""snapshot_polls"": 1}"
20260918T140141Z_d0b63c0a,161,normal,1789740106.7226646,1789740106.743094,20.96,0,20.96,pass,,independent_snapshot,"{""prerequisite_acknowledged"": true, ""client_b_read_v1"": true, ""dependent_acknowledged"": true, ""visible_ids"": [""v1:161"", ""v2:161""], ""snapshot_polls"": 1}"
20260918T140141Z_d0b63c0a,162,normal,1789740106.7437305,1789740106.7659478,22.576,0,22.576,pass,,independent_snapshot,"{""prerequisite_acknowledged"": true, ""client_b_read_v1"": true, ""dependent_acknowledged"": true, ""visible_ids"": [""v1:162"", ""v2:162""], ""snapshot_polls"": 1}"
20260918T140141Z_d0b63c0a,163,normal,1789740106.7659478,1789740106.7898755,23.519,0,23.519,pass,,independent_snapshot,"{""prerequisite_acknowledged"": true, ""client_b_read_v1"": true, ""dependent_acknowledged"": true, ""visible_ids"": [""v1:163"", ""v2:163""], ""snapshot_polls"": 1}"
20260918T140141Z_d0b63c0a,164,normal,1789740106.7898755,1789740106.811302,21.662,0,21.662,pass,,independent_snapshot,"{""prerequisite_acknowledged"": true, ""client_b_read_v1"": true, ""dependent_acknowledged"": true, ""visible_ids"": [""v1:164"", ""v2:164""], ""snapshot_polls"": 1}"
20260918T140141Z_d0b63c0a,165,normal,1789740106.811302,1789740106.8321595,20.667,0,20.667,pass,,independent_snapshot,"{""prerequisite_acknowledged"": true, ""client_b_read_v1"": true, ""dependent_acknowledged"": true, ""visible_ids"": [""v1:165"", ""v2:165""], ""snapshot_polls"": 1}"
20260918T140141Z_d0b63c0a,166,normal,1789740106.8321595,1789740106.852699,20.476,0,20.476,pass,,independent_snapshot,"{""prerequisite_acknowledged"": true, ""client_b_read_v1"": true, ""dependent_acknowledged"": true, ""visible_ids"": [""v1:166"", ""v2:166""], ""snapshot_polls"": 1}"
20260918T140141Z_d0b63c0a,167,normal,1789740106.852699,1789740106.8744862,21.426,0,21.426,pass,,independent_snapshot,"{""prerequisite_acknowledged"": true, ""client_b_read_v1"": true, ""dependent_acknowledged"": true, ""visible_ids"": [""v1:167"", ""v2:167""], ""snapshot_polls"": 1}"
20260918T140141Z_d0b63c0a,168,normal,1789740106.8744862,1789740106.895235,20.589,0,20.589,pass,,independent_snapshot,"{""prerequisite_acknowledged"": true, ""client_b_read_v1"": true, ""dependent_acknowledged"": true, ""visible_ids"": [""v1:168"", ""v2:168""], ""snapshot_polls"": 1}"
20260918T140141Z_d0b63c0a,169,normal,1789740106.895235,1789740106.9154236,20.362,0,20.362,pass,,independent_snapshot,"{""prerequisite_acknowledged"": true, ""client_b_read_v1"": true, ""dependent_acknowledged"": true, ""visible_ids"": [""v1:169"", ""v2:169""], ""snapshot_polls"": 1}"
20260918T140141Z_d0b63c0a,170,normal,1789740106.9154236,1789740106.9356387,20.051,0,20.051,pass,,independent_snapshot,"{""prerequisite_acknowledged"": true, ""client_b_read_v1"": true, ""dependent_acknowledged"": true, ""visible_ids"": [""v1:170"", ""v2:170""], ""snapshot_polls"": 1}"
20260918T140141Z_d0b63c0a,171,normal,1789740106.9356387,1789740106.9550054,19.0,0,19.0,pass,,independent_snapshot,"{""prerequisite_acknowledged"": true, ""client_b_read_v1"": true, ""dependent_acknowledged"": true, ""visible_ids"": [""v1:171"", ""v2:171""], ""snapshot_polls"": 1}"
20260918T140141Z_d0b63c0a,172,normal,1789740106.9550054,1789740106.975608,20.646,0,20.646,pass,,independent_snapshot,"{""prerequisite_acknowledged"": true, ""client_b_read_v1"": true, ""dependent_acknowledged"": true, ""visible_ids"": [""v1:172"", ""v2:172""], ""snapshot_polls"": 1}"
20260918T140141Z_d0b63c0a,173,normal,1789740106.975608,1789740106.996822,21.177,0,21.177,pass,,independent_snapshot,"{""prerequisite_acknowledged"": true, ""client_b_read_v1"": true, ""dependent_acknowledged"": true, ""visible_ids"": [""v1:173"", ""v2:173""], ""snapshot_polls"": 1}"
20260918T140141Z_d0b63c0a,174,normal,1789740106.996822,1789740107.0185094,21.671,0,21.671,pass,,independent_snapshot,"{""prerequisite_acknowledged"": true, ""client_b_read_v1"": true, ""dependent_acknowledged"": true, ""visible_ids"": [""v1:174"", ""v2:174""], ""snapshot_polls"": 1}"
20260918T140141Z_d0b63c0a,175,normal,1789740107.0185094,1789740107.0405133,21.681,0,21.681,pass,,independent_snapshot,"{""prerequisite_acknowledged"": true, ""client_b_read_v1"": true, ""dependent_acknowledged"": true, ""visible_ids"": [""v1:175"", ""v2:175""], ""snapshot_polls"": 1}"
20260918T140141Z_d0b63c0a,176,normal,1789740107.0405133,1789740107.0612237,20.932,0,20.932,pass,,independent_snapshot,"{""prerequisite_acknowledged"": true, ""client_b_read_v1"": true, ""dependent_acknowledged"": true, ""visible_ids"": [""v1:176"", ""v2:176""], ""snapshot_polls"": 1}"
20260918T140141Z_d0b63c0a,177,normal,1789740107.0612237,1789740107.0832891,21.871,0,21.871,pass,,independent_snapshot,"{""prerequisite_acknowledged"": true, ""client_b_read_v1"": true, ""dependent_acknowledged"": true, ""visible_ids"": [""v1:177"", ""v2:177""], ""snapshot_polls"": 1}"
20260918T140141Z_d0b63c0a,178,normal,1789740107.0838895,1789740107.1046953,21.22,0,21.22,pass,,independent_snapshot,"{""prerequisite_acknowledged"": true, ""client_b_read_v1"": true, ""dependent_acknowledged"": true, ""visible_ids"": [""v1:178"", ""v2:178""], ""snapshot_polls"": 1}"
20260918T140141Z_d0b63c0a,179,normal,1789740107.1046953,1789740107.1291625,24.172,0,24.172,pass,,independent_snapshot,"{""prerequisite_acknowledged"": true, ""client_b_read_v1"": true, ""dependent_acknowledged"": true, ""visible_ids"": [""v1:179"", ""v2:179""], ""snapshot_polls"": 1}"
20260918T140141Z_d0b63c0a,180,normal,1789740107.1291625,1789740107.1547368,25.29,0,25.29,pass,,independent_snapshot,"{""prerequisite_acknowledged"": true, ""client_b_read_v1"": true, ""dependent_acknowledged"": true, ""visible_ids"": [""v1:180"", ""v2:180""], ""snapshot_polls"": 1}"
20260918T140141Z_d0b63c0a,181,normal,1789740107.1547368,1789740107.1793175,24.683,0,24.683,pass,,independent_snapshot,"{""prerequisite_acknowledged"": true, ""client_b_read_v1"": true, ""dependent_acknowledged"": true, ""visible_ids"": [""v1:181"", ""v2:181""], ""snapshot_polls"": 1}"
20260918T140141Z_d0b63c0a,182,normal,1789740107.1793175,1789740107.2047386,25.28,0,25.28,pass,,independent_snapshot,"{""prerequisite_acknowledged"": true, ""client_b_read_v1"": true, ""dependent_acknowledged"": true, ""visible_ids"": [""v1:182"", ""v2:182""], ""snapshot_polls"": 1}"
20260918T140141Z_d0b63c0a,183,normal,1789740107.2047386,1789740107.2303367,25.153,0,25.153,pass,,independent_snapshot,"{""prerequisite_acknowledged"": true, ""client_b_read_v1"": true, ""dependent_acknowledged"": true, ""visible_ids"": [""v1:183"", ""v2:183""], ""snapshot_polls"": 1}"
20260918T140141Z_d0b63c0a,184,normal,1789740107.2303367,1789740107.2536223,23.599,0,23.599,pass,,independent_snapshot,"{""prerequisite_acknowledged"": true, ""client_b_read_v1"": true, ""dependent_acknowledged"": true, ""visible_ids"": [""v1:184"", ""v2:184""], ""snapshot_polls"": 1}"
20260918T140141Z_d0b63c0a,185,normal,1789740107.2543387,1789740107.2783837,24.103,0,24.103,pass,,independent_snapshot,"{""prerequisite_acknowledged"": true, ""client_b_read_v1"": true, ""dependent_acknowledged"": true, ""visible_ids"": [""v1:185"", ""v2:185""], ""snapshot_polls"": 1}"
20260918T140141Z_d0b63c0a,186,normal,1789740107.2783837,1789740107.3014908,23.406,0,23.406,pass,,independent_snapshot,"{""prerequisite_acknowledged"": true, ""client_b_read_v1"": true, ""dependent_acknowledged"": true, ""visible_ids"": [""v1:186"", ""v2:186""], ""snapshot_polls"": 1}"
20260918T140141Z_d0b63c0a,187,normal,1789740107.30214,1789740107.3290102,27.298,0,27.298,pass,,independent_snapshot,"{""prerequisite_acknowledged"": true, ""client_b_read_v1"": true, ""dependent_acknowledged"": true, ""visible_ids"": [""v1:187"", ""v2:187""], ""snapshot_polls"": 1}"
20260918T140141Z_d0b63c0a,188,normal,1789740107.329531,1789740107.354571,25.197,0,25.197,pass,,independent_snapshot,"{""prerequisite_acknowledged"": true, ""client_b_read_v1"": true, ""dependent_acknowledged"": true, ""visible_ids"": [""v1:188"", ""v2:188""], ""snapshot_polls"": 1}"
20260918T140141Z_d0b63c0a,189,normal,1789740107.354571,1789740107.379191,24.277,0,24.277,pass,,independent_snapshot,"{""prerequisite_acknowledged"": true, ""client_b_read_v1"": true, ""dependent_acknowledged"": true, ""visible_ids"": [""v1:189"", ""v2:189""], ""snapshot_polls"": 1}"
20260918T140141Z_d0b63c0a,190,normal,1789740107.379191,1789740107.4034698,24.148,0,24.148,pass,,independent_snapshot,"{""prerequisite_acknowledged"": true, ""client_b_read_v1"": true, ""dependent_acknowledged"": true, ""visible_ids"": [""v1:190"", ""v2:190""], ""snapshot_polls"": 1}"
20260918T140141Z_d0b63c0a,191,normal,1789740107.4034698,1789740107.4267542,23.011,0,23.011,pass,,independent_snapshot,"{""prerequisite_acknowledged"": true, ""client_b_read_v1"": true, ""dependent_acknowledged"": true, ""visible_ids"": [""v1:191"", ""v2:191""], ""snapshot_polls"": 1}"
20260918T140141Z_d0b63c0a,192,normal,1789740107.4267542,1789740107.4515147,24.88,0,24.88,pass,,independent_snapshot,"{""prerequisite_acknowledged"": true, ""client_b_read_v1"": true, ""dependent_acknowledged"": true, ""visible_ids"": [""v1:192"", ""v2:192""], ""snapshot_polls"": 1}"
20260918T140141Z_d0b63c0a,193,normal,1789740107.4515147,1789740107.475285,23.342,0,23.342,pass,,independent_snapshot,"{""prerequisite_acknowledged"": true, ""client_b_read_v1"": true, ""dependent_acknowledged"": true, ""visible_ids"": [""v1:193"", ""v2:193""], ""snapshot_polls"": 1}"
20260918T140141Z_d0b63c0a,194,normal,1789740107.475285,1789740107.4992573,24.236,0,24.236,pass,,independent_snapshot,"{""prerequisite_acknowledged"": true, ""client_b_read_v1"": true, ""dependent_acknowledged"": true, ""visible_ids"": [""v1:194"", ""v2:194""], ""snapshot_polls"": 1}"
20260918T140141Z_d0b63c0a,195,normal,1789740107.4992573,1789740107.5227418,23.285,0,23.285,pass,,independent_snapshot,"{""prerequisite_acknowledged"": true, ""client_b_read_v1"": true, ""dependent_acknowledged"": true, ""visible_ids"": [""v1:195"", ""v2:195""], ""snapshot_polls"": 1}"
20260918T140141Z_d0b63c0a,196,normal,1789740107.5227418,1789740107.5468287,24.09,0,24.09,pass,,independent_snapshot,"{""prerequisite_acknowledged"": true, ""client_b_read_v1"": true, ""dependent_acknowledged"": true, ""visible_ids"": [""v1:196"", ""v2:196""], ""snapshot_polls"": 1}"
20260918T140141Z_d0b63c0a,197,normal,1789740107.5468287,1789740107.5697103,22.362,0,22.362,pass,,independent_snapshot,"{""prerequisite_acknowledged"": true, ""client_b_read_v1"": true, ""dependent_acknowledged"": true, ""visible_ids"": [""v1:197"", ""v2:197""], ""snapshot_polls"": 1}"
20260918T140141Z_d0b63c0a,198,normal,1789740107.5697103,1789740107.5924823,22.593,0,22.593,pass,,independent_snapshot,"{""prerequisite_acknowledged"": true, ""client_b_read_v1"": true, ""dependent_acknowledged"": true, ""visible_ids"": [""v1:198"", ""v2:198""], ""snapshot_polls"": 1}"
20260918T140141Z_d0b63c0a,199,normal,1789740107.5924823,1789740107.6147013,22.711,0,22.711,pass,,independent_snapshot,"{""prerequisite_acknowledged"": true, ""client_b_read_v1"": true, ""dependent_acknowledged"": true, ""visible_ids"": [""v1:199"", ""v2:199""], ""snapshot_polls"": 1}"
20260918T140141Z_d0b63c0a,200,transition,1789740107.6147013,1789740117.609998,9995.106,1294.892,8700.215,error,_OperationCancelled: operation cancelled,client_b_write,"{""prerequisite_acknowledged"": true, ""client_b_read_v1"": true, ""error_type"": ""_OperationCancelled"", ""error_code"": null}"
20260918T140141Z_d0b63c0a,201,fault,1789740117.611541,1789740121.7272284,4115.432,0,4115.432,pass,,independent_snapshot,"{""prerequisite_acknowledged"": true, ""client_b_read_v1"": true, ""dependent_acknowledged"": true, ""visible_ids"": [""v1:201"", ""v2:201""], ""snapshot_polls"": 1}"
20260918T140141Z_d0b63c0a,202,fault,1789740121.7278788,1789740125.7293549,4001.81,0,4001.81,pass,,independent_snapshot,"{""prerequisite_acknowledged"": true, ""client_b_read_v1"": true, ""dependent_acknowledged"": true, ""visible_ids"": [""v1:202"", ""v2:202""], ""snapshot_polls"": 1}"
20260918T140141Z_d0b63c0a,203,fault,1789740125.7293549,1789740129.7310305,4001.751,0,4001.751,pass,,independent_snapshot,"{""prerequisite_acknowledged"": true, ""client_b_read_v1"": true, ""dependent_acknowledged"": true, ""visible_ids"": [""v1:203"", ""v2:203""], ""snapshot_polls"": 1}"
20260918T140141Z_d0b63c0a,204,fault,1789740129.731652,1789740133.7317517,4000.571,0,4000.571,pass,,independent_snapshot,"{""prerequisite_acknowledged"": true, ""client_b_read_v1"": true, ""dependent_acknowledged"": true, ""visible_ids"": [""v1:204"", ""v2:204""], ""snapshot_polls"": 1}"
20260918T140141Z_d0b63c0a,205,fault,1789740133.732357,1789740135.7343931,2002.275,0,2002.275,pass,,independent_snapshot,"{""prerequisite_acknowledged"": true, ""client_b_read_v1"": true, ""dependent_acknowledged"": true, ""visible_ids"": [""v1:205"", ""v2:205""], ""snapshot_polls"": 1}"
20260918T140141Z_d0b63c0a,206,fault,1789740135.7343931,1789740139.7357435,4001.066,0,4001.066,pass,,independent_snapshot,"{""prerequisite_acknowledged"": true, ""client_b_read_v1"": true, ""dependent_acknowledged"": true, ""visible_ids"": [""v1:206"", ""v2:206""], ""snapshot_polls"": 1}"
20260918T140141Z_d0b63c0a,207,fault,1789740139.7357435,1789740142.6284094,2892.959,0,2892.959,pass,,independent_snapshot,"{""prerequisite_acknowledged"": true, ""client_b_read_v1"": true, ""dependent_acknowledged"": true, ""visible_ids"": [""v1:207"", ""v2:207""], ""snapshot_polls"": 1}"
20260918T140141Z_d0b63c0a,208,fault,1789740142.6290014,1789740142.6815364,52.775,0,52.775,pass,,independent_snapshot,"{""prerequisite_acknowledged"": true, ""client_b_read_v1"": true, ""dependent_acknowledged"": true, ""visible_ids"": [""v1:208"", ""v2:208""], ""snapshot_polls"": 1}"
20260918T140141Z_d0b63c0a,209,fault,1789740142.6815364,1789740142.7037911,21.975,0,21.975,pass,,independent_snapshot,"{""prerequisite_acknowledged"": true, ""client_b_read_v1"": true, ""dependent_acknowledged"": true, ""visible_ids"": [""v1:209"", ""v2:209""], ""snapshot_polls"": 1}"
20260918T140141Z_d0b63c0a,210,fault,1789740142.7037911,1789740142.7262824,22.472,0,22.472,pass,,independent_snapshot,"{""prerequisite_acknowledged"": true, ""client_b_read_v1"": true, ""dependent_acknowledged"": true, ""visible_ids"": [""v1:210"", ""v2:210""], ""snapshot_polls"": 1}"
20260918T140141Z_d0b63c0a,211,fault,1789740142.7262824,1789740142.7491267,22.959,0,22.959,pass,,independent_snapshot,"{""prerequisite_acknowledged"": true, ""client_b_read_v1"": true, ""dependent_acknowledged"": true, ""visible_ids"": [""v1:211"", ""v2:211""], ""snapshot_polls"": 1}"
20260918T140141Z_d0b63c0a,212,fault,1789740142.7491267,1789740142.7694085,20.178,0,20.178,pass,,independent_snapshot,"{""prerequisite_acknowledged"": true, ""client_b_read_v1"": true, ""dependent_acknowledged"": true, ""visible_ids"": [""v1:212"", ""v2:212""], ""snapshot_polls"": 1}"
20260918T140141Z_d0b63c0a,213,fault,1789740142.7694085,1789740142.78939,19.672,0,19.672,pass,,independent_snapshot,"{""prerequisite_acknowledged"": true, ""client_b_read_v1"": true, ""dependent_acknowledged"": true, ""visible_ids"": [""v1:213"", ""v2:213""], ""snapshot_polls"": 1}"
20260918T140141Z_d0b63c0a,214,fault,1789740142.78939,1789740142.809919,20.612,0,20.612,pass,,independent_snapshot,"{""prerequisite_acknowledged"": true, ""client_b_read_v1"": true, ""dependent_acknowledged"": true, ""visible_ids"": [""v1:214"", ""v2:214""], ""snapshot_polls"": 1}"
20260918T140141Z_d0b63c0a,215,fault,1789740142.8104804,1789740142.8325636,22.157,0,22.157,pass,,independent_snapshot,"{""prerequisite_acknowledged"": true, ""client_b_read_v1"": true, ""dependent_acknowledged"": true, ""visible_ids"": [""v1:215"", ""v2:215""], ""snapshot_polls"": 1}"
20260918T140141Z_d0b63c0a,216,fault,1789740142.8325636,1789740142.8565874,24.034,0,24.034,pass,,independent_snapshot,"{""prerequisite_acknowledged"": true, ""client_b_read_v1"": true, ""dependent_acknowledged"": true, ""visible_ids"": [""v1:216"", ""v2:216""], ""snapshot_polls"": 1}"
20260918T140141Z_d0b63c0a,217,fault,1789740142.8565874,1789740142.8782353,21.416,0,21.416,pass,,independent_snapshot,"{""prerequisite_acknowledged"": true, ""client_b_read_v1"": true, ""dependent_acknowledged"": true, ""visible_ids"": [""v1:217"", ""v2:217""], ""snapshot_polls"": 1}"
20260918T140141Z_d0b63c0a,218,fault,1789740142.8782353,1789740142.8990858,21.003,0,21.003,pass,,independent_snapshot,"{""prerequisite_acknowledged"": true, ""client_b_read_v1"": true, ""dependent_acknowledged"": true, ""visible_ids"": [""v1:218"", ""v2:218""], ""snapshot_polls"": 1}"
20260918T140141Z_d0b63c0a,219,fault,1789740142.8996553,1789740142.9211721,21.569,0,21.569,pass,,independent_snapshot,"{""prerequisite_acknowledged"": true, ""client_b_read_v1"": true, ""dependent_acknowledged"": true, ""visible_ids"": [""v1:219"", ""v2:219""], ""snapshot_polls"": 1}"
20260918T140141Z_d0b63c0a,220,fault,1789740142.9211721,1789740142.9410708,19.641,0,19.641,pass,,independent_snapshot,"{""prerequisite_acknowledged"": true, ""client_b_read_v1"": true, ""dependent_acknowledged"": true, ""visible_ids"": [""v1:220"", ""v2:220""], ""snapshot_polls"": 1}"
20260918T140141Z_d0b63c0a,221,fault,1789740142.9410708,1789740142.9635632,22.512,0,22.512,pass,,independent_snapshot,"{""prerequisite_acknowledged"": true, ""client_b_read_v1"": true, ""dependent_acknowledged"": true, ""visible_ids"": [""v1:221"", ""v2:221""], ""snapshot_polls"": 1}"
20260918T140141Z_d0b63c0a,222,fault,1789740142.9635632,1789740142.984722,20.87,0,20.87,pass,,independent_snapshot,"{""prerequisite_acknowledged"": true, ""client_b_read_v1"": true, ""dependent_acknowledged"": true, ""visible_ids"": [""v1:222"", ""v2:222""], ""snapshot_polls"": 1}"
20260918T140141Z_d0b63c0a,223,fault,1789740142.984722,1789740143.0064278,21.505,0,21.505,pass,,independent_snapshot,"{""prerequisite_acknowledged"": true, ""client_b_read_v1"": true, ""dependent_acknowledged"": true, ""visible_ids"": [""v1:223"", ""v2:223""], ""snapshot_polls"": 1}"
20260918T140141Z_d0b63c0a,224,fault,1789740143.0064278,1789740143.0299556,23.833,0,23.833,pass,,independent_snapshot,"{""prerequisite_acknowledged"": true, ""client_b_read_v1"": true, ""dependent_acknowledged"": true, ""visible_ids"": [""v1:224"", ""v2:224""], ""snapshot_polls"": 1}"
20260918T140141Z_d0b63c0a,225,fault,1789740143.0299556,1789740143.0521028,21.954,0,21.954,pass,,independent_snapshot,"{""prerequisite_acknowledged"": true, ""client_b_read_v1"": true, ""dependent_acknowledged"": true, ""visible_ids"": [""v1:225"", ""v2:225""], ""snapshot_polls"": 1}"
20260918T140141Z_d0b63c0a,226,fault,1789740143.0521028,1789740143.075906,23.394,0,23.394,pass,,independent_snapshot,"{""prerequisite_acknowledged"": true, ""client_b_read_v1"": true, ""dependent_acknowledged"": true, ""visible_ids"": [""v1:226"", ""v2:226""], ""snapshot_polls"": 1}"
20260918T140141Z_d0b63c0a,227,fault,1789740143.075906,1789740143.0977664,21.864,0,21.864,pass,,independent_snapshot,"{""prerequisite_acknowledged"": true, ""client_b_read_v1"": true, ""dependent_acknowledged"": true, ""visible_ids"": [""v1:227"", ""v2:227""], ""snapshot_polls"": 1}"
20260918T140141Z_d0b63c0a,228,fault,1789740143.0977664,1789740143.122296,24.543,0,24.543,pass,,independent_snapshot,"{""prerequisite_acknowledged"": true, ""client_b_read_v1"": true, ""dependent_acknowledged"": true, ""visible_ids"": [""v1:228"", ""v2:228""], ""snapshot_polls"": 1}"
20260918T140141Z_d0b63c0a,229,fault,1789740143.122296,1789740143.1507072,28.412,0,28.412,pass,,independent_snapshot,"{""prerequisite_acknowledged"": true, ""client_b_read_v1"": true, ""dependent_acknowledged"": true, ""visible_ids"": [""v1:229"", ""v2:229""], ""snapshot_polls"": 1}"
20260918T140141Z_d0b63c0a,230,fault,1789740143.1512935,1789740143.1770308,25.684,0,25.684,pass,,independent_snapshot,"{""prerequisite_acknowledged"": true, ""client_b_read_v1"": true, ""dependent_acknowledged"": true, ""visible_ids"": [""v1:230"", ""v2:230""], ""snapshot_polls"": 1}"
20260918T140141Z_d0b63c0a,231,fault,1789740143.1770308,1789740143.2059743,29.164,0,29.164,pass,,independent_snapshot,"{""prerequisite_acknowledged"": true, ""client_b_read_v1"": true, ""dependent_acknowledged"": true, ""visible_ids"": [""v1:231"", ""v2:231""], ""snapshot_polls"": 1}"
20260918T140141Z_d0b63c0a,232,fault,1789740143.2065384,1789740143.2344623,27.967,0,27.967,pass,,independent_snapshot,"{""prerequisite_acknowledged"": true, ""client_b_read_v1"": true, ""dependent_acknowledged"": true, ""visible_ids"": [""v1:232"", ""v2:232""], ""snapshot_polls"": 1}"
20260918T140141Z_d0b63c0a,233,fault,1789740143.2344623,1789740143.262099,27.253,0,27.253,pass,,independent_snapshot,"{""prerequisite_acknowledged"": true, ""client_b_read_v1"": true, ""dependent_acknowledged"": true, ""visible_ids"": [""v1:233"", ""v2:233""], ""snapshot_polls"": 1}"
20260918T140141Z_d0b63c0a,234,fault,1789740143.262099,1789740143.2868876,25.035,0,25.035,pass,,independent_snapshot,"{""prerequisite_acknowledged"": true, ""client_b_read_v1"": true, ""dependent_acknowledged"": true, ""visible_ids"": [""v1:234"", ""v2:234""], ""snapshot_polls"": 1}"
20260918T140141Z_d0b63c0a,235,fault,1789740143.2868876,1789740143.312389,25.658,0,25.658,pass,,independent_snapshot,"{""prerequisite_acknowledged"": true, ""client_b_read_v1"": true, ""dependent_acknowledged"": true, ""visible_ids"": [""v1:235"", ""v2:235""], ""snapshot_polls"": 1}"
20260918T140141Z_d0b63c0a,236,fault,1789740143.312389,1789740143.3393247,26.756,0,26.756,pass,,independent_snapshot,"{""prerequisite_acknowledged"": true, ""client_b_read_v1"": true, ""dependent_acknowledged"": true, ""visible_ids"": [""v1:236"", ""v2:236""], ""snapshot_polls"": 1}"
20260918T140141Z_d0b63c0a,237,fault,1789740143.3393247,1789740143.3682816,28.498,0,28.498,pass,,independent_snapshot,"{""prerequisite_acknowledged"": true, ""client_b_read_v1"": true, ""dependent_acknowledged"": true, ""visible_ids"": [""v1:237"", ""v2:237""], ""snapshot_polls"": 1}"
20260918T140141Z_d0b63c0a,238,fault,1789740143.3682816,1789740143.3933244,25.108,0,25.108,pass,,independent_snapshot,"{""prerequisite_acknowledged"": true, ""client_b_read_v1"": true, ""dependent_acknowledged"": true, ""visible_ids"": [""v1:238"", ""v2:238""], ""snapshot_polls"": 1}"
20260918T140141Z_d0b63c0a,239,fault,1789740143.393958,1789740143.418614,24.916,0,24.916,pass,,independent_snapshot,"{""prerequisite_acknowledged"": true, ""client_b_read_v1"": true, ""dependent_acknowledged"": true, ""visible_ids"": [""v1:239"", ""v2:239""], ""snapshot_polls"": 1}"
20260918T140141Z_d0b63c0a,240,fault,1789740143.418614,1789740143.4468315,28.033,0,28.033,pass,,independent_snapshot,"{""prerequisite_acknowledged"": true, ""client_b_read_v1"": true, ""dependent_acknowledged"": true, ""visible_ids"": [""v1:240"", ""v2:240""], ""snapshot_polls"": 1}"
20260918T140141Z_d0b63c0a,241,fault,1789740143.4468315,1789740143.4732933,26.494,0,26.494,pass,,independent_snapshot,"{""prerequisite_acknowledged"": true, ""client_b_read_v1"": true, ""dependent_acknowledged"": true, ""visible_ids"": [""v1:241"", ""v2:241""], ""snapshot_polls"": 1}"
20260918T140141Z_d0b63c0a,242,fault,1789740143.4732933,1789740143.4994903,25.986,0,25.986,pass,,independent_snapshot,"{""prerequisite_acknowledged"": true, ""client_b_read_v1"": true, ""dependent_acknowledged"": true, ""visible_ids"": [""v1:242"", ""v2:242""], ""snapshot_polls"": 1}"
20260918T140141Z_d0b63c0a,243,fault,1789740143.4994903,1789740143.5265415,27.04,0,27.04,pass,,independent_snapshot,"{""prerequisite_acknowledged"": true, ""client_b_read_v1"": true, ""dependent_acknowledged"": true, ""visible_ids"": [""v1:243"", ""v2:243""], ""snapshot_polls"": 1}"
20260918T140141Z_d0b63c0a,244,fault,1789740143.5271237,1789740143.5524044,25.599,0,25.599,pass,,independent_snapshot,"{""prerequisite_acknowledged"": true, ""client_b_read_v1"": true, ""dependent_acknowledged"": true, ""visible_ids"": [""v1:244"", ""v2:244""], ""snapshot_polls"": 1}"
20260918T140141Z_d0b63c0a,245,fault,1789740143.5524044,1789740143.5753288,24.344,0,24.344,pass,,independent_snapshot,"{""prerequisite_acknowledged"": true, ""client_b_read_v1"": true, ""dependent_acknowledged"": true, ""visible_ids"": [""v1:245"", ""v2:245""], ""snapshot_polls"": 1}"
20260918T140141Z_d0b63c0a,246,fault,1789740143.5753288,1789740143.6031914,26.031,0,26.031,pass,,independent_snapshot,"{""prerequisite_acknowledged"": true, ""client_b_read_v1"": true, ""dependent_acknowledged"": true, ""visible_ids"": [""v1:246"", ""v2:246""], ""snapshot_polls"": 1}"
20260918T140141Z_d0b63c0a,247,fault,1789740143.6031914,1789740143.630718,27.712,0,27.712,pass,,independent_snapshot,"{""prerequisite_acknowledged"": true, ""client_b_read_v1"": true, ""dependent_acknowledged"": true, ""visible_ids"": [""v1:247"", ""v2:247""], ""snapshot_polls"": 1}"
20260918T140141Z_d0b63c0a,248,fault,1789740143.6313133,1789740143.659603,28.456,0,28.456,pass,,independent_snapshot,"{""prerequisite_acknowledged"": true, ""client_b_read_v1"": true, ""dependent_acknowledged"": true, ""visible_ids"": [""v1:248"", ""v2:248""], ""snapshot_polls"": 1}"
20260918T140141Z_d0b63c0a,249,fault,1789740143.659603,1789740143.6853473,25.35,0,25.35,pass,,independent_snapshot,"{""prerequisite_acknowledged"": true, ""client_b_read_v1"": true, ""dependent_acknowledged"": true, ""visible_ids"": [""v1:249"", ""v2:249""], ""snapshot_polls"": 1}"
20260918T140141Z_d0b63c0a,250,fault,1789740143.6853473,1789740143.710635,25.473,0,25.473,pass,,independent_snapshot,"{""prerequisite_acknowledged"": true, ""client_b_read_v1"": true, ""dependent_acknowledged"": true, ""visible_ids"": [""v1:250"", ""v2:250""], ""snapshot_polls"": 1}"
20260918T140141Z_d0b63c0a,251,fault,1789740143.710635,1789740143.738731,28.018,0,28.018,pass,,independent_snapshot,"{""prerequisite_acknowledged"": true, ""client_b_read_v1"": true, ""dependent_acknowledged"": true, ""visible_ids"": [""v1:251"", ""v2:251""], ""snapshot_polls"": 1}"
20260918T140141Z_d0b63c0a,252,fault,1789740143.7392814,1789740143.7642977,25.303,0,25.303,pass,,independent_snapshot,"{""prerequisite_acknowledged"": true, ""client_b_read_v1"": true, ""dependent_acknowledged"": true, ""visible_ids"": [""v1:252"", ""v2:252""], ""snapshot_polls"": 1}"
20260918T140141Z_d0b63c0a,253,fault,1789740143.7642977,1789740143.7899635,25.788,0,25.788,pass,,independent_snapshot,"{""prerequisite_acknowledged"": true, ""client_b_read_v1"": true, ""dependent_acknowledged"": true, ""visible_ids"": [""v1:253"", ""v2:253""], ""snapshot_polls"": 1}"
20260918T140141Z_d0b63c0a,254,fault,1789740143.7905462,1789740143.8146863,24.137,0,24.137,pass,,independent_snapshot,"{""prerequisite_acknowledged"": true, ""client_b_read_v1"": true, ""dependent_acknowledged"": true, ""visible_ids"": [""v1:254"", ""v2:254""], ""snapshot_polls"": 1}"
20260918T140141Z_d0b63c0a,255,fault,1789740143.8146863,1789740143.8404694,25.593,0,25.593,pass,,independent_snapshot,"{""prerequisite_acknowledged"": true, ""client_b_read_v1"": true, ""dependent_acknowledged"": true, ""visible_ids"": [""v1:255"", ""v2:255""], ""snapshot_polls"": 1}"
20260918T140141Z_d0b63c0a,256,fault,1789740143.8404694,1789740143.8688476,28.717,0,28.717,pass,,independent_snapshot,"{""prerequisite_acknowledged"": true, ""client_b_read_v1"": true, ""dependent_acknowledged"": true, ""visible_ids"": [""v1:256"", ""v2:256""], ""snapshot_polls"": 1}"
20260918T140141Z_d0b63c0a,257,fault,1789740143.8694694,1789740143.8939788,24.663,0,24.663,pass,,independent_snapshot,"{""prerequisite_acknowledged"": true, ""client_b_read_v1"": true, ""dependent_acknowledged"": true, ""visible_ids"": [""v1:257"", ""v2:257""], ""snapshot_polls"": 1}"
20260918T140141Z_d0b63c0a,258,fault,1789740143.8939788,1789740143.9203491,26.185,0,26.185,pass,,independent_snapshot,"{""prerequisite_acknowledged"": true, ""client_b_read_v1"": true, ""dependent_acknowledged"": true, ""visible_ids"": [""v1:258"", ""v2:258""], ""snapshot_polls"": 1}"
20260918T140141Z_d0b63c0a,259,fault,1789740143.9203491,1789740143.9454522,25.233,0,25.233,pass,,independent_snapshot,"{""prerequisite_acknowledged"": true, ""client_b_read_v1"": true, ""dependent_acknowledged"": true, ""visible_ids"": [""v1:259"", ""v2:259""], ""snapshot_polls"": 1}"
20260918T140141Z_d0b63c0a,260,fault,1789740143.9454522,1789740143.9713259,25.633,0,25.633,pass,,independent_snapshot,"{""prerequisite_acknowledged"": true, ""client_b_read_v1"": true, ""dependent_acknowledged"": true, ""visible_ids"": [""v1:260"", ""v2:260""], ""snapshot_polls"": 1}"
20260918T140141Z_d0b63c0a,261,fault,1789740143.9713259,1789740144.001161,29.506,0,29.506,pass,,independent_snapshot,"{""prerequisite_acknowledged"": true, ""client_b_read_v1"": true, ""dependent_acknowledged"": true, ""visible_ids"": [""v1:261"", ""v2:261""], ""snapshot_polls"": 1}"
20260918T140141Z_d0b63c0a,262,fault,1789740144.001161,1789740144.0258772,24.731,0,24.731,pass,,independent_snapshot,"{""prerequisite_acknowledged"": true, ""client_b_read_v1"": true, ""dependent_acknowledged"": true, ""visible_ids"": [""v1:262"", ""v2:262""], ""snapshot_polls"": 1}"
20260918T140141Z_d0b63c0a,263,fault,1789740144.0258772,1789740144.0498319,23.659,0,23.659,pass,,independent_snapshot,"{""prerequisite_acknowledged"": true, ""client_b_read_v1"": true, ""dependent_acknowledged"": true, ""visible_ids"": [""v1:263"", ""v2:263""], ""snapshot_polls"": 1}"
20260918T140141Z_d0b63c0a,264,fault,1789740144.0498319,1789740144.073975,23.796,0,23.796,pass,,independent_snapshot,"{""prerequisite_acknowledged"": true, ""client_b_read_v1"": true, ""dependent_acknowledged"": true, ""visible_ids"": [""v1:264"", ""v2:264""], ""snapshot_polls"": 1}"
20260918T140141Z_d0b63c0a,265,fault,1789740144.073975,1789740144.0952628,21.607,0,21.607,pass,,independent_snapshot,"{""prerequisite_acknowledged"": true, ""client_b_read_v1"": true, ""dependent_acknowledged"": true, ""visible_ids"": [""v1:265"", ""v2:265""], ""snapshot_polls"": 1}"
20260918T140141Z_d0b63c0a,266,fault,1789740144.0958703,1789740144.1179178,22.243,0,22.243,pass,,independent_snapshot,"{""prerequisite_acknowledged"": true, ""client_b_read_v1"": true, ""dependent_acknowledged"": true, ""visible_ids"": [""v1:266"", ""v2:266""], ""snapshot_polls"": 1}"
20260918T140141Z_d0b63c0a,267,fault,1789740144.1179178,1789740144.143411,25.435,0,25.435,pass,,independent_snapshot,"{""prerequisite_acknowledged"": true, ""client_b_read_v1"": true, ""dependent_acknowledged"": true, ""visible_ids"": [""v1:267"", ""v2:267""], ""snapshot_polls"": 1}"
20260918T140141Z_d0b63c0a,268,fault,1789740144.143411,1789740144.1660042,22.262,0,22.262,pass,,independent_snapshot,"{""prerequisite_acknowledged"": true, ""client_b_read_v1"": true, ""dependent_acknowledged"": true, ""visible_ids"": [""v1:268"", ""v2:268""], ""snapshot_polls"": 1}"
20260918T140141Z_d0b63c0a,269,fault,1789740144.1660042,1789740144.1886725,22.381,0,22.381,pass,,independent_snapshot,"{""prerequisite_acknowledged"": true, ""client_b_read_v1"": true, ""dependent_acknowledged"": true, ""visible_ids"": [""v1:269"", ""v2:269""], ""snapshot_polls"": 1}"
20260918T140141Z_d0b63c0a,270,fault,1789740144.1886725,1789740144.2101803,21.431,0,21.431,pass,,independent_snapshot,"{""prerequisite_acknowledged"": true, ""client_b_read_v1"": true, ""dependent_acknowledged"": true, ""visible_ids"": [""v1:270"", ""v2:270""], ""snapshot_polls"": 1}"
20260918T140141Z_d0b63c0a,271,fault,1789740144.2101803,1789740144.232203,21.958,0,21.958,pass,,independent_snapshot,"{""prerequisite_acknowledged"": true, ""client_b_read_v1"": true, ""dependent_acknowledged"": true, ""visible_ids"": [""v1:271"", ""v2:271""], ""snapshot_polls"": 1}"
20260918T140141Z_d0b63c0a,272,fault,1789740144.232203,1789740144.257827,25.892,0,25.892,pass,,independent_snapshot,"{""prerequisite_acknowledged"": true, ""client_b_read_v1"": true, ""dependent_acknowledged"": true, ""visible_ids"": [""v1:272"", ""v2:272""], ""snapshot_polls"": 1}"
20260918T140141Z_d0b63c0a,273,fault,1789740144.257827,1789740144.2789314,20.746,0,20.746,pass,,independent_snapshot,"{""prerequisite_acknowledged"": true, ""client_b_read_v1"": true, ""dependent_acknowledged"": true, ""visible_ids"": [""v1:273"", ""v2:273""], ""snapshot_polls"": 1}"
20260918T140141Z_d0b63c0a,274,fault,1789740144.2789314,1789740144.3012037,21.874,0,21.874,pass,,independent_snapshot,"{""prerequisite_acknowledged"": true, ""client_b_read_v1"": true, ""dependent_acknowledged"": true, ""visible_ids"": [""v1:274"", ""v2:274""], ""snapshot_polls"": 1}"
20260918T140141Z_d0b63c0a,275,fault,1789740144.3012037,1789740144.3212552,19.977,0,19.977,pass,,independent_snapshot,"{""prerequisite_acknowledged"": true, ""client_b_read_v1"": true, ""dependent_acknowledged"": true, ""visible_ids"": [""v1:275"", ""v2:275""], ""snapshot_polls"": 1}"
20260918T140141Z_d0b63c0a,276,fault,1789740144.3212552,1789740144.3410711,19.636,0,19.636,pass,,independent_snapshot,"{""prerequisite_acknowledged"": true, ""client_b_read_v1"": true, ""dependent_acknowledged"": true, ""visible_ids"": [""v1:276"", ""v2:276""], ""snapshot_polls"": 1}"
20260918T140141Z_d0b63c0a,277,fault,1789740144.3410711,1789740144.36277,21.689,0,21.689,pass,,independent_snapshot,"{""prerequisite_acknowledged"": true, ""client_b_read_v1"": true, ""dependent_acknowledged"": true, ""visible_ids"": [""v1:277"", ""v2:277""], ""snapshot_polls"": 1}"
20260918T140141Z_d0b63c0a,278,fault,1789740144.36277,1789740144.3854942,22.448,0,22.448,pass,,independent_snapshot,"{""prerequisite_acknowledged"": true, ""client_b_read_v1"": true, ""dependent_acknowledged"": true, ""visible_ids"": [""v1:278"", ""v2:278""], ""snapshot_polls"": 1}"
20260918T140141Z_d0b63c0a,279,fault,1789740144.3854942,1789740144.4084916,23.082,0,23.082,pass,,independent_snapshot,"{""prerequisite_acknowledged"": true, ""client_b_read_v1"": true, ""dependent_acknowledged"": true, ""visible_ids"": [""v1:279"", ""v2:279""], ""snapshot_polls"": 1}"
20260918T140141Z_d0b63c0a,280,fault,1789740144.4084916,1789740144.4327557,23.873,0,23.873,pass,,independent_snapshot,"{""prerequisite_acknowledged"": true, ""client_b_read_v1"": true, ""dependent_acknowledged"": true, ""visible_ids"": [""v1:280"", ""v2:280""], ""snapshot_polls"": 1}"
20260918T140141Z_d0b63c0a,281,fault,1789740144.4327557,1789740144.454147,21.732,0,21.732,pass,,independent_snapshot,"{""prerequisite_acknowledged"": true, ""client_b_read_v1"": true, ""dependent_acknowledged"": true, ""visible_ids"": [""v1:281"", ""v2:281""], ""snapshot_polls"": 1}"
20260918T140141Z_d0b63c0a,282,fault,1789740144.4547482,1789740144.4769187,22.289,0,22.289,pass,,independent_snapshot,"{""prerequisite_acknowledged"": true, ""client_b_read_v1"": true, ""dependent_acknowledged"": true, ""visible_ids"": [""v1:282"", ""v2:282""], ""snapshot_polls"": 1}"
20260918T140141Z_d0b63c0a,283,fault,1789740144.4769187,1789740144.4977238,20.622,0,20.622,pass,,independent_snapshot,"{""prerequisite_acknowledged"": true, ""client_b_read_v1"": true, ""dependent_acknowledged"": true, ""visible_ids"": [""v1:283"", ""v2:283""], ""snapshot_polls"": 1}"
20260918T140141Z_d0b63c0a,284,fault,1789740144.4977238,1789740144.5182133,20.667,0,20.667,pass,,independent_snapshot,"{""prerequisite_acknowledged"": true, ""client_b_read_v1"": true, ""dependent_acknowledged"": true, ""visible_ids"": [""v1:284"", ""v2:284""], ""snapshot_polls"": 1}"
20260918T140141Z_d0b63c0a,285,fault,1789740144.5182133,1789740144.5417047,23.011,0,23.011,pass,,independent_snapshot,"{""prerequisite_acknowledged"": true, ""client_b_read_v1"": true, ""dependent_acknowledged"": true, ""visible_ids"": [""v1:285"", ""v2:285""], ""snapshot_polls"": 1}"
20260918T140141Z_d0b63c0a,286,fault,1789740144.5417047,1789740144.5632565,21.713,0,21.713,pass,,independent_snapshot,"{""prerequisite_acknowledged"": true, ""client_b_read_v1"": true, ""dependent_acknowledged"": true, ""visible_ids"": [""v1:286"", ""v2:286""], ""snapshot_polls"": 1}"
20260918T140141Z_d0b63c0a,287,fault,1789740144.5632565,1789740144.5851045,21.513,0,21.513,pass,,independent_snapshot,"{""prerequisite_acknowledged"": true, ""client_b_read_v1"": true, ""dependent_acknowledged"": true, ""visible_ids"": [""v1:287"", ""v2:287""], ""snapshot_polls"": 1}"
20260918T140141Z_d0b63c0a,288,fault,1789740144.5851045,1789740144.6090274,24.261,0,24.261,pass,,independent_snapshot,"{""prerequisite_acknowledged"": true, ""client_b_read_v1"": true, ""dependent_acknowledged"": true, ""visible_ids"": [""v1:288"", ""v2:288""], ""snapshot_polls"": 1}"
20260918T140141Z_d0b63c0a,289,fault,1789740144.6097572,1789740144.6306121,21.304,0,21.304,pass,,independent_snapshot,"{""prerequisite_acknowledged"": true, ""client_b_read_v1"": true, ""dependent_acknowledged"": true, ""visible_ids"": [""v1:289"", ""v2:289""], ""snapshot_polls"": 1}"
20260918T140141Z_d0b63c0a,290,fault,1789740144.6306121,1789740144.653391,22.68,0,22.68,pass,,independent_snapshot,"{""prerequisite_acknowledged"": true, ""client_b_read_v1"": true, ""dependent_acknowledged"": true, ""visible_ids"": [""v1:290"", ""v2:290""], ""snapshot_polls"": 1}"
20260918T140141Z_d0b63c0a,291,fault,1789740144.6539934,1789740144.6753275,21.5,0,21.5,pass,,independent_snapshot,"{""prerequisite_acknowledged"": true, ""client_b_read_v1"": true, ""dependent_acknowledged"": true, ""visible_ids"": [""v1:291"", ""v2:291""], ""snapshot_polls"": 1}"
20260918T140141Z_d0b63c0a,292,fault,1789740144.6753275,1789740144.6975007,22.336,0,22.336,pass,,independent_snapshot,"{""prerequisite_acknowledged"": true, ""client_b_read_v1"": true, ""dependent_acknowledged"": true, ""visible_ids"": [""v1:292"", ""v2:292""], ""snapshot_polls"": 1}"
20260918T140141Z_d0b63c0a,293,fault,1789740144.6980817,1789740144.7197638,21.742,0,21.742,pass,,independent_snapshot,"{""prerequisite_acknowledged"": true, ""client_b_read_v1"": true, ""dependent_acknowledged"": true, ""visible_ids"": [""v1:293"", ""v2:293""], ""snapshot_polls"": 1}"
20260918T140141Z_d0b63c0a,294,fault,1789740144.7197638,1789740144.7402694,20.467,0,20.467,pass,,independent_snapshot,"{""prerequisite_acknowledged"": true, ""client_b_read_v1"": true, ""dependent_acknowledged"": true, ""visible_ids"": [""v1:294"", ""v2:294""], ""snapshot_polls"": 1}"
20260918T140141Z_d0b63c0a,295,fault,1789740144.7402694,1789740144.7661352,25.74,0,25.74,pass,,independent_snapshot,"{""prerequisite_acknowledged"": true, ""client_b_read_v1"": true, ""dependent_acknowledged"": true, ""visible_ids"": [""v1:295"", ""v2:295""], ""snapshot_polls"": 1}"
20260918T140141Z_d0b63c0a,296,fault,1789740144.7661352,1789740144.7908707,24.815,0,24.815,pass,,independent_snapshot,"{""prerequisite_acknowledged"": true, ""client_b_read_v1"": true, ""dependent_acknowledged"": true, ""visible_ids"": [""v1:296"", ""v2:296""], ""snapshot_polls"": 1}"
20260918T140141Z_d0b63c0a,297,fault,1789740144.7908707,1789740144.8139627,23.028,0,23.028,pass,,independent_snapshot,"{""prerequisite_acknowledged"": true, ""client_b_read_v1"": true, ""dependent_acknowledged"": true, ""visible_ids"": [""v1:297"", ""v2:297""], ""snapshot_polls"": 1}"
20260918T140141Z_d0b63c0a,298,fault,1789740144.8139627,1789740144.834912,20.69,0,20.69,pass,,independent_snapshot,"{""prerequisite_acknowledged"": true, ""client_b_read_v1"": true, ""dependent_acknowledged"": true, ""visible_ids"": [""v1:298"", ""v2:298""], ""snapshot_polls"": 1}"
20260918T140141Z_d0b63c0a,299,fault,1789740144.834912,1789740144.856041,21.387,0,21.387,pass,,independent_snapshot,"{""prerequisite_acknowledged"": true, ""client_b_read_v1"": true, ""dependent_acknowledged"": true, ""visible_ids"": [""v1:299"", ""v2:299""], ""snapshot_polls"": 1}"
20260918T140141Z_d0b63c0a,300,fault,1789740144.8568003,1789740144.8771777,20.738,0,20.738,pass,,independent_snapshot,"{""prerequisite_acknowledged"": true, ""client_b_read_v1"": true, ""dependent_acknowledged"": true, ""visible_ids"": [""v1:300"", ""v2:300""], ""snapshot_polls"": 1}"
20260918T140141Z_d0b63c0a,301,fault,1789740144.8801625,1789740144.903422,23.258,0,23.258,pass,,independent_snapshot,"{""prerequisite_acknowledged"": true, ""client_b_read_v1"": true, ""dependent_acknowledged"": true, ""visible_ids"": [""v1:301"", ""v2:301""], ""snapshot_polls"": 1}"
20260918T140141Z_d0b63c0a,302,fault,1789740144.903422,1789740144.9263122,22.808,0,22.808,pass,,independent_snapshot,"{""prerequisite_acknowledged"": true, ""client_b_read_v1"": true, ""dependent_acknowledged"": true, ""visible_ids"": [""v1:302"", ""v2:302""], ""snapshot_polls"": 1}"
20260918T140141Z_d0b63c0a,303,fault,1789740144.9268909,1789740144.947459,20.698,0,20.698,pass,,independent_snapshot,"{""prerequisite_acknowledged"": true, ""client_b_read_v1"": true, ""dependent_acknowledged"": true, ""visible_ids"": [""v1:303"", ""v2:303""], ""snapshot_polls"": 1}"
20260918T140141Z_d0b63c0a,304,fault,1789740144.947459,1789740144.9724796,24.693,0,24.693,pass,,independent_snapshot,"{""prerequisite_acknowledged"": true, ""client_b_read_v1"": true, ""dependent_acknowledged"": true, ""visible_ids"": [""v1:304"", ""v2:304""], ""snapshot_polls"": 1}"
20260918T140141Z_d0b63c0a,305,fault,1789740144.9724796,1789740144.993336,21.216,0,21.216,pass,,independent_snapshot,"{""prerequisite_acknowledged"": true, ""client_b_read_v1"": true, ""dependent_acknowledged"": true, ""visible_ids"": [""v1:305"", ""v2:305""], ""snapshot_polls"": 1}"
20260918T140141Z_d0b63c0a,306,fault,1789740144.993336,1789740145.0170274,23.306,0,23.306,pass,,independent_snapshot,"{""prerequisite_acknowledged"": true, ""client_b_read_v1"": true, ""dependent_acknowledged"": true, ""visible_ids"": [""v1:306"", ""v2:306""], ""snapshot_polls"": 1}"
20260918T140141Z_d0b63c0a,307,fault,1789740145.0170274,1789740145.0382383,21.301,0,21.301,pass,,independent_snapshot,"{""prerequisite_acknowledged"": true, ""client_b_read_v1"": true, ""dependent_acknowledged"": true, ""visible_ids"": [""v1:307"", ""v2:307""], ""snapshot_polls"": 1}"
20260918T140141Z_d0b63c0a,308,fault,1789740145.0387795,1789740145.0606754,22.339,0,22.339,pass,,independent_snapshot,"{""prerequisite_acknowledged"": true, ""client_b_read_v1"": true, ""dependent_acknowledged"": true, ""visible_ids"": [""v1:308"", ""v2:308""], ""snapshot_polls"": 1}"
20260918T140141Z_d0b63c0a,309,fault,1789740145.0606754,1789740145.0820332,21.213,0,21.213,pass,,independent_snapshot,"{""prerequisite_acknowledged"": true, ""client_b_read_v1"": true, ""dependent_acknowledged"": true, ""visible_ids"": [""v1:309"", ""v2:309""], ""snapshot_polls"": 1}"
20260918T140141Z_d0b63c0a,310,fault,1789740145.0820332,1789740145.1037352,21.482,0,21.482,pass,,independent_snapshot,"{""prerequisite_acknowledged"": true, ""client_b_read_v1"": true, ""dependent_acknowledged"": true, ""visible_ids"": [""v1:310"", ""v2:310""], ""snapshot_polls"": 1}"
20260918T140141Z_d0b63c0a,311,fault,1789740145.1037352,1789740145.1271544,23.259,0,23.259,pass,,independent_snapshot,"{""prerequisite_acknowledged"": true, ""client_b_read_v1"": true, ""dependent_acknowledged"": true, ""visible_ids"": [""v1:311"", ""v2:311""], ""snapshot_polls"": 1}"
20260918T140141Z_d0b63c0a,312,fault,1789740145.1271544,1789740145.1503527,23.278,0,23.278,pass,,independent_snapshot,"{""prerequisite_acknowledged"": true, ""client_b_read_v1"": true, ""dependent_acknowledged"": true, ""visible_ids"": [""v1:312"", ""v2:312""], ""snapshot_polls"": 1}"
20260918T140141Z_d0b63c0a,313,fault,1789740145.1503527,1789740145.173348,22.439,0,22.439,pass,,independent_snapshot,"{""prerequisite_acknowledged"": true, ""client_b_read_v1"": true, ""dependent_acknowledged"": true, ""visible_ids"": [""v1:313"", ""v2:313""], ""snapshot_polls"": 1}"
20260918T140141Z_d0b63c0a,314,fault,1789740145.173348,1789740145.1953046,22.04,0,22.04,pass,,independent_snapshot,"{""prerequisite_acknowledged"": true, ""client_b_read_v1"": true, ""dependent_acknowledged"": true, ""visible_ids"": [""v1:314"", ""v2:314""], ""snapshot_polls"": 1}"
20260918T140141Z_d0b63c0a,315,fault,1789740145.1953046,1789740145.2166123,21.332,0,21.332,pass,,independent_snapshot,"{""prerequisite_acknowledged"": true, ""client_b_read_v1"": true, ""dependent_acknowledged"": true, ""visible_ids"": [""v1:315"", ""v2:315""], ""snapshot_polls"": 1}"
20260918T140141Z_d0b63c0a,316,fault,1789740145.2166123,1789740145.2369065,20.32,0,20.32,pass,,independent_snapshot,"{""prerequisite_acknowledged"": true, ""client_b_read_v1"": true, ""dependent_acknowledged"": true, ""visible_ids"": [""v1:316"", ""v2:316""], ""snapshot_polls"": 1}"
20260918T140141Z_d0b63c0a,317,fault,1789740145.2369065,1789740145.259874,22.66,0,22.66,pass,,independent_snapshot,"{""prerequisite_acknowledged"": true, ""client_b_read_v1"": true, ""dependent_acknowledged"": true, ""visible_ids"": [""v1:317"", ""v2:317""], ""snapshot_polls"": 1}"
20260918T140141Z_d0b63c0a,318,fault,1789740145.259874,1789740145.2816856,21.6,0,21.6,pass,,independent_snapshot,"{""prerequisite_acknowledged"": true, ""client_b_read_v1"": true, ""dependent_acknowledged"": true, ""visible_ids"": [""v1:318"", ""v2:318""], ""snapshot_polls"": 1}"
20260918T140141Z_d0b63c0a,319,fault,1789740145.2816856,1789740145.3047569,22.894,0,22.894,pass,,independent_snapshot,"{""prerequisite_acknowledged"": true, ""client_b_read_v1"": true, ""dependent_acknowledged"": true, ""visible_ids"": [""v1:319"", ""v2:319""], ""snapshot_polls"": 1}"
20260918T140141Z_d0b63c0a,320,fault,1789740145.3047569,1789740145.3286784,23.922,0,23.922,pass,,independent_snapshot,"{""prerequisite_acknowledged"": true, ""client_b_read_v1"": true, ""dependent_acknowledged"": true, ""visible_ids"": [""v1:320"", ""v2:320""], ""snapshot_polls"": 1}"
20260918T140141Z_d0b63c0a,321,fault,1789740145.3286784,1789740145.3495524,20.98,0,20.98,pass,,independent_snapshot,"{""prerequisite_acknowledged"": true, ""client_b_read_v1"": true, ""dependent_acknowledged"": true, ""visible_ids"": [""v1:321"", ""v2:321""], ""snapshot_polls"": 1}"
20260918T140141Z_d0b63c0a,322,fault,1789740145.3495524,1789740145.3710673,20.881,0,20.881,pass,,independent_snapshot,"{""prerequisite_acknowledged"": true, ""client_b_read_v1"": true, ""dependent_acknowledged"": true, ""visible_ids"": [""v1:322"", ""v2:322""], ""snapshot_polls"": 1}"
20260918T140141Z_d0b63c0a,323,fault,1789740145.3710673,1789740145.391848,20.824,0,20.824,pass,,independent_snapshot,"{""prerequisite_acknowledged"": true, ""client_b_read_v1"": true, ""dependent_acknowledged"": true, ""visible_ids"": [""v1:323"", ""v2:323""], ""snapshot_polls"": 1}"
20260918T140141Z_d0b63c0a,324,fault,1789740145.391848,1789740145.4140038,22.05,0,22.05,pass,,independent_snapshot,"{""prerequisite_acknowledged"": true, ""client_b_read_v1"": true, ""dependent_acknowledged"": true, ""visible_ids"": [""v1:324"", ""v2:324""], ""snapshot_polls"": 1}"
20260918T140141Z_d0b63c0a,325,fault,1789740145.4140038,1789740145.435533,21.291,0,21.291,pass,,independent_snapshot,"{""prerequisite_acknowledged"": true, ""client_b_read_v1"": true, ""dependent_acknowledged"": true, ""visible_ids"": [""v1:325"", ""v2:325""], ""snapshot_polls"": 1}"
20260918T140141Z_d0b63c0a,326,fault,1789740145.435533,1789740145.456817,21.213,0,21.213,pass,,independent_snapshot,"{""prerequisite_acknowledged"": true, ""client_b_read_v1"": true, ""dependent_acknowledged"": true, ""visible_ids"": [""v1:326"", ""v2:326""], ""snapshot_polls"": 1}"
20260918T140141Z_d0b63c0a,327,fault,1789740145.456817,1789740145.4786,21.77,0,21.77,pass,,independent_snapshot,"{""prerequisite_acknowledged"": true, ""client_b_read_v1"": true, ""dependent_acknowledged"": true, ""visible_ids"": [""v1:327"", ""v2:327""], ""snapshot_polls"": 1}"
20260918T140141Z_d0b63c0a,328,fault,1789740145.4786,1789740145.502589,23.678,0,23.678,pass,,independent_snapshot,"{""prerequisite_acknowledged"": true, ""client_b_read_v1"": true, ""dependent_acknowledged"": true, ""visible_ids"": [""v1:328"", ""v2:328""], ""snapshot_polls"": 1}"
20260918T140141Z_d0b63c0a,329,fault,1789740145.502589,1789740145.5250652,22.867,0,22.867,pass,,independent_snapshot,"{""prerequisite_acknowledged"": true, ""client_b_read_v1"": true, ""dependent_acknowledged"": true, ""visible_ids"": [""v1:329"", ""v2:329""], ""snapshot_polls"": 1}"
20260918T140141Z_d0b63c0a,330,fault,1789740145.5250652,1789740145.5474603,22.02,0,22.02,pass,,independent_snapshot,"{""prerequisite_acknowledged"": true, ""client_b_read_v1"": true, ""dependent_acknowledged"": true, ""visible_ids"": [""v1:330"", ""v2:330""], ""snapshot_polls"": 1}"
20260918T140141Z_d0b63c0a,331,fault,1789740145.5477853,1789740145.5687711,21.45,0,21.45,pass,,independent_snapshot,"{""prerequisite_acknowledged"": true, ""client_b_read_v1"": true, ""dependent_acknowledged"": true, ""visible_ids"": [""v1:331"", ""v2:331""], ""snapshot_polls"": 1}"
20260918T140141Z_d0b63c0a,332,fault,1789740145.5687711,1789740145.5885148,19.402,0,19.402,pass,,independent_snapshot,"{""prerequisite_acknowledged"": true, ""client_b_read_v1"": true, ""dependent_acknowledged"": true, ""visible_ids"": [""v1:332"", ""v2:332""], ""snapshot_polls"": 1}"
20260918T140141Z_d0b63c0a,333,fault,1789740145.5885148,1789740145.6119516,23.524,0,23.524,pass,,independent_snapshot,"{""prerequisite_acknowledged"": true, ""client_b_read_v1"": true, ""dependent_acknowledged"": true, ""visible_ids"": [""v1:333"", ""v2:333""], ""snapshot_polls"": 1}"
20260918T140141Z_d0b63c0a,334,fault,1789740145.6125765,1789740145.6317883,19.165,0,19.165,pass,,independent_snapshot,"{""prerequisite_acknowledged"": true, ""client_b_read_v1"": true, ""dependent_acknowledged"": true, ""visible_ids"": [""v1:334"", ""v2:334""], ""snapshot_polls"": 1}"
20260918T140141Z_d0b63c0a,335,fault,1789740145.6317883,1789740145.6514497,19.649,0,19.649,pass,,independent_snapshot,"{""prerequisite_acknowledged"": true, ""client_b_read_v1"": true, ""dependent_acknowledged"": true, ""visible_ids"": [""v1:335"", ""v2:335""], ""snapshot_polls"": 1}"
20260918T140141Z_d0b63c0a,336,fault,1789740145.6514497,1789740145.6740136,22.473,0,22.473,pass,,independent_snapshot,"{""prerequisite_acknowledged"": true, ""client_b_read_v1"": true, ""dependent_acknowledged"": true, ""visible_ids"": [""v1:336"", ""v2:336""], ""snapshot_polls"": 1}"
20260918T140141Z_d0b63c0a,337,fault,1789740145.674327,1789740145.6947224,20.546,0,20.546,pass,,independent_snapshot,"{""prerequisite_acknowledged"": true, ""client_b_read_v1"": true, ""dependent_acknowledged"": true, ""visible_ids"": [""v1:337"", ""v2:337""], ""snapshot_polls"": 1}"
20260918T140141Z_d0b63c0a,338,fault,1789740145.6947224,1789740145.7160406,21.134,0,21.134,pass,,independent_snapshot,"{""prerequisite_acknowledged"": true, ""client_b_read_v1"": true, ""dependent_acknowledged"": true, ""visible_ids"": [""v1:338"", ""v2:338""], ""snapshot_polls"": 1}"
20260918T140141Z_d0b63c0a,339,fault,1789740145.7160406,1789740145.73624,20.28,0,20.28,pass,,independent_snapshot,"{""prerequisite_acknowledged"": true, ""client_b_read_v1"": true, ""dependent_acknowledged"": true, ""visible_ids"": [""v1:339"", ""v2:339""], ""snapshot_polls"": 1}"
20260918T140141Z_d0b63c0a,340,fault,1789740145.73624,1789740145.7554467,18.876,0,18.876,pass,,independent_snapshot,"{""prerequisite_acknowledged"": true, ""client_b_read_v1"": true, ""dependent_acknowledged"": true, ""visible_ids"": [""v1:340"", ""v2:340""], ""snapshot_polls"": 1}"
20260918T140141Z_d0b63c0a,341,fault,1789740145.7554467,1789740145.7758853,20.311,0,20.311,pass,,independent_snapshot,"{""prerequisite_acknowledged"": true, ""client_b_read_v1"": true, ""dependent_acknowledged"": true, ""visible_ids"": [""v1:341"", ""v2:341""], ""snapshot_polls"": 1}"
20260918T140141Z_d0b63c0a,342,fault,1789740145.7758853,1789740145.7958157,19.725,0,19.725,pass,,independent_snapshot,"{""prerequisite_acknowledged"": true, ""client_b_read_v1"": true, ""dependent_acknowledged"": true, ""visible_ids"": [""v1:342"", ""v2:342""], ""snapshot_polls"": 1}"
20260918T140141Z_d0b63c0a,343,fault,1789740145.7958157,1789740145.8169093,21.321,0,21.321,pass,,independent_snapshot,"{""prerequisite_acknowledged"": true, ""client_b_read_v1"": true, ""dependent_acknowledged"": true, ""visible_ids"": [""v1:343"", ""v2:343""], ""snapshot_polls"": 1}"
20260918T140141Z_d0b63c0a,344,fault,1789740145.8169093,1789740145.8398123,22.824,0,22.824,pass,,independent_snapshot,"{""prerequisite_acknowledged"": true, ""client_b_read_v1"": true, ""dependent_acknowledged"": true, ""visible_ids"": [""v1:344"", ""v2:344""], ""snapshot_polls"": 1}"
20260918T140141Z_d0b63c0a,345,fault,1789740145.8398123,1789740145.8604674,20.183,0,20.183,pass,,independent_snapshot,"{""prerequisite_acknowledged"": true, ""client_b_read_v1"": true, ""dependent_acknowledged"": true, ""visible_ids"": [""v1:345"", ""v2:345""], ""snapshot_polls"": 1}"
20260918T140141Z_d0b63c0a,346,fault,1789740145.8604674,1789740145.8800886,19.619,0,19.619,pass,,independent_snapshot,"{""prerequisite_acknowledged"": true, ""client_b_read_v1"": true, ""dependent_acknowledged"": true, ""visible_ids"": [""v1:346"", ""v2:346""], ""snapshot_polls"": 1}"
20260918T140141Z_d0b63c0a,347,fault,1789740145.8800886,1789740145.8995538,19.581,0,19.581,pass,,independent_snapshot,"{""prerequisite_acknowledged"": true, ""client_b_read_v1"": true, ""dependent_acknowledged"": true, ""visible_ids"": [""v1:347"", ""v2:347""], ""snapshot_polls"": 1}"
20260918T140141Z_d0b63c0a,348,fault,1789740145.8995538,1789740145.920174,20.329,0,20.329,pass,,independent_snapshot,"{""prerequisite_acknowledged"": true, ""client_b_read_v1"": true, ""dependent_acknowledged"": true, ""visible_ids"": [""v1:348"", ""v2:348""], ""snapshot_polls"": 1}"
20260918T140141Z_d0b63c0a,349,fault,1789740145.920174,1789740145.9410317,20.729,0,20.729,pass,,independent_snapshot,"{""prerequisite_acknowledged"": true, ""client_b_read_v1"": true, ""dependent_acknowledged"": true, ""visible_ids"": [""v1:349"", ""v2:349""], ""snapshot_polls"": 1}"
20260918T140141Z_d0b63c0a,350,fault,1789740145.9410317,1789740145.961224,19.999,0,19.999,pass,,independent_snapshot,"{""prerequisite_acknowledged"": true, ""client_b_read_v1"": true, ""dependent_acknowledged"": true, ""visible_ids"": [""v1:350"", ""v2:350""], ""snapshot_polls"": 1}"
20260918T140141Z_d0b63c0a,351,fault,1789740145.961224,1789740145.982395,21.067,0,21.067,pass,,independent_snapshot,"{""prerequisite_acknowledged"": true, ""client_b_read_v1"": true, ""dependent_acknowledged"": true, ""visible_ids"": [""v1:351"", ""v2:351""], ""snapshot_polls"": 1}"
20260918T140141Z_d0b63c0a,352,fault,1789740145.982395,1789740146.0046802,22.502,0,22.502,pass,,independent_snapshot,"{""prerequisite_acknowledged"": true, ""client_b_read_v1"": true, ""dependent_acknowledged"": true, ""visible_ids"": [""v1:352"", ""v2:352""], ""snapshot_polls"": 1}"
20260918T140141Z_d0b63c0a,353,fault,1789740146.0046802,1789740146.0259852,20.944,0,20.944,pass,,independent_snapshot,"{""prerequisite_acknowledged"": true, ""client_b_read_v1"": true, ""dependent_acknowledged"": true, ""visible_ids"": [""v1:353"", ""v2:353""], ""snapshot_polls"": 1}"
20260918T140141Z_d0b63c0a,354,fault,1789740146.0259852,1789740146.0470817,21.107,0,21.107,pass,,independent_snapshot,"{""prerequisite_acknowledged"": true, ""client_b_read_v1"": true, ""dependent_acknowledged"": true, ""visible_ids"": [""v1:354"", ""v2:354""], ""snapshot_polls"": 1}"
20260918T140141Z_d0b63c0a,355,fault,1789740146.0470817,1789740146.067872,20.709,0,20.709,pass,,independent_snapshot,"{""prerequisite_acknowledged"": true, ""client_b_read_v1"": true, ""dependent_acknowledged"": true, ""visible_ids"": [""v1:355"", ""v2:355""], ""snapshot_polls"": 1}"
20260918T140141Z_d0b63c0a,356,fault,1789740146.067872,1789740146.0876498,19.601,0,19.601,pass,,independent_snapshot,"{""prerequisite_acknowledged"": true, ""client_b_read_v1"": true, ""dependent_acknowledged"": true, ""visible_ids"": [""v1:356"", ""v2:356""], ""snapshot_polls"": 1}"
20260918T140141Z_d0b63c0a,357,fault,1789740146.0876498,1789740146.1091805,21.245,0,21.245,pass,,independent_snapshot,"{""prerequisite_acknowledged"": true, ""client_b_read_v1"": true, ""dependent_acknowledged"": true, ""visible_ids"": [""v1:357"", ""v2:357""], ""snapshot_polls"": 1}"
20260918T140141Z_d0b63c0a,358,fault,1789740146.1091805,1789740146.128189,19.144,0,19.144,pass,,independent_snapshot,"{""prerequisite_acknowledged"": true, ""client_b_read_v1"": true, ""dependent_acknowledged"": true, ""visible_ids"": [""v1:358"", ""v2:358""], ""snapshot_polls"": 1}"
20260918T140141Z_d0b63c0a,359,fault,1789740146.128189,1789740146.1487834,20.35,0,20.35,pass,,independent_snapshot,"{""prerequisite_acknowledged"": true, ""client_b_read_v1"": true, ""dependent_acknowledged"": true, ""visible_ids"": [""v1:359"", ""v2:359""], ""snapshot_polls"": 1}"
20260918T140141Z_d0b63c0a,360,fault,1789740146.1487834,1789740146.1708243,21.835,0,21.835,pass,,independent_snapshot,"{""prerequisite_acknowledged"": true, ""client_b_read_v1"": true, ""dependent_acknowledged"": true, ""visible_ids"": [""v1:360"", ""v2:360""], ""snapshot_polls"": 1}"
20260918T140141Z_d0b63c0a,361,fault,1789740146.1708243,1789740146.1892142,18.284,0,18.284,pass,,independent_snapshot,"{""prerequisite_acknowledged"": true, ""client_b_read_v1"": true, ""dependent_acknowledged"": true, ""visible_ids"": [""v1:361"", ""v2:361""], ""snapshot_polls"": 1}"
20260918T140141Z_d0b63c0a,362,fault,1789740146.1892142,1789740146.209131,19.714,0,19.714,pass,,independent_snapshot,"{""prerequisite_acknowledged"": true, ""client_b_read_v1"": true, ""dependent_acknowledged"": true, ""visible_ids"": [""v1:362"", ""v2:362""], ""snapshot_polls"": 1}"
20260918T140141Z_d0b63c0a,363,fault,1789740146.209131,1789740146.2281055,18.821,0,18.821,pass,,independent_snapshot,"{""prerequisite_acknowledged"": true, ""client_b_read_v1"": true, ""dependent_acknowledged"": true, ""visible_ids"": [""v1:363"", ""v2:363""], ""snapshot_polls"": 1}"
20260918T140141Z_d0b63c0a,364,fault,1789740146.2281055,1789740146.2471497,19.004,0,19.004,pass,,independent_snapshot,"{""prerequisite_acknowledged"": true, ""client_b_read_v1"": true, ""dependent_acknowledged"": true, ""visible_ids"": [""v1:364"", ""v2:364""], ""snapshot_polls"": 1}"
20260918T140141Z_d0b63c0a,365,fault,1789740146.2471497,1789740146.2681978,20.858,0,20.858,pass,,independent_snapshot,"{""prerequisite_acknowledged"": true, ""client_b_read_v1"": true, ""dependent_acknowledged"": true, ""visible_ids"": [""v1:365"", ""v2:365""], ""snapshot_polls"": 1}"
20260918T140141Z_d0b63c0a,366,fault,1789740146.2681978,1789740146.286825,19.082,0,19.082,pass,,independent_snapshot,"{""prerequisite_acknowledged"": true, ""client_b_read_v1"": true, ""dependent_acknowledged"": true, ""visible_ids"": [""v1:366"", ""v2:366""], ""snapshot_polls"": 1}"
20260918T140141Z_d0b63c0a,367,fault,1789740146.287595,1789740146.3068917,19.613,0,19.613,pass,,independent_snapshot,"{""prerequisite_acknowledged"": true, ""client_b_read_v1"": true, ""dependent_acknowledged"": true, ""visible_ids"": [""v1:367"", ""v2:367""], ""snapshot_polls"": 1}"
20260918T140141Z_d0b63c0a,368,fault,1789740146.3068917,1789740146.329125,22.108,0,22.108,pass,,independent_snapshot,"{""prerequisite_acknowledged"": true, ""client_b_read_v1"": true, ""dependent_acknowledged"": true, ""visible_ids"": [""v1:368"", ""v2:368""], ""snapshot_polls"": 1}"
20260918T140141Z_d0b63c0a,369,fault,1789740146.329125,1789740146.349231,20.27,0,20.27,pass,,independent_snapshot,"{""prerequisite_acknowledged"": true, ""client_b_read_v1"": true, ""dependent_acknowledged"": true, ""visible_ids"": [""v1:369"", ""v2:369""], ""snapshot_polls"": 1}"
20260918T140141Z_d0b63c0a,370,fault,1789740146.349231,1789740146.3699875,20.214,0,20.214,pass,,independent_snapshot,"{""prerequisite_acknowledged"": true, ""client_b_read_v1"": true, ""dependent_acknowledged"": true, ""visible_ids"": [""v1:370"", ""v2:370""], ""snapshot_polls"": 1}"
20260918T140141Z_d0b63c0a,371,fault,1789740146.3699875,1789740146.3900592,19.989,0,19.989,pass,,independent_snapshot,"{""prerequisite_acknowledged"": true, ""client_b_read_v1"": true, ""dependent_acknowledged"": true, ""visible_ids"": [""v1:371"", ""v2:371""], ""snapshot_polls"": 1}"
20260918T140141Z_d0b63c0a,372,fault,1789740146.3900592,1789740146.4099815,20.159,0,20.159,pass,,independent_snapshot,"{""prerequisite_acknowledged"": true, ""client_b_read_v1"": true, ""dependent_acknowledged"": true, ""visible_ids"": [""v1:372"", ""v2:372""], ""snapshot_polls"": 1}"
20260918T140141Z_d0b63c0a,373,fault,1789740146.4109375,1789740146.4306939,19.807,0,19.807,pass,,independent_snapshot,"{""prerequisite_acknowledged"": true, ""client_b_read_v1"": true, ""dependent_acknowledged"": true, ""visible_ids"": [""v1:373"", ""v2:373""], ""snapshot_polls"": 1}"
20260918T140141Z_d0b63c0a,374,fault,1789740146.4306939,1789740146.4501505,19.514,0,19.514,pass,,independent_snapshot,"{""prerequisite_acknowledged"": true, ""client_b_read_v1"": true, ""dependent_acknowledged"": true, ""visible_ids"": [""v1:374"", ""v2:374""], ""snapshot_polls"": 1}"
20260918T140141Z_d0b63c0a,375,fault,1789740146.4501505,1789740146.471985,21.73,0,21.73,pass,,independent_snapshot,"{""prerequisite_acknowledged"": true, ""client_b_read_v1"": true, ""dependent_acknowledged"": true, ""visible_ids"": [""v1:375"", ""v2:375""], ""snapshot_polls"": 1}"
20260918T140141Z_d0b63c0a,376,fault,1789740146.471985,1789740146.494841,22.798,0,22.798,pass,,independent_snapshot,"{""prerequisite_acknowledged"": true, ""client_b_read_v1"": true, ""dependent_acknowledged"": true, ""visible_ids"": [""v1:376"", ""v2:376""], ""snapshot_polls"": 1}"
20260918T140141Z_d0b63c0a,377,fault,1789740146.494841,1789740146.5157719,20.363,0,20.363,pass,,independent_snapshot,"{""prerequisite_acknowledged"": true, ""client_b_read_v1"": true, ""dependent_acknowledged"": true, ""visible_ids"": [""v1:377"", ""v2:377""], ""snapshot_polls"": 1}"
20260918T140141Z_d0b63c0a,378,fault,1789740146.5157719,1789740146.5352178,19.484,0,19.484,pass,,independent_snapshot,"{""prerequisite_acknowledged"": true, ""client_b_read_v1"": true, ""dependent_acknowledged"": true, ""visible_ids"": [""v1:378"", ""v2:378""], ""snapshot_polls"": 1}"
20260918T140141Z_d0b63c0a,379,fault,1789740146.5355508,1789740146.5542915,18.794,0,18.794,pass,,independent_snapshot,"{""prerequisite_acknowledged"": true, ""client_b_read_v1"": true, ""dependent_acknowledged"": true, ""visible_ids"": [""v1:379"", ""v2:379""], ""snapshot_polls"": 1}"
20260918T140141Z_d0b63c0a,380,fault,1789740146.5542915,1789740146.5743377,19.887,0,19.887,pass,,independent_snapshot,"{""prerequisite_acknowledged"": true, ""client_b_read_v1"": true, ""dependent_acknowledged"": true, ""visible_ids"": [""v1:380"", ""v2:380""], ""snapshot_polls"": 1}"
20260918T140141Z_d0b63c0a,381,fault,1789740146.5743377,1789740146.5951812,20.787,0,20.787,pass,,independent_snapshot,"{""prerequisite_acknowledged"": true, ""client_b_read_v1"": true, ""dependent_acknowledged"": true, ""visible_ids"": [""v1:381"", ""v2:381""], ""snapshot_polls"": 1}"
20260918T140141Z_d0b63c0a,382,fault,1789740146.5951812,1789740146.61494,19.956,0,19.956,pass,,independent_snapshot,"{""prerequisite_acknowledged"": true, ""client_b_read_v1"": true, ""dependent_acknowledged"": true, ""visible_ids"": [""v1:382"", ""v2:382""], ""snapshot_polls"": 1}"
20260918T140141Z_d0b63c0a,383,fault,1789740146.61494,1789740146.6334922,18.565,0,18.565,pass,,independent_snapshot,"{""prerequisite_acknowledged"": true, ""client_b_read_v1"": true, ""dependent_acknowledged"": true, ""visible_ids"": [""v1:383"", ""v2:383""], ""snapshot_polls"": 1}"
20260918T140141Z_d0b63c0a,384,fault,1789740146.6341074,1789740146.6578763,24.203,0,24.203,pass,,independent_snapshot,"{""prerequisite_acknowledged"": true, ""client_b_read_v1"": true, ""dependent_acknowledged"": true, ""visible_ids"": [""v1:384"", ""v2:384""], ""snapshot_polls"": 1}"
20260918T140141Z_d0b63c0a,385,fault,1789740146.6578763,1789740146.6779933,20.073,0,20.073,pass,,independent_snapshot,"{""prerequisite_acknowledged"": true, ""client_b_read_v1"": true, ""dependent_acknowledged"": true, ""visible_ids"": [""v1:385"", ""v2:385""], ""snapshot_polls"": 1}"
20260918T140141Z_d0b63c0a,386,fault,1789740146.6785738,1789740146.6990817,20.718,0,20.718,pass,,independent_snapshot,"{""prerequisite_acknowledged"": true, ""client_b_read_v1"": true, ""dependent_acknowledged"": true, ""visible_ids"": [""v1:386"", ""v2:386""], ""snapshot_polls"": 1}"
20260918T140141Z_d0b63c0a,387,fault,1789740146.6990817,1789740146.7196898,20.438,0,20.438,pass,,independent_snapshot,"{""prerequisite_acknowledged"": true, ""client_b_read_v1"": true, ""dependent_acknowledged"": true, ""visible_ids"": [""v1:387"", ""v2:387""], ""snapshot_polls"": 1}"
20260918T140141Z_d0b63c0a,388,fault,1789740146.7196898,1789740146.740795,20.821,0,20.821,pass,,independent_snapshot,"{""prerequisite_acknowledged"": true, ""client_b_read_v1"": true, ""dependent_acknowledged"": true, ""visible_ids"": [""v1:388"", ""v2:388""], ""snapshot_polls"": 1}"
20260918T140141Z_d0b63c0a,389,fault,1789740146.740795,1789740146.761265,20.453,0,20.453,pass,,independent_snapshot,"{""prerequisite_acknowledged"": true, ""client_b_read_v1"": true, ""dependent_acknowledged"": true, ""visible_ids"": [""v1:389"", ""v2:389""], ""snapshot_polls"": 1}"
20260918T140141Z_d0b63c0a,390,fault,1789740146.761265,1789740146.7810204,20.019,0,20.019,pass,,independent_snapshot,"{""prerequisite_acknowledged"": true, ""client_b_read_v1"": true, ""dependent_acknowledged"": true, ""visible_ids"": [""v1:390"", ""v2:390""], ""snapshot_polls"": 1}"
20260918T140141Z_d0b63c0a,391,fault,1789740146.7816634,1789740146.8033671,21.835,0,21.835,pass,,independent_snapshot,"{""prerequisite_acknowledged"": true, ""client_b_read_v1"": true, ""dependent_acknowledged"": true, ""visible_ids"": [""v1:391"", ""v2:391""], ""snapshot_polls"": 1}"
20260918T140141Z_d0b63c0a,392,fault,1789740146.8033671,1789740146.8272853,23.742,0,23.742,pass,,independent_snapshot,"{""prerequisite_acknowledged"": true, ""client_b_read_v1"": true, ""dependent_acknowledged"": true, ""visible_ids"": [""v1:392"", ""v2:392""], ""snapshot_polls"": 1}"
20260918T140141Z_d0b63c0a,393,fault,1789740146.8272853,1789740146.847741,20.518,0,20.518,pass,,independent_snapshot,"{""prerequisite_acknowledged"": true, ""client_b_read_v1"": true, ""dependent_acknowledged"": true, ""visible_ids"": [""v1:393"", ""v2:393""], ""snapshot_polls"": 1}"
20260918T140141Z_d0b63c0a,394,fault,1789740146.847741,1789740146.8679056,19.986,0,19.986,pass,,independent_snapshot,"{""prerequisite_acknowledged"": true, ""client_b_read_v1"": true, ""dependent_acknowledged"": true, ""visible_ids"": [""v1:394"", ""v2:394""], ""snapshot_polls"": 1}"
20260918T140141Z_d0b63c0a,395,fault,1789740146.8679056,1789740146.8883023,20.129,0,20.129,pass,,independent_snapshot,"{""prerequisite_acknowledged"": true, ""client_b_read_v1"": true, ""dependent_acknowledged"": true, ""visible_ids"": [""v1:395"", ""v2:395""], ""snapshot_polls"": 1}"
20260918T140141Z_d0b63c0a,396,fault,1789740146.8883023,1789740146.90814,19.797,0,19.797,pass,,independent_snapshot,"{""prerequisite_acknowledged"": true, ""client_b_read_v1"": true, ""dependent_acknowledged"": true, ""visible_ids"": [""v1:396"", ""v2:396""], ""snapshot_polls"": 1}"
20260918T140141Z_d0b63c0a,397,fault,1789740146.90814,1789740146.9287634,20.652,0,20.652,pass,,independent_snapshot,"{""prerequisite_acknowledged"": true, ""client_b_read_v1"": true, ""dependent_acknowledged"": true, ""visible_ids"": [""v1:397"", ""v2:397""], ""snapshot_polls"": 1}"
20260918T140141Z_d0b63c0a,398,fault,1789740146.9287634,1789740146.9472818,18.341,0,18.341,pass,,independent_snapshot,"{""prerequisite_acknowledged"": true, ""client_b_read_v1"": true, ""dependent_acknowledged"": true, ""visible_ids"": [""v1:398"", ""v2:398""], ""snapshot_polls"": 1}"
20260918T140141Z_d0b63c0a,399,fault,1789740146.9472818,1789740146.9673073,20.041,0,20.041,pass,,independent_snapshot,"{""prerequisite_acknowledged"": true, ""client_b_read_v1"": true, ""dependent_acknowledged"": true, ""visible_ids"": [""v1:399"", ""v2:399""], ""snapshot_polls"": 1}"
20260918T140141Z_d0b63c0a,400,fault,1789740146.9673073,1789740146.9902124,22.967,0,22.967,pass,,independent_snapshot,"{""prerequisite_acknowledged"": true, ""client_b_read_v1"": true, ""dependent_acknowledged"": true, ""visible_ids"": [""v1:400"", ""v2:400""], ""snapshot_polls"": 1}"
20260918T140141Z_d0b63c0a,401,fault,1789740146.993099,1789740147.0134916,20.17,0,20.17,pass,,independent_snapshot,"{""prerequisite_acknowledged"": true, ""client_b_read_v1"": true, ""dependent_acknowledged"": true, ""visible_ids"": [""v1:401"", ""v2:401""], ""snapshot_polls"": 1}"
20260918T140141Z_d0b63c0a,402,fault,1789740147.0134916,1789740147.0350401,21.553,0,21.553,pass,,independent_snapshot,"{""prerequisite_acknowledged"": true, ""client_b_read_v1"": true, ""dependent_acknowledged"": true, ""visible_ids"": [""v1:402"", ""v2:402""], ""snapshot_polls"": 1}"
20260918T140141Z_d0b63c0a,403,fault,1789740147.0350401,1789740147.055565,20.415,0,20.415,pass,,independent_snapshot,"{""prerequisite_acknowledged"": true, ""client_b_read_v1"": true, ""dependent_acknowledged"": true, ""visible_ids"": [""v1:403"", ""v2:403""], ""snapshot_polls"": 1}"
20260918T140141Z_d0b63c0a,404,fault,1789740147.055565,1789740147.0758226,20.072,0,20.072,pass,,independent_snapshot,"{""prerequisite_acknowledged"": true, ""client_b_read_v1"": true, ""dependent_acknowledged"": true, ""visible_ids"": [""v1:404"", ""v2:404""], ""snapshot_polls"": 1}"
20260918T140141Z_d0b63c0a,405,fault,1789740147.0758226,1789740147.095967,19.971,0,19.971,pass,,independent_snapshot,"{""prerequisite_acknowledged"": true, ""client_b_read_v1"": true, ""dependent_acknowledged"": true, ""visible_ids"": [""v1:405"", ""v2:405""], ""snapshot_polls"": 1}"
20260918T140141Z_d0b63c0a,406,fault,1789740147.095967,1789740147.1162653,20.224,0,20.224,pass,,independent_snapshot,"{""prerequisite_acknowledged"": true, ""client_b_read_v1"": true, ""dependent_acknowledged"": true, ""visible_ids"": [""v1:406"", ""v2:406""], ""snapshot_polls"": 1}"
20260918T140141Z_d0b63c0a,407,fault,1789740147.1162653,1789740147.1385171,22.363,0,22.363,pass,,independent_snapshot,"{""prerequisite_acknowledged"": true, ""client_b_read_v1"": true, ""dependent_acknowledged"": true, ""visible_ids"": [""v1:407"", ""v2:407""], ""snapshot_polls"": 1}"
20260918T140141Z_d0b63c0a,408,fault,1789740147.1385171,1789740147.1637504,24.796,0,24.796,pass,,independent_snapshot,"{""prerequisite_acknowledged"": true, ""client_b_read_v1"": true, ""dependent_acknowledged"": true, ""visible_ids"": [""v1:408"", ""v2:408""], ""snapshot_polls"": 1}"
20260918T140141Z_d0b63c0a,409,fault,1789740147.1637504,1789740147.187754,24.026,0,24.026,pass,,independent_snapshot,"{""prerequisite_acknowledged"": true, ""client_b_read_v1"": true, ""dependent_acknowledged"": true, ""visible_ids"": [""v1:409"", ""v2:409""], ""snapshot_polls"": 1}"
20260918T140141Z_d0b63c0a,410,fault,1789740147.187754,1789740147.2107894,22.803,0,22.803,pass,,independent_snapshot,"{""prerequisite_acknowledged"": true, ""client_b_read_v1"": true, ""dependent_acknowledged"": true, ""visible_ids"": [""v1:410"", ""v2:410""], ""snapshot_polls"": 1}"
20260918T140141Z_d0b63c0a,411,fault,1789740147.2107894,1789740147.2323895,21.855,0,21.855,pass,,independent_snapshot,"{""prerequisite_acknowledged"": true, ""client_b_read_v1"": true, ""dependent_acknowledged"": true, ""visible_ids"": [""v1:411"", ""v2:411""], ""snapshot_polls"": 1}"
20260918T140141Z_d0b63c0a,412,fault,1789740147.2330427,1789740147.2530172,20.314,0,20.314,pass,,independent_snapshot,"{""prerequisite_acknowledged"": true, ""client_b_read_v1"": true, ""dependent_acknowledged"": true, ""visible_ids"": [""v1:412"", ""v2:412""], ""snapshot_polls"": 1}"
20260918T140141Z_d0b63c0a,413,fault,1789740147.253572,1789740147.2732513,20.046,0,20.046,pass,,independent_snapshot,"{""prerequisite_acknowledged"": true, ""client_b_read_v1"": true, ""dependent_acknowledged"": true, ""visible_ids"": [""v1:413"", ""v2:413""], ""snapshot_polls"": 1}"
20260918T140141Z_d0b63c0a,414,fault,1789740147.2732513,1789740147.2958755,22.393,0,22.393,pass,,independent_snapshot,"{""prerequisite_acknowledged"": true, ""client_b_read_v1"": true, ""dependent_acknowledged"": true, ""visible_ids"": [""v1:414"", ""v2:414""], ""snapshot_polls"": 1}"
20260918T140141Z_d0b63c0a,415,fault,1789740147.2958755,1789740147.3187013,22.926,0,22.926,pass,,independent_snapshot,"{""prerequisite_acknowledged"": true, ""client_b_read_v1"": true, ""dependent_acknowledged"": true, ""visible_ids"": [""v1:415"", ""v2:415""], ""snapshot_polls"": 1}"
20260918T140141Z_d0b63c0a,416,fault,1789740147.3187013,1789740147.346007,27.126,0,27.126,pass,,independent_snapshot,"{""prerequisite_acknowledged"": true, ""client_b_read_v1"": true, ""dependent_acknowledged"": true, ""visible_ids"": [""v1:416"", ""v2:416""], ""snapshot_polls"": 1}"
20260918T140141Z_d0b63c0a,417,fault,1789740147.346007,1789740147.370608,24.569,0,24.569,pass,,independent_snapshot,"{""prerequisite_acknowledged"": true, ""client_b_read_v1"": true, ""dependent_acknowledged"": true, ""visible_ids"": [""v1:417"", ""v2:417""], ""snapshot_polls"": 1}"
20260918T140141Z_d0b63c0a,418,fault,1789740147.370608,1789740147.3944066,23.299,0,23.299,pass,,independent_snapshot,"{""prerequisite_acknowledged"": true, ""client_b_read_v1"": true, ""dependent_acknowledged"": true, ""visible_ids"": [""v1:418"", ""v2:418""], ""snapshot_polls"": 1}"
20260918T140141Z_d0b63c0a,419,fault,1789740147.3944066,1789740147.416627,22.128,0,22.128,pass,,independent_snapshot,"{""prerequisite_acknowledged"": true, ""client_b_read_v1"": true, ""dependent_acknowledged"": true, ""visible_ids"": [""v1:419"", ""v2:419""], ""snapshot_polls"": 1}"
20260918T140141Z_d0b63c0a,420,fault,1789740147.416627,1789740147.4360244,19.464,0,19.464,pass,,independent_snapshot,"{""prerequisite_acknowledged"": true, ""client_b_read_v1"": true, ""dependent_acknowledged"": true, ""visible_ids"": [""v1:420"", ""v2:420""], ""snapshot_polls"": 1}"
20260918T140141Z_d0b63c0a,421,fault,1789740147.4360244,1789740147.4558995,19.773,0,19.773,pass,,independent_snapshot,"{""prerequisite_acknowledged"": true, ""client_b_read_v1"": true, ""dependent_acknowledged"": true, ""visible_ids"": [""v1:421"", ""v2:421""], ""snapshot_polls"": 1}"
20260918T140141Z_d0b63c0a,422,fault,1789740147.4558995,1789740147.4784658,22.57,0,22.57,pass,,independent_snapshot,"{""prerequisite_acknowledged"": true, ""client_b_read_v1"": true, ""dependent_acknowledged"": true, ""visible_ids"": [""v1:422"", ""v2:422""], ""snapshot_polls"": 1}"
20260918T140141Z_d0b63c0a,423,fault,1789740147.4784658,1789740147.506623,27.973,0,27.973,pass,,independent_snapshot,"{""prerequisite_acknowledged"": true, ""client_b_read_v1"": true, ""dependent_acknowledged"": true, ""visible_ids"": [""v1:423"", ""v2:423""], ""snapshot_polls"": 1}"
20260918T140141Z_d0b63c0a,424,fault,1789740147.506623,1789740147.529613,22.939,0,22.939,pass,,independent_snapshot,"{""prerequisite_acknowledged"": true, ""client_b_read_v1"": true, ""dependent_acknowledged"": true, ""visible_ids"": [""v1:424"", ""v2:424""], ""snapshot_polls"": 1}"
20260918T140141Z_d0b63c0a,425,fault,1789740147.5301728,1789740147.5500052,19.988,0,19.988,pass,,independent_snapshot,"{""prerequisite_acknowledged"": true, ""client_b_read_v1"": true, ""dependent_acknowledged"": true, ""visible_ids"": [""v1:425"", ""v2:425""], ""snapshot_polls"": 1}"
20260918T140141Z_d0b63c0a,426,fault,1789740147.5500052,1789740147.5688934,19.017,0,19.017,pass,,independent_snapshot,"{""prerequisite_acknowledged"": true, ""client_b_read_v1"": true, ""dependent_acknowledged"": true, ""visible_ids"": [""v1:426"", ""v2:426""], ""snapshot_polls"": 1}"
20260918T140141Z_d0b63c0a,427,fault,1789740147.5688934,1789740147.5897229,20.861,0,20.861,pass,,independent_snapshot,"{""prerequisite_acknowledged"": true, ""client_b_read_v1"": true, ""dependent_acknowledged"": true, ""visible_ids"": [""v1:427"", ""v2:427""], ""snapshot_polls"": 1}"
20260918T140141Z_d0b63c0a,428,fault,1789740147.590292,1789740147.6123505,22.271,0,22.271,pass,,independent_snapshot,"{""prerequisite_acknowledged"": true, ""client_b_read_v1"": true, ""dependent_acknowledged"": true, ""visible_ids"": [""v1:428"", ""v2:428""], ""snapshot_polls"": 1}"
20260918T140141Z_d0b63c0a,429,fault,1789740147.6123505,1789740147.6373682,24.797,0,24.797,pass,,independent_snapshot,"{""prerequisite_acknowledged"": true, ""client_b_read_v1"": true, ""dependent_acknowledged"": true, ""visible_ids"": [""v1:429"", ""v2:429""], ""snapshot_polls"": 1}"
20260918T140141Z_d0b63c0a,430,fault,1789740147.6373682,1789740147.660556,23.707,0,23.707,pass,,independent_snapshot,"{""prerequisite_acknowledged"": true, ""client_b_read_v1"": true, ""dependent_acknowledged"": true, ""visible_ids"": [""v1:430"", ""v2:430""], ""snapshot_polls"": 1}"
20260918T140141Z_d0b63c0a,431,fault,1789740147.660556,1789740147.684728,23.616,0,23.616,pass,,independent_snapshot,"{""prerequisite_acknowledged"": true, ""client_b_read_v1"": true, ""dependent_acknowledged"": true, ""visible_ids"": [""v1:431"", ""v2:431""], ""snapshot_polls"": 1}"
20260918T140141Z_d0b63c0a,432,fault,1789740147.684728,1789740147.7114892,26.492,0,26.492,pass,,independent_snapshot,"{""prerequisite_acknowledged"": true, ""client_b_read_v1"": true, ""dependent_acknowledged"": true, ""visible_ids"": [""v1:432"", ""v2:432""], ""snapshot_polls"": 1}"
20260918T140141Z_d0b63c0a,433,fault,1789740147.7114892,1789740147.733203,21.671,0,21.671,pass,,independent_snapshot,"{""prerequisite_acknowledged"": true, ""client_b_read_v1"": true, ""dependent_acknowledged"": true, ""visible_ids"": [""v1:433"", ""v2:433""], ""snapshot_polls"": 1}"
20260918T140141Z_d0b63c0a,434,fault,1789740147.733203,1789740147.7585325,25.379,0,25.379,pass,,independent_snapshot,"{""prerequisite_acknowledged"": true, ""client_b_read_v1"": true, ""dependent_acknowledged"": true, ""visible_ids"": [""v1:434"", ""v2:434""], ""snapshot_polls"": 1}"
20260918T140141Z_d0b63c0a,435,fault,1789740147.7585325,1789740147.783645,24.959,0,24.959,pass,,independent_snapshot,"{""prerequisite_acknowledged"": true, ""client_b_read_v1"": true, ""dependent_acknowledged"": true, ""visible_ids"": [""v1:435"", ""v2:435""], ""snapshot_polls"": 1}"
20260918T140141Z_d0b63c0a,436,fault,1789740147.783645,1789740147.8076222,23.776,0,23.776,pass,,independent_snapshot,"{""prerequisite_acknowledged"": true, ""client_b_read_v1"": true, ""dependent_acknowledged"": true, ""visible_ids"": [""v1:436"", ""v2:436""], ""snapshot_polls"": 1}"
20260918T140141Z_d0b63c0a,437,fault,1789740147.8076222,1789740147.830475,22.97,0,22.97,pass,,independent_snapshot,"{""prerequisite_acknowledged"": true, ""client_b_read_v1"": true, ""dependent_acknowledged"": true, ""visible_ids"": [""v1:437"", ""v2:437""], ""snapshot_polls"": 1}"
20260918T140141Z_d0b63c0a,438,fault,1789740147.830475,1789740147.8524663,21.913,0,21.913,pass,,independent_snapshot,"{""prerequisite_acknowledged"": true, ""client_b_read_v1"": true, ""dependent_acknowledged"": true, ""visible_ids"": [""v1:438"", ""v2:438""], ""snapshot_polls"": 1}"
20260918T140141Z_d0b63c0a,439,fault,1789740147.8524663,1789740147.8769686,24.27,0,24.27,pass,,independent_snapshot,"{""prerequisite_acknowledged"": true, ""client_b_read_v1"": true, ""dependent_acknowledged"": true, ""visible_ids"": [""v1:439"", ""v2:439""], ""snapshot_polls"": 1}"
20260918T140141Z_d0b63c0a,440,fault,1789740147.8769686,1789740147.9051976,28.067,0,28.067,pass,,independent_snapshot,"{""prerequisite_acknowledged"": true, ""client_b_read_v1"": true, ""dependent_acknowledged"": true, ""visible_ids"": [""v1:440"", ""v2:440""], ""snapshot_polls"": 1}"
20260918T140141Z_d0b63c0a,441,fault,1789740147.9051976,1789740147.928744,23.26,0,23.26,pass,,independent_snapshot,"{""prerequisite_acknowledged"": true, ""client_b_read_v1"": true, ""dependent_acknowledged"": true, ""visible_ids"": [""v1:441"", ""v2:441""], ""snapshot_polls"": 1}"
20260918T140141Z_d0b63c0a,442,fault,1789740147.928744,1789740147.9501145,21.488,0,21.488,pass,,independent_snapshot,"{""prerequisite_acknowledged"": true, ""client_b_read_v1"": true, ""dependent_acknowledged"": true, ""visible_ids"": [""v1:442"", ""v2:442""], ""snapshot_polls"": 1}"
20260918T140141Z_d0b63c0a,443,fault,1789740147.9501145,1789740147.9726796,22.264,0,22.264,pass,,independent_snapshot,"{""prerequisite_acknowledged"": true, ""client_b_read_v1"": true, ""dependent_acknowledged"": true, ""visible_ids"": [""v1:443"", ""v2:443""], ""snapshot_polls"": 1}"
20260918T140141Z_d0b63c0a,444,fault,1789740147.9726796,1789740147.9977212,25.016,0,25.016,pass,,independent_snapshot,"{""prerequisite_acknowledged"": true, ""client_b_read_v1"": true, ""dependent_acknowledged"": true, ""visible_ids"": [""v1:444"", ""v2:444""], ""snapshot_polls"": 1}"
20260918T140141Z_d0b63c0a,445,fault,1789740147.9977212,1789740148.0262835,28.469,0,28.469,pass,,independent_snapshot,"{""prerequisite_acknowledged"": true, ""client_b_read_v1"": true, ""dependent_acknowledged"": true, ""visible_ids"": [""v1:445"", ""v2:445""], ""snapshot_polls"": 1}"
20260918T140141Z_d0b63c0a,446,fault,1789740148.0262835,1789740148.0465708,20.264,0,20.264,pass,,independent_snapshot,"{""prerequisite_acknowledged"": true, ""client_b_read_v1"": true, ""dependent_acknowledged"": true, ""visible_ids"": [""v1:446"", ""v2:446""], ""snapshot_polls"": 1}"
20260918T140141Z_d0b63c0a,447,fault,1789740148.0465708,1789740148.0684307,21.342,0,21.342,pass,,independent_snapshot,"{""prerequisite_acknowledged"": true, ""client_b_read_v1"": true, ""dependent_acknowledged"": true, ""visible_ids"": [""v1:447"", ""v2:447""], ""snapshot_polls"": 1}"
20260918T140141Z_d0b63c0a,448,fault,1789740148.0684307,1789740148.0920503,23.508,0,23.508,pass,,independent_snapshot,"{""prerequisite_acknowledged"": true, ""client_b_read_v1"": true, ""dependent_acknowledged"": true, ""visible_ids"": [""v1:448"", ""v2:448""], ""snapshot_polls"": 1}"
20260918T140141Z_d0b63c0a,449,fault,1789740148.0920503,1789740148.1126006,20.519,0,20.519,pass,,independent_snapshot,"{""prerequisite_acknowledged"": true, ""client_b_read_v1"": true, ""dependent_acknowledged"": true, ""visible_ids"": [""v1:449"", ""v2:449""], ""snapshot_polls"": 1}"
20260918T140141Z_d0b63c0a,450,fault,1789740148.1126006,1789740148.1357174,23.298,0,23.298,pass,,independent_snapshot,"{""prerequisite_acknowledged"": true, ""client_b_read_v1"": true, ""dependent_acknowledged"": true, ""visible_ids"": [""v1:450"", ""v2:450""], ""snapshot_polls"": 1}"
20260918T140141Z_d0b63c0a,451,fault,1789740148.1357174,1789740148.1586165,22.495,0,22.495,pass,,independent_snapshot,"{""prerequisite_acknowledged"": true, ""client_b_read_v1"": true, ""dependent_acknowledged"": true, ""visible_ids"": [""v1:451"", ""v2:451""], ""snapshot_polls"": 1}"
20260918T140141Z_d0b63c0a,452,fault,1789740148.1586165,1789740148.179635,21.217,0,21.217,pass,,independent_snapshot,"{""prerequisite_acknowledged"": true, ""client_b_read_v1"": true, ""dependent_acknowledged"": true, ""visible_ids"": [""v1:452"", ""v2:452""], ""snapshot_polls"": 1}"
20260918T140141Z_d0b63c0a,453,fault,1789740148.1802444,1789740148.200909,20.65,0,20.65,pass,,independent_snapshot,"{""prerequisite_acknowledged"": true, ""client_b_read_v1"": true, ""dependent_acknowledged"": true, ""visible_ids"": [""v1:453"", ""v2:453""], ""snapshot_polls"": 1}"
20260918T140141Z_d0b63c0a,454,fault,1789740148.200909,1789740148.2202754,19.364,0,19.364,pass,,independent_snapshot,"{""prerequisite_acknowledged"": true, ""client_b_read_v1"": true, ""dependent_acknowledged"": true, ""visible_ids"": [""v1:454"", ""v2:454""], ""snapshot_polls"": 1}"
20260918T140141Z_d0b63c0a,455,fault,1789740148.2202754,1789740148.241316,21.406,0,21.406,pass,,independent_snapshot,"{""prerequisite_acknowledged"": true, ""client_b_read_v1"": true, ""dependent_acknowledged"": true, ""visible_ids"": [""v1:455"", ""v2:455""], ""snapshot_polls"": 1}"
20260918T140141Z_d0b63c0a,456,fault,1789740148.2420127,1789740148.265803,24.053,0,24.053,pass,,independent_snapshot,"{""prerequisite_acknowledged"": true, ""client_b_read_v1"": true, ""dependent_acknowledged"": true, ""visible_ids"": [""v1:456"", ""v2:456""], ""snapshot_polls"": 1}"
20260918T140141Z_d0b63c0a,457,fault,1789740148.265803,1789740148.287055,21.266,0,21.266,pass,,independent_snapshot,"{""prerequisite_acknowledged"": true, ""client_b_read_v1"": true, ""dependent_acknowledged"": true, ""visible_ids"": [""v1:457"", ""v2:457""], ""snapshot_polls"": 1}"
20260918T140141Z_d0b63c0a,458,fault,1789740148.287055,1789740148.308063,20.547,0,20.547,pass,,independent_snapshot,"{""prerequisite_acknowledged"": true, ""client_b_read_v1"": true, ""dependent_acknowledged"": true, ""visible_ids"": [""v1:458"", ""v2:458""], ""snapshot_polls"": 1}"
20260918T140141Z_d0b63c0a,459,fault,1789740148.308063,1789740148.328614,20.728,0,20.728,pass,,independent_snapshot,"{""prerequisite_acknowledged"": true, ""client_b_read_v1"": true, ""dependent_acknowledged"": true, ""visible_ids"": [""v1:459"", ""v2:459""], ""snapshot_polls"": 1}"
20260918T140141Z_d0b63c0a,460,fault,1789740148.328614,1789740148.3489623,20.014,0,20.014,pass,,independent_snapshot,"{""prerequisite_acknowledged"": true, ""client_b_read_v1"": true, ""dependent_acknowledged"": true, ""visible_ids"": [""v1:460"", ""v2:460""], ""snapshot_polls"": 1}"
20260918T140141Z_d0b63c0a,461,fault,1789740148.3489623,1789740148.369238,19.996,0,19.996,pass,,independent_snapshot,"{""prerequisite_acknowledged"": true, ""client_b_read_v1"": true, ""dependent_acknowledged"": true, ""visible_ids"": [""v1:461"", ""v2:461""], ""snapshot_polls"": 1}"
20260918T140141Z_d0b63c0a,462,fault,1789740148.369238,1789740148.3896039,20.339,0,20.339,pass,,independent_snapshot,"{""prerequisite_acknowledged"": true, ""client_b_read_v1"": true, ""dependent_acknowledged"": true, ""visible_ids"": [""v1:462"", ""v2:462""], ""snapshot_polls"": 1}"
20260918T140141Z_d0b63c0a,463,fault,1789740148.3896039,1789740148.4097545,19.966,0,19.966,pass,,independent_snapshot,"{""prerequisite_acknowledged"": true, ""client_b_read_v1"": true, ""dependent_acknowledged"": true, ""visible_ids"": [""v1:463"", ""v2:463""], ""snapshot_polls"": 1}"
20260918T140141Z_d0b63c0a,464,fault,1789740148.4097545,1789740148.4321682,22.885,0,22.885,pass,,independent_snapshot,"{""prerequisite_acknowledged"": true, ""client_b_read_v1"": true, ""dependent_acknowledged"": true, ""visible_ids"": [""v1:464"", ""v2:464""], ""snapshot_polls"": 1}"
20260918T140141Z_d0b63c0a,465,fault,1789740148.432982,1789740148.4529147,20.002,0,20.002,pass,,independent_snapshot,"{""prerequisite_acknowledged"": true, ""client_b_read_v1"": true, ""dependent_acknowledged"": true, ""visible_ids"": [""v1:465"", ""v2:465""], ""snapshot_polls"": 1}"
20260918T140141Z_d0b63c0a,466,fault,1789740148.4529147,1789740148.4740052,20.969,0,20.969,pass,,independent_snapshot,"{""prerequisite_acknowledged"": true, ""client_b_read_v1"": true, ""dependent_acknowledged"": true, ""visible_ids"": [""v1:466"", ""v2:466""], ""snapshot_polls"": 1}"
20260918T140141Z_d0b63c0a,467,fault,1789740148.4740052,1789740148.4945588,20.415,0,20.415,pass,,independent_snapshot,"{""prerequisite_acknowledged"": true, ""client_b_read_v1"": true, ""dependent_acknowledged"": true, ""visible_ids"": [""v1:467"", ""v2:467""], ""snapshot_polls"": 1}"
20260918T140141Z_d0b63c0a,468,fault,1789740148.4945588,1789740148.5139132,19.222,0,19.222,pass,,independent_snapshot,"{""prerequisite_acknowledged"": true, ""client_b_read_v1"": true, ""dependent_acknowledged"": true, ""visible_ids"": [""v1:468"", ""v2:468""], ""snapshot_polls"": 1}"
20260918T140141Z_d0b63c0a,469,fault,1789740148.5139132,1789740148.5333052,19.757,0,19.757,pass,,independent_snapshot,"{""prerequisite_acknowledged"": true, ""client_b_read_v1"": true, ""dependent_acknowledged"": true, ""visible_ids"": [""v1:469"", ""v2:469""], ""snapshot_polls"": 1}"
20260918T140141Z_d0b63c0a,470,fault,1789740148.5338714,1789740148.554249,20.183,0,20.183,pass,,independent_snapshot,"{""prerequisite_acknowledged"": true, ""client_b_read_v1"": true, ""dependent_acknowledged"": true, ""visible_ids"": [""v1:470"", ""v2:470""], ""snapshot_polls"": 1}"
20260918T140141Z_d0b63c0a,471,fault,1789740148.554249,1789740148.5766659,22.42,0,22.42,pass,,independent_snapshot,"{""prerequisite_acknowledged"": true, ""client_b_read_v1"": true, ""dependent_acknowledged"": true, ""visible_ids"": [""v1:471"", ""v2:471""], ""snapshot_polls"": 1}"
20260918T140141Z_d0b63c0a,472,fault,1789740148.5766659,1789740148.598417,22.033,0,22.033,pass,,independent_snapshot,"{""prerequisite_acknowledged"": true, ""client_b_read_v1"": true, ""dependent_acknowledged"": true, ""visible_ids"": [""v1:472"", ""v2:472""], ""snapshot_polls"": 1}"
20260918T140141Z_d0b63c0a,473,fault,1789740148.5990274,1789740148.6187098,19.69,0,19.69,pass,,independent_snapshot,"{""prerequisite_acknowledged"": true, ""client_b_read_v1"": true, ""dependent_acknowledged"": true, ""visible_ids"": [""v1:473"", ""v2:473""], ""snapshot_polls"": 1}"
20260918T140141Z_d0b63c0a,474,fault,1789740148.6187098,1789740148.6382487,19.308,0,19.308,pass,,independent_snapshot,"{""prerequisite_acknowledged"": true, ""client_b_read_v1"": true, ""dependent_acknowledged"": true, ""visible_ids"": [""v1:474"", ""v2:474""], ""snapshot_polls"": 1}"
20260918T140141Z_d0b63c0a,475,fault,1789740148.6382487,1789740148.6580684,19.624,0,19.624,pass,,independent_snapshot,"{""prerequisite_acknowledged"": true, ""client_b_read_v1"": true, ""dependent_acknowledged"": true, ""visible_ids"": [""v1:475"", ""v2:475""], ""snapshot_polls"": 1}"
20260918T140141Z_d0b63c0a,476,fault,1789740148.6580684,1789740148.6775384,19.759,0,19.759,pass,,independent_snapshot,"{""prerequisite_acknowledged"": true, ""client_b_read_v1"": true, ""dependent_acknowledged"": true, ""visible_ids"": [""v1:476"", ""v2:476""], ""snapshot_polls"": 1}"
20260918T140141Z_d0b63c0a,477,fault,1789740148.6780584,1789740148.6983423,20.794,0,20.794,pass,,independent_snapshot,"{""prerequisite_acknowledged"": true, ""client_b_read_v1"": true, ""dependent_acknowledged"": true, ""visible_ids"": [""v1:477"", ""v2:477""], ""snapshot_polls"": 1}"
20260918T140141Z_d0b63c0a,478,fault,1789740148.6989639,1789740148.720139,21.217,0,21.217,pass,,independent_snapshot,"{""prerequisite_acknowledged"": true, ""client_b_read_v1"": true, ""dependent_acknowledged"": true, ""visible_ids"": [""v1:478"", ""v2:478""], ""snapshot_polls"": 1}"
20260918T140141Z_d0b63c0a,479,fault,1789740148.720139,1789740148.7403789,20.032,0,20.032,pass,,independent_snapshot,"{""prerequisite_acknowledged"": true, ""client_b_read_v1"": true, ""dependent_acknowledged"": true, ""visible_ids"": [""v1:479"", ""v2:479""], ""snapshot_polls"": 1}"
20260918T140141Z_d0b63c0a,480,fault,1789740148.7403789,1789740148.7633522,23.51,0,23.51,pass,,independent_snapshot,"{""prerequisite_acknowledged"": true, ""client_b_read_v1"": true, ""dependent_acknowledged"": true, ""visible_ids"": [""v1:480"", ""v2:480""], ""snapshot_polls"": 1}"
20260918T140141Z_d0b63c0a,481,fault,1789740148.764162,1789740148.7832122,19.496,0,19.496,pass,,independent_snapshot,"{""prerequisite_acknowledged"": true, ""client_b_read_v1"": true, ""dependent_acknowledged"": true, ""visible_ids"": [""v1:481"", ""v2:481""], ""snapshot_polls"": 1}"
20260918T140141Z_d0b63c0a,482,fault,1789740148.7832122,1789740148.805045,21.491,0,21.491,pass,,independent_snapshot,"{""prerequisite_acknowledged"": true, ""client_b_read_v1"": true, ""dependent_acknowledged"": true, ""visible_ids"": [""v1:482"", ""v2:482""], ""snapshot_polls"": 1}"
20260918T140141Z_d0b63c0a,483,fault,1789740148.805045,1789740148.8261023,20.736,0,20.736,pass,,independent_snapshot,"{""prerequisite_acknowledged"": true, ""client_b_read_v1"": true, ""dependent_acknowledged"": true, ""visible_ids"": [""v1:483"", ""v2:483""], ""snapshot_polls"": 1}"
20260918T140141Z_d0b63c0a,484,fault,1789740148.8261023,1789740148.8463752,20.201,0,20.201,pass,,independent_snapshot,"{""prerequisite_acknowledged"": true, ""client_b_read_v1"": true, ""dependent_acknowledged"": true, ""visible_ids"": [""v1:484"", ""v2:484""], ""snapshot_polls"": 1}"
20260918T140141Z_d0b63c0a,485,fault,1789740148.8463752,1789740148.8658886,19.41,0,19.41,pass,,independent_snapshot,"{""prerequisite_acknowledged"": true, ""client_b_read_v1"": true, ""dependent_acknowledged"": true, ""visible_ids"": [""v1:485"", ""v2:485""], ""snapshot_polls"": 1}"
20260918T140141Z_d0b63c0a,486,fault,1789740148.8658886,1789740148.8859165,19.981,0,19.981,pass,,independent_snapshot,"{""prerequisite_acknowledged"": true, ""client_b_read_v1"": true, ""dependent_acknowledged"": true, ""visible_ids"": [""v1:486"", ""v2:486""], ""snapshot_polls"": 1}"
20260918T140141Z_d0b63c0a,487,fault,1789740148.8859165,1789740148.9071271,21.232,0,21.232,pass,,independent_snapshot,"{""prerequisite_acknowledged"": true, ""client_b_read_v1"": true, ""dependent_acknowledged"": true, ""visible_ids"": [""v1:487"", ""v2:487""], ""snapshot_polls"": 1}"
20260918T140141Z_d0b63c0a,488,fault,1789740148.9071271,1789740148.9310222,23.53,0,23.53,pass,,independent_snapshot,"{""prerequisite_acknowledged"": true, ""client_b_read_v1"": true, ""dependent_acknowledged"": true, ""visible_ids"": [""v1:488"", ""v2:488""], ""snapshot_polls"": 1}"
20260918T140141Z_d0b63c0a,489,fault,1789740148.9310222,1789740148.951475,20.909,0,20.909,pass,,independent_snapshot,"{""prerequisite_acknowledged"": true, ""client_b_read_v1"": true, ""dependent_acknowledged"": true, ""visible_ids"": [""v1:489"", ""v2:489""], ""snapshot_polls"": 1}"
20260918T140141Z_d0b63c0a,490,fault,1789740148.952241,1789740148.971232,19.315,0,19.315,pass,,independent_snapshot,"{""prerequisite_acknowledged"": true, ""client_b_read_v1"": true, ""dependent_acknowledged"": true, ""visible_ids"": [""v1:490"", ""v2:490""], ""snapshot_polls"": 1}"
20260918T140141Z_d0b63c0a,491,fault,1789740148.971232,1789740148.9913275,19.66,0,19.66,pass,,independent_snapshot,"{""prerequisite_acknowledged"": true, ""client_b_read_v1"": true, ""dependent_acknowledged"": true, ""visible_ids"": [""v1:491"", ""v2:491""], ""snapshot_polls"": 1}"
20260918T140141Z_d0b63c0a,492,fault,1789740148.9913275,1789740149.0105653,19.26,0,19.26,pass,,independent_snapshot,"{""prerequisite_acknowledged"": true, ""client_b_read_v1"": true, ""dependent_acknowledged"": true, ""visible_ids"": [""v1:492"", ""v2:492""], ""snapshot_polls"": 1}"
20260918T140141Z_d0b63c0a,493,fault,1789740149.0105653,1789740149.0312948,20.472,0,20.472,pass,,independent_snapshot,"{""prerequisite_acknowledged"": true, ""client_b_read_v1"": true, ""dependent_acknowledged"": true, ""visible_ids"": [""v1:493"", ""v2:493""], ""snapshot_polls"": 1}"
20260918T140141Z_d0b63c0a,494,fault,1789740149.0312948,1789740149.051014,19.587,0,19.587,pass,,independent_snapshot,"{""prerequisite_acknowledged"": true, ""client_b_read_v1"": true, ""dependent_acknowledged"": true, ""visible_ids"": [""v1:494"", ""v2:494""], ""snapshot_polls"": 1}"
20260918T140141Z_d0b63c0a,495,fault,1789740149.051014,1789740149.0706174,19.651,0,19.651,pass,,independent_snapshot,"{""prerequisite_acknowledged"": true, ""client_b_read_v1"": true, ""dependent_acknowledged"": true, ""visible_ids"": [""v1:495"", ""v2:495""], ""snapshot_polls"": 1}"
20260918T140141Z_d0b63c0a,496,fault,1789740149.0709362,1789740149.0931606,22.219,0,22.219,pass,,independent_snapshot,"{""prerequisite_acknowledged"": true, ""client_b_read_v1"": true, ""dependent_acknowledged"": true, ""visible_ids"": [""v1:496"", ""v2:496""], ""snapshot_polls"": 1}"
20260918T140141Z_d0b63c0a,497,fault,1789740149.0931606,1789740149.113413,20.309,0,20.309,pass,,independent_snapshot,"{""prerequisite_acknowledged"": true, ""client_b_read_v1"": true, ""dependent_acknowledged"": true, ""visible_ids"": [""v1:497"", ""v2:497""], ""snapshot_polls"": 1}"
20260918T140141Z_d0b63c0a,498,fault,1789740149.113413,1789740149.1349003,21.524,0,21.524,pass,,independent_snapshot,"{""prerequisite_acknowledged"": true, ""client_b_read_v1"": true, ""dependent_acknowledged"": true, ""visible_ids"": [""v1:498"", ""v2:498""], ""snapshot_polls"": 1}"
20260918T140141Z_d0b63c0a,499,fault,1789740149.1349003,1789740149.1533506,18.109,0,18.109,pass,,independent_snapshot,"{""prerequisite_acknowledged"": true, ""client_b_read_v1"": true, ""dependent_acknowledged"": true, ""visible_ids"": [""v1:499"", ""v2:499""], ""snapshot_polls"": 1}"
20260918T140141Z_d0b63c0a,500,fault,1789740149.1533506,1789740149.1730626,19.557,0,19.557,pass,,independent_snapshot,"{""prerequisite_acknowledged"": true, ""client_b_read_v1"": true, ""dependent_acknowledged"": true, ""visible_ids"": [""v1:500"", ""v2:500""], ""snapshot_polls"": 1}"
20260918T140141Z_d0b63c0a,501,fault,1789740149.1760733,1789740149.1967678,20.647,0,20.647,pass,,independent_snapshot,"{""prerequisite_acknowledged"": true, ""client_b_read_v1"": true, ""dependent_acknowledged"": true, ""visible_ids"": [""v1:501"", ""v2:501""], ""snapshot_polls"": 1}"
20260918T140141Z_d0b63c0a,502,fault,1789740149.1967678,1789740149.2171474,20.573,0,20.573,pass,,independent_snapshot,"{""prerequisite_acknowledged"": true, ""client_b_read_v1"": true, ""dependent_acknowledged"": true, ""visible_ids"": [""v1:502"", ""v2:502""], ""snapshot_polls"": 1}"
20260918T140141Z_d0b63c0a,503,fault,1789740149.2177534,1789740149.2378395,20.485,0,20.485,pass,,independent_snapshot,"{""prerequisite_acknowledged"": true, ""client_b_read_v1"": true, ""dependent_acknowledged"": true, ""visible_ids"": [""v1:503"", ""v2:503""], ""snapshot_polls"": 1}"
20260918T140141Z_d0b63c0a,504,fault,1789740149.2378395,1789740149.2587223,21.013,0,21.013,pass,,independent_snapshot,"{""prerequisite_acknowledged"": true, ""client_b_read_v1"": true, ""dependent_acknowledged"": true, ""visible_ids"": [""v1:504"", ""v2:504""], ""snapshot_polls"": 1}"
20260918T140141Z_d0b63c0a,505,fault,1789740149.2594762,1789740149.276725,17.361,0,17.361,pass,,independent_snapshot,"{""prerequisite_acknowledged"": true, ""client_b_read_v1"": true, ""dependent_acknowledged"": true, ""visible_ids"": [""v1:505"", ""v2:505""], ""snapshot_polls"": 1}"
20260918T140141Z_d0b63c0a,506,fault,1789740149.276725,1789740149.2953007,18.666,0,18.666,pass,,independent_snapshot,"{""prerequisite_acknowledged"": true, ""client_b_read_v1"": true, ""dependent_acknowledged"": true, ""visible_ids"": [""v1:506"", ""v2:506""], ""snapshot_polls"": 1}"
20260918T140141Z_d0b63c0a,507,fault,1789740149.2953007,1789740149.316687,21.177,0,21.177,pass,,independent_snapshot,"{""prerequisite_acknowledged"": true, ""client_b_read_v1"": true, ""dependent_acknowledged"": true, ""visible_ids"": [""v1:507"", ""v2:507""], ""snapshot_polls"": 1}"
20260918T140141Z_d0b63c0a,508,fault,1789740149.316687,1789740149.3365872,19.785,0,19.785,pass,,independent_snapshot,"{""prerequisite_acknowledged"": true, ""client_b_read_v1"": true, ""dependent_acknowledged"": true, ""visible_ids"": [""v1:508"", ""v2:508""], ""snapshot_polls"": 1}"
20260918T140141Z_d0b63c0a,509,fault,1789740149.3365872,1789740149.357299,20.644,0,20.644,pass,,independent_snapshot,"{""prerequisite_acknowledged"": true, ""client_b_read_v1"": true, ""dependent_acknowledged"": true, ""visible_ids"": [""v1:509"", ""v2:509""], ""snapshot_polls"": 1}"
20260918T140141Z_d0b63c0a,510,fault,1789740149.357299,1789740149.376481,18.806,0,18.806,pass,,independent_snapshot,"{""prerequisite_acknowledged"": true, ""client_b_read_v1"": true, ""dependent_acknowledged"": true, ""visible_ids"": [""v1:510"", ""v2:510""], ""snapshot_polls"": 1}"
20260918T140141Z_d0b63c0a,511,fault,1789740149.376481,1789740149.3978236,21.175,0,21.175,pass,,independent_snapshot,"{""prerequisite_acknowledged"": true, ""client_b_read_v1"": true, ""dependent_acknowledged"": true, ""visible_ids"": [""v1:511"", ""v2:511""], ""snapshot_polls"": 1}"
20260918T140141Z_d0b63c0a,512,fault,1789740149.3978236,1789740149.420124,22.718,0,22.718,pass,,independent_snapshot,"{""prerequisite_acknowledged"": true, ""client_b_read_v1"": true, ""dependent_acknowledged"": true, ""visible_ids"": [""v1:512"", ""v2:512""], ""snapshot_polls"": 1}"
20260918T140141Z_d0b63c0a,513,fault,1789740149.420124,1789740149.4428358,22.14,0,22.14,pass,,independent_snapshot,"{""prerequisite_acknowledged"": true, ""client_b_read_v1"": true, ""dependent_acknowledged"": true, ""visible_ids"": [""v1:513"", ""v2:513""], ""snapshot_polls"": 1}"
20260918T140141Z_d0b63c0a,514,fault,1789740149.4428358,1789740149.4675229,25.059,0,25.059,pass,,independent_snapshot,"{""prerequisite_acknowledged"": true, ""client_b_read_v1"": true, ""dependent_acknowledged"": true, ""visible_ids"": [""v1:514"", ""v2:514""], ""snapshot_polls"": 1}"
20260918T140141Z_d0b63c0a,515,fault,1789740149.4675229,1789740149.4874141,19.702,0,19.702,pass,,independent_snapshot,"{""prerequisite_acknowledged"": true, ""client_b_read_v1"": true, ""dependent_acknowledged"": true, ""visible_ids"": [""v1:515"", ""v2:515""], ""snapshot_polls"": 1}"
20260918T140141Z_d0b63c0a,516,fault,1789740149.4874141,1789740149.5073617,19.859,0,19.859,pass,,independent_snapshot,"{""prerequisite_acknowledged"": true, ""client_b_read_v1"": true, ""dependent_acknowledged"": true, ""visible_ids"": [""v1:516"", ""v2:516""], ""snapshot_polls"": 1}"
20260918T140141Z_d0b63c0a,517,fault,1789740149.5073617,1789740149.5277412,19.873,0,19.873,pass,,independent_snapshot,"{""prerequisite_acknowledged"": true, ""client_b_read_v1"": true, ""dependent_acknowledged"": true, ""visible_ids"": [""v1:517"", ""v2:517""], ""snapshot_polls"": 1}"
20260918T140141Z_d0b63c0a,518,fault,1789740149.5277412,1789740149.5470629,19.32,0,19.32,pass,,independent_snapshot,"{""prerequisite_acknowledged"": true, ""client_b_read_v1"": true, ""dependent_acknowledged"": true, ""visible_ids"": [""v1:518"", ""v2:518""], ""snapshot_polls"": 1}"
20260918T140141Z_d0b63c0a,519,fault,1789740149.5470629,1789740149.5707846,23.481,0,23.481,pass,,independent_snapshot,"{""prerequisite_acknowledged"": true, ""client_b_read_v1"": true, ""dependent_acknowledged"": true, ""visible_ids"": [""v1:519"", ""v2:519""], ""snapshot_polls"": 1}"
20260918T140141Z_d0b63c0a,520,fault,1789740149.5707846,1789740149.5940576,23.277,0,23.277,pass,,independent_snapshot,"{""prerequisite_acknowledged"": true, ""client_b_read_v1"": true, ""dependent_acknowledged"": true, ""visible_ids"": [""v1:520"", ""v2:520""], ""snapshot_polls"": 1}"
20260918T140141Z_d0b63c0a,521,fault,1789740149.5940576,1789740149.6138284,19.677,0,19.677,pass,,independent_snapshot,"{""prerequisite_acknowledged"": true, ""client_b_read_v1"": true, ""dependent_acknowledged"": true, ""visible_ids"": [""v1:521"", ""v2:521""], ""snapshot_polls"": 1}"
20260918T140141Z_d0b63c0a,522,fault,1789740149.6138284,1789740149.6335666,19.473,0,19.473,pass,,independent_snapshot,"{""prerequisite_acknowledged"": true, ""client_b_read_v1"": true, ""dependent_acknowledged"": true, ""visible_ids"": [""v1:522"", ""v2:522""], ""snapshot_polls"": 1}"
20260918T140141Z_d0b63c0a,523,fault,1789740149.6335666,1789740149.6537526,20.114,0,20.114,pass,,independent_snapshot,"{""prerequisite_acknowledged"": true, ""client_b_read_v1"": true, ""dependent_acknowledged"": true, ""visible_ids"": [""v1:523"", ""v2:523""], ""snapshot_polls"": 1}"
20260918T140141Z_d0b63c0a,524,fault,1789740149.6537526,1789740149.6745832,20.737,0,20.737,pass,,independent_snapshot,"{""prerequisite_acknowledged"": true, ""client_b_read_v1"": true, ""dependent_acknowledged"": true, ""visible_ids"": [""v1:524"", ""v2:524""], ""snapshot_polls"": 1}"
20260918T140141Z_d0b63c0a,525,fault,1789740149.6745832,1789740149.6957023,21.135,0,21.135,pass,,independent_snapshot,"{""prerequisite_acknowledged"": true, ""client_b_read_v1"": true, ""dependent_acknowledged"": true, ""visible_ids"": [""v1:525"", ""v2:525""], ""snapshot_polls"": 1}"
20260918T140141Z_d0b63c0a,526,fault,1789740149.6957023,1789740149.7151604,19.325,0,19.325,pass,,independent_snapshot,"{""prerequisite_acknowledged"": true, ""client_b_read_v1"": true, ""dependent_acknowledged"": true, ""visible_ids"": [""v1:526"", ""v2:526""], ""snapshot_polls"": 1}"
20260918T140141Z_d0b63c0a,527,fault,1789740149.7151604,1789740149.7346241,19.26,0,19.26,pass,,independent_snapshot,"{""prerequisite_acknowledged"": true, ""client_b_read_v1"": true, ""dependent_acknowledged"": true, ""visible_ids"": [""v1:527"", ""v2:527""], ""snapshot_polls"": 1}"
20260918T140141Z_d0b63c0a,528,fault,1789740149.7346241,1789740149.7568557,22.073,0,22.073,pass,,independent_snapshot,"{""prerequisite_acknowledged"": true, ""client_b_read_v1"": true, ""dependent_acknowledged"": true, ""visible_ids"": [""v1:528"", ""v2:528""], ""snapshot_polls"": 1}"
20260918T140141Z_d0b63c0a,529,fault,1789740149.7568557,1789740149.7768686,20.292,0,20.292,pass,,independent_snapshot,"{""prerequisite_acknowledged"": true, ""client_b_read_v1"": true, ""dependent_acknowledged"": true, ""visible_ids"": [""v1:529"", ""v2:529""], ""snapshot_polls"": 1}"
20260918T140141Z_d0b63c0a,530,fault,1789740149.7768686,1789740149.796429,19.382,0,19.382,pass,,independent_snapshot,"{""prerequisite_acknowledged"": true, ""client_b_read_v1"": true, ""dependent_acknowledged"": true, ""visible_ids"": [""v1:530"", ""v2:530""], ""snapshot_polls"": 1}"
20260918T140141Z_d0b63c0a,531,fault,1789740149.796429,1789740149.8155887,19.105,0,19.105,pass,,independent_snapshot,"{""prerequisite_acknowledged"": true, ""client_b_read_v1"": true, ""dependent_acknowledged"": true, ""visible_ids"": [""v1:531"", ""v2:531""], ""snapshot_polls"": 1}"
20260918T140141Z_d0b63c0a,532,fault,1789740149.8155887,1789740149.835558,19.533,0,19.533,pass,,independent_snapshot,"{""prerequisite_acknowledged"": true, ""client_b_read_v1"": true, ""dependent_acknowledged"": true, ""visible_ids"": [""v1:532"", ""v2:532""], ""snapshot_polls"": 1}"
20260918T140141Z_d0b63c0a,533,fault,1789740149.835558,1789740149.854013,18.679,0,18.679,pass,,independent_snapshot,"{""prerequisite_acknowledged"": true, ""client_b_read_v1"": true, ""dependent_acknowledged"": true, ""visible_ids"": [""v1:533"", ""v2:533""], ""snapshot_polls"": 1}"
20260918T140141Z_d0b63c0a,534,fault,1789740149.854013,1789740149.8723907,18.344,0,18.344,pass,,independent_snapshot,"{""prerequisite_acknowledged"": true, ""client_b_read_v1"": true, ""dependent_acknowledged"": true, ""visible_ids"": [""v1:534"", ""v2:534""], ""snapshot_polls"": 1}"
20260918T140141Z_d0b63c0a,535,fault,1789740149.8729875,1789740149.8938007,20.901,0,20.901,pass,,independent_snapshot,"{""prerequisite_acknowledged"": true, ""client_b_read_v1"": true, ""dependent_acknowledged"": true, ""visible_ids"": [""v1:535"", ""v2:535""], ""snapshot_polls"": 1}"
20260918T140141Z_d0b63c0a,536,fault,1789740149.8938007,1789740149.9162226,22.406,0,22.406,pass,,independent_snapshot,"{""prerequisite_acknowledged"": true, ""client_b_read_v1"": true, ""dependent_acknowledged"": true, ""visible_ids"": [""v1:536"", ""v2:536""], ""snapshot_polls"": 1}"
20260918T140141Z_d0b63c0a,537,fault,1789740149.9162226,1789740149.936258,19.72,0,19.72,pass,,independent_snapshot,"{""prerequisite_acknowledged"": true, ""client_b_read_v1"": true, ""dependent_acknowledged"": true, ""visible_ids"": [""v1:537"", ""v2:537""], ""snapshot_polls"": 1}"
20260918T140141Z_d0b63c0a,538,fault,1789740149.936258,1789740149.955629,19.314,0,19.314,pass,,independent_snapshot,"{""prerequisite_acknowledged"": true, ""client_b_read_v1"": true, ""dependent_acknowledged"": true, ""visible_ids"": [""v1:538"", ""v2:538""], ""snapshot_polls"": 1}"
20260918T140141Z_d0b63c0a,539,fault,1789740149.955629,1789740149.9739578,18.063,0,18.063,pass,,independent_snapshot,"{""prerequisite_acknowledged"": true, ""client_b_read_v1"": true, ""dependent_acknowledged"": true, ""visible_ids"": [""v1:539"", ""v2:539""], ""snapshot_polls"": 1}"
20260918T140141Z_d0b63c0a,540,fault,1789740149.9739578,1789740149.991886,18.261,0,18.261,pass,,independent_snapshot,"{""prerequisite_acknowledged"": true, ""client_b_read_v1"": true, ""dependent_acknowledged"": true, ""visible_ids"": [""v1:540"", ""v2:540""], ""snapshot_polls"": 1}"
20260918T140141Z_d0b63c0a,541,fault,1789740149.991886,1789740150.0112152,18.842,0,18.842,pass,,independent_snapshot,"{""prerequisite_acknowledged"": true, ""client_b_read_v1"": true, ""dependent_acknowledged"": true, ""visible_ids"": [""v1:541"", ""v2:541""], ""snapshot_polls"": 1}"
20260918T140141Z_d0b63c0a,542,fault,1789740150.0112152,1789740150.0303564,18.957,0,18.957,pass,,independent_snapshot,"{""prerequisite_acknowledged"": true, ""client_b_read_v1"": true, ""dependent_acknowledged"": true, ""visible_ids"": [""v1:542"", ""v2:542""], ""snapshot_polls"": 1}"
20260918T140141Z_d0b63c0a,543,fault,1789740150.0303564,1789740150.0489595,18.505,0,18.505,pass,,independent_snapshot,"{""prerequisite_acknowledged"": true, ""client_b_read_v1"": true, ""dependent_acknowledged"": true, ""visible_ids"": [""v1:543"", ""v2:543""], ""snapshot_polls"": 1}"
20260918T140141Z_d0b63c0a,544,fault,1789740150.0489595,1789740150.0697062,20.61,0,20.61,pass,,independent_snapshot,"{""prerequisite_acknowledged"": true, ""client_b_read_v1"": true, ""dependent_acknowledged"": true, ""visible_ids"": [""v1:544"", ""v2:544""], ""snapshot_polls"": 1}"
20260918T140141Z_d0b63c0a,545,fault,1789740150.0697062,1789740150.0887425,19.207,0,19.207,pass,,independent_snapshot,"{""prerequisite_acknowledged"": true, ""client_b_read_v1"": true, ""dependent_acknowledged"": true, ""visible_ids"": [""v1:545"", ""v2:545""], ""snapshot_polls"": 1}"
20260918T140141Z_d0b63c0a,546,fault,1789740150.0887425,1789740150.1091852,20.138,0,20.138,pass,,independent_snapshot,"{""prerequisite_acknowledged"": true, ""client_b_read_v1"": true, ""dependent_acknowledged"": true, ""visible_ids"": [""v1:546"", ""v2:546""], ""snapshot_polls"": 1}"
20260918T140141Z_d0b63c0a,547,fault,1789740150.1091852,1789740150.1269248,17.631,0,17.631,pass,,independent_snapshot,"{""prerequisite_acknowledged"": true, ""client_b_read_v1"": true, ""dependent_acknowledged"": true, ""visible_ids"": [""v1:547"", ""v2:547""], ""snapshot_polls"": 1}"
20260918T140141Z_d0b63c0a,548,fault,1789740150.1269248,1789740150.1463063,19.186,0,19.186,pass,,independent_snapshot,"{""prerequisite_acknowledged"": true, ""client_b_read_v1"": true, ""dependent_acknowledged"": true, ""visible_ids"": [""v1:548"", ""v2:548""], ""snapshot_polls"": 1}"
20260918T140141Z_d0b63c0a,549,fault,1789740150.1463063,1789740150.165761,19.782,0,19.782,pass,,independent_snapshot,"{""prerequisite_acknowledged"": true, ""client_b_read_v1"": true, ""dependent_acknowledged"": true, ""visible_ids"": [""v1:549"", ""v2:549""], ""snapshot_polls"": 1}"
20260918T140141Z_d0b63c0a,550,fault,1789740150.165761,1789740150.1858933,19.909,0,19.909,pass,,independent_snapshot,"{""prerequisite_acknowledged"": true, ""client_b_read_v1"": true, ""dependent_acknowledged"": true, ""visible_ids"": [""v1:550"", ""v2:550""], ""snapshot_polls"": 1}"
20260918T140141Z_d0b63c0a,551,fault,1789740150.1858933,1789740150.2072845,20.955,0,20.955,pass,,independent_snapshot,"{""prerequisite_acknowledged"": true, ""client_b_read_v1"": true, ""dependent_acknowledged"": true, ""visible_ids"": [""v1:551"", ""v2:551""], ""snapshot_polls"": 1}"
20260918T140141Z_d0b63c0a,552,fault,1789740150.2072845,1789740150.2284422,21.321,0,21.321,pass,,independent_snapshot,"{""prerequisite_acknowledged"": true, ""client_b_read_v1"": true, ""dependent_acknowledged"": true, ""visible_ids"": [""v1:552"", ""v2:552""], ""snapshot_polls"": 1}"
20260918T140141Z_d0b63c0a,553,fault,1789740150.2284422,1789740150.2505796,22.17,0,22.17,pass,,independent_snapshot,"{""prerequisite_acknowledged"": true, ""client_b_read_v1"": true, ""dependent_acknowledged"": true, ""visible_ids"": [""v1:553"", ""v2:553""], ""snapshot_polls"": 1}"
20260918T140141Z_d0b63c0a,554,fault,1789740150.2505796,1789740150.2714431,20.627,0,20.627,pass,,independent_snapshot,"{""prerequisite_acknowledged"": true, ""client_b_read_v1"": true, ""dependent_acknowledged"": true, ""visible_ids"": [""v1:554"", ""v2:554""], ""snapshot_polls"": 1}"
20260918T140141Z_d0b63c0a,555,fault,1789740150.2714431,1789740150.2928264,21.073,0,21.073,pass,,independent_snapshot,"{""prerequisite_acknowledged"": true, ""client_b_read_v1"": true, ""dependent_acknowledged"": true, ""visible_ids"": [""v1:555"", ""v2:555""], ""snapshot_polls"": 1}"
20260918T140141Z_d0b63c0a,556,fault,1789740150.2928264,1789740150.3122723,19.613,0,19.613,pass,,independent_snapshot,"{""prerequisite_acknowledged"": true, ""client_b_read_v1"": true, ""dependent_acknowledged"": true, ""visible_ids"": [""v1:556"", ""v2:556""], ""snapshot_polls"": 1}"
20260918T140141Z_d0b63c0a,557,fault,1789740150.3122723,1789740150.331886,19.368,0,19.368,pass,,independent_snapshot,"{""prerequisite_acknowledged"": true, ""client_b_read_v1"": true, ""dependent_acknowledged"": true, ""visible_ids"": [""v1:557"", ""v2:557""], ""snapshot_polls"": 1}"
20260918T140141Z_d0b63c0a,558,fault,1789740150.331886,1789740150.3514843,19.639,0,19.639,pass,,independent_snapshot,"{""prerequisite_acknowledged"": true, ""client_b_read_v1"": true, ""dependent_acknowledged"": true, ""visible_ids"": [""v1:558"", ""v2:558""], ""snapshot_polls"": 1}"
20260918T140141Z_d0b63c0a,559,fault,1789740150.3514843,1789740150.371024,19.579,0,19.579,pass,,independent_snapshot,"{""prerequisite_acknowledged"": true, ""client_b_read_v1"": true, ""dependent_acknowledged"": true, ""visible_ids"": [""v1:559"", ""v2:559""], ""snapshot_polls"": 1}"
20260918T140141Z_d0b63c0a,560,fault,1789740150.3716679,1789740150.393896,22.249,0,22.249,pass,,independent_snapshot,"{""prerequisite_acknowledged"": true, ""client_b_read_v1"": true, ""dependent_acknowledged"": true, ""visible_ids"": [""v1:560"", ""v2:560""], ""snapshot_polls"": 1}"
20260918T140141Z_d0b63c0a,561,fault,1789740150.393896,1789740150.414507,20.711,0,20.711,pass,,independent_snapshot,"{""prerequisite_acknowledged"": true, ""client_b_read_v1"": true, ""dependent_acknowledged"": true, ""visible_ids"": [""v1:561"", ""v2:561""], ""snapshot_polls"": 1}"
20260918T140141Z_d0b63c0a,562,fault,1789740150.414507,1789740150.436069,21.23,0,21.23,pass,,independent_snapshot,"{""prerequisite_acknowledged"": true, ""client_b_read_v1"": true, ""dependent_acknowledged"": true, ""visible_ids"": [""v1:562"", ""v2:562""], ""snapshot_polls"": 1}"
20260918T140141Z_d0b63c0a,563,fault,1789740150.436069,1789740150.4559994,19.797,0,19.797,pass,,independent_snapshot,"{""prerequisite_acknowledged"": true, ""client_b_read_v1"": true, ""dependent_acknowledged"": true, ""visible_ids"": [""v1:563"", ""v2:563""], ""snapshot_polls"": 1}"
20260918T140141Z_d0b63c0a,564,fault,1789740150.4559994,1789740150.4755988,19.902,0,19.902,pass,,independent_snapshot,"{""prerequisite_acknowledged"": true, ""client_b_read_v1"": true, ""dependent_acknowledged"": true, ""visible_ids"": [""v1:564"", ""v2:564""], ""snapshot_polls"": 1}"
20260918T140141Z_d0b63c0a,565,fault,1789740150.4755988,1789740150.4945462,18.503,0,18.503,pass,,independent_snapshot,"{""prerequisite_acknowledged"": true, ""client_b_read_v1"": true, ""dependent_acknowledged"": true, ""visible_ids"": [""v1:565"", ""v2:565""], ""snapshot_polls"": 1}"
20260918T140141Z_d0b63c0a,566,fault,1789740150.4945462,1789740150.5136209,19.419,0,19.419,pass,,independent_snapshot,"{""prerequisite_acknowledged"": true, ""client_b_read_v1"": true, ""dependent_acknowledged"": true, ""visible_ids"": [""v1:566"", ""v2:566""], ""snapshot_polls"": 1}"
20260918T140141Z_d0b63c0a,567,fault,1789740150.5142832,1789740150.5362358,22.011,0,22.011,pass,,independent_snapshot,"{""prerequisite_acknowledged"": true, ""client_b_read_v1"": true, ""dependent_acknowledged"": true, ""visible_ids"": [""v1:567"", ""v2:567""], ""snapshot_polls"": 1}"
20260918T140141Z_d0b63c0a,568,fault,1789740150.5362358,1789740150.5592175,22.838,0,22.838,pass,,independent_snapshot,"{""prerequisite_acknowledged"": true, ""client_b_read_v1"": true, ""dependent_acknowledged"": true, ""visible_ids"": [""v1:568"", ""v2:568""], ""snapshot_polls"": 1}"
20260918T140141Z_d0b63c0a,569,fault,1789740150.5592175,1789740150.578906,19.729,0,19.729,pass,,independent_snapshot,"{""prerequisite_acknowledged"": true, ""client_b_read_v1"": true, ""dependent_acknowledged"": true, ""visible_ids"": [""v1:569"", ""v2:569""], ""snapshot_polls"": 1}"
20260918T140141Z_d0b63c0a,570,fault,1789740150.578906,1789740150.5998542,20.932,0,20.932,pass,,independent_snapshot,"{""prerequisite_acknowledged"": true, ""client_b_read_v1"": true, ""dependent_acknowledged"": true, ""visible_ids"": [""v1:570"", ""v2:570""], ""snapshot_polls"": 1}"
20260918T140141Z_d0b63c0a,571,fault,1789740150.5998542,1789740150.6192899,19.559,0,19.559,pass,,independent_snapshot,"{""prerequisite_acknowledged"": true, ""client_b_read_v1"": true, ""dependent_acknowledged"": true, ""visible_ids"": [""v1:571"", ""v2:571""], ""snapshot_polls"": 1}"
20260918T140141Z_d0b63c0a,572,fault,1789740150.6199267,1789740150.6387756,19.36,0,19.36,pass,,independent_snapshot,"{""prerequisite_acknowledged"": true, ""client_b_read_v1"": true, ""dependent_acknowledged"": true, ""visible_ids"": [""v1:572"", ""v2:572""], ""snapshot_polls"": 1}"
20260918T140141Z_d0b63c0a,573,fault,1789740150.639408,1789740150.6619778,22.52,0,22.52,pass,,independent_snapshot,"{""prerequisite_acknowledged"": true, ""client_b_read_v1"": true, ""dependent_acknowledged"": true, ""visible_ids"": [""v1:573"", ""v2:573""], ""snapshot_polls"": 1}"
20260918T140141Z_d0b63c0a,574,fault,1789740150.6619778,1789740150.6819546,19.945,0,19.945,pass,,independent_snapshot,"{""prerequisite_acknowledged"": true, ""client_b_read_v1"": true, ""dependent_acknowledged"": true, ""visible_ids"": [""v1:574"", ""v2:574""], ""snapshot_polls"": 1}"
20260918T140141Z_d0b63c0a,575,fault,1789740150.6819546,1789740150.7019901,20.096,0,20.096,pass,,independent_snapshot,"{""prerequisite_acknowledged"": true, ""client_b_read_v1"": true, ""dependent_acknowledged"": true, ""visible_ids"": [""v1:575"", ""v2:575""], ""snapshot_polls"": 1}"
20260918T140141Z_d0b63c0a,576,fault,1789740150.7019901,1789740150.7254205,23.088,0,23.088,pass,,independent_snapshot,"{""prerequisite_acknowledged"": true, ""client_b_read_v1"": true, ""dependent_acknowledged"": true, ""visible_ids"": [""v1:576"", ""v2:576""], ""snapshot_polls"": 1}"
20260918T140141Z_d0b63c0a,577,fault,1789740150.7254205,1789740150.7453628,20.0,0,20.0,pass,,independent_snapshot,"{""prerequisite_acknowledged"": true, ""client_b_read_v1"": true, ""dependent_acknowledged"": true, ""visible_ids"": [""v1:577"", ""v2:577""], ""snapshot_polls"": 1}"
20260918T140141Z_d0b63c0a,578,fault,1789740150.7453628,1789740150.7664123,20.952,0,20.952,pass,,independent_snapshot,"{""prerequisite_acknowledged"": true, ""client_b_read_v1"": true, ""dependent_acknowledged"": true, ""visible_ids"": [""v1:578"", ""v2:578""], ""snapshot_polls"": 1}"
20260918T140141Z_d0b63c0a,579,fault,1789740150.7664123,1789740150.7882578,21.533,0,21.533,pass,,independent_snapshot,"{""prerequisite_acknowledged"": true, ""client_b_read_v1"": true, ""dependent_acknowledged"": true, ""visible_ids"": [""v1:579"", ""v2:579""], ""snapshot_polls"": 1}"
20260918T140141Z_d0b63c0a,580,fault,1789740150.7882578,1789740150.8084025,20.592,0,20.592,pass,,independent_snapshot,"{""prerequisite_acknowledged"": true, ""client_b_read_v1"": true, ""dependent_acknowledged"": true, ""visible_ids"": [""v1:580"", ""v2:580""], ""snapshot_polls"": 1}"
20260918T140141Z_d0b63c0a,581,fault,1789740150.8090568,1789740150.8291454,20.137,0,20.137,pass,,independent_snapshot,"{""prerequisite_acknowledged"": true, ""client_b_read_v1"": true, ""dependent_acknowledged"": true, ""visible_ids"": [""v1:581"", ""v2:581""], ""snapshot_polls"": 1}"
20260918T140141Z_d0b63c0a,582,fault,1789740150.8291454,1789740150.8474717,18.487,0,18.487,pass,,independent_snapshot,"{""prerequisite_acknowledged"": true, ""client_b_read_v1"": true, ""dependent_acknowledged"": true, ""visible_ids"": [""v1:582"", ""v2:582""], ""snapshot_polls"": 1}"
20260918T140141Z_d0b63c0a,583,fault,1789740150.8480008,1789740150.8673282,19.6,0,19.6,pass,,independent_snapshot,"{""prerequisite_acknowledged"": true, ""client_b_read_v1"": true, ""dependent_acknowledged"": true, ""visible_ids"": [""v1:583"", ""v2:583""], ""snapshot_polls"": 1}"
20260918T140141Z_d0b63c0a,584,fault,1789740150.8676941,1789740150.8910162,23.451,0,23.451,pass,,independent_snapshot,"{""prerequisite_acknowledged"": true, ""client_b_read_v1"": true, ""dependent_acknowledged"": true, ""visible_ids"": [""v1:584"", ""v2:584""], ""snapshot_polls"": 1}"
20260918T140141Z_d0b63c0a,585,fault,1789740150.8910162,1789740150.9112344,20.302,0,20.302,pass,,independent_snapshot,"{""prerequisite_acknowledged"": true, ""client_b_read_v1"": true, ""dependent_acknowledged"": true, ""visible_ids"": [""v1:585"", ""v2:585""], ""snapshot_polls"": 1}"
20260918T140141Z_d0b63c0a,586,fault,1789740150.9112344,1789740150.9315107,20.227,0,20.227,pass,,independent_snapshot,"{""prerequisite_acknowledged"": true, ""client_b_read_v1"": true, ""dependent_acknowledged"": true, ""visible_ids"": [""v1:586"", ""v2:586""], ""snapshot_polls"": 1}"
20260918T140141Z_d0b63c0a,587,fault,1789740150.9320216,1789740150.9537551,21.828,0,21.828,pass,,independent_snapshot,"{""prerequisite_acknowledged"": true, ""client_b_read_v1"": true, ""dependent_acknowledged"": true, ""visible_ids"": [""v1:587"", ""v2:587""], ""snapshot_polls"": 1}"
20260918T140141Z_d0b63c0a,588,fault,1789740150.9537551,1789740150.9747121,20.602,0,20.602,pass,,independent_snapshot,"{""prerequisite_acknowledged"": true, ""client_b_read_v1"": true, ""dependent_acknowledged"": true, ""visible_ids"": [""v1:588"", ""v2:588""], ""snapshot_polls"": 1}"
20260918T140141Z_d0b63c0a,589,fault,1789740150.9747121,1789740150.9954681,21.095,0,21.095,pass,,independent_snapshot,"{""prerequisite_acknowledged"": true, ""client_b_read_v1"": true, ""dependent_acknowledged"": true, ""visible_ids"": [""v1:589"", ""v2:589""], ""snapshot_polls"": 1}"
20260918T140141Z_d0b63c0a,590,fault,1789740150.9954681,1789740151.0155983,19.626,0,19.626,pass,,independent_snapshot,"{""prerequisite_acknowledged"": true, ""client_b_read_v1"": true, ""dependent_acknowledged"": true, ""visible_ids"": [""v1:590"", ""v2:590""], ""snapshot_polls"": 1}"
20260918T140141Z_d0b63c0a,591,fault,1789740151.0155983,1789740151.0351307,19.455,0,19.455,pass,,independent_snapshot,"{""prerequisite_acknowledged"": true, ""client_b_read_v1"": true, ""dependent_acknowledged"": true, ""visible_ids"": [""v1:591"", ""v2:591""], ""snapshot_polls"": 1}"
20260918T140141Z_d0b63c0a,592,fault,1789740151.0351307,1789740151.0557606,21.06,0,21.06,pass,,independent_snapshot,"{""prerequisite_acknowledged"": true, ""client_b_read_v1"": true, ""dependent_acknowledged"": true, ""visible_ids"": [""v1:592"", ""v2:592""], ""snapshot_polls"": 1}"
20260918T140141Z_d0b63c0a,593,fault,1789740151.0564127,1789740151.0752127,19.203,0,19.203,pass,,independent_snapshot,"{""prerequisite_acknowledged"": true, ""client_b_read_v1"": true, ""dependent_acknowledged"": true, ""visible_ids"": [""v1:593"", ""v2:593""], ""snapshot_polls"": 1}"
20260918T140141Z_d0b63c0a,594,fault,1789740151.0752127,1789740151.0969822,21.329,0,21.329,pass,,independent_snapshot,"{""prerequisite_acknowledged"": true, ""client_b_read_v1"": true, ""dependent_acknowledged"": true, ""visible_ids"": [""v1:594"", ""v2:594""], ""snapshot_polls"": 1}"
20260918T140141Z_d0b63c0a,595,fault,1789740151.0969822,1789740151.117283,20.446,0,20.446,pass,,independent_snapshot,"{""prerequisite_acknowledged"": true, ""client_b_read_v1"": true, ""dependent_acknowledged"": true, ""visible_ids"": [""v1:595"", ""v2:595""], ""snapshot_polls"": 1}"
20260918T140141Z_d0b63c0a,596,fault,1789740151.117283,1789740151.141325,24.063,0,24.063,pass,,independent_snapshot,"{""prerequisite_acknowledged"": true, ""client_b_read_v1"": true, ""dependent_acknowledged"": true, ""visible_ids"": [""v1:596"", ""v2:596""], ""snapshot_polls"": 1}"
20260918T140141Z_d0b63c0a,597,fault,1789740151.141325,1789740151.166815,25.501,0,25.501,pass,,independent_snapshot,"{""prerequisite_acknowledged"": true, ""client_b_read_v1"": true, ""dependent_acknowledged"": true, ""visible_ids"": [""v1:597"", ""v2:597""], ""snapshot_polls"": 1}"
20260918T140141Z_d0b63c0a,598,fault,1789740151.1675978,1789740151.1914253,24.179,0,24.179,pass,,independent_snapshot,"{""prerequisite_acknowledged"": true, ""client_b_read_v1"": true, ""dependent_acknowledged"": true, ""visible_ids"": [""v1:598"", ""v2:598""], ""snapshot_polls"": 1}"
20260918T140141Z_d0b63c0a,599,fault,1789740151.1914253,1789740151.2171094,25.451,0,25.451,pass,,independent_snapshot,"{""prerequisite_acknowledged"": true, ""client_b_read_v1"": true, ""dependent_acknowledged"": true, ""visible_ids"": [""v1:599"", ""v2:599""], ""snapshot_polls"": 1}"
20260918T140141Z_d0b63c0a,600,recovery,1789740152.4297698,1789740152.4550462,25.173,0,25.173,pass,,independent_snapshot,"{""prerequisite_acknowledged"": true, ""client_b_read_v1"": true, ""dependent_acknowledged"": true, ""visible_ids"": [""v1:600"", ""v2:600""], ""snapshot_polls"": 1}"
20260918T140141Z_d0b63c0a,601,recovery,1789740152.4586418,1789740152.4822946,23.1,0,23.1,pass,,independent_snapshot,"{""prerequisite_acknowledged"": true, ""client_b_read_v1"": true, ""dependent_acknowledged"": true, ""visible_ids"": [""v1:601"", ""v2:601""], ""snapshot_polls"": 1}"
20260918T140141Z_d0b63c0a,602,recovery,1789740152.4822946,1789740152.5029635,20.58,0,20.58,pass,,independent_snapshot,"{""prerequisite_acknowledged"": true, ""client_b_read_v1"": true, ""dependent_acknowledged"": true, ""visible_ids"": [""v1:602"", ""v2:602""], ""snapshot_polls"": 1}"
20260918T140141Z_d0b63c0a,603,recovery,1789740152.5029635,1789740152.5245523,21.477,0,21.477,pass,,independent_snapshot,"{""prerequisite_acknowledged"": true, ""client_b_read_v1"": true, ""dependent_acknowledged"": true, ""visible_ids"": [""v1:603"", ""v2:603""], ""snapshot_polls"": 1}"
20260918T140141Z_d0b63c0a,604,recovery,1789740152.5245523,1789740152.5465612,21.851,0,21.851,pass,,independent_snapshot,"{""prerequisite_acknowledged"": true, ""client_b_read_v1"": true, ""dependent_acknowledged"": true, ""visible_ids"": [""v1:604"", ""v2:604""], ""snapshot_polls"": 1}"
20260918T140141Z_d0b63c0a,605,recovery,1789740152.5465612,1789740152.568815,22.376,0,22.376,pass,,independent_snapshot,"{""prerequisite_acknowledged"": true, ""client_b_read_v1"": true, ""dependent_acknowledged"": true, ""visible_ids"": [""v1:605"", ""v2:605""], ""snapshot_polls"": 1}"
20260918T140141Z_d0b63c0a,606,recovery,1789740152.5694044,1789740152.5902143,21.177,0,21.177,pass,,independent_snapshot,"{""prerequisite_acknowledged"": true, ""client_b_read_v1"": true, ""dependent_acknowledged"": true, ""visible_ids"": [""v1:606"", ""v2:606""], ""snapshot_polls"": 1}"
20260918T140141Z_d0b63c0a,607,recovery,1789740152.5902143,1789740152.6119282,21.312,0,21.312,pass,,independent_snapshot,"{""prerequisite_acknowledged"": true, ""client_b_read_v1"": true, ""dependent_acknowledged"": true, ""visible_ids"": [""v1:607"", ""v2:607""], ""snapshot_polls"": 1}"
20260918T140141Z_d0b63c0a,608,recovery,1789740152.6119282,1789740152.636817,24.845,0,24.845,pass,,independent_snapshot,"{""prerequisite_acknowledged"": true, ""client_b_read_v1"": true, ""dependent_acknowledged"": true, ""visible_ids"": [""v1:608"", ""v2:608""], ""snapshot_polls"": 1}"
20260918T140141Z_d0b63c0a,609,recovery,1789740152.636817,1789740152.6594043,22.631,0,22.631,pass,,independent_snapshot,"{""prerequisite_acknowledged"": true, ""client_b_read_v1"": true, ""dependent_acknowledged"": true, ""visible_ids"": [""v1:609"", ""v2:609""], ""snapshot_polls"": 1}"
20260918T140141Z_d0b63c0a,610,recovery,1789740152.6594043,1789740152.6817389,22.042,0,22.042,pass,,independent_snapshot,"{""prerequisite_acknowledged"": true, ""client_b_read_v1"": true, ""dependent_acknowledged"": true, ""visible_ids"": [""v1:610"", ""v2:610""], ""snapshot_polls"": 1}"
20260918T140141Z_d0b63c0a,611,recovery,1789740152.6817389,1789740152.703618,21.704,0,21.704,pass,,independent_snapshot,"{""prerequisite_acknowledged"": true, ""client_b_read_v1"": true, ""dependent_acknowledged"": true, ""visible_ids"": [""v1:611"", ""v2:611""], ""snapshot_polls"": 1}"
20260918T140141Z_d0b63c0a,612,recovery,1789740152.703618,1789740152.726134,22.384,0,22.384,pass,,independent_snapshot,"{""prerequisite_acknowledged"": true, ""client_b_read_v1"": true, ""dependent_acknowledged"": true, ""visible_ids"": [""v1:612"", ""v2:612""], ""snapshot_polls"": 1}"
20260918T140141Z_d0b63c0a,613,recovery,1789740152.726134,1789740152.7486384,22.62,0,22.62,pass,,independent_snapshot,"{""prerequisite_acknowledged"": true, ""client_b_read_v1"": true, ""dependent_acknowledged"": true, ""visible_ids"": [""v1:613"", ""v2:613""], ""snapshot_polls"": 1}"
20260918T140141Z_d0b63c0a,614,recovery,1789740152.7486384,1789740152.7711465,22.495,0,22.495,pass,,independent_snapshot,"{""prerequisite_acknowledged"": true, ""client_b_read_v1"": true, ""dependent_acknowledged"": true, ""visible_ids"": [""v1:614"", ""v2:614""], ""snapshot_polls"": 1}"
20260918T140141Z_d0b63c0a,615,recovery,1789740152.7717805,1789740152.7946973,23.414,0,23.414,pass,,independent_snapshot,"{""prerequisite_acknowledged"": true, ""client_b_read_v1"": true, ""dependent_acknowledged"": true, ""visible_ids"": [""v1:615"", ""v2:615""], ""snapshot_polls"": 1}"
20260918T140141Z_d0b63c0a,616,recovery,1789740152.7946973,1789740152.8204684,25.237,0,25.237,pass,,independent_snapshot,"{""prerequisite_acknowledged"": true, ""client_b_read_v1"": true, ""dependent_acknowledged"": true, ""visible_ids"": [""v1:616"", ""v2:616""], ""snapshot_polls"": 1}"
20260918T140141Z_d0b63c0a,617,recovery,1789740152.8204684,1789740152.8424978,22.385,0,22.385,pass,,independent_snapshot,"{""prerequisite_acknowledged"": true, ""client_b_read_v1"": true, ""dependent_acknowledged"": true, ""visible_ids"": [""v1:617"", ""v2:617""], ""snapshot_polls"": 1}"
20260918T140141Z_d0b63c0a,618,recovery,1789740152.8431346,1789740152.866631,23.749,0,23.749,pass,,independent_snapshot,"{""prerequisite_acknowledged"": true, ""client_b_read_v1"": true, ""dependent_acknowledged"": true, ""visible_ids"": [""v1:618"", ""v2:618""], ""snapshot_polls"": 1}"
20260918T140141Z_d0b63c0a,619,recovery,1789740152.8672266,1789740152.888226,21.382,0,21.382,pass,,independent_snapshot,"{""prerequisite_acknowledged"": true, ""client_b_read_v1"": true, ""dependent_acknowledged"": true, ""visible_ids"": [""v1:619"", ""v2:619""], ""snapshot_polls"": 1}"
20260918T140141Z_d0b63c0a,620,recovery,1789740152.888226,1789740152.9113626,22.878,0,22.878,pass,,independent_snapshot,"{""prerequisite_acknowledged"": true, ""client_b_read_v1"": true, ""dependent_acknowledged"": true, ""visible_ids"": [""v1:620"", ""v2:620""], ""snapshot_polls"": 1}"
20260918T140141Z_d0b63c0a,621,recovery,1789740152.9113626,1789740152.935445,24.08,0,24.08,pass,,independent_snapshot,"{""prerequisite_acknowledged"": true, ""client_b_read_v1"": true, ""dependent_acknowledged"": true, ""visible_ids"": [""v1:621"", ""v2:621""], ""snapshot_polls"": 1}"
20260918T140141Z_d0b63c0a,622,recovery,1789740152.9360168,1789740152.9578125,21.779,0,21.779,pass,,independent_snapshot,"{""prerequisite_acknowledged"": true, ""client_b_read_v1"": true, ""dependent_acknowledged"": true, ""visible_ids"": [""v1:622"", ""v2:622""], ""snapshot_polls"": 1}"
20260918T140141Z_d0b63c0a,623,recovery,1789740152.9578125,1789740152.98103,23.423,0,23.423,pass,,independent_snapshot,"{""prerequisite_acknowledged"": true, ""client_b_read_v1"": true, ""dependent_acknowledged"": true, ""visible_ids"": [""v1:623"", ""v2:623""], ""snapshot_polls"": 1}"
20260918T140141Z_d0b63c0a,624,recovery,1789740152.98103,1789740153.0047,23.164,0,23.164,pass,,independent_snapshot,"{""prerequisite_acknowledged"": true, ""client_b_read_v1"": true, ""dependent_acknowledged"": true, ""visible_ids"": [""v1:624"", ""v2:624""], ""snapshot_polls"": 1}"
20260918T140141Z_d0b63c0a,625,recovery,1789740153.0047,1789740153.0273724,22.955,0,22.955,pass,,independent_snapshot,"{""prerequisite_acknowledged"": true, ""client_b_read_v1"": true, ""dependent_acknowledged"": true, ""visible_ids"": [""v1:625"", ""v2:625""], ""snapshot_polls"": 1}"
20260918T140141Z_d0b63c0a,626,recovery,1789740153.0273724,1789740153.0508876,23.382,0,23.382,pass,,independent_snapshot,"{""prerequisite_acknowledged"": true, ""client_b_read_v1"": true, ""dependent_acknowledged"": true, ""visible_ids"": [""v1:626"", ""v2:626""], ""snapshot_polls"": 1}"
20260918T140141Z_d0b63c0a,627,recovery,1789740153.0508876,1789740153.0736675,22.661,0,22.661,pass,,independent_snapshot,"{""prerequisite_acknowledged"": true, ""client_b_read_v1"": true, ""dependent_acknowledged"": true, ""visible_ids"": [""v1:627"", ""v2:627""], ""snapshot_polls"": 1}"
20260918T140141Z_d0b63c0a,628,recovery,1789740153.0736675,1789740153.096421,22.883,0,22.883,pass,,independent_snapshot,"{""prerequisite_acknowledged"": true, ""client_b_read_v1"": true, ""dependent_acknowledged"": true, ""visible_ids"": [""v1:628"", ""v2:628""], ""snapshot_polls"": 1}"
20260918T140141Z_d0b63c0a,629,recovery,1789740153.0970783,1789740153.121446,24.247,0,24.247,pass,,independent_snapshot,"{""prerequisite_acknowledged"": true, ""client_b_read_v1"": true, ""dependent_acknowledged"": true, ""visible_ids"": [""v1:629"", ""v2:629""], ""snapshot_polls"": 1}"
20260918T140141Z_d0b63c0a,630,recovery,1789740153.121446,1789740153.1440938,22.463,0,22.463,pass,,independent_snapshot,"{""prerequisite_acknowledged"": true, ""client_b_read_v1"": true, ""dependent_acknowledged"": true, ""visible_ids"": [""v1:630"", ""v2:630""], ""snapshot_polls"": 1}"
20260918T140141Z_d0b63c0a,631,recovery,1789740153.1440938,1789740153.1668599,23.168,0,23.168,pass,,independent_snapshot,"{""prerequisite_acknowledged"": true, ""client_b_read_v1"": true, ""dependent_acknowledged"": true, ""visible_ids"": [""v1:631"", ""v2:631""], ""snapshot_polls"": 1}"
20260918T140141Z_d0b63c0a,632,recovery,1789740153.1674504,1789740153.192527,24.982,0,24.982,pass,,independent_snapshot,"{""prerequisite_acknowledged"": true, ""client_b_read_v1"": true, ""dependent_acknowledged"": true, ""visible_ids"": [""v1:632"", ""v2:632""], ""snapshot_polls"": 1}"
20260918T140141Z_d0b63c0a,633,recovery,1789740153.192527,1789740153.2164364,23.618,0,23.618,pass,,independent_snapshot,"{""prerequisite_acknowledged"": true, ""client_b_read_v1"": true, ""dependent_acknowledged"": true, ""visible_ids"": [""v1:633"", ""v2:633""], ""snapshot_polls"": 1}"
20260918T140141Z_d0b63c0a,634,recovery,1789740153.2164364,1789740153.238033,21.61,0,21.61,pass,,independent_snapshot,"{""prerequisite_acknowledged"": true, ""client_b_read_v1"": true, ""dependent_acknowledged"": true, ""visible_ids"": [""v1:634"", ""v2:634""], ""snapshot_polls"": 1}"
20260918T140141Z_d0b63c0a,635,recovery,1789740153.238033,1789740153.2607062,22.483,0,22.483,pass,,independent_snapshot,"{""prerequisite_acknowledged"": true, ""client_b_read_v1"": true, ""dependent_acknowledged"": true, ""visible_ids"": [""v1:635"", ""v2:635""], ""snapshot_polls"": 1}"
20260918T140141Z_d0b63c0a,636,recovery,1789740153.2607062,1789740153.283036,22.261,0,22.261,pass,,independent_snapshot,"{""prerequisite_acknowledged"": true, ""client_b_read_v1"": true, ""dependent_acknowledged"": true, ""visible_ids"": [""v1:636"", ""v2:636""], ""snapshot_polls"": 1}"
20260918T140141Z_d0b63c0a,637,recovery,1789740153.283036,1789740153.3064473,23.52,0,23.52,pass,,independent_snapshot,"{""prerequisite_acknowledged"": true, ""client_b_read_v1"": true, ""dependent_acknowledged"": true, ""visible_ids"": [""v1:637"", ""v2:637""], ""snapshot_polls"": 1}"
20260918T140141Z_d0b63c0a,638,recovery,1789740153.3064473,1789740153.3293076,22.841,0,22.841,pass,,independent_snapshot,"{""prerequisite_acknowledged"": true, ""client_b_read_v1"": true, ""dependent_acknowledged"": true, ""visible_ids"": [""v1:638"", ""v2:638""], ""snapshot_polls"": 1}"
20260918T140141Z_d0b63c0a,639,recovery,1789740153.3298943,1789740153.3510282,21.435,0,21.435,pass,,independent_snapshot,"{""prerequisite_acknowledged"": true, ""client_b_read_v1"": true, ""dependent_acknowledged"": true, ""visible_ids"": [""v1:639"", ""v2:639""], ""snapshot_polls"": 1}"
20260918T140141Z_d0b63c0a,640,recovery,1789740153.3510282,1789740153.376094,24.881,0,24.881,pass,,independent_snapshot,"{""prerequisite_acknowledged"": true, ""client_b_read_v1"": true, ""dependent_acknowledged"": true, ""visible_ids"": [""v1:640"", ""v2:640""], ""snapshot_polls"": 1}"
20260918T140141Z_d0b63c0a,641,recovery,1789740153.376094,1789740153.3990297,22.532,0,22.532,pass,,independent_snapshot,"{""prerequisite_acknowledged"": true, ""client_b_read_v1"": true, ""dependent_acknowledged"": true, ""visible_ids"": [""v1:641"", ""v2:641""], ""snapshot_polls"": 1}"
20260918T140141Z_d0b63c0a,642,recovery,1789740153.3990297,1789740153.4221354,22.934,0,22.934,pass,,independent_snapshot,"{""prerequisite_acknowledged"": true, ""client_b_read_v1"": true, ""dependent_acknowledged"": true, ""visible_ids"": [""v1:642"", ""v2:642""], ""snapshot_polls"": 1}"
20260918T140141Z_d0b63c0a,643,recovery,1789740153.4221354,1789740153.443549,21.47,0,21.47,pass,,independent_snapshot,"{""prerequisite_acknowledged"": true, ""client_b_read_v1"": true, ""dependent_acknowledged"": true, ""visible_ids"": [""v1:643"", ""v2:643""], ""snapshot_polls"": 1}"
20260918T140141Z_d0b63c0a,644,recovery,1789740153.443549,1789740153.4667287,22.856,0,22.856,pass,,independent_snapshot,"{""prerequisite_acknowledged"": true, ""client_b_read_v1"": true, ""dependent_acknowledged"": true, ""visible_ids"": [""v1:644"", ""v2:644""], ""snapshot_polls"": 1}"
20260918T140141Z_d0b63c0a,645,recovery,1789740153.4667287,1789740153.4879913,21.47,0,21.47,pass,,independent_snapshot,"{""prerequisite_acknowledged"": true, ""client_b_read_v1"": true, ""dependent_acknowledged"": true, ""visible_ids"": [""v1:645"", ""v2:645""], ""snapshot_polls"": 1}"
20260918T140141Z_d0b63c0a,646,recovery,1789740153.4885685,1789740153.5106764,21.852,0,21.852,pass,,independent_snapshot,"{""prerequisite_acknowledged"": true, ""client_b_read_v1"": true, ""dependent_acknowledged"": true, ""visible_ids"": [""v1:646"", ""v2:646""], ""snapshot_polls"": 1}"
20260918T140141Z_d0b63c0a,647,recovery,1789740153.5106764,1789740153.5351489,24.693,0,24.693,pass,,independent_snapshot,"{""prerequisite_acknowledged"": true, ""client_b_read_v1"": true, ""dependent_acknowledged"": true, ""visible_ids"": [""v1:647"", ""v2:647""], ""snapshot_polls"": 1}"
20260918T140141Z_d0b63c0a,648,recovery,1789740153.5358605,1789740153.5600035,24.591,0,24.591,pass,,independent_snapshot,"{""prerequisite_acknowledged"": true, ""client_b_read_v1"": true, ""dependent_acknowledged"": true, ""visible_ids"": [""v1:648"", ""v2:648""], ""snapshot_polls"": 1}"
20260918T140141Z_d0b63c0a,649,recovery,1789740153.5600035,1789740153.5831108,22.782,0,22.782,pass,,independent_snapshot,"{""prerequisite_acknowledged"": true, ""client_b_read_v1"": true, ""dependent_acknowledged"": true, ""visible_ids"": [""v1:649"", ""v2:649""], ""snapshot_polls"": 1}"
20260918T140141Z_d0b63c0a,650,recovery,1789740153.5831108,1789740153.6050472,21.812,0,21.812,pass,,independent_snapshot,"{""prerequisite_acknowledged"": true, ""client_b_read_v1"": true, ""dependent_acknowledged"": true, ""visible_ids"": [""v1:650"", ""v2:650""], ""snapshot_polls"": 1}"
20260918T140141Z_d0b63c0a,651,recovery,1789740153.6050472,1789740153.6278594,22.731,0,22.731,pass,,independent_snapshot,"{""prerequisite_acknowledged"": true, ""client_b_read_v1"": true, ""dependent_acknowledged"": true, ""visible_ids"": [""v1:651"", ""v2:651""], ""snapshot_polls"": 1}"
20260918T140141Z_d0b63c0a,652,recovery,1789740153.6278594,1789740153.648928,21.091,0,21.091,pass,,independent_snapshot,"{""prerequisite_acknowledged"": true, ""client_b_read_v1"": true, ""dependent_acknowledged"": true, ""visible_ids"": [""v1:652"", ""v2:652""], ""snapshot_polls"": 1}"
20260918T140141Z_d0b63c0a,653,recovery,1789740153.6494856,1789740153.6719818,22.708,0,22.708,pass,,independent_snapshot,"{""prerequisite_acknowledged"": true, ""client_b_read_v1"": true, ""dependent_acknowledged"": true, ""visible_ids"": [""v1:653"", ""v2:653""], ""snapshot_polls"": 1}"
20260918T140141Z_d0b63c0a,654,recovery,1789740153.6719818,1789740153.6950297,22.895,0,22.895,pass,,independent_snapshot,"{""prerequisite_acknowledged"": true, ""client_b_read_v1"": true, ""dependent_acknowledged"": true, ""visible_ids"": [""v1:654"", ""v2:654""], ""snapshot_polls"": 1}"
20260918T140141Z_d0b63c0a,655,recovery,1789740153.6950297,1789740153.717407,22.539,0,22.539,pass,,independent_snapshot,"{""prerequisite_acknowledged"": true, ""client_b_read_v1"": true, ""dependent_acknowledged"": true, ""visible_ids"": [""v1:655"", ""v2:655""], ""snapshot_polls"": 1}"
20260918T140141Z_d0b63c0a,656,recovery,1789740153.718048,1789740153.7416916,24.111,0,24.111,pass,,independent_snapshot,"{""prerequisite_acknowledged"": true, ""client_b_read_v1"": true, ""dependent_acknowledged"": true, ""visible_ids"": [""v1:656"", ""v2:656""], ""snapshot_polls"": 1}"
20260918T140141Z_d0b63c0a,657,recovery,1789740153.742253,1789740153.7641325,22.26,0,22.26,pass,,independent_snapshot,"{""prerequisite_acknowledged"": true, ""client_b_read_v1"": true, ""dependent_acknowledged"": true, ""visible_ids"": [""v1:657"", ""v2:657""], ""snapshot_polls"": 1}"
20260918T140141Z_d0b63c0a,658,recovery,1789740153.764731,1789740153.7871568,22.722,0,22.722,pass,,independent_snapshot,"{""prerequisite_acknowledged"": true, ""client_b_read_v1"": true, ""dependent_acknowledged"": true, ""visible_ids"": [""v1:658"", ""v2:658""], ""snapshot_polls"": 1}"
20260918T140141Z_d0b63c0a,659,recovery,1789740153.7871568,1789740153.808799,21.549,0,21.549,pass,,independent_snapshot,"{""prerequisite_acknowledged"": true, ""client_b_read_v1"": true, ""dependent_acknowledged"": true, ""visible_ids"": [""v1:659"", ""v2:659""], ""snapshot_polls"": 1}"
20260918T140141Z_d0b63c0a,660,recovery,1789740153.808799,1789740153.832177,23.274,0,23.274,pass,,independent_snapshot,"{""prerequisite_acknowledged"": true, ""client_b_read_v1"": true, ""dependent_acknowledged"": true, ""visible_ids"": [""v1:660"", ""v2:660""], ""snapshot_polls"": 1}"
20260918T140141Z_d0b63c0a,661,recovery,1789740153.832177,1789740153.855496,23.281,0,23.281,pass,,independent_snapshot,"{""prerequisite_acknowledged"": true, ""client_b_read_v1"": true, ""dependent_acknowledged"": true, ""visible_ids"": [""v1:661"", ""v2:661""], ""snapshot_polls"": 1}"
20260918T140141Z_d0b63c0a,662,recovery,1789740153.855496,1789740153.8774514,21.791,0,21.791,pass,,independent_snapshot,"{""prerequisite_acknowledged"": true, ""client_b_read_v1"": true, ""dependent_acknowledged"": true, ""visible_ids"": [""v1:662"", ""v2:662""], ""snapshot_polls"": 1}"
20260918T140141Z_d0b63c0a,663,recovery,1789740153.8774514,1789740153.8995433,21.918,0,21.918,pass,,independent_snapshot,"{""prerequisite_acknowledged"": true, ""client_b_read_v1"": true, ""dependent_acknowledged"": true, ""visible_ids"": [""v1:663"", ""v2:663""], ""snapshot_polls"": 1}"
20260918T140141Z_d0b63c0a,664,recovery,1789740153.8995433,1789740153.9235468,23.9,0,23.9,pass,,independent_snapshot,"{""prerequisite_acknowledged"": true, ""client_b_read_v1"": true, ""dependent_acknowledged"": true, ""visible_ids"": [""v1:664"", ""v2:664""], ""snapshot_polls"": 1}"
20260918T140141Z_d0b63c0a,665,recovery,1789740153.9235468,1789740153.9446714,21.076,0,21.076,pass,,independent_snapshot,"{""prerequisite_acknowledged"": true, ""client_b_read_v1"": true, ""dependent_acknowledged"": true, ""visible_ids"": [""v1:665"", ""v2:665""], ""snapshot_polls"": 1}"
20260918T140141Z_d0b63c0a,666,recovery,1789740153.9446714,1789740153.9655309,20.733,0,20.733,pass,,independent_snapshot,"{""prerequisite_acknowledged"": true, ""client_b_read_v1"": true, ""dependent_acknowledged"": true, ""visible_ids"": [""v1:666"", ""v2:666""], ""snapshot_polls"": 1}"
20260918T140141Z_d0b63c0a,667,recovery,1789740153.9661438,1789740153.9859207,19.865,0,19.865,pass,,independent_snapshot,"{""prerequisite_acknowledged"": true, ""client_b_read_v1"": true, ""dependent_acknowledged"": true, ""visible_ids"": [""v1:667"", ""v2:667""], ""snapshot_polls"": 1}"
20260918T140141Z_d0b63c0a,668,recovery,1789740153.9859207,1789740154.0048223,18.801,0,18.801,pass,,independent_snapshot,"{""prerequisite_acknowledged"": true, ""client_b_read_v1"": true, ""dependent_acknowledged"": true, ""visible_ids"": [""v1:668"", ""v2:668""], ""snapshot_polls"": 1}"
20260918T140141Z_d0b63c0a,669,recovery,1789740154.0048223,1789740154.0245662,19.741,0,19.741,pass,,independent_snapshot,"{""prerequisite_acknowledged"": true, ""client_b_read_v1"": true, ""dependent_acknowledged"": true, ""visible_ids"": [""v1:669"", ""v2:669""], ""snapshot_polls"": 1}"
20260918T140141Z_d0b63c0a,670,recovery,1789740154.0245662,1789740154.0443003,19.519,0,19.519,pass,,independent_snapshot,"{""prerequisite_acknowledged"": true, ""client_b_read_v1"": true, ""dependent_acknowledged"": true, ""visible_ids"": [""v1:670"", ""v2:670""], ""snapshot_polls"": 1}"
20260918T140141Z_d0b63c0a,671,recovery,1789740154.0443003,1789740154.062992,18.508,0,18.508,pass,,independent_snapshot,"{""prerequisite_acknowledged"": true, ""client_b_read_v1"": true, ""dependent_acknowledged"": true, ""visible_ids"": [""v1:671"", ""v2:671""], ""snapshot_polls"": 1}"
20260918T140141Z_d0b63c0a,672,recovery,1789740154.062992,1789740154.0834036,20.585,0,20.585,pass,,independent_snapshot,"{""prerequisite_acknowledged"": true, ""client_b_read_v1"": true, ""dependent_acknowledged"": true, ""visible_ids"": [""v1:672"", ""v2:672""], ""snapshot_polls"": 1}"
20260918T140141Z_d0b63c0a,673,recovery,1789740154.0834036,1789740154.1035311,19.725,0,19.725,pass,,independent_snapshot,"{""prerequisite_acknowledged"": true, ""client_b_read_v1"": true, ""dependent_acknowledged"": true, ""visible_ids"": [""v1:673"", ""v2:673""], ""snapshot_polls"": 1}"
20260918T140141Z_d0b63c0a,674,recovery,1789740154.1035311,1789740154.1255255,22.346,0,22.346,pass,,independent_snapshot,"{""prerequisite_acknowledged"": true, ""client_b_read_v1"": true, ""dependent_acknowledged"": true, ""visible_ids"": [""v1:674"", ""v2:674""], ""snapshot_polls"": 1}"
20260918T140141Z_d0b63c0a,675,recovery,1789740154.1255255,1789740154.146825,20.789,0,20.789,pass,,independent_snapshot,"{""prerequisite_acknowledged"": true, ""client_b_read_v1"": true, ""dependent_acknowledged"": true, ""visible_ids"": [""v1:675"", ""v2:675""], ""snapshot_polls"": 1}"
20260918T140141Z_d0b63c0a,676,recovery,1789740154.146825,1789740154.167602,20.512,0,20.512,pass,,independent_snapshot,"{""prerequisite_acknowledged"": true, ""client_b_read_v1"": true, ""dependent_acknowledged"": true, ""visible_ids"": [""v1:676"", ""v2:676""], ""snapshot_polls"": 1}"
20260918T140141Z_d0b63c0a,677,recovery,1789740154.167602,1789740154.1875126,20.209,0,20.209,pass,,independent_snapshot,"{""prerequisite_acknowledged"": true, ""client_b_read_v1"": true, ""dependent_acknowledged"": true, ""visible_ids"": [""v1:677"", ""v2:677""], ""snapshot_polls"": 1}"
20260918T140141Z_d0b63c0a,678,recovery,1789740154.1875126,1789740154.2074292,19.688,0,19.688,pass,,independent_snapshot,"{""prerequisite_acknowledged"": true, ""client_b_read_v1"": true, ""dependent_acknowledged"": true, ""visible_ids"": [""v1:678"", ""v2:678""], ""snapshot_polls"": 1}"
20260918T140141Z_d0b63c0a,679,recovery,1789740154.2074292,1789740154.2292204,21.44,0,21.44,pass,,independent_snapshot,"{""prerequisite_acknowledged"": true, ""client_b_read_v1"": true, ""dependent_acknowledged"": true, ""visible_ids"": [""v1:679"", ""v2:679""], ""snapshot_polls"": 1}"
20260918T140141Z_d0b63c0a,680,recovery,1789740154.2292204,1789740154.251201,22.169,0,22.169,pass,,independent_snapshot,"{""prerequisite_acknowledged"": true, ""client_b_read_v1"": true, ""dependent_acknowledged"": true, ""visible_ids"": [""v1:680"", ""v2:680""], ""snapshot_polls"": 1}"
20260918T140141Z_d0b63c0a,681,recovery,1789740154.251201,1789740154.2704449,19.181,0,19.181,pass,,independent_snapshot,"{""prerequisite_acknowledged"": true, ""client_b_read_v1"": true, ""dependent_acknowledged"": true, ""visible_ids"": [""v1:681"", ""v2:681""], ""snapshot_polls"": 1}"
20260918T140141Z_d0b63c0a,682,recovery,1789740154.2704449,1789740154.2913957,20.599,0,20.599,pass,,independent_snapshot,"{""prerequisite_acknowledged"": true, ""client_b_read_v1"": true, ""dependent_acknowledged"": true, ""visible_ids"": [""v1:682"", ""v2:682""], ""snapshot_polls"": 1}"
20260918T140141Z_d0b63c0a,683,recovery,1789740154.2913957,1789740154.310294,19.107,0,19.107,pass,,independent_snapshot,"{""prerequisite_acknowledged"": true, ""client_b_read_v1"": true, ""dependent_acknowledged"": true, ""visible_ids"": [""v1:683"", ""v2:683""], ""snapshot_polls"": 1}"
20260918T140141Z_d0b63c0a,684,recovery,1789740154.310294,1789740154.3302166,19.472,0,19.472,pass,,independent_snapshot,"{""prerequisite_acknowledged"": true, ""client_b_read_v1"": true, ""dependent_acknowledged"": true, ""visible_ids"": [""v1:684"", ""v2:684""], ""snapshot_polls"": 1}"
20260918T140141Z_d0b63c0a,685,recovery,1789740154.3302166,1789740154.3499663,19.513,0,19.513,pass,,independent_snapshot,"{""prerequisite_acknowledged"": true, ""client_b_read_v1"": true, ""dependent_acknowledged"": true, ""visible_ids"": [""v1:685"", ""v2:685""], ""snapshot_polls"": 1}"
20260918T140141Z_d0b63c0a,686,recovery,1789740154.3499663,1789740154.369365,19.336,0,19.336,pass,,independent_snapshot,"{""prerequisite_acknowledged"": true, ""client_b_read_v1"": true, ""dependent_acknowledged"": true, ""visible_ids"": [""v1:686"", ""v2:686""], ""snapshot_polls"": 1}"
20260918T140141Z_d0b63c0a,687,recovery,1789740154.369365,1789740154.3894682,19.97,0,19.97,pass,,independent_snapshot,"{""prerequisite_acknowledged"": true, ""client_b_read_v1"": true, ""dependent_acknowledged"": true, ""visible_ids"": [""v1:687"", ""v2:687""], ""snapshot_polls"": 1}"
20260918T140141Z_d0b63c0a,688,recovery,1789740154.3894682,1789740154.4124672,22.974,0,22.974,pass,,independent_snapshot,"{""prerequisite_acknowledged"": true, ""client_b_read_v1"": true, ""dependent_acknowledged"": true, ""visible_ids"": [""v1:688"", ""v2:688""], ""snapshot_polls"": 1}"
20260918T140141Z_d0b63c0a,689,recovery,1789740154.4124672,1789740154.432513,20.152,0,20.152,pass,,independent_snapshot,"{""prerequisite_acknowledged"": true, ""client_b_read_v1"": true, ""dependent_acknowledged"": true, ""visible_ids"": [""v1:689"", ""v2:689""], ""snapshot_polls"": 1}"
20260918T140141Z_d0b63c0a,690,recovery,1789740154.432513,1789740154.4525542,19.795,0,19.795,pass,,independent_snapshot,"{""prerequisite_acknowledged"": true, ""client_b_read_v1"": true, ""dependent_acknowledged"": true, ""visible_ids"": [""v1:690"", ""v2:690""], ""snapshot_polls"": 1}"
20260918T140141Z_d0b63c0a,691,recovery,1789740154.4525542,1789740154.4721067,19.459,0,19.459,pass,,independent_snapshot,"{""prerequisite_acknowledged"": true, ""client_b_read_v1"": true, ""dependent_acknowledged"": true, ""visible_ids"": [""v1:691"", ""v2:691""], ""snapshot_polls"": 1}"
20260918T140141Z_d0b63c0a,692,recovery,1789740154.4721067,1789740154.4929278,20.558,0,20.558,pass,,independent_snapshot,"{""prerequisite_acknowledged"": true, ""client_b_read_v1"": true, ""dependent_acknowledged"": true, ""visible_ids"": [""v1:692"", ""v2:692""], ""snapshot_polls"": 1}"
20260918T140141Z_d0b63c0a,693,recovery,1789740154.4929278,1789740154.5152614,22.186,0,22.186,pass,,independent_snapshot,"{""prerequisite_acknowledged"": true, ""client_b_read_v1"": true, ""dependent_acknowledged"": true, ""visible_ids"": [""v1:693"", ""v2:693""], ""snapshot_polls"": 1}"
20260918T140141Z_d0b63c0a,694,recovery,1789740154.5152614,1789740154.5355606,20.628,0,20.628,pass,,independent_snapshot,"{""prerequisite_acknowledged"": true, ""client_b_read_v1"": true, ""dependent_acknowledged"": true, ""visible_ids"": [""v1:694"", ""v2:694""], ""snapshot_polls"": 1}"
20260918T140141Z_d0b63c0a,695,recovery,1789740154.5361664,1789740154.5569704,20.827,0,20.827,pass,,independent_snapshot,"{""prerequisite_acknowledged"": true, ""client_b_read_v1"": true, ""dependent_acknowledged"": true, ""visible_ids"": [""v1:695"", ""v2:695""], ""snapshot_polls"": 1}"
20260918T140141Z_d0b63c0a,696,recovery,1789740154.5569704,1789740154.580975,23.928,0,23.928,pass,,independent_snapshot,"{""prerequisite_acknowledged"": true, ""client_b_read_v1"": true, ""dependent_acknowledged"": true, ""visible_ids"": [""v1:696"", ""v2:696""], ""snapshot_polls"": 1}"
20260918T140141Z_d0b63c0a,697,recovery,1789740154.580975,1789740154.5998776,18.877,0,18.877,pass,,independent_snapshot,"{""prerequisite_acknowledged"": true, ""client_b_read_v1"": true, ""dependent_acknowledged"": true, ""visible_ids"": [""v1:697"", ""v2:697""], ""snapshot_polls"": 1}"
20260918T140141Z_d0b63c0a,698,recovery,1789740154.5998776,1789740154.621093,21.301,0,21.301,pass,,independent_snapshot,"{""prerequisite_acknowledged"": true, ""client_b_read_v1"": true, ""dependent_acknowledged"": true, ""visible_ids"": [""v1:698"", ""v2:698""], ""snapshot_polls"": 1}"
20260918T140141Z_d0b63c0a,699,recovery,1789740154.621093,1789740154.640714,19.65,0,19.65,pass,,independent_snapshot,"{""prerequisite_acknowledged"": true, ""client_b_read_v1"": true, ""dependent_acknowledged"": true, ""visible_ids"": [""v1:699"", ""v2:699""], ""snapshot_polls"": 1}"
20260918T140141Z_d0b63c0a,700,recovery,1789740154.6413198,1789740154.6620345,20.489,0,20.489,pass,,independent_snapshot,"{""prerequisite_acknowledged"": true, ""client_b_read_v1"": true, ""dependent_acknowledged"": true, ""visible_ids"": [""v1:700"", ""v2:700""], ""snapshot_polls"": 1}"
20260918T140141Z_d0b63c0a,701,recovery,1789740154.6657448,1789740154.6881444,22.045,0,22.045,pass,,independent_snapshot,"{""prerequisite_acknowledged"": true, ""client_b_read_v1"": true, ""dependent_acknowledged"": true, ""visible_ids"": [""v1:701"", ""v2:701""], ""snapshot_polls"": 1}"
20260918T140141Z_d0b63c0a,702,recovery,1789740154.6881444,1789740154.708134,20.116,0,20.116,pass,,independent_snapshot,"{""prerequisite_acknowledged"": true, ""client_b_read_v1"": true, ""dependent_acknowledged"": true, ""visible_ids"": [""v1:702"", ""v2:702""], ""snapshot_polls"": 1}"
20260918T140141Z_d0b63c0a,703,recovery,1789740154.708134,1789740154.7277045,19.598,0,19.598,pass,,independent_snapshot,"{""prerequisite_acknowledged"": true, ""client_b_read_v1"": true, ""dependent_acknowledged"": true, ""visible_ids"": [""v1:703"", ""v2:703""], ""snapshot_polls"": 1}"
20260918T140141Z_d0b63c0a,704,recovery,1789740154.7277045,1789740154.751039,22.948,0,22.948,pass,,independent_snapshot,"{""prerequisite_acknowledged"": true, ""client_b_read_v1"": true, ""dependent_acknowledged"": true, ""visible_ids"": [""v1:704"", ""v2:704""], ""snapshot_polls"": 1}"
20260918T140141Z_d0b63c0a,705,recovery,1789740154.751039,1789740154.7724442,21.493,0,21.493,pass,,independent_snapshot,"{""prerequisite_acknowledged"": true, ""client_b_read_v1"": true, ""dependent_acknowledged"": true, ""visible_ids"": [""v1:705"", ""v2:705""], ""snapshot_polls"": 1}"
20260918T140141Z_d0b63c0a,706,recovery,1789740154.7724442,1789740154.7940598,21.608,0,21.608,pass,,independent_snapshot,"{""prerequisite_acknowledged"": true, ""client_b_read_v1"": true, ""dependent_acknowledged"": true, ""visible_ids"": [""v1:706"", ""v2:706""], ""snapshot_polls"": 1}"
20260918T140141Z_d0b63c0a,707,recovery,1789740154.794664,1789740154.8155916,20.928,0,20.928,pass,,independent_snapshot,"{""prerequisite_acknowledged"": true, ""client_b_read_v1"": true, ""dependent_acknowledged"": true, ""visible_ids"": [""v1:707"", ""v2:707""], ""snapshot_polls"": 1}"
20260918T140141Z_d0b63c0a,708,recovery,1789740154.8155916,1789740154.8361473,20.551,0,20.551,pass,,independent_snapshot,"{""prerequisite_acknowledged"": true, ""client_b_read_v1"": true, ""dependent_acknowledged"": true, ""visible_ids"": [""v1:708"", ""v2:708""], ""snapshot_polls"": 1}"
20260918T140141Z_d0b63c0a,709,recovery,1789740154.8361473,1789740154.856238,20.306,0,20.306,pass,,independent_snapshot,"{""prerequisite_acknowledged"": true, ""client_b_read_v1"": true, ""dependent_acknowledged"": true, ""visible_ids"": [""v1:709"", ""v2:709""], ""snapshot_polls"": 1}"
20260918T140141Z_d0b63c0a,710,recovery,1789740154.856238,1789740154.876405,19.682,0,19.682,pass,,independent_snapshot,"{""prerequisite_acknowledged"": true, ""client_b_read_v1"": true, ""dependent_acknowledged"": true, ""visible_ids"": [""v1:710"", ""v2:710""], ""snapshot_polls"": 1}"
20260918T140141Z_d0b63c0a,711,recovery,1789740154.876405,1789740154.8970556,20.944,0,20.944,pass,,independent_snapshot,"{""prerequisite_acknowledged"": true, ""client_b_read_v1"": true, ""dependent_acknowledged"": true, ""visible_ids"": [""v1:711"", ""v2:711""], ""snapshot_polls"": 1}"
20260918T140141Z_d0b63c0a,712,recovery,1789740154.8976583,1789740154.9205775,22.864,0,22.864,pass,,independent_snapshot,"{""prerequisite_acknowledged"": true, ""client_b_read_v1"": true, ""dependent_acknowledged"": true, ""visible_ids"": [""v1:712"", ""v2:712""], ""snapshot_polls"": 1}"
20260918T140141Z_d0b63c0a,713,recovery,1789740154.9205775,1789740154.9400067,19.386,0,19.386,pass,,independent_snapshot,"{""prerequisite_acknowledged"": true, ""client_b_read_v1"": true, ""dependent_acknowledged"": true, ""visible_ids"": [""v1:713"", ""v2:713""], ""snapshot_polls"": 1}"
20260918T140141Z_d0b63c0a,714,recovery,1789740154.9400067,1789740154.9605155,20.408,0,20.408,pass,,independent_snapshot,"{""prerequisite_acknowledged"": true, ""client_b_read_v1"": true, ""dependent_acknowledged"": true, ""visible_ids"": [""v1:714"", ""v2:714""], ""snapshot_polls"": 1}"
20260918T140141Z_d0b63c0a,715,recovery,1789740154.9605155,1789740154.980697,19.952,0,19.952,pass,,independent_snapshot,"{""prerequisite_acknowledged"": true, ""client_b_read_v1"": true, ""dependent_acknowledged"": true, ""visible_ids"": [""v1:715"", ""v2:715""], ""snapshot_polls"": 1}"
20260918T140141Z_d0b63c0a,716,recovery,1789740154.980697,1789740155.0007894,20.041,0,20.041,pass,,independent_snapshot,"{""prerequisite_acknowledged"": true, ""client_b_read_v1"": true, ""dependent_acknowledged"": true, ""visible_ids"": [""v1:716"", ""v2:716""], ""snapshot_polls"": 1}"
20260918T140141Z_d0b63c0a,717,recovery,1789740155.0007894,1789740155.0212245,20.266,0,20.266,pass,,independent_snapshot,"{""prerequisite_acknowledged"": true, ""client_b_read_v1"": true, ""dependent_acknowledged"": true, ""visible_ids"": [""v1:717"", ""v2:717""], ""snapshot_polls"": 1}"
20260918T140141Z_d0b63c0a,718,recovery,1789740155.0212245,1789740155.0415528,20.635,0,20.635,pass,,independent_snapshot,"{""prerequisite_acknowledged"": true, ""client_b_read_v1"": true, ""dependent_acknowledged"": true, ""visible_ids"": [""v1:718"", ""v2:718""], ""snapshot_polls"": 1}"
20260918T140141Z_d0b63c0a,719,recovery,1789740155.0421453,1789740155.0613735,19.712,0,19.712,pass,,independent_snapshot,"{""prerequisite_acknowledged"": true, ""client_b_read_v1"": true, ""dependent_acknowledged"": true, ""visible_ids"": [""v1:719"", ""v2:719""], ""snapshot_polls"": 1}"
20260918T140141Z_d0b63c0a,720,recovery,1789740155.0613735,1789740155.0832212,21.816,0,21.816,pass,,independent_snapshot,"{""prerequisite_acknowledged"": true, ""client_b_read_v1"": true, ""dependent_acknowledged"": true, ""visible_ids"": [""v1:720"", ""v2:720""], ""snapshot_polls"": 1}"
20260918T140141Z_d0b63c0a,721,recovery,1789740155.0838642,1789740155.1036956,19.878,0,19.878,pass,,independent_snapshot,"{""prerequisite_acknowledged"": true, ""client_b_read_v1"": true, ""dependent_acknowledged"": true, ""visible_ids"": [""v1:721"", ""v2:721""], ""snapshot_polls"": 1}"
20260918T140141Z_d0b63c0a,722,recovery,1789740155.1036956,1789740155.1236465,20.0,0,20.0,pass,,independent_snapshot,"{""prerequisite_acknowledged"": true, ""client_b_read_v1"": true, ""dependent_acknowledged"": true, ""visible_ids"": [""v1:722"", ""v2:722""], ""snapshot_polls"": 1}"
20260918T140141Z_d0b63c0a,723,recovery,1789740155.1236465,1789740155.1460254,22.314,0,22.314,pass,,independent_snapshot,"{""prerequisite_acknowledged"": true, ""client_b_read_v1"": true, ""dependent_acknowledged"": true, ""visible_ids"": [""v1:723"", ""v2:723""], ""snapshot_polls"": 1}"
20260918T140141Z_d0b63c0a,724,recovery,1789740155.1460254,1789740155.1682117,21.831,0,21.831,pass,,independent_snapshot,"{""prerequisite_acknowledged"": true, ""client_b_read_v1"": true, ""dependent_acknowledged"": true, ""visible_ids"": [""v1:724"", ""v2:724""], ""snapshot_polls"": 1}"
20260918T140141Z_d0b63c0a,725,recovery,1789740155.1682117,1789740155.1909883,22.721,0,22.721,pass,,independent_snapshot,"{""prerequisite_acknowledged"": true, ""client_b_read_v1"": true, ""dependent_acknowledged"": true, ""visible_ids"": [""v1:725"", ""v2:725""], ""snapshot_polls"": 1}"
20260918T140141Z_d0b63c0a,726,recovery,1789740155.1909883,1789740155.2153692,24.207,0,24.207,pass,,independent_snapshot,"{""prerequisite_acknowledged"": true, ""client_b_read_v1"": true, ""dependent_acknowledged"": true, ""visible_ids"": [""v1:726"", ""v2:726""], ""snapshot_polls"": 1}"
20260918T140141Z_d0b63c0a,727,recovery,1789740155.2153692,1789740155.2417047,26.097,0,26.097,pass,,independent_snapshot,"{""prerequisite_acknowledged"": true, ""client_b_read_v1"": true, ""dependent_acknowledged"": true, ""visible_ids"": [""v1:727"", ""v2:727""], ""snapshot_polls"": 1}"
20260918T140141Z_d0b63c0a,728,recovery,1789740155.2417047,1789740155.2664223,24.836,0,24.836,pass,,independent_snapshot,"{""prerequisite_acknowledged"": true, ""client_b_read_v1"": true, ""dependent_acknowledged"": true, ""visible_ids"": [""v1:728"", ""v2:728""], ""snapshot_polls"": 1}"
20260918T140141Z_d0b63c0a,729,recovery,1789740155.2664223,1789740155.2898402,23.182,0,23.182,pass,,independent_snapshot,"{""prerequisite_acknowledged"": true, ""client_b_read_v1"": true, ""dependent_acknowledged"": true, ""visible_ids"": [""v1:729"", ""v2:729""], ""snapshot_polls"": 1}"
20260918T140141Z_d0b63c0a,730,recovery,1789740155.2898402,1789740155.3159575,26.325,0,26.325,pass,,independent_snapshot,"{""prerequisite_acknowledged"": true, ""client_b_read_v1"": true, ""dependent_acknowledged"": true, ""visible_ids"": [""v1:730"", ""v2:730""], ""snapshot_polls"": 1}"
20260918T140141Z_d0b63c0a,731,recovery,1789740155.3159575,1789740155.3398948,23.358,0,23.358,pass,,independent_snapshot,"{""prerequisite_acknowledged"": true, ""client_b_read_v1"": true, ""dependent_acknowledged"": true, ""visible_ids"": [""v1:731"", ""v2:731""], ""snapshot_polls"": 1}"
20260918T140141Z_d0b63c0a,732,recovery,1789740155.3398948,1789740155.3635767,23.974,0,23.974,pass,,independent_snapshot,"{""prerequisite_acknowledged"": true, ""client_b_read_v1"": true, ""dependent_acknowledged"": true, ""visible_ids"": [""v1:732"", ""v2:732""], ""snapshot_polls"": 1}"
20260918T140141Z_d0b63c0a,733,recovery,1789740155.3635767,1789740155.3878763,23.99,0,23.99,pass,,independent_snapshot,"{""prerequisite_acknowledged"": true, ""client_b_read_v1"": true, ""dependent_acknowledged"": true, ""visible_ids"": [""v1:733"", ""v2:733""], ""snapshot_polls"": 1}"
20260918T140141Z_d0b63c0a,734,recovery,1789740155.3878763,1789740155.410747,22.684,0,22.684,pass,,independent_snapshot,"{""prerequisite_acknowledged"": true, ""client_b_read_v1"": true, ""dependent_acknowledged"": true, ""visible_ids"": [""v1:734"", ""v2:734""], ""snapshot_polls"": 1}"
20260918T140141Z_d0b63c0a,735,recovery,1789740155.410747,1789740155.4361553,25.392,0,25.392,pass,,independent_snapshot,"{""prerequisite_acknowledged"": true, ""client_b_read_v1"": true, ""dependent_acknowledged"": true, ""visible_ids"": [""v1:735"", ""v2:735""], ""snapshot_polls"": 1}"
20260918T140141Z_d0b63c0a,736,recovery,1789740155.4361553,1789740155.46352,26.832,0,26.832,pass,,independent_snapshot,"{""prerequisite_acknowledged"": true, ""client_b_read_v1"": true, ""dependent_acknowledged"": true, ""visible_ids"": [""v1:736"", ""v2:736""], ""snapshot_polls"": 1}"
20260918T140141Z_d0b63c0a,737,recovery,1789740155.46352,1789740155.4870799,23.909,0,23.909,pass,,independent_snapshot,"{""prerequisite_acknowledged"": true, ""client_b_read_v1"": true, ""dependent_acknowledged"": true, ""visible_ids"": [""v1:737"", ""v2:737""], ""snapshot_polls"": 1}"
20260918T140141Z_d0b63c0a,738,recovery,1789740155.4870799,1789740155.5125625,25.157,0,25.157,pass,,independent_snapshot,"{""prerequisite_acknowledged"": true, ""client_b_read_v1"": true, ""dependent_acknowledged"": true, ""visible_ids"": [""v1:738"", ""v2:738""], ""snapshot_polls"": 1}"
20260918T140141Z_d0b63c0a,739,recovery,1789740155.5125625,1789740155.5375257,24.596,0,24.596,pass,,independent_snapshot,"{""prerequisite_acknowledged"": true, ""client_b_read_v1"": true, ""dependent_acknowledged"": true, ""visible_ids"": [""v1:739"", ""v2:739""], ""snapshot_polls"": 1}"
20260918T140141Z_d0b63c0a,740,recovery,1789740155.5375257,1789740155.5612996,23.961,0,23.961,pass,,independent_snapshot,"{""prerequisite_acknowledged"": true, ""client_b_read_v1"": true, ""dependent_acknowledged"": true, ""visible_ids"": [""v1:740"", ""v2:740""], ""snapshot_polls"": 1}"
20260918T140141Z_d0b63c0a,741,recovery,1789740155.5612996,1789740155.5852573,23.812,0,23.812,pass,,independent_snapshot,"{""prerequisite_acknowledged"": true, ""client_b_read_v1"": true, ""dependent_acknowledged"": true, ""visible_ids"": [""v1:741"", ""v2:741""], ""snapshot_polls"": 1}"
20260918T140141Z_d0b63c0a,742,recovery,1789740155.5852573,1789740155.6088645,23.61,0,23.61,pass,,independent_snapshot,"{""prerequisite_acknowledged"": true, ""client_b_read_v1"": true, ""dependent_acknowledged"": true, ""visible_ids"": [""v1:742"", ""v2:742""], ""snapshot_polls"": 1}"
20260918T140141Z_d0b63c0a,743,recovery,1789740155.6088645,1789740155.6331935,24.222,0,24.222,pass,,independent_snapshot,"{""prerequisite_acknowledged"": true, ""client_b_read_v1"": true, ""dependent_acknowledged"": true, ""visible_ids"": [""v1:743"", ""v2:743""], ""snapshot_polls"": 1}"
20260918T140141Z_d0b63c0a,744,recovery,1789740155.6331935,1789740155.6598237,26.371,0,26.371,pass,,independent_snapshot,"{""prerequisite_acknowledged"": true, ""client_b_read_v1"": true, ""dependent_acknowledged"": true, ""visible_ids"": [""v1:744"", ""v2:744""], ""snapshot_polls"": 1}"
20260918T140141Z_d0b63c0a,745,recovery,1789740155.6598237,1789740155.6832864,23.296,0,23.296,pass,,independent_snapshot,"{""prerequisite_acknowledged"": true, ""client_b_read_v1"": true, ""dependent_acknowledged"": true, ""visible_ids"": [""v1:745"", ""v2:745""], ""snapshot_polls"": 1}"
20260918T140141Z_d0b63c0a,746,recovery,1789740155.6836536,1789740155.7074645,23.972,0,23.972,pass,,independent_snapshot,"{""prerequisite_acknowledged"": true, ""client_b_read_v1"": true, ""dependent_acknowledged"": true, ""visible_ids"": [""v1:746"", ""v2:746""], ""snapshot_polls"": 1}"
20260918T140141Z_d0b63c0a,747,recovery,1789740155.7074645,1789740155.7287772,21.187,0,21.187,pass,,independent_snapshot,"{""prerequisite_acknowledged"": true, ""client_b_read_v1"": true, ""dependent_acknowledged"": true, ""visible_ids"": [""v1:747"", ""v2:747""], ""snapshot_polls"": 1}"
20260918T140141Z_d0b63c0a,748,recovery,1789740155.7287772,1789740155.752283,23.509,0,23.509,pass,,independent_snapshot,"{""prerequisite_acknowledged"": true, ""client_b_read_v1"": true, ""dependent_acknowledged"": true, ""visible_ids"": [""v1:748"", ""v2:748""], ""snapshot_polls"": 1}"
20260918T140141Z_d0b63c0a,749,recovery,1789740155.752283,1789740155.7768219,24.101,0,24.101,pass,,independent_snapshot,"{""prerequisite_acknowledged"": true, ""client_b_read_v1"": true, ""dependent_acknowledged"": true, ""visible_ids"": [""v1:749"", ""v2:749""], ""snapshot_polls"": 1}"
20260918T140141Z_d0b63c0a,750,recovery,1789740155.7768219,1789740155.7991345,22.577,0,22.577,pass,,independent_snapshot,"{""prerequisite_acknowledged"": true, ""client_b_read_v1"": true, ""dependent_acknowledged"": true, ""visible_ids"": [""v1:750"", ""v2:750""], ""snapshot_polls"": 1}"
20260918T140141Z_d0b63c0a,751,recovery,1789740155.7991345,1789740155.8245316,25.556,0,25.556,pass,,independent_snapshot,"{""prerequisite_acknowledged"": true, ""client_b_read_v1"": true, ""dependent_acknowledged"": true, ""visible_ids"": [""v1:751"", ""v2:751""], ""snapshot_polls"": 1}"
20260918T140141Z_d0b63c0a,752,recovery,1789740155.8245316,1789740155.8518772,26.643,0,26.643,pass,,independent_snapshot,"{""prerequisite_acknowledged"": true, ""client_b_read_v1"": true, ""dependent_acknowledged"": true, ""visible_ids"": [""v1:752"", ""v2:752""], ""snapshot_polls"": 1}"
20260918T140141Z_d0b63c0a,753,recovery,1789740155.8518772,1789740155.8752737,23.263,0,23.263,pass,,independent_snapshot,"{""prerequisite_acknowledged"": true, ""client_b_read_v1"": true, ""dependent_acknowledged"": true, ""visible_ids"": [""v1:753"", ""v2:753""], ""snapshot_polls"": 1}"
20260918T140141Z_d0b63c0a,754,recovery,1789740155.8752737,1789740155.8980136,22.528,0,22.528,pass,,independent_snapshot,"{""prerequisite_acknowledged"": true, ""client_b_read_v1"": true, ""dependent_acknowledged"": true, ""visible_ids"": [""v1:754"", ""v2:754""], ""snapshot_polls"": 1}"
20260918T140141Z_d0b63c0a,755,recovery,1789740155.8980136,1789740155.919608,21.722,0,21.722,pass,,independent_snapshot,"{""prerequisite_acknowledged"": true, ""client_b_read_v1"": true, ""dependent_acknowledged"": true, ""visible_ids"": [""v1:755"", ""v2:755""], ""snapshot_polls"": 1}"
20260918T140141Z_d0b63c0a,756,recovery,1789740155.919608,1789740155.943172,23.478,0,23.478,pass,,independent_snapshot,"{""prerequisite_acknowledged"": true, ""client_b_read_v1"": true, ""dependent_acknowledged"": true, ""visible_ids"": [""v1:756"", ""v2:756""], ""snapshot_polls"": 1}"
20260918T140141Z_d0b63c0a,757,recovery,1789740155.943172,1789740155.9689517,25.531,0,25.531,pass,,independent_snapshot,"{""prerequisite_acknowledged"": true, ""client_b_read_v1"": true, ""dependent_acknowledged"": true, ""visible_ids"": [""v1:757"", ""v2:757""], ""snapshot_polls"": 1}"
20260918T140141Z_d0b63c0a,758,recovery,1789740155.9689517,1789740155.9937627,24.725,0,24.725,pass,,independent_snapshot,"{""prerequisite_acknowledged"": true, ""client_b_read_v1"": true, ""dependent_acknowledged"": true, ""visible_ids"": [""v1:758"", ""v2:758""], ""snapshot_polls"": 1}"
20260918T140141Z_d0b63c0a,759,recovery,1789740155.9941258,1789740156.0158014,21.937,0,21.937,pass,,independent_snapshot,"{""prerequisite_acknowledged"": true, ""client_b_read_v1"": true, ""dependent_acknowledged"": true, ""visible_ids"": [""v1:759"", ""v2:759""], ""snapshot_polls"": 1}"
20260918T140141Z_d0b63c0a,760,recovery,1789740156.0158014,1789740156.0383708,22.605,0,22.605,pass,,independent_snapshot,"{""prerequisite_acknowledged"": true, ""client_b_read_v1"": true, ""dependent_acknowledged"": true, ""visible_ids"": [""v1:760"", ""v2:760""], ""snapshot_polls"": 1}"
20260918T140141Z_d0b63c0a,761,recovery,1789740156.0389786,1789740156.0586014,20.122,0,20.122,pass,,independent_snapshot,"{""prerequisite_acknowledged"": true, ""client_b_read_v1"": true, ""dependent_acknowledged"": true, ""visible_ids"": [""v1:761"", ""v2:761""], ""snapshot_polls"": 1}"
20260918T140141Z_d0b63c0a,762,recovery,1789740156.0592456,1789740156.0795314,20.409,0,20.409,pass,,independent_snapshot,"{""prerequisite_acknowledged"": true, ""client_b_read_v1"": true, ""dependent_acknowledged"": true, ""visible_ids"": [""v1:762"", ""v2:762""], ""snapshot_polls"": 1}"
20260918T140141Z_d0b63c0a,763,recovery,1789740156.0798523,1789740156.0993135,19.644,0,19.644,pass,,independent_snapshot,"{""prerequisite_acknowledged"": true, ""client_b_read_v1"": true, ""dependent_acknowledged"": true, ""visible_ids"": [""v1:763"", ""v2:763""], ""snapshot_polls"": 1}"
20260918T140141Z_d0b63c0a,764,recovery,1789740156.0993135,1789740156.1208215,21.468,0,21.468,pass,,independent_snapshot,"{""prerequisite_acknowledged"": true, ""client_b_read_v1"": true, ""dependent_acknowledged"": true, ""visible_ids"": [""v1:764"", ""v2:764""], ""snapshot_polls"": 1}"
20260918T140141Z_d0b63c0a,765,recovery,1789740156.1208215,1789740156.144587,23.871,0,23.871,pass,,independent_snapshot,"{""prerequisite_acknowledged"": true, ""client_b_read_v1"": true, ""dependent_acknowledged"": true, ""visible_ids"": [""v1:765"", ""v2:765""], ""snapshot_polls"": 1}"
20260918T140141Z_d0b63c0a,766,recovery,1789740156.1452005,1789740156.1674228,22.223,0,22.223,pass,,independent_snapshot,"{""prerequisite_acknowledged"": true, ""client_b_read_v1"": true, ""dependent_acknowledged"": true, ""visible_ids"": [""v1:766"", ""v2:766""], ""snapshot_polls"": 1}"
20260918T140141Z_d0b63c0a,767,recovery,1789740156.1674228,1789740156.187326,19.82,0,19.82,pass,,independent_snapshot,"{""prerequisite_acknowledged"": true, ""client_b_read_v1"": true, ""dependent_acknowledged"": true, ""visible_ids"": [""v1:767"", ""v2:767""], ""snapshot_polls"": 1}"
20260918T140141Z_d0b63c0a,768,recovery,1789740156.187326,1789740156.2087805,21.727,0,21.727,pass,,independent_snapshot,"{""prerequisite_acknowledged"": true, ""client_b_read_v1"": true, ""dependent_acknowledged"": true, ""visible_ids"": [""v1:768"", ""v2:768""], ""snapshot_polls"": 1}"
20260918T140141Z_d0b63c0a,769,recovery,1789740156.2087805,1789740156.2292862,20.236,0,20.236,pass,,independent_snapshot,"{""prerequisite_acknowledged"": true, ""client_b_read_v1"": true, ""dependent_acknowledged"": true, ""visible_ids"": [""v1:769"", ""v2:769""], ""snapshot_polls"": 1}"
20260918T140141Z_d0b63c0a,770,recovery,1789740156.2292862,1789740156.2502668,20.602,0,20.602,pass,,independent_snapshot,"{""prerequisite_acknowledged"": true, ""client_b_read_v1"": true, ""dependent_acknowledged"": true, ""visible_ids"": [""v1:770"", ""v2:770""], ""snapshot_polls"": 1}"
20260918T140141Z_d0b63c0a,771,recovery,1789740156.2502668,1789740156.2712798,21.088,0,21.088,pass,,independent_snapshot,"{""prerequisite_acknowledged"": true, ""client_b_read_v1"": true, ""dependent_acknowledged"": true, ""visible_ids"": [""v1:771"", ""v2:771""], ""snapshot_polls"": 1}"
20260918T140141Z_d0b63c0a,772,recovery,1789740156.2712798,1789740156.2920518,20.87,0,20.87,pass,,independent_snapshot,"{""prerequisite_acknowledged"": true, ""client_b_read_v1"": true, ""dependent_acknowledged"": true, ""visible_ids"": [""v1:772"", ""v2:772""], ""snapshot_polls"": 1}"
20260918T140141Z_d0b63c0a,773,recovery,1789740156.292692,1789740156.3129444,20.226,0,20.226,pass,,independent_snapshot,"{""prerequisite_acknowledged"": true, ""client_b_read_v1"": true, ""dependent_acknowledged"": true, ""visible_ids"": [""v1:773"", ""v2:773""], ""snapshot_polls"": 1}"
20260918T140141Z_d0b63c0a,774,recovery,1789740156.3129444,1789740156.3332942,20.525,0,20.525,pass,,independent_snapshot,"{""prerequisite_acknowledged"": true, ""client_b_read_v1"": true, ""dependent_acknowledged"": true, ""visible_ids"": [""v1:774"", ""v2:774""], ""snapshot_polls"": 1}"
20260918T140141Z_d0b63c0a,775,recovery,1789740156.3332942,1789740156.3557217,21.984,0,21.984,pass,,independent_snapshot,"{""prerequisite_acknowledged"": true, ""client_b_read_v1"": true, ""dependent_acknowledged"": true, ""visible_ids"": [""v1:775"", ""v2:775""], ""snapshot_polls"": 1}"
20260918T140141Z_d0b63c0a,776,recovery,1789740156.3557217,1789740156.3773139,21.373,0,21.373,pass,,independent_snapshot,"{""prerequisite_acknowledged"": true, ""client_b_read_v1"": true, ""dependent_acknowledged"": true, ""visible_ids"": [""v1:776"", ""v2:776""], ""snapshot_polls"": 1}"
20260918T140141Z_d0b63c0a,777,recovery,1789740156.3773139,1789740156.3965268,19.364,0,19.364,pass,,independent_snapshot,"{""prerequisite_acknowledged"": true, ""client_b_read_v1"": true, ""dependent_acknowledged"": true, ""visible_ids"": [""v1:777"", ""v2:777""], ""snapshot_polls"": 1}"
20260918T140141Z_d0b63c0a,778,recovery,1789740156.3965268,1789740156.4164987,20.098,0,20.098,pass,,independent_snapshot,"{""prerequisite_acknowledged"": true, ""client_b_read_v1"": true, ""dependent_acknowledged"": true, ""visible_ids"": [""v1:778"", ""v2:778""], ""snapshot_polls"": 1}"
20260918T140141Z_d0b63c0a,779,recovery,1789740156.4164987,1789740156.4365506,19.864,0,19.864,pass,,independent_snapshot,"{""prerequisite_acknowledged"": true, ""client_b_read_v1"": true, ""dependent_acknowledged"": true, ""visible_ids"": [""v1:779"", ""v2:779""], ""snapshot_polls"": 1}"
20260918T140141Z_d0b63c0a,780,recovery,1789740156.4365506,1789740156.4576604,20.84,0,20.84,pass,,independent_snapshot,"{""prerequisite_acknowledged"": true, ""client_b_read_v1"": true, ""dependent_acknowledged"": true, ""visible_ids"": [""v1:780"", ""v2:780""], ""snapshot_polls"": 1}"
20260918T140141Z_d0b63c0a,781,recovery,1789740156.4576604,1789740156.4793768,21.858,0,21.858,pass,,independent_snapshot,"{""prerequisite_acknowledged"": true, ""client_b_read_v1"": true, ""dependent_acknowledged"": true, ""visible_ids"": [""v1:781"", ""v2:781""], ""snapshot_polls"": 1}"
20260918T140141Z_d0b63c0a,782,recovery,1789740156.4799666,1789740156.5010166,21.361,0,21.361,pass,,independent_snapshot,"{""prerequisite_acknowledged"": true, ""client_b_read_v1"": true, ""dependent_acknowledged"": true, ""visible_ids"": [""v1:782"", ""v2:782""], ""snapshot_polls"": 1}"
20260918T140141Z_d0b63c0a,783,recovery,1789740156.5010166,1789740156.520902,19.725,0,19.725,pass,,independent_snapshot,"{""prerequisite_acknowledged"": true, ""client_b_read_v1"": true, ""dependent_acknowledged"": true, ""visible_ids"": [""v1:783"", ""v2:783""], ""snapshot_polls"": 1}"
20260918T140141Z_d0b63c0a,784,recovery,1789740156.520902,1789740156.5438633,22.894,0,22.894,pass,,independent_snapshot,"{""prerequisite_acknowledged"": true, ""client_b_read_v1"": true, ""dependent_acknowledged"": true, ""visible_ids"": [""v1:784"", ""v2:784""], ""snapshot_polls"": 1}"
20260918T140141Z_d0b63c0a,785,recovery,1789740156.5438633,1789740156.564734,20.425,0,20.425,pass,,independent_snapshot,"{""prerequisite_acknowledged"": true, ""client_b_read_v1"": true, ""dependent_acknowledged"": true, ""visible_ids"": [""v1:785"", ""v2:785""], ""snapshot_polls"": 1}"
20260918T140141Z_d0b63c0a,786,recovery,1789740156.564734,1789740156.586542,21.791,0,21.791,pass,,independent_snapshot,"{""prerequisite_acknowledged"": true, ""client_b_read_v1"": true, ""dependent_acknowledged"": true, ""visible_ids"": [""v1:786"", ""v2:786""], ""snapshot_polls"": 1}"
20260918T140141Z_d0b63c0a,787,recovery,1789740156.586542,1789740156.6064682,20.127,0,20.127,pass,,independent_snapshot,"{""prerequisite_acknowledged"": true, ""client_b_read_v1"": true, ""dependent_acknowledged"": true, ""visible_ids"": [""v1:787"", ""v2:787""], ""snapshot_polls"": 1}"
20260918T140141Z_d0b63c0a,788,recovery,1789740156.6064682,1789740156.627557,20.728,0,20.728,pass,,independent_snapshot,"{""prerequisite_acknowledged"": true, ""client_b_read_v1"": true, ""dependent_acknowledged"": true, ""visible_ids"": [""v1:788"", ""v2:788""], ""snapshot_polls"": 1}"
20260918T140141Z_d0b63c0a,789,recovery,1789740156.627557,1789740156.6483727,20.827,0,20.827,pass,,independent_snapshot,"{""prerequisite_acknowledged"": true, ""client_b_read_v1"": true, ""dependent_acknowledged"": true, ""visible_ids"": [""v1:789"", ""v2:789""], ""snapshot_polls"": 1}"
20260918T140141Z_d0b63c0a,790,recovery,1789740156.6483727,1789740156.6701477,21.592,0,21.592,pass,,independent_snapshot,"{""prerequisite_acknowledged"": true, ""client_b_read_v1"": true, ""dependent_acknowledged"": true, ""visible_ids"": [""v1:790"", ""v2:790""], ""snapshot_polls"": 1}"
20260918T140141Z_d0b63c0a,791,recovery,1789740156.6701477,1789740156.691383,21.326,0,21.326,pass,,independent_snapshot,"{""prerequisite_acknowledged"": true, ""client_b_read_v1"": true, ""dependent_acknowledged"": true, ""visible_ids"": [""v1:791"", ""v2:791""], ""snapshot_polls"": 1}"
20260918T140141Z_d0b63c0a,792,recovery,1789740156.691383,1789740156.7136014,22.206,0,22.206,pass,,independent_snapshot,"{""prerequisite_acknowledged"": true, ""client_b_read_v1"": true, ""dependent_acknowledged"": true, ""visible_ids"": [""v1:792"", ""v2:792""], ""snapshot_polls"": 1}"
20260918T140141Z_d0b63c0a,793,recovery,1789740156.7136014,1789740156.7321842,18.476,0,18.476,pass,,independent_snapshot,"{""prerequisite_acknowledged"": true, ""client_b_read_v1"": true, ""dependent_acknowledged"": true, ""visible_ids"": [""v1:793"", ""v2:793""], ""snapshot_polls"": 1}"
20260918T140141Z_d0b63c0a,794,recovery,1789740156.7327633,1789740156.7529664,20.163,0,20.163,pass,,independent_snapshot,"{""prerequisite_acknowledged"": true, ""client_b_read_v1"": true, ""dependent_acknowledged"": true, ""visible_ids"": [""v1:794"", ""v2:794""], ""snapshot_polls"": 1}"
20260918T140141Z_d0b63c0a,795,recovery,1789740156.7529664,1789740156.7729552,19.949,0,19.949,pass,,independent_snapshot,"{""prerequisite_acknowledged"": true, ""client_b_read_v1"": true, ""dependent_acknowledged"": true, ""visible_ids"": [""v1:795"", ""v2:795""], ""snapshot_polls"": 1}"
20260918T140141Z_d0b63c0a,796,recovery,1789740156.7729552,1789740156.792679,20.052,0,20.052,pass,,independent_snapshot,"{""prerequisite_acknowledged"": true, ""client_b_read_v1"": true, ""dependent_acknowledged"": true, ""visible_ids"": [""v1:796"", ""v2:796""], ""snapshot_polls"": 1}"
20260918T140141Z_d0b63c0a,797,recovery,1789740156.7932882,1789740156.814686,21.864,0,21.864,pass,,independent_snapshot,"{""prerequisite_acknowledged"": true, ""client_b_read_v1"": true, ""dependent_acknowledged"": true, ""visible_ids"": [""v1:797"", ""v2:797""], ""snapshot_polls"": 1}"
20260918T140141Z_d0b63c0a,798,recovery,1789740156.814686,1789740156.8361173,20.983,0,20.983,pass,,independent_snapshot,"{""prerequisite_acknowledged"": true, ""client_b_read_v1"": true, ""dependent_acknowledged"": true, ""visible_ids"": [""v1:798"", ""v2:798""], ""snapshot_polls"": 1}"
20260918T140141Z_d0b63c0a,799,recovery,1789740156.8361173,1789740156.8554487,19.407,0,19.407,pass,,independent_snapshot,"{""prerequisite_acknowledged"": true, ""client_b_read_v1"": true, ""dependent_acknowledged"": true, ""visible_ids"": [""v1:799"", ""v2:799""], ""snapshot_polls"": 1}"
20260918T140141Z_d0b63c0a,800,recovery,1789740156.8554487,1789740156.8804364,24.835,0,24.835,pass,,independent_snapshot,"{""prerequisite_acknowledged"": true, ""client_b_read_v1"": true, ""dependent_acknowledged"": true, ""visible_ids"": [""v1:800"", ""v2:800""], ""snapshot_polls"": 1}"
20260918T140141Z_d0b63c0a,801,recovery,1789740156.8855002,1789740156.9051163,19.442,0,19.442,pass,,independent_snapshot,"{""prerequisite_acknowledged"": true, ""client_b_read_v1"": true, ""dependent_acknowledged"": true, ""visible_ids"": [""v1:801"", ""v2:801""], ""snapshot_polls"": 1}"
20260918T140141Z_d0b63c0a,802,recovery,1789740156.9051163,1789740156.9259386,20.835,0,20.835,pass,,independent_snapshot,"{""prerequisite_acknowledged"": true, ""client_b_read_v1"": true, ""dependent_acknowledged"": true, ""visible_ids"": [""v1:802"", ""v2:802""], ""snapshot_polls"": 1}"
20260918T140141Z_d0b63c0a,803,recovery,1789740156.9259386,1789740156.9445112,18.609,0,18.609,pass,,independent_snapshot,"{""prerequisite_acknowledged"": true, ""client_b_read_v1"": true, ""dependent_acknowledged"": true, ""visible_ids"": [""v1:803"", ""v2:803""], ""snapshot_polls"": 1}"
20260918T140141Z_d0b63c0a,804,recovery,1789740156.9445112,1789740156.9644763,19.524,0,19.524,pass,,independent_snapshot,"{""prerequisite_acknowledged"": true, ""client_b_read_v1"": true, ""dependent_acknowledged"": true, ""visible_ids"": [""v1:804"", ""v2:804""], ""snapshot_polls"": 1}"
20260918T140141Z_d0b63c0a,805,recovery,1789740156.9644763,1789740156.9842212,19.969,0,19.969,pass,,independent_snapshot,"{""prerequisite_acknowledged"": true, ""client_b_read_v1"": true, ""dependent_acknowledged"": true, ""visible_ids"": [""v1:805"", ""v2:805""], ""snapshot_polls"": 1}"
20260918T140141Z_d0b63c0a,806,recovery,1789740156.9842212,1789740157.0038383,19.163,0,19.163,pass,,independent_snapshot,"{""prerequisite_acknowledged"": true, ""client_b_read_v1"": true, ""dependent_acknowledged"": true, ""visible_ids"": [""v1:806"", ""v2:806""], ""snapshot_polls"": 1}"
20260918T140141Z_d0b63c0a,807,recovery,1789740157.0038383,1789740157.0241532,20.277,0,20.277,pass,,independent_snapshot,"{""prerequisite_acknowledged"": true, ""client_b_read_v1"": true, ""dependent_acknowledged"": true, ""visible_ids"": [""v1:807"", ""v2:807""], ""snapshot_polls"": 1}"
20260918T140141Z_d0b63c0a,808,recovery,1789740157.024478,1789740157.0479496,23.605,0,23.605,pass,,independent_snapshot,"{""prerequisite_acknowledged"": true, ""client_b_read_v1"": true, ""dependent_acknowledged"": true, ""visible_ids"": [""v1:808"", ""v2:808""], ""snapshot_polls"": 1}"
20260918T140141Z_d0b63c0a,809,recovery,1789740157.0479496,1789740157.0717554,23.709,0,23.709,pass,,independent_snapshot,"{""prerequisite_acknowledged"": true, ""client_b_read_v1"": true, ""dependent_acknowledged"": true, ""visible_ids"": [""v1:809"", ""v2:809""], ""snapshot_polls"": 1}"
20260918T140141Z_d0b63c0a,810,recovery,1789740157.0717554,1789740157.0932045,21.317,0,21.317,pass,,independent_snapshot,"{""prerequisite_acknowledged"": true, ""client_b_read_v1"": true, ""dependent_acknowledged"": true, ""visible_ids"": [""v1:810"", ""v2:810""], ""snapshot_polls"": 1}"
20260918T140141Z_d0b63c0a,811,recovery,1789740157.0932045,1789740157.113903,20.796,0,20.796,pass,,independent_snapshot,"{""prerequisite_acknowledged"": true, ""client_b_read_v1"": true, ""dependent_acknowledged"": true, ""visible_ids"": [""v1:811"", ""v2:811""], ""snapshot_polls"": 1}"
20260918T140141Z_d0b63c0a,812,recovery,1789740157.113903,1789740157.1341312,20.082,0,20.082,pass,,independent_snapshot,"{""prerequisite_acknowledged"": true, ""client_b_read_v1"": true, ""dependent_acknowledged"": true, ""visible_ids"": [""v1:812"", ""v2:812""], ""snapshot_polls"": 1}"
20260918T140141Z_d0b63c0a,813,recovery,1789740157.1341312,1789740157.1546416,20.427,0,20.427,pass,,independent_snapshot,"{""prerequisite_acknowledged"": true, ""client_b_read_v1"": true, ""dependent_acknowledged"": true, ""visible_ids"": [""v1:813"", ""v2:813""], ""snapshot_polls"": 1}"
20260918T140141Z_d0b63c0a,814,recovery,1789740157.1546416,1789740157.1750455,20.124,0,20.124,pass,,independent_snapshot,"{""prerequisite_acknowledged"": true, ""client_b_read_v1"": true, ""dependent_acknowledged"": true, ""visible_ids"": [""v1:814"", ""v2:814""], ""snapshot_polls"": 1}"
20260918T140141Z_d0b63c0a,815,recovery,1789740157.1750455,1789740157.1955056,20.57,0,20.57,pass,,independent_snapshot,"{""prerequisite_acknowledged"": true, ""client_b_read_v1"": true, ""dependent_acknowledged"": true, ""visible_ids"": [""v1:815"", ""v2:815""], ""snapshot_polls"": 1}"
20260918T140141Z_d0b63c0a,816,recovery,1789740157.1955056,1789740157.218349,22.572,0,22.572,pass,,independent_snapshot,"{""prerequisite_acknowledged"": true, ""client_b_read_v1"": true, ""dependent_acknowledged"": true, ""visible_ids"": [""v1:816"", ""v2:816""], ""snapshot_polls"": 1}"
20260918T140141Z_d0b63c0a,817,recovery,1789740157.218349,1789740157.2365344,18.321,0,18.321,pass,,independent_snapshot,"{""prerequisite_acknowledged"": true, ""client_b_read_v1"": true, ""dependent_acknowledged"": true, ""visible_ids"": [""v1:817"", ""v2:817""], ""snapshot_polls"": 1}"
20260918T140141Z_d0b63c0a,818,recovery,1789740157.237069,1789740157.256713,19.695,0,19.695,pass,,independent_snapshot,"{""prerequisite_acknowledged"": true, ""client_b_read_v1"": true, ""dependent_acknowledged"": true, ""visible_ids"": [""v1:818"", ""v2:818""], ""snapshot_polls"": 1}"
20260918T140141Z_d0b63c0a,819,recovery,1789740157.256713,1789740157.2754939,18.706,0,18.706,pass,,independent_snapshot,"{""prerequisite_acknowledged"": true, ""client_b_read_v1"": true, ""dependent_acknowledged"": true, ""visible_ids"": [""v1:819"", ""v2:819""], ""snapshot_polls"": 1}"
20260918T140141Z_d0b63c0a,820,recovery,1789740157.2754939,1789740157.2947674,19.244,0,19.244,pass,,independent_snapshot,"{""prerequisite_acknowledged"": true, ""client_b_read_v1"": true, ""dependent_acknowledged"": true, ""visible_ids"": [""v1:820"", ""v2:820""], ""snapshot_polls"": 1}"
20260918T140141Z_d0b63c0a,821,recovery,1789740157.2947674,1789740157.3140388,19.104,0,19.104,pass,,independent_snapshot,"{""prerequisite_acknowledged"": true, ""client_b_read_v1"": true, ""dependent_acknowledged"": true, ""visible_ids"": [""v1:821"", ""v2:821""], ""snapshot_polls"": 1}"
20260918T140141Z_d0b63c0a,822,recovery,1789740157.3140388,1789740157.3342643,20.127,0,20.127,pass,,independent_snapshot,"{""prerequisite_acknowledged"": true, ""client_b_read_v1"": true, ""dependent_acknowledged"": true, ""visible_ids"": [""v1:822"", ""v2:822""], ""snapshot_polls"": 1}"
20260918T140141Z_d0b63c0a,823,recovery,1789740157.3342643,1789740157.3563087,21.595,0,21.595,pass,,independent_snapshot,"{""prerequisite_acknowledged"": true, ""client_b_read_v1"": true, ""dependent_acknowledged"": true, ""visible_ids"": [""v1:823"", ""v2:823""], ""snapshot_polls"": 1}"
20260918T140141Z_d0b63c0a,824,recovery,1789740157.3563087,1789740157.3764136,20.104,0,20.104,pass,,independent_snapshot,"{""prerequisite_acknowledged"": true, ""client_b_read_v1"": true, ""dependent_acknowledged"": true, ""visible_ids"": [""v1:824"", ""v2:824""], ""snapshot_polls"": 1}"
20260918T140141Z_d0b63c0a,825,recovery,1789740157.3764136,1789740157.393049,16.937,0,16.937,pass,,independent_snapshot,"{""prerequisite_acknowledged"": true, ""client_b_read_v1"": true, ""dependent_acknowledged"": true, ""visible_ids"": [""v1:825"", ""v2:825""], ""snapshot_polls"": 1}"
20260918T140141Z_d0b63c0a,826,recovery,1789740157.3935947,1789740157.410586,17.229,0,17.229,pass,,independent_snapshot,"{""prerequisite_acknowledged"": true, ""client_b_read_v1"": true, ""dependent_acknowledged"": true, ""visible_ids"": [""v1:826"", ""v2:826""], ""snapshot_polls"": 1}"
20260918T140141Z_d0b63c0a,827,recovery,1789740157.410586,1789740157.4282076,17.698,0,17.698,pass,,independent_snapshot,"{""prerequisite_acknowledged"": true, ""client_b_read_v1"": true, ""dependent_acknowledged"": true, ""visible_ids"": [""v1:827"", ""v2:827""], ""snapshot_polls"": 1}"
20260918T140141Z_d0b63c0a,828,recovery,1789740157.4287739,1789740157.4466586,17.942,0,17.942,pass,,independent_snapshot,"{""prerequisite_acknowledged"": true, ""client_b_read_v1"": true, ""dependent_acknowledged"": true, ""visible_ids"": [""v1:828"", ""v2:828""], ""snapshot_polls"": 1}"
20260918T140141Z_d0b63c0a,829,recovery,1789740157.4466586,1789740157.465625,18.98,0,18.98,pass,,independent_snapshot,"{""prerequisite_acknowledged"": true, ""client_b_read_v1"": true, ""dependent_acknowledged"": true, ""visible_ids"": [""v1:829"", ""v2:829""], ""snapshot_polls"": 1}"
20260918T140141Z_d0b63c0a,830,recovery,1789740157.465625,1789740157.485368,19.562,0,19.562,pass,,independent_snapshot,"{""prerequisite_acknowledged"": true, ""client_b_read_v1"": true, ""dependent_acknowledged"": true, ""visible_ids"": [""v1:830"", ""v2:830""], ""snapshot_polls"": 1}"
20260918T140141Z_d0b63c0a,831,recovery,1789740157.485368,1789740157.5028603,17.405,0,17.405,pass,,independent_snapshot,"{""prerequisite_acknowledged"": true, ""client_b_read_v1"": true, ""dependent_acknowledged"": true, ""visible_ids"": [""v1:831"", ""v2:831""], ""snapshot_polls"": 1}"
20260918T140141Z_d0b63c0a,832,recovery,1789740157.5028603,1789740157.5240173,20.93,0,20.93,pass,,independent_snapshot,"{""prerequisite_acknowledged"": true, ""client_b_read_v1"": true, ""dependent_acknowledged"": true, ""visible_ids"": [""v1:832"", ""v2:832""], ""snapshot_polls"": 1}"
20260918T140141Z_d0b63c0a,833,recovery,1789740157.5240173,1789740157.5408869,17.0,0,17.0,pass,,independent_snapshot,"{""prerequisite_acknowledged"": true, ""client_b_read_v1"": true, ""dependent_acknowledged"": true, ""visible_ids"": [""v1:833"", ""v2:833""], ""snapshot_polls"": 1}"
20260918T140141Z_d0b63c0a,834,recovery,1789740157.5408869,1789740157.5600262,18.922,0,18.922,pass,,independent_snapshot,"{""prerequisite_acknowledged"": true, ""client_b_read_v1"": true, ""dependent_acknowledged"": true, ""visible_ids"": [""v1:834"", ""v2:834""], ""snapshot_polls"": 1}"
20260918T140141Z_d0b63c0a,835,recovery,1789740157.5600262,1789740157.579344,19.412,0,19.412,pass,,independent_snapshot,"{""prerequisite_acknowledged"": true, ""client_b_read_v1"": true, ""dependent_acknowledged"": true, ""visible_ids"": [""v1:835"", ""v2:835""], ""snapshot_polls"": 1}"
20260918T140141Z_d0b63c0a,836,recovery,1789740157.579344,1789740157.5992513,19.887,0,19.887,pass,,independent_snapshot,"{""prerequisite_acknowledged"": true, ""client_b_read_v1"": true, ""dependent_acknowledged"": true, ""visible_ids"": [""v1:836"", ""v2:836""], ""snapshot_polls"": 1}"
20260918T140141Z_d0b63c0a,837,recovery,1789740157.5992513,1789740157.619794,20.035,0,20.035,pass,,independent_snapshot,"{""prerequisite_acknowledged"": true, ""client_b_read_v1"": true, ""dependent_acknowledged"": true, ""visible_ids"": [""v1:837"", ""v2:837""], ""snapshot_polls"": 1}"
20260918T140141Z_d0b63c0a,838,recovery,1789740157.619794,1789740157.6388617,19.415,0,19.415,pass,,independent_snapshot,"{""prerequisite_acknowledged"": true, ""client_b_read_v1"": true, ""dependent_acknowledged"": true, ""visible_ids"": [""v1:838"", ""v2:838""], ""snapshot_polls"": 1}"
20260918T140141Z_d0b63c0a,839,recovery,1789740157.6394818,1789740157.660092,21.072,0,21.072,pass,,independent_snapshot,"{""prerequisite_acknowledged"": true, ""client_b_read_v1"": true, ""dependent_acknowledged"": true, ""visible_ids"": [""v1:839"", ""v2:839""], ""snapshot_polls"": 1}"
20260918T140141Z_d0b63c0a,840,recovery,1789740157.6606941,1789740157.6831715,22.925,0,22.925,pass,,independent_snapshot,"{""prerequisite_acknowledged"": true, ""client_b_read_v1"": true, ""dependent_acknowledged"": true, ""visible_ids"": [""v1:840"", ""v2:840""], ""snapshot_polls"": 1}"
20260918T140141Z_d0b63c0a,841,recovery,1789740157.6831715,1789740157.7042165,20.928,0,20.928,pass,,independent_snapshot,"{""prerequisite_acknowledged"": true, ""client_b_read_v1"": true, ""dependent_acknowledged"": true, ""visible_ids"": [""v1:841"", ""v2:841""], ""snapshot_polls"": 1}"
20260918T140141Z_d0b63c0a,842,recovery,1789740157.7048461,1789740157.7260582,21.37,0,21.37,pass,,independent_snapshot,"{""prerequisite_acknowledged"": true, ""client_b_read_v1"": true, ""dependent_acknowledged"": true, ""visible_ids"": [""v1:842"", ""v2:842""], ""snapshot_polls"": 1}"
20260918T140141Z_d0b63c0a,843,recovery,1789740157.7260582,1789740157.7461271,20.203,0,20.203,pass,,independent_snapshot,"{""prerequisite_acknowledged"": true, ""client_b_read_v1"": true, ""dependent_acknowledged"": true, ""visible_ids"": [""v1:843"", ""v2:843""], ""snapshot_polls"": 1}"
20260918T140141Z_d0b63c0a,844,recovery,1789740157.7461271,1789740157.7667093,20.497,0,20.497,pass,,independent_snapshot,"{""prerequisite_acknowledged"": true, ""client_b_read_v1"": true, ""dependent_acknowledged"": true, ""visible_ids"": [""v1:844"", ""v2:844""], ""snapshot_polls"": 1}"
20260918T140141Z_d0b63c0a,845,recovery,1789740157.7673774,1789740157.787779,20.284,0,20.284,pass,,independent_snapshot,"{""prerequisite_acknowledged"": true, ""client_b_read_v1"": true, ""dependent_acknowledged"": true, ""visible_ids"": [""v1:845"", ""v2:845""], ""snapshot_polls"": 1}"
20260918T140141Z_d0b63c0a,846,recovery,1789740157.787779,1789740157.8073163,19.184,0,19.184,pass,,independent_snapshot,"{""prerequisite_acknowledged"": true, ""client_b_read_v1"": true, ""dependent_acknowledged"": true, ""visible_ids"": [""v1:846"", ""v2:846""], ""snapshot_polls"": 1}"
20260918T140141Z_d0b63c0a,847,recovery,1789740157.8073163,1789740157.8263123,19.109,0,19.109,pass,,independent_snapshot,"{""prerequisite_acknowledged"": true, ""client_b_read_v1"": true, ""dependent_acknowledged"": true, ""visible_ids"": [""v1:847"", ""v2:847""], ""snapshot_polls"": 1}"
20260918T140141Z_d0b63c0a,848,recovery,1789740157.8263123,1789740157.8480017,21.798,0,21.798,pass,,independent_snapshot,"{""prerequisite_acknowledged"": true, ""client_b_read_v1"": true, ""dependent_acknowledged"": true, ""visible_ids"": [""v1:848"", ""v2:848""], ""snapshot_polls"": 1}"
20260918T140141Z_d0b63c0a,849,recovery,1789740157.8480017,1789740157.8679724,19.677,0,19.677,pass,,independent_snapshot,"{""prerequisite_acknowledged"": true, ""client_b_read_v1"": true, ""dependent_acknowledged"": true, ""visible_ids"": [""v1:849"", ""v2:849""], ""snapshot_polls"": 1}"
20260918T140141Z_d0b63c0a,850,recovery,1789740157.8682866,1789740157.888471,20.554,0,20.554,pass,,independent_snapshot,"{""prerequisite_acknowledged"": true, ""client_b_read_v1"": true, ""dependent_acknowledged"": true, ""visible_ids"": [""v1:850"", ""v2:850""], ""snapshot_polls"": 1}"
20260918T140141Z_d0b63c0a,851,recovery,1789740157.888471,1789740157.909507,20.55,0,20.55,pass,,independent_snapshot,"{""prerequisite_acknowledged"": true, ""client_b_read_v1"": true, ""dependent_acknowledged"": true, ""visible_ids"": [""v1:851"", ""v2:851""], ""snapshot_polls"": 1}"
20260918T140141Z_d0b63c0a,852,recovery,1789740157.909507,1789740157.930794,21.56,0,21.56,pass,,independent_snapshot,"{""prerequisite_acknowledged"": true, ""client_b_read_v1"": true, ""dependent_acknowledged"": true, ""visible_ids"": [""v1:852"", ""v2:852""], ""snapshot_polls"": 1}"
20260918T140141Z_d0b63c0a,853,recovery,1789740157.9313772,1789740157.9512534,19.957,0,19.957,pass,,independent_snapshot,"{""prerequisite_acknowledged"": true, ""client_b_read_v1"": true, ""dependent_acknowledged"": true, ""visible_ids"": [""v1:853"", ""v2:853""], ""snapshot_polls"": 1}"
20260918T140141Z_d0b63c0a,854,recovery,1789740157.9512534,1789740157.9722145,20.812,0,20.812,pass,,independent_snapshot,"{""prerequisite_acknowledged"": true, ""client_b_read_v1"": true, ""dependent_acknowledged"": true, ""visible_ids"": [""v1:854"", ""v2:854""], ""snapshot_polls"": 1}"
20260918T140141Z_d0b63c0a,855,recovery,1789740157.9722145,1789740157.9942133,21.946,0,21.946,pass,,independent_snapshot,"{""prerequisite_acknowledged"": true, ""client_b_read_v1"": true, ""dependent_acknowledged"": true, ""visible_ids"": [""v1:855"", ""v2:855""], ""snapshot_polls"": 1}"
20260918T140141Z_d0b63c0a,856,recovery,1789740157.9942133,1789740158.0163445,21.792,0,21.792,pass,,independent_snapshot,"{""prerequisite_acknowledged"": true, ""client_b_read_v1"": true, ""dependent_acknowledged"": true, ""visible_ids"": [""v1:856"", ""v2:856""], ""snapshot_polls"": 1}"
20260918T140141Z_d0b63c0a,857,recovery,1789740158.0163445,1789740158.0357766,19.656,0,19.656,pass,,independent_snapshot,"{""prerequisite_acknowledged"": true, ""client_b_read_v1"": true, ""dependent_acknowledged"": true, ""visible_ids"": [""v1:857"", ""v2:857""], ""snapshot_polls"": 1}"
20260918T140141Z_d0b63c0a,858,recovery,1789740158.0357766,1789740158.055039,19.364,0,19.364,pass,,independent_snapshot,"{""prerequisite_acknowledged"": true, ""client_b_read_v1"": true, ""dependent_acknowledged"": true, ""visible_ids"": [""v1:858"", ""v2:858""], ""snapshot_polls"": 1}"
20260918T140141Z_d0b63c0a,859,recovery,1789740158.055039,1789740158.075784,20.141,0,20.141,pass,,independent_snapshot,"{""prerequisite_acknowledged"": true, ""client_b_read_v1"": true, ""dependent_acknowledged"": true, ""visible_ids"": [""v1:859"", ""v2:859""], ""snapshot_polls"": 1}"
20260918T140141Z_d0b63c0a,860,recovery,1789740158.075784,1789740158.0950692,19.309,0,19.309,pass,,independent_snapshot,"{""prerequisite_acknowledged"": true, ""client_b_read_v1"": true, ""dependent_acknowledged"": true, ""visible_ids"": [""v1:860"", ""v2:860""], ""snapshot_polls"": 1}"
20260918T140141Z_d0b63c0a,861,recovery,1789740158.0950692,1789740158.1165593,21.159,0,21.159,pass,,independent_snapshot,"{""prerequisite_acknowledged"": true, ""client_b_read_v1"": true, ""dependent_acknowledged"": true, ""visible_ids"": [""v1:861"", ""v2:861""], ""snapshot_polls"": 1}"
20260918T140141Z_d0b63c0a,862,recovery,1789740158.1165593,1789740158.136179,19.53,0,19.53,pass,,independent_snapshot,"{""prerequisite_acknowledged"": true, ""client_b_read_v1"": true, ""dependent_acknowledged"": true, ""visible_ids"": [""v1:862"", ""v2:862""], ""snapshot_polls"": 1}"
20260918T140141Z_d0b63c0a,863,recovery,1789740158.136179,1789740158.156746,20.775,0,20.775,pass,,independent_snapshot,"{""prerequisite_acknowledged"": true, ""client_b_read_v1"": true, ""dependent_acknowledged"": true, ""visible_ids"": [""v1:863"", ""v2:863""], ""snapshot_polls"": 1}"
20260918T140141Z_d0b63c0a,864,recovery,1789740158.156746,1789740158.1786025,21.468,0,21.468,pass,,independent_snapshot,"{""prerequisite_acknowledged"": true, ""client_b_read_v1"": true, ""dependent_acknowledged"": true, ""visible_ids"": [""v1:864"", ""v2:864""], ""snapshot_polls"": 1}"
20260918T140141Z_d0b63c0a,865,recovery,1789740158.1786025,1789740158.199216,20.566,0,20.566,pass,,independent_snapshot,"{""prerequisite_acknowledged"": true, ""client_b_read_v1"": true, ""dependent_acknowledged"": true, ""visible_ids"": [""v1:865"", ""v2:865""], ""snapshot_polls"": 1}"
20260918T140141Z_d0b63c0a,866,recovery,1789740158.199216,1789740158.2200103,21.117,0,21.117,pass,,independent_snapshot,"{""prerequisite_acknowledged"": true, ""client_b_read_v1"": true, ""dependent_acknowledged"": true, ""visible_ids"": [""v1:866"", ""v2:866""], ""snapshot_polls"": 1}"
20260918T140141Z_d0b63c0a,867,recovery,1789740158.2206712,1789740158.2417245,21.369,0,21.369,pass,,independent_snapshot,"{""prerequisite_acknowledged"": true, ""client_b_read_v1"": true, ""dependent_acknowledged"": true, ""visible_ids"": [""v1:867"", ""v2:867""], ""snapshot_polls"": 1}"
20260918T140141Z_d0b63c0a,868,recovery,1789740158.2417245,1789740158.2619684,19.985,0,19.985,pass,,independent_snapshot,"{""prerequisite_acknowledged"": true, ""client_b_read_v1"": true, ""dependent_acknowledged"": true, ""visible_ids"": [""v1:868"", ""v2:868""], ""snapshot_polls"": 1}"
20260918T140141Z_d0b63c0a,869,recovery,1789740158.2619684,1789740158.282351,20.249,0,20.249,pass,,independent_snapshot,"{""prerequisite_acknowledged"": true, ""client_b_read_v1"": true, ""dependent_acknowledged"": true, ""visible_ids"": [""v1:869"", ""v2:869""], ""snapshot_polls"": 1}"
20260918T140141Z_d0b63c0a,870,recovery,1789740158.282351,1789740158.301911,19.741,0,19.741,pass,,independent_snapshot,"{""prerequisite_acknowledged"": true, ""client_b_read_v1"": true, ""dependent_acknowledged"": true, ""visible_ids"": [""v1:870"", ""v2:870""], ""snapshot_polls"": 1}"
20260918T140141Z_d0b63c0a,871,recovery,1789740158.301911,1789740158.322253,20.181,0,20.181,pass,,independent_snapshot,"{""prerequisite_acknowledged"": true, ""client_b_read_v1"": true, ""dependent_acknowledged"": true, ""visible_ids"": [""v1:871"", ""v2:871""], ""snapshot_polls"": 1}"
20260918T140141Z_d0b63c0a,872,recovery,1789740158.322253,1789740158.345102,22.58,0,22.58,pass,,independent_snapshot,"{""prerequisite_acknowledged"": true, ""client_b_read_v1"": true, ""dependent_acknowledged"": true, ""visible_ids"": [""v1:872"", ""v2:872""], ""snapshot_polls"": 1}"
20260918T140141Z_d0b63c0a,873,recovery,1789740158.345407,1789740158.36514,19.733,0,19.733,pass,,independent_snapshot,"{""prerequisite_acknowledged"": true, ""client_b_read_v1"": true, ""dependent_acknowledged"": true, ""visible_ids"": [""v1:873"", ""v2:873""], ""snapshot_polls"": 1}"
20260918T140141Z_d0b63c0a,874,recovery,1789740158.36514,1789740158.3838434,18.999,0,18.999,pass,,independent_snapshot,"{""prerequisite_acknowledged"": true, ""client_b_read_v1"": true, ""dependent_acknowledged"": true, ""visible_ids"": [""v1:874"", ""v2:874""], ""snapshot_polls"": 1}"
20260918T140141Z_d0b63c0a,875,recovery,1789740158.3838434,1789740158.4045398,20.676,0,20.676,pass,,independent_snapshot,"{""prerequisite_acknowledged"": true, ""client_b_read_v1"": true, ""dependent_acknowledged"": true, ""visible_ids"": [""v1:875"", ""v2:875""], ""snapshot_polls"": 1}"
20260918T140141Z_d0b63c0a,876,recovery,1789740158.4045398,1789740158.427053,22.109,0,22.109,pass,,independent_snapshot,"{""prerequisite_acknowledged"": true, ""client_b_read_v1"": true, ""dependent_acknowledged"": true, ""visible_ids"": [""v1:876"", ""v2:876""], ""snapshot_polls"": 1}"
20260918T140141Z_d0b63c0a,877,recovery,1789740158.427053,1789740158.4494784,22.365,0,22.365,pass,,independent_snapshot,"{""prerequisite_acknowledged"": true, ""client_b_read_v1"": true, ""dependent_acknowledged"": true, ""visible_ids"": [""v1:877"", ""v2:877""], ""snapshot_polls"": 1}"
20260918T140141Z_d0b63c0a,878,recovery,1789740158.4498367,1789740158.469892,20.249,0,20.249,pass,,independent_snapshot,"{""prerequisite_acknowledged"": true, ""client_b_read_v1"": true, ""dependent_acknowledged"": true, ""visible_ids"": [""v1:878"", ""v2:878""], ""snapshot_polls"": 1}"
20260918T140141Z_d0b63c0a,879,recovery,1789740158.469892,1789740158.4903016,20.274,0,20.274,pass,,independent_snapshot,"{""prerequisite_acknowledged"": true, ""client_b_read_v1"": true, ""dependent_acknowledged"": true, ""visible_ids"": [""v1:879"", ""v2:879""], ""snapshot_polls"": 1}"
20260918T140141Z_d0b63c0a,880,recovery,1789740158.4903016,1789740158.5121567,21.8,0,21.8,pass,,independent_snapshot,"{""prerequisite_acknowledged"": true, ""client_b_read_v1"": true, ""dependent_acknowledged"": true, ""visible_ids"": [""v1:880"", ""v2:880""], ""snapshot_polls"": 1}"
20260918T140141Z_d0b63c0a,881,recovery,1789740158.5121567,1789740158.5331495,21.008,0,21.008,pass,,independent_snapshot,"{""prerequisite_acknowledged"": true, ""client_b_read_v1"": true, ""dependent_acknowledged"": true, ""visible_ids"": [""v1:881"", ""v2:881""], ""snapshot_polls"": 1}"
20260918T140141Z_d0b63c0a,882,recovery,1789740158.5331495,1789740158.5544446,21.041,0,21.041,pass,,independent_snapshot,"{""prerequisite_acknowledged"": true, ""client_b_read_v1"": true, ""dependent_acknowledged"": true, ""visible_ids"": [""v1:882"", ""v2:882""], ""snapshot_polls"": 1}"
20260918T140141Z_d0b63c0a,883,recovery,1789740158.5544446,1789740158.5748534,20.544,0,20.544,pass,,independent_snapshot,"{""prerequisite_acknowledged"": true, ""client_b_read_v1"": true, ""dependent_acknowledged"": true, ""visible_ids"": [""v1:883"", ""v2:883""], ""snapshot_polls"": 1}"
20260918T140141Z_d0b63c0a,884,recovery,1789740158.5753753,1789740158.594389,19.103,0,19.103,pass,,independent_snapshot,"{""prerequisite_acknowledged"": true, ""client_b_read_v1"": true, ""dependent_acknowledged"": true, ""visible_ids"": [""v1:884"", ""v2:884""], ""snapshot_polls"": 1}"
20260918T140141Z_d0b63c0a,885,recovery,1789740158.594389,1789740158.6164644,22.341,0,22.341,pass,,independent_snapshot,"{""prerequisite_acknowledged"": true, ""client_b_read_v1"": true, ""dependent_acknowledged"": true, ""visible_ids"": [""v1:885"", ""v2:885""], ""snapshot_polls"": 1}"
20260918T140141Z_d0b63c0a,886,recovery,1789740158.6171033,1789740158.6389985,21.984,0,21.984,pass,,independent_snapshot,"{""prerequisite_acknowledged"": true, ""client_b_read_v1"": true, ""dependent_acknowledged"": true, ""visible_ids"": [""v1:886"", ""v2:886""], ""snapshot_polls"": 1}"
20260918T140141Z_d0b63c0a,887,recovery,1789740158.6389985,1789740158.660842,21.699,0,21.699,pass,,independent_snapshot,"{""prerequisite_acknowledged"": true, ""client_b_read_v1"": true, ""dependent_acknowledged"": true, ""visible_ids"": [""v1:887"", ""v2:887""], ""snapshot_polls"": 1}"
20260918T140141Z_d0b63c0a,888,recovery,1789740158.660842,1789740158.6845236,23.498,0,23.498,pass,,independent_snapshot,"{""prerequisite_acknowledged"": true, ""client_b_read_v1"": true, ""dependent_acknowledged"": true, ""visible_ids"": [""v1:888"", ""v2:888""], ""snapshot_polls"": 1}"
20260918T140141Z_d0b63c0a,889,recovery,1789740158.6845236,1789740158.704785,20.139,0,20.139,pass,,independent_snapshot,"{""prerequisite_acknowledged"": true, ""client_b_read_v1"": true, ""dependent_acknowledged"": true, ""visible_ids"": [""v1:889"", ""v2:889""], ""snapshot_polls"": 1}"
20260918T140141Z_d0b63c0a,890,recovery,1789740158.704785,1789740158.7265444,21.677,0,21.677,pass,,independent_snapshot,"{""prerequisite_acknowledged"": true, ""client_b_read_v1"": true, ""dependent_acknowledged"": true, ""visible_ids"": [""v1:890"", ""v2:890""], ""snapshot_polls"": 1}"
20260918T140141Z_d0b63c0a,891,recovery,1789740158.7265444,1789740158.7463648,20.052,0,20.052,pass,,independent_snapshot,"{""prerequisite_acknowledged"": true, ""client_b_read_v1"": true, ""dependent_acknowledged"": true, ""visible_ids"": [""v1:891"", ""v2:891""], ""snapshot_polls"": 1}"
20260918T140141Z_d0b63c0a,892,recovery,1789740158.7469022,1789740158.7686481,22.22,0,22.22,pass,,independent_snapshot,"{""prerequisite_acknowledged"": true, ""client_b_read_v1"": true, ""dependent_acknowledged"": true, ""visible_ids"": [""v1:892"", ""v2:892""], ""snapshot_polls"": 1}"
20260918T140141Z_d0b63c0a,893,recovery,1789740158.7693062,1789740158.7897747,20.862,0,20.862,pass,,independent_snapshot,"{""prerequisite_acknowledged"": true, ""client_b_read_v1"": true, ""dependent_acknowledged"": true, ""visible_ids"": [""v1:893"", ""v2:893""], ""snapshot_polls"": 1}"
20260918T140141Z_d0b63c0a,894,recovery,1789740158.7897747,1789740158.8101358,19.953,0,19.953,pass,,independent_snapshot,"{""prerequisite_acknowledged"": true, ""client_b_read_v1"": true, ""dependent_acknowledged"": true, ""visible_ids"": [""v1:894"", ""v2:894""], ""snapshot_polls"": 1}"
20260918T140141Z_d0b63c0a,895,recovery,1789740158.8101358,1789740158.830431,20.232,0,20.232,pass,,independent_snapshot,"{""prerequisite_acknowledged"": true, ""client_b_read_v1"": true, ""dependent_acknowledged"": true, ""visible_ids"": [""v1:895"", ""v2:895""], ""snapshot_polls"": 1}"
20260918T140141Z_d0b63c0a,896,recovery,1789740158.830431,1789740158.8518937,21.535,0,21.535,pass,,independent_snapshot,"{""prerequisite_acknowledged"": true, ""client_b_read_v1"": true, ""dependent_acknowledged"": true, ""visible_ids"": [""v1:896"", ""v2:896""], ""snapshot_polls"": 1}"
20260918T140141Z_d0b63c0a,897,recovery,1789740158.852246,1789740158.8708892,18.68,0,18.68,pass,,independent_snapshot,"{""prerequisite_acknowledged"": true, ""client_b_read_v1"": true, ""dependent_acknowledged"": true, ""visible_ids"": [""v1:897"", ""v2:897""], ""snapshot_polls"": 1}"
20260918T140141Z_d0b63c0a,898,recovery,1789740158.8708892,1789740158.889774,19.16,0,19.16,pass,,independent_snapshot,"{""prerequisite_acknowledged"": true, ""client_b_read_v1"": true, ""dependent_acknowledged"": true, ""visible_ids"": [""v1:898"", ""v2:898""], ""snapshot_polls"": 1}"
20260918T140141Z_d0b63c0a,899,recovery,1789740158.889774,1789740158.9110591,20.737,0,20.737,pass,,independent_snapshot,"{""prerequisite_acknowledged"": true, ""client_b_read_v1"": true, ""dependent_acknowledged"": true, ""visible_ids"": [""v1:899"", ""v2:899""], ""snapshot_polls"": 1}"
20260918T140141Z_d0b63c0a,900,recovery,1789740158.9110591,1789740158.9311297,20.041,0,20.041,pass,,independent_snapshot,"{""prerequisite_acknowledged"": true, ""client_b_read_v1"": true, ""dependent_acknowledged"": true, ""visible_ids"": [""v1:900"", ""v2:900""], ""snapshot_polls"": 1}"
20260918T140141Z_d0b63c0a,901,recovery,1789740158.9365134,1789740158.956245,19.635,0,19.635,pass,,independent_snapshot,"{""prerequisite_acknowledged"": true, ""client_b_read_v1"": true, ""dependent_acknowledged"": true, ""visible_ids"": [""v1:901"", ""v2:901""], ""snapshot_polls"": 1}"
20260918T140141Z_d0b63c0a,902,recovery,1789740158.956245,1789740158.9760551,19.835,0,19.835,pass,,independent_snapshot,"{""prerequisite_acknowledged"": true, ""client_b_read_v1"": true, ""dependent_acknowledged"": true, ""visible_ids"": [""v1:902"", ""v2:902""], ""snapshot_polls"": 1}"
20260918T140141Z_d0b63c0a,903,recovery,1789740158.9760551,1789740158.9965816,20.195,0,20.195,pass,,independent_snapshot,"{""prerequisite_acknowledged"": true, ""client_b_read_v1"": true, ""dependent_acknowledged"": true, ""visible_ids"": [""v1:903"", ""v2:903""], ""snapshot_polls"": 1}"
20260918T140141Z_d0b63c0a,904,recovery,1789740158.9965816,1789740159.0178444,21.159,0,21.159,pass,,independent_snapshot,"{""prerequisite_acknowledged"": true, ""client_b_read_v1"": true, ""dependent_acknowledged"": true, ""visible_ids"": [""v1:904"", ""v2:904""], ""snapshot_polls"": 1}"
20260918T140141Z_d0b63c0a,905,recovery,1789740159.0178444,1789740159.0378764,20.246,0,20.246,pass,,independent_snapshot,"{""prerequisite_acknowledged"": true, ""client_b_read_v1"": true, ""dependent_acknowledged"": true, ""visible_ids"": [""v1:905"", ""v2:905""], ""snapshot_polls"": 1}"
20260918T140141Z_d0b63c0a,906,recovery,1789740159.0384336,1789740159.0583296,20.369,0,20.369,pass,,independent_snapshot,"{""prerequisite_acknowledged"": true, ""client_b_read_v1"": true, ""dependent_acknowledged"": true, ""visible_ids"": [""v1:906"", ""v2:906""], ""snapshot_polls"": 1}"
20260918T140141Z_d0b63c0a,907,recovery,1789740159.058926,1789740159.0779274,19.171,0,19.171,pass,,independent_snapshot,"{""prerequisite_acknowledged"": true, ""client_b_read_v1"": true, ""dependent_acknowledged"": true, ""visible_ids"": [""v1:907"", ""v2:907""], ""snapshot_polls"": 1}"
20260918T140141Z_d0b63c0a,908,recovery,1789740159.0779274,1789740159.0980692,20.04,0,20.04,pass,,independent_snapshot,"{""prerequisite_acknowledged"": true, ""client_b_read_v1"": true, ""dependent_acknowledged"": true, ""visible_ids"": [""v1:908"", ""v2:908""], ""snapshot_polls"": 1}"
20260918T140141Z_d0b63c0a,909,recovery,1789740159.0980692,1789740159.1195667,21.319,0,21.319,pass,,independent_snapshot,"{""prerequisite_acknowledged"": true, ""client_b_read_v1"": true, ""dependent_acknowledged"": true, ""visible_ids"": [""v1:909"", ""v2:909""], ""snapshot_polls"": 1}"
20260918T140141Z_d0b63c0a,910,recovery,1789740159.1195667,1789740159.140776,21.312,0,21.312,pass,,independent_snapshot,"{""prerequisite_acknowledged"": true, ""client_b_read_v1"": true, ""dependent_acknowledged"": true, ""visible_ids"": [""v1:910"", ""v2:910""], ""snapshot_polls"": 1}"
20260918T140141Z_d0b63c0a,911,recovery,1789740159.140776,1789740159.1657574,24.594,0,24.594,pass,,independent_snapshot,"{""prerequisite_acknowledged"": true, ""client_b_read_v1"": true, ""dependent_acknowledged"": true, ""visible_ids"": [""v1:911"", ""v2:911""], ""snapshot_polls"": 1}"
20260918T140141Z_d0b63c0a,912,recovery,1789740159.1657574,1789740159.1912606,25.501,0,25.501,pass,,independent_snapshot,"{""prerequisite_acknowledged"": true, ""client_b_read_v1"": true, ""dependent_acknowledged"": true, ""visible_ids"": [""v1:912"", ""v2:912""], ""snapshot_polls"": 1}"
20260918T140141Z_d0b63c0a,913,recovery,1789740159.1912606,1789740159.215162,24.0,0,24.0,pass,,independent_snapshot,"{""prerequisite_acknowledged"": true, ""client_b_read_v1"": true, ""dependent_acknowledged"": true, ""visible_ids"": [""v1:913"", ""v2:913""], ""snapshot_polls"": 1}"
20260918T140141Z_d0b63c0a,914,recovery,1789740159.2157185,1789740159.2401636,24.993,0,24.993,pass,,independent_snapshot,"{""prerequisite_acknowledged"": true, ""client_b_read_v1"": true, ""dependent_acknowledged"": true, ""visible_ids"": [""v1:914"", ""v2:914""], ""snapshot_polls"": 1}"
20260918T140141Z_d0b63c0a,915,recovery,1789740159.2408266,1789740159.2656488,25.127,0,25.127,pass,,independent_snapshot,"{""prerequisite_acknowledged"": true, ""client_b_read_v1"": true, ""dependent_acknowledged"": true, ""visible_ids"": [""v1:915"", ""v2:915""], ""snapshot_polls"": 1}"
20260918T140141Z_d0b63c0a,916,recovery,1789740159.2656488,1789740159.2882655,22.369,0,22.369,pass,,independent_snapshot,"{""prerequisite_acknowledged"": true, ""client_b_read_v1"": true, ""dependent_acknowledged"": true, ""visible_ids"": [""v1:916"", ""v2:916""], ""snapshot_polls"": 1}"
20260918T140141Z_d0b63c0a,917,recovery,1789740159.2882655,1789740159.3103685,21.533,0,21.533,pass,,independent_snapshot,"{""prerequisite_acknowledged"": true, ""client_b_read_v1"": true, ""dependent_acknowledged"": true, ""visible_ids"": [""v1:917"", ""v2:917""], ""snapshot_polls"": 1}"
20260918T140141Z_d0b63c0a,918,recovery,1789740159.3103685,1789740159.3318439,21.378,0,21.378,pass,,independent_snapshot,"{""prerequisite_acknowledged"": true, ""client_b_read_v1"": true, ""dependent_acknowledged"": true, ""visible_ids"": [""v1:918"", ""v2:918""], ""snapshot_polls"": 1}"
20260918T140141Z_d0b63c0a,919,recovery,1789740159.3318439,1789740159.3519628,20.546,0,20.546,pass,,independent_snapshot,"{""prerequisite_acknowledged"": true, ""client_b_read_v1"": true, ""dependent_acknowledged"": true, ""visible_ids"": [""v1:919"", ""v2:919""], ""snapshot_polls"": 1}"
20260918T140141Z_d0b63c0a,920,recovery,1789740159.3519628,1789740159.374736,22.479,0,22.479,pass,,independent_snapshot,"{""prerequisite_acknowledged"": true, ""client_b_read_v1"": true, ""dependent_acknowledged"": true, ""visible_ids"": [""v1:920"", ""v2:920""], ""snapshot_polls"": 1}"
20260918T140141Z_d0b63c0a,921,recovery,1789740159.374736,1789740159.3981688,23.101,0,23.101,pass,,independent_snapshot,"{""prerequisite_acknowledged"": true, ""client_b_read_v1"": true, ""dependent_acknowledged"": true, ""visible_ids"": [""v1:921"", ""v2:921""], ""snapshot_polls"": 1}"
20260918T140141Z_d0b63c0a,922,recovery,1789740159.3981688,1789740159.4221878,23.847,0,23.847,pass,,independent_snapshot,"{""prerequisite_acknowledged"": true, ""client_b_read_v1"": true, ""dependent_acknowledged"": true, ""visible_ids"": [""v1:922"", ""v2:922""], ""snapshot_polls"": 1}"
20260918T140141Z_d0b63c0a,923,recovery,1789740159.4221878,1789740159.4450915,23.162,0,23.162,pass,,independent_snapshot,"{""prerequisite_acknowledged"": true, ""client_b_read_v1"": true, ""dependent_acknowledged"": true, ""visible_ids"": [""v1:923"", ""v2:923""], ""snapshot_polls"": 1}"
20260918T140141Z_d0b63c0a,924,recovery,1789740159.4456909,1789740159.4680011,22.749,0,22.749,pass,,independent_snapshot,"{""prerequisite_acknowledged"": true, ""client_b_read_v1"": true, ""dependent_acknowledged"": true, ""visible_ids"": [""v1:924"", ""v2:924""], ""snapshot_polls"": 1}"
20260918T140141Z_d0b63c0a,925,recovery,1789740159.4680011,1789740159.496138,27.701,0,27.701,pass,,independent_snapshot,"{""prerequisite_acknowledged"": true, ""client_b_read_v1"": true, ""dependent_acknowledged"": true, ""visible_ids"": [""v1:925"", ""v2:925""], ""snapshot_polls"": 1}"
20260918T140141Z_d0b63c0a,926,recovery,1789740159.496138,1789740159.5196488,23.241,0,23.241,pass,,independent_snapshot,"{""prerequisite_acknowledged"": true, ""client_b_read_v1"": true, ""dependent_acknowledged"": true, ""visible_ids"": [""v1:926"", ""v2:926""], ""snapshot_polls"": 1}"
20260918T140141Z_d0b63c0a,927,recovery,1789740159.5196488,1789740159.5428917,23.371,0,23.371,pass,,independent_snapshot,"{""prerequisite_acknowledged"": true, ""client_b_read_v1"": true, ""dependent_acknowledged"": true, ""visible_ids"": [""v1:927"", ""v2:927""], ""snapshot_polls"": 1}"
20260918T140141Z_d0b63c0a,928,recovery,1789740159.5428917,1789740159.571298,28.271,0,28.271,pass,,independent_snapshot,"{""prerequisite_acknowledged"": true, ""client_b_read_v1"": true, ""dependent_acknowledged"": true, ""visible_ids"": [""v1:928"", ""v2:928""], ""snapshot_polls"": 1}"
20260918T140141Z_d0b63c0a,929,recovery,1789740159.571298,1789740159.5964358,25.234,0,25.234,pass,,independent_snapshot,"{""prerequisite_acknowledged"": true, ""client_b_read_v1"": true, ""dependent_acknowledged"": true, ""visible_ids"": [""v1:929"", ""v2:929""], ""snapshot_polls"": 1}"
20260918T140141Z_d0b63c0a,930,recovery,1789740159.5964358,1789740159.6205037,23.777,0,23.777,pass,,independent_snapshot,"{""prerequisite_acknowledged"": true, ""client_b_read_v1"": true, ""dependent_acknowledged"": true, ""visible_ids"": [""v1:930"", ""v2:930""], ""snapshot_polls"": 1}"
20260918T140141Z_d0b63c0a,931,recovery,1789740159.6205037,1789740159.6431134,22.385,0,22.385,pass,,independent_snapshot,"{""prerequisite_acknowledged"": true, ""client_b_read_v1"": true, ""dependent_acknowledged"": true, ""visible_ids"": [""v1:931"", ""v2:931""], ""snapshot_polls"": 1}"
20260918T140141Z_d0b63c0a,932,recovery,1789740159.6431134,1789740159.6672056,23.963,0,23.963,pass,,independent_snapshot,"{""prerequisite_acknowledged"": true, ""client_b_read_v1"": true, ""dependent_acknowledged"": true, ""visible_ids"": [""v1:932"", ""v2:932""], ""snapshot_polls"": 1}"
20260918T140141Z_d0b63c0a,933,recovery,1789740159.6672056,1789740159.6929743,25.516,0,25.516,pass,,independent_snapshot,"{""prerequisite_acknowledged"": true, ""client_b_read_v1"": true, ""dependent_acknowledged"": true, ""visible_ids"": [""v1:933"", ""v2:933""], ""snapshot_polls"": 1}"
20260918T140141Z_d0b63c0a,934,recovery,1789740159.6929743,1789740159.7160459,23.391,0,23.391,pass,,independent_snapshot,"{""prerequisite_acknowledged"": true, ""client_b_read_v1"": true, ""dependent_acknowledged"": true, ""visible_ids"": [""v1:934"", ""v2:934""], ""snapshot_polls"": 1}"
20260918T140141Z_d0b63c0a,935,recovery,1789740159.7160459,1789740159.7418122,25.539,0,25.539,pass,,independent_snapshot,"{""prerequisite_acknowledged"": true, ""client_b_read_v1"": true, ""dependent_acknowledged"": true, ""visible_ids"": [""v1:935"", ""v2:935""], ""snapshot_polls"": 1}"
20260918T140141Z_d0b63c0a,936,recovery,1789740159.7418122,1789740159.7674646,25.763,0,25.763,pass,,independent_snapshot,"{""prerequisite_acknowledged"": true, ""client_b_read_v1"": true, ""dependent_acknowledged"": true, ""visible_ids"": [""v1:936"", ""v2:936""], ""snapshot_polls"": 1}"
20260918T140141Z_d0b63c0a,937,recovery,1789740159.7674646,1789740159.7916458,23.724,0,23.724,pass,,independent_snapshot,"{""prerequisite_acknowledged"": true, ""client_b_read_v1"": true, ""dependent_acknowledged"": true, ""visible_ids"": [""v1:937"", ""v2:937""], ""snapshot_polls"": 1}"
20260918T140141Z_d0b63c0a,938,recovery,1789740159.7916458,1789740159.8144836,22.828,0,22.828,pass,,independent_snapshot,"{""prerequisite_acknowledged"": true, ""client_b_read_v1"": true, ""dependent_acknowledged"": true, ""visible_ids"": [""v1:938"", ""v2:938""], ""snapshot_polls"": 1}"
20260918T140141Z_d0b63c0a,939,recovery,1789740159.8144836,1789740159.8391242,24.829,0,24.829,pass,,independent_snapshot,"{""prerequisite_acknowledged"": true, ""client_b_read_v1"": true, ""dependent_acknowledged"": true, ""visible_ids"": [""v1:939"", ""v2:939""], ""snapshot_polls"": 1}"
20260918T140141Z_d0b63c0a,940,recovery,1789740159.8391242,1789740159.8634293,23.561,0,23.561,pass,,independent_snapshot,"{""prerequisite_acknowledged"": true, ""client_b_read_v1"": true, ""dependent_acknowledged"": true, ""visible_ids"": [""v1:940"", ""v2:940""], ""snapshot_polls"": 1}"
20260918T140141Z_d0b63c0a,941,recovery,1789740159.8634293,1789740159.887971,24.409,0,24.409,pass,,independent_snapshot,"{""prerequisite_acknowledged"": true, ""client_b_read_v1"": true, ""dependent_acknowledged"": true, ""visible_ids"": [""v1:941"", ""v2:941""], ""snapshot_polls"": 1}"
20260918T140141Z_d0b63c0a,942,recovery,1789740159.887971,1789740159.9096274,21.691,0,21.691,pass,,independent_snapshot,"{""prerequisite_acknowledged"": true, ""client_b_read_v1"": true, ""dependent_acknowledged"": true, ""visible_ids"": [""v1:942"", ""v2:942""], ""snapshot_polls"": 1}"
20260918T140141Z_d0b63c0a,943,recovery,1789740159.909965,1789740159.932203,22.289,0,22.289,pass,,independent_snapshot,"{""prerequisite_acknowledged"": true, ""client_b_read_v1"": true, ""dependent_acknowledged"": true, ""visible_ids"": [""v1:943"", ""v2:943""], ""snapshot_polls"": 1}"
20260918T140141Z_d0b63c0a,944,recovery,1789740159.932203,1789740159.9586535,26.61,0,26.61,pass,,independent_snapshot,"{""prerequisite_acknowledged"": true, ""client_b_read_v1"": true, ""dependent_acknowledged"": true, ""visible_ids"": [""v1:944"", ""v2:944""], ""snapshot_polls"": 1}"
20260918T140141Z_d0b63c0a,945,recovery,1789740159.9586535,1789740159.9830356,24.41,0,24.41,pass,,independent_snapshot,"{""prerequisite_acknowledged"": true, ""client_b_read_v1"": true, ""dependent_acknowledged"": true, ""visible_ids"": [""v1:945"", ""v2:945""], ""snapshot_polls"": 1}"
20260918T140141Z_d0b63c0a,946,recovery,1789740159.983669,1789740160.0066957,23.267,0,23.267,pass,,independent_snapshot,"{""prerequisite_acknowledged"": true, ""client_b_read_v1"": true, ""dependent_acknowledged"": true, ""visible_ids"": [""v1:946"", ""v2:946""], ""snapshot_polls"": 1}"
20260918T140141Z_d0b63c0a,947,recovery,1789740160.0066957,1789740160.0282218,21.096,0,21.096,pass,,independent_snapshot,"{""prerequisite_acknowledged"": true, ""client_b_read_v1"": true, ""dependent_acknowledged"": true, ""visible_ids"": [""v1:947"", ""v2:947""], ""snapshot_polls"": 1}"
20260918T140141Z_d0b63c0a,948,recovery,1789740160.0282218,1789740160.0468647,18.651,0,18.651,pass,,independent_snapshot,"{""prerequisite_acknowledged"": true, ""client_b_read_v1"": true, ""dependent_acknowledged"": true, ""visible_ids"": [""v1:948"", ""v2:948""], ""snapshot_polls"": 1}"
20260918T140141Z_d0b63c0a,949,recovery,1789740160.0468647,1789740160.0659204,18.823,0,18.823,pass,,independent_snapshot,"{""prerequisite_acknowledged"": true, ""client_b_read_v1"": true, ""dependent_acknowledged"": true, ""visible_ids"": [""v1:949"", ""v2:949""], ""snapshot_polls"": 1}"
20260918T140141Z_d0b63c0a,950,recovery,1789740160.0659204,1789740160.0870912,21.189,0,21.189,pass,,independent_snapshot,"{""prerequisite_acknowledged"": true, ""client_b_read_v1"": true, ""dependent_acknowledged"": true, ""visible_ids"": [""v1:950"", ""v2:950""], ""snapshot_polls"": 1}"
20260918T140141Z_d0b63c0a,951,recovery,1789740160.0870912,1789740160.1091857,21.862,0,21.862,pass,,independent_snapshot,"{""prerequisite_acknowledged"": true, ""client_b_read_v1"": true, ""dependent_acknowledged"": true, ""visible_ids"": [""v1:951"", ""v2:951""], ""snapshot_polls"": 1}"
20260918T140141Z_d0b63c0a,952,recovery,1789740160.1091857,1789740160.1321347,22.605,0,22.605,pass,,independent_snapshot,"{""prerequisite_acknowledged"": true, ""client_b_read_v1"": true, ""dependent_acknowledged"": true, ""visible_ids"": [""v1:952"", ""v2:952""], ""snapshot_polls"": 1}"
20260918T140141Z_d0b63c0a,953,recovery,1789740160.1321347,1789740160.1544929,22.528,0,22.528,pass,,independent_snapshot,"{""prerequisite_acknowledged"": true, ""client_b_read_v1"": true, ""dependent_acknowledged"": true, ""visible_ids"": [""v1:953"", ""v2:953""], ""snapshot_polls"": 1}"
20260918T140141Z_d0b63c0a,954,recovery,1789740160.1548522,1789740160.1746438,20.095,0,20.095,pass,,independent_snapshot,"{""prerequisite_acknowledged"": true, ""client_b_read_v1"": true, ""dependent_acknowledged"": true, ""visible_ids"": [""v1:954"", ""v2:954""], ""snapshot_polls"": 1}"
20260918T140141Z_d0b63c0a,955,recovery,1789740160.1746438,1789740160.1966448,21.566,0,21.566,pass,,independent_snapshot,"{""prerequisite_acknowledged"": true, ""client_b_read_v1"": true, ""dependent_acknowledged"": true, ""visible_ids"": [""v1:955"", ""v2:955""], ""snapshot_polls"": 1}"
20260918T140141Z_d0b63c0a,956,recovery,1789740160.1966448,1789740160.2167337,20.081,0,20.081,pass,,independent_snapshot,"{""prerequisite_acknowledged"": true, ""client_b_read_v1"": true, ""dependent_acknowledged"": true, ""visible_ids"": [""v1:956"", ""v2:956""], ""snapshot_polls"": 1}"
20260918T140141Z_d0b63c0a,957,recovery,1789740160.2167337,1789740160.239757,22.875,0,22.875,pass,,independent_snapshot,"{""prerequisite_acknowledged"": true, ""client_b_read_v1"": true, ""dependent_acknowledged"": true, ""visible_ids"": [""v1:957"", ""v2:957""], ""snapshot_polls"": 1}"
20260918T140141Z_d0b63c0a,958,recovery,1789740160.239757,1789740160.2613463,21.303,0,21.303,pass,,independent_snapshot,"{""prerequisite_acknowledged"": true, ""client_b_read_v1"": true, ""dependent_acknowledged"": true, ""visible_ids"": [""v1:958"", ""v2:958""], ""snapshot_polls"": 1}"
20260918T140141Z_d0b63c0a,959,recovery,1789740160.2613463,1789740160.2827516,21.611,0,21.611,pass,,independent_snapshot,"{""prerequisite_acknowledged"": true, ""client_b_read_v1"": true, ""dependent_acknowledged"": true, ""visible_ids"": [""v1:959"", ""v2:959""], ""snapshot_polls"": 1}"
20260918T140141Z_d0b63c0a,960,recovery,1789740160.283117,1789740160.3059702,23.342,0,23.342,pass,,independent_snapshot,"{""prerequisite_acknowledged"": true, ""client_b_read_v1"": true, ""dependent_acknowledged"": true, ""visible_ids"": [""v1:960"", ""v2:960""], ""snapshot_polls"": 1}"
20260918T140141Z_d0b63c0a,961,recovery,1789740160.3059702,1789740160.3271103,20.536,0,20.536,pass,,independent_snapshot,"{""prerequisite_acknowledged"": true, ""client_b_read_v1"": true, ""dependent_acknowledged"": true, ""visible_ids"": [""v1:961"", ""v2:961""], ""snapshot_polls"": 1}"
20260918T140141Z_d0b63c0a,962,recovery,1789740160.3271103,1789740160.348456,21.119,0,21.119,pass,,independent_snapshot,"{""prerequisite_acknowledged"": true, ""client_b_read_v1"": true, ""dependent_acknowledged"": true, ""visible_ids"": [""v1:962"", ""v2:962""], ""snapshot_polls"": 1}"
20260918T140141Z_d0b63c0a,963,recovery,1789740160.348456,1789740160.368621,20.139,0,20.139,pass,,independent_snapshot,"{""prerequisite_acknowledged"": true, ""client_b_read_v1"": true, ""dependent_acknowledged"": true, ""visible_ids"": [""v1:963"", ""v2:963""], ""snapshot_polls"": 1}"
20260918T140141Z_d0b63c0a,964,recovery,1789740160.368621,1789740160.3874905,19.207,0,19.207,pass,,independent_snapshot,"{""prerequisite_acknowledged"": true, ""client_b_read_v1"": true, ""dependent_acknowledged"": true, ""visible_ids"": [""v1:964"", ""v2:964""], ""snapshot_polls"": 1}"
20260918T140141Z_d0b63c0a,965,recovery,1789740160.388088,1789740160.4080877,20.026,0,20.026,pass,,independent_snapshot,"{""prerequisite_acknowledged"": true, ""client_b_read_v1"": true, ""dependent_acknowledged"": true, ""visible_ids"": [""v1:965"", ""v2:965""], ""snapshot_polls"": 1}"
20260918T140141Z_d0b63c0a,966,recovery,1789740160.4080877,1789740160.4269283,19.541,0,19.541,pass,,independent_snapshot,"{""prerequisite_acknowledged"": true, ""client_b_read_v1"": true, ""dependent_acknowledged"": true, ""visible_ids"": [""v1:966"", ""v2:966""], ""snapshot_polls"": 1}"
20260918T140141Z_d0b63c0a,967,recovery,1789740160.4269283,1789740160.447884,20.301,0,20.301,pass,,independent_snapshot,"{""prerequisite_acknowledged"": true, ""client_b_read_v1"": true, ""dependent_acknowledged"": true, ""visible_ids"": [""v1:967"", ""v2:967""], ""snapshot_polls"": 1}"
20260918T140141Z_d0b63c0a,968,recovery,1789740160.447884,1789740160.470623,22.365,0,22.365,pass,,independent_snapshot,"{""prerequisite_acknowledged"": true, ""client_b_read_v1"": true, ""dependent_acknowledged"": true, ""visible_ids"": [""v1:968"", ""v2:968""], ""snapshot_polls"": 1}"
20260918T140141Z_d0b63c0a,969,recovery,1789740160.470623,1789740160.4925704,21.837,0,21.837,pass,,independent_snapshot,"{""prerequisite_acknowledged"": true, ""client_b_read_v1"": true, ""dependent_acknowledged"": true, ""visible_ids"": [""v1:969"", ""v2:969""], ""snapshot_polls"": 1}"
20260918T140141Z_d0b63c0a,970,recovery,1789740160.4925704,1789740160.5145714,21.844,0,21.844,pass,,independent_snapshot,"{""prerequisite_acknowledged"": true, ""client_b_read_v1"": true, ""dependent_acknowledged"": true, ""visible_ids"": [""v1:970"", ""v2:970""], ""snapshot_polls"": 1}"
20260918T140141Z_d0b63c0a,971,recovery,1789740160.5145714,1789740160.53573,21.238,0,21.238,pass,,independent_snapshot,"{""prerequisite_acknowledged"": true, ""client_b_read_v1"": true, ""dependent_acknowledged"": true, ""visible_ids"": [""v1:971"", ""v2:971""], ""snapshot_polls"": 1}"
20260918T140141Z_d0b63c0a,972,recovery,1789740160.5360525,1789740160.5565271,20.687,0,20.687,pass,,independent_snapshot,"{""prerequisite_acknowledged"": true, ""client_b_read_v1"": true, ""dependent_acknowledged"": true, ""visible_ids"": [""v1:972"", ""v2:972""], ""snapshot_polls"": 1}"
20260918T140141Z_d0b63c0a,973,recovery,1789740160.5565271,1789740160.5762875,19.985,0,19.985,pass,,independent_snapshot,"{""prerequisite_acknowledged"": true, ""client_b_read_v1"": true, ""dependent_acknowledged"": true, ""visible_ids"": [""v1:973"", ""v2:973""], ""snapshot_polls"": 1}"
20260918T140141Z_d0b63c0a,974,recovery,1789740160.576929,1789740160.5975409,20.653,0,20.653,pass,,independent_snapshot,"{""prerequisite_acknowledged"": true, ""client_b_read_v1"": true, ""dependent_acknowledged"": true, ""visible_ids"": [""v1:974"", ""v2:974""], ""snapshot_polls"": 1}"
20260918T140141Z_d0b63c0a,975,recovery,1789740160.5975409,1789740160.6182714,20.675,0,20.675,pass,,independent_snapshot,"{""prerequisite_acknowledged"": true, ""client_b_read_v1"": true, ""dependent_acknowledged"": true, ""visible_ids"": [""v1:975"", ""v2:975""], ""snapshot_polls"": 1}"
20260918T140141Z_d0b63c0a,976,recovery,1789740160.6182714,1789740160.6414428,23.501,0,23.501,pass,,independent_snapshot,"{""prerequisite_acknowledged"": true, ""client_b_read_v1"": true, ""dependent_acknowledged"": true, ""visible_ids"": [""v1:976"", ""v2:976""], ""snapshot_polls"": 1}"
20260918T140141Z_d0b63c0a,977,recovery,1789740160.6414428,1789740160.6622949,20.178,0,20.178,pass,,independent_snapshot,"{""prerequisite_acknowledged"": true, ""client_b_read_v1"": true, ""dependent_acknowledged"": true, ""visible_ids"": [""v1:977"", ""v2:977""], ""snapshot_polls"": 1}"
20260918T140141Z_d0b63c0a,978,recovery,1789740160.6622949,1789740160.6829433,20.735,0,20.735,pass,,independent_snapshot,"{""prerequisite_acknowledged"": true, ""client_b_read_v1"": true, ""dependent_acknowledged"": true, ""visible_ids"": [""v1:978"", ""v2:978""], ""snapshot_polls"": 1}"
20260918T140141Z_d0b63c0a,979,recovery,1789740160.6829433,1789740160.703518,20.18,0,20.18,pass,,independent_snapshot,"{""prerequisite_acknowledged"": true, ""client_b_read_v1"": true, ""dependent_acknowledged"": true, ""visible_ids"": [""v1:979"", ""v2:979""], ""snapshot_polls"": 1}"
20260918T140141Z_d0b63c0a,980,recovery,1789740160.703518,1789740160.7246761,21.174,0,21.174,pass,,independent_snapshot,"{""prerequisite_acknowledged"": true, ""client_b_read_v1"": true, ""dependent_acknowledged"": true, ""visible_ids"": [""v1:980"", ""v2:980""], ""snapshot_polls"": 1}"
20260918T140141Z_d0b63c0a,981,recovery,1789740160.7246761,1789740160.7445376,19.992,0,19.992,pass,,independent_snapshot,"{""prerequisite_acknowledged"": true, ""client_b_read_v1"": true, ""dependent_acknowledged"": true, ""visible_ids"": [""v1:981"", ""v2:981""], ""snapshot_polls"": 1}"
20260918T140141Z_d0b63c0a,982,recovery,1789740160.7445376,1789740160.7654903,20.583,0,20.583,pass,,independent_snapshot,"{""prerequisite_acknowledged"": true, ""client_b_read_v1"": true, ""dependent_acknowledged"": true, ""visible_ids"": [""v1:982"", ""v2:982""], ""snapshot_polls"": 1}"
20260918T140141Z_d0b63c0a,983,recovery,1789740160.7657964,1789740160.7874844,21.707,0,21.707,pass,,independent_snapshot,"{""prerequisite_acknowledged"": true, ""client_b_read_v1"": true, ""dependent_acknowledged"": true, ""visible_ids"": [""v1:983"", ""v2:983""], ""snapshot_polls"": 1}"
20260918T140141Z_d0b63c0a,984,recovery,1789740160.7874844,1789740160.8095145,22.516,0,22.516,pass,,independent_snapshot,"{""prerequisite_acknowledged"": true, ""client_b_read_v1"": true, ""dependent_acknowledged"": true, ""visible_ids"": [""v1:984"", ""v2:984""], ""snapshot_polls"": 1}"
20260918T140141Z_d0b63c0a,985,recovery,1789740160.8101978,1789740160.8308065,20.77,0,20.77,pass,,independent_snapshot,"{""prerequisite_acknowledged"": true, ""client_b_read_v1"": true, ""dependent_acknowledged"": true, ""visible_ids"": [""v1:985"", ""v2:985""], ""snapshot_polls"": 1}"
20260918T140141Z_d0b63c0a,986,recovery,1789740160.8308065,1789740160.8498704,18.87,0,18.87,pass,,independent_snapshot,"{""prerequisite_acknowledged"": true, ""client_b_read_v1"": true, ""dependent_acknowledged"": true, ""visible_ids"": [""v1:986"", ""v2:986""], ""snapshot_polls"": 1}"
20260918T140141Z_d0b63c0a,987,recovery,1789740160.8498704,1789740160.8703933,20.448,0,20.448,pass,,independent_snapshot,"{""prerequisite_acknowledged"": true, ""client_b_read_v1"": true, ""dependent_acknowledged"": true, ""visible_ids"": [""v1:987"", ""v2:987""], ""snapshot_polls"": 1}"
20260918T140141Z_d0b63c0a,988,recovery,1789740160.8707287,1789740160.8917823,21.457,0,21.457,pass,,independent_snapshot,"{""prerequisite_acknowledged"": true, ""client_b_read_v1"": true, ""dependent_acknowledged"": true, ""visible_ids"": [""v1:988"", ""v2:988""], ""snapshot_polls"": 1}"
20260918T140141Z_d0b63c0a,989,recovery,1789740160.8917823,1789740160.9129267,20.757,0,20.757,pass,,independent_snapshot,"{""prerequisite_acknowledged"": true, ""client_b_read_v1"": true, ""dependent_acknowledged"": true, ""visible_ids"": [""v1:989"", ""v2:989""], ""snapshot_polls"": 1}"
20260918T140141Z_d0b63c0a,990,recovery,1789740160.9129267,1789740160.931974,19.173,0,19.173,pass,,independent_snapshot,"{""prerequisite_acknowledged"": true, ""client_b_read_v1"": true, ""dependent_acknowledged"": true, ""visible_ids"": [""v1:990"", ""v2:990""], ""snapshot_polls"": 1}"
20260918T140141Z_d0b63c0a,991,recovery,1789740160.931974,1789740160.952794,20.804,0,20.804,pass,,independent_snapshot,"{""prerequisite_acknowledged"": true, ""client_b_read_v1"": true, ""dependent_acknowledged"": true, ""visible_ids"": [""v1:991"", ""v2:991""], ""snapshot_polls"": 1}"
20260918T140141Z_d0b63c0a,992,recovery,1789740160.952794,1789740160.975531,22.137,0,22.137,pass,,independent_snapshot,"{""prerequisite_acknowledged"": true, ""client_b_read_v1"": true, ""dependent_acknowledged"": true, ""visible_ids"": [""v1:992"", ""v2:992""], ""snapshot_polls"": 1}"
20260918T140141Z_d0b63c0a,993,recovery,1789740160.975531,1789740160.9949129,19.399,0,19.399,pass,,independent_snapshot,"{""prerequisite_acknowledged"": true, ""client_b_read_v1"": true, ""dependent_acknowledged"": true, ""visible_ids"": [""v1:993"", ""v2:993""], ""snapshot_polls"": 1}"
20260918T140141Z_d0b63c0a,994,recovery,1789740160.9949129,1789740161.0160897,21.085,0,21.085,pass,,independent_snapshot,"{""prerequisite_acknowledged"": true, ""client_b_read_v1"": true, ""dependent_acknowledged"": true, ""visible_ids"": [""v1:994"", ""v2:994""], ""snapshot_polls"": 1}"
20260918T140141Z_d0b63c0a,995,recovery,1789740161.0160897,1789740161.0358396,20.001,0,20.001,pass,,independent_snapshot,"{""prerequisite_acknowledged"": true, ""client_b_read_v1"": true, ""dependent_acknowledged"": true, ""visible_ids"": [""v1:995"", ""v2:995""], ""snapshot_polls"": 1}"
20260918T140141Z_d0b63c0a,996,recovery,1789740161.0364451,1789740161.0554454,19.213,0,19.213,pass,,independent_snapshot,"{""prerequisite_acknowledged"": true, ""client_b_read_v1"": true, ""dependent_acknowledged"": true, ""visible_ids"": [""v1:996"", ""v2:996""], ""snapshot_polls"": 1}"
20260918T140141Z_d0b63c0a,997,recovery,1789740161.0554454,1789740161.0750568,20.018,0,20.018,pass,,independent_snapshot,"{""prerequisite_acknowledged"": true, ""client_b_read_v1"": true, ""dependent_acknowledged"": true, ""visible_ids"": [""v1:997"", ""v2:997""], ""snapshot_polls"": 1}"
20260918T140141Z_d0b63c0a,998,recovery,1789740161.075909,1789740161.0951698,19.315,0,19.315,pass,,independent_snapshot,"{""prerequisite_acknowledged"": true, ""client_b_read_v1"": true, ""dependent_acknowledged"": true, ""visible_ids"": [""v1:998"", ""v2:998""], ""snapshot_polls"": 1}"
20260918T140141Z_d0b63c0a,999,recovery,1789740161.0951698,1789740161.1163695,21.121,0,21.121,pass,,independent_snapshot,"{""prerequisite_acknowledged"": true, ""client_b_read_v1"": true, ""dependent_acknowledged"": true, ""visible_ids"": [""v1:999"", ""v2:999""], ""snapshot_polls"": 1}"
20260918T140141Z_d0b63c0a,1000,recovery,1789740161.1163695,1789740161.1399195,23.294,0,23.294,pass,,independent_snapshot,"{""prerequisite_acknowledged"": true, ""client_b_read_v1"": true, ""dependent_acknowledged"": true, ""visible_ids"": [""v1:1000"", ""v2:1000""], ""snapshot_polls"": 1}"
