run_id,iteration,phase,start_time,end_time,latency_ms,management_ms,workload_ms,verdict,error,last_stage,details_json
20260919T071056Z_5e20386a,1,normal,1789801857.412075,1789801857.4345677,22.404,0,22.404,violation,,read_secondary,"{""background_write_acknowledged"": true, ""reads"": [{""version"": 1, ""max_seen_before"": -1, ""violation"": false}, {""version"": -1, ""max_seen_before"": 1, ""violation"": true}]}"
20260919T071056Z_5e20386a,2,normal,1789801857.4351366,1789801857.4457042,10.696,0,10.696,violation,,read_secondary,"{""background_write_acknowledged"": true, ""reads"": [{""version"": 2, ""max_seen_before"": 1, ""violation"": false}, {""version"": -1, ""max_seen_before"": 2, ""violation"": true}]}"
20260919T071056Z_5e20386a,3,normal,1789801857.4462705,1789801857.4584398,11.929,0,11.929,violation,,read_secondary,"{""background_write_acknowledged"": true, ""reads"": [{""version"": 3, ""max_seen_before"": 2, ""violation"": false}, {""version"": 1, ""max_seen_before"": 3, ""violation"": true}]}"
20260919T071056Z_5e20386a,4,normal,1789801857.4584398,1789801857.4685633,9.953,0,9.953,pass,,read_secondary,"{""background_write_acknowledged"": true, ""reads"": [{""version"": 4, ""max_seen_before"": 3, ""violation"": false}, {""version"": 4, ""max_seen_before"": 4, ""violation"": false}]}"
20260919T071056Z_5e20386a,5,normal,1789801857.4685633,1789801857.4798827,11.299,0,11.299,pass,,read_secondary,"{""background_write_acknowledged"": true, ""reads"": [{""version"": 5, ""max_seen_before"": 4, ""violation"": false}, {""version"": 5, ""max_seen_before"": 5, ""violation"": false}]}"
20260919T071056Z_5e20386a,6,normal,1789801857.4798827,1789801857.4913836,11.387,0,11.387,pass,,read_secondary,"{""background_write_acknowledged"": true, ""reads"": [{""version"": 6, ""max_seen_before"": 5, ""violation"": false}, {""version"": 6, ""max_seen_before"": 6, ""violation"": false}]}"
20260919T071056Z_5e20386a,7,normal,1789801857.4913836,1789801857.500898,9.247,0,9.247,pass,,read_secondary,"{""background_write_acknowledged"": true, ""reads"": [{""version"": 7, ""max_seen_before"": 6, ""violation"": false}, {""version"": 7, ""max_seen_before"": 7, ""violation"": false}]}"
20260919T071056Z_5e20386a,8,normal,1789801857.500898,1789801857.5100057,8.85,0,8.85,pass,,read_secondary,"{""background_write_acknowledged"": true, ""reads"": [{""version"": 8, ""max_seen_before"": 7, ""violation"": false}, {""version"": 8, ""max_seen_before"": 8, ""violation"": false}]}"
20260919T071056Z_5e20386a,9,normal,1789801857.5100057,1789801857.5206347,10.848,0,10.848,pass,,read_secondary,"{""background_write_acknowledged"": true, ""reads"": [{""version"": 9, ""max_seen_before"": 8, ""violation"": false}, {""version"": 9, ""max_seen_before"": 9, ""violation"": false}]}"
20260919T071056Z_5e20386a,10,normal,1789801857.5206347,1789801857.5318496,10.703,0,10.703,pass,,read_secondary,"{""background_write_acknowledged"": true, ""reads"": [{""version"": 10, ""max_seen_before"": 9, ""violation"": false}, {""version"": 10, ""max_seen_before"": 10, ""violation"": false}]}"
20260919T071056Z_5e20386a,11,normal,1789801857.5318496,1789801857.542044,10.413,0,10.413,pass,,read_secondary,"{""background_write_acknowledged"": true, ""reads"": [{""version"": 11, ""max_seen_before"": 10, ""violation"": false}, {""version"": 11, ""max_seen_before"": 11, ""violation"": false}]}"
20260919T071056Z_5e20386a,12,normal,1789801857.542044,1789801857.5519912,9.675,0,9.675,pass,,read_secondary,"{""background_write_acknowledged"": true, ""reads"": [{""version"": 12, ""max_seen_before"": 11, ""violation"": false}, {""version"": 12, ""max_seen_before"": 12, ""violation"": false}]}"
20260919T071056Z_5e20386a,13,normal,1789801857.5519912,1789801857.563103,11.369,0,11.369,pass,,read_secondary,"{""background_write_acknowledged"": true, ""reads"": [{""version"": 13, ""max_seen_before"": 12, ""violation"": false}, {""version"": 13, ""max_seen_before"": 13, ""violation"": false}]}"
20260919T071056Z_5e20386a,14,normal,1789801857.5637114,1789801857.5742226,10.938,0,10.938,pass,,read_secondary,"{""background_write_acknowledged"": true, ""reads"": [{""version"": 14, ""max_seen_before"": 13, ""violation"": false}, {""version"": 14, ""max_seen_before"": 14, ""violation"": false}]}"
20260919T071056Z_5e20386a,15,normal,1789801857.5748813,1789801857.5849802,10.169,0,10.169,pass,,read_secondary,"{""background_write_acknowledged"": true, ""reads"": [{""version"": 15, ""max_seen_before"": 14, ""violation"": false}, {""version"": 15, ""max_seen_before"": 15, ""violation"": false}]}"
20260919T071056Z_5e20386a,16,normal,1789801857.5849802,1789801857.5950437,10.023,0,10.023,pass,,read_secondary,"{""background_write_acknowledged"": true, ""reads"": [{""version"": 16, ""max_seen_before"": 15, ""violation"": false}, {""version"": 16, ""max_seen_before"": 16, ""violation"": false}]}"
20260919T071056Z_5e20386a,17,normal,1789801857.5950437,1789801857.6048446,9.518,0,9.518,pass,,read_secondary,"{""background_write_acknowledged"": true, ""reads"": [{""version"": 17, ""max_seen_before"": 16, ""violation"": false}, {""version"": 17, ""max_seen_before"": 17, ""violation"": false}]}"
20260919T071056Z_5e20386a,18,normal,1789801857.6048446,1789801857.6153088,10.606,0,10.606,pass,,read_secondary,"{""background_write_acknowledged"": true, ""reads"": [{""version"": 18, ""max_seen_before"": 17, ""violation"": false}, {""version"": 18, ""max_seen_before"": 18, ""violation"": false}]}"
20260919T071056Z_5e20386a,19,normal,1789801857.6153088,1789801857.6259835,10.694,0,10.694,pass,,read_secondary,"{""background_write_acknowledged"": true, ""reads"": [{""version"": 19, ""max_seen_before"": 18, ""violation"": false}, {""version"": 19, ""max_seen_before"": 19, ""violation"": false}]}"
20260919T071056Z_5e20386a,20,normal,1789801857.6259835,1789801857.6377254,11.501,0,11.501,pass,,read_secondary,"{""background_write_acknowledged"": true, ""reads"": [{""version"": 20, ""max_seen_before"": 19, ""violation"": false}, {""version"": 20, ""max_seen_before"": 20, ""violation"": false}]}"
20260919T071056Z_5e20386a,21,normal,1789801857.6377254,1789801857.6480887,10.36,0,10.36,pass,,read_secondary,"{""background_write_acknowledged"": true, ""reads"": [{""version"": 21, ""max_seen_before"": 20, ""violation"": false}, {""version"": 21, ""max_seen_before"": 21, ""violation"": false}]}"
20260919T071056Z_5e20386a,22,normal,1789801857.6480887,1789801857.6578155,9.706,0,9.706,pass,,read_secondary,"{""background_write_acknowledged"": true, ""reads"": [{""version"": 22, ""max_seen_before"": 21, ""violation"": false}, {""version"": 22, ""max_seen_before"": 22, ""violation"": false}]}"
20260919T071056Z_5e20386a,23,normal,1789801857.6578155,1789801857.6665561,8.732,0,8.732,pass,,read_secondary,"{""background_write_acknowledged"": true, ""reads"": [{""version"": 23, ""max_seen_before"": 22, ""violation"": false}, {""version"": 23, ""max_seen_before"": 23, ""violation"": false}]}"
20260919T071056Z_5e20386a,24,normal,1789801857.6671789,1789801857.676274,9.206,0,9.206,pass,,read_secondary,"{""background_write_acknowledged"": true, ""reads"": [{""version"": 24, ""max_seen_before"": 23, ""violation"": false}, {""version"": 24, ""max_seen_before"": 24, ""violation"": false}]}"
20260919T071056Z_5e20386a,25,normal,1789801857.676274,1789801857.685614,9.123,0,9.123,pass,,read_secondary,"{""background_write_acknowledged"": true, ""reads"": [{""version"": 25, ""max_seen_before"": 24, ""violation"": false}, {""version"": 25, ""max_seen_before"": 25, ""violation"": false}]}"
20260919T071056Z_5e20386a,26,normal,1789801857.685614,1789801857.697348,11.97,0,11.97,pass,,read_secondary,"{""background_write_acknowledged"": true, ""reads"": [{""version"": 26, ""max_seen_before"": 25, ""violation"": false}, {""version"": 26, ""max_seen_before"": 26, ""violation"": false}]}"
20260919T071056Z_5e20386a,27,normal,1789801857.697348,1789801857.7114778,14.056,0,14.056,pass,,read_secondary,"{""background_write_acknowledged"": true, ""reads"": [{""version"": 27, ""max_seen_before"": 26, ""violation"": false}, {""version"": 27, ""max_seen_before"": 27, ""violation"": false}]}"
20260919T071056Z_5e20386a,28,normal,1789801857.7114778,1789801857.7225425,10.91,0,10.91,pass,,read_secondary,"{""background_write_acknowledged"": true, ""reads"": [{""version"": 28, ""max_seen_before"": 27, ""violation"": false}, {""version"": 28, ""max_seen_before"": 28, ""violation"": false}]}"
20260919T071056Z_5e20386a,29,normal,1789801857.7231593,1789801857.7327666,9.802,0,9.802,pass,,read_secondary,"{""background_write_acknowledged"": true, ""reads"": [{""version"": 29, ""max_seen_before"": 28, ""violation"": false}, {""version"": 29, ""max_seen_before"": 29, ""violation"": false}]}"
20260919T071056Z_5e20386a,30,normal,1789801857.7327666,1789801857.7420661,9.145,0,9.145,pass,,read_secondary,"{""background_write_acknowledged"": true, ""reads"": [{""version"": 30, ""max_seen_before"": 29, ""violation"": false}, {""version"": 30, ""max_seen_before"": 30, ""violation"": false}]}"
20260919T071056Z_5e20386a,31,normal,1789801857.7420661,1789801857.7507763,8.973,0,8.973,pass,,read_secondary,"{""background_write_acknowledged"": true, ""reads"": [{""version"": 31, ""max_seen_before"": 30, ""violation"": false}, {""version"": 31, ""max_seen_before"": 31, ""violation"": false}]}"
20260919T071056Z_5e20386a,32,normal,1789801857.7513845,1789801857.7610657,9.829,0,9.829,pass,,read_secondary,"{""background_write_acknowledged"": true, ""reads"": [{""version"": 32, ""max_seen_before"": 31, ""violation"": false}, {""version"": 32, ""max_seen_before"": 32, ""violation"": false}]}"
20260919T071056Z_5e20386a,33,normal,1789801857.7610657,1789801857.770641,9.917,0,9.917,pass,,read_secondary,"{""background_write_acknowledged"": true, ""reads"": [{""version"": 33, ""max_seen_before"": 32, ""violation"": false}, {""version"": 33, ""max_seen_before"": 33, ""violation"": false}]}"
20260919T071056Z_5e20386a,34,normal,1789801857.771288,1789801857.7814083,10.014,0,10.014,pass,,read_secondary,"{""background_write_acknowledged"": true, ""reads"": [{""version"": 34, ""max_seen_before"": 33, ""violation"": false}, {""version"": 34, ""max_seen_before"": 34, ""violation"": false}]}"
20260919T071056Z_5e20386a,35,normal,1789801857.7814083,1789801857.7903252,8.843,0,8.843,pass,,read_secondary,"{""background_write_acknowledged"": true, ""reads"": [{""version"": 35, ""max_seen_before"": 34, ""violation"": false}, {""version"": 35, ""max_seen_before"": 35, ""violation"": false}]}"
20260919T071056Z_5e20386a,36,normal,1789801857.7903252,1789801857.7991629,9.01,0,9.01,pass,,read_secondary,"{""background_write_acknowledged"": true, ""reads"": [{""version"": 36, ""max_seen_before"": 35, ""violation"": false}, {""version"": 36, ""max_seen_before"": 36, ""violation"": false}]}"
20260919T071056Z_5e20386a,37,normal,1789801857.7991629,1789801857.808734,9.152,0,9.152,pass,,read_secondary,"{""background_write_acknowledged"": true, ""reads"": [{""version"": 37, ""max_seen_before"": 36, ""violation"": false}, {""version"": 37, ""max_seen_before"": 37, ""violation"": false}]}"
20260919T071056Z_5e20386a,38,normal,1789801857.808734,1789801857.8176563,9.165,0,9.165,pass,,read_secondary,"{""background_write_acknowledged"": true, ""reads"": [{""version"": 38, ""max_seen_before"": 37, ""violation"": false}, {""version"": 38, ""max_seen_before"": 38, ""violation"": false}]}"
20260919T071056Z_5e20386a,39,normal,1789801857.8182049,1789801857.8273134,9.286,0,9.286,pass,,read_secondary,"{""background_write_acknowledged"": true, ""reads"": [{""version"": 39, ""max_seen_before"": 38, ""violation"": false}, {""version"": 39, ""max_seen_before"": 39, ""violation"": false}]}"
20260919T071056Z_5e20386a,40,normal,1789801857.8273134,1789801857.8366292,9.261,0,9.261,pass,,read_secondary,"{""background_write_acknowledged"": true, ""reads"": [{""version"": 40, ""max_seen_before"": 39, ""violation"": false}, {""version"": 40, ""max_seen_before"": 40, ""violation"": false}]}"
20260919T071056Z_5e20386a,41,normal,1789801857.8366292,1789801857.846651,10.075,0,10.075,pass,,read_secondary,"{""background_write_acknowledged"": true, ""reads"": [{""version"": 41, ""max_seen_before"": 40, ""violation"": false}, {""version"": 41, ""max_seen_before"": 41, ""violation"": false}]}"
20260919T071056Z_5e20386a,42,normal,1789801857.846651,1789801857.8596776,13.044,0,13.044,pass,,read_secondary,"{""background_write_acknowledged"": true, ""reads"": [{""version"": 42, ""max_seen_before"": 41, ""violation"": false}, {""version"": 42, ""max_seen_before"": 42, ""violation"": false}]}"
20260919T071056Z_5e20386a,43,normal,1789801857.8603153,1789801857.871719,11.527,0,11.527,pass,,read_secondary,"{""background_write_acknowledged"": true, ""reads"": [{""version"": 43, ""max_seen_before"": 42, ""violation"": false}, {""version"": 43, ""max_seen_before"": 43, ""violation"": false}]}"
20260919T071056Z_5e20386a,44,normal,1789801857.871719,1789801857.8809674,9.396,0,9.396,pass,,read_secondary,"{""background_write_acknowledged"": true, ""reads"": [{""version"": 44, ""max_seen_before"": 43, ""violation"": false}, {""version"": 44, ""max_seen_before"": 44, ""violation"": false}]}"
20260919T071056Z_5e20386a,45,normal,1789801857.8815286,1789801857.8905637,9.193,0,9.193,pass,,read_secondary,"{""background_write_acknowledged"": true, ""reads"": [{""version"": 45, ""max_seen_before"": 44, ""violation"": false}, {""version"": 45, ""max_seen_before"": 45, ""violation"": false}]}"
20260919T071056Z_5e20386a,46,normal,1789801857.8905637,1789801857.899559,9.183,0,9.183,pass,,read_secondary,"{""background_write_acknowledged"": true, ""reads"": [{""version"": 46, ""max_seen_before"": 45, ""violation"": false}, {""version"": 46, ""max_seen_before"": 46, ""violation"": false}]}"
20260919T071056Z_5e20386a,47,normal,1789801857.9000924,1789801857.9084473,8.762,0,8.762,pass,,read_secondary,"{""background_write_acknowledged"": true, ""reads"": [{""version"": 47, ""max_seen_before"": 46, ""violation"": false}, {""version"": 47, ""max_seen_before"": 47, ""violation"": false}]}"
20260919T071056Z_5e20386a,48,normal,1789801857.9084473,1789801857.9177127,9.199,0,9.199,pass,,read_secondary,"{""background_write_acknowledged"": true, ""reads"": [{""version"": 48, ""max_seen_before"": 47, ""violation"": false}, {""version"": 48, ""max_seen_before"": 48, ""violation"": false}]}"
20260919T071056Z_5e20386a,49,normal,1789801857.9183197,1789801857.9271088,9.207,0,9.207,pass,,read_secondary,"{""background_write_acknowledged"": true, ""reads"": [{""version"": 49, ""max_seen_before"": 48, ""violation"": false}, {""version"": 49, ""max_seen_before"": 49, ""violation"": false}]}"
20260919T071056Z_5e20386a,50,normal,1789801857.9271088,1789801857.9365783,9.508,0,9.508,pass,,read_secondary,"{""background_write_acknowledged"": true, ""reads"": [{""version"": 50, ""max_seen_before"": 49, ""violation"": false}, {""version"": 50, ""max_seen_before"": 50, ""violation"": false}]}"
20260919T071056Z_5e20386a,51,normal,1789801857.9371934,1789801857.9468188,9.575,0,9.575,pass,,read_secondary,"{""background_write_acknowledged"": true, ""reads"": [{""version"": 51, ""max_seen_before"": 50, ""violation"": false}, {""version"": 51, ""max_seen_before"": 51, ""violation"": false}]}"
20260919T071056Z_5e20386a,52,normal,1789801857.9468188,1789801857.955659,9.016,0,9.016,pass,,read_secondary,"{""background_write_acknowledged"": true, ""reads"": [{""version"": 52, ""max_seen_before"": 51, ""violation"": false}, {""version"": 52, ""max_seen_before"": 52, ""violation"": false}]}"
20260919T071056Z_5e20386a,53,normal,1789801857.955659,1789801857.9660263,10.153,0,10.153,pass,,read_secondary,"{""background_write_acknowledged"": true, ""reads"": [{""version"": 53, ""max_seen_before"": 52, ""violation"": false}, {""version"": 53, ""max_seen_before"": 53, ""violation"": false}]}"
20260919T071056Z_5e20386a,54,normal,1789801857.9660263,1789801857.976985,10.792,0,10.792,pass,,read_secondary,"{""background_write_acknowledged"": true, ""reads"": [{""version"": 54, ""max_seen_before"": 53, ""violation"": false}, {""version"": 54, ""max_seen_before"": 54, ""violation"": false}]}"
20260919T071056Z_5e20386a,55,normal,1789801857.976985,1789801857.9876208,10.364,0,10.364,pass,,read_secondary,"{""background_write_acknowledged"": true, ""reads"": [{""version"": 55, ""max_seen_before"": 54, ""violation"": false}, {""version"": 55, ""max_seen_before"": 55, ""violation"": false}]}"
20260919T071056Z_5e20386a,56,normal,1789801857.9876208,1789801857.9978,10.254,0,10.254,pass,,read_secondary,"{""background_write_acknowledged"": true, ""reads"": [{""version"": 56, ""max_seen_before"": 55, ""violation"": false}, {""version"": 56, ""max_seen_before"": 56, ""violation"": false}]}"
20260919T071056Z_5e20386a,57,normal,1789801857.9978,1789801858.0075145,9.624,0,9.624,pass,,read_secondary,"{""background_write_acknowledged"": true, ""reads"": [{""version"": 57, ""max_seen_before"": 56, ""violation"": false}, {""version"": 57, ""max_seen_before"": 57, ""violation"": false}]}"
20260919T071056Z_5e20386a,58,normal,1789801858.0075145,1789801858.0177038,9.719,0,9.719,pass,,read_secondary,"{""background_write_acknowledged"": true, ""reads"": [{""version"": 58, ""max_seen_before"": 57, ""violation"": false}, {""version"": 58, ""max_seen_before"": 58, ""violation"": false}]}"
20260919T071056Z_5e20386a,59,normal,1789801858.0177038,1789801858.0274408,10.178,0,10.178,pass,,read_secondary,"{""background_write_acknowledged"": true, ""reads"": [{""version"": 59, ""max_seen_before"": 58, ""violation"": false}, {""version"": 59, ""max_seen_before"": 59, ""violation"": false}]}"
20260919T071056Z_5e20386a,60,normal,1789801858.0280442,1789801858.0378404,9.701,0,9.701,pass,,read_secondary,"{""background_write_acknowledged"": true, ""reads"": [{""version"": 60, ""max_seen_before"": 59, ""violation"": false}, {""version"": 60, ""max_seen_before"": 60, ""violation"": false}]}"
20260919T071056Z_5e20386a,61,normal,1789801858.0378404,1789801858.0488663,11.25,0,11.25,pass,,read_secondary,"{""background_write_acknowledged"": true, ""reads"": [{""version"": 61, ""max_seen_before"": 60, ""violation"": false}, {""version"": 61, ""max_seen_before"": 61, ""violation"": false}]}"
20260919T071056Z_5e20386a,62,normal,1789801858.0488663,1789801858.0597875,10.843,0,10.843,pass,,read_secondary,"{""background_write_acknowledged"": true, ""reads"": [{""version"": 62, ""max_seen_before"": 61, ""violation"": false}, {""version"": 62, ""max_seen_before"": 62, ""violation"": false}]}"
20260919T071056Z_5e20386a,63,normal,1789801858.0597875,1789801858.0717409,11.953,0,11.953,pass,,read_secondary,"{""background_write_acknowledged"": true, ""reads"": [{""version"": 63, ""max_seen_before"": 62, ""violation"": false}, {""version"": 63, ""max_seen_before"": 63, ""violation"": false}]}"
20260919T071056Z_5e20386a,64,normal,1789801858.072357,1789801858.0817337,9.856,0,9.856,pass,,read_secondary,"{""background_write_acknowledged"": true, ""reads"": [{""version"": 64, ""max_seen_before"": 63, ""violation"": false}, {""version"": 64, ""max_seen_before"": 64, ""violation"": false}]}"
20260919T071056Z_5e20386a,65,normal,1789801858.0823414,1789801858.0925825,10.533,0,10.533,pass,,read_secondary,"{""background_write_acknowledged"": true, ""reads"": [{""version"": 65, ""max_seen_before"": 64, ""violation"": false}, {""version"": 65, ""max_seen_before"": 65, ""violation"": false}]}"
20260919T071056Z_5e20386a,66,normal,1789801858.0925825,1789801858.1020827,9.522,0,9.522,pass,,read_secondary,"{""background_write_acknowledged"": true, ""reads"": [{""version"": 66, ""max_seen_before"": 65, ""violation"": false}, {""version"": 66, ""max_seen_before"": 66, ""violation"": false}]}"
20260919T071056Z_5e20386a,67,normal,1789801858.1026819,1789801858.1115856,9.352,0,9.352,pass,,read_secondary,"{""background_write_acknowledged"": true, ""reads"": [{""version"": 67, ""max_seen_before"": 66, ""violation"": false}, {""version"": 67, ""max_seen_before"": 67, ""violation"": false}]}"
20260919T071056Z_5e20386a,68,normal,1789801858.1115856,1789801858.1213136,9.274,0,9.274,pass,,read_secondary,"{""background_write_acknowledged"": true, ""reads"": [{""version"": 68, ""max_seen_before"": 67, ""violation"": false}, {""version"": 68, ""max_seen_before"": 68, ""violation"": false}]}"
20260919T071056Z_5e20386a,69,normal,1789801858.1213136,1789801858.1306155,9.242,0,9.242,pass,,read_secondary,"{""background_write_acknowledged"": true, ""reads"": [{""version"": 69, ""max_seen_before"": 68, ""violation"": false}, {""version"": 69, ""max_seen_before"": 69, ""violation"": false}]}"
20260919T071056Z_5e20386a,70,normal,1789801858.1306155,1789801858.1397684,9.056,0,9.056,pass,,read_secondary,"{""background_write_acknowledged"": true, ""reads"": [{""version"": 70, ""max_seen_before"": 69, ""violation"": false}, {""version"": 70, ""max_seen_before"": 70, ""violation"": false}]}"
20260919T071056Z_5e20386a,71,normal,1789801858.1397684,1789801858.1510456,11.162,0,11.162,pass,,read_secondary,"{""background_write_acknowledged"": true, ""reads"": [{""version"": 71, ""max_seen_before"": 70, ""violation"": false}, {""version"": 71, ""max_seen_before"": 71, ""violation"": false}]}"
20260919T071056Z_5e20386a,72,normal,1789801858.1510456,1789801858.1613498,10.056,0,10.056,pass,,read_secondary,"{""background_write_acknowledged"": true, ""reads"": [{""version"": 72, ""max_seen_before"": 71, ""violation"": false}, {""version"": 72, ""max_seen_before"": 72, ""violation"": false}]}"
20260919T071056Z_5e20386a,73,normal,1789801858.1613498,1789801858.1714275,9.943,0,9.943,pass,,read_secondary,"{""background_write_acknowledged"": true, ""reads"": [{""version"": 73, ""max_seen_before"": 72, ""violation"": false}, {""version"": 73, ""max_seen_before"": 73, ""violation"": false}]}"
20260919T071056Z_5e20386a,74,normal,1789801858.1714275,1789801858.180725,9.566,0,9.566,pass,,read_secondary,"{""background_write_acknowledged"": true, ""reads"": [{""version"": 74, ""max_seen_before"": 73, ""violation"": false}, {""version"": 74, ""max_seen_before"": 74, ""violation"": false}]}"
20260919T071056Z_5e20386a,75,normal,1789801858.180725,1789801858.1899705,9.08,0,9.08,pass,,read_secondary,"{""background_write_acknowledged"": true, ""reads"": [{""version"": 75, ""max_seen_before"": 74, ""violation"": false}, {""version"": 75, ""max_seen_before"": 75, ""violation"": false}]}"
20260919T071056Z_5e20386a,76,normal,1789801858.190505,1789801858.201017,10.657,0,10.657,pass,,read_secondary,"{""background_write_acknowledged"": true, ""reads"": [{""version"": 76, ""max_seen_before"": 75, ""violation"": false}, {""version"": 76, ""max_seen_before"": 76, ""violation"": false}]}"
20260919T071056Z_5e20386a,77,normal,1789801858.201017,1789801858.2120252,10.926,0,10.926,pass,,read_secondary,"{""background_write_acknowledged"": true, ""reads"": [{""version"": 77, ""max_seen_before"": 76, ""violation"": false}, {""version"": 77, ""max_seen_before"": 77, ""violation"": false}]}"
20260919T071056Z_5e20386a,78,normal,1789801858.2120252,1789801858.2217824,9.537,0,9.537,pass,,read_secondary,"{""background_write_acknowledged"": true, ""reads"": [{""version"": 78, ""max_seen_before"": 77, ""violation"": false}, {""version"": 78, ""max_seen_before"": 78, ""violation"": false}]}"
20260919T071056Z_5e20386a,79,normal,1789801858.2217824,1789801858.232757,10.906,0,10.906,pass,,read_secondary,"{""background_write_acknowledged"": true, ""reads"": [{""version"": 79, ""max_seen_before"": 78, ""violation"": false}, {""version"": 79, ""max_seen_before"": 79, ""violation"": false}]}"
20260919T071056Z_5e20386a,80,normal,1789801858.232757,1789801858.2428396,10.114,0,10.114,pass,,read_secondary,"{""background_write_acknowledged"": true, ""reads"": [{""version"": 80, ""max_seen_before"": 79, ""violation"": false}, {""version"": 80, ""max_seen_before"": 80, ""violation"": false}]}"
20260919T071056Z_5e20386a,81,normal,1789801858.2428396,1789801858.2524672,9.572,0,9.572,pass,,read_secondary,"{""background_write_acknowledged"": true, ""reads"": [{""version"": 81, ""max_seen_before"": 80, ""violation"": false}, {""version"": 81, ""max_seen_before"": 81, ""violation"": false}]}"
20260919T071056Z_5e20386a,82,normal,1789801858.2530513,1789801858.2629216,10.087,0,10.087,pass,,read_secondary,"{""background_write_acknowledged"": true, ""reads"": [{""version"": 82, ""max_seen_before"": 81, ""violation"": false}, {""version"": 82, ""max_seen_before"": 82, ""violation"": false}]}"
20260919T071056Z_5e20386a,83,normal,1789801858.2629216,1789801858.2727919,9.69,0,9.69,pass,,read_secondary,"{""background_write_acknowledged"": true, ""reads"": [{""version"": 83, ""max_seen_before"": 82, ""violation"": false}, {""version"": 83, ""max_seen_before"": 83, ""violation"": false}]}"
20260919T071056Z_5e20386a,84,normal,1789801858.2727919,1789801858.2823749,9.474,0,9.474,pass,,read_secondary,"{""background_write_acknowledged"": true, ""reads"": [{""version"": 84, ""max_seen_before"": 83, ""violation"": false}, {""version"": 84, ""max_seen_before"": 84, ""violation"": false}]}"
20260919T071056Z_5e20386a,85,normal,1789801858.2823749,1789801858.2932734,10.925,0,10.925,pass,,read_secondary,"{""background_write_acknowledged"": true, ""reads"": [{""version"": 85, ""max_seen_before"": 84, ""violation"": false}, {""version"": 85, ""max_seen_before"": 85, ""violation"": false}]}"
20260919T071056Z_5e20386a,86,normal,1789801858.2932734,1789801858.3041997,10.66,0,10.66,pass,,read_secondary,"{""background_write_acknowledged"": true, ""reads"": [{""version"": 86, ""max_seen_before"": 85, ""violation"": false}, {""version"": 86, ""max_seen_before"": 86, ""violation"": false}]}"
20260919T071056Z_5e20386a,87,normal,1789801858.3041997,1789801858.3139677,9.99,0,9.99,pass,,read_secondary,"{""background_write_acknowledged"": true, ""reads"": [{""version"": 87, ""max_seen_before"": 86, ""violation"": false}, {""version"": 87, ""max_seen_before"": 87, ""violation"": false}]}"
20260919T071056Z_5e20386a,88,normal,1789801858.3139677,1789801858.3250391,10.661,0,10.661,pass,,read_secondary,"{""background_write_acknowledged"": true, ""reads"": [{""version"": 88, ""max_seen_before"": 87, ""violation"": false}, {""version"": 88, ""max_seen_before"": 88, ""violation"": false}]}"
20260919T071056Z_5e20386a,89,normal,1789801858.3250391,1789801858.3354259,10.144,0,10.144,pass,,read_secondary,"{""background_write_acknowledged"": true, ""reads"": [{""version"": 89, ""max_seen_before"": 88, ""violation"": false}, {""version"": 89, ""max_seen_before"": 89, ""violation"": false}]}"
20260919T071056Z_5e20386a,90,normal,1789801858.3354259,1789801858.3454344,10.279,0,10.279,pass,,read_secondary,"{""background_write_acknowledged"": true, ""reads"": [{""version"": 90, ""max_seen_before"": 89, ""violation"": false}, {""version"": 90, ""max_seen_before"": 90, ""violation"": false}]}"
20260919T071056Z_5e20386a,91,normal,1789801858.3460083,1789801858.3558471,10.073,0,10.073,pass,,read_secondary,"{""background_write_acknowledged"": true, ""reads"": [{""version"": 91, ""max_seen_before"": 90, ""violation"": false}, {""version"": 91, ""max_seen_before"": 91, ""violation"": false}]}"
20260919T071056Z_5e20386a,92,normal,1789801858.3561904,1789801858.3662863,10.104,0,10.104,pass,,read_secondary,"{""background_write_acknowledged"": true, ""reads"": [{""version"": 92, ""max_seen_before"": 91, ""violation"": false}, {""version"": 92, ""max_seen_before"": 92, ""violation"": false}]}"
20260919T071056Z_5e20386a,93,normal,1789801858.3662863,1789801858.3755322,9.507,0,9.507,pass,,read_secondary,"{""background_write_acknowledged"": true, ""reads"": [{""version"": 93, ""max_seen_before"": 92, ""violation"": false}, {""version"": 93, ""max_seen_before"": 93, ""violation"": false}]}"
20260919T071056Z_5e20386a,94,normal,1789801858.3755322,1789801858.3854074,9.498,0,9.498,pass,,read_secondary,"{""background_write_acknowledged"": true, ""reads"": [{""version"": 94, ""max_seen_before"": 93, ""violation"": false}, {""version"": 94, ""max_seen_before"": 94, ""violation"": false}]}"
20260919T071056Z_5e20386a,95,normal,1789801858.3854074,1789801858.3954303,9.729,0,9.729,pass,,read_secondary,"{""background_write_acknowledged"": true, ""reads"": [{""version"": 95, ""max_seen_before"": 94, ""violation"": false}, {""version"": 95, ""max_seen_before"": 95, ""violation"": false}]}"
20260919T071056Z_5e20386a,96,normal,1789801858.3954303,1789801858.4045274,9.351,0,9.351,pass,,read_secondary,"{""background_write_acknowledged"": true, ""reads"": [{""version"": 96, ""max_seen_before"": 95, ""violation"": false}, {""version"": 96, ""max_seen_before"": 96, ""violation"": false}]}"
20260919T071056Z_5e20386a,97,normal,1789801858.4045274,1789801858.4140003,9.139,0,9.139,pass,,read_secondary,"{""background_write_acknowledged"": true, ""reads"": [{""version"": 97, ""max_seen_before"": 96, ""violation"": false}, {""version"": 97, ""max_seen_before"": 97, ""violation"": false}]}"
20260919T071056Z_5e20386a,98,normal,1789801858.4140003,1789801858.4228802,9.068,0,9.068,pass,,read_secondary,"{""background_write_acknowledged"": true, ""reads"": [{""version"": 98, ""max_seen_before"": 97, ""violation"": false}, {""version"": 98, ""max_seen_before"": 98, ""violation"": false}]}"
20260919T071056Z_5e20386a,99,normal,1789801858.4228802,1789801858.4324074,9.25,0,9.25,pass,,read_secondary,"{""background_write_acknowledged"": true, ""reads"": [{""version"": 99, ""max_seen_before"": 98, ""violation"": false}, {""version"": 99, ""max_seen_before"": 99, ""violation"": false}]}"
20260919T071056Z_5e20386a,100,normal,1789801858.4324074,1789801858.4426935,9.98,0,9.98,pass,,read_secondary,"{""background_write_acknowledged"": true, ""reads"": [{""version"": 100, ""max_seen_before"": 99, ""violation"": false}, {""version"": 100, ""max_seen_before"": 100, ""violation"": false}]}"
20260919T071056Z_5e20386a,101,normal,1789801858.4433413,1789801858.4542892,10.592,0,10.592,pass,,read_secondary,"{""background_write_acknowledged"": true, ""reads"": [{""version"": 101, ""max_seen_before"": 100, ""violation"": false}, {""version"": 101, ""max_seen_before"": 101, ""violation"": false}]}"
20260919T071056Z_5e20386a,102,normal,1789801858.4542892,1789801858.4643805,10.16,0,10.16,pass,,read_secondary,"{""background_write_acknowledged"": true, ""reads"": [{""version"": 102, ""max_seen_before"": 101, ""violation"": false}, {""version"": 102, ""max_seen_before"": 102, ""violation"": false}]}"
20260919T071056Z_5e20386a,103,normal,1789801858.4649682,1789801858.473995,9.061,0,9.061,pass,,read_secondary,"{""background_write_acknowledged"": true, ""reads"": [{""version"": 103, ""max_seen_before"": 102, ""violation"": false}, {""version"": 103, ""max_seen_before"": 103, ""violation"": false}]}"
20260919T071056Z_5e20386a,104,normal,1789801858.473995,1789801858.4830391,9.489,0,9.489,pass,,read_secondary,"{""background_write_acknowledged"": true, ""reads"": [{""version"": 104, ""max_seen_before"": 103, ""violation"": false}, {""version"": 104, ""max_seen_before"": 104, ""violation"": false}]}"
20260919T071056Z_5e20386a,105,normal,1789801858.4836702,1789801858.4937027,10.176,0,10.176,pass,,read_secondary,"{""background_write_acknowledged"": true, ""reads"": [{""version"": 105, ""max_seen_before"": 104, ""violation"": false}, {""version"": 105, ""max_seen_before"": 105, ""violation"": false}]}"
20260919T071056Z_5e20386a,106,normal,1789801858.4937027,1789801858.5025907,8.717,0,8.717,pass,,read_secondary,"{""background_write_acknowledged"": true, ""reads"": [{""version"": 106, ""max_seen_before"": 105, ""violation"": false}, {""version"": 106, ""max_seen_before"": 106, ""violation"": false}]}"
20260919T071056Z_5e20386a,107,normal,1789801858.5025907,1789801858.5117342,9.341,0,9.341,pass,,read_secondary,"{""background_write_acknowledged"": true, ""reads"": [{""version"": 107, ""max_seen_before"": 106, ""violation"": false}, {""version"": 107, ""max_seen_before"": 107, ""violation"": false}]}"
20260919T071056Z_5e20386a,108,normal,1789801858.5117342,1789801858.5214486,9.188,0,9.188,pass,,read_secondary,"{""background_write_acknowledged"": true, ""reads"": [{""version"": 108, ""max_seen_before"": 107, ""violation"": false}, {""version"": 108, ""max_seen_before"": 108, ""violation"": false}]}"
20260919T071056Z_5e20386a,109,normal,1789801858.5214486,1789801858.5301085,8.915,0,8.915,pass,,read_secondary,"{""background_write_acknowledged"": true, ""reads"": [{""version"": 109, ""max_seen_before"": 108, ""violation"": false}, {""version"": 109, ""max_seen_before"": 109, ""violation"": false}]}"
20260919T071056Z_5e20386a,110,normal,1789801858.5301085,1789801858.539367,9.173,0,9.173,pass,,read_secondary,"{""background_write_acknowledged"": true, ""reads"": [{""version"": 110, ""max_seen_before"": 109, ""violation"": false}, {""version"": 110, ""max_seen_before"": 110, ""violation"": false}]}"
20260919T071056Z_5e20386a,111,normal,1789801858.5400245,1789801858.5499482,9.915,0,9.915,pass,,read_secondary,"{""background_write_acknowledged"": true, ""reads"": [{""version"": 111, ""max_seen_before"": 110, ""violation"": false}, {""version"": 111, ""max_seen_before"": 111, ""violation"": false}]}"
20260919T071056Z_5e20386a,112,normal,1789801858.5499482,1789801858.5588427,8.975,0,8.975,pass,,read_secondary,"{""background_write_acknowledged"": true, ""reads"": [{""version"": 112, ""max_seen_before"": 111, ""violation"": false}, {""version"": 112, ""max_seen_before"": 112, ""violation"": false}]}"
20260919T071056Z_5e20386a,113,normal,1789801858.5588427,1789801858.567643,8.773,0,8.773,pass,,read_secondary,"{""background_write_acknowledged"": true, ""reads"": [{""version"": 113, ""max_seen_before"": 112, ""violation"": false}, {""version"": 113, ""max_seen_before"": 113, ""violation"": false}]}"
20260919T071056Z_5e20386a,114,normal,1789801858.567643,1789801858.5769937,9.162,0,9.162,pass,,read_secondary,"{""background_write_acknowledged"": true, ""reads"": [{""version"": 114, ""max_seen_before"": 113, ""violation"": false}, {""version"": 114, ""max_seen_before"": 114, ""violation"": false}]}"
20260919T071056Z_5e20386a,115,normal,1789801858.5769937,1789801858.5873828,10.188,0,10.188,pass,,read_secondary,"{""background_write_acknowledged"": true, ""reads"": [{""version"": 115, ""max_seen_before"": 114, ""violation"": false}, {""version"": 115, ""max_seen_before"": 115, ""violation"": false}]}"
20260919T071056Z_5e20386a,116,normal,1789801858.5873828,1789801858.596411,8.948,0,8.948,pass,,read_secondary,"{""background_write_acknowledged"": true, ""reads"": [{""version"": 116, ""max_seen_before"": 115, ""violation"": false}, {""version"": 116, ""max_seen_before"": 116, ""violation"": false}]}"
20260919T071056Z_5e20386a,117,normal,1789801858.596411,1789801858.6051867,9.018,0,9.018,pass,,read_secondary,"{""background_write_acknowledged"": true, ""reads"": [{""version"": 117, ""max_seen_before"": 116, ""violation"": false}, {""version"": 117, ""max_seen_before"": 117, ""violation"": false}]}"
20260919T071056Z_5e20386a,118,normal,1789801858.6057453,1789801858.6144447,8.711,0,8.711,pass,,read_secondary,"{""background_write_acknowledged"": true, ""reads"": [{""version"": 118, ""max_seen_before"": 117, ""violation"": false}, {""version"": 118, ""max_seen_before"": 118, ""violation"": false}]}"
20260919T071056Z_5e20386a,119,normal,1789801858.6144447,1789801858.624178,9.833,0,9.833,pass,,read_secondary,"{""background_write_acknowledged"": true, ""reads"": [{""version"": 119, ""max_seen_before"": 118, ""violation"": false}, {""version"": 119, ""max_seen_before"": 119, ""violation"": false}]}"
20260919T071056Z_5e20386a,120,normal,1789801858.624178,1789801858.6353812,10.845,0,10.845,pass,,read_secondary,"{""background_write_acknowledged"": true, ""reads"": [{""version"": 120, ""max_seen_before"": 119, ""violation"": false}, {""version"": 120, ""max_seen_before"": 120, ""violation"": false}]}"
20260919T071056Z_5e20386a,121,normal,1789801858.6353812,1789801858.6445115,9.37,0,9.37,pass,,read_secondary,"{""background_write_acknowledged"": true, ""reads"": [{""version"": 121, ""max_seen_before"": 120, ""violation"": false}, {""version"": 121, ""max_seen_before"": 121, ""violation"": false}]}"
20260919T071056Z_5e20386a,122,normal,1789801858.6445115,1789801858.6539397,9.342,0,9.342,pass,,read_secondary,"{""background_write_acknowledged"": true, ""reads"": [{""version"": 122, ""max_seen_before"": 121, ""violation"": false}, {""version"": 122, ""max_seen_before"": 122, ""violation"": false}]}"
20260919T071056Z_5e20386a,123,normal,1789801858.6545072,1789801858.662784,8.665,0,8.665,pass,,read_secondary,"{""background_write_acknowledged"": true, ""reads"": [{""version"": 123, ""max_seen_before"": 122, ""violation"": false}, {""version"": 123, ""max_seen_before"": 123, ""violation"": false}]}"
20260919T071056Z_5e20386a,124,normal,1789801858.662784,1789801858.6733124,9.961,0,9.961,pass,,read_secondary,"{""background_write_acknowledged"": true, ""reads"": [{""version"": 124, ""max_seen_before"": 123, ""violation"": false}, {""version"": 124, ""max_seen_before"": 124, ""violation"": false}]}"
20260919T071056Z_5e20386a,125,normal,1789801858.6733124,1789801858.683143,9.73,0,9.73,pass,,read_secondary,"{""background_write_acknowledged"": true, ""reads"": [{""version"": 125, ""max_seen_before"": 124, ""violation"": false}, {""version"": 125, ""max_seen_before"": 125, ""violation"": false}]}"
20260919T071056Z_5e20386a,126,normal,1789801858.683143,1789801858.692091,8.985,0,8.985,pass,,read_secondary,"{""background_write_acknowledged"": true, ""reads"": [{""version"": 126, ""max_seen_before"": 125, ""violation"": false}, {""version"": 126, ""max_seen_before"": 126, ""violation"": false}]}"
20260919T071056Z_5e20386a,127,normal,1789801858.692091,1789801858.7012458,9.058,0,9.058,pass,,read_secondary,"{""background_write_acknowledged"": true, ""reads"": [{""version"": 127, ""max_seen_before"": 126, ""violation"": false}, {""version"": 127, ""max_seen_before"": 127, ""violation"": false}]}"
20260919T071056Z_5e20386a,128,normal,1789801858.7012458,1789801858.7108347,9.261,0,9.261,pass,,read_secondary,"{""background_write_acknowledged"": true, ""reads"": [{""version"": 128, ""max_seen_before"": 127, ""violation"": false}, {""version"": 128, ""max_seen_before"": 128, ""violation"": false}]}"
20260919T071056Z_5e20386a,129,normal,1789801858.7108347,1789801858.7202094,9.208,0,9.208,pass,,read_secondary,"{""background_write_acknowledged"": true, ""reads"": [{""version"": 129, ""max_seen_before"": 128, ""violation"": false}, {""version"": 129, ""max_seen_before"": 129, ""violation"": false}]}"
20260919T071056Z_5e20386a,130,normal,1789801858.7202094,1789801858.7286003,8.861,0,8.861,pass,,read_secondary,"{""background_write_acknowledged"": true, ""reads"": [{""version"": 130, ""max_seen_before"": 129, ""violation"": false}, {""version"": 130, ""max_seen_before"": 130, ""violation"": false}]}"
20260919T071056Z_5e20386a,131,normal,1789801858.729227,1789801858.7381787,9.131,0,9.131,pass,,read_secondary,"{""background_write_acknowledged"": true, ""reads"": [{""version"": 131, ""max_seen_before"": 130, ""violation"": false}, {""version"": 131, ""max_seen_before"": 131, ""violation"": false}]}"
20260919T071056Z_5e20386a,132,normal,1789801858.7381787,1789801858.747857,9.554,0,9.554,pass,,read_secondary,"{""background_write_acknowledged"": true, ""reads"": [{""version"": 132, ""max_seen_before"": 131, ""violation"": false}, {""version"": 132, ""max_seen_before"": 132, ""violation"": false}]}"
20260919T071056Z_5e20386a,133,normal,1789801858.747857,1789801858.7575965,9.695,0,9.695,pass,,read_secondary,"{""background_write_acknowledged"": true, ""reads"": [{""version"": 133, ""max_seen_before"": 132, ""violation"": false}, {""version"": 133, ""max_seen_before"": 133, ""violation"": false}]}"
20260919T071056Z_5e20386a,134,normal,1789801858.7575965,1789801858.766919,9.119,0,9.119,pass,,read_secondary,"{""background_write_acknowledged"": true, ""reads"": [{""version"": 134, ""max_seen_before"": 133, ""violation"": false}, {""version"": 134, ""max_seen_before"": 134, ""violation"": false}]}"
20260919T071056Z_5e20386a,135,normal,1789801858.766919,1789801858.775817,9.078,0,9.078,pass,,read_secondary,"{""background_write_acknowledged"": true, ""reads"": [{""version"": 135, ""max_seen_before"": 134, ""violation"": false}, {""version"": 135, ""max_seen_before"": 135, ""violation"": false}]}"
20260919T071056Z_5e20386a,136,normal,1789801858.775817,1789801858.7860737,10.186,0,10.186,pass,,read_secondary,"{""background_write_acknowledged"": true, ""reads"": [{""version"": 136, ""max_seen_before"": 135, ""violation"": false}, {""version"": 136, ""max_seen_before"": 136, ""violation"": false}]}"
20260919T071056Z_5e20386a,137,normal,1789801858.7866802,1789801858.7965348,10.211,0,10.211,pass,,read_secondary,"{""background_write_acknowledged"": true, ""reads"": [{""version"": 137, ""max_seen_before"": 136, ""violation"": false}, {""version"": 137, ""max_seen_before"": 137, ""violation"": false}]}"
20260919T071056Z_5e20386a,138,normal,1789801858.7965348,1789801858.8077533,11.027,0,11.027,pass,,read_secondary,"{""background_write_acknowledged"": true, ""reads"": [{""version"": 138, ""max_seen_before"": 137, ""violation"": false}, {""version"": 138, ""max_seen_before"": 138, ""violation"": false}]}"
20260919T071056Z_5e20386a,139,normal,1789801858.8077533,1789801858.820265,12.669,0,12.669,pass,,read_secondary,"{""background_write_acknowledged"": true, ""reads"": [{""version"": 139, ""max_seen_before"": 138, ""violation"": false}, {""version"": 139, ""max_seen_before"": 139, ""violation"": false}]}"
20260919T071056Z_5e20386a,140,normal,1789801858.8209336,1789801858.8322072,11.506,0,11.506,pass,,read_secondary,"{""background_write_acknowledged"": true, ""reads"": [{""version"": 140, ""max_seen_before"": 139, ""violation"": false}, {""version"": 140, ""max_seen_before"": 140, ""violation"": false}]}"
20260919T071056Z_5e20386a,141,normal,1789801858.8322072,1789801858.8427312,10.555,0,10.555,pass,,read_secondary,"{""background_write_acknowledged"": true, ""reads"": [{""version"": 141, ""max_seen_before"": 140, ""violation"": false}, {""version"": 141, ""max_seen_before"": 141, ""violation"": false}]}"
20260919T071056Z_5e20386a,142,normal,1789801858.8427312,1789801858.8541195,11.295,0,11.295,pass,,read_secondary,"{""background_write_acknowledged"": true, ""reads"": [{""version"": 142, ""max_seen_before"": 141, ""violation"": false}, {""version"": 142, ""max_seen_before"": 142, ""violation"": false}]}"
20260919T071056Z_5e20386a,143,normal,1789801858.854701,1789801858.8634124,9.046,0,9.046,pass,,read_secondary,"{""background_write_acknowledged"": true, ""reads"": [{""version"": 143, ""max_seen_before"": 142, ""violation"": false}, {""version"": 143, ""max_seen_before"": 143, ""violation"": false}]}"
20260919T071056Z_5e20386a,144,normal,1789801858.8634124,1789801858.8723369,8.833,0,8.833,pass,,read_secondary,"{""background_write_acknowledged"": true, ""reads"": [{""version"": 144, ""max_seen_before"": 143, ""violation"": false}, {""version"": 144, ""max_seen_before"": 144, ""violation"": false}]}"
20260919T071056Z_5e20386a,145,normal,1789801858.8723369,1789801858.8811095,8.828,0,8.828,pass,,read_secondary,"{""background_write_acknowledged"": true, ""reads"": [{""version"": 145, ""max_seen_before"": 144, ""violation"": false}, {""version"": 145, ""max_seen_before"": 145, ""violation"": false}]}"
20260919T071056Z_5e20386a,146,normal,1789801858.8811095,1789801858.8907044,9.606,0,9.606,pass,,read_secondary,"{""background_write_acknowledged"": true, ""reads"": [{""version"": 146, ""max_seen_before"": 145, ""violation"": false}, {""version"": 146, ""max_seen_before"": 146, ""violation"": false}]}"
20260919T071056Z_5e20386a,147,normal,1789801858.891374,1789801858.9022355,11.065,0,11.065,pass,,read_secondary,"{""background_write_acknowledged"": true, ""reads"": [{""version"": 147, ""max_seen_before"": 146, ""violation"": false}, {""version"": 147, ""max_seen_before"": 147, ""violation"": false}]}"
20260919T071056Z_5e20386a,148,normal,1789801858.9022355,1789801858.9135554,11.007,0,11.007,pass,,read_secondary,"{""background_write_acknowledged"": true, ""reads"": [{""version"": 148, ""max_seen_before"": 147, ""violation"": false}, {""version"": 148, ""max_seen_before"": 148, ""violation"": false}]}"
20260919T071056Z_5e20386a,149,normal,1789801858.9135554,1789801858.9250774,11.396,0,11.396,pass,,read_secondary,"{""background_write_acknowledged"": true, ""reads"": [{""version"": 149, ""max_seen_before"": 148, ""violation"": false}, {""version"": 149, ""max_seen_before"": 149, ""violation"": false}]}"
20260919T071056Z_5e20386a,150,normal,1789801858.9250774,1789801858.9346514,9.864,0,9.864,pass,,read_secondary,"{""background_write_acknowledged"": true, ""reads"": [{""version"": 150, ""max_seen_before"": 149, ""violation"": false}, {""version"": 150, ""max_seen_before"": 150, ""violation"": false}]}"
20260919T071056Z_5e20386a,151,normal,1789801858.9346514,1789801858.9454308,10.466,0,10.466,pass,,read_secondary,"{""background_write_acknowledged"": true, ""reads"": [{""version"": 151, ""max_seen_before"": 150, ""violation"": false}, {""version"": 151, ""max_seen_before"": 151, ""violation"": false}]}"
20260919T071056Z_5e20386a,152,normal,1789801858.9454308,1789801858.9548469,9.047,0,9.047,pass,,read_secondary,"{""background_write_acknowledged"": true, ""reads"": [{""version"": 152, ""max_seen_before"": 151, ""violation"": false}, {""version"": 152, ""max_seen_before"": 152, ""violation"": false}]}"
20260919T071056Z_5e20386a,153,normal,1789801858.9548469,1789801858.9638238,9.416,0,9.416,pass,,read_secondary,"{""background_write_acknowledged"": true, ""reads"": [{""version"": 153, ""max_seen_before"": 152, ""violation"": false}, {""version"": 153, ""max_seen_before"": 153, ""violation"": false}]}"
20260919T071056Z_5e20386a,154,normal,1789801858.9644368,1789801858.973358,9.456,0,9.456,pass,,read_secondary,"{""background_write_acknowledged"": true, ""reads"": [{""version"": 154, ""max_seen_before"": 153, ""violation"": false}, {""version"": 154, ""max_seen_before"": 154, ""violation"": false}]}"
20260919T071056Z_5e20386a,155,normal,1789801858.973358,1789801858.983156,9.395,0,9.395,pass,,read_secondary,"{""background_write_acknowledged"": true, ""reads"": [{""version"": 155, ""max_seen_before"": 154, ""violation"": false}, {""version"": 155, ""max_seen_before"": 155, ""violation"": false}]}"
20260919T071056Z_5e20386a,156,normal,1789801858.983156,1789801858.992634,9.564,0,9.564,pass,,read_secondary,"{""background_write_acknowledged"": true, ""reads"": [{""version"": 156, ""max_seen_before"": 155, ""violation"": false}, {""version"": 156, ""max_seen_before"": 156, ""violation"": false}]}"
20260919T071056Z_5e20386a,157,normal,1789801858.992634,1789801859.001855,8.794,0,8.794,pass,,read_secondary,"{""background_write_acknowledged"": true, ""reads"": [{""version"": 157, ""max_seen_before"": 156, ""violation"": false}, {""version"": 157, ""max_seen_before"": 157, ""violation"": false}]}"
20260919T071056Z_5e20386a,158,normal,1789801859.001855,1789801859.0115335,9.706,0,9.706,pass,,read_secondary,"{""background_write_acknowledged"": true, ""reads"": [{""version"": 158, ""max_seen_before"": 157, ""violation"": false}, {""version"": 158, ""max_seen_before"": 158, ""violation"": false}]}"
20260919T071056Z_5e20386a,159,normal,1789801859.0115335,1789801859.0210268,9.307,0,9.307,pass,,read_secondary,"{""background_write_acknowledged"": true, ""reads"": [{""version"": 159, ""max_seen_before"": 158, ""violation"": false}, {""version"": 159, ""max_seen_before"": 159, ""violation"": false}]}"
20260919T071056Z_5e20386a,160,normal,1789801859.0210268,1789801859.0305083,9.407,0,9.407,pass,,read_secondary,"{""background_write_acknowledged"": true, ""reads"": [{""version"": 160, ""max_seen_before"": 159, ""violation"": false}, {""version"": 160, ""max_seen_before"": 160, ""violation"": false}]}"
20260919T071056Z_5e20386a,161,normal,1789801859.0305083,1789801859.0399032,9.072,0,9.072,pass,,read_secondary,"{""background_write_acknowledged"": true, ""reads"": [{""version"": 161, ""max_seen_before"": 160, ""violation"": false}, {""version"": 161, ""max_seen_before"": 161, ""violation"": false}]}"
20260919T071056Z_5e20386a,162,normal,1789801859.0399032,1789801859.0480874,8.361,0,8.361,pass,,read_secondary,"{""background_write_acknowledged"": true, ""reads"": [{""version"": 162, ""max_seen_before"": 161, ""violation"": false}, {""version"": 162, ""max_seen_before"": 162, ""violation"": false}]}"
20260919T071056Z_5e20386a,163,normal,1789801859.0480874,1789801859.0573456,8.972,0,8.972,pass,,read_secondary,"{""background_write_acknowledged"": true, ""reads"": [{""version"": 163, ""max_seen_before"": 162, ""violation"": false}, {""version"": 163, ""max_seen_before"": 163, ""violation"": false}]}"
20260919T071056Z_5e20386a,164,normal,1789801859.0573456,1789801859.0661032,8.808,0,8.808,pass,,read_secondary,"{""background_write_acknowledged"": true, ""reads"": [{""version"": 164, ""max_seen_before"": 163, ""violation"": false}, {""version"": 164, ""max_seen_before"": 164, ""violation"": false}]}"
20260919T071056Z_5e20386a,165,normal,1789801859.0661032,1789801859.0747178,8.771,0,8.771,pass,,read_secondary,"{""background_write_acknowledged"": true, ""reads"": [{""version"": 165, ""max_seen_before"": 164, ""violation"": false}, {""version"": 165, ""max_seen_before"": 165, ""violation"": false}]}"
20260919T071056Z_5e20386a,166,normal,1789801859.075371,1789801859.0843744,9.17,0,9.17,pass,,read_secondary,"{""background_write_acknowledged"": true, ""reads"": [{""version"": 166, ""max_seen_before"": 165, ""violation"": false}, {""version"": 166, ""max_seen_before"": 166, ""violation"": false}]}"
20260919T071056Z_5e20386a,167,normal,1789801859.0843744,1789801859.0931334,8.967,0,8.967,pass,,read_secondary,"{""background_write_acknowledged"": true, ""reads"": [{""version"": 167, ""max_seen_before"": 166, ""violation"": false}, {""version"": 167, ""max_seen_before"": 167, ""violation"": false}]}"
20260919T071056Z_5e20386a,168,normal,1789801859.0937047,1789801859.1030834,9.65,0,9.65,pass,,read_secondary,"{""background_write_acknowledged"": true, ""reads"": [{""version"": 168, ""max_seen_before"": 167, ""violation"": false}, {""version"": 168, ""max_seen_before"": 168, ""violation"": false}]}"
20260919T071056Z_5e20386a,169,normal,1789801859.1030834,1789801859.1128325,9.597,0,9.597,pass,,read_secondary,"{""background_write_acknowledged"": true, ""reads"": [{""version"": 169, ""max_seen_before"": 168, ""violation"": false}, {""version"": 169, ""max_seen_before"": 169, ""violation"": false}]}"
20260919T071056Z_5e20386a,170,normal,1789801859.1128325,1789801859.1221206,9.535,0,9.535,pass,,read_secondary,"{""background_write_acknowledged"": true, ""reads"": [{""version"": 170, ""max_seen_before"": 169, ""violation"": false}, {""version"": 170, ""max_seen_before"": 170, ""violation"": false}]}"
20260919T071056Z_5e20386a,171,normal,1789801859.1227612,1789801859.1317909,8.947,0,8.947,pass,,read_secondary,"{""background_write_acknowledged"": true, ""reads"": [{""version"": 171, ""max_seen_before"": 170, ""violation"": false}, {""version"": 171, ""max_seen_before"": 171, ""violation"": false}]}"
20260919T071056Z_5e20386a,172,normal,1789801859.1317909,1789801859.1399517,8.342,0,8.342,pass,,read_secondary,"{""background_write_acknowledged"": true, ""reads"": [{""version"": 172, ""max_seen_before"": 171, ""violation"": false}, {""version"": 172, ""max_seen_before"": 172, ""violation"": false}]}"
20260919T071056Z_5e20386a,173,normal,1789801859.1399517,1789801859.1500614,9.906,0,9.906,pass,,read_secondary,"{""background_write_acknowledged"": true, ""reads"": [{""version"": 173, ""max_seen_before"": 172, ""violation"": false}, {""version"": 173, ""max_seen_before"": 173, ""violation"": false}]}"
20260919T071056Z_5e20386a,174,normal,1789801859.1500614,1789801859.1596115,9.341,0,9.341,pass,,read_secondary,"{""background_write_acknowledged"": true, ""reads"": [{""version"": 174, ""max_seen_before"": 173, ""violation"": false}, {""version"": 174, ""max_seen_before"": 174, ""violation"": false}]}"
20260919T071056Z_5e20386a,175,normal,1789801859.1596115,1789801859.1718566,12.087,0,12.087,pass,,read_secondary,"{""background_write_acknowledged"": true, ""reads"": [{""version"": 175, ""max_seen_before"": 174, ""violation"": false}, {""version"": 175, ""max_seen_before"": 175, ""violation"": false}]}"
20260919T071056Z_5e20386a,176,normal,1789801859.1718566,1789801859.1813555,9.444,0,9.444,pass,,read_secondary,"{""background_write_acknowledged"": true, ""reads"": [{""version"": 176, ""max_seen_before"": 175, ""violation"": false}, {""version"": 176, ""max_seen_before"": 176, ""violation"": false}]}"
20260919T071056Z_5e20386a,177,normal,1789801859.1813555,1789801859.1929486,11.95,0,11.95,pass,,read_secondary,"{""background_write_acknowledged"": true, ""reads"": [{""version"": 177, ""max_seen_before"": 176, ""violation"": false}, {""version"": 177, ""max_seen_before"": 177, ""violation"": false}]}"
20260919T071056Z_5e20386a,178,normal,1789801859.1935935,1789801859.2063482,13.008,0,13.008,pass,,read_secondary,"{""background_write_acknowledged"": true, ""reads"": [{""version"": 178, ""max_seen_before"": 177, ""violation"": false}, {""version"": 178, ""max_seen_before"": 178, ""violation"": false}]}"
20260919T071056Z_5e20386a,179,normal,1789801859.2063482,1789801859.218347,11.607,0,11.607,pass,,read_secondary,"{""background_write_acknowledged"": true, ""reads"": [{""version"": 179, ""max_seen_before"": 178, ""violation"": false}, {""version"": 179, ""max_seen_before"": 179, ""violation"": false}]}"
20260919T071056Z_5e20386a,180,normal,1789801859.218347,1789801859.2299533,11.327,0,11.327,pass,,read_secondary,"{""background_write_acknowledged"": true, ""reads"": [{""version"": 180, ""max_seen_before"": 179, ""violation"": false}, {""version"": 180, ""max_seen_before"": 180, ""violation"": false}]}"
20260919T071056Z_5e20386a,181,normal,1789801859.2299533,1789801859.2390704,9.543,0,9.543,pass,,read_secondary,"{""background_write_acknowledged"": true, ""reads"": [{""version"": 181, ""max_seen_before"": 180, ""violation"": false}, {""version"": 181, ""max_seen_before"": 181, ""violation"": false}]}"
20260919T071056Z_5e20386a,182,normal,1789801859.2397146,1789801859.249434,9.707,0,9.707,pass,,read_secondary,"{""background_write_acknowledged"": true, ""reads"": [{""version"": 182, ""max_seen_before"": 181, ""violation"": false}, {""version"": 182, ""max_seen_before"": 182, ""violation"": false}]}"
20260919T071056Z_5e20386a,183,normal,1789801859.249434,1789801859.2594924,9.938,0,9.938,pass,,read_secondary,"{""background_write_acknowledged"": true, ""reads"": [{""version"": 183, ""max_seen_before"": 182, ""violation"": false}, {""version"": 183, ""max_seen_before"": 183, ""violation"": false}]}"
20260919T071056Z_5e20386a,184,normal,1789801859.2594924,1789801859.2697701,10.454,0,10.454,pass,,read_secondary,"{""background_write_acknowledged"": true, ""reads"": [{""version"": 184, ""max_seen_before"": 183, ""violation"": false}, {""version"": 184, ""max_seen_before"": 184, ""violation"": false}]}"
20260919T071056Z_5e20386a,185,normal,1789801859.2697701,1789801859.2830703,13.03,0,13.03,pass,,read_secondary,"{""background_write_acknowledged"": true, ""reads"": [{""version"": 185, ""max_seen_before"": 184, ""violation"": false}, {""version"": 185, ""max_seen_before"": 185, ""violation"": false}]}"
20260919T071056Z_5e20386a,186,normal,1789801859.2830703,1789801859.2951784,11.978,0,11.978,pass,,read_secondary,"{""background_write_acknowledged"": true, ""reads"": [{""version"": 186, ""max_seen_before"": 185, ""violation"": false}, {""version"": 186, ""max_seen_before"": 186, ""violation"": false}]}"
20260919T071056Z_5e20386a,187,normal,1789801859.2951784,1789801859.3053386,10.035,0,10.035,pass,,read_secondary,"{""background_write_acknowledged"": true, ""reads"": [{""version"": 187, ""max_seen_before"": 186, ""violation"": false}, {""version"": 187, ""max_seen_before"": 187, ""violation"": false}]}"
20260919T071056Z_5e20386a,188,normal,1789801859.3053386,1789801859.3155322,10.125,0,10.125,pass,,read_secondary,"{""background_write_acknowledged"": true, ""reads"": [{""version"": 188, ""max_seen_before"": 187, ""violation"": false}, {""version"": 188, ""max_seen_before"": 188, ""violation"": false}]}"
20260919T071056Z_5e20386a,189,normal,1789801859.3155322,1789801859.3258877,10.44,0,10.44,pass,,read_secondary,"{""background_write_acknowledged"": true, ""reads"": [{""version"": 189, ""max_seen_before"": 188, ""violation"": false}, {""version"": 189, ""max_seen_before"": 189, ""violation"": false}]}"
20260919T071056Z_5e20386a,190,normal,1789801859.3264554,1789801859.3363173,10.467,0,10.467,pass,,read_secondary,"{""background_write_acknowledged"": true, ""reads"": [{""version"": 190, ""max_seen_before"": 189, ""violation"": false}, {""version"": 190, ""max_seen_before"": 190, ""violation"": false}]}"
20260919T071056Z_5e20386a,191,normal,1789801859.336957,1789801859.346203,9.564,0,9.564,pass,,read_secondary,"{""background_write_acknowledged"": true, ""reads"": [{""version"": 191, ""max_seen_before"": 190, ""violation"": false}, {""version"": 191, ""max_seen_before"": 191, ""violation"": false}]}"
20260919T071056Z_5e20386a,192,normal,1789801859.346203,1789801859.356596,10.364,0,10.364,pass,,read_secondary,"{""background_write_acknowledged"": true, ""reads"": [{""version"": 192, ""max_seen_before"": 191, ""violation"": false}, {""version"": 192, ""max_seen_before"": 192, ""violation"": false}]}"
20260919T071056Z_5e20386a,193,normal,1789801859.3571498,1789801859.3658295,8.691,0,8.691,pass,,read_secondary,"{""background_write_acknowledged"": true, ""reads"": [{""version"": 193, ""max_seen_before"": 192, ""violation"": false}, {""version"": 193, ""max_seen_before"": 193, ""violation"": false}]}"
20260919T071056Z_5e20386a,194,normal,1789801859.3658295,1789801859.3745823,8.86,0,8.86,pass,,read_secondary,"{""background_write_acknowledged"": true, ""reads"": [{""version"": 194, ""max_seen_before"": 193, ""violation"": false}, {""version"": 194, ""max_seen_before"": 194, ""violation"": false}]}"
20260919T071056Z_5e20386a,195,normal,1789801859.3745823,1789801859.3832173,8.699,0,8.699,pass,,read_secondary,"{""background_write_acknowledged"": true, ""reads"": [{""version"": 195, ""max_seen_before"": 194, ""violation"": false}, {""version"": 195, ""max_seen_before"": 195, ""violation"": false}]}"
20260919T071056Z_5e20386a,196,normal,1789801859.3832173,1789801859.3931267,9.798,0,9.798,pass,,read_secondary,"{""background_write_acknowledged"": true, ""reads"": [{""version"": 196, ""max_seen_before"": 195, ""violation"": false}, {""version"": 196, ""max_seen_before"": 196, ""violation"": false}]}"
20260919T071056Z_5e20386a,197,normal,1789801859.3931267,1789801859.4030983,9.538,0,9.538,pass,,read_secondary,"{""background_write_acknowledged"": true, ""reads"": [{""version"": 197, ""max_seen_before"": 196, ""violation"": false}, {""version"": 197, ""max_seen_before"": 197, ""violation"": false}]}"
20260919T071056Z_5e20386a,198,normal,1789801859.4030983,1789801859.413304,9.932,0,9.932,pass,,read_secondary,"{""background_write_acknowledged"": true, ""reads"": [{""version"": 198, ""max_seen_before"": 197, ""violation"": false}, {""version"": 198, ""max_seen_before"": 198, ""violation"": false}]}"
20260919T071056Z_5e20386a,199,normal,1789801859.413304,1789801859.4219732,8.77,0,8.77,pass,,read_secondary,"{""background_write_acknowledged"": true, ""reads"": [{""version"": 199, ""max_seen_before"": 198, ""violation"": false}, {""version"": 199, ""max_seen_before"": 199, ""violation"": false}]}"
20260919T071056Z_5e20386a,200,transition,1789801859.4219732,1789801860.3558838,933.586,920.466,13.12,pass,,read_secondary,"{""background_write_acknowledged"": true, ""reads"": [{""version"": 200, ""max_seen_before"": 199, ""violation"": false}, {""version"": 200, ""max_seen_before"": 200, ""violation"": false}]}"
20260919T071056Z_5e20386a,201,fault,1789801860.3571048,1789801870.3695548,10012.956,0,10012.956,error,"NetworkTimeout: mongo2:27018: timed out (configured timeouts: socketTimeoutMS: 10000.0ms, connectTimeoutMS: 5000.0ms)",first_write,"{""error_type"": ""NetworkTimeout"", ""error_code"": null}"
20260919T071056Z_5e20386a,202,fault,1789801870.3695548,1789801871.9034688,1532.777,0,1532.777,error,_OperationCancelled: operation cancelled,first_write,"{""error_type"": ""_OperationCancelled"", ""error_code"": null}"
20260919T071056Z_5e20386a,203,fault,1789801871.9034688,1789801871.9557562,52.39,0,52.39,pass,,read_secondary,"{""background_write_acknowledged"": true, ""reads"": [{""version"": 203, ""max_seen_before"": 200, ""violation"": false}, {""version"": 203, ""max_seen_before"": 203, ""violation"": false}]}"
20260919T071056Z_5e20386a,204,fault,1789801871.9557562,1789801871.964126,7.938,0,7.938,pass,,read_secondary,"{""background_write_acknowledged"": true, ""reads"": [{""version"": 204, ""max_seen_before"": 203, ""violation"": false}, {""version"": 204, ""max_seen_before"": 204, ""violation"": false}]}"
20260919T071056Z_5e20386a,205,fault,1789801871.964126,1789801871.9742603,10.1,0,10.1,pass,,read_secondary,"{""background_write_acknowledged"": true, ""reads"": [{""version"": 205, ""max_seen_before"": 204, ""violation"": false}, {""version"": 205, ""max_seen_before"": 205, ""violation"": false}]}"
20260919T071056Z_5e20386a,206,fault,1789801871.9742603,1789801871.9863346,11.777,0,11.777,pass,,read_secondary,"{""background_write_acknowledged"": true, ""reads"": [{""version"": 206, ""max_seen_before"": 205, ""violation"": false}, {""version"": 206, ""max_seen_before"": 206, ""violation"": false}]}"
20260919T071056Z_5e20386a,207,fault,1789801871.9863346,1789801871.9978683,11.897,0,11.897,pass,,read_secondary,"{""background_write_acknowledged"": true, ""reads"": [{""version"": 207, ""max_seen_before"": 206, ""violation"": false}, {""version"": 207, ""max_seen_before"": 207, ""violation"": false}]}"
20260919T071056Z_5e20386a,208,fault,1789801871.9978683,1789801872.0122628,14.274,0,14.274,pass,,read_secondary,"{""background_write_acknowledged"": true, ""reads"": [{""version"": 208, ""max_seen_before"": 207, ""violation"": false}, {""version"": 208, ""max_seen_before"": 208, ""violation"": false}]}"
20260919T071056Z_5e20386a,209,fault,1789801872.012871,1789801872.0250294,12.09,0,12.09,pass,,read_secondary,"{""background_write_acknowledged"": true, ""reads"": [{""version"": 209, ""max_seen_before"": 208, ""violation"": false}, {""version"": 209, ""max_seen_before"": 209, ""violation"": false}]}"
20260919T071056Z_5e20386a,210,fault,1789801872.0250294,1789801872.0376146,12.906,0,12.906,pass,,read_secondary,"{""background_write_acknowledged"": true, ""reads"": [{""version"": 210, ""max_seen_before"": 209, ""violation"": false}, {""version"": 210, ""max_seen_before"": 210, ""violation"": false}]}"
20260919T071056Z_5e20386a,211,fault,1789801872.0382905,1789801872.0503387,12.108,0,12.108,pass,,read_secondary,"{""background_write_acknowledged"": true, ""reads"": [{""version"": 211, ""max_seen_before"": 210, ""violation"": false}, {""version"": 211, ""max_seen_before"": 211, ""violation"": false}]}"
20260919T071056Z_5e20386a,212,fault,1789801872.0503387,1789801872.0588825,8.614,0,8.614,pass,,read_secondary,"{""background_write_acknowledged"": true, ""reads"": [{""version"": 212, ""max_seen_before"": 211, ""violation"": false}, {""version"": 212, ""max_seen_before"": 212, ""violation"": false}]}"
20260919T071056Z_5e20386a,213,fault,1789801872.0591896,1789801872.067769,8.728,0,8.728,pass,,read_secondary,"{""background_write_acknowledged"": true, ""reads"": [{""version"": 213, ""max_seen_before"": 212, ""violation"": false}, {""version"": 213, ""max_seen_before"": 213, ""violation"": false}]}"
20260919T071056Z_5e20386a,214,fault,1789801872.067769,1789801872.0758462,8.069,0,8.069,pass,,read_secondary,"{""background_write_acknowledged"": true, ""reads"": [{""version"": 214, ""max_seen_before"": 213, ""violation"": false}, {""version"": 214, ""max_seen_before"": 214, ""violation"": false}]}"
20260919T071056Z_5e20386a,215,fault,1789801872.0758462,1789801872.084506,8.394,0,8.394,pass,,read_secondary,"{""background_write_acknowledged"": true, ""reads"": [{""version"": 215, ""max_seen_before"": 214, ""violation"": false}, {""version"": 215, ""max_seen_before"": 215, ""violation"": false}]}"
20260919T071056Z_5e20386a,216,fault,1789801872.084506,1789801872.0922544,8.015,0,8.015,pass,,read_secondary,"{""background_write_acknowledged"": true, ""reads"": [{""version"": 216, ""max_seen_before"": 215, ""violation"": false}, {""version"": 216, ""max_seen_before"": 216, ""violation"": false}]}"
20260919T071056Z_5e20386a,217,fault,1789801872.0922544,1789801872.1027286,10.046,0,10.046,pass,,read_secondary,"{""background_write_acknowledged"": true, ""reads"": [{""version"": 217, ""max_seen_before"": 216, ""violation"": false}, {""version"": 217, ""max_seen_before"": 217, ""violation"": false}]}"
20260919T071056Z_5e20386a,218,fault,1789801872.1027286,1789801872.1139328,11.658,0,11.658,pass,,read_secondary,"{""background_write_acknowledged"": true, ""reads"": [{""version"": 218, ""max_seen_before"": 217, ""violation"": false}, {""version"": 218, ""max_seen_before"": 218, ""violation"": false}]}"
20260919T071056Z_5e20386a,219,fault,1789801872.114641,1789801872.122981,8.553,0,8.553,pass,,read_secondary,"{""background_write_acknowledged"": true, ""reads"": [{""version"": 219, ""max_seen_before"": 218, ""violation"": false}, {""version"": 219, ""max_seen_before"": 219, ""violation"": false}]}"
20260919T071056Z_5e20386a,220,fault,1789801872.122981,1789801872.1308138,7.866,0,7.866,pass,,read_secondary,"{""background_write_acknowledged"": true, ""reads"": [{""version"": 220, ""max_seen_before"": 219, ""violation"": false}, {""version"": 220, ""max_seen_before"": 220, ""violation"": false}]}"
20260919T071056Z_5e20386a,221,fault,1789801872.1308138,1789801872.139658,8.438,0,8.438,pass,,read_secondary,"{""background_write_acknowledged"": true, ""reads"": [{""version"": 221, ""max_seen_before"": 220, ""violation"": false}, {""version"": 221, ""max_seen_before"": 221, ""violation"": false}]}"
20260919T071056Z_5e20386a,222,fault,1789801872.139658,1789801872.147465,8.09,0,8.09,pass,,read_secondary,"{""background_write_acknowledged"": true, ""reads"": [{""version"": 222, ""max_seen_before"": 221, ""violation"": false}, {""version"": 222, ""max_seen_before"": 222, ""violation"": false}]}"
20260919T071056Z_5e20386a,223,fault,1789801872.147465,1789801872.1561933,8.209,0,8.209,pass,,read_secondary,"{""background_write_acknowledged"": true, ""reads"": [{""version"": 223, ""max_seen_before"": 222, ""violation"": false}, {""version"": 223, ""max_seen_before"": 223, ""violation"": false}]}"
20260919T071056Z_5e20386a,224,fault,1789801872.1561933,1789801872.1652598,9.172,0,9.172,pass,,read_secondary,"{""background_write_acknowledged"": true, ""reads"": [{""version"": 224, ""max_seen_before"": 223, ""violation"": false}, {""version"": 224, ""max_seen_before"": 224, ""violation"": false}]}"
20260919T071056Z_5e20386a,225,fault,1789801872.1652598,1789801872.1739304,8.533,0,8.533,pass,,read_secondary,"{""background_write_acknowledged"": true, ""reads"": [{""version"": 225, ""max_seen_before"": 224, ""violation"": false}, {""version"": 225, ""max_seen_before"": 225, ""violation"": false}]}"
20260919T071056Z_5e20386a,226,fault,1789801872.1739304,1789801872.1813493,7.747,0,7.747,pass,,read_secondary,"{""background_write_acknowledged"": true, ""reads"": [{""version"": 226, ""max_seen_before"": 225, ""violation"": false}, {""version"": 226, ""max_seen_before"": 226, ""violation"": false}]}"
20260919T071056Z_5e20386a,227,fault,1789801872.1819804,1789801872.18953,7.796,0,7.796,pass,,read_secondary,"{""background_write_acknowledged"": true, ""reads"": [{""version"": 227, ""max_seen_before"": 226, ""violation"": false}, {""version"": 227, ""max_seen_before"": 227, ""violation"": false}]}"
20260919T071056Z_5e20386a,228,fault,1789801872.18953,1789801872.197811,7.948,0,7.948,pass,,read_secondary,"{""background_write_acknowledged"": true, ""reads"": [{""version"": 228, ""max_seen_before"": 227, ""violation"": false}, {""version"": 228, ""max_seen_before"": 228, ""violation"": false}]}"
20260919T071056Z_5e20386a,229,fault,1789801872.197811,1789801872.2078297,10.335,0,10.335,pass,,read_secondary,"{""background_write_acknowledged"": true, ""reads"": [{""version"": 229, ""max_seen_before"": 228, ""violation"": false}, {""version"": 229, ""max_seen_before"": 229, ""violation"": false}]}"
20260919T071056Z_5e20386a,230,fault,1789801872.2078297,1789801872.2174995,9.359,0,9.359,pass,,read_secondary,"{""background_write_acknowledged"": true, ""reads"": [{""version"": 230, ""max_seen_before"": 229, ""violation"": false}, {""version"": 230, ""max_seen_before"": 230, ""violation"": false}]}"
20260919T071056Z_5e20386a,231,fault,1789801872.2174995,1789801872.2278612,10.049,0,10.049,pass,,read_secondary,"{""background_write_acknowledged"": true, ""reads"": [{""version"": 231, ""max_seen_before"": 230, ""violation"": false}, {""version"": 231, ""max_seen_before"": 231, ""violation"": false}]}"
20260919T071056Z_5e20386a,232,fault,1789801872.2278612,1789801872.23768,9.801,0,9.801,pass,,read_secondary,"{""background_write_acknowledged"": true, ""reads"": [{""version"": 232, ""max_seen_before"": 231, ""violation"": false}, {""version"": 232, ""max_seen_before"": 232, ""violation"": false}]}"
20260919T071056Z_5e20386a,233,fault,1789801872.23768,1789801872.2484424,10.611,0,10.611,pass,,read_secondary,"{""background_write_acknowledged"": true, ""reads"": [{""version"": 233, ""max_seen_before"": 232, ""violation"": false}, {""version"": 233, ""max_seen_before"": 233, ""violation"": false}]}"
20260919T071056Z_5e20386a,234,fault,1789801872.2484424,1789801872.2589822,10.558,0,10.558,pass,,read_secondary,"{""background_write_acknowledged"": true, ""reads"": [{""version"": 234, ""max_seen_before"": 233, ""violation"": false}, {""version"": 234, ""max_seen_before"": 234, ""violation"": false}]}"
20260919T071056Z_5e20386a,235,fault,1789801872.2589822,1789801872.269107,10.157,0,10.157,pass,,read_secondary,"{""background_write_acknowledged"": true, ""reads"": [{""version"": 235, ""max_seen_before"": 234, ""violation"": false}, {""version"": 235, ""max_seen_before"": 235, ""violation"": false}]}"
20260919T071056Z_5e20386a,236,fault,1789801872.269107,1789801872.278859,9.386,0,9.386,pass,,read_secondary,"{""background_write_acknowledged"": true, ""reads"": [{""version"": 236, ""max_seen_before"": 235, ""violation"": false}, {""version"": 236, ""max_seen_before"": 236, ""violation"": false}]}"
20260919T071056Z_5e20386a,237,fault,1789801872.278859,1789801872.2875566,8.694,0,8.694,pass,,read_secondary,"{""background_write_acknowledged"": true, ""reads"": [{""version"": 237, ""max_seen_before"": 236, ""violation"": false}, {""version"": 237, ""max_seen_before"": 237, ""violation"": false}]}"
20260919T071056Z_5e20386a,238,fault,1789801872.2875566,1789801872.2983978,10.753,0,10.753,pass,,read_secondary,"{""background_write_acknowledged"": true, ""reads"": [{""version"": 238, ""max_seen_before"": 237, ""violation"": false}, {""version"": 238, ""max_seen_before"": 238, ""violation"": false}]}"
20260919T071056Z_5e20386a,239,fault,1789801872.2983978,1789801872.3089788,10.843,0,10.843,pass,,read_secondary,"{""background_write_acknowledged"": true, ""reads"": [{""version"": 239, ""max_seen_before"": 238, ""violation"": false}, {""version"": 239, ""max_seen_before"": 239, ""violation"": false}]}"
20260919T071056Z_5e20386a,240,fault,1789801872.3089788,1789801872.3205628,11.521,0,11.521,pass,,read_secondary,"{""background_write_acknowledged"": true, ""reads"": [{""version"": 240, ""max_seen_before"": 239, ""violation"": false}, {""version"": 240, ""max_seen_before"": 240, ""violation"": false}]}"
20260919T071056Z_5e20386a,241,fault,1789801872.321087,1789801872.3322384,11.208,0,11.208,pass,,read_secondary,"{""background_write_acknowledged"": true, ""reads"": [{""version"": 241, ""max_seen_before"": 240, ""violation"": false}, {""version"": 241, ""max_seen_before"": 241, ""violation"": false}]}"
20260919T071056Z_5e20386a,242,fault,1789801872.3322384,1789801872.3433943,11.147,0,11.147,pass,,read_secondary,"{""background_write_acknowledged"": true, ""reads"": [{""version"": 242, ""max_seen_before"": 241, ""violation"": false}, {""version"": 242, ""max_seen_before"": 242, ""violation"": false}]}"
20260919T071056Z_5e20386a,243,fault,1789801872.3433943,1789801872.353793,10.077,0,10.077,pass,,read_secondary,"{""background_write_acknowledged"": true, ""reads"": [{""version"": 243, ""max_seen_before"": 242, ""violation"": false}, {""version"": 243, ""max_seen_before"": 243, ""violation"": false}]}"
20260919T071056Z_5e20386a,244,fault,1789801872.353793,1789801872.3684192,14.595,0,14.595,pass,,read_secondary,"{""background_write_acknowledged"": true, ""reads"": [{""version"": 244, ""max_seen_before"": 243, ""violation"": false}, {""version"": 244, ""max_seen_before"": 244, ""violation"": false}]}"
20260919T071056Z_5e20386a,245,fault,1789801872.3684192,1789801872.3815625,13.361,0,13.361,pass,,read_secondary,"{""background_write_acknowledged"": true, ""reads"": [{""version"": 245, ""max_seen_before"": 244, ""violation"": false}, {""version"": 245, ""max_seen_before"": 245, ""violation"": false}]}"
20260919T071056Z_5e20386a,246,fault,1789801872.3815625,1789801872.3958967,13.978,0,13.978,pass,,read_secondary,"{""background_write_acknowledged"": true, ""reads"": [{""version"": 246, ""max_seen_before"": 245, ""violation"": false}, {""version"": 246, ""max_seen_before"": 246, ""violation"": false}]}"
20260919T071056Z_5e20386a,247,fault,1789801872.3958967,1789801872.4092543,13.232,0,13.232,pass,,read_secondary,"{""background_write_acknowledged"": true, ""reads"": [{""version"": 247, ""max_seen_before"": 246, ""violation"": false}, {""version"": 247, ""max_seen_before"": 247, ""violation"": false}]}"
20260919T071056Z_5e20386a,248,fault,1789801872.4092543,1789801872.4231942,13.916,0,13.916,pass,,read_secondary,"{""background_write_acknowledged"": true, ""reads"": [{""version"": 248, ""max_seen_before"": 247, ""violation"": false}, {""version"": 248, ""max_seen_before"": 248, ""violation"": false}]}"
20260919T071056Z_5e20386a,249,fault,1789801872.4231942,1789801872.4375837,13.99,0,13.99,pass,,read_secondary,"{""background_write_acknowledged"": true, ""reads"": [{""version"": 249, ""max_seen_before"": 248, ""violation"": false}, {""version"": 249, ""max_seen_before"": 249, ""violation"": false}]}"
20260919T071056Z_5e20386a,250,fault,1789801872.4375837,1789801872.45094,13.243,0,13.243,pass,,read_secondary,"{""background_write_acknowledged"": true, ""reads"": [{""version"": 250, ""max_seen_before"": 249, ""violation"": false}, {""version"": 250, ""max_seen_before"": 250, ""violation"": false}]}"
20260919T071056Z_5e20386a,251,fault,1789801872.45094,1789801872.4624286,11.642,0,11.642,pass,,read_secondary,"{""background_write_acknowledged"": true, ""reads"": [{""version"": 251, ""max_seen_before"": 250, ""violation"": false}, {""version"": 251, ""max_seen_before"": 251, ""violation"": false}]}"
20260919T071056Z_5e20386a,252,fault,1789801872.4624286,1789801872.4745233,12.11,0,12.11,pass,,read_secondary,"{""background_write_acknowledged"": true, ""reads"": [{""version"": 252, ""max_seen_before"": 251, ""violation"": false}, {""version"": 252, ""max_seen_before"": 252, ""violation"": false}]}"
20260919T071056Z_5e20386a,253,fault,1789801872.4745233,1789801872.4860067,11.379,0,11.379,pass,,read_secondary,"{""background_write_acknowledged"": true, ""reads"": [{""version"": 253, ""max_seen_before"": 252, ""violation"": false}, {""version"": 253, ""max_seen_before"": 253, ""violation"": false}]}"
20260919T071056Z_5e20386a,254,fault,1789801872.4860067,1789801872.4975932,11.414,0,11.414,pass,,read_secondary,"{""background_write_acknowledged"": true, ""reads"": [{""version"": 254, ""max_seen_before"": 253, ""violation"": false}, {""version"": 254, ""max_seen_before"": 254, ""violation"": false}]}"
20260919T071056Z_5e20386a,255,fault,1789801872.4975932,1789801872.5105863,12.644,0,12.644,pass,,read_secondary,"{""background_write_acknowledged"": true, ""reads"": [{""version"": 255, ""max_seen_before"": 254, ""violation"": false}, {""version"": 255, ""max_seen_before"": 255, ""violation"": false}]}"
20260919T071056Z_5e20386a,256,fault,1789801872.5105863,1789801872.521675,10.958,0,10.958,pass,,read_secondary,"{""background_write_acknowledged"": true, ""reads"": [{""version"": 256, ""max_seen_before"": 255, ""violation"": false}, {""version"": 256, ""max_seen_before"": 256, ""violation"": false}]}"
20260919T071056Z_5e20386a,257,fault,1789801872.521675,1789801872.534034,12.187,0,12.187,pass,,read_secondary,"{""background_write_acknowledged"": true, ""reads"": [{""version"": 257, ""max_seen_before"": 256, ""violation"": false}, {""version"": 257, ""max_seen_before"": 257, ""violation"": false}]}"
20260919T071056Z_5e20386a,258,fault,1789801872.534034,1789801872.5449576,11.287,0,11.287,pass,,read_secondary,"{""background_write_acknowledged"": true, ""reads"": [{""version"": 258, ""max_seen_before"": 257, ""violation"": false}, {""version"": 258, ""max_seen_before"": 258, ""violation"": false}]}"
20260919T071056Z_5e20386a,259,fault,1789801872.5449576,1789801872.5565705,11.418,0,11.418,pass,,read_secondary,"{""background_write_acknowledged"": true, ""reads"": [{""version"": 259, ""max_seen_before"": 258, ""violation"": false}, {""version"": 259, ""max_seen_before"": 259, ""violation"": false}]}"
20260919T071056Z_5e20386a,260,fault,1789801872.5571322,1789801872.5676394,10.969,0,10.969,pass,,read_secondary,"{""background_write_acknowledged"": true, ""reads"": [{""version"": 260, ""max_seen_before"": 259, ""violation"": false}, {""version"": 260, ""max_seen_before"": 260, ""violation"": false}]}"
20260919T071056Z_5e20386a,261,fault,1789801872.5682497,1789801872.5787644,11.016,0,11.016,pass,,read_secondary,"{""background_write_acknowledged"": true, ""reads"": [{""version"": 261, ""max_seen_before"": 260, ""violation"": false}, {""version"": 261, ""max_seen_before"": 261, ""violation"": false}]}"
20260919T071056Z_5e20386a,262,fault,1789801872.5793383,1789801872.587809,8.643,0,8.643,pass,,read_secondary,"{""background_write_acknowledged"": true, ""reads"": [{""version"": 262, ""max_seen_before"": 261, ""violation"": false}, {""version"": 262, ""max_seen_before"": 262, ""violation"": false}]}"
20260919T071056Z_5e20386a,263,fault,1789801872.587809,1789801872.5974026,9.405,0,9.405,pass,,read_secondary,"{""background_write_acknowledged"": true, ""reads"": [{""version"": 263, ""max_seen_before"": 262, ""violation"": false}, {""version"": 263, ""max_seen_before"": 263, ""violation"": false}]}"
20260919T071056Z_5e20386a,264,fault,1789801872.5974026,1789801872.6048453,7.829,0,7.829,pass,,read_secondary,"{""background_write_acknowledged"": true, ""reads"": [{""version"": 264, ""max_seen_before"": 263, ""violation"": false}, {""version"": 264, ""max_seen_before"": 264, ""violation"": false}]}"
20260919T071056Z_5e20386a,265,fault,1789801872.6054337,1789801872.6127765,7.806,0,7.806,pass,,read_secondary,"{""background_write_acknowledged"": true, ""reads"": [{""version"": 265, ""max_seen_before"": 264, ""violation"": false}, {""version"": 265, ""max_seen_before"": 265, ""violation"": false}]}"
20260919T071056Z_5e20386a,266,fault,1789801872.6133447,1789801872.6210577,8.034,0,8.034,pass,,read_secondary,"{""background_write_acknowledged"": true, ""reads"": [{""version"": 266, ""max_seen_before"": 265, ""violation"": false}, {""version"": 266, ""max_seen_before"": 266, ""violation"": false}]}"
20260919T071056Z_5e20386a,267,fault,1789801872.6210577,1789801872.6283884,7.239,0,7.239,pass,,read_secondary,"{""background_write_acknowledged"": true, ""reads"": [{""version"": 267, ""max_seen_before"": 266, ""violation"": false}, {""version"": 267, ""max_seen_before"": 267, ""violation"": false}]}"
20260919T071056Z_5e20386a,268,fault,1789801872.6283884,1789801872.6354098,6.864,0,6.864,pass,,read_secondary,"{""background_write_acknowledged"": true, ""reads"": [{""version"": 268, ""max_seen_before"": 267, ""violation"": false}, {""version"": 268, ""max_seen_before"": 268, ""violation"": false}]}"
20260919T071056Z_5e20386a,269,fault,1789801872.6354098,1789801872.6421566,6.808,0,6.808,pass,,read_secondary,"{""background_write_acknowledged"": true, ""reads"": [{""version"": 269, ""max_seen_before"": 268, ""violation"": false}, {""version"": 269, ""max_seen_before"": 269, ""violation"": false}]}"
20260919T071056Z_5e20386a,270,fault,1789801872.6421566,1789801872.649639,7.004,0,7.004,pass,,read_secondary,"{""background_write_acknowledged"": true, ""reads"": [{""version"": 270, ""max_seen_before"": 269, ""violation"": false}, {""version"": 270, ""max_seen_before"": 270, ""violation"": false}]}"
20260919T071056Z_5e20386a,271,fault,1789801872.649639,1789801872.6563394,6.602,0,6.602,pass,,read_secondary,"{""background_write_acknowledged"": true, ""reads"": [{""version"": 271, ""max_seen_before"": 270, ""violation"": false}, {""version"": 271, ""max_seen_before"": 271, ""violation"": false}]}"
20260919T071056Z_5e20386a,272,fault,1789801872.6563394,1789801872.662641,6.638,0,6.638,pass,,read_secondary,"{""background_write_acknowledged"": true, ""reads"": [{""version"": 272, ""max_seen_before"": 271, ""violation"": false}, {""version"": 272, ""max_seen_before"": 272, ""violation"": false}]}"
20260919T071056Z_5e20386a,273,fault,1789801872.6631753,1789801872.669804,7.112,0,7.112,pass,,read_secondary,"{""background_write_acknowledged"": true, ""reads"": [{""version"": 273, ""max_seen_before"": 272, ""violation"": false}, {""version"": 273, ""max_seen_before"": 273, ""violation"": false}]}"
20260919T071056Z_5e20386a,274,fault,1789801872.6703584,1789801872.6766882,6.393,0,6.393,pass,,read_secondary,"{""background_write_acknowledged"": true, ""reads"": [{""version"": 274, ""max_seen_before"": 273, ""violation"": false}, {""version"": 274, ""max_seen_before"": 274, ""violation"": false}]}"
20260919T071056Z_5e20386a,275,fault,1789801872.6766882,1789801872.683531,6.934,0,6.934,pass,,read_secondary,"{""background_write_acknowledged"": true, ""reads"": [{""version"": 275, ""max_seen_before"": 274, ""violation"": false}, {""version"": 275, ""max_seen_before"": 275, ""violation"": false}]}"
20260919T071056Z_5e20386a,276,fault,1789801872.683531,1789801872.6908607,7.084,0,7.084,pass,,read_secondary,"{""background_write_acknowledged"": true, ""reads"": [{""version"": 276, ""max_seen_before"": 275, ""violation"": false}, {""version"": 276, ""max_seen_before"": 276, ""violation"": false}]}"
20260919T071056Z_5e20386a,277,fault,1789801872.6908607,1789801872.6971617,6.507,0,6.507,pass,,read_secondary,"{""background_write_acknowledged"": true, ""reads"": [{""version"": 277, ""max_seen_before"": 276, ""violation"": false}, {""version"": 277, ""max_seen_before"": 277, ""violation"": false}]}"
20260919T071056Z_5e20386a,278,fault,1789801872.6971617,1789801872.703898,6.739,0,6.739,pass,,read_secondary,"{""background_write_acknowledged"": true, ""reads"": [{""version"": 278, ""max_seen_before"": 277, ""violation"": false}, {""version"": 278, ""max_seen_before"": 278, ""violation"": false}]}"
20260919T071056Z_5e20386a,279,fault,1789801872.703898,1789801872.7109108,7.027,0,7.027,pass,,read_secondary,"{""background_write_acknowledged"": true, ""reads"": [{""version"": 279, ""max_seen_before"": 278, ""violation"": false}, {""version"": 279, ""max_seen_before"": 279, ""violation"": false}]}"
20260919T071056Z_5e20386a,280,fault,1789801872.7109108,1789801872.7185786,7.418,0,7.418,pass,,read_secondary,"{""background_write_acknowledged"": true, ""reads"": [{""version"": 280, ""max_seen_before"": 279, ""violation"": false}, {""version"": 280, ""max_seen_before"": 280, ""violation"": false}]}"
20260919T071056Z_5e20386a,281,fault,1789801872.7185786,1789801872.7256606,7.079,0,7.079,pass,,read_secondary,"{""background_write_acknowledged"": true, ""reads"": [{""version"": 281, ""max_seen_before"": 280, ""violation"": false}, {""version"": 281, ""max_seen_before"": 281, ""violation"": false}]}"
20260919T071056Z_5e20386a,282,fault,1789801872.7256606,1789801872.7333834,7.781,0,7.781,pass,,read_secondary,"{""background_write_acknowledged"": true, ""reads"": [{""version"": 282, ""max_seen_before"": 281, ""violation"": false}, {""version"": 282, ""max_seen_before"": 282, ""violation"": false}]}"
20260919T071056Z_5e20386a,283,fault,1789801872.7333834,1789801872.7425523,8.466,0,8.466,pass,,read_secondary,"{""background_write_acknowledged"": true, ""reads"": [{""version"": 283, ""max_seen_before"": 282, ""violation"": false}, {""version"": 283, ""max_seen_before"": 283, ""violation"": false}]}"
20260919T071056Z_5e20386a,284,fault,1789801872.7425523,1789801872.7512906,8.836,0,8.836,pass,,read_secondary,"{""background_write_acknowledged"": true, ""reads"": [{""version"": 284, ""max_seen_before"": 283, ""violation"": false}, {""version"": 284, ""max_seen_before"": 284, ""violation"": false}]}"
20260919T071056Z_5e20386a,285,fault,1789801872.7512906,1789801872.7592626,7.875,0,7.875,pass,,read_secondary,"{""background_write_acknowledged"": true, ""reads"": [{""version"": 285, ""max_seen_before"": 284, ""violation"": false}, {""version"": 285, ""max_seen_before"": 285, ""violation"": false}]}"
20260919T071056Z_5e20386a,286,fault,1789801872.7592626,1789801872.7671545,7.804,0,7.804,pass,,read_secondary,"{""background_write_acknowledged"": true, ""reads"": [{""version"": 286, ""max_seen_before"": 285, ""violation"": false}, {""version"": 286, ""max_seen_before"": 286, ""violation"": false}]}"
20260919T071056Z_5e20386a,287,fault,1789801872.7671545,1789801872.774586,7.726,0,7.726,pass,,read_secondary,"{""background_write_acknowledged"": true, ""reads"": [{""version"": 287, ""max_seen_before"": 286, ""violation"": false}, {""version"": 287, ""max_seen_before"": 287, ""violation"": false}]}"
20260919T071056Z_5e20386a,288,fault,1789801872.7752059,1789801872.7825115,7.804,0,7.804,pass,,read_secondary,"{""background_write_acknowledged"": true, ""reads"": [{""version"": 288, ""max_seen_before"": 287, ""violation"": false}, {""version"": 288, ""max_seen_before"": 288, ""violation"": false}]}"
20260919T071056Z_5e20386a,289,fault,1789801872.783061,1789801872.7902033,7.413,0,7.413,pass,,read_secondary,"{""background_write_acknowledged"": true, ""reads"": [{""version"": 289, ""max_seen_before"": 288, ""violation"": false}, {""version"": 289, ""max_seen_before"": 289, ""violation"": false}]}"
20260919T071056Z_5e20386a,290,fault,1789801872.7902033,1789801872.7980418,7.532,0,7.532,pass,,read_secondary,"{""background_write_acknowledged"": true, ""reads"": [{""version"": 290, ""max_seen_before"": 289, ""violation"": false}, {""version"": 290, ""max_seen_before"": 290, ""violation"": false}]}"
20260919T071056Z_5e20386a,291,fault,1789801872.7980418,1789801872.805699,7.667,0,7.667,pass,,read_secondary,"{""background_write_acknowledged"": true, ""reads"": [{""version"": 291, ""max_seen_before"": 290, ""violation"": false}, {""version"": 291, ""max_seen_before"": 291, ""violation"": false}]}"
20260919T071056Z_5e20386a,292,fault,1789801872.805699,1789801872.8124242,7.022,0,7.022,pass,,read_secondary,"{""background_write_acknowledged"": true, ""reads"": [{""version"": 292, ""max_seen_before"": 291, ""violation"": false}, {""version"": 292, ""max_seen_before"": 292, ""violation"": false}]}"
20260919T071056Z_5e20386a,293,fault,1789801872.8130274,1789801872.8200252,7.513,0,7.513,pass,,read_secondary,"{""background_write_acknowledged"": true, ""reads"": [{""version"": 293, ""max_seen_before"": 292, ""violation"": false}, {""version"": 293, ""max_seen_before"": 293, ""violation"": false}]}"
20260919T071056Z_5e20386a,294,fault,1789801872.8200252,1789801872.827696,7.387,0,7.387,pass,,read_secondary,"{""background_write_acknowledged"": true, ""reads"": [{""version"": 294, ""max_seen_before"": 293, ""violation"": false}, {""version"": 294, ""max_seen_before"": 294, ""violation"": false}]}"
20260919T071056Z_5e20386a,295,fault,1789801872.827696,1789801872.8366957,8.78,0,8.78,pass,,read_secondary,"{""background_write_acknowledged"": true, ""reads"": [{""version"": 295, ""max_seen_before"": 294, ""violation"": false}, {""version"": 295, ""max_seen_before"": 295, ""violation"": false}]}"
20260919T071056Z_5e20386a,296,fault,1789801872.8366957,1789801872.8457086,9.19,0,9.19,pass,,read_secondary,"{""background_write_acknowledged"": true, ""reads"": [{""version"": 296, ""max_seen_before"": 295, ""violation"": false}, {""version"": 296, ""max_seen_before"": 296, ""violation"": false}]}"
20260919T071056Z_5e20386a,297,fault,1789801872.8457086,1789801872.85515,9.056,0,9.056,pass,,read_secondary,"{""background_write_acknowledged"": true, ""reads"": [{""version"": 297, ""max_seen_before"": 296, ""violation"": false}, {""version"": 297, ""max_seen_before"": 297, ""violation"": false}]}"
20260919T071056Z_5e20386a,298,fault,1789801872.85515,1789801872.8625314,7.486,0,7.486,pass,,read_secondary,"{""background_write_acknowledged"": true, ""reads"": [{""version"": 298, ""max_seen_before"": 297, ""violation"": false}, {""version"": 298, ""max_seen_before"": 298, ""violation"": false}]}"
20260919T071056Z_5e20386a,299,fault,1789801872.8625314,1789801872.8705125,7.587,0,7.587,pass,,read_secondary,"{""background_write_acknowledged"": true, ""reads"": [{""version"": 299, ""max_seen_before"": 298, ""violation"": false}, {""version"": 299, ""max_seen_before"": 299, ""violation"": false}]}"
20260919T071056Z_5e20386a,300,fault,1789801872.8705125,1789801872.8788326,8.356,0,8.356,pass,,read_secondary,"{""background_write_acknowledged"": true, ""reads"": [{""version"": 300, ""max_seen_before"": 299, ""violation"": false}, {""version"": 300, ""max_seen_before"": 300, ""violation"": false}]}"
20260919T071056Z_5e20386a,301,fault,1789801872.8805604,1789801872.8897562,8.926,0,8.926,pass,,read_secondary,"{""background_write_acknowledged"": true, ""reads"": [{""version"": 301, ""max_seen_before"": 300, ""violation"": false}, {""version"": 301, ""max_seen_before"": 301, ""violation"": false}]}"
20260919T071056Z_5e20386a,302,fault,1789801872.8897562,1789801872.8973875,7.943,0,7.943,pass,,read_secondary,"{""background_write_acknowledged"": true, ""reads"": [{""version"": 302, ""max_seen_before"": 301, ""violation"": false}, {""version"": 302, ""max_seen_before"": 302, ""violation"": false}]}"
20260919T071056Z_5e20386a,303,fault,1789801872.8979928,1789801872.9052093,7.412,0,7.412,pass,,read_secondary,"{""background_write_acknowledged"": true, ""reads"": [{""version"": 303, ""max_seen_before"": 302, ""violation"": false}, {""version"": 303, ""max_seen_before"": 303, ""violation"": false}]}"
20260919T071056Z_5e20386a,304,fault,1789801872.9052093,1789801872.9128628,7.395,0,7.395,pass,,read_secondary,"{""background_write_acknowledged"": true, ""reads"": [{""version"": 304, ""max_seen_before"": 303, ""violation"": false}, {""version"": 304, ""max_seen_before"": 304, ""violation"": false}]}"
20260919T071056Z_5e20386a,305,fault,1789801872.9128628,1789801872.9195333,6.985,0,6.985,pass,,read_secondary,"{""background_write_acknowledged"": true, ""reads"": [{""version"": 305, ""max_seen_before"": 304, ""violation"": false}, {""version"": 305, ""max_seen_before"": 305, ""violation"": false}]}"
20260919T071056Z_5e20386a,306,fault,1789801872.9195333,1789801872.926883,6.925,0,6.925,pass,,read_secondary,"{""background_write_acknowledged"": true, ""reads"": [{""version"": 306, ""max_seen_before"": 305, ""violation"": false}, {""version"": 306, ""max_seen_before"": 306, ""violation"": false}]}"
20260919T071056Z_5e20386a,307,fault,1789801872.926883,1789801872.9338758,7.379,0,7.379,pass,,read_secondary,"{""background_write_acknowledged"": true, ""reads"": [{""version"": 307, ""max_seen_before"": 306, ""violation"": false}, {""version"": 307, ""max_seen_before"": 307, ""violation"": false}]}"
20260919T071056Z_5e20386a,308,fault,1789801872.9338758,1789801872.9422333,7.922,0,7.922,pass,,read_secondary,"{""background_write_acknowledged"": true, ""reads"": [{""version"": 308, ""max_seen_before"": 307, ""violation"": false}, {""version"": 308, ""max_seen_before"": 308, ""violation"": false}]}"
20260919T071056Z_5e20386a,309,fault,1789801872.9422333,1789801872.9509513,8.945,0,8.945,pass,,read_secondary,"{""background_write_acknowledged"": true, ""reads"": [{""version"": 309, ""max_seen_before"": 308, ""violation"": false}, {""version"": 309, ""max_seen_before"": 309, ""violation"": false}]}"
20260919T071056Z_5e20386a,310,fault,1789801872.9509513,1789801872.959774,8.736,0,8.736,pass,,read_secondary,"{""background_write_acknowledged"": true, ""reads"": [{""version"": 310, ""max_seen_before"": 309, ""violation"": false}, {""version"": 310, ""max_seen_before"": 310, ""violation"": false}]}"
20260919T071056Z_5e20386a,311,fault,1789801872.959774,1789801872.9687319,8.826,0,8.826,pass,,read_secondary,"{""background_write_acknowledged"": true, ""reads"": [{""version"": 311, ""max_seen_before"": 310, ""violation"": false}, {""version"": 311, ""max_seen_before"": 311, ""violation"": false}]}"
20260919T071056Z_5e20386a,312,fault,1789801872.9687319,1789801872.980622,11.848,0,11.848,pass,,read_secondary,"{""background_write_acknowledged"": true, ""reads"": [{""version"": 312, ""max_seen_before"": 311, ""violation"": false}, {""version"": 312, ""max_seen_before"": 312, ""violation"": false}]}"
20260919T071056Z_5e20386a,313,fault,1789801872.9811895,1789801872.9895945,9.408,0,9.408,pass,,read_secondary,"{""background_write_acknowledged"": true, ""reads"": [{""version"": 313, ""max_seen_before"": 312, ""violation"": false}, {""version"": 313, ""max_seen_before"": 313, ""violation"": false}]}"
20260919T071056Z_5e20386a,314,fault,1789801872.9895945,1789801872.9991734,8.759,0,8.759,pass,,read_secondary,"{""background_write_acknowledged"": true, ""reads"": [{""version"": 314, ""max_seen_before"": 313, ""violation"": false}, {""version"": 314, ""max_seen_before"": 314, ""violation"": false}]}"
20260919T071056Z_5e20386a,315,fault,1789801872.9991734,1789801873.0071344,8.068,0,8.068,pass,,read_secondary,"{""background_write_acknowledged"": true, ""reads"": [{""version"": 315, ""max_seen_before"": 314, ""violation"": false}, {""version"": 315, ""max_seen_before"": 315, ""violation"": false}]}"
20260919T071056Z_5e20386a,316,fault,1789801873.0076883,1789801873.0153415,7.727,0,7.727,pass,,read_secondary,"{""background_write_acknowledged"": true, ""reads"": [{""version"": 316, ""max_seen_before"": 315, ""violation"": false}, {""version"": 316, ""max_seen_before"": 316, ""violation"": false}]}"
20260919T071056Z_5e20386a,317,fault,1789801873.0153415,1789801873.025862,10.495,0,10.495,pass,,read_secondary,"{""background_write_acknowledged"": true, ""reads"": [{""version"": 317, ""max_seen_before"": 316, ""violation"": false}, {""version"": 317, ""max_seen_before"": 317, ""violation"": false}]}"
20260919T071056Z_5e20386a,318,fault,1789801873.025862,1789801873.03526,9.615,0,9.615,pass,,read_secondary,"{""background_write_acknowledged"": true, ""reads"": [{""version"": 318, ""max_seen_before"": 317, ""violation"": false}, {""version"": 318, ""max_seen_before"": 318, ""violation"": false}]}"
20260919T071056Z_5e20386a,319,fault,1789801873.035819,1789801873.0451663,9.855,0,9.855,pass,,read_secondary,"{""background_write_acknowledged"": true, ""reads"": [{""version"": 319, ""max_seen_before"": 318, ""violation"": false}, {""version"": 319, ""max_seen_before"": 319, ""violation"": false}]}"
20260919T071056Z_5e20386a,320,fault,1789801873.0451663,1789801873.0548205,9.233,0,9.233,pass,,read_secondary,"{""background_write_acknowledged"": true, ""reads"": [{""version"": 320, ""max_seen_before"": 319, ""violation"": false}, {""version"": 320, ""max_seen_before"": 320, ""violation"": false}]}"
20260919T071056Z_5e20386a,321,fault,1789801873.0548205,1789801873.0644548,9.351,0,9.351,pass,,read_secondary,"{""background_write_acknowledged"": true, ""reads"": [{""version"": 321, ""max_seen_before"": 320, ""violation"": false}, {""version"": 321, ""max_seen_before"": 321, ""violation"": false}]}"
20260919T071056Z_5e20386a,322,fault,1789801873.0644548,1789801873.0740874,9.865,0,9.865,pass,,read_secondary,"{""background_write_acknowledged"": true, ""reads"": [{""version"": 322, ""max_seen_before"": 321, ""violation"": false}, {""version"": 322, ""max_seen_before"": 322, ""violation"": false}]}"
20260919T071056Z_5e20386a,323,fault,1789801873.0740874,1789801873.084017,9.656,0,9.656,pass,,read_secondary,"{""background_write_acknowledged"": true, ""reads"": [{""version"": 323, ""max_seen_before"": 322, ""violation"": false}, {""version"": 323, ""max_seen_before"": 323, ""violation"": false}]}"
20260919T071056Z_5e20386a,324,fault,1789801873.084017,1789801873.093948,9.749,0,9.749,pass,,read_secondary,"{""background_write_acknowledged"": true, ""reads"": [{""version"": 324, ""max_seen_before"": 323, ""violation"": false}, {""version"": 324, ""max_seen_before"": 324, ""violation"": false}]}"
20260919T071056Z_5e20386a,325,fault,1789801873.093948,1789801873.1036606,9.649,0,9.649,pass,,read_secondary,"{""background_write_acknowledged"": true, ""reads"": [{""version"": 325, ""max_seen_before"": 324, ""violation"": false}, {""version"": 325, ""max_seen_before"": 325, ""violation"": false}]}"
20260919T071056Z_5e20386a,326,fault,1789801873.1036606,1789801873.112999,9.279,0,9.279,pass,,read_secondary,"{""background_write_acknowledged"": true, ""reads"": [{""version"": 326, ""max_seen_before"": 325, ""violation"": false}, {""version"": 326, ""max_seen_before"": 326, ""violation"": false}]}"
20260919T071056Z_5e20386a,327,fault,1789801873.112999,1789801873.121191,8.303,0,8.303,pass,,read_secondary,"{""background_write_acknowledged"": true, ""reads"": [{""version"": 327, ""max_seen_before"": 326, ""violation"": false}, {""version"": 327, ""max_seen_before"": 327, ""violation"": false}]}"
20260919T071056Z_5e20386a,328,fault,1789801873.121191,1789801873.1292963,8.239,0,8.239,pass,,read_secondary,"{""background_write_acknowledged"": true, ""reads"": [{""version"": 328, ""max_seen_before"": 327, ""violation"": false}, {""version"": 328, ""max_seen_before"": 328, ""violation"": false}]}"
20260919T071056Z_5e20386a,329,fault,1789801873.1292963,1789801873.1377308,8.346,0,8.346,pass,,read_secondary,"{""background_write_acknowledged"": true, ""reads"": [{""version"": 329, ""max_seen_before"": 328, ""violation"": false}, {""version"": 329, ""max_seen_before"": 329, ""violation"": false}]}"
20260919T071056Z_5e20386a,330,fault,1789801873.138344,1789801873.1471577,9.386,0,9.386,pass,,read_secondary,"{""background_write_acknowledged"": true, ""reads"": [{""version"": 330, ""max_seen_before"": 329, ""violation"": false}, {""version"": 330, ""max_seen_before"": 330, ""violation"": false}]}"
20260919T071056Z_5e20386a,331,fault,1789801873.1477864,1789801873.157254,9.528,0,9.528,pass,,read_secondary,"{""background_write_acknowledged"": true, ""reads"": [{""version"": 331, ""max_seen_before"": 330, ""violation"": false}, {""version"": 331, ""max_seen_before"": 331, ""violation"": false}]}"
20260919T071056Z_5e20386a,332,fault,1789801873.157254,1789801873.1650171,8.019,0,8.019,pass,,read_secondary,"{""background_write_acknowledged"": true, ""reads"": [{""version"": 332, ""max_seen_before"": 331, ""violation"": false}, {""version"": 332, ""max_seen_before"": 332, ""violation"": false}]}"
20260919T071056Z_5e20386a,333,fault,1789801873.1650171,1789801873.173328,9.236,0,9.236,pass,,read_secondary,"{""background_write_acknowledged"": true, ""reads"": [{""version"": 333, ""max_seen_before"": 332, ""violation"": false}, {""version"": 333, ""max_seen_before"": 333, ""violation"": false}]}"
20260919T071056Z_5e20386a,334,fault,1789801873.1747613,1789801873.1838708,9.417,0,9.417,pass,,read_secondary,"{""background_write_acknowledged"": true, ""reads"": [{""version"": 334, ""max_seen_before"": 333, ""violation"": false}, {""version"": 334, ""max_seen_before"": 334, ""violation"": false}]}"
20260919T071056Z_5e20386a,335,fault,1789801873.1844232,1789801873.1935127,9.532,0,9.532,pass,,read_secondary,"{""background_write_acknowledged"": true, ""reads"": [{""version"": 335, ""max_seen_before"": 334, ""violation"": false}, {""version"": 335, ""max_seen_before"": 335, ""violation"": false}]}"
20260919T071056Z_5e20386a,336,fault,1789801873.1935127,1789801873.2048435,11.02,0,11.02,pass,,read_secondary,"{""background_write_acknowledged"": true, ""reads"": [{""version"": 336, ""max_seen_before"": 335, ""violation"": false}, {""version"": 336, ""max_seen_before"": 336, ""violation"": false}]}"
20260919T071056Z_5e20386a,337,fault,1789801873.2048435,1789801873.2163846,11.2,0,11.2,pass,,read_secondary,"{""background_write_acknowledged"": true, ""reads"": [{""version"": 337, ""max_seen_before"": 336, ""violation"": false}, {""version"": 337, ""max_seen_before"": 337, ""violation"": false}]}"
20260919T071056Z_5e20386a,338,fault,1789801873.2163846,1789801873.225425,8.94,0,8.94,pass,,read_secondary,"{""background_write_acknowledged"": true, ""reads"": [{""version"": 338, ""max_seen_before"": 337, ""violation"": false}, {""version"": 338, ""max_seen_before"": 338, ""violation"": false}]}"
20260919T071056Z_5e20386a,339,fault,1789801873.225425,1789801873.2334294,7.928,0,7.928,pass,,read_secondary,"{""background_write_acknowledged"": true, ""reads"": [{""version"": 339, ""max_seen_before"": 338, ""violation"": false}, {""version"": 339, ""max_seen_before"": 339, ""violation"": false}]}"
20260919T071056Z_5e20386a,340,fault,1789801873.2334294,1789801873.2418764,8.765,0,8.765,pass,,read_secondary,"{""background_write_acknowledged"": true, ""reads"": [{""version"": 340, ""max_seen_before"": 339, ""violation"": false}, {""version"": 340, ""max_seen_before"": 340, ""violation"": false}]}"
20260919T071056Z_5e20386a,341,fault,1789801873.2418764,1789801873.2523296,9.943,0,9.943,pass,,read_secondary,"{""background_write_acknowledged"": true, ""reads"": [{""version"": 341, ""max_seen_before"": 340, ""violation"": false}, {""version"": 341, ""max_seen_before"": 341, ""violation"": false}]}"
20260919T071056Z_5e20386a,342,fault,1789801873.2523296,1789801873.2611034,9.162,0,9.162,pass,,read_secondary,"{""background_write_acknowledged"": true, ""reads"": [{""version"": 342, ""max_seen_before"": 341, ""violation"": false}, {""version"": 342, ""max_seen_before"": 342, ""violation"": false}]}"
20260919T071056Z_5e20386a,343,fault,1789801873.2617223,1789801873.2732506,11.879,0,11.879,pass,,read_secondary,"{""background_write_acknowledged"": true, ""reads"": [{""version"": 343, ""max_seen_before"": 342, ""violation"": false}, {""version"": 343, ""max_seen_before"": 343, ""violation"": false}]}"
20260919T071056Z_5e20386a,344,fault,1789801873.2738447,1789801873.2841728,10.548,0,10.548,pass,,read_secondary,"{""background_write_acknowledged"": true, ""reads"": [{""version"": 344, ""max_seen_before"": 343, ""violation"": false}, {""version"": 344, ""max_seen_before"": 344, ""violation"": false}]}"
20260919T071056Z_5e20386a,345,fault,1789801873.2841728,1789801873.2959325,11.709,0,11.709,pass,,read_secondary,"{""background_write_acknowledged"": true, ""reads"": [{""version"": 345, ""max_seen_before"": 344, ""violation"": false}, {""version"": 345, ""max_seen_before"": 345, ""violation"": false}]}"
20260919T071056Z_5e20386a,346,fault,1789801873.2959325,1789801873.3055012,9.694,0,9.694,pass,,read_secondary,"{""background_write_acknowledged"": true, ""reads"": [{""version"": 346, ""max_seen_before"": 345, ""violation"": false}, {""version"": 346, ""max_seen_before"": 346, ""violation"": false}]}"
20260919T071056Z_5e20386a,347,fault,1789801873.30611,1789801873.313226,7.492,0,7.492,pass,,read_secondary,"{""background_write_acknowledged"": true, ""reads"": [{""version"": 347, ""max_seen_before"": 346, ""violation"": false}, {""version"": 347, ""max_seen_before"": 347, ""violation"": false}]}"
20260919T071056Z_5e20386a,348,fault,1789801873.313226,1789801873.3204823,7.337,0,7.337,pass,,read_secondary,"{""background_write_acknowledged"": true, ""reads"": [{""version"": 348, ""max_seen_before"": 347, ""violation"": false}, {""version"": 348, ""max_seen_before"": 348, ""violation"": false}]}"
20260919T071056Z_5e20386a,349,fault,1789801873.3210564,1789801873.3275945,6.642,0,6.642,pass,,read_secondary,"{""background_write_acknowledged"": true, ""reads"": [{""version"": 349, ""max_seen_before"": 348, ""violation"": false}, {""version"": 349, ""max_seen_before"": 349, ""violation"": false}]}"
20260919T071056Z_5e20386a,350,fault,1789801873.3275945,1789801873.3348925,7.228,0,7.228,pass,,read_secondary,"{""background_write_acknowledged"": true, ""reads"": [{""version"": 350, ""max_seen_before"": 349, ""violation"": false}, {""version"": 350, ""max_seen_before"": 350, ""violation"": false}]}"
20260919T071056Z_5e20386a,351,fault,1789801873.3348925,1789801873.341915,7.027,0,7.027,pass,,read_secondary,"{""background_write_acknowledged"": true, ""reads"": [{""version"": 351, ""max_seen_before"": 350, ""violation"": false}, {""version"": 351, ""max_seen_before"": 351, ""violation"": false}]}"
20260919T071056Z_5e20386a,352,fault,1789801873.341915,1789801873.3481967,6.152,0,6.152,pass,,read_secondary,"{""background_write_acknowledged"": true, ""reads"": [{""version"": 352, ""max_seen_before"": 351, ""violation"": false}, {""version"": 352, ""max_seen_before"": 352, ""violation"": false}]}"
20260919T071056Z_5e20386a,353,fault,1789801873.3481967,1789801873.355313,7.24,0,7.24,pass,,read_secondary,"{""background_write_acknowledged"": true, ""reads"": [{""version"": 353, ""max_seen_before"": 352, ""violation"": false}, {""version"": 353, ""max_seen_before"": 353, ""violation"": false}]}"
20260919T071056Z_5e20386a,354,fault,1789801873.355313,1789801873.3621638,6.692,0,6.692,pass,,read_secondary,"{""background_write_acknowledged"": true, ""reads"": [{""version"": 354, ""max_seen_before"": 353, ""violation"": false}, {""version"": 354, ""max_seen_before"": 354, ""violation"": false}]}"
20260919T071056Z_5e20386a,355,fault,1789801873.3621638,1789801873.3714995,9.075,0,9.075,pass,,read_secondary,"{""background_write_acknowledged"": true, ""reads"": [{""version"": 355, ""max_seen_before"": 354, ""violation"": false}, {""version"": 355, ""max_seen_before"": 355, ""violation"": false}]}"
20260919T071056Z_5e20386a,356,fault,1789801873.3714995,1789801873.3824818,10.786,0,10.786,pass,,read_secondary,"{""background_write_acknowledged"": true, ""reads"": [{""version"": 356, ""max_seen_before"": 355, ""violation"": false}, {""version"": 356, ""max_seen_before"": 356, ""violation"": false}]}"
20260919T071056Z_5e20386a,357,fault,1789801873.3824818,1789801873.3922503,9.936,0,9.936,pass,,read_secondary,"{""background_write_acknowledged"": true, ""reads"": [{""version"": 357, ""max_seen_before"": 356, ""violation"": false}, {""version"": 357, ""max_seen_before"": 357, ""violation"": false}]}"
20260919T071056Z_5e20386a,358,fault,1789801873.3922503,1789801873.4009507,8.815,0,8.815,pass,,read_secondary,"{""background_write_acknowledged"": true, ""reads"": [{""version"": 358, ""max_seen_before"": 357, ""violation"": false}, {""version"": 358, ""max_seen_before"": 358, ""violation"": false}]}"
20260919T071056Z_5e20386a,359,fault,1789801873.4016252,1789801873.4123983,10.802,0,10.802,pass,,read_secondary,"{""background_write_acknowledged"": true, ""reads"": [{""version"": 359, ""max_seen_before"": 358, ""violation"": false}, {""version"": 359, ""max_seen_before"": 359, ""violation"": false}]}"
20260919T071056Z_5e20386a,360,fault,1789801873.4123983,1789801873.4200852,8.453,0,8.453,pass,,read_secondary,"{""background_write_acknowledged"": true, ""reads"": [{""version"": 360, ""max_seen_before"": 359, ""violation"": false}, {""version"": 360, ""max_seen_before"": 360, ""violation"": false}]}"
20260919T071056Z_5e20386a,361,fault,1789801873.421089,1789801873.4293027,8.215,0,8.215,pass,,read_secondary,"{""background_write_acknowledged"": true, ""reads"": [{""version"": 361, ""max_seen_before"": 360, ""violation"": false}, {""version"": 361, ""max_seen_before"": 361, ""violation"": false}]}"
20260919T071056Z_5e20386a,362,fault,1789801873.4293027,1789801873.4364214,7.713,0,7.713,pass,,read_secondary,"{""background_write_acknowledged"": true, ""reads"": [{""version"": 362, ""max_seen_before"": 361, ""violation"": false}, {""version"": 362, ""max_seen_before"": 362, ""violation"": false}]}"
20260919T071056Z_5e20386a,363,fault,1789801873.4364214,1789801873.4456003,9.002,0,9.002,pass,,read_secondary,"{""background_write_acknowledged"": true, ""reads"": [{""version"": 363, ""max_seen_before"": 362, ""violation"": false}, {""version"": 363, ""max_seen_before"": 363, ""violation"": false}]}"
20260919T071056Z_5e20386a,364,fault,1789801873.446236,1789801873.4535496,7.357,0,7.357,pass,,read_secondary,"{""background_write_acknowledged"": true, ""reads"": [{""version"": 364, ""max_seen_before"": 363, ""violation"": false}, {""version"": 364, ""max_seen_before"": 364, ""violation"": false}]}"
20260919T071056Z_5e20386a,365,fault,1789801873.4535496,1789801873.460923,7.591,0,7.591,pass,,read_secondary,"{""background_write_acknowledged"": true, ""reads"": [{""version"": 365, ""max_seen_before"": 364, ""violation"": false}, {""version"": 365, ""max_seen_before"": 365, ""violation"": false}]}"
20260919T071056Z_5e20386a,366,fault,1789801873.460923,1789801873.471505,10.582,0,10.582,pass,,read_secondary,"{""background_write_acknowledged"": true, ""reads"": [{""version"": 366, ""max_seen_before"": 365, ""violation"": false}, {""version"": 366, ""max_seen_before"": 366, ""violation"": false}]}"
20260919T071056Z_5e20386a,367,fault,1789801873.471505,1789801873.4817939,10.294,0,10.294,pass,,read_secondary,"{""background_write_acknowledged"": true, ""reads"": [{""version"": 367, ""max_seen_before"": 366, ""violation"": false}, {""version"": 367, ""max_seen_before"": 367, ""violation"": false}]}"
20260919T071056Z_5e20386a,368,fault,1789801873.4817939,1789801873.491597,9.713,0,9.713,pass,,read_secondary,"{""background_write_acknowledged"": true, ""reads"": [{""version"": 368, ""max_seen_before"": 367, ""violation"": false}, {""version"": 368, ""max_seen_before"": 368, ""violation"": false}]}"
20260919T071056Z_5e20386a,369,fault,1789801873.4921665,1789801873.5015383,9.378,0,9.378,pass,,read_secondary,"{""background_write_acknowledged"": true, ""reads"": [{""version"": 369, ""max_seen_before"": 368, ""violation"": false}, {""version"": 369, ""max_seen_before"": 369, ""violation"": false}]}"
20260919T071056Z_5e20386a,370,fault,1789801873.5015383,1789801873.509353,8.21,0,8.21,pass,,read_secondary,"{""background_write_acknowledged"": true, ""reads"": [{""version"": 370, ""max_seen_before"": 369, ""violation"": false}, {""version"": 370, ""max_seen_before"": 370, ""violation"": false}]}"
20260919T071056Z_5e20386a,371,fault,1789801873.509353,1789801873.5173054,7.392,0,7.392,pass,,read_secondary,"{""background_write_acknowledged"": true, ""reads"": [{""version"": 371, ""max_seen_before"": 370, ""violation"": false}, {""version"": 371, ""max_seen_before"": 371, ""violation"": false}]}"
20260919T071056Z_5e20386a,372,fault,1789801873.5173054,1789801873.525503,9.094,0,9.094,pass,,read_secondary,"{""background_write_acknowledged"": true, ""reads"": [{""version"": 372, ""max_seen_before"": 371, ""violation"": false}, {""version"": 372, ""max_seen_before"": 372, ""violation"": false}]}"
20260919T071056Z_5e20386a,373,fault,1789801873.525503,1789801873.5346508,8.335,0,8.335,pass,,read_secondary,"{""background_write_acknowledged"": true, ""reads"": [{""version"": 373, ""max_seen_before"": 372, ""violation"": false}, {""version"": 373, ""max_seen_before"": 373, ""violation"": false}]}"
20260919T071056Z_5e20386a,374,fault,1789801873.5346508,1789801873.5442858,9.573,0,9.573,pass,,read_secondary,"{""background_write_acknowledged"": true, ""reads"": [{""version"": 374, ""max_seen_before"": 373, ""violation"": false}, {""version"": 374, ""max_seen_before"": 374, ""violation"": false}]}"
20260919T071056Z_5e20386a,375,fault,1789801873.5442858,1789801873.5542288,9.59,0,9.59,pass,,read_secondary,"{""background_write_acknowledged"": true, ""reads"": [{""version"": 375, ""max_seen_before"": 374, ""violation"": false}, {""version"": 375, ""max_seen_before"": 375, ""violation"": false}]}"
20260919T071056Z_5e20386a,376,fault,1789801873.5542288,1789801873.5617588,7.934,0,7.934,pass,,read_secondary,"{""background_write_acknowledged"": true, ""reads"": [{""version"": 376, ""max_seen_before"": 375, ""violation"": false}, {""version"": 376, ""max_seen_before"": 376, ""violation"": false}]}"
20260919T071056Z_5e20386a,377,fault,1789801873.5617588,1789801873.570793,8.539,0,8.539,pass,,read_secondary,"{""background_write_acknowledged"": true, ""reads"": [{""version"": 377, ""max_seen_before"": 376, ""violation"": false}, {""version"": 377, ""max_seen_before"": 377, ""violation"": false}]}"
20260919T071056Z_5e20386a,378,fault,1789801873.570793,1789801873.5798995,9.511,0,9.511,pass,,read_secondary,"{""background_write_acknowledged"": true, ""reads"": [{""version"": 378, ""max_seen_before"": 377, ""violation"": false}, {""version"": 378, ""max_seen_before"": 378, ""violation"": false}]}"
20260919T071056Z_5e20386a,379,fault,1789801873.5798995,1789801873.5891085,8.547,0,8.547,pass,,read_secondary,"{""background_write_acknowledged"": true, ""reads"": [{""version"": 379, ""max_seen_before"": 378, ""violation"": false}, {""version"": 379, ""max_seen_before"": 379, ""violation"": false}]}"
20260919T071056Z_5e20386a,380,fault,1789801873.5891085,1789801873.5970733,8.054,0,8.054,pass,,read_secondary,"{""background_write_acknowledged"": true, ""reads"": [{""version"": 380, ""max_seen_before"": 379, ""violation"": false}, {""version"": 380, ""max_seen_before"": 380, ""violation"": false}]}"
20260919T071056Z_5e20386a,381,fault,1789801873.5970733,1789801873.606923,10.183,0,10.183,pass,,read_secondary,"{""background_write_acknowledged"": true, ""reads"": [{""version"": 381, ""max_seen_before"": 380, ""violation"": false}, {""version"": 381, ""max_seen_before"": 381, ""violation"": false}]}"
20260919T071056Z_5e20386a,382,fault,1789801873.6076224,1789801873.6153426,8.129,0,8.129,pass,,read_secondary,"{""background_write_acknowledged"": true, ""reads"": [{""version"": 382, ""max_seen_before"": 381, ""violation"": false}, {""version"": 382, ""max_seen_before"": 382, ""violation"": false}]}"
20260919T071056Z_5e20386a,383,fault,1789801873.6153426,1789801873.623391,8.148,0,8.148,pass,,read_secondary,"{""background_write_acknowledged"": true, ""reads"": [{""version"": 383, ""max_seen_before"": 382, ""violation"": false}, {""version"": 383, ""max_seen_before"": 383, ""violation"": false}]}"
20260919T071056Z_5e20386a,384,fault,1789801873.6240299,1789801873.6316304,8.097,0,8.097,pass,,read_secondary,"{""background_write_acknowledged"": true, ""reads"": [{""version"": 384, ""max_seen_before"": 383, ""violation"": false}, {""version"": 384, ""max_seen_before"": 384, ""violation"": false}]}"
20260919T071056Z_5e20386a,385,fault,1789801873.632232,1789801873.6398084,8.139,0,8.139,pass,,read_secondary,"{""background_write_acknowledged"": true, ""reads"": [{""version"": 385, ""max_seen_before"": 384, ""violation"": false}, {""version"": 385, ""max_seen_before"": 385, ""violation"": false}]}"
20260919T071056Z_5e20386a,386,fault,1789801873.6398084,1789801873.6493385,9.116,0,9.116,pass,,read_secondary,"{""background_write_acknowledged"": true, ""reads"": [{""version"": 386, ""max_seen_before"": 385, ""violation"": false}, {""version"": 386, ""max_seen_before"": 386, ""violation"": false}]}"
20260919T071056Z_5e20386a,387,fault,1789801873.6493385,1789801873.660943,11.431,0,11.431,pass,,read_secondary,"{""background_write_acknowledged"": true, ""reads"": [{""version"": 387, ""max_seen_before"": 386, ""violation"": false}, {""version"": 387, ""max_seen_before"": 387, ""violation"": false}]}"
20260919T071056Z_5e20386a,388,fault,1789801873.660943,1789801873.6687574,8.121,0,8.121,pass,,read_secondary,"{""background_write_acknowledged"": true, ""reads"": [{""version"": 388, ""max_seen_before"": 387, ""violation"": false}, {""version"": 388, ""max_seen_before"": 388, ""violation"": false}]}"
20260919T071056Z_5e20386a,389,fault,1789801873.6694667,1789801873.6776152,8.605,0,8.605,pass,,read_secondary,"{""background_write_acknowledged"": true, ""reads"": [{""version"": 389, ""max_seen_before"": 388, ""violation"": false}, {""version"": 389, ""max_seen_before"": 389, ""violation"": false}]}"
20260919T071056Z_5e20386a,390,fault,1789801873.6776152,1789801873.6858988,8.299,0,8.299,pass,,read_secondary,"{""background_write_acknowledged"": true, ""reads"": [{""version"": 390, ""max_seen_before"": 389, ""violation"": false}, {""version"": 390, ""max_seen_before"": 390, ""violation"": false}]}"
20260919T071056Z_5e20386a,391,fault,1789801873.6858988,1789801873.6959903,9.866,0,9.866,pass,,read_secondary,"{""background_write_acknowledged"": true, ""reads"": [{""version"": 391, ""max_seen_before"": 390, ""violation"": false}, {""version"": 391, ""max_seen_before"": 391, ""violation"": false}]}"
20260919T071056Z_5e20386a,392,fault,1789801873.6959903,1789801873.7045872,8.132,0,8.132,pass,,read_secondary,"{""background_write_acknowledged"": true, ""reads"": [{""version"": 392, ""max_seen_before"": 391, ""violation"": false}, {""version"": 392, ""max_seen_before"": 392, ""violation"": false}]}"
20260919T071056Z_5e20386a,393,fault,1789801873.7045872,1789801873.7122185,7.859,0,7.859,pass,,read_secondary,"{""background_write_acknowledged"": true, ""reads"": [{""version"": 393, ""max_seen_before"": 392, ""violation"": false}, {""version"": 393, ""max_seen_before"": 393, ""violation"": false}]}"
20260919T071056Z_5e20386a,394,fault,1789801873.7122185,1789801873.719799,7.717,0,7.717,pass,,read_secondary,"{""background_write_acknowledged"": true, ""reads"": [{""version"": 394, ""max_seen_before"": 393, ""violation"": false}, {""version"": 394, ""max_seen_before"": 394, ""violation"": false}]}"
20260919T071056Z_5e20386a,395,fault,1789801873.7204115,1789801873.730951,10.628,0,10.628,pass,,read_secondary,"{""background_write_acknowledged"": true, ""reads"": [{""version"": 395, ""max_seen_before"": 394, ""violation"": false}, {""version"": 395, ""max_seen_before"": 395, ""violation"": false}]}"
20260919T071056Z_5e20386a,396,fault,1789801873.730951,1789801873.7389216,8.315,0,8.315,pass,,read_secondary,"{""background_write_acknowledged"": true, ""reads"": [{""version"": 396, ""max_seen_before"": 395, ""violation"": false}, {""version"": 396, ""max_seen_before"": 396, ""violation"": false}]}"
20260919T071056Z_5e20386a,397,fault,1789801873.7389216,1789801873.746939,8.129,0,8.129,pass,,read_secondary,"{""background_write_acknowledged"": true, ""reads"": [{""version"": 397, ""max_seen_before"": 396, ""violation"": false}, {""version"": 397, ""max_seen_before"": 397, ""violation"": false}]}"
20260919T071056Z_5e20386a,398,fault,1789801873.746939,1789801873.7560356,8.732,0,8.732,pass,,read_secondary,"{""background_write_acknowledged"": true, ""reads"": [{""version"": 398, ""max_seen_before"": 397, ""violation"": false}, {""version"": 398, ""max_seen_before"": 398, ""violation"": false}]}"
20260919T071056Z_5e20386a,399,fault,1789801873.7565675,1789801873.7641175,7.984,0,7.984,pass,,read_secondary,"{""background_write_acknowledged"": true, ""reads"": [{""version"": 399, ""max_seen_before"": 398, ""violation"": false}, {""version"": 399, ""max_seen_before"": 399, ""violation"": false}]}"
20260919T071056Z_5e20386a,400,fault,1789801873.7641175,1789801873.7738593,9.229,0,9.229,pass,,read_secondary,"{""background_write_acknowledged"": true, ""reads"": [{""version"": 400, ""max_seen_before"": 399, ""violation"": false}, {""version"": 400, ""max_seen_before"": 400, ""violation"": false}]}"
20260919T071056Z_5e20386a,401,fault,1789801873.7759266,1789801873.7871919,11.509,0,11.509,pass,,read_secondary,"{""background_write_acknowledged"": true, ""reads"": [{""version"": 401, ""max_seen_before"": 400, ""violation"": false}, {""version"": 401, ""max_seen_before"": 401, ""violation"": false}]}"
20260919T071056Z_5e20386a,402,fault,1789801873.7879405,1789801873.7975864,9.669,0,9.669,pass,,read_secondary,"{""background_write_acknowledged"": true, ""reads"": [{""version"": 402, ""max_seen_before"": 401, ""violation"": false}, {""version"": 402, ""max_seen_before"": 402, ""violation"": false}]}"
20260919T071056Z_5e20386a,403,fault,1789801873.7975864,1789801873.805409,7.955,0,7.955,pass,,read_secondary,"{""background_write_acknowledged"": true, ""reads"": [{""version"": 403, ""max_seen_before"": 402, ""violation"": false}, {""version"": 403, ""max_seen_before"": 403, ""violation"": false}]}"
20260919T071056Z_5e20386a,404,fault,1789801873.805409,1789801873.8157728,10.365,0,10.365,pass,,read_secondary,"{""background_write_acknowledged"": true, ""reads"": [{""version"": 404, ""max_seen_before"": 403, ""violation"": false}, {""version"": 404, ""max_seen_before"": 404, ""violation"": false}]}"
20260919T071056Z_5e20386a,405,fault,1789801873.8157728,1789801873.8240612,8.05,0,8.05,pass,,read_secondary,"{""background_write_acknowledged"": true, ""reads"": [{""version"": 405, ""max_seen_before"": 404, ""violation"": false}, {""version"": 405, ""max_seen_before"": 405, ""violation"": false}]}"
20260919T071056Z_5e20386a,406,fault,1789801873.8240612,1789801873.832315,8.666,0,8.666,pass,,read_secondary,"{""background_write_acknowledged"": true, ""reads"": [{""version"": 406, ""max_seen_before"": 405, ""violation"": false}, {""version"": 406, ""max_seen_before"": 406, ""violation"": false}]}"
20260919T071056Z_5e20386a,407,fault,1789801873.8331056,1789801873.8400416,7.281,0,7.281,pass,,read_secondary,"{""background_write_acknowledged"": true, ""reads"": [{""version"": 407, ""max_seen_before"": 406, ""violation"": false}, {""version"": 407, ""max_seen_before"": 407, ""violation"": false}]}"
20260919T071056Z_5e20386a,408,fault,1789801873.8400416,1789801873.8476648,7.81,0,7.81,pass,,read_secondary,"{""background_write_acknowledged"": true, ""reads"": [{""version"": 408, ""max_seen_before"": 407, ""violation"": false}, {""version"": 408, ""max_seen_before"": 408, ""violation"": false}]}"
20260919T071056Z_5e20386a,409,fault,1789801873.8476648,1789801873.8560767,7.927,0,7.927,pass,,read_secondary,"{""background_write_acknowledged"": true, ""reads"": [{""version"": 409, ""max_seen_before"": 408, ""violation"": false}, {""version"": 409, ""max_seen_before"": 409, ""violation"": false}]}"
20260919T071056Z_5e20386a,410,fault,1789801873.8560767,1789801873.8641806,8.071,0,8.071,pass,,read_secondary,"{""background_write_acknowledged"": true, ""reads"": [{""version"": 410, ""max_seen_before"": 409, ""violation"": false}, {""version"": 410, ""max_seen_before"": 410, ""violation"": false}]}"
20260919T071056Z_5e20386a,411,fault,1789801873.8641806,1789801873.8717756,7.781,0,7.781,pass,,read_secondary,"{""background_write_acknowledged"": true, ""reads"": [{""version"": 411, ""max_seen_before"": 410, ""violation"": false}, {""version"": 411, ""max_seen_before"": 411, ""violation"": false}]}"
20260919T071056Z_5e20386a,412,fault,1789801873.872318,1789801873.8801074,8.449,0,8.449,pass,,read_secondary,"{""background_write_acknowledged"": true, ""reads"": [{""version"": 412, ""max_seen_before"": 411, ""violation"": false}, {""version"": 412, ""max_seen_before"": 412, ""violation"": false}]}"
20260919T071056Z_5e20386a,413,fault,1789801873.8801074,1789801873.889246,8.91,0,8.91,pass,,read_secondary,"{""background_write_acknowledged"": true, ""reads"": [{""version"": 413, ""max_seen_before"": 412, ""violation"": false}, {""version"": 413, ""max_seen_before"": 413, ""violation"": false}]}"
20260919T071056Z_5e20386a,414,fault,1789801873.8898196,1789801873.898383,9.023,0,9.023,pass,,read_secondary,"{""background_write_acknowledged"": true, ""reads"": [{""version"": 414, ""max_seen_before"": 413, ""violation"": false}, {""version"": 414, ""max_seen_before"": 414, ""violation"": false}]}"
20260919T071056Z_5e20386a,415,fault,1789801873.898383,1789801873.9073124,8.407,0,8.407,pass,,read_secondary,"{""background_write_acknowledged"": true, ""reads"": [{""version"": 415, ""max_seen_before"": 414, ""violation"": false}, {""version"": 415, ""max_seen_before"": 415, ""violation"": false}]}"
20260919T071056Z_5e20386a,416,fault,1789801873.9073124,1789801873.915476,8.451,0,8.451,pass,,read_secondary,"{""background_write_acknowledged"": true, ""reads"": [{""version"": 416, ""max_seen_before"": 415, ""violation"": false}, {""version"": 416, ""max_seen_before"": 416, ""violation"": false}]}"
20260919T071056Z_5e20386a,417,fault,1789801873.915476,1789801873.9247978,9.495,0,9.495,pass,,read_secondary,"{""background_write_acknowledged"": true, ""reads"": [{""version"": 417, ""max_seen_before"": 416, ""violation"": false}, {""version"": 417, ""max_seen_before"": 417, ""violation"": false}]}"
20260919T071056Z_5e20386a,418,fault,1789801873.9255395,1789801873.9345624,9.129,0,9.129,pass,,read_secondary,"{""background_write_acknowledged"": true, ""reads"": [{""version"": 418, ""max_seen_before"": 417, ""violation"": false}, {""version"": 418, ""max_seen_before"": 418, ""violation"": false}]}"
20260919T071056Z_5e20386a,419,fault,1789801873.9345624,1789801873.9453647,11.067,0,11.067,pass,,read_secondary,"{""background_write_acknowledged"": true, ""reads"": [{""version"": 419, ""max_seen_before"": 418, ""violation"": false}, {""version"": 419, ""max_seen_before"": 419, ""violation"": false}]}"
20260919T071056Z_5e20386a,420,fault,1789801873.9459329,1789801873.956268,10.673,0,10.673,pass,,read_secondary,"{""background_write_acknowledged"": true, ""reads"": [{""version"": 420, ""max_seen_before"": 419, ""violation"": false}, {""version"": 420, ""max_seen_before"": 420, ""violation"": false}]}"
20260919T071056Z_5e20386a,421,fault,1789801873.956268,1789801873.9660444,9.86,0,9.86,pass,,read_secondary,"{""background_write_acknowledged"": true, ""reads"": [{""version"": 421, ""max_seen_before"": 420, ""violation"": false}, {""version"": 421, ""max_seen_before"": 421, ""violation"": false}]}"
20260919T071056Z_5e20386a,422,fault,1789801873.9666724,1789801873.9772034,10.671,0,10.671,pass,,read_secondary,"{""background_write_acknowledged"": true, ""reads"": [{""version"": 422, ""max_seen_before"": 421, ""violation"": false}, {""version"": 422, ""max_seen_before"": 422, ""violation"": false}]}"
20260919T071056Z_5e20386a,423,fault,1789801873.9772034,1789801873.9874818,10.251,0,10.251,pass,,read_secondary,"{""background_write_acknowledged"": true, ""reads"": [{""version"": 423, ""max_seen_before"": 422, ""violation"": false}, {""version"": 423, ""max_seen_before"": 423, ""violation"": false}]}"
20260919T071056Z_5e20386a,424,fault,1789801873.9874818,1789801873.9984415,11.104,0,11.104,pass,,read_secondary,"{""background_write_acknowledged"": true, ""reads"": [{""version"": 424, ""max_seen_before"": 423, ""violation"": false}, {""version"": 424, ""max_seen_before"": 424, ""violation"": false}]}"
20260919T071056Z_5e20386a,425,fault,1789801873.9984415,1789801874.0075922,8.623,0,8.623,pass,,read_secondary,"{""background_write_acknowledged"": true, ""reads"": [{""version"": 425, ""max_seen_before"": 424, ""violation"": false}, {""version"": 425, ""max_seen_before"": 425, ""violation"": false}]}"
20260919T071056Z_5e20386a,426,fault,1789801874.0075922,1789801874.01649,9.405,0,9.405,pass,,read_secondary,"{""background_write_acknowledged"": true, ""reads"": [{""version"": 426, ""max_seen_before"": 425, ""violation"": false}, {""version"": 426, ""max_seen_before"": 426, ""violation"": false}]}"
20260919T071056Z_5e20386a,427,fault,1789801874.01649,1789801874.0253644,8.79,0,8.79,pass,,read_secondary,"{""background_write_acknowledged"": true, ""reads"": [{""version"": 427, ""max_seen_before"": 426, ""violation"": false}, {""version"": 427, ""max_seen_before"": 427, ""violation"": false}]}"
20260919T071056Z_5e20386a,428,fault,1789801874.0259905,1789801874.0372763,11.364,0,11.364,pass,,read_secondary,"{""background_write_acknowledged"": true, ""reads"": [{""version"": 428, ""max_seen_before"": 427, ""violation"": false}, {""version"": 428, ""max_seen_before"": 428, ""violation"": false}]}"
20260919T071056Z_5e20386a,429,fault,1789801874.0372763,1789801874.047013,9.49,0,9.49,pass,,read_secondary,"{""background_write_acknowledged"": true, ""reads"": [{""version"": 429, ""max_seen_before"": 428, ""violation"": false}, {""version"": 429, ""max_seen_before"": 429, ""violation"": false}]}"
20260919T071056Z_5e20386a,430,fault,1789801874.047013,1789801874.057364,10.263,0,10.263,pass,,read_secondary,"{""background_write_acknowledged"": true, ""reads"": [{""version"": 430, ""max_seen_before"": 429, ""violation"": false}, {""version"": 430, ""max_seen_before"": 430, ""violation"": false}]}"
20260919T071056Z_5e20386a,431,fault,1789801874.057364,1789801874.0679984,10.985,0,10.985,pass,,read_secondary,"{""background_write_acknowledged"": true, ""reads"": [{""version"": 431, ""max_seen_before"": 430, ""violation"": false}, {""version"": 431, ""max_seen_before"": 431, ""violation"": false}]}"
20260919T071056Z_5e20386a,432,fault,1789801874.0679984,1789801874.079687,11.51,0,11.51,pass,,read_secondary,"{""background_write_acknowledged"": true, ""reads"": [{""version"": 432, ""max_seen_before"": 431, ""violation"": false}, {""version"": 432, ""max_seen_before"": 432, ""violation"": false}]}"
20260919T071056Z_5e20386a,433,fault,1789801874.079687,1789801874.0893023,9.537,0,9.537,pass,,read_secondary,"{""background_write_acknowledged"": true, ""reads"": [{""version"": 433, ""max_seen_before"": 432, ""violation"": false}, {""version"": 433, ""max_seen_before"": 433, ""violation"": false}]}"
20260919T071056Z_5e20386a,434,fault,1789801874.0893023,1789801874.0998046,10.475,0,10.475,pass,,read_secondary,"{""background_write_acknowledged"": true, ""reads"": [{""version"": 434, ""max_seen_before"": 433, ""violation"": false}, {""version"": 434, ""max_seen_before"": 434, ""violation"": false}]}"
20260919T071056Z_5e20386a,435,fault,1789801874.1004229,1789801874.1100142,9.556,0,9.556,pass,,read_secondary,"{""background_write_acknowledged"": true, ""reads"": [{""version"": 435, ""max_seen_before"": 434, ""violation"": false}, {""version"": 435, ""max_seen_before"": 435, ""violation"": false}]}"
20260919T071056Z_5e20386a,436,fault,1789801874.1100142,1789801874.1194541,9.795,0,9.795,pass,,read_secondary,"{""background_write_acknowledged"": true, ""reads"": [{""version"": 436, ""max_seen_before"": 435, ""violation"": false}, {""version"": 436, ""max_seen_before"": 436, ""violation"": false}]}"
20260919T071056Z_5e20386a,437,fault,1789801874.1200054,1789801874.1292381,9.743,0,9.743,pass,,read_secondary,"{""background_write_acknowledged"": true, ""reads"": [{""version"": 437, ""max_seen_before"": 436, ""violation"": false}, {""version"": 437, ""max_seen_before"": 437, ""violation"": false}]}"
20260919T071056Z_5e20386a,438,fault,1789801874.1292381,1789801874.1387925,9.237,0,9.237,pass,,read_secondary,"{""background_write_acknowledged"": true, ""reads"": [{""version"": 438, ""max_seen_before"": 437, ""violation"": false}, {""version"": 438, ""max_seen_before"": 438, ""violation"": false}]}"
20260919T071056Z_5e20386a,439,fault,1789801874.1387925,1789801874.1499872,11.117,0,11.117,pass,,read_secondary,"{""background_write_acknowledged"": true, ""reads"": [{""version"": 439, ""max_seen_before"": 438, ""violation"": false}, {""version"": 439, ""max_seen_before"": 439, ""violation"": false}]}"
20260919T071056Z_5e20386a,440,fault,1789801874.1499872,1789801874.160513,10.381,0,10.381,pass,,read_secondary,"{""background_write_acknowledged"": true, ""reads"": [{""version"": 440, ""max_seen_before"": 439, ""violation"": false}, {""version"": 440, ""max_seen_before"": 440, ""violation"": false}]}"
20260919T071056Z_5e20386a,441,fault,1789801874.160513,1789801874.170203,10.159,0,10.159,pass,,read_secondary,"{""background_write_acknowledged"": true, ""reads"": [{""version"": 441, ""max_seen_before"": 440, ""violation"": false}, {""version"": 441, ""max_seen_before"": 441, ""violation"": false}]}"
20260919T071056Z_5e20386a,442,fault,1789801874.170203,1789801874.1800113,9.109,0,9.109,pass,,read_secondary,"{""background_write_acknowledged"": true, ""reads"": [{""version"": 442, ""max_seen_before"": 441, ""violation"": false}, {""version"": 442, ""max_seen_before"": 442, ""violation"": false}]}"
20260919T071056Z_5e20386a,443,fault,1789801874.1800113,1789801874.19236,12.272,0,12.272,pass,,read_secondary,"{""background_write_acknowledged"": true, ""reads"": [{""version"": 443, ""max_seen_before"": 442, ""violation"": false}, {""version"": 443, ""max_seen_before"": 443, ""violation"": false}]}"
20260919T071056Z_5e20386a,444,fault,1789801874.19236,1789801874.2028513,10.153,0,10.153,pass,,read_secondary,"{""background_write_acknowledged"": true, ""reads"": [{""version"": 444, ""max_seen_before"": 443, ""violation"": false}, {""version"": 444, ""max_seen_before"": 444, ""violation"": false}]}"
20260919T071056Z_5e20386a,445,fault,1789801874.2028513,1789801874.2129545,10.339,0,10.339,pass,,read_secondary,"{""background_write_acknowledged"": true, ""reads"": [{""version"": 445, ""max_seen_before"": 444, ""violation"": false}, {""version"": 445, ""max_seen_before"": 445, ""violation"": false}]}"
20260919T071056Z_5e20386a,446,fault,1789801874.2129545,1789801874.2221224,8.868,0,8.868,pass,,read_secondary,"{""background_write_acknowledged"": true, ""reads"": [{""version"": 446, ""max_seen_before"": 445, ""violation"": false}, {""version"": 446, ""max_seen_before"": 446, ""violation"": false}]}"
20260919T071056Z_5e20386a,447,fault,1789801874.2221224,1789801874.232747,10.928,0,10.928,pass,,read_secondary,"{""background_write_acknowledged"": true, ""reads"": [{""version"": 447, ""max_seen_before"": 446, ""violation"": false}, {""version"": 447, ""max_seen_before"": 447, ""violation"": false}]}"
20260919T071056Z_5e20386a,448,fault,1789801874.2334168,1789801874.2420042,8.833,0,8.833,pass,,read_secondary,"{""background_write_acknowledged"": true, ""reads"": [{""version"": 448, ""max_seen_before"": 447, ""violation"": false}, {""version"": 448, ""max_seen_before"": 448, ""violation"": false}]}"
20260919T071056Z_5e20386a,449,fault,1789801874.2420042,1789801874.252148,10.122,0,10.122,pass,,read_secondary,"{""background_write_acknowledged"": true, ""reads"": [{""version"": 449, ""max_seen_before"": 448, ""violation"": false}, {""version"": 449, ""max_seen_before"": 449, ""violation"": false}]}"
20260919T071056Z_5e20386a,450,fault,1789801874.252148,1789801874.2614489,9.25,0,9.25,pass,,read_secondary,"{""background_write_acknowledged"": true, ""reads"": [{""version"": 450, ""max_seen_before"": 449, ""violation"": false}, {""version"": 450, ""max_seen_before"": 450, ""violation"": false}]}"
20260919T071056Z_5e20386a,451,fault,1789801874.2614489,1789801874.2713783,9.468,0,9.468,pass,,read_secondary,"{""background_write_acknowledged"": true, ""reads"": [{""version"": 451, ""max_seen_before"": 450, ""violation"": false}, {""version"": 451, ""max_seen_before"": 451, ""violation"": false}]}"
20260919T071056Z_5e20386a,452,fault,1789801874.2713783,1789801874.2809823,9.857,0,9.857,pass,,read_secondary,"{""background_write_acknowledged"": true, ""reads"": [{""version"": 452, ""max_seen_before"": 451, ""violation"": false}, {""version"": 452, ""max_seen_before"": 452, ""violation"": false}]}"
20260919T071056Z_5e20386a,453,fault,1789801874.2809823,1789801874.2901862,9.458,0,9.458,pass,,read_secondary,"{""background_write_acknowledged"": true, ""reads"": [{""version"": 453, ""max_seen_before"": 452, ""violation"": false}, {""version"": 453, ""max_seen_before"": 453, ""violation"": false}]}"
20260919T071056Z_5e20386a,454,fault,1789801874.2908874,1789801874.2993774,8.507,0,8.507,pass,,read_secondary,"{""background_write_acknowledged"": true, ""reads"": [{""version"": 454, ""max_seen_before"": 453, ""violation"": false}, {""version"": 454, ""max_seen_before"": 454, ""violation"": false}]}"
20260919T071056Z_5e20386a,455,fault,1789801874.2993774,1789801874.3096783,10.184,0,10.184,pass,,read_secondary,"{""background_write_acknowledged"": true, ""reads"": [{""version"": 455, ""max_seen_before"": 454, ""violation"": false}, {""version"": 455, ""max_seen_before"": 455, ""violation"": false}]}"
20260919T071056Z_5e20386a,456,fault,1789801874.3096783,1789801874.3190923,9.693,0,9.693,pass,,read_secondary,"{""background_write_acknowledged"": true, ""reads"": [{""version"": 456, ""max_seen_before"": 455, ""violation"": false}, {""version"": 456, ""max_seen_before"": 456, ""violation"": false}]}"
20260919T071056Z_5e20386a,457,fault,1789801874.3190923,1789801874.3272977,7.986,0,7.986,pass,,read_secondary,"{""background_write_acknowledged"": true, ""reads"": [{""version"": 457, ""max_seen_before"": 456, ""violation"": false}, {""version"": 457, ""max_seen_before"": 457, ""violation"": false}]}"
20260919T071056Z_5e20386a,458,fault,1789801874.3272977,1789801874.3363748,8.789,0,8.789,pass,,read_secondary,"{""background_write_acknowledged"": true, ""reads"": [{""version"": 458, ""max_seen_before"": 457, ""violation"": false}, {""version"": 458, ""max_seen_before"": 458, ""violation"": false}]}"
20260919T071056Z_5e20386a,459,fault,1789801874.3363748,1789801874.3451133,8.691,0,8.691,pass,,read_secondary,"{""background_write_acknowledged"": true, ""reads"": [{""version"": 459, ""max_seen_before"": 458, ""violation"": false}, {""version"": 459, ""max_seen_before"": 459, ""violation"": false}]}"
20260919T071056Z_5e20386a,460,fault,1789801874.3451133,1789801874.3547602,9.412,0,9.412,pass,,read_secondary,"{""background_write_acknowledged"": true, ""reads"": [{""version"": 460, ""max_seen_before"": 459, ""violation"": false}, {""version"": 460, ""max_seen_before"": 460, ""violation"": false}]}"
20260919T071056Z_5e20386a,461,fault,1789801874.3547602,1789801874.3630793,8.353,0,8.353,pass,,read_secondary,"{""background_write_acknowledged"": true, ""reads"": [{""version"": 461, ""max_seen_before"": 460, ""violation"": false}, {""version"": 461, ""max_seen_before"": 461, ""violation"": false}]}"
20260919T071056Z_5e20386a,462,fault,1789801874.3630793,1789801874.370862,7.718,0,7.718,pass,,read_secondary,"{""background_write_acknowledged"": true, ""reads"": [{""version"": 462, ""max_seen_before"": 461, ""violation"": false}, {""version"": 462, ""max_seen_before"": 462, ""violation"": false}]}"
20260919T071056Z_5e20386a,463,fault,1789801874.370862,1789801874.3797371,8.711,0,8.711,pass,,read_secondary,"{""background_write_acknowledged"": true, ""reads"": [{""version"": 463, ""max_seen_before"": 462, ""violation"": false}, {""version"": 463, ""max_seen_before"": 463, ""violation"": false}]}"
20260919T071056Z_5e20386a,464,fault,1789801874.3797371,1789801874.38765,8.076,0,8.076,pass,,read_secondary,"{""background_write_acknowledged"": true, ""reads"": [{""version"": 464, ""max_seen_before"": 463, ""violation"": false}, {""version"": 464, ""max_seen_before"": 464, ""violation"": false}]}"
20260919T071056Z_5e20386a,465,fault,1789801874.38765,1789801874.3961208,8.472,0,8.472,pass,,read_secondary,"{""background_write_acknowledged"": true, ""reads"": [{""version"": 465, ""max_seen_before"": 464, ""violation"": false}, {""version"": 465, ""max_seen_before"": 465, ""violation"": false}]}"
20260919T071056Z_5e20386a,466,fault,1789801874.3961208,1789801874.4047625,8.541,0,8.541,pass,,read_secondary,"{""background_write_acknowledged"": true, ""reads"": [{""version"": 466, ""max_seen_before"": 465, ""violation"": false}, {""version"": 466, ""max_seen_before"": 466, ""violation"": false}]}"
20260919T071056Z_5e20386a,467,fault,1789801874.4047625,1789801874.4146888,9.44,0,9.44,pass,,read_secondary,"{""background_write_acknowledged"": true, ""reads"": [{""version"": 467, ""max_seen_before"": 466, ""violation"": false}, {""version"": 467, ""max_seen_before"": 467, ""violation"": false}]}"
20260919T071056Z_5e20386a,468,fault,1789801874.4146888,1789801874.422685,8.378,0,8.378,pass,,read_secondary,"{""background_write_acknowledged"": true, ""reads"": [{""version"": 468, ""max_seen_before"": 467, ""violation"": false}, {""version"": 468, ""max_seen_before"": 468, ""violation"": false}]}"
20260919T071056Z_5e20386a,469,fault,1789801874.423303,1789801874.4315064,8.228,0,8.228,pass,,read_secondary,"{""background_write_acknowledged"": true, ""reads"": [{""version"": 469, ""max_seen_before"": 468, ""violation"": false}, {""version"": 469, ""max_seen_before"": 469, ""violation"": false}]}"
20260919T071056Z_5e20386a,470,fault,1789801874.4315064,1789801874.4388912,7.772,0,7.772,pass,,read_secondary,"{""background_write_acknowledged"": true, ""reads"": [{""version"": 470, ""max_seen_before"": 469, ""violation"": false}, {""version"": 470, ""max_seen_before"": 470, ""violation"": false}]}"
20260919T071056Z_5e20386a,471,fault,1789801874.4388912,1789801874.4515064,12.252,0,12.252,pass,,read_secondary,"{""background_write_acknowledged"": true, ""reads"": [{""version"": 471, ""max_seen_before"": 470, ""violation"": false}, {""version"": 471, ""max_seen_before"": 471, ""violation"": false}]}"
20260919T071056Z_5e20386a,472,fault,1789801874.4515064,1789801874.4627118,10.942,0,10.942,pass,,read_secondary,"{""background_write_acknowledged"": true, ""reads"": [{""version"": 472, ""max_seen_before"": 471, ""violation"": false}, {""version"": 472, ""max_seen_before"": 472, ""violation"": false}]}"
20260919T071056Z_5e20386a,473,fault,1789801874.4627118,1789801874.4730365,10.693,0,10.693,pass,,read_secondary,"{""background_write_acknowledged"": true, ""reads"": [{""version"": 473, ""max_seen_before"": 472, ""violation"": false}, {""version"": 473, ""max_seen_before"": 473, ""violation"": false}]}"
20260919T071056Z_5e20386a,474,fault,1789801874.4730365,1789801874.4835978,10.298,0,10.298,pass,,read_secondary,"{""background_write_acknowledged"": true, ""reads"": [{""version"": 474, ""max_seen_before"": 473, ""violation"": false}, {""version"": 474, ""max_seen_before"": 474, ""violation"": false}]}"
20260919T071056Z_5e20386a,475,fault,1789801874.4835978,1789801874.4937236,9.634,0,9.634,pass,,read_secondary,"{""background_write_acknowledged"": true, ""reads"": [{""version"": 475, ""max_seen_before"": 474, ""violation"": false}, {""version"": 475, ""max_seen_before"": 475, ""violation"": false}]}"
20260919T071056Z_5e20386a,476,fault,1789801874.4937236,1789801874.502571,8.938,0,8.938,pass,,read_secondary,"{""background_write_acknowledged"": true, ""reads"": [{""version"": 476, ""max_seen_before"": 475, ""violation"": false}, {""version"": 476, ""max_seen_before"": 476, ""violation"": false}]}"
20260919T071056Z_5e20386a,477,fault,1789801874.502571,1789801874.5118866,9.476,0,9.476,pass,,read_secondary,"{""background_write_acknowledged"": true, ""reads"": [{""version"": 477, ""max_seen_before"": 476, ""violation"": false}, {""version"": 477, ""max_seen_before"": 477, ""violation"": false}]}"
20260919T071056Z_5e20386a,478,fault,1789801874.5118866,1789801874.5202143,8.266,0,8.266,pass,,read_secondary,"{""background_write_acknowledged"": true, ""reads"": [{""version"": 478, ""max_seen_before"": 477, ""violation"": false}, {""version"": 478, ""max_seen_before"": 478, ""violation"": false}]}"
20260919T071056Z_5e20386a,479,fault,1789801874.5202143,1789801874.527736,7.538,0,7.538,pass,,read_secondary,"{""background_write_acknowledged"": true, ""reads"": [{""version"": 479, ""max_seen_before"": 478, ""violation"": false}, {""version"": 479, ""max_seen_before"": 479, ""violation"": false}]}"
20260919T071056Z_5e20386a,480,fault,1789801874.5283563,1789801874.5367646,8.776,0,8.776,pass,,read_secondary,"{""background_write_acknowledged"": true, ""reads"": [{""version"": 480, ""max_seen_before"": 479, ""violation"": false}, {""version"": 480, ""max_seen_before"": 480, ""violation"": false}]}"
20260919T071056Z_5e20386a,481,fault,1789801874.5367646,1789801874.5444202,7.352,0,7.352,pass,,read_secondary,"{""background_write_acknowledged"": true, ""reads"": [{""version"": 481, ""max_seen_before"": 480, ""violation"": false}, {""version"": 481, ""max_seen_before"": 481, ""violation"": false}]}"
20260919T071056Z_5e20386a,482,fault,1789801874.5444202,1789801874.5523207,8.052,0,8.052,pass,,read_secondary,"{""background_write_acknowledged"": true, ""reads"": [{""version"": 482, ""max_seen_before"": 481, ""violation"": false}, {""version"": 482, ""max_seen_before"": 482, ""violation"": false}]}"
20260919T071056Z_5e20386a,483,fault,1789801874.5523207,1789801874.5604649,7.806,0,7.806,pass,,read_secondary,"{""background_write_acknowledged"": true, ""reads"": [{""version"": 483, ""max_seen_before"": 482, ""violation"": false}, {""version"": 483, ""max_seen_before"": 483, ""violation"": false}]}"
20260919T071056Z_5e20386a,484,fault,1789801874.5604649,1789801874.5681393,8.017,0,8.017,pass,,read_secondary,"{""background_write_acknowledged"": true, ""reads"": [{""version"": 484, ""max_seen_before"": 483, ""violation"": false}, {""version"": 484, ""max_seen_before"": 484, ""violation"": false}]}"
20260919T071056Z_5e20386a,485,fault,1789801874.5681393,1789801874.576417,8.025,0,8.025,pass,,read_secondary,"{""background_write_acknowledged"": true, ""reads"": [{""version"": 485, ""max_seen_before"": 484, ""violation"": false}, {""version"": 485, ""max_seen_before"": 485, ""violation"": false}]}"
20260919T071056Z_5e20386a,486,fault,1789801874.576417,1789801874.585277,8.492,0,8.492,pass,,read_secondary,"{""background_write_acknowledged"": true, ""reads"": [{""version"": 486, ""max_seen_before"": 485, ""violation"": false}, {""version"": 486, ""max_seen_before"": 486, ""violation"": false}]}"
20260919T071056Z_5e20386a,487,fault,1789801874.585277,1789801874.593175,8.201,0,8.201,pass,,read_secondary,"{""background_write_acknowledged"": true, ""reads"": [{""version"": 487, ""max_seen_before"": 486, ""violation"": false}, {""version"": 487, ""max_seen_before"": 487, ""violation"": false}]}"
20260919T071056Z_5e20386a,488,fault,1789801874.593175,1789801874.6011941,8.055,0,8.055,pass,,read_secondary,"{""background_write_acknowledged"": true, ""reads"": [{""version"": 488, ""max_seen_before"": 487, ""violation"": false}, {""version"": 488, ""max_seen_before"": 488, ""violation"": false}]}"
20260919T071056Z_5e20386a,489,fault,1789801874.6011941,1789801874.608816,7.779,0,7.779,pass,,read_secondary,"{""background_write_acknowledged"": true, ""reads"": [{""version"": 489, ""max_seen_before"": 488, ""violation"": false}, {""version"": 489, ""max_seen_before"": 489, ""violation"": false}]}"
20260919T071056Z_5e20386a,490,fault,1789801874.608816,1789801874.6168644,7.621,0,7.621,pass,,read_secondary,"{""background_write_acknowledged"": true, ""reads"": [{""version"": 490, ""max_seen_before"": 489, ""violation"": false}, {""version"": 490, ""max_seen_before"": 490, ""violation"": false}]}"
20260919T071056Z_5e20386a,491,fault,1789801874.6168644,1789801874.6242733,7.277,0,7.277,pass,,read_secondary,"{""background_write_acknowledged"": true, ""reads"": [{""version"": 491, ""max_seen_before"": 490, ""violation"": false}, {""version"": 491, ""max_seen_before"": 491, ""violation"": false}]}"
20260919T071056Z_5e20386a,492,fault,1789801874.6247814,1789801874.632266,7.638,0,7.638,pass,,read_secondary,"{""background_write_acknowledged"": true, ""reads"": [{""version"": 492, ""max_seen_before"": 491, ""violation"": false}, {""version"": 492, ""max_seen_before"": 492, ""violation"": false}]}"
20260919T071056Z_5e20386a,493,fault,1789801874.632266,1789801874.6397917,7.625,0,7.625,pass,,read_secondary,"{""background_write_acknowledged"": true, ""reads"": [{""version"": 493, ""max_seen_before"": 492, ""violation"": false}, {""version"": 493, ""max_seen_before"": 493, ""violation"": false}]}"
20260919T071056Z_5e20386a,494,fault,1789801874.6397917,1789801874.6483746,8.357,0,8.357,pass,,read_secondary,"{""background_write_acknowledged"": true, ""reads"": [{""version"": 494, ""max_seen_before"": 493, ""violation"": false}, {""version"": 494, ""max_seen_before"": 494, ""violation"": false}]}"
20260919T071056Z_5e20386a,495,fault,1789801874.6483746,1789801874.6571314,8.457,0,8.457,pass,,read_secondary,"{""background_write_acknowledged"": true, ""reads"": [{""version"": 495, ""max_seen_before"": 494, ""violation"": false}, {""version"": 495, ""max_seen_before"": 495, ""violation"": false}]}"
20260919T071056Z_5e20386a,496,fault,1789801874.6571314,1789801874.664672,7.804,0,7.804,pass,,read_secondary,"{""background_write_acknowledged"": true, ""reads"": [{""version"": 496, ""max_seen_before"": 495, ""violation"": false}, {""version"": 496, ""max_seen_before"": 496, ""violation"": false}]}"
20260919T071056Z_5e20386a,497,fault,1789801874.664672,1789801874.6733093,8.694,0,8.694,pass,,read_secondary,"{""background_write_acknowledged"": true, ""reads"": [{""version"": 497, ""max_seen_before"": 496, ""violation"": false}, {""version"": 497, ""max_seen_before"": 497, ""violation"": false}]}"
20260919T071056Z_5e20386a,498,fault,1789801874.673884,1789801874.6820304,8.643,0,8.643,pass,,read_secondary,"{""background_write_acknowledged"": true, ""reads"": [{""version"": 498, ""max_seen_before"": 497, ""violation"": false}, {""version"": 498, ""max_seen_before"": 498, ""violation"": false}]}"
20260919T071056Z_5e20386a,499,fault,1789801874.6826046,1789801874.6921525,9.613,0,9.613,pass,,read_secondary,"{""background_write_acknowledged"": true, ""reads"": [{""version"": 499, ""max_seen_before"": 498, ""violation"": false}, {""version"": 499, ""max_seen_before"": 499, ""violation"": false}]}"
20260919T071056Z_5e20386a,500,fault,1789801874.6921525,1789801874.7004964,8.27,0,8.27,pass,,read_secondary,"{""background_write_acknowledged"": true, ""reads"": [{""version"": 500, ""max_seen_before"": 499, ""violation"": false}, {""version"": 500, ""max_seen_before"": 500, ""violation"": false}]}"
20260919T071056Z_5e20386a,501,fault,1789801874.7035992,1789801874.7127564,9.21,0,9.21,pass,,read_secondary,"{""background_write_acknowledged"": true, ""reads"": [{""version"": 501, ""max_seen_before"": 500, ""violation"": false}, {""version"": 501, ""max_seen_before"": 501, ""violation"": false}]}"
20260919T071056Z_5e20386a,502,fault,1789801874.7127564,1789801874.7204533,7.601,0,7.601,pass,,read_secondary,"{""background_write_acknowledged"": true, ""reads"": [{""version"": 502, ""max_seen_before"": 501, ""violation"": false}, {""version"": 502, ""max_seen_before"": 502, ""violation"": false}]}"
20260919T071056Z_5e20386a,503,fault,1789801874.7209635,1789801874.7287524,8.127,0,8.127,pass,,read_secondary,"{""background_write_acknowledged"": true, ""reads"": [{""version"": 503, ""max_seen_before"": 502, ""violation"": false}, {""version"": 503, ""max_seen_before"": 503, ""violation"": false}]}"
20260919T071056Z_5e20386a,504,fault,1789801874.7287524,1789801874.737103,8.099,0,8.099,pass,,read_secondary,"{""background_write_acknowledged"": true, ""reads"": [{""version"": 504, ""max_seen_before"": 503, ""violation"": false}, {""version"": 504, ""max_seen_before"": 504, ""violation"": false}]}"
20260919T071056Z_5e20386a,505,fault,1789801874.737103,1789801874.7455852,8.448,0,8.448,pass,,read_secondary,"{""background_write_acknowledged"": true, ""reads"": [{""version"": 505, ""max_seen_before"": 504, ""violation"": false}, {""version"": 505, ""max_seen_before"": 505, ""violation"": false}]}"
20260919T071056Z_5e20386a,506,fault,1789801874.7455852,1789801874.755163,9.785,0,9.785,pass,,read_secondary,"{""background_write_acknowledged"": true, ""reads"": [{""version"": 506, ""max_seen_before"": 505, ""violation"": false}, {""version"": 506, ""max_seen_before"": 506, ""violation"": false}]}"
20260919T071056Z_5e20386a,507,fault,1789801874.7557456,1789801874.7640533,8.728,0,8.728,pass,,read_secondary,"{""background_write_acknowledged"": true, ""reads"": [{""version"": 507, ""max_seen_before"": 506, ""violation"": false}, {""version"": 507, ""max_seen_before"": 507, ""violation"": false}]}"
20260919T071056Z_5e20386a,508,fault,1789801874.7640533,1789801874.773394,8.86,0,8.86,pass,,read_secondary,"{""background_write_acknowledged"": true, ""reads"": [{""version"": 508, ""max_seen_before"": 507, ""violation"": false}, {""version"": 508, ""max_seen_before"": 508, ""violation"": false}]}"
20260919T071056Z_5e20386a,509,fault,1789801874.773394,1789801874.7819858,8.708,0,8.708,pass,,read_secondary,"{""background_write_acknowledged"": true, ""reads"": [{""version"": 509, ""max_seen_before"": 508, ""violation"": false}, {""version"": 509, ""max_seen_before"": 509, ""violation"": false}]}"
20260919T071056Z_5e20386a,510,fault,1789801874.7819858,1789801874.790469,8.399,0,8.399,pass,,read_secondary,"{""background_write_acknowledged"": true, ""reads"": [{""version"": 510, ""max_seen_before"": 509, ""violation"": false}, {""version"": 510, ""max_seen_before"": 510, ""violation"": false}]}"
20260919T071056Z_5e20386a,511,fault,1789801874.790469,1789801874.7999816,9.471,0,9.471,pass,,read_secondary,"{""background_write_acknowledged"": true, ""reads"": [{""version"": 511, ""max_seen_before"": 510, ""violation"": false}, {""version"": 511, ""max_seen_before"": 511, ""violation"": false}]}"
20260919T071056Z_5e20386a,512,fault,1789801874.7999816,1789801874.8110888,11.036,0,11.036,pass,,read_secondary,"{""background_write_acknowledged"": true, ""reads"": [{""version"": 512, ""max_seen_before"": 511, ""violation"": false}, {""version"": 512, ""max_seen_before"": 512, ""violation"": false}]}"
20260919T071056Z_5e20386a,513,fault,1789801874.8110888,1789801874.8242333,13.029,0,13.029,pass,,read_secondary,"{""background_write_acknowledged"": true, ""reads"": [{""version"": 513, ""max_seen_before"": 512, ""violation"": false}, {""version"": 513, ""max_seen_before"": 513, ""violation"": false}]}"
20260919T071056Z_5e20386a,514,fault,1789801874.8242333,1789801874.835443,11.1,0,11.1,pass,,read_secondary,"{""background_write_acknowledged"": true, ""reads"": [{""version"": 514, ""max_seen_before"": 513, ""violation"": false}, {""version"": 514, ""max_seen_before"": 514, ""violation"": false}]}"
20260919T071056Z_5e20386a,515,fault,1789801874.835443,1789801874.8436315,9.173,0,9.173,pass,,read_secondary,"{""background_write_acknowledged"": true, ""reads"": [{""version"": 515, ""max_seen_before"": 514, ""violation"": false}, {""version"": 515, ""max_seen_before"": 515, ""violation"": false}]}"
20260919T071056Z_5e20386a,516,fault,1789801874.8436315,1789801874.8537138,9.093,0,9.093,pass,,read_secondary,"{""background_write_acknowledged"": true, ""reads"": [{""version"": 516, ""max_seen_before"": 515, ""violation"": false}, {""version"": 516, ""max_seen_before"": 516, ""violation"": false}]}"
20260919T071056Z_5e20386a,517,fault,1789801874.8537138,1789801874.862146,8.23,0,8.23,pass,,read_secondary,"{""background_write_acknowledged"": true, ""reads"": [{""version"": 517, ""max_seen_before"": 516, ""violation"": false}, {""version"": 517, ""max_seen_before"": 517, ""violation"": false}]}"
20260919T071056Z_5e20386a,518,fault,1789801874.862146,1789801874.8708553,8.374,0,8.374,pass,,read_secondary,"{""background_write_acknowledged"": true, ""reads"": [{""version"": 518, ""max_seen_before"": 517, ""violation"": false}, {""version"": 518, ""max_seen_before"": 518, ""violation"": false}]}"
20260919T071056Z_5e20386a,519,fault,1789801874.8708553,1789801874.8807974,10.312,0,10.312,pass,,read_secondary,"{""background_write_acknowledged"": true, ""reads"": [{""version"": 519, ""max_seen_before"": 518, ""violation"": false}, {""version"": 519, ""max_seen_before"": 519, ""violation"": false}]}"
20260919T071056Z_5e20386a,520,fault,1789801874.8814325,1789801874.8906019,9.569,0,9.569,pass,,read_secondary,"{""background_write_acknowledged"": true, ""reads"": [{""version"": 520, ""max_seen_before"": 519, ""violation"": false}, {""version"": 520, ""max_seen_before"": 520, ""violation"": false}]}"
20260919T071056Z_5e20386a,521,fault,1789801874.8906019,1789801874.8996937,9.168,0,9.168,pass,,read_secondary,"{""background_write_acknowledged"": true, ""reads"": [{""version"": 521, ""max_seen_before"": 520, ""violation"": false}, {""version"": 521, ""max_seen_before"": 521, ""violation"": false}]}"
20260919T071056Z_5e20386a,522,fault,1789801874.8996937,1789801874.908324,8.403,0,8.403,pass,,read_secondary,"{""background_write_acknowledged"": true, ""reads"": [{""version"": 522, ""max_seen_before"": 521, ""violation"": false}, {""version"": 522, ""max_seen_before"": 522, ""violation"": false}]}"
20260919T071056Z_5e20386a,523,fault,1789801874.908324,1789801874.916308,7.714,0,7.714,pass,,read_secondary,"{""background_write_acknowledged"": true, ""reads"": [{""version"": 523, ""max_seen_before"": 522, ""violation"": false}, {""version"": 523, ""max_seen_before"": 523, ""violation"": false}]}"
20260919T071056Z_5e20386a,524,fault,1789801874.9166129,1789801874.924861,8.72,0,8.72,pass,,read_secondary,"{""background_write_acknowledged"": true, ""reads"": [{""version"": 524, ""max_seen_before"": 523, ""violation"": false}, {""version"": 524, ""max_seen_before"": 524, ""violation"": false}]}"
20260919T071056Z_5e20386a,525,fault,1789801874.924861,1789801874.933381,8.327,0,8.327,pass,,read_secondary,"{""background_write_acknowledged"": true, ""reads"": [{""version"": 525, ""max_seen_before"": 524, ""violation"": false}, {""version"": 525, ""max_seen_before"": 525, ""violation"": false}]}"
20260919T071056Z_5e20386a,526,fault,1789801874.933381,1789801874.94219,8.5,0,8.5,pass,,read_secondary,"{""background_write_acknowledged"": true, ""reads"": [{""version"": 526, ""max_seen_before"": 525, ""violation"": false}, {""version"": 526, ""max_seen_before"": 526, ""violation"": false}]}"
20260919T071056Z_5e20386a,527,fault,1789801874.94219,1789801874.9511802,9.269,0,9.269,pass,,read_secondary,"{""background_write_acknowledged"": true, ""reads"": [{""version"": 527, ""max_seen_before"": 526, ""violation"": false}, {""version"": 527, ""max_seen_before"": 527, ""violation"": false}]}"
20260919T071056Z_5e20386a,528,fault,1789801874.9517567,1789801874.9627452,11.317,0,11.317,pass,,read_secondary,"{""background_write_acknowledged"": true, ""reads"": [{""version"": 528, ""max_seen_before"": 527, ""violation"": false}, {""version"": 528, ""max_seen_before"": 528, ""violation"": false}]}"
20260919T071056Z_5e20386a,529,fault,1789801874.9627452,1789801874.9770277,13.752,0,13.752,pass,,read_secondary,"{""background_write_acknowledged"": true, ""reads"": [{""version"": 529, ""max_seen_before"": 528, ""violation"": false}, {""version"": 529, ""max_seen_before"": 529, ""violation"": false}]}"
20260919T071056Z_5e20386a,530,fault,1789801874.9770277,1789801874.9903054,13.348,0,13.348,pass,,read_secondary,"{""background_write_acknowledged"": true, ""reads"": [{""version"": 530, ""max_seen_before"": 529, ""violation"": false}, {""version"": 530, ""max_seen_before"": 530, ""violation"": false}]}"
20260919T071056Z_5e20386a,531,fault,1789801874.9903054,1789801875.0026202,11.998,0,11.998,pass,,read_secondary,"{""background_write_acknowledged"": true, ""reads"": [{""version"": 531, ""max_seen_before"": 530, ""violation"": false}, {""version"": 531, ""max_seen_before"": 531, ""violation"": false}]}"
20260919T071056Z_5e20386a,532,fault,1789801875.0026202,1789801875.0130954,10.581,0,10.581,pass,,read_secondary,"{""background_write_acknowledged"": true, ""reads"": [{""version"": 532, ""max_seen_before"": 531, ""violation"": false}, {""version"": 532, ""max_seen_before"": 532, ""violation"": false}]}"
20260919T071056Z_5e20386a,533,fault,1789801875.0136745,1789801875.0229878,9.296,0,9.296,pass,,read_secondary,"{""background_write_acknowledged"": true, ""reads"": [{""version"": 533, ""max_seen_before"": 532, ""violation"": false}, {""version"": 533, ""max_seen_before"": 533, ""violation"": false}]}"
20260919T071056Z_5e20386a,534,fault,1789801875.0229878,1789801875.0319903,9.433,0,9.433,pass,,read_secondary,"{""background_write_acknowledged"": true, ""reads"": [{""version"": 534, ""max_seen_before"": 533, ""violation"": false}, {""version"": 534, ""max_seen_before"": 534, ""violation"": false}]}"
20260919T071056Z_5e20386a,535,fault,1789801875.0325923,1789801875.0417433,9.589,0,9.589,pass,,read_secondary,"{""background_write_acknowledged"": true, ""reads"": [{""version"": 535, ""max_seen_before"": 534, ""violation"": false}, {""version"": 535, ""max_seen_before"": 535, ""violation"": false}]}"
20260919T071056Z_5e20386a,536,fault,1789801875.0417433,1789801875.0536642,11.44,0,11.44,pass,,read_secondary,"{""background_write_acknowledged"": true, ""reads"": [{""version"": 536, ""max_seen_before"": 535, ""violation"": false}, {""version"": 536, ""max_seen_before"": 536, ""violation"": false}]}"
20260919T071056Z_5e20386a,537,fault,1789801875.0536642,1789801875.0645783,10.805,0,10.805,pass,,read_secondary,"{""background_write_acknowledged"": true, ""reads"": [{""version"": 537, ""max_seen_before"": 536, ""violation"": false}, {""version"": 537, ""max_seen_before"": 537, ""violation"": false}]}"
20260919T071056Z_5e20386a,538,fault,1789801875.0645783,1789801875.0764277,12.026,0,12.026,pass,,read_secondary,"{""background_write_acknowledged"": true, ""reads"": [{""version"": 538, ""max_seen_before"": 537, ""violation"": false}, {""version"": 538, ""max_seen_before"": 538, ""violation"": false}]}"
20260919T071056Z_5e20386a,539,fault,1789801875.0764277,1789801875.0894818,13.088,0,13.088,pass,,read_secondary,"{""background_write_acknowledged"": true, ""reads"": [{""version"": 539, ""max_seen_before"": 538, ""violation"": false}, {""version"": 539, ""max_seen_before"": 539, ""violation"": false}]}"
20260919T071056Z_5e20386a,540,fault,1789801875.0894818,1789801875.1028242,12.895,0,12.895,pass,,read_secondary,"{""background_write_acknowledged"": true, ""reads"": [{""version"": 540, ""max_seen_before"": 539, ""violation"": false}, {""version"": 540, ""max_seen_before"": 540, ""violation"": false}]}"
20260919T071056Z_5e20386a,541,fault,1789801875.1028242,1789801875.1143825,11.782,0,11.782,pass,,read_secondary,"{""background_write_acknowledged"": true, ""reads"": [{""version"": 541, ""max_seen_before"": 540, ""violation"": false}, {""version"": 541, ""max_seen_before"": 541, ""violation"": false}]}"
20260919T071056Z_5e20386a,542,fault,1789801875.1150475,1789801875.1270857,12.355,0,12.355,pass,,read_secondary,"{""background_write_acknowledged"": true, ""reads"": [{""version"": 542, ""max_seen_before"": 541, ""violation"": false}, {""version"": 542, ""max_seen_before"": 542, ""violation"": false}]}"
20260919T071056Z_5e20386a,543,fault,1789801875.1270857,1789801875.1362863,9.244,0,9.244,pass,,read_secondary,"{""background_write_acknowledged"": true, ""reads"": [{""version"": 543, ""max_seen_before"": 542, ""violation"": false}, {""version"": 543, ""max_seen_before"": 543, ""violation"": false}]}"
20260919T071056Z_5e20386a,544,fault,1789801875.1369014,1789801875.146786,10.589,0,10.589,pass,,read_secondary,"{""background_write_acknowledged"": true, ""reads"": [{""version"": 544, ""max_seen_before"": 543, ""violation"": false}, {""version"": 544, ""max_seen_before"": 544, ""violation"": false}]}"
20260919T071056Z_5e20386a,545,fault,1789801875.14758,1789801875.157139,10.03,0,10.03,pass,,read_secondary,"{""background_write_acknowledged"": true, ""reads"": [{""version"": 545, ""max_seen_before"": 544, ""violation"": false}, {""version"": 545, ""max_seen_before"": 545, ""violation"": false}]}"
20260919T071056Z_5e20386a,546,fault,1789801875.157709,1789801875.1681645,10.597,0,10.597,pass,,read_secondary,"{""background_write_acknowledged"": true, ""reads"": [{""version"": 546, ""max_seen_before"": 545, ""violation"": false}, {""version"": 546, ""max_seen_before"": 546, ""violation"": false}]}"
20260919T071056Z_5e20386a,547,fault,1789801875.1681645,1789801875.1772935,9.311,0,9.311,pass,,read_secondary,"{""background_write_acknowledged"": true, ""reads"": [{""version"": 547, ""max_seen_before"": 546, ""violation"": false}, {""version"": 547, ""max_seen_before"": 547, ""violation"": false}]}"
20260919T071056Z_5e20386a,548,fault,1789801875.1772935,1789801875.1878037,10.134,0,10.134,pass,,read_secondary,"{""background_write_acknowledged"": true, ""reads"": [{""version"": 548, ""max_seen_before"": 547, ""violation"": false}, {""version"": 548, ""max_seen_before"": 548, ""violation"": false}]}"
20260919T071056Z_5e20386a,549,fault,1789801875.1878037,1789801875.1974425,9.548,0,9.548,pass,,read_secondary,"{""background_write_acknowledged"": true, ""reads"": [{""version"": 549, ""max_seen_before"": 548, ""violation"": false}, {""version"": 549, ""max_seen_before"": 549, ""violation"": false}]}"
20260919T071056Z_5e20386a,550,fault,1789801875.1974425,1789801875.2071133,9.594,0,9.594,pass,,read_secondary,"{""background_write_acknowledged"": true, ""reads"": [{""version"": 550, ""max_seen_before"": 549, ""violation"": false}, {""version"": 550, ""max_seen_before"": 550, ""violation"": false}]}"
20260919T071056Z_5e20386a,551,fault,1789801875.2071133,1789801875.216849,9.862,0,9.862,pass,,read_secondary,"{""background_write_acknowledged"": true, ""reads"": [{""version"": 551, ""max_seen_before"": 550, ""violation"": false}, {""version"": 551, ""max_seen_before"": 551, ""violation"": false}]}"
20260919T071056Z_5e20386a,552,fault,1789801875.216849,1789801875.2259321,9.036,0,9.036,pass,,read_secondary,"{""background_write_acknowledged"": true, ""reads"": [{""version"": 552, ""max_seen_before"": 551, ""violation"": false}, {""version"": 552, ""max_seen_before"": 552, ""violation"": false}]}"
20260919T071056Z_5e20386a,553,fault,1789801875.2264957,1789801875.23679,10.677,0,10.677,pass,,read_secondary,"{""background_write_acknowledged"": true, ""reads"": [{""version"": 553, ""max_seen_before"": 552, ""violation"": false}, {""version"": 553, ""max_seen_before"": 553, ""violation"": false}]}"
20260919T071056Z_5e20386a,554,fault,1789801875.23679,1789801875.2533782,16.51,0,16.51,pass,,read_secondary,"{""background_write_acknowledged"": true, ""reads"": [{""version"": 554, ""max_seen_before"": 553, ""violation"": false}, {""version"": 554, ""max_seen_before"": 554, ""violation"": false}]}"
20260919T071056Z_5e20386a,555,fault,1789801875.2538874,1789801875.2649815,11.176,0,11.176,pass,,read_secondary,"{""background_write_acknowledged"": true, ""reads"": [{""version"": 555, ""max_seen_before"": 554, ""violation"": false}, {""version"": 555, ""max_seen_before"": 555, ""violation"": false}]}"
20260919T071056Z_5e20386a,556,fault,1789801875.2649815,1789801875.2770755,12.424,0,12.424,pass,,read_secondary,"{""background_write_acknowledged"": true, ""reads"": [{""version"": 556, ""max_seen_before"": 555, ""violation"": false}, {""version"": 556, ""max_seen_before"": 556, ""violation"": false}]}"
20260919T071056Z_5e20386a,557,fault,1789801875.2777712,1789801875.292405,14.622,0,14.622,pass,,read_secondary,"{""background_write_acknowledged"": true, ""reads"": [{""version"": 557, ""max_seen_before"": 556, ""violation"": false}, {""version"": 557, ""max_seen_before"": 557, ""violation"": false}]}"
20260919T071056Z_5e20386a,558,fault,1789801875.292405,1789801875.3047674,12.532,0,12.532,pass,,read_secondary,"{""background_write_acknowledged"": true, ""reads"": [{""version"": 558, ""max_seen_before"": 557, ""violation"": false}, {""version"": 558, ""max_seen_before"": 558, ""violation"": false}]}"
20260919T071056Z_5e20386a,559,fault,1789801875.3047674,1789801875.3127048,8.131,0,8.131,pass,,read_secondary,"{""background_write_acknowledged"": true, ""reads"": [{""version"": 559, ""max_seen_before"": 558, ""violation"": false}, {""version"": 559, ""max_seen_before"": 559, ""violation"": false}]}"
20260919T071056Z_5e20386a,560,fault,1789801875.313348,1789801875.321451,8.705,0,8.705,pass,,read_secondary,"{""background_write_acknowledged"": true, ""reads"": [{""version"": 560, ""max_seen_before"": 559, ""violation"": false}, {""version"": 560, ""max_seen_before"": 560, ""violation"": false}]}"
20260919T071056Z_5e20386a,561,fault,1789801875.322163,1789801875.3303099,8.14,0,8.14,pass,,read_secondary,"{""background_write_acknowledged"": true, ""reads"": [{""version"": 561, ""max_seen_before"": 560, ""violation"": false}, {""version"": 561, ""max_seen_before"": 561, ""violation"": false}]}"
20260919T071056Z_5e20386a,562,fault,1789801875.3303099,1789801875.3427098,12.408,0,12.408,pass,,read_secondary,"{""background_write_acknowledged"": true, ""reads"": [{""version"": 562, ""max_seen_before"": 561, ""violation"": false}, {""version"": 562, ""max_seen_before"": 562, ""violation"": false}]}"
20260919T071056Z_5e20386a,563,fault,1789801875.3427098,1789801875.3538387,10.906,0,10.906,pass,,read_secondary,"{""background_write_acknowledged"": true, ""reads"": [{""version"": 563, ""max_seen_before"": 562, ""violation"": false}, {""version"": 563, ""max_seen_before"": 563, ""violation"": false}]}"
20260919T071056Z_5e20386a,564,fault,1789801875.3538387,1789801875.3634646,9.438,0,9.438,pass,,read_secondary,"{""background_write_acknowledged"": true, ""reads"": [{""version"": 564, ""max_seen_before"": 563, ""violation"": false}, {""version"": 564, ""max_seen_before"": 564, ""violation"": false}]}"
20260919T071056Z_5e20386a,565,fault,1789801875.3634646,1789801875.371476,8.174,0,8.174,pass,,read_secondary,"{""background_write_acknowledged"": true, ""reads"": [{""version"": 565, ""max_seen_before"": 564, ""violation"": false}, {""version"": 565, ""max_seen_before"": 565, ""violation"": false}]}"
20260919T071056Z_5e20386a,566,fault,1789801875.371476,1789801875.381112,9.344,0,9.344,pass,,read_secondary,"{""background_write_acknowledged"": true, ""reads"": [{""version"": 566, ""max_seen_before"": 565, ""violation"": false}, {""version"": 566, ""max_seen_before"": 566, ""violation"": false}]}"
20260919T071056Z_5e20386a,567,fault,1789801875.381112,1789801875.3900445,9.006,0,9.006,pass,,read_secondary,"{""background_write_acknowledged"": true, ""reads"": [{""version"": 567, ""max_seen_before"": 566, ""violation"": false}, {""version"": 567, ""max_seen_before"": 567, ""violation"": false}]}"
20260919T071056Z_5e20386a,568,fault,1789801875.3900445,1789801875.3994606,9.71,0,9.71,pass,,read_secondary,"{""background_write_acknowledged"": true, ""reads"": [{""version"": 568, ""max_seen_before"": 567, ""violation"": false}, {""version"": 568, ""max_seen_before"": 568, ""violation"": false}]}"
20260919T071056Z_5e20386a,569,fault,1789801875.4000895,1789801875.4090574,9.409,0,9.409,pass,,read_secondary,"{""background_write_acknowledged"": true, ""reads"": [{""version"": 569, ""max_seen_before"": 568, ""violation"": false}, {""version"": 569, ""max_seen_before"": 569, ""violation"": false}]}"
20260919T071056Z_5e20386a,570,fault,1789801875.4095623,1789801875.4180152,8.469,0,8.469,pass,,read_secondary,"{""background_write_acknowledged"": true, ""reads"": [{""version"": 570, ""max_seen_before"": 569, ""violation"": false}, {""version"": 570, ""max_seen_before"": 570, ""violation"": false}]}"
20260919T071056Z_5e20386a,571,fault,1789801875.4180152,1789801875.427121,8.941,0,8.941,pass,,read_secondary,"{""background_write_acknowledged"": true, ""reads"": [{""version"": 571, ""max_seen_before"": 570, ""violation"": false}, {""version"": 571, ""max_seen_before"": 571, ""violation"": false}]}"
20260919T071056Z_5e20386a,572,fault,1789801875.427121,1789801875.4355443,8.585,0,8.585,pass,,read_secondary,"{""background_write_acknowledged"": true, ""reads"": [{""version"": 572, ""max_seen_before"": 571, ""violation"": false}, {""version"": 572, ""max_seen_before"": 572, ""violation"": false}]}"
20260919T071056Z_5e20386a,573,fault,1789801875.4355443,1789801875.4437664,8.201,0,8.201,pass,,read_secondary,"{""background_write_acknowledged"": true, ""reads"": [{""version"": 573, ""max_seen_before"": 572, ""violation"": false}, {""version"": 573, ""max_seen_before"": 573, ""violation"": false}]}"
20260919T071056Z_5e20386a,574,fault,1789801875.4437664,1789801875.4524467,8.827,0,8.827,pass,,read_secondary,"{""background_write_acknowledged"": true, ""reads"": [{""version"": 574, ""max_seen_before"": 573, ""violation"": false}, {""version"": 574, ""max_seen_before"": 574, ""violation"": false}]}"
20260919T071056Z_5e20386a,575,fault,1789801875.4524467,1789801875.4614215,8.36,0,8.36,pass,,read_secondary,"{""background_write_acknowledged"": true, ""reads"": [{""version"": 575, ""max_seen_before"": 574, ""violation"": false}, {""version"": 575, ""max_seen_before"": 575, ""violation"": false}]}"
20260919T071056Z_5e20386a,576,fault,1789801875.4614215,1789801875.4699745,8.431,0,8.431,pass,,read_secondary,"{""background_write_acknowledged"": true, ""reads"": [{""version"": 576, ""max_seen_before"": 575, ""violation"": false}, {""version"": 576, ""max_seen_before"": 576, ""violation"": false}]}"
20260919T071056Z_5e20386a,577,fault,1789801875.4699745,1789801875.4779894,8.257,0,8.257,pass,,read_secondary,"{""background_write_acknowledged"": true, ""reads"": [{""version"": 577, ""max_seen_before"": 576, ""violation"": false}, {""version"": 577, ""max_seen_before"": 577, ""violation"": false}]}"
20260919T071056Z_5e20386a,578,fault,1789801875.4779894,1789801875.4868867,9.041,0,9.041,pass,,read_secondary,"{""background_write_acknowledged"": true, ""reads"": [{""version"": 578, ""max_seen_before"": 577, ""violation"": false}, {""version"": 578, ""max_seen_before"": 578, ""violation"": false}]}"
20260919T071056Z_5e20386a,579,fault,1789801875.487561,1789801875.4953947,8.342,0,8.342,pass,,read_secondary,"{""background_write_acknowledged"": true, ""reads"": [{""version"": 579, ""max_seen_before"": 578, ""violation"": false}, {""version"": 579, ""max_seen_before"": 579, ""violation"": false}]}"
20260919T071056Z_5e20386a,580,fault,1789801875.4953947,1789801875.5059614,10.395,0,10.395,pass,,read_secondary,"{""background_write_acknowledged"": true, ""reads"": [{""version"": 580, ""max_seen_before"": 579, ""violation"": false}, {""version"": 580, ""max_seen_before"": 580, ""violation"": false}]}"
20260919T071056Z_5e20386a,581,fault,1789801875.5059614,1789801875.515601,9.283,0,9.283,pass,,read_secondary,"{""background_write_acknowledged"": true, ""reads"": [{""version"": 581, ""max_seen_before"": 580, ""violation"": false}, {""version"": 581, ""max_seen_before"": 581, ""violation"": false}]}"
20260919T071056Z_5e20386a,582,fault,1789801875.515601,1789801875.525918,9.969,0,9.969,pass,,read_secondary,"{""background_write_acknowledged"": true, ""reads"": [{""version"": 582, ""max_seen_before"": 581, ""violation"": false}, {""version"": 582, ""max_seen_before"": 582, ""violation"": false}]}"
20260919T071056Z_5e20386a,583,fault,1789801875.525918,1789801875.5361366,10.141,0,10.141,pass,,read_secondary,"{""background_write_acknowledged"": true, ""reads"": [{""version"": 583, ""max_seen_before"": 582, ""violation"": false}, {""version"": 583, ""max_seen_before"": 583, ""violation"": false}]}"
20260919T071056Z_5e20386a,584,fault,1789801875.5361366,1789801875.5447664,9.094,0,9.094,pass,,read_secondary,"{""background_write_acknowledged"": true, ""reads"": [{""version"": 584, ""max_seen_before"": 583, ""violation"": false}, {""version"": 584, ""max_seen_before"": 584, ""violation"": false}]}"
20260919T071056Z_5e20386a,585,fault,1789801875.5454025,1789801875.5530684,8.346,0,8.346,pass,,read_secondary,"{""background_write_acknowledged"": true, ""reads"": [{""version"": 585, ""max_seen_before"": 584, ""violation"": false}, {""version"": 585, ""max_seen_before"": 585, ""violation"": false}]}"
20260919T071056Z_5e20386a,586,fault,1789801875.5530684,1789801875.5620866,8.124,0,8.124,pass,,read_secondary,"{""background_write_acknowledged"": true, ""reads"": [{""version"": 586, ""max_seen_before"": 585, ""violation"": false}, {""version"": 586, ""max_seen_before"": 586, ""violation"": false}]}"
20260919T071056Z_5e20386a,587,fault,1789801875.5620866,1789801875.5695012,7.626,0,7.626,pass,,read_secondary,"{""background_write_acknowledged"": true, ""reads"": [{""version"": 587, ""max_seen_before"": 586, ""violation"": false}, {""version"": 587, ""max_seen_before"": 587, ""violation"": false}]}"
20260919T071056Z_5e20386a,588,fault,1789801875.5695012,1789801875.576855,7.618,0,7.618,pass,,read_secondary,"{""background_write_acknowledged"": true, ""reads"": [{""version"": 588, ""max_seen_before"": 587, ""violation"": false}, {""version"": 588, ""max_seen_before"": 588, ""violation"": false}]}"
20260919T071056Z_5e20386a,589,fault,1789801875.577516,1789801875.584916,7.839,0,7.839,pass,,read_secondary,"{""background_write_acknowledged"": true, ""reads"": [{""version"": 589, ""max_seen_before"": 588, ""violation"": false}, {""version"": 589, ""max_seen_before"": 589, ""violation"": false}]}"
20260919T071056Z_5e20386a,590,fault,1789801875.584916,1789801875.5941303,8.695,0,8.695,pass,,read_secondary,"{""background_write_acknowledged"": true, ""reads"": [{""version"": 590, ""max_seen_before"": 589, ""violation"": false}, {""version"": 590, ""max_seen_before"": 590, ""violation"": false}]}"
20260919T071056Z_5e20386a,591,fault,1789801875.5941303,1789801875.6023362,8.403,0,8.403,pass,,read_secondary,"{""background_write_acknowledged"": true, ""reads"": [{""version"": 591, ""max_seen_before"": 590, ""violation"": false}, {""version"": 591, ""max_seen_before"": 591, ""violation"": false}]}"
20260919T071056Z_5e20386a,592,fault,1789801875.6023362,1789801875.610072,8.457,0,8.457,pass,,read_secondary,"{""background_write_acknowledged"": true, ""reads"": [{""version"": 592, ""max_seen_before"": 591, ""violation"": false}, {""version"": 592, ""max_seen_before"": 592, ""violation"": false}]}"
20260919T071056Z_5e20386a,593,fault,1789801875.6112566,1789801875.6177845,7.194,0,7.194,pass,,read_secondary,"{""background_write_acknowledged"": true, ""reads"": [{""version"": 593, ""max_seen_before"": 592, ""violation"": false}, {""version"": 593, ""max_seen_before"": 593, ""violation"": false}]}"
20260919T071056Z_5e20386a,594,fault,1789801875.6185248,1789801875.6280255,9.49,0,9.49,pass,,read_secondary,"{""background_write_acknowledged"": true, ""reads"": [{""version"": 594, ""max_seen_before"": 593, ""violation"": false}, {""version"": 594, ""max_seen_before"": 594, ""violation"": false}]}"
20260919T071056Z_5e20386a,595,fault,1789801875.6280255,1789801875.6363692,8.244,0,8.244,pass,,read_secondary,"{""background_write_acknowledged"": true, ""reads"": [{""version"": 595, ""max_seen_before"": 594, ""violation"": false}, {""version"": 595, ""max_seen_before"": 595, ""violation"": false}]}"
20260919T071056Z_5e20386a,596,fault,1789801875.6363692,1789801875.6443226,8.528,0,8.528,pass,,read_secondary,"{""background_write_acknowledged"": true, ""reads"": [{""version"": 596, ""max_seen_before"": 595, ""violation"": false}, {""version"": 596, ""max_seen_before"": 596, ""violation"": false}]}"
20260919T071056Z_5e20386a,597,fault,1789801875.6450303,1789801875.6530247,8.092,0,8.092,pass,,read_secondary,"{""background_write_acknowledged"": true, ""reads"": [{""version"": 597, ""max_seen_before"": 596, ""violation"": false}, {""version"": 597, ""max_seen_before"": 597, ""violation"": false}]}"
20260919T071056Z_5e20386a,598,fault,1789801875.6530247,1789801875.6610317,8.093,0,8.093,pass,,read_secondary,"{""background_write_acknowledged"": true, ""reads"": [{""version"": 598, ""max_seen_before"": 597, ""violation"": false}, {""version"": 598, ""max_seen_before"": 598, ""violation"": false}]}"
20260919T071056Z_5e20386a,599,fault,1789801875.6610317,1789801875.668775,7.735,0,7.735,pass,,read_secondary,"{""background_write_acknowledged"": true, ""reads"": [{""version"": 599, ""max_seen_before"": 598, ""violation"": false}, {""version"": 599, ""max_seen_before"": 599, ""violation"": false}]}"
20260919T071056Z_5e20386a,600,recovery,1789801876.5015278,1789801876.5106623,9.254,0,9.254,pass,,read_secondary,"{""background_write_acknowledged"": true, ""reads"": [{""version"": 600, ""max_seen_before"": 599, ""violation"": false}, {""version"": 600, ""max_seen_before"": 600, ""violation"": false}]}"
20260919T071056Z_5e20386a,601,recovery,1789801876.5142484,1789801876.5231447,8.881,0,8.881,pass,,read_secondary,"{""background_write_acknowledged"": true, ""reads"": [{""version"": 601, ""max_seen_before"": 600, ""violation"": false}, {""version"": 601, ""max_seen_before"": 601, ""violation"": false}]}"
20260919T071056Z_5e20386a,602,recovery,1789801876.5231447,1789801876.5354378,12.043,0,12.043,pass,,read_secondary,"{""background_write_acknowledged"": true, ""reads"": [{""version"": 602, ""max_seen_before"": 601, ""violation"": false}, {""version"": 602, ""max_seen_before"": 602, ""violation"": false}]}"
20260919T071056Z_5e20386a,603,recovery,1789801876.5354378,1789801876.5493863,14.113,0,14.113,pass,,read_secondary,"{""background_write_acknowledged"": true, ""reads"": [{""version"": 603, ""max_seen_before"": 602, ""violation"": false}, {""version"": 603, ""max_seen_before"": 603, ""violation"": false}]}"
20260919T071056Z_5e20386a,604,recovery,1789801876.5493863,1789801876.563758,14.038,0,14.038,pass,,read_secondary,"{""background_write_acknowledged"": true, ""reads"": [{""version"": 604, ""max_seen_before"": 603, ""violation"": false}, {""version"": 604, ""max_seen_before"": 604, ""violation"": false}]}"
20260919T071056Z_5e20386a,605,recovery,1789801876.563758,1789801876.575254,11.601,0,11.601,pass,,read_secondary,"{""background_write_acknowledged"": true, ""reads"": [{""version"": 605, ""max_seen_before"": 604, ""violation"": false}, {""version"": 605, ""max_seen_before"": 605, ""violation"": false}]}"
20260919T071056Z_5e20386a,606,recovery,1789801876.575803,1789801876.586385,10.722,0,10.722,pass,,read_secondary,"{""background_write_acknowledged"": true, ""reads"": [{""version"": 606, ""max_seen_before"": 605, ""violation"": false}, {""version"": 606, ""max_seen_before"": 606, ""violation"": false}]}"
20260919T071056Z_5e20386a,607,recovery,1789801876.586385,1789801876.5979624,11.272,0,11.272,pass,,read_secondary,"{""background_write_acknowledged"": true, ""reads"": [{""version"": 607, ""max_seen_before"": 606, ""violation"": false}, {""version"": 607, ""max_seen_before"": 607, ""violation"": false}]}"
20260919T071056Z_5e20386a,608,recovery,1789801876.5979624,1789801876.608231,10.507,0,10.507,pass,,read_secondary,"{""background_write_acknowledged"": true, ""reads"": [{""version"": 608, ""max_seen_before"": 607, ""violation"": false}, {""version"": 608, ""max_seen_before"": 608, ""violation"": false}]}"
20260919T071056Z_5e20386a,609,recovery,1789801876.608231,1789801876.6182818,9.899,0,9.899,pass,,read_secondary,"{""background_write_acknowledged"": true, ""reads"": [{""version"": 609, ""max_seen_before"": 608, ""violation"": false}, {""version"": 609, ""max_seen_before"": 609, ""violation"": false}]}"
20260919T071056Z_5e20386a,610,recovery,1789801876.6182818,1789801876.6273742,8.746,0,8.746,pass,,read_secondary,"{""background_write_acknowledged"": true, ""reads"": [{""version"": 610, ""max_seen_before"": 609, ""violation"": false}, {""version"": 610, ""max_seen_before"": 610, ""violation"": false}]}"
20260919T071056Z_5e20386a,611,recovery,1789801876.6273742,1789801876.6373432,10.534,0,10.534,pass,,read_secondary,"{""background_write_acknowledged"": true, ""reads"": [{""version"": 611, ""max_seen_before"": 610, ""violation"": false}, {""version"": 611, ""max_seen_before"": 611, ""violation"": false}]}"
20260919T071056Z_5e20386a,612,recovery,1789801876.6380985,1789801876.6466436,9.076,0,9.076,pass,,read_secondary,"{""background_write_acknowledged"": true, ""reads"": [{""version"": 612, ""max_seen_before"": 611, ""violation"": false}, {""version"": 612, ""max_seen_before"": 612, ""violation"": false}]}"
20260919T071056Z_5e20386a,613,recovery,1789801876.6472995,1789801876.6562476,9.456,0,9.456,pass,,read_secondary,"{""background_write_acknowledged"": true, ""reads"": [{""version"": 613, ""max_seen_before"": 612, ""violation"": false}, {""version"": 613, ""max_seen_before"": 613, ""violation"": false}]}"
20260919T071056Z_5e20386a,614,recovery,1789801876.6562476,1789801876.66655,9.888,0,9.888,pass,,read_secondary,"{""background_write_acknowledged"": true, ""reads"": [{""version"": 614, ""max_seen_before"": 613, ""violation"": false}, {""version"": 614, ""max_seen_before"": 614, ""violation"": false}]}"
20260919T071056Z_5e20386a,615,recovery,1789801876.66655,1789801876.6789532,12.173,0,12.173,pass,,read_secondary,"{""background_write_acknowledged"": true, ""reads"": [{""version"": 615, ""max_seen_before"": 614, ""violation"": false}, {""version"": 615, ""max_seen_before"": 615, ""violation"": false}]}"
20260919T071056Z_5e20386a,616,recovery,1789801876.6789532,1789801876.6885781,9.462,0,9.462,pass,,read_secondary,"{""background_write_acknowledged"": true, ""reads"": [{""version"": 616, ""max_seen_before"": 615, ""violation"": false}, {""version"": 616, ""max_seen_before"": 616, ""violation"": false}]}"
20260919T071056Z_5e20386a,617,recovery,1789801876.6885781,1789801876.6992013,10.66,0,10.66,pass,,read_secondary,"{""background_write_acknowledged"": true, ""reads"": [{""version"": 617, ""max_seen_before"": 616, ""violation"": false}, {""version"": 617, ""max_seen_before"": 617, ""violation"": false}]}"
20260919T071056Z_5e20386a,618,recovery,1789801876.6992013,1789801876.7076273,8.53,0,8.53,pass,,read_secondary,"{""background_write_acknowledged"": true, ""reads"": [{""version"": 618, ""max_seen_before"": 617, ""violation"": false}, {""version"": 618, ""max_seen_before"": 618, ""violation"": false}]}"
20260919T071056Z_5e20386a,619,recovery,1789801876.7076273,1789801876.7167737,9.166,0,9.166,pass,,read_secondary,"{""background_write_acknowledged"": true, ""reads"": [{""version"": 619, ""max_seen_before"": 618, ""violation"": false}, {""version"": 619, ""max_seen_before"": 619, ""violation"": false}]}"
20260919T071056Z_5e20386a,620,recovery,1789801876.7167737,1789801876.727096,9.836,0,9.836,pass,,read_secondary,"{""background_write_acknowledged"": true, ""reads"": [{""version"": 620, ""max_seen_before"": 619, ""violation"": false}, {""version"": 620, ""max_seen_before"": 620, ""violation"": false}]}"
20260919T071056Z_5e20386a,621,recovery,1789801876.727096,1789801876.7364478,9.57,0,9.57,pass,,read_secondary,"{""background_write_acknowledged"": true, ""reads"": [{""version"": 621, ""max_seen_before"": 620, ""violation"": false}, {""version"": 621, ""max_seen_before"": 621, ""violation"": false}]}"
20260919T071056Z_5e20386a,622,recovery,1789801876.7364478,1789801876.7450957,8.124,0,8.124,pass,,read_secondary,"{""background_write_acknowledged"": true, ""reads"": [{""version"": 622, ""max_seen_before"": 621, ""violation"": false}, {""version"": 622, ""max_seen_before"": 622, ""violation"": false}]}"
20260919T071056Z_5e20386a,623,recovery,1789801876.7450957,1789801876.752754,7.498,0,7.498,pass,,read_secondary,"{""background_write_acknowledged"": true, ""reads"": [{""version"": 623, ""max_seen_before"": 622, ""violation"": false}, {""version"": 623, ""max_seen_before"": 623, ""violation"": false}]}"
20260919T071056Z_5e20386a,624,recovery,1789801876.752754,1789801876.7600772,7.803,0,7.803,pass,,read_secondary,"{""background_write_acknowledged"": true, ""reads"": [{""version"": 624, ""max_seen_before"": 623, ""violation"": false}, {""version"": 624, ""max_seen_before"": 624, ""violation"": false}]}"
20260919T071056Z_5e20386a,625,recovery,1789801876.7607057,1789801876.7681742,8.017,0,8.017,pass,,read_secondary,"{""background_write_acknowledged"": true, ""reads"": [{""version"": 625, ""max_seen_before"": 624, ""violation"": false}, {""version"": 625, ""max_seen_before"": 625, ""violation"": false}]}"
20260919T071056Z_5e20386a,626,recovery,1789801876.768815,1789801876.7759066,7.404,0,7.404,pass,,read_secondary,"{""background_write_acknowledged"": true, ""reads"": [{""version"": 626, ""max_seen_before"": 625, ""violation"": false}, {""version"": 626, ""max_seen_before"": 626, ""violation"": false}]}"
20260919T071056Z_5e20386a,627,recovery,1789801876.7759066,1789801876.7835174,7.592,0,7.592,pass,,read_secondary,"{""background_write_acknowledged"": true, ""reads"": [{""version"": 627, ""max_seen_before"": 626, ""violation"": false}, {""version"": 627, ""max_seen_before"": 627, ""violation"": false}]}"
20260919T071056Z_5e20386a,628,recovery,1789801876.7835174,1789801876.7909372,7.555,0,7.555,pass,,read_secondary,"{""background_write_acknowledged"": true, ""reads"": [{""version"": 628, ""max_seen_before"": 627, ""violation"": false}, {""version"": 628, ""max_seen_before"": 628, ""violation"": false}]}"
20260919T071056Z_5e20386a,629,recovery,1789801876.7915509,1789801876.8003926,9.34,0,9.34,pass,,read_secondary,"{""background_write_acknowledged"": true, ""reads"": [{""version"": 629, ""max_seen_before"": 628, ""violation"": false}, {""version"": 629, ""max_seen_before"": 629, ""violation"": false}]}"
20260919T071056Z_5e20386a,630,recovery,1789801876.8009899,1789801876.80922,8.479,0,8.479,pass,,read_secondary,"{""background_write_acknowledged"": true, ""reads"": [{""version"": 630, ""max_seen_before"": 629, ""violation"": false}, {""version"": 630, ""max_seen_before"": 630, ""violation"": false}]}"
20260919T071056Z_5e20386a,631,recovery,1789801876.80922,1789801876.818517,9.382,0,9.382,pass,,read_secondary,"{""background_write_acknowledged"": true, ""reads"": [{""version"": 631, ""max_seen_before"": 630, ""violation"": false}, {""version"": 631, ""max_seen_before"": 631, ""violation"": false}]}"
20260919T071056Z_5e20386a,632,recovery,1789801876.819088,1789801876.8283837,9.863,0,9.863,pass,,read_secondary,"{""background_write_acknowledged"": true, ""reads"": [{""version"": 632, ""max_seen_before"": 631, ""violation"": false}, {""version"": 632, ""max_seen_before"": 632, ""violation"": false}]}"
20260919T071056Z_5e20386a,633,recovery,1789801876.8290603,1789801876.8428533,13.738,0,13.738,pass,,read_secondary,"{""background_write_acknowledged"": true, ""reads"": [{""version"": 633, ""max_seen_before"": 632, ""violation"": false}, {""version"": 633, ""max_seen_before"": 633, ""violation"": false}]}"
20260919T071056Z_5e20386a,634,recovery,1789801876.8428533,1789801876.8530164,10.257,0,10.257,pass,,read_secondary,"{""background_write_acknowledged"": true, ""reads"": [{""version"": 634, ""max_seen_before"": 633, ""violation"": false}, {""version"": 634, ""max_seen_before"": 634, ""violation"": false}]}"
20260919T071056Z_5e20386a,635,recovery,1789801876.8530164,1789801876.862977,9.778,0,9.778,pass,,read_secondary,"{""background_write_acknowledged"": true, ""reads"": [{""version"": 635, ""max_seen_before"": 634, ""violation"": false}, {""version"": 635, ""max_seen_before"": 635, ""violation"": false}]}"
20260919T071056Z_5e20386a,636,recovery,1789801876.862977,1789801876.8715706,8.7,0,8.7,pass,,read_secondary,"{""background_write_acknowledged"": true, ""reads"": [{""version"": 636, ""max_seen_before"": 635, ""violation"": false}, {""version"": 636, ""max_seen_before"": 636, ""violation"": false}]}"
20260919T071056Z_5e20386a,637,recovery,1789801876.8715706,1789801876.879602,8.163,0,8.163,pass,,read_secondary,"{""background_write_acknowledged"": true, ""reads"": [{""version"": 637, ""max_seen_before"": 636, ""violation"": false}, {""version"": 637, ""max_seen_before"": 637, ""violation"": false}]}"
20260919T071056Z_5e20386a,638,recovery,1789801876.879602,1789801876.8883438,8.585,0,8.585,pass,,read_secondary,"{""background_write_acknowledged"": true, ""reads"": [{""version"": 638, ""max_seen_before"": 637, ""violation"": false}, {""version"": 638, ""max_seen_before"": 638, ""violation"": false}]}"
20260919T071056Z_5e20386a,639,recovery,1789801876.8883438,1789801876.8999786,11.452,0,11.452,pass,,read_secondary,"{""background_write_acknowledged"": true, ""reads"": [{""version"": 639, ""max_seen_before"": 638, ""violation"": false}, {""version"": 639, ""max_seen_before"": 639, ""violation"": false}]}"
20260919T071056Z_5e20386a,640,recovery,1789801876.8999786,1789801876.9106784,10.689,0,10.689,pass,,read_secondary,"{""background_write_acknowledged"": true, ""reads"": [{""version"": 640, ""max_seen_before"": 639, ""violation"": false}, {""version"": 640, ""max_seen_before"": 640, ""violation"": false}]}"
20260919T071056Z_5e20386a,641,recovery,1789801876.9112594,1789801876.9192338,8.394,0,8.394,pass,,read_secondary,"{""background_write_acknowledged"": true, ""reads"": [{""version"": 641, ""max_seen_before"": 640, ""violation"": false}, {""version"": 641, ""max_seen_before"": 641, ""violation"": false}]}"
20260919T071056Z_5e20386a,642,recovery,1789801876.9192338,1789801876.9283566,8.696,0,8.696,pass,,read_secondary,"{""background_write_acknowledged"": true, ""reads"": [{""version"": 642, ""max_seen_before"": 641, ""violation"": false}, {""version"": 642, ""max_seen_before"": 642, ""violation"": false}]}"
20260919T071056Z_5e20386a,643,recovery,1789801876.9283566,1789801876.9369023,8.406,0,8.406,pass,,read_secondary,"{""background_write_acknowledged"": true, ""reads"": [{""version"": 643, ""max_seen_before"": 642, ""violation"": false}, {""version"": 643, ""max_seen_before"": 643, ""violation"": false}]}"
20260919T071056Z_5e20386a,644,recovery,1789801876.9369023,1789801876.9449348,8.207,0,8.207,pass,,read_secondary,"{""background_write_acknowledged"": true, ""reads"": [{""version"": 644, ""max_seen_before"": 643, ""violation"": false}, {""version"": 644, ""max_seen_before"": 644, ""violation"": false}]}"
20260919T071056Z_5e20386a,645,recovery,1789801876.9449348,1789801876.9531069,7.972,0,7.972,pass,,read_secondary,"{""background_write_acknowledged"": true, ""reads"": [{""version"": 645, ""max_seen_before"": 644, ""violation"": false}, {""version"": 645, ""max_seen_before"": 645, ""violation"": false}]}"
20260919T071056Z_5e20386a,646,recovery,1789801876.9531069,1789801876.9602711,7.404,0,7.404,pass,,read_secondary,"{""background_write_acknowledged"": true, ""reads"": [{""version"": 646, ""max_seen_before"": 645, ""violation"": false}, {""version"": 646, ""max_seen_before"": 646, ""violation"": false}]}"
20260919T071056Z_5e20386a,647,recovery,1789801876.960877,1789801876.9682453,7.804,0,7.804,pass,,read_secondary,"{""background_write_acknowledged"": true, ""reads"": [{""version"": 647, ""max_seen_before"": 646, ""violation"": false}, {""version"": 647, ""max_seen_before"": 647, ""violation"": false}]}"
20260919T071056Z_5e20386a,648,recovery,1789801876.9687667,1789801876.9757075,7.438,0,7.438,pass,,read_secondary,"{""background_write_acknowledged"": true, ""reads"": [{""version"": 648, ""max_seen_before"": 647, ""violation"": false}, {""version"": 648, ""max_seen_before"": 648, ""violation"": false}]}"
20260919T071056Z_5e20386a,649,recovery,1789801876.9762738,1789801876.9833653,7.507,0,7.507,pass,,read_secondary,"{""background_write_acknowledged"": true, ""reads"": [{""version"": 649, ""max_seen_before"": 648, ""violation"": false}, {""version"": 649, ""max_seen_before"": 649, ""violation"": false}]}"
20260919T071056Z_5e20386a,650,recovery,1789801876.9833653,1789801876.9912932,7.924,0,7.924,pass,,read_secondary,"{""background_write_acknowledged"": true, ""reads"": [{""version"": 650, ""max_seen_before"": 649, ""violation"": false}, {""version"": 650, ""max_seen_before"": 650, ""violation"": false}]}"
20260919T071056Z_5e20386a,651,recovery,1789801876.9919035,1789801876.9999452,8.226,0,8.226,pass,,read_secondary,"{""background_write_acknowledged"": true, ""reads"": [{""version"": 651, ""max_seen_before"": 650, ""violation"": false}, {""version"": 651, ""max_seen_before"": 651, ""violation"": false}]}"
20260919T071056Z_5e20386a,652,recovery,1789801876.9999452,1789801877.008547,8.315,0,8.315,pass,,read_secondary,"{""background_write_acknowledged"": true, ""reads"": [{""version"": 652, ""max_seen_before"": 651, ""violation"": false}, {""version"": 652, ""max_seen_before"": 652, ""violation"": false}]}"
20260919T071056Z_5e20386a,653,recovery,1789801877.008547,1789801877.0166948,8.422,0,8.422,pass,,read_secondary,"{""background_write_acknowledged"": true, ""reads"": [{""version"": 653, ""max_seen_before"": 652, ""violation"": false}, {""version"": 653, ""max_seen_before"": 653, ""violation"": false}]}"
20260919T071056Z_5e20386a,654,recovery,1789801877.0166948,1789801877.024632,7.988,0,7.988,pass,,read_secondary,"{""background_write_acknowledged"": true, ""reads"": [{""version"": 654, ""max_seen_before"": 653, ""violation"": false}, {""version"": 654, ""max_seen_before"": 654, ""violation"": false}]}"
20260919T071056Z_5e20386a,655,recovery,1789801877.024632,1789801877.0347655,9.909,0,9.909,pass,,read_secondary,"{""background_write_acknowledged"": true, ""reads"": [{""version"": 655, ""max_seen_before"": 654, ""violation"": false}, {""version"": 655, ""max_seen_before"": 655, ""violation"": false}]}"
20260919T071056Z_5e20386a,656,recovery,1789801877.0347655,1789801877.0450275,9.915,0,9.915,pass,,read_secondary,"{""background_write_acknowledged"": true, ""reads"": [{""version"": 656, ""max_seen_before"": 655, ""violation"": false}, {""version"": 656, ""max_seen_before"": 656, ""violation"": false}]}"
20260919T071056Z_5e20386a,657,recovery,1789801877.0450275,1789801877.0534387,8.505,0,8.505,pass,,read_secondary,"{""background_write_acknowledged"": true, ""reads"": [{""version"": 657, ""max_seen_before"": 656, ""violation"": false}, {""version"": 657, ""max_seen_before"": 657, ""violation"": false}]}"
20260919T071056Z_5e20386a,658,recovery,1789801877.0534387,1789801877.0621705,8.916,0,8.916,pass,,read_secondary,"{""background_write_acknowledged"": true, ""reads"": [{""version"": 658, ""max_seen_before"": 657, ""violation"": false}, {""version"": 658, ""max_seen_before"": 658, ""violation"": false}]}"
20260919T071056Z_5e20386a,659,recovery,1789801877.0627942,1789801877.0703542,7.949,0,7.949,pass,,read_secondary,"{""background_write_acknowledged"": true, ""reads"": [{""version"": 659, ""max_seen_before"": 658, ""violation"": false}, {""version"": 659, ""max_seen_before"": 659, ""violation"": false}]}"
20260919T071056Z_5e20386a,660,recovery,1789801877.0708652,1789801877.0792134,8.803,0,8.803,pass,,read_secondary,"{""background_write_acknowledged"": true, ""reads"": [{""version"": 660, ""max_seen_before"": 659, ""violation"": false}, {""version"": 660, ""max_seen_before"": 660, ""violation"": false}]}"
20260919T071056Z_5e20386a,661,recovery,1789801877.0797808,1789801877.0884838,8.928,0,8.928,pass,,read_secondary,"{""background_write_acknowledged"": true, ""reads"": [{""version"": 661, ""max_seen_before"": 660, ""violation"": false}, {""version"": 661, ""max_seen_before"": 661, ""violation"": false}]}"
20260919T071056Z_5e20386a,662,recovery,1789801877.0884838,1789801877.0959983,7.414,0,7.414,pass,,read_secondary,"{""background_write_acknowledged"": true, ""reads"": [{""version"": 662, ""max_seen_before"": 661, ""violation"": false}, {""version"": 662, ""max_seen_before"": 662, ""violation"": false}]}"
20260919T071056Z_5e20386a,663,recovery,1789801877.0959983,1789801877.1033247,7.481,0,7.481,pass,,read_secondary,"{""background_write_acknowledged"": true, ""reads"": [{""version"": 663, ""max_seen_before"": 662, ""violation"": false}, {""version"": 663, ""max_seen_before"": 663, ""violation"": false}]}"
20260919T071056Z_5e20386a,664,recovery,1789801877.103895,1789801877.1120248,8.033,0,8.033,pass,,read_secondary,"{""background_write_acknowledged"": true, ""reads"": [{""version"": 664, ""max_seen_before"": 663, ""violation"": false}, {""version"": 664, ""max_seen_before"": 664, ""violation"": false}]}"
20260919T071056Z_5e20386a,665,recovery,1789801877.1120248,1789801877.1217754,9.731,0,9.731,pass,,read_secondary,"{""background_write_acknowledged"": true, ""reads"": [{""version"": 665, ""max_seen_before"": 664, ""violation"": false}, {""version"": 665, ""max_seen_before"": 665, ""violation"": false}]}"
20260919T071056Z_5e20386a,666,recovery,1789801877.1217754,1789801877.132046,10.46,0,10.46,pass,,read_secondary,"{""background_write_acknowledged"": true, ""reads"": [{""version"": 666, ""max_seen_before"": 665, ""violation"": false}, {""version"": 666, ""max_seen_before"": 666, ""violation"": false}]}"
20260919T071056Z_5e20386a,667,recovery,1789801877.132046,1789801877.1410959,8.965,0,8.965,pass,,read_secondary,"{""background_write_acknowledged"": true, ""reads"": [{""version"": 667, ""max_seen_before"": 666, ""violation"": false}, {""version"": 667, ""max_seen_before"": 667, ""violation"": false}]}"
20260919T071056Z_5e20386a,668,recovery,1789801877.1410959,1789801877.1502259,8.866,0,8.866,pass,,read_secondary,"{""background_write_acknowledged"": true, ""reads"": [{""version"": 668, ""max_seen_before"": 667, ""violation"": false}, {""version"": 668, ""max_seen_before"": 668, ""violation"": false}]}"
20260919T071056Z_5e20386a,669,recovery,1789801877.1502259,1789801877.1626992,12.368,0,12.368,pass,,read_secondary,"{""background_write_acknowledged"": true, ""reads"": [{""version"": 669, ""max_seen_before"": 668, ""violation"": false}, {""version"": 669, ""max_seen_before"": 669, ""violation"": false}]}"
20260919T071056Z_5e20386a,670,recovery,1789801877.1626992,1789801877.1741247,11.704,0,11.704,pass,,read_secondary,"{""background_write_acknowledged"": true, ""reads"": [{""version"": 670, ""max_seen_before"": 669, ""violation"": false}, {""version"": 670, ""max_seen_before"": 670, ""violation"": false}]}"
20260919T071056Z_5e20386a,671,recovery,1789801877.174762,1789801877.1841915,9.626,0,9.626,pass,,read_secondary,"{""background_write_acknowledged"": true, ""reads"": [{""version"": 671, ""max_seen_before"": 670, ""violation"": false}, {""version"": 671, ""max_seen_before"": 671, ""violation"": false}]}"
20260919T071056Z_5e20386a,672,recovery,1789801877.1841915,1789801877.1950636,11.067,0,11.067,pass,,read_secondary,"{""background_write_acknowledged"": true, ""reads"": [{""version"": 672, ""max_seen_before"": 671, ""violation"": false}, {""version"": 672, ""max_seen_before"": 672, ""violation"": false}]}"
20260919T071056Z_5e20386a,673,recovery,1789801877.1956728,1789801877.2076426,12.469,0,12.469,pass,,read_secondary,"{""background_write_acknowledged"": true, ""reads"": [{""version"": 673, ""max_seen_before"": 672, ""violation"": false}, {""version"": 673, ""max_seen_before"": 673, ""violation"": false}]}"
20260919T071056Z_5e20386a,674,recovery,1789801877.2076426,1789801877.2204072,12.305,0,12.305,pass,,read_secondary,"{""background_write_acknowledged"": true, ""reads"": [{""version"": 674, ""max_seen_before"": 673, ""violation"": false}, {""version"": 674, ""max_seen_before"": 674, ""violation"": false}]}"
20260919T071056Z_5e20386a,675,recovery,1789801877.2204072,1789801877.2293923,8.837,0,8.837,pass,,read_secondary,"{""background_write_acknowledged"": true, ""reads"": [{""version"": 675, ""max_seen_before"": 674, ""violation"": false}, {""version"": 675, ""max_seen_before"": 675, ""violation"": false}]}"
20260919T071056Z_5e20386a,676,recovery,1789801877.2293923,1789801877.2380517,8.552,0,8.552,pass,,read_secondary,"{""background_write_acknowledged"": true, ""reads"": [{""version"": 676, ""max_seen_before"": 675, ""violation"": false}, {""version"": 676, ""max_seen_before"": 676, ""violation"": false}]}"
20260919T071056Z_5e20386a,677,recovery,1789801877.2380517,1789801877.2469687,9.049,0,9.049,pass,,read_secondary,"{""background_write_acknowledged"": true, ""reads"": [{""version"": 677, ""max_seen_before"": 676, ""violation"": false}, {""version"": 677, ""max_seen_before"": 677, ""violation"": false}]}"
20260919T071056Z_5e20386a,678,recovery,1789801877.2469687,1789801877.2567053,9.348,0,9.348,pass,,read_secondary,"{""background_write_acknowledged"": true, ""reads"": [{""version"": 678, ""max_seen_before"": 677, ""violation"": false}, {""version"": 678, ""max_seen_before"": 678, ""violation"": false}]}"
20260919T071056Z_5e20386a,679,recovery,1789801877.2567053,1789801877.2657707,8.952,0,8.952,pass,,read_secondary,"{""background_write_acknowledged"": true, ""reads"": [{""version"": 679, ""max_seen_before"": 678, ""violation"": false}, {""version"": 679, ""max_seen_before"": 679, ""violation"": false}]}"
20260919T071056Z_5e20386a,680,recovery,1789801877.2657707,1789801877.2748272,9.353,0,9.353,pass,,read_secondary,"{""background_write_acknowledged"": true, ""reads"": [{""version"": 680, ""max_seen_before"": 679, ""violation"": false}, {""version"": 680, ""max_seen_before"": 680, ""violation"": false}]}"
20260919T071056Z_5e20386a,681,recovery,1789801877.2754402,1789801877.2838395,8.857,0,8.857,pass,,read_secondary,"{""background_write_acknowledged"": true, ""reads"": [{""version"": 681, ""max_seen_before"": 680, ""violation"": false}, {""version"": 681, ""max_seen_before"": 681, ""violation"": false}]}"
20260919T071056Z_5e20386a,682,recovery,1789801877.2838395,1789801877.2944343,10.251,0,10.251,pass,,read_secondary,"{""background_write_acknowledged"": true, ""reads"": [{""version"": 682, ""max_seen_before"": 681, ""violation"": false}, {""version"": 682, ""max_seen_before"": 682, ""violation"": false}]}"
20260919T071056Z_5e20386a,683,recovery,1789801877.2944343,1789801877.3031874,8.713,0,8.713,pass,,read_secondary,"{""background_write_acknowledged"": true, ""reads"": [{""version"": 683, ""max_seen_before"": 682, ""violation"": false}, {""version"": 683, ""max_seen_before"": 683, ""violation"": false}]}"
20260919T071056Z_5e20386a,684,recovery,1789801877.3031874,1789801877.3132274,9.853,0,9.853,pass,,read_secondary,"{""background_write_acknowledged"": true, ""reads"": [{""version"": 684, ""max_seen_before"": 683, ""violation"": false}, {""version"": 684, ""max_seen_before"": 684, ""violation"": false}]}"
20260919T071056Z_5e20386a,685,recovery,1789801877.3132274,1789801877.3224697,9.153,0,9.153,pass,,read_secondary,"{""background_write_acknowledged"": true, ""reads"": [{""version"": 685, ""max_seen_before"": 684, ""violation"": false}, {""version"": 685, ""max_seen_before"": 685, ""violation"": false}]}"
20260919T071056Z_5e20386a,686,recovery,1789801877.3224697,1789801877.3304238,7.761,0,7.761,pass,,read_secondary,"{""background_write_acknowledged"": true, ""reads"": [{""version"": 686, ""max_seen_before"": 685, ""violation"": false}, {""version"": 686, ""max_seen_before"": 686, ""violation"": false}]}"
20260919T071056Z_5e20386a,687,recovery,1789801877.3304238,1789801877.3389952,8.592,0,8.592,pass,,read_secondary,"{""background_write_acknowledged"": true, ""reads"": [{""version"": 687, ""max_seen_before"": 686, ""violation"": false}, {""version"": 687, ""max_seen_before"": 687, ""violation"": false}]}"
20260919T071056Z_5e20386a,688,recovery,1789801877.3389952,1789801877.3472233,8.053,0,8.053,pass,,read_secondary,"{""background_write_acknowledged"": true, ""reads"": [{""version"": 688, ""max_seen_before"": 687, ""violation"": false}, {""version"": 688, ""max_seen_before"": 688, ""violation"": false}]}"
20260919T071056Z_5e20386a,689,recovery,1789801877.3472233,1789801877.3557832,8.512,0,8.512,pass,,read_secondary,"{""background_write_acknowledged"": true, ""reads"": [{""version"": 689, ""max_seen_before"": 688, ""violation"": false}, {""version"": 689, ""max_seen_before"": 689, ""violation"": false}]}"
20260919T071056Z_5e20386a,690,recovery,1789801877.3557832,1789801877.3642824,8.451,0,8.451,pass,,read_secondary,"{""background_write_acknowledged"": true, ""reads"": [{""version"": 690, ""max_seen_before"": 689, ""violation"": false}, {""version"": 690, ""max_seen_before"": 690, ""violation"": false}]}"
20260919T071056Z_5e20386a,691,recovery,1789801877.3642824,1789801877.3723783,7.96,0,7.96,pass,,read_secondary,"{""background_write_acknowledged"": true, ""reads"": [{""version"": 691, ""max_seen_before"": 690, ""violation"": false}, {""version"": 691, ""max_seen_before"": 691, ""violation"": false}]}"
20260919T071056Z_5e20386a,692,recovery,1789801877.3723783,1789801877.3799849,7.519,0,7.519,pass,,read_secondary,"{""background_write_acknowledged"": true, ""reads"": [{""version"": 692, ""max_seen_before"": 691, ""violation"": false}, {""version"": 692, ""max_seen_before"": 692, ""violation"": false}]}"
20260919T071056Z_5e20386a,693,recovery,1789801877.3799849,1789801877.3876474,7.507,0,7.507,pass,,read_secondary,"{""background_write_acknowledged"": true, ""reads"": [{""version"": 693, ""max_seen_before"": 692, ""violation"": false}, {""version"": 693, ""max_seen_before"": 693, ""violation"": false}]}"
20260919T071056Z_5e20386a,694,recovery,1789801877.3876474,1789801877.395472,7.683,0,7.683,pass,,read_secondary,"{""background_write_acknowledged"": true, ""reads"": [{""version"": 694, ""max_seen_before"": 693, ""violation"": false}, {""version"": 694, ""max_seen_before"": 694, ""violation"": false}]}"
20260919T071056Z_5e20386a,695,recovery,1789801877.395472,1789801877.4035578,8.286,0,8.286,pass,,read_secondary,"{""background_write_acknowledged"": true, ""reads"": [{""version"": 695, ""max_seen_before"": 694, ""violation"": false}, {""version"": 695, ""max_seen_before"": 695, ""violation"": false}]}"
20260919T071056Z_5e20386a,696,recovery,1789801877.4035578,1789801877.4116187,8.129,0,8.129,pass,,read_secondary,"{""background_write_acknowledged"": true, ""reads"": [{""version"": 696, ""max_seen_before"": 695, ""violation"": false}, {""version"": 696, ""max_seen_before"": 696, ""violation"": false}]}"
20260919T071056Z_5e20386a,697,recovery,1789801877.4121616,1789801877.4213297,9.307,0,9.307,pass,,read_secondary,"{""background_write_acknowledged"": true, ""reads"": [{""version"": 697, ""max_seen_before"": 696, ""violation"": false}, {""version"": 697, ""max_seen_before"": 697, ""violation"": false}]}"
20260919T071056Z_5e20386a,698,recovery,1789801877.4213297,1789801877.429396,8.19,0,8.19,pass,,read_secondary,"{""background_write_acknowledged"": true, ""reads"": [{""version"": 698, ""max_seen_before"": 697, ""violation"": false}, {""version"": 698, ""max_seen_before"": 698, ""violation"": false}]}"
20260919T071056Z_5e20386a,699,recovery,1789801877.429396,1789801877.4368606,7.263,0,7.263,pass,,read_secondary,"{""background_write_acknowledged"": true, ""reads"": [{""version"": 699, ""max_seen_before"": 698, ""violation"": false}, {""version"": 699, ""max_seen_before"": 699, ""violation"": false}]}"
20260919T071056Z_5e20386a,700,recovery,1789801877.4368606,1789801877.4438586,6.935,0,6.935,pass,,read_secondary,"{""background_write_acknowledged"": true, ""reads"": [{""version"": 700, ""max_seen_before"": 699, ""violation"": false}, {""version"": 700, ""max_seen_before"": 700, ""violation"": false}]}"
20260919T071056Z_5e20386a,701,recovery,1789801877.4484587,1789801877.4569879,8.454,0,8.454,pass,,read_secondary,"{""background_write_acknowledged"": true, ""reads"": [{""version"": 701, ""max_seen_before"": 700, ""violation"": false}, {""version"": 701, ""max_seen_before"": 701, ""violation"": false}]}"
20260919T071056Z_5e20386a,702,recovery,1789801877.4569879,1789801877.464768,7.831,0,7.831,pass,,read_secondary,"{""background_write_acknowledged"": true, ""reads"": [{""version"": 702, ""max_seen_before"": 701, ""violation"": false}, {""version"": 702, ""max_seen_before"": 702, ""violation"": false}]}"
20260919T071056Z_5e20386a,703,recovery,1789801877.464768,1789801877.472999,8.062,0,8.062,pass,,read_secondary,"{""background_write_acknowledged"": true, ""reads"": [{""version"": 703, ""max_seen_before"": 702, ""violation"": false}, {""version"": 703, ""max_seen_before"": 703, ""violation"": false}]}"
20260919T071056Z_5e20386a,704,recovery,1789801877.472999,1789801877.4799018,7.278,0,7.278,pass,,read_secondary,"{""background_write_acknowledged"": true, ""reads"": [{""version"": 704, ""max_seen_before"": 703, ""violation"": false}, {""version"": 704, ""max_seen_before"": 704, ""violation"": false}]}"
20260919T071056Z_5e20386a,705,recovery,1789801877.4799018,1789801877.4876783,7.376,0,7.376,pass,,read_secondary,"{""background_write_acknowledged"": true, ""reads"": [{""version"": 705, ""max_seen_before"": 704, ""violation"": false}, {""version"": 705, ""max_seen_before"": 705, ""violation"": false}]}"
20260919T071056Z_5e20386a,706,recovery,1789801877.4876783,1789801877.4953182,7.591,0,7.591,pass,,read_secondary,"{""background_write_acknowledged"": true, ""reads"": [{""version"": 706, ""max_seen_before"": 705, ""violation"": false}, {""version"": 706, ""max_seen_before"": 706, ""violation"": false}]}"
20260919T071056Z_5e20386a,707,recovery,1789801877.4953182,1789801877.5024738,7.286,0,7.286,pass,,read_secondary,"{""background_write_acknowledged"": true, ""reads"": [{""version"": 707, ""max_seen_before"": 706, ""violation"": false}, {""version"": 707, ""max_seen_before"": 707, ""violation"": false}]}"
20260919T071056Z_5e20386a,708,recovery,1789801877.502991,1789801877.5105214,7.518,0,7.518,pass,,read_secondary,"{""background_write_acknowledged"": true, ""reads"": [{""version"": 708, ""max_seen_before"": 707, ""violation"": false}, {""version"": 708, ""max_seen_before"": 708, ""violation"": false}]}"
20260919T071056Z_5e20386a,709,recovery,1789801877.5105214,1789801877.5188527,8.535,0,8.535,pass,,read_secondary,"{""background_write_acknowledged"": true, ""reads"": [{""version"": 709, ""max_seen_before"": 708, ""violation"": false}, {""version"": 709, ""max_seen_before"": 709, ""violation"": false}]}"
20260919T071056Z_5e20386a,710,recovery,1789801877.5188527,1789801877.5300837,10.815,0,10.815,pass,,read_secondary,"{""background_write_acknowledged"": true, ""reads"": [{""version"": 710, ""max_seen_before"": 709, ""violation"": false}, {""version"": 710, ""max_seen_before"": 710, ""violation"": false}]}"
20260919T071056Z_5e20386a,711,recovery,1789801877.5300837,1789801877.540229,10.649,0,10.649,pass,,read_secondary,"{""background_write_acknowledged"": true, ""reads"": [{""version"": 711, ""max_seen_before"": 710, ""violation"": false}, {""version"": 711, ""max_seen_before"": 711, ""violation"": false}]}"
20260919T071056Z_5e20386a,712,recovery,1789801877.5408769,1789801877.549202,8.361,0,8.361,pass,,read_secondary,"{""background_write_acknowledged"": true, ""reads"": [{""version"": 712, ""max_seen_before"": 711, ""violation"": false}, {""version"": 712, ""max_seen_before"": 712, ""violation"": false}]}"
20260919T071056Z_5e20386a,713,recovery,1789801877.549202,1789801877.5567708,7.818,0,7.818,pass,,read_secondary,"{""background_write_acknowledged"": true, ""reads"": [{""version"": 713, ""max_seen_before"": 712, ""violation"": false}, {""version"": 713, ""max_seen_before"": 713, ""violation"": false}]}"
20260919T071056Z_5e20386a,714,recovery,1789801877.5567708,1789801877.5645096,7.626,0,7.626,pass,,read_secondary,"{""background_write_acknowledged"": true, ""reads"": [{""version"": 714, ""max_seen_before"": 713, ""violation"": false}, {""version"": 714, ""max_seen_before"": 714, ""violation"": false}]}"
20260919T071056Z_5e20386a,715,recovery,1789801877.5645096,1789801877.5727363,8.379,0,8.379,pass,,read_secondary,"{""background_write_acknowledged"": true, ""reads"": [{""version"": 715, ""max_seen_before"": 714, ""violation"": false}, {""version"": 715, ""max_seen_before"": 715, ""violation"": false}]}"
20260919T071056Z_5e20386a,716,recovery,1789801877.573445,1789801877.582666,9.631,0,9.631,pass,,read_secondary,"{""background_write_acknowledged"": true, ""reads"": [{""version"": 716, ""max_seen_before"": 715, ""violation"": false}, {""version"": 716, ""max_seen_before"": 716, ""violation"": false}]}"
20260919T071056Z_5e20386a,717,recovery,1789801877.5831752,1789801877.5918477,8.758,0,8.758,pass,,read_secondary,"{""background_write_acknowledged"": true, ""reads"": [{""version"": 717, ""max_seen_before"": 716, ""violation"": false}, {""version"": 717, ""max_seen_before"": 717, ""violation"": false}]}"
20260919T071056Z_5e20386a,718,recovery,1789801877.5918477,1789801877.6028113,10.825,0,10.825,pass,,read_secondary,"{""background_write_acknowledged"": true, ""reads"": [{""version"": 718, ""max_seen_before"": 717, ""violation"": false}, {""version"": 718, ""max_seen_before"": 718, ""violation"": false}]}"
20260919T071056Z_5e20386a,719,recovery,1789801877.6028113,1789801877.6155708,12.737,0,12.737,pass,,read_secondary,"{""background_write_acknowledged"": true, ""reads"": [{""version"": 719, ""max_seen_before"": 718, ""violation"": false}, {""version"": 719, ""max_seen_before"": 719, ""violation"": false}]}"
20260919T071056Z_5e20386a,720,recovery,1789801877.6155708,1789801877.6277132,11.916,0,11.916,pass,,read_secondary,"{""background_write_acknowledged"": true, ""reads"": [{""version"": 720, ""max_seen_before"": 719, ""violation"": false}, {""version"": 720, ""max_seen_before"": 720, ""violation"": false}]}"
20260919T071056Z_5e20386a,721,recovery,1789801877.6277132,1789801877.6368532,9.057,0,9.057,pass,,read_secondary,"{""background_write_acknowledged"": true, ""reads"": [{""version"": 721, ""max_seen_before"": 720, ""violation"": false}, {""version"": 721, ""max_seen_before"": 721, ""violation"": false}]}"
20260919T071056Z_5e20386a,722,recovery,1789801877.6368532,1789801877.6462011,9.241,0,9.241,pass,,read_secondary,"{""background_write_acknowledged"": true, ""reads"": [{""version"": 722, ""max_seen_before"": 721, ""violation"": false}, {""version"": 722, ""max_seen_before"": 722, ""violation"": false}]}"
20260919T071056Z_5e20386a,723,recovery,1789801877.6462011,1789801877.6548445,8.688,0,8.688,pass,,read_secondary,"{""background_write_acknowledged"": true, ""reads"": [{""version"": 723, ""max_seen_before"": 722, ""violation"": false}, {""version"": 723, ""max_seen_before"": 723, ""violation"": false}]}"
20260919T071056Z_5e20386a,724,recovery,1789801877.6548445,1789801877.6629152,7.837,0,7.837,pass,,read_secondary,"{""background_write_acknowledged"": true, ""reads"": [{""version"": 724, ""max_seen_before"": 723, ""violation"": false}, {""version"": 724, ""max_seen_before"": 724, ""violation"": false}]}"
20260919T071056Z_5e20386a,725,recovery,1789801877.6629152,1789801877.670772,7.77,0,7.77,pass,,read_secondary,"{""background_write_acknowledged"": true, ""reads"": [{""version"": 725, ""max_seen_before"": 724, ""violation"": false}, {""version"": 725, ""max_seen_before"": 725, ""violation"": false}]}"
20260919T071056Z_5e20386a,726,recovery,1789801877.670772,1789801877.679286,8.644,0,8.644,pass,,read_secondary,"{""background_write_acknowledged"": true, ""reads"": [{""version"": 726, ""max_seen_before"": 725, ""violation"": false}, {""version"": 726, ""max_seen_before"": 726, ""violation"": false}]}"
20260919T071056Z_5e20386a,727,recovery,1789801877.679286,1789801877.6866696,7.411,0,7.411,pass,,read_secondary,"{""background_write_acknowledged"": true, ""reads"": [{""version"": 727, ""max_seen_before"": 726, ""violation"": false}, {""version"": 727, ""max_seen_before"": 727, ""violation"": false}]}"
20260919T071056Z_5e20386a,728,recovery,1789801877.6872911,1789801877.6955528,8.578,0,8.578,pass,,read_secondary,"{""background_write_acknowledged"": true, ""reads"": [{""version"": 728, ""max_seen_before"": 727, ""violation"": false}, {""version"": 728, ""max_seen_before"": 728, ""violation"": false}]}"
20260919T071056Z_5e20386a,729,recovery,1789801877.6955528,1789801877.7038105,7.844,0,7.844,pass,,read_secondary,"{""background_write_acknowledged"": true, ""reads"": [{""version"": 729, ""max_seen_before"": 728, ""violation"": false}, {""version"": 729, ""max_seen_before"": 729, ""violation"": false}]}"
20260919T071056Z_5e20386a,730,recovery,1789801877.7038105,1789801877.7117882,7.911,0,7.911,pass,,read_secondary,"{""background_write_acknowledged"": true, ""reads"": [{""version"": 730, ""max_seen_before"": 729, ""violation"": false}, {""version"": 730, ""max_seen_before"": 730, ""violation"": false}]}"
20260919T071056Z_5e20386a,731,recovery,1789801877.7117882,1789801877.719096,7.878,0,7.878,pass,,read_secondary,"{""background_write_acknowledged"": true, ""reads"": [{""version"": 731, ""max_seen_before"": 730, ""violation"": false}, {""version"": 731, ""max_seen_before"": 731, ""violation"": false}]}"
20260919T071056Z_5e20386a,732,recovery,1789801877.7198482,1789801877.7284904,8.853,0,8.853,pass,,read_secondary,"{""background_write_acknowledged"": true, ""reads"": [{""version"": 732, ""max_seen_before"": 731, ""violation"": false}, {""version"": 732, ""max_seen_before"": 732, ""violation"": false}]}"
20260919T071056Z_5e20386a,733,recovery,1789801877.7284904,1789801877.7365103,8.064,0,8.064,pass,,read_secondary,"{""background_write_acknowledged"": true, ""reads"": [{""version"": 733, ""max_seen_before"": 732, ""violation"": false}, {""version"": 733, ""max_seen_before"": 733, ""violation"": false}]}"
20260919T071056Z_5e20386a,734,recovery,1789801877.73703,1789801877.744656,7.902,0,7.902,pass,,read_secondary,"{""background_write_acknowledged"": true, ""reads"": [{""version"": 734, ""max_seen_before"": 733, ""violation"": false}, {""version"": 734, ""max_seen_before"": 734, ""violation"": false}]}"
20260919T071056Z_5e20386a,735,recovery,1789801877.744656,1789801877.7522328,7.684,0,7.684,pass,,read_secondary,"{""background_write_acknowledged"": true, ""reads"": [{""version"": 735, ""max_seen_before"": 734, ""violation"": false}, {""version"": 735, ""max_seen_before"": 735, ""violation"": false}]}"
20260919T071056Z_5e20386a,736,recovery,1789801877.752787,1789801877.7603183,8.003,0,8.003,pass,,read_secondary,"{""background_write_acknowledged"": true, ""reads"": [{""version"": 736, ""max_seen_before"": 735, ""violation"": false}, {""version"": 736, ""max_seen_before"": 736, ""violation"": false}]}"
20260919T071056Z_5e20386a,737,recovery,1789801877.7608294,1789801877.7682464,7.897,0,7.897,pass,,read_secondary,"{""background_write_acknowledged"": true, ""reads"": [{""version"": 737, ""max_seen_before"": 736, ""violation"": false}, {""version"": 737, ""max_seen_before"": 737, ""violation"": false}]}"
20260919T071056Z_5e20386a,738,recovery,1789801877.7688184,1789801877.7756946,7.412,0,7.412,pass,,read_secondary,"{""background_write_acknowledged"": true, ""reads"": [{""version"": 738, ""max_seen_before"": 737, ""violation"": false}, {""version"": 738, ""max_seen_before"": 738, ""violation"": false}]}"
20260919T071056Z_5e20386a,739,recovery,1789801877.7763162,1789801877.7841876,8.202,0,8.202,pass,,read_secondary,"{""background_write_acknowledged"": true, ""reads"": [{""version"": 739, ""max_seen_before"": 738, ""violation"": false}, {""version"": 739, ""max_seen_before"": 739, ""violation"": false}]}"
20260919T071056Z_5e20386a,740,recovery,1789801877.7841876,1789801877.7923794,7.932,0,7.932,pass,,read_secondary,"{""background_write_acknowledged"": true, ""reads"": [{""version"": 740, ""max_seen_before"": 739, ""violation"": false}, {""version"": 740, ""max_seen_before"": 740, ""violation"": false}]}"
20260919T071056Z_5e20386a,741,recovery,1789801877.7923794,1789801877.800688,8.476,0,8.476,pass,,read_secondary,"{""background_write_acknowledged"": true, ""reads"": [{""version"": 741, ""max_seen_before"": 740, ""violation"": false}, {""version"": 741, ""max_seen_before"": 741, ""violation"": false}]}"
20260919T071056Z_5e20386a,742,recovery,1789801877.800688,1789801877.8087716,7.686,0,7.686,pass,,read_secondary,"{""background_write_acknowledged"": true, ""reads"": [{""version"": 742, ""max_seen_before"": 741, ""violation"": false}, {""version"": 742, ""max_seen_before"": 742, ""violation"": false}]}"
20260919T071056Z_5e20386a,743,recovery,1789801877.8087716,1789801877.8169048,8.006,0,8.006,pass,,read_secondary,"{""background_write_acknowledged"": true, ""reads"": [{""version"": 743, ""max_seen_before"": 742, ""violation"": false}, {""version"": 743, ""max_seen_before"": 743, ""violation"": false}]}"
20260919T071056Z_5e20386a,744,recovery,1789801877.8169048,1789801877.8246274,7.874,0,7.874,pass,,read_secondary,"{""background_write_acknowledged"": true, ""reads"": [{""version"": 744, ""max_seen_before"": 743, ""violation"": false}, {""version"": 744, ""max_seen_before"": 744, ""violation"": false}]}"
20260919T071056Z_5e20386a,745,recovery,1789801877.8246274,1789801877.8332667,8.686,0,8.686,pass,,read_secondary,"{""background_write_acknowledged"": true, ""reads"": [{""version"": 745, ""max_seen_before"": 744, ""violation"": false}, {""version"": 745, ""max_seen_before"": 745, ""violation"": false}]}"
20260919T071056Z_5e20386a,746,recovery,1789801877.8332667,1789801877.8417416,8.081,0,8.081,pass,,read_secondary,"{""background_write_acknowledged"": true, ""reads"": [{""version"": 746, ""max_seen_before"": 745, ""violation"": false}, {""version"": 746, ""max_seen_before"": 746, ""violation"": false}]}"
20260919T071056Z_5e20386a,747,recovery,1789801877.8417416,1789801877.8515923,9.495,0,9.495,pass,,read_secondary,"{""background_write_acknowledged"": true, ""reads"": [{""version"": 747, ""max_seen_before"": 746, ""violation"": false}, {""version"": 747, ""max_seen_before"": 747, ""violation"": false}]}"
20260919T071056Z_5e20386a,748,recovery,1789801877.8515923,1789801877.8604648,9.158,0,9.158,pass,,read_secondary,"{""background_write_acknowledged"": true, ""reads"": [{""version"": 748, ""max_seen_before"": 747, ""violation"": false}, {""version"": 748, ""max_seen_before"": 748, ""violation"": false}]}"
20260919T071056Z_5e20386a,749,recovery,1789801877.8604648,1789801877.8707576,9.984,0,9.984,pass,,read_secondary,"{""background_write_acknowledged"": true, ""reads"": [{""version"": 749, ""max_seen_before"": 748, ""violation"": false}, {""version"": 749, ""max_seen_before"": 749, ""violation"": false}]}"
20260919T071056Z_5e20386a,750,recovery,1789801877.8707576,1789801877.8789425,8.319,0,8.319,pass,,read_secondary,"{""background_write_acknowledged"": true, ""reads"": [{""version"": 750, ""max_seen_before"": 749, ""violation"": false}, {""version"": 750, ""max_seen_before"": 750, ""violation"": false}]}"
20260919T071056Z_5e20386a,751,recovery,1789801877.8789425,1789801877.8871183,8.174,0,8.174,pass,,read_secondary,"{""background_write_acknowledged"": true, ""reads"": [{""version"": 751, ""max_seen_before"": 750, ""violation"": false}, {""version"": 751, ""max_seen_before"": 751, ""violation"": false}]}"
20260919T071056Z_5e20386a,752,recovery,1789801877.8871183,1789801877.8955624,7.944,0,7.944,pass,,read_secondary,"{""background_write_acknowledged"": true, ""reads"": [{""version"": 752, ""max_seen_before"": 751, ""violation"": false}, {""version"": 752, ""max_seen_before"": 752, ""violation"": false}]}"
20260919T071056Z_5e20386a,753,recovery,1789801877.8955624,1789801877.9056284,10.444,0,10.444,pass,,read_secondary,"{""background_write_acknowledged"": true, ""reads"": [{""version"": 753, ""max_seen_before"": 752, ""violation"": false}, {""version"": 753, ""max_seen_before"": 753, ""violation"": false}]}"
20260919T071056Z_5e20386a,754,recovery,1789801877.9062846,1789801877.9161456,10.253,0,10.253,pass,,read_secondary,"{""background_write_acknowledged"": true, ""reads"": [{""version"": 754, ""max_seen_before"": 753, ""violation"": false}, {""version"": 754, ""max_seen_before"": 754, ""violation"": false}]}"
20260919T071056Z_5e20386a,755,recovery,1789801877.9161456,1789801877.9260132,9.761,0,9.761,pass,,read_secondary,"{""background_write_acknowledged"": true, ""reads"": [{""version"": 755, ""max_seen_before"": 754, ""violation"": false}, {""version"": 755, ""max_seen_before"": 755, ""violation"": false}]}"
20260919T071056Z_5e20386a,756,recovery,1789801877.9260132,1789801877.936987,10.534,0,10.534,pass,,read_secondary,"{""background_write_acknowledged"": true, ""reads"": [{""version"": 756, ""max_seen_before"": 755, ""violation"": false}, {""version"": 756, ""max_seen_before"": 756, ""violation"": false}]}"
20260919T071056Z_5e20386a,757,recovery,1789801877.936987,1789801877.9474752,10.614,0,10.614,pass,,read_secondary,"{""background_write_acknowledged"": true, ""reads"": [{""version"": 757, ""max_seen_before"": 756, ""violation"": false}, {""version"": 757, ""max_seen_before"": 757, ""violation"": false}]}"
20260919T071056Z_5e20386a,758,recovery,1789801877.9474752,1789801877.9570332,9.184,0,9.184,pass,,read_secondary,"{""background_write_acknowledged"": true, ""reads"": [{""version"": 758, ""max_seen_before"": 757, ""violation"": false}, {""version"": 758, ""max_seen_before"": 758, ""violation"": false}]}"
20260919T071056Z_5e20386a,759,recovery,1789801877.9570332,1789801877.966026,9.271,0,9.271,pass,,read_secondary,"{""background_write_acknowledged"": true, ""reads"": [{""version"": 759, ""max_seen_before"": 758, ""violation"": false}, {""version"": 759, ""max_seen_before"": 759, ""violation"": false}]}"
20260919T071056Z_5e20386a,760,recovery,1789801877.9665854,1789801877.9748838,8.422,0,8.422,pass,,read_secondary,"{""background_write_acknowledged"": true, ""reads"": [{""version"": 760, ""max_seen_before"": 759, ""violation"": false}, {""version"": 760, ""max_seen_before"": 760, ""violation"": false}]}"
20260919T071056Z_5e20386a,761,recovery,1789801877.9748838,1789801877.982702,7.909,0,7.909,pass,,read_secondary,"{""background_write_acknowledged"": true, ""reads"": [{""version"": 761, ""max_seen_before"": 760, ""violation"": false}, {""version"": 761, ""max_seen_before"": 761, ""violation"": false}]}"
20260919T071056Z_5e20386a,762,recovery,1789801877.982702,1789801877.9910283,8.067,0,8.067,pass,,read_secondary,"{""background_write_acknowledged"": true, ""reads"": [{""version"": 762, ""max_seen_before"": 761, ""violation"": false}, {""version"": 762, ""max_seen_before"": 762, ""violation"": false}]}"
20260919T071056Z_5e20386a,763,recovery,1789801877.9910283,1789801877.9989657,8.2,0,8.2,pass,,read_secondary,"{""background_write_acknowledged"": true, ""reads"": [{""version"": 763, ""max_seen_before"": 762, ""violation"": false}, {""version"": 763, ""max_seen_before"": 763, ""violation"": false}]}"
20260919T071056Z_5e20386a,764,recovery,1789801877.9995484,1789801878.0068462,7.676,0,7.676,pass,,read_secondary,"{""background_write_acknowledged"": true, ""reads"": [{""version"": 764, ""max_seen_before"": 763, ""violation"": false}, {""version"": 764, ""max_seen_before"": 764, ""violation"": false}]}"
20260919T071056Z_5e20386a,765,recovery,1789801878.0068462,1789801878.0150504,8.095,0,8.095,pass,,read_secondary,"{""background_write_acknowledged"": true, ""reads"": [{""version"": 765, ""max_seen_before"": 764, ""violation"": false}, {""version"": 765, ""max_seen_before"": 765, ""violation"": false}]}"
20260919T071056Z_5e20386a,766,recovery,1789801878.0150504,1789801878.0235953,8.053,0,8.053,pass,,read_secondary,"{""background_write_acknowledged"": true, ""reads"": [{""version"": 766, ""max_seen_before"": 765, ""violation"": false}, {""version"": 766, ""max_seen_before"": 766, ""violation"": false}]}"
20260919T071056Z_5e20386a,767,recovery,1789801878.0235953,1789801878.0311701,7.811,0,7.811,pass,,read_secondary,"{""background_write_acknowledged"": true, ""reads"": [{""version"": 767, ""max_seen_before"": 766, ""violation"": false}, {""version"": 767, ""max_seen_before"": 767, ""violation"": false}]}"
20260919T071056Z_5e20386a,768,recovery,1789801878.0311701,1789801878.039561,8.411,0,8.411,pass,,read_secondary,"{""background_write_acknowledged"": true, ""reads"": [{""version"": 768, ""max_seen_before"": 767, ""violation"": false}, {""version"": 768, ""max_seen_before"": 768, ""violation"": false}]}"
20260919T071056Z_5e20386a,769,recovery,1789801878.039561,1789801878.048354,8.248,0,8.248,pass,,read_secondary,"{""background_write_acknowledged"": true, ""reads"": [{""version"": 769, ""max_seen_before"": 768, ""violation"": false}, {""version"": 769, ""max_seen_before"": 769, ""violation"": false}]}"
20260919T071056Z_5e20386a,770,recovery,1789801878.048354,1789801878.0564423,8.02,0,8.02,pass,,read_secondary,"{""background_write_acknowledged"": true, ""reads"": [{""version"": 770, ""max_seen_before"": 769, ""violation"": false}, {""version"": 770, ""max_seen_before"": 770, ""violation"": false}]}"
20260919T071056Z_5e20386a,771,recovery,1789801878.0564423,1789801878.064446,8.364,0,8.364,pass,,read_secondary,"{""background_write_acknowledged"": true, ""reads"": [{""version"": 771, ""max_seen_before"": 770, ""violation"": false}, {""version"": 771, ""max_seen_before"": 771, ""violation"": false}]}"
20260919T071056Z_5e20386a,772,recovery,1789801878.0650206,1789801878.0732322,8.432,0,8.432,pass,,read_secondary,"{""background_write_acknowledged"": true, ""reads"": [{""version"": 772, ""max_seen_before"": 771, ""violation"": false}, {""version"": 772, ""max_seen_before"": 772, ""violation"": false}]}"
20260919T071056Z_5e20386a,773,recovery,1789801878.0732322,1789801878.082245,8.932,0,8.932,pass,,read_secondary,"{""background_write_acknowledged"": true, ""reads"": [{""version"": 773, ""max_seen_before"": 772, ""violation"": false}, {""version"": 773, ""max_seen_before"": 773, ""violation"": false}]}"
20260919T071056Z_5e20386a,774,recovery,1789801878.082245,1789801878.0902615,8.388,0,8.388,pass,,read_secondary,"{""background_write_acknowledged"": true, ""reads"": [{""version"": 774, ""max_seen_before"": 773, ""violation"": false}, {""version"": 774, ""max_seen_before"": 774, ""violation"": false}]}"
20260919T071056Z_5e20386a,775,recovery,1789801878.0910954,1789801878.0986016,7.718,0,7.718,pass,,read_secondary,"{""background_write_acknowledged"": true, ""reads"": [{""version"": 775, ""max_seen_before"": 774, ""violation"": false}, {""version"": 775, ""max_seen_before"": 775, ""violation"": false}]}"
20260919T071056Z_5e20386a,776,recovery,1789801878.0986016,1789801878.1066387,8.021,0,8.021,pass,,read_secondary,"{""background_write_acknowledged"": true, ""reads"": [{""version"": 776, ""max_seen_before"": 775, ""violation"": false}, {""version"": 776, ""max_seen_before"": 776, ""violation"": false}]}"
20260919T071056Z_5e20386a,777,recovery,1789801878.1066387,1789801878.1153483,8.498,0,8.498,pass,,read_secondary,"{""background_write_acknowledged"": true, ""reads"": [{""version"": 777, ""max_seen_before"": 776, ""violation"": false}, {""version"": 777, ""max_seen_before"": 777, ""violation"": false}]}"
20260919T071056Z_5e20386a,778,recovery,1789801878.1153483,1789801878.124649,9.091,0,9.091,pass,,read_secondary,"{""background_write_acknowledged"": true, ""reads"": [{""version"": 778, ""max_seen_before"": 777, ""violation"": false}, {""version"": 778, ""max_seen_before"": 778, ""violation"": false}]}"
20260919T071056Z_5e20386a,779,recovery,1789801878.124649,1789801878.1351068,10.409,0,10.409,pass,,read_secondary,"{""background_write_acknowledged"": true, ""reads"": [{""version"": 779, ""max_seen_before"": 778, ""violation"": false}, {""version"": 779, ""max_seen_before"": 779, ""violation"": false}]}"
20260919T071056Z_5e20386a,780,recovery,1789801878.1351068,1789801878.1443484,9.623,0,9.623,pass,,read_secondary,"{""background_write_acknowledged"": true, ""reads"": [{""version"": 780, ""max_seen_before"": 779, ""violation"": false}, {""version"": 780, ""max_seen_before"": 780, ""violation"": false}]}"
20260919T071056Z_5e20386a,781,recovery,1789801878.1449914,1789801878.1538568,9.188,0,9.188,pass,,read_secondary,"{""background_write_acknowledged"": true, ""reads"": [{""version"": 781, ""max_seen_before"": 780, ""violation"": false}, {""version"": 781, ""max_seen_before"": 781, ""violation"": false}]}"
20260919T071056Z_5e20386a,782,recovery,1789801878.1538568,1789801878.1643138,10.521,0,10.521,pass,,read_secondary,"{""background_write_acknowledged"": true, ""reads"": [{""version"": 782, ""max_seen_before"": 781, ""violation"": false}, {""version"": 782, ""max_seen_before"": 782, ""violation"": false}]}"
20260919T071056Z_5e20386a,783,recovery,1789801878.1649683,1789801878.1760497,11.23,0,11.23,pass,,read_secondary,"{""background_write_acknowledged"": true, ""reads"": [{""version"": 783, ""max_seen_before"": 782, ""violation"": false}, {""version"": 783, ""max_seen_before"": 783, ""violation"": false}]}"
20260919T071056Z_5e20386a,784,recovery,1789801878.1760497,1789801878.1855354,9.309,0,9.309,pass,,read_secondary,"{""background_write_acknowledged"": true, ""reads"": [{""version"": 784, ""max_seen_before"": 783, ""violation"": false}, {""version"": 784, ""max_seen_before"": 784, ""violation"": false}]}"
20260919T071056Z_5e20386a,785,recovery,1789801878.1855354,1789801878.1957002,9.95,0,9.95,pass,,read_secondary,"{""background_write_acknowledged"": true, ""reads"": [{""version"": 785, ""max_seen_before"": 784, ""violation"": false}, {""version"": 785, ""max_seen_before"": 785, ""violation"": false}]}"
20260919T071056Z_5e20386a,786,recovery,1789801878.1957002,1789801878.204809,9.322,0,9.322,pass,,read_secondary,"{""background_write_acknowledged"": true, ""reads"": [{""version"": 786, ""max_seen_before"": 785, ""violation"": false}, {""version"": 786, ""max_seen_before"": 786, ""violation"": false}]}"
20260919T071056Z_5e20386a,787,recovery,1789801878.204809,1789801878.2139046,8.782,0,8.782,pass,,read_secondary,"{""background_write_acknowledged"": true, ""reads"": [{""version"": 787, ""max_seen_before"": 786, ""violation"": false}, {""version"": 787, ""max_seen_before"": 787, ""violation"": false}]}"
20260919T071056Z_5e20386a,788,recovery,1789801878.2139046,1789801878.223315,9.414,0,9.414,pass,,read_secondary,"{""background_write_acknowledged"": true, ""reads"": [{""version"": 788, ""max_seen_before"": 787, ""violation"": false}, {""version"": 788, ""max_seen_before"": 788, ""violation"": false}]}"
20260919T071056Z_5e20386a,789,recovery,1789801878.223315,1789801878.2328422,9.711,0,9.711,pass,,read_secondary,"{""background_write_acknowledged"": true, ""reads"": [{""version"": 789, ""max_seen_before"": 788, ""violation"": false}, {""version"": 789, ""max_seen_before"": 789, ""violation"": false}]}"
20260919T071056Z_5e20386a,790,recovery,1789801878.233407,1789801878.2430062,9.61,0,9.61,pass,,read_secondary,"{""background_write_acknowledged"": true, ""reads"": [{""version"": 790, ""max_seen_before"": 789, ""violation"": false}, {""version"": 790, ""max_seen_before"": 790, ""violation"": false}]}"
20260919T071056Z_5e20386a,791,recovery,1789801878.2430062,1789801878.2543528,11.383,0,11.383,pass,,read_secondary,"{""background_write_acknowledged"": true, ""reads"": [{""version"": 791, ""max_seen_before"": 790, ""violation"": false}, {""version"": 791, ""max_seen_before"": 791, ""violation"": false}]}"
20260919T071056Z_5e20386a,792,recovery,1789801878.2543528,1789801878.2665868,12.494,0,12.494,pass,,read_secondary,"{""background_write_acknowledged"": true, ""reads"": [{""version"": 792, ""max_seen_before"": 791, ""violation"": false}, {""version"": 792, ""max_seen_before"": 792, ""violation"": false}]}"
20260919T071056Z_5e20386a,793,recovery,1789801878.267178,1789801878.2778566,11.098,0,11.098,pass,,read_secondary,"{""background_write_acknowledged"": true, ""reads"": [{""version"": 793, ""max_seen_before"": 792, ""violation"": false}, {""version"": 793, ""max_seen_before"": 793, ""violation"": false}]}"
20260919T071056Z_5e20386a,794,recovery,1789801878.2778566,1789801878.286745,8.655,0,8.655,pass,,read_secondary,"{""background_write_acknowledged"": true, ""reads"": [{""version"": 794, ""max_seen_before"": 793, ""violation"": false}, {""version"": 794, ""max_seen_before"": 794, ""violation"": false}]}"
20260919T071056Z_5e20386a,795,recovery,1789801878.286745,1789801878.2963045,9.568,0,9.568,pass,,read_secondary,"{""background_write_acknowledged"": true, ""reads"": [{""version"": 795, ""max_seen_before"": 794, ""violation"": false}, {""version"": 795, ""max_seen_before"": 795, ""violation"": false}]}"
20260919T071056Z_5e20386a,796,recovery,1789801878.296888,1789801878.3068118,10.374,0,10.374,pass,,read_secondary,"{""background_write_acknowledged"": true, ""reads"": [{""version"": 796, ""max_seen_before"": 795, ""violation"": false}, {""version"": 796, ""max_seen_before"": 796, ""violation"": false}]}"
20260919T071056Z_5e20386a,797,recovery,1789801878.3068118,1789801878.3153834,8.693,0,8.693,pass,,read_secondary,"{""background_write_acknowledged"": true, ""reads"": [{""version"": 797, ""max_seen_before"": 796, ""violation"": false}, {""version"": 797, ""max_seen_before"": 797, ""violation"": false}]}"
20260919T071056Z_5e20386a,798,recovery,1789801878.3153834,1789801878.3257468,9.919,0,9.919,pass,,read_secondary,"{""background_write_acknowledged"": true, ""reads"": [{""version"": 798, ""max_seen_before"": 797, ""violation"": false}, {""version"": 798, ""max_seen_before"": 798, ""violation"": false}]}"
20260919T071056Z_5e20386a,799,recovery,1789801878.3257468,1789801878.3362799,10.295,0,10.295,pass,,read_secondary,"{""background_write_acknowledged"": true, ""reads"": [{""version"": 799, ""max_seen_before"": 798, ""violation"": false}, {""version"": 799, ""max_seen_before"": 799, ""violation"": false}]}"
20260919T071056Z_5e20386a,800,recovery,1789801878.3362799,1789801878.3456204,9.488,0,9.488,pass,,read_secondary,"{""background_write_acknowledged"": true, ""reads"": [{""version"": 800, ""max_seen_before"": 799, ""violation"": false}, {""version"": 800, ""max_seen_before"": 800, ""violation"": false}]}"
20260919T071056Z_5e20386a,801,recovery,1789801878.3513503,1789801878.3599534,8.265,0,8.265,pass,,read_secondary,"{""background_write_acknowledged"": true, ""reads"": [{""version"": 801, ""max_seen_before"": 800, ""violation"": false}, {""version"": 801, ""max_seen_before"": 801, ""violation"": false}]}"
20260919T071056Z_5e20386a,802,recovery,1789801878.3599534,1789801878.3678694,8.168,0,8.168,pass,,read_secondary,"{""background_write_acknowledged"": true, ""reads"": [{""version"": 802, ""max_seen_before"": 801, ""violation"": false}, {""version"": 802, ""max_seen_before"": 802, ""violation"": false}]}"
20260919T071056Z_5e20386a,803,recovery,1789801878.3684351,1789801878.3767896,8.81,0,8.81,pass,,read_secondary,"{""background_write_acknowledged"": true, ""reads"": [{""version"": 803, ""max_seen_before"": 802, ""violation"": false}, {""version"": 803, ""max_seen_before"": 803, ""violation"": false}]}"
20260919T071056Z_5e20386a,804,recovery,1789801878.3773446,1789801878.3892996,12.124,0,12.124,pass,,read_secondary,"{""background_write_acknowledged"": true, ""reads"": [{""version"": 804, ""max_seen_before"": 803, ""violation"": false}, {""version"": 804, ""max_seen_before"": 804, ""violation"": false}]}"
20260919T071056Z_5e20386a,805,recovery,1789801878.3892996,1789801878.4001,11.03,0,11.03,pass,,read_secondary,"{""background_write_acknowledged"": true, ""reads"": [{""version"": 805, ""max_seen_before"": 804, ""violation"": false}, {""version"": 805, ""max_seen_before"": 805, ""violation"": false}]}"
20260919T071056Z_5e20386a,806,recovery,1789801878.400649,1789801878.410735,10.159,0,10.159,pass,,read_secondary,"{""background_write_acknowledged"": true, ""reads"": [{""version"": 806, ""max_seen_before"": 805, ""violation"": false}, {""version"": 806, ""max_seen_before"": 806, ""violation"": false}]}"
20260919T071056Z_5e20386a,807,recovery,1789801878.410735,1789801878.4208424,10.343,0,10.343,pass,,read_secondary,"{""background_write_acknowledged"": true, ""reads"": [{""version"": 807, ""max_seen_before"": 806, ""violation"": false}, {""version"": 807, ""max_seen_before"": 807, ""violation"": false}]}"
20260919T071056Z_5e20386a,808,recovery,1789801878.4208424,1789801878.430332,9.37,0,9.37,pass,,read_secondary,"{""background_write_acknowledged"": true, ""reads"": [{""version"": 808, ""max_seen_before"": 807, ""violation"": false}, {""version"": 808, ""max_seen_before"": 808, ""violation"": false}]}"
20260919T071056Z_5e20386a,809,recovery,1789801878.430332,1789801878.4389126,8.273,0,8.273,pass,,read_secondary,"{""background_write_acknowledged"": true, ""reads"": [{""version"": 809, ""max_seen_before"": 808, ""violation"": false}, {""version"": 809, ""max_seen_before"": 809, ""violation"": false}]}"
20260919T071056Z_5e20386a,810,recovery,1789801878.4389126,1789801878.4476264,8.521,0,8.521,pass,,read_secondary,"{""background_write_acknowledged"": true, ""reads"": [{""version"": 810, ""max_seen_before"": 809, ""violation"": false}, {""version"": 810, ""max_seen_before"": 810, ""violation"": false}]}"
20260919T071056Z_5e20386a,811,recovery,1789801878.4476264,1789801878.4572644,9.529,0,9.529,pass,,read_secondary,"{""background_write_acknowledged"": true, ""reads"": [{""version"": 811, ""max_seen_before"": 810, ""violation"": false}, {""version"": 811, ""max_seen_before"": 811, ""violation"": false}]}"
20260919T071056Z_5e20386a,812,recovery,1789801878.4572644,1789801878.4667573,9.451,0,9.451,pass,,read_secondary,"{""background_write_acknowledged"": true, ""reads"": [{""version"": 812, ""max_seen_before"": 811, ""violation"": false}, {""version"": 812, ""max_seen_before"": 812, ""violation"": false}]}"
20260919T071056Z_5e20386a,813,recovery,1789801878.4667573,1789801878.4760745,9.323,0,9.323,pass,,read_secondary,"{""background_write_acknowledged"": true, ""reads"": [{""version"": 813, ""max_seen_before"": 812, ""violation"": false}, {""version"": 813, ""max_seen_before"": 813, ""violation"": false}]}"
20260919T071056Z_5e20386a,814,recovery,1789801878.4760745,1789801878.4856358,9.528,0,9.528,pass,,read_secondary,"{""background_write_acknowledged"": true, ""reads"": [{""version"": 814, ""max_seen_before"": 813, ""violation"": false}, {""version"": 814, ""max_seen_before"": 814, ""violation"": false}]}"
20260919T071056Z_5e20386a,815,recovery,1789801878.4856358,1789801878.4947517,8.797,0,8.797,pass,,read_secondary,"{""background_write_acknowledged"": true, ""reads"": [{""version"": 815, ""max_seen_before"": 814, ""violation"": false}, {""version"": 815, ""max_seen_before"": 815, ""violation"": false}]}"
20260919T071056Z_5e20386a,816,recovery,1789801878.4947517,1789801878.5038016,8.855,0,8.855,pass,,read_secondary,"{""background_write_acknowledged"": true, ""reads"": [{""version"": 816, ""max_seen_before"": 815, ""violation"": false}, {""version"": 816, ""max_seen_before"": 816, ""violation"": false}]}"
20260919T071056Z_5e20386a,817,recovery,1789801878.5038016,1789801878.513617,9.622,0,9.622,pass,,read_secondary,"{""background_write_acknowledged"": true, ""reads"": [{""version"": 817, ""max_seen_before"": 816, ""violation"": false}, {""version"": 817, ""max_seen_before"": 817, ""violation"": false}]}"
20260919T071056Z_5e20386a,818,recovery,1789801878.513617,1789801878.5228148,9.58,0,9.58,pass,,read_secondary,"{""background_write_acknowledged"": true, ""reads"": [{""version"": 818, ""max_seen_before"": 817, ""violation"": false}, {""version"": 818, ""max_seen_before"": 818, ""violation"": false}]}"
20260919T071056Z_5e20386a,819,recovery,1789801878.5228148,1789801878.5313804,8.557,0,8.557,pass,,read_secondary,"{""background_write_acknowledged"": true, ""reads"": [{""version"": 819, ""max_seen_before"": 818, ""violation"": false}, {""version"": 819, ""max_seen_before"": 819, ""violation"": false}]}"
20260919T071056Z_5e20386a,820,recovery,1789801878.5319796,1789801878.5424705,10.907,0,10.907,pass,,read_secondary,"{""background_write_acknowledged"": true, ""reads"": [{""version"": 820, ""max_seen_before"": 819, ""violation"": false}, {""version"": 820, ""max_seen_before"": 820, ""violation"": false}]}"
20260919T071056Z_5e20386a,821,recovery,1789801878.5424705,1789801878.5535133,10.553,0,10.553,pass,,read_secondary,"{""background_write_acknowledged"": true, ""reads"": [{""version"": 821, ""max_seen_before"": 820, ""violation"": false}, {""version"": 821, ""max_seen_before"": 821, ""violation"": false}]}"
20260919T071056Z_5e20386a,822,recovery,1789801878.5535133,1789801878.5620055,8.37,0,8.37,pass,,read_secondary,"{""background_write_acknowledged"": true, ""reads"": [{""version"": 822, ""max_seen_before"": 821, ""violation"": false}, {""version"": 822, ""max_seen_before"": 822, ""violation"": false}]}"
20260919T071056Z_5e20386a,823,recovery,1789801878.5620055,1789801878.5708506,9.182,0,9.182,pass,,read_secondary,"{""background_write_acknowledged"": true, ""reads"": [{""version"": 823, ""max_seen_before"": 822, ""violation"": false}, {""version"": 823, ""max_seen_before"": 823, ""violation"": false}]}"
20260919T071056Z_5e20386a,824,recovery,1789801878.5708506,1789801878.580658,9.505,0,9.505,pass,,read_secondary,"{""background_write_acknowledged"": true, ""reads"": [{""version"": 824, ""max_seen_before"": 823, ""violation"": false}, {""version"": 824, ""max_seen_before"": 824, ""violation"": false}]}"
20260919T071056Z_5e20386a,825,recovery,1789801878.580658,1789801878.5906403,10.11,0,10.11,pass,,read_secondary,"{""background_write_acknowledged"": true, ""reads"": [{""version"": 825, ""max_seen_before"": 824, ""violation"": false}, {""version"": 825, ""max_seen_before"": 825, ""violation"": false}]}"
20260919T071056Z_5e20386a,826,recovery,1789801878.5906403,1789801878.5997167,8.841,0,8.841,pass,,read_secondary,"{""background_write_acknowledged"": true, ""reads"": [{""version"": 826, ""max_seen_before"": 825, ""violation"": false}, {""version"": 826, ""max_seen_before"": 826, ""violation"": false}]}"
20260919T071056Z_5e20386a,827,recovery,1789801878.5997167,1789801878.6076927,7.662,0,7.662,pass,,read_secondary,"{""background_write_acknowledged"": true, ""reads"": [{""version"": 827, ""max_seen_before"": 826, ""violation"": false}, {""version"": 827, ""max_seen_before"": 827, ""violation"": false}]}"
20260919T071056Z_5e20386a,828,recovery,1789801878.6076927,1789801878.615424,8.125,0,8.125,pass,,read_secondary,"{""background_write_acknowledged"": true, ""reads"": [{""version"": 828, ""max_seen_before"": 827, ""violation"": false}, {""version"": 828, ""max_seen_before"": 828, ""violation"": false}]}"
20260919T071056Z_5e20386a,829,recovery,1789801878.615424,1789801878.6243305,8.641,0,8.641,pass,,read_secondary,"{""background_write_acknowledged"": true, ""reads"": [{""version"": 829, ""max_seen_before"": 828, ""violation"": false}, {""version"": 829, ""max_seen_before"": 829, ""violation"": false}]}"
20260919T071056Z_5e20386a,830,recovery,1789801878.6243305,1789801878.6334374,9.026,0,9.026,pass,,read_secondary,"{""background_write_acknowledged"": true, ""reads"": [{""version"": 830, ""max_seen_before"": 829, ""violation"": false}, {""version"": 830, ""max_seen_before"": 830, ""violation"": false}]}"
20260919T071056Z_5e20386a,831,recovery,1789801878.6334374,1789801878.6415136,8.343,0,8.343,pass,,read_secondary,"{""background_write_acknowledged"": true, ""reads"": [{""version"": 831, ""max_seen_before"": 830, ""violation"": false}, {""version"": 831, ""max_seen_before"": 831, ""violation"": false}]}"
20260919T071056Z_5e20386a,832,recovery,1789801878.6415136,1789801878.6502917,8.686,0,8.686,pass,,read_secondary,"{""background_write_acknowledged"": true, ""reads"": [{""version"": 832, ""max_seen_before"": 831, ""violation"": false}, {""version"": 832, ""max_seen_before"": 832, ""violation"": false}]}"
20260919T071056Z_5e20386a,833,recovery,1789801878.6511335,1789801878.6597917,8.811,0,8.811,pass,,read_secondary,"{""background_write_acknowledged"": true, ""reads"": [{""version"": 833, ""max_seen_before"": 832, ""violation"": false}, {""version"": 833, ""max_seen_before"": 833, ""violation"": false}]}"
20260919T071056Z_5e20386a,834,recovery,1789801878.6597917,1789801878.6708004,11.239,0,11.239,pass,,read_secondary,"{""background_write_acknowledged"": true, ""reads"": [{""version"": 834, ""max_seen_before"": 833, ""violation"": false}, {""version"": 834, ""max_seen_before"": 834, ""violation"": false}]}"
20260919T071056Z_5e20386a,835,recovery,1789801878.6708004,1789801878.6814938,10.877,0,10.877,pass,,read_secondary,"{""background_write_acknowledged"": true, ""reads"": [{""version"": 835, ""max_seen_before"": 834, ""violation"": false}, {""version"": 835, ""max_seen_before"": 835, ""violation"": false}]}"
20260919T071056Z_5e20386a,836,recovery,1789801878.6814938,1789801878.693061,10.883,0,10.883,pass,,read_secondary,"{""background_write_acknowledged"": true, ""reads"": [{""version"": 836, ""max_seen_before"": 835, ""violation"": false}, {""version"": 836, ""max_seen_before"": 836, ""violation"": false}]}"
20260919T071056Z_5e20386a,837,recovery,1789801878.693061,1789801878.7029262,9.924,0,9.924,pass,,read_secondary,"{""background_write_acknowledged"": true, ""reads"": [{""version"": 837, ""max_seen_before"": 836, ""violation"": false}, {""version"": 837, ""max_seen_before"": 837, ""violation"": false}]}"
20260919T071056Z_5e20386a,838,recovery,1789801878.7029262,1789801878.7128658,9.944,0,9.944,pass,,read_secondary,"{""background_write_acknowledged"": true, ""reads"": [{""version"": 838, ""max_seen_before"": 837, ""violation"": false}, {""version"": 838, ""max_seen_before"": 838, ""violation"": false}]}"
20260919T071056Z_5e20386a,839,recovery,1789801878.7128658,1789801878.7229068,10.002,0,10.002,pass,,read_secondary,"{""background_write_acknowledged"": true, ""reads"": [{""version"": 839, ""max_seen_before"": 838, ""violation"": false}, {""version"": 839, ""max_seen_before"": 839, ""violation"": false}]}"
20260919T071056Z_5e20386a,840,recovery,1789801878.7234468,1789801878.7317808,8.693,0,8.693,pass,,read_secondary,"{""background_write_acknowledged"": true, ""reads"": [{""version"": 840, ""max_seen_before"": 839, ""violation"": false}, {""version"": 840, ""max_seen_before"": 840, ""violation"": false}]}"
20260919T071056Z_5e20386a,841,recovery,1789801878.7317808,1789801878.7404935,8.284,0,8.284,pass,,read_secondary,"{""background_write_acknowledged"": true, ""reads"": [{""version"": 841, ""max_seen_before"": 840, ""violation"": false}, {""version"": 841, ""max_seen_before"": 841, ""violation"": false}]}"
20260919T071056Z_5e20386a,842,recovery,1789801878.7404935,1789801878.7489088,8.36,0,8.36,pass,,read_secondary,"{""background_write_acknowledged"": true, ""reads"": [{""version"": 842, ""max_seen_before"": 841, ""violation"": false}, {""version"": 842, ""max_seen_before"": 842, ""violation"": false}]}"
20260919T071056Z_5e20386a,843,recovery,1789801878.7489088,1789801878.7579525,9.639,0,9.639,pass,,read_secondary,"{""background_write_acknowledged"": true, ""reads"": [{""version"": 843, ""max_seen_before"": 842, ""violation"": false}, {""version"": 843, ""max_seen_before"": 843, ""violation"": false}]}"
20260919T071056Z_5e20386a,844,recovery,1789801878.7587056,1789801878.7679152,9.465,0,9.465,pass,,read_secondary,"{""background_write_acknowledged"": true, ""reads"": [{""version"": 844, ""max_seen_before"": 843, ""violation"": false}, {""version"": 844, ""max_seen_before"": 844, ""violation"": false}]}"
20260919T071056Z_5e20386a,845,recovery,1789801878.7684782,1789801878.779679,11.305,0,11.305,pass,,read_secondary,"{""background_write_acknowledged"": true, ""reads"": [{""version"": 845, ""max_seen_before"": 844, ""violation"": false}, {""version"": 845, ""max_seen_before"": 845, ""violation"": false}]}"
20260919T071056Z_5e20386a,846,recovery,1789801878.779679,1789801878.7900293,10.412,0,10.412,pass,,read_secondary,"{""background_write_acknowledged"": true, ""reads"": [{""version"": 846, ""max_seen_before"": 845, ""violation"": false}, {""version"": 846, ""max_seen_before"": 846, ""violation"": false}]}"
20260919T071056Z_5e20386a,847,recovery,1789801878.7900293,1789801878.7997243,9.446,0,9.446,pass,,read_secondary,"{""background_write_acknowledged"": true, ""reads"": [{""version"": 847, ""max_seen_before"": 846, ""violation"": false}, {""version"": 847, ""max_seen_before"": 847, ""violation"": false}]}"
20260919T071056Z_5e20386a,848,recovery,1789801878.7997243,1789801878.8081708,8.361,0,8.361,pass,,read_secondary,"{""background_write_acknowledged"": true, ""reads"": [{""version"": 848, ""max_seen_before"": 847, ""violation"": false}, {""version"": 848, ""max_seen_before"": 848, ""violation"": false}]}"
20260919T071056Z_5e20386a,849,recovery,1789801878.8081708,1789801878.8167968,8.925,0,8.925,pass,,read_secondary,"{""background_write_acknowledged"": true, ""reads"": [{""version"": 849, ""max_seen_before"": 848, ""violation"": false}, {""version"": 849, ""max_seen_before"": 849, ""violation"": false}]}"
20260919T071056Z_5e20386a,850,recovery,1789801878.8173594,1789801878.8253996,8.57,0,8.57,pass,,read_secondary,"{""background_write_acknowledged"": true, ""reads"": [{""version"": 850, ""max_seen_before"": 849, ""violation"": false}, {""version"": 850, ""max_seen_before"": 850, ""violation"": false}]}"
20260919T071056Z_5e20386a,851,recovery,1789801878.8259807,1789801878.8350468,9.172,0,9.172,pass,,read_secondary,"{""background_write_acknowledged"": true, ""reads"": [{""version"": 851, ""max_seen_before"": 850, ""violation"": false}, {""version"": 851, ""max_seen_before"": 851, ""violation"": false}]}"
20260919T071056Z_5e20386a,852,recovery,1789801878.8350468,1789801878.8454008,10.362,0,10.362,pass,,read_secondary,"{""background_write_acknowledged"": true, ""reads"": [{""version"": 852, ""max_seen_before"": 851, ""violation"": false}, {""version"": 852, ""max_seen_before"": 852, ""violation"": false}]}"
20260919T071056Z_5e20386a,853,recovery,1789801878.8454008,1789801878.854379,8.932,0,8.932,pass,,read_secondary,"{""background_write_acknowledged"": true, ""reads"": [{""version"": 853, ""max_seen_before"": 852, ""violation"": false}, {""version"": 853, ""max_seen_before"": 853, ""violation"": false}]}"
20260919T071056Z_5e20386a,854,recovery,1789801878.854379,1789801878.863026,8.706,0,8.706,pass,,read_secondary,"{""background_write_acknowledged"": true, ""reads"": [{""version"": 854, ""max_seen_before"": 853, ""violation"": false}, {""version"": 854, ""max_seen_before"": 854, ""violation"": false}]}"
20260919T071056Z_5e20386a,855,recovery,1789801878.8635802,1789801878.8714566,8.409,0,8.409,pass,,read_secondary,"{""background_write_acknowledged"": true, ""reads"": [{""version"": 855, ""max_seen_before"": 854, ""violation"": false}, {""version"": 855, ""max_seen_before"": 855, ""violation"": false}]}"
20260919T071056Z_5e20386a,856,recovery,1789801878.8714566,1789801878.8817766,10.009,0,10.009,pass,,read_secondary,"{""background_write_acknowledged"": true, ""reads"": [{""version"": 856, ""max_seen_before"": 855, ""violation"": false}, {""version"": 856, ""max_seen_before"": 856, ""violation"": false}]}"
20260919T071056Z_5e20386a,857,recovery,1789801878.8817766,1789801878.8902876,8.418,0,8.418,pass,,read_secondary,"{""background_write_acknowledged"": true, ""reads"": [{""version"": 857, ""max_seen_before"": 856, ""violation"": false}, {""version"": 857, ""max_seen_before"": 857, ""violation"": false}]}"
20260919T071056Z_5e20386a,858,recovery,1789801878.8902876,1789801878.899328,8.672,0,8.672,pass,,read_secondary,"{""background_write_acknowledged"": true, ""reads"": [{""version"": 858, ""max_seen_before"": 857, ""violation"": false}, {""version"": 858, ""max_seen_before"": 858, ""violation"": false}]}"
20260919T071056Z_5e20386a,859,recovery,1789801878.899328,1789801878.9090204,9.902,0,9.902,pass,,read_secondary,"{""background_write_acknowledged"": true, ""reads"": [{""version"": 859, ""max_seen_before"": 858, ""violation"": false}, {""version"": 859, ""max_seen_before"": 859, ""violation"": false}]}"
20260919T071056Z_5e20386a,860,recovery,1789801878.9090204,1789801878.9204035,11.226,0,11.226,pass,,read_secondary,"{""background_write_acknowledged"": true, ""reads"": [{""version"": 860, ""max_seen_before"": 859, ""violation"": false}, {""version"": 860, ""max_seen_before"": 860, ""violation"": false}]}"
20260919T071056Z_5e20386a,861,recovery,1789801878.9204035,1789801878.9297054,9.314,0,9.314,pass,,read_secondary,"{""background_write_acknowledged"": true, ""reads"": [{""version"": 861, ""max_seen_before"": 860, ""violation"": false}, {""version"": 861, ""max_seen_before"": 861, ""violation"": false}]}"
20260919T071056Z_5e20386a,862,recovery,1789801878.9297054,1789801878.9387558,9.054,0,9.054,pass,,read_secondary,"{""background_write_acknowledged"": true, ""reads"": [{""version"": 862, ""max_seen_before"": 861, ""violation"": false}, {""version"": 862, ""max_seen_before"": 862, ""violation"": false}]}"
20260919T071056Z_5e20386a,863,recovery,1789801878.939314,1789801878.947382,8.709,0,8.709,pass,,read_secondary,"{""background_write_acknowledged"": true, ""reads"": [{""version"": 863, ""max_seen_before"": 862, ""violation"": false}, {""version"": 863, ""max_seen_before"": 863, ""violation"": false}]}"
20260919T071056Z_5e20386a,864,recovery,1789801878.947382,1789801878.9592426,11.604,0,11.604,pass,,read_secondary,"{""background_write_acknowledged"": true, ""reads"": [{""version"": 864, ""max_seen_before"": 863, ""violation"": false}, {""version"": 864, ""max_seen_before"": 864, ""violation"": false}]}"
20260919T071056Z_5e20386a,865,recovery,1789801878.959861,1789801878.9707248,11.222,0,11.222,pass,,read_secondary,"{""background_write_acknowledged"": true, ""reads"": [{""version"": 865, ""max_seen_before"": 864, ""violation"": false}, {""version"": 865, ""max_seen_before"": 865, ""violation"": false}]}"
20260919T071056Z_5e20386a,866,recovery,1789801878.9707248,1789801878.9799252,9.082,0,9.082,pass,,read_secondary,"{""background_write_acknowledged"": true, ""reads"": [{""version"": 866, ""max_seen_before"": 865, ""violation"": false}, {""version"": 866, ""max_seen_before"": 866, ""violation"": false}]}"
20260919T071056Z_5e20386a,867,recovery,1789801878.9799252,1789801878.9906693,10.594,0,10.594,pass,,read_secondary,"{""background_write_acknowledged"": true, ""reads"": [{""version"": 867, ""max_seen_before"": 866, ""violation"": false}, {""version"": 867, ""max_seen_before"": 867, ""violation"": false}]}"
20260919T071056Z_5e20386a,868,recovery,1789801878.9906693,1789801878.9993062,8.837,0,8.837,pass,,read_secondary,"{""background_write_acknowledged"": true, ""reads"": [{""version"": 868, ""max_seen_before"": 867, ""violation"": false}, {""version"": 868, ""max_seen_before"": 868, ""violation"": false}]}"
20260919T071056Z_5e20386a,869,recovery,1789801878.9993062,1789801879.0095136,10.283,0,10.283,pass,,read_secondary,"{""background_write_acknowledged"": true, ""reads"": [{""version"": 869, ""max_seen_before"": 868, ""violation"": false}, {""version"": 869, ""max_seen_before"": 869, ""violation"": false}]}"
20260919T071056Z_5e20386a,870,recovery,1789801879.0095136,1789801879.0185528,8.201,0,8.201,pass,,read_secondary,"{""background_write_acknowledged"": true, ""reads"": [{""version"": 870, ""max_seen_before"": 869, ""violation"": false}, {""version"": 870, ""max_seen_before"": 870, ""violation"": false}]}"
20260919T071056Z_5e20386a,871,recovery,1789801879.0185528,1789801879.0275815,9.063,0,9.063,pass,,read_secondary,"{""background_write_acknowledged"": true, ""reads"": [{""version"": 871, ""max_seen_before"": 870, ""violation"": false}, {""version"": 871, ""max_seen_before"": 871, ""violation"": false}]}"
20260919T071056Z_5e20386a,872,recovery,1789801879.0275815,1789801879.0363793,8.777,0,8.777,pass,,read_secondary,"{""background_write_acknowledged"": true, ""reads"": [{""version"": 872, ""max_seen_before"": 871, ""violation"": false}, {""version"": 872, ""max_seen_before"": 872, ""violation"": false}]}"
20260919T071056Z_5e20386a,873,recovery,1789801879.0363793,1789801879.045946,9.685,0,9.685,pass,,read_secondary,"{""background_write_acknowledged"": true, ""reads"": [{""version"": 873, ""max_seen_before"": 872, ""violation"": false}, {""version"": 873, ""max_seen_before"": 873, ""violation"": false}]}"
20260919T071056Z_5e20386a,874,recovery,1789801879.045946,1789801879.0545557,8.375,0,8.375,pass,,read_secondary,"{""background_write_acknowledged"": true, ""reads"": [{""version"": 874, ""max_seen_before"": 873, ""violation"": false}, {""version"": 874, ""max_seen_before"": 874, ""violation"": false}]}"
20260919T071056Z_5e20386a,875,recovery,1789801879.0545557,1789801879.0636897,9.304,0,9.304,pass,,read_secondary,"{""background_write_acknowledged"": true, ""reads"": [{""version"": 875, ""max_seen_before"": 874, ""violation"": false}, {""version"": 875, ""max_seen_before"": 875, ""violation"": false}]}"
20260919T071056Z_5e20386a,876,recovery,1789801879.0636897,1789801879.074944,10.898,0,10.898,pass,,read_secondary,"{""background_write_acknowledged"": true, ""reads"": [{""version"": 876, ""max_seen_before"": 875, ""violation"": false}, {""version"": 876, ""max_seen_before"": 876, ""violation"": false}]}"
20260919T071056Z_5e20386a,877,recovery,1789801879.074944,1789801879.0836508,8.705,0,8.705,pass,,read_secondary,"{""background_write_acknowledged"": true, ""reads"": [{""version"": 877, ""max_seen_before"": 876, ""violation"": false}, {""version"": 877, ""max_seen_before"": 877, ""violation"": false}]}"
20260919T071056Z_5e20386a,878,recovery,1789801879.0836508,1789801879.092662,9.287,0,9.287,pass,,read_secondary,"{""background_write_acknowledged"": true, ""reads"": [{""version"": 878, ""max_seen_before"": 877, ""violation"": false}, {""version"": 878, ""max_seen_before"": 878, ""violation"": false}]}"
20260919T071056Z_5e20386a,879,recovery,1789801879.0933735,1789801879.1026204,9.247,0,9.247,pass,,read_secondary,"{""background_write_acknowledged"": true, ""reads"": [{""version"": 879, ""max_seen_before"": 878, ""violation"": false}, {""version"": 879, ""max_seen_before"": 879, ""violation"": false}]}"
20260919T071056Z_5e20386a,880,recovery,1789801879.1026204,1789801879.1122591,10.216,0,10.216,pass,,read_secondary,"{""background_write_acknowledged"": true, ""reads"": [{""version"": 880, ""max_seen_before"": 879, ""violation"": false}, {""version"": 880, ""max_seen_before"": 880, ""violation"": false}]}"
20260919T071056Z_5e20386a,881,recovery,1789801879.1129985,1789801879.1217582,9.07,0,9.07,pass,,read_secondary,"{""background_write_acknowledged"": true, ""reads"": [{""version"": 881, ""max_seen_before"": 880, ""violation"": false}, {""version"": 881, ""max_seen_before"": 881, ""violation"": false}]}"
20260919T071056Z_5e20386a,882,recovery,1789801879.1217582,1789801879.130004,8.055,0,8.055,pass,,read_secondary,"{""background_write_acknowledged"": true, ""reads"": [{""version"": 882, ""max_seen_before"": 881, ""violation"": false}, {""version"": 882, ""max_seen_before"": 882, ""violation"": false}]}"
20260919T071056Z_5e20386a,883,recovery,1789801879.130004,1789801879.138431,8.387,0,8.387,pass,,read_secondary,"{""background_write_acknowledged"": true, ""reads"": [{""version"": 883, ""max_seen_before"": 882, ""violation"": false}, {""version"": 883, ""max_seen_before"": 883, ""violation"": false}]}"
20260919T071056Z_5e20386a,884,recovery,1789801879.138431,1789801879.147799,9.157,0,9.157,pass,,read_secondary,"{""background_write_acknowledged"": true, ""reads"": [{""version"": 884, ""max_seen_before"": 883, ""violation"": false}, {""version"": 884, ""max_seen_before"": 884, ""violation"": false}]}"
20260919T071056Z_5e20386a,885,recovery,1789801879.147799,1789801879.1571565,9.165,0,9.165,pass,,read_secondary,"{""background_write_acknowledged"": true, ""reads"": [{""version"": 885, ""max_seen_before"": 884, ""violation"": false}, {""version"": 885, ""max_seen_before"": 885, ""violation"": false}]}"
20260919T071056Z_5e20386a,886,recovery,1789801879.1571565,1789801879.166914,9.881,0,9.881,pass,,read_secondary,"{""background_write_acknowledged"": true, ""reads"": [{""version"": 886, ""max_seen_before"": 885, ""violation"": false}, {""version"": 886, ""max_seen_before"": 886, ""violation"": false}]}"
20260919T071056Z_5e20386a,887,recovery,1789801879.166914,1789801879.1766994,9.769,0,9.769,pass,,read_secondary,"{""background_write_acknowledged"": true, ""reads"": [{""version"": 887, ""max_seen_before"": 886, ""violation"": false}, {""version"": 887, ""max_seen_before"": 887, ""violation"": false}]}"
20260919T071056Z_5e20386a,888,recovery,1789801879.1766994,1789801879.1872573,10.69,0,10.69,pass,,read_secondary,"{""background_write_acknowledged"": true, ""reads"": [{""version"": 888, ""max_seen_before"": 887, ""violation"": false}, {""version"": 888, ""max_seen_before"": 888, ""violation"": false}]}"
20260919T071056Z_5e20386a,889,recovery,1789801879.187857,1789801879.197758,10.466,0,10.466,pass,,read_secondary,"{""background_write_acknowledged"": true, ""reads"": [{""version"": 889, ""max_seen_before"": 888, ""violation"": false}, {""version"": 889, ""max_seen_before"": 889, ""violation"": false}]}"
20260919T071056Z_5e20386a,890,recovery,1789801879.1983862,1789801879.20853,10.103,0,10.103,pass,,read_secondary,"{""background_write_acknowledged"": true, ""reads"": [{""version"": 890, ""max_seen_before"": 889, ""violation"": false}, {""version"": 890, ""max_seen_before"": 890, ""violation"": false}]}"
20260919T071056Z_5e20386a,891,recovery,1789801879.20853,1789801879.2188485,10.345,0,10.345,pass,,read_secondary,"{""background_write_acknowledged"": true, ""reads"": [{""version"": 891, ""max_seen_before"": 890, ""violation"": false}, {""version"": 891, ""max_seen_before"": 891, ""violation"": false}]}"
20260919T071056Z_5e20386a,892,recovery,1789801879.2188485,1789801879.2299478,11.046,0,11.046,pass,,read_secondary,"{""background_write_acknowledged"": true, ""reads"": [{""version"": 892, ""max_seen_before"": 891, ""violation"": false}, {""version"": 892, ""max_seen_before"": 892, ""violation"": false}]}"
20260919T071056Z_5e20386a,893,recovery,1789801879.2299478,1789801879.2387552,8.749,0,8.749,pass,,read_secondary,"{""background_write_acknowledged"": true, ""reads"": [{""version"": 893, ""max_seen_before"": 892, ""violation"": false}, {""version"": 893, ""max_seen_before"": 893, ""violation"": false}]}"
20260919T071056Z_5e20386a,894,recovery,1789801879.2387552,1789801879.2476647,8.96,0,8.96,pass,,read_secondary,"{""background_write_acknowledged"": true, ""reads"": [{""version"": 894, ""max_seen_before"": 893, ""violation"": false}, {""version"": 894, ""max_seen_before"": 894, ""violation"": false}]}"
20260919T071056Z_5e20386a,895,recovery,1789801879.2476647,1789801879.2566323,8.59,0,8.59,pass,,read_secondary,"{""background_write_acknowledged"": true, ""reads"": [{""version"": 895, ""max_seen_before"": 894, ""violation"": false}, {""version"": 895, ""max_seen_before"": 895, ""violation"": false}]}"
20260919T071056Z_5e20386a,896,recovery,1789801879.2566323,1789801879.2652578,8.633,0,8.633,pass,,read_secondary,"{""background_write_acknowledged"": true, ""reads"": [{""version"": 896, ""max_seen_before"": 895, ""violation"": false}, {""version"": 896, ""max_seen_before"": 896, ""violation"": false}]}"
20260919T071056Z_5e20386a,897,recovery,1789801879.2652578,1789801879.2736077,8.683,0,8.683,pass,,read_secondary,"{""background_write_acknowledged"": true, ""reads"": [{""version"": 897, ""max_seen_before"": 896, ""violation"": false}, {""version"": 897, ""max_seen_before"": 897, ""violation"": false}]}"
20260919T071056Z_5e20386a,898,recovery,1789801879.2742238,1789801879.2843843,10.162,0,10.162,pass,,read_secondary,"{""background_write_acknowledged"": true, ""reads"": [{""version"": 898, ""max_seen_before"": 897, ""violation"": false}, {""version"": 898, ""max_seen_before"": 898, ""violation"": false}]}"
20260919T071056Z_5e20386a,899,recovery,1789801879.2843843,1789801879.2947507,10.722,0,10.722,pass,,read_secondary,"{""background_write_acknowledged"": true, ""reads"": [{""version"": 899, ""max_seen_before"": 898, ""violation"": false}, {""version"": 899, ""max_seen_before"": 899, ""violation"": false}]}"
20260919T071056Z_5e20386a,900,recovery,1789801879.2947507,1789801879.3054051,10.437,0,10.437,pass,,read_secondary,"{""background_write_acknowledged"": true, ""reads"": [{""version"": 900, ""max_seen_before"": 899, ""violation"": false}, {""version"": 900, ""max_seen_before"": 900, ""violation"": false}]}"
20260919T071056Z_5e20386a,901,recovery,1789801879.3111172,1789801879.3214,10.318,0,10.318,pass,,read_secondary,"{""background_write_acknowledged"": true, ""reads"": [{""version"": 901, ""max_seen_before"": 900, ""violation"": false}, {""version"": 901, ""max_seen_before"": 901, ""violation"": false}]}"
20260919T071056Z_5e20386a,902,recovery,1789801879.3214,1789801879.3301604,8.684,0,8.684,pass,,read_secondary,"{""background_write_acknowledged"": true, ""reads"": [{""version"": 902, ""max_seen_before"": 901, ""violation"": false}, {""version"": 902, ""max_seen_before"": 902, ""violation"": false}]}"
20260919T071056Z_5e20386a,903,recovery,1789801879.3301604,1789801879.3394492,9.637,0,9.637,pass,,read_secondary,"{""background_write_acknowledged"": true, ""reads"": [{""version"": 903, ""max_seen_before"": 902, ""violation"": false}, {""version"": 903, ""max_seen_before"": 903, ""violation"": false}]}"
20260919T071056Z_5e20386a,904,recovery,1789801879.3402963,1789801879.3496013,9.832,0,9.832,pass,,read_secondary,"{""background_write_acknowledged"": true, ""reads"": [{""version"": 904, ""max_seen_before"": 903, ""violation"": false}, {""version"": 904, ""max_seen_before"": 904, ""violation"": false}]}"
20260919T071056Z_5e20386a,905,recovery,1789801879.3496013,1789801879.3597066,9.911,0,9.911,pass,,read_secondary,"{""background_write_acknowledged"": true, ""reads"": [{""version"": 905, ""max_seen_before"": 904, ""violation"": false}, {""version"": 905, ""max_seen_before"": 905, ""violation"": false}]}"
20260919T071056Z_5e20386a,906,recovery,1789801879.3597066,1789801879.3688197,9.302,0,9.302,pass,,read_secondary,"{""background_write_acknowledged"": true, ""reads"": [{""version"": 906, ""max_seen_before"": 905, ""violation"": false}, {""version"": 906, ""max_seen_before"": 906, ""violation"": false}]}"
20260919T071056Z_5e20386a,907,recovery,1789801879.3695836,1789801879.3824801,13.083,0,13.083,pass,,read_secondary,"{""background_write_acknowledged"": true, ""reads"": [{""version"": 907, ""max_seen_before"": 906, ""violation"": false}, {""version"": 907, ""max_seen_before"": 907, ""violation"": false}]}"
20260919T071056Z_5e20386a,908,recovery,1789801879.3824801,1789801879.3950307,12.61,0,12.61,pass,,read_secondary,"{""background_write_acknowledged"": true, ""reads"": [{""version"": 908, ""max_seen_before"": 907, ""violation"": false}, {""version"": 908, ""max_seen_before"": 908, ""violation"": false}]}"
20260919T071056Z_5e20386a,909,recovery,1789801879.3950307,1789801879.4061909,11.157,0,11.157,pass,,read_secondary,"{""background_write_acknowledged"": true, ""reads"": [{""version"": 909, ""max_seen_before"": 908, ""violation"": false}, {""version"": 909, ""max_seen_before"": 909, ""violation"": false}]}"
20260919T071056Z_5e20386a,910,recovery,1789801879.406702,1789801879.4155462,8.796,0,8.796,pass,,read_secondary,"{""background_write_acknowledged"": true, ""reads"": [{""version"": 910, ""max_seen_before"": 909, ""violation"": false}, {""version"": 910, ""max_seen_before"": 910, ""violation"": false}]}"
20260919T071056Z_5e20386a,911,recovery,1789801879.4155462,1789801879.424452,9.225,0,9.225,pass,,read_secondary,"{""background_write_acknowledged"": true, ""reads"": [{""version"": 911, ""max_seen_before"": 910, ""violation"": false}, {""version"": 911, ""max_seen_before"": 911, ""violation"": false}]}"
20260919T071056Z_5e20386a,912,recovery,1789801879.424452,1789801879.4364119,11.905,0,11.905,pass,,read_secondary,"{""background_write_acknowledged"": true, ""reads"": [{""version"": 912, ""max_seen_before"": 911, ""violation"": false}, {""version"": 912, ""max_seen_before"": 912, ""violation"": false}]}"
20260919T071056Z_5e20386a,913,recovery,1789801879.4364119,1789801879.4479442,11.002,0,11.002,pass,,read_secondary,"{""background_write_acknowledged"": true, ""reads"": [{""version"": 913, ""max_seen_before"": 912, ""violation"": false}, {""version"": 913, ""max_seen_before"": 913, ""violation"": false}]}"
20260919T071056Z_5e20386a,914,recovery,1789801879.4479442,1789801879.4597392,11.743,0,11.743,pass,,read_secondary,"{""background_write_acknowledged"": true, ""reads"": [{""version"": 914, ""max_seen_before"": 913, ""violation"": false}, {""version"": 914, ""max_seen_before"": 914, ""violation"": false}]}"
20260919T071056Z_5e20386a,915,recovery,1789801879.4597392,1789801879.473755,13.758,0,13.758,pass,,read_secondary,"{""background_write_acknowledged"": true, ""reads"": [{""version"": 915, ""max_seen_before"": 914, ""violation"": false}, {""version"": 915, ""max_seen_before"": 915, ""violation"": false}]}"
20260919T071056Z_5e20386a,916,recovery,1789801879.473755,1789801879.4872704,13.282,0,13.282,pass,,read_secondary,"{""background_write_acknowledged"": true, ""reads"": [{""version"": 916, ""max_seen_before"": 915, ""violation"": false}, {""version"": 916, ""max_seen_before"": 916, ""violation"": false}]}"
20260919T071056Z_5e20386a,917,recovery,1789801879.4872704,1789801879.4981816,10.869,0,10.869,pass,,read_secondary,"{""background_write_acknowledged"": true, ""reads"": [{""version"": 917, ""max_seen_before"": 916, ""violation"": false}, {""version"": 917, ""max_seen_before"": 917, ""violation"": false}]}"
20260919T071056Z_5e20386a,918,recovery,1789801879.4981816,1789801879.5073843,9.271,0,9.271,pass,,read_secondary,"{""background_write_acknowledged"": true, ""reads"": [{""version"": 918, ""max_seen_before"": 917, ""violation"": false}, {""version"": 918, ""max_seen_before"": 918, ""violation"": false}]}"
20260919T071056Z_5e20386a,919,recovery,1789801879.5073843,1789801879.5165105,9.143,0,9.143,pass,,read_secondary,"{""background_write_acknowledged"": true, ""reads"": [{""version"": 919, ""max_seen_before"": 918, ""violation"": false}, {""version"": 919, ""max_seen_before"": 919, ""violation"": false}]}"
20260919T071056Z_5e20386a,920,recovery,1789801879.5165105,1789801879.5256178,9.127,0,9.127,pass,,read_secondary,"{""background_write_acknowledged"": true, ""reads"": [{""version"": 920, ""max_seen_before"": 919, ""violation"": false}, {""version"": 920, ""max_seen_before"": 920, ""violation"": false}]}"
20260919T071056Z_5e20386a,921,recovery,1789801879.5256178,1789801879.5351222,9.176,0,9.176,pass,,read_secondary,"{""background_write_acknowledged"": true, ""reads"": [{""version"": 921, ""max_seen_before"": 920, ""violation"": false}, {""version"": 921, ""max_seen_before"": 921, ""violation"": false}]}"
20260919T071056Z_5e20386a,922,recovery,1789801879.5351222,1789801879.544456,8.94,0,8.94,pass,,read_secondary,"{""background_write_acknowledged"": true, ""reads"": [{""version"": 922, ""max_seen_before"": 921, ""violation"": false}, {""version"": 922, ""max_seen_before"": 922, ""violation"": false}]}"
20260919T071056Z_5e20386a,923,recovery,1789801879.544456,1789801879.553264,8.999,0,8.999,pass,,read_secondary,"{""background_write_acknowledged"": true, ""reads"": [{""version"": 923, ""max_seen_before"": 922, ""violation"": false}, {""version"": 923, ""max_seen_before"": 923, ""violation"": false}]}"
20260919T071056Z_5e20386a,924,recovery,1789801879.553264,1789801879.5626724,9.351,0,9.351,pass,,read_secondary,"{""background_write_acknowledged"": true, ""reads"": [{""version"": 924, ""max_seen_before"": 923, ""violation"": false}, {""version"": 924, ""max_seen_before"": 924, ""violation"": false}]}"
20260919T071056Z_5e20386a,925,recovery,1789801879.5626724,1789801879.5733569,10.517,0,10.517,pass,,read_secondary,"{""background_write_acknowledged"": true, ""reads"": [{""version"": 925, ""max_seen_before"": 924, ""violation"": false}, {""version"": 925, ""max_seen_before"": 925, ""violation"": false}]}"
20260919T071056Z_5e20386a,926,recovery,1789801879.5733569,1789801879.583742,10.136,0,10.136,pass,,read_secondary,"{""background_write_acknowledged"": true, ""reads"": [{""version"": 926, ""max_seen_before"": 925, ""violation"": false}, {""version"": 926, ""max_seen_before"": 926, ""violation"": false}]}"
20260919T071056Z_5e20386a,927,recovery,1789801879.583742,1789801879.593115,9.377,0,9.377,pass,,read_secondary,"{""background_write_acknowledged"": true, ""reads"": [{""version"": 927, ""max_seen_before"": 926, ""violation"": false}, {""version"": 927, ""max_seen_before"": 927, ""violation"": false}]}"
20260919T071056Z_5e20386a,928,recovery,1789801879.593115,1789801879.6041944,11.44,0,11.44,pass,,read_secondary,"{""background_write_acknowledged"": true, ""reads"": [{""version"": 928, ""max_seen_before"": 927, ""violation"": false}, {""version"": 928, ""max_seen_before"": 928, ""violation"": false}]}"
20260919T071056Z_5e20386a,929,recovery,1789801879.605001,1789801879.6151562,10.44,0,10.44,pass,,read_secondary,"{""background_write_acknowledged"": true, ""reads"": [{""version"": 929, ""max_seen_before"": 928, ""violation"": false}, {""version"": 929, ""max_seen_before"": 929, ""violation"": false}]}"
20260919T071056Z_5e20386a,930,recovery,1789801879.6151562,1789801879.62479,9.529,0,9.529,pass,,read_secondary,"{""background_write_acknowledged"": true, ""reads"": [{""version"": 930, ""max_seen_before"": 929, ""violation"": false}, {""version"": 930, ""max_seen_before"": 930, ""violation"": false}]}"
20260919T071056Z_5e20386a,931,recovery,1789801879.6250985,1789801879.6343918,9.279,0,9.279,pass,,read_secondary,"{""background_write_acknowledged"": true, ""reads"": [{""version"": 931, ""max_seen_before"": 930, ""violation"": false}, {""version"": 931, ""max_seen_before"": 931, ""violation"": false}]}"
20260919T071056Z_5e20386a,932,recovery,1789801879.6343918,1789801879.6456294,11.2,0,11.2,pass,,read_secondary,"{""background_write_acknowledged"": true, ""reads"": [{""version"": 932, ""max_seen_before"": 931, ""violation"": false}, {""version"": 932, ""max_seen_before"": 932, ""violation"": false}]}"
20260919T071056Z_5e20386a,933,recovery,1789801879.6456294,1789801879.6561656,10.317,0,10.317,pass,,read_secondary,"{""background_write_acknowledged"": true, ""reads"": [{""version"": 933, ""max_seen_before"": 932, ""violation"": false}, {""version"": 933, ""max_seen_before"": 933, ""violation"": false}]}"
20260919T071056Z_5e20386a,934,recovery,1789801879.6561656,1789801879.6686366,12.741,0,12.741,pass,,read_secondary,"{""background_write_acknowledged"": true, ""reads"": [{""version"": 934, ""max_seen_before"": 933, ""violation"": false}, {""version"": 934, ""max_seen_before"": 934, ""violation"": false}]}"
20260919T071056Z_5e20386a,935,recovery,1789801879.6686366,1789801879.6804485,11.355,0,11.355,pass,,read_secondary,"{""background_write_acknowledged"": true, ""reads"": [{""version"": 935, ""max_seen_before"": 934, ""violation"": false}, {""version"": 935, ""max_seen_before"": 935, ""violation"": false}]}"
20260919T071056Z_5e20386a,936,recovery,1789801879.6804485,1789801879.6890342,8.828,0,8.828,pass,,read_secondary,"{""background_write_acknowledged"": true, ""reads"": [{""version"": 936, ""max_seen_before"": 935, ""violation"": false}, {""version"": 936, ""max_seen_before"": 936, ""violation"": false}]}"
20260919T071056Z_5e20386a,937,recovery,1789801879.6890342,1789801879.697665,8.519,0,8.519,pass,,read_secondary,"{""background_write_acknowledged"": true, ""reads"": [{""version"": 937, ""max_seen_before"": 936, ""violation"": false}, {""version"": 937, ""max_seen_before"": 937, ""violation"": false}]}"
20260919T071056Z_5e20386a,938,recovery,1789801879.697665,1789801879.707437,9.846,0,9.846,pass,,read_secondary,"{""background_write_acknowledged"": true, ""reads"": [{""version"": 938, ""max_seen_before"": 937, ""violation"": false}, {""version"": 938, ""max_seen_before"": 938, ""violation"": false}]}"
20260919T071056Z_5e20386a,939,recovery,1789801879.707437,1789801879.7169483,8.943,0,8.943,pass,,read_secondary,"{""background_write_acknowledged"": true, ""reads"": [{""version"": 939, ""max_seen_before"": 938, ""violation"": false}, {""version"": 939, ""max_seen_before"": 939, ""violation"": false}]}"
20260919T071056Z_5e20386a,940,recovery,1789801879.7169483,1789801879.7290466,12.143,0,12.143,pass,,read_secondary,"{""background_write_acknowledged"": true, ""reads"": [{""version"": 940, ""max_seen_before"": 939, ""violation"": false}, {""version"": 940, ""max_seen_before"": 940, ""violation"": false}]}"
20260919T071056Z_5e20386a,941,recovery,1789801879.7290466,1789801879.7398694,10.63,0,10.63,pass,,read_secondary,"{""background_write_acknowledged"": true, ""reads"": [{""version"": 941, ""max_seen_before"": 940, ""violation"": false}, {""version"": 941, ""max_seen_before"": 941, ""violation"": false}]}"
20260919T071056Z_5e20386a,942,recovery,1789801879.7398694,1789801879.749599,9.646,0,9.646,pass,,read_secondary,"{""background_write_acknowledged"": true, ""reads"": [{""version"": 942, ""max_seen_before"": 941, ""violation"": false}, {""version"": 942, ""max_seen_before"": 942, ""violation"": false}]}"
20260919T071056Z_5e20386a,943,recovery,1789801879.749599,1789801879.7591813,9.478,0,9.478,pass,,read_secondary,"{""background_write_acknowledged"": true, ""reads"": [{""version"": 943, ""max_seen_before"": 942, ""violation"": false}, {""version"": 943, ""max_seen_before"": 943, ""violation"": false}]}"
20260919T071056Z_5e20386a,944,recovery,1789801879.7591813,1789801879.7667015,7.86,0,7.86,pass,,read_secondary,"{""background_write_acknowledged"": true, ""reads"": [{""version"": 944, ""max_seen_before"": 943, ""violation"": false}, {""version"": 944, ""max_seen_before"": 944, ""violation"": false}]}"
20260919T071056Z_5e20386a,945,recovery,1789801879.7667015,1789801879.7746842,8.072,0,8.072,pass,,read_secondary,"{""background_write_acknowledged"": true, ""reads"": [{""version"": 945, ""max_seen_before"": 944, ""violation"": false}, {""version"": 945, ""max_seen_before"": 945, ""violation"": false}]}"
20260919T071056Z_5e20386a,946,recovery,1789801879.7746842,1789801879.7843382,9.154,0,9.154,pass,,read_secondary,"{""background_write_acknowledged"": true, ""reads"": [{""version"": 946, ""max_seen_before"": 945, ""violation"": false}, {""version"": 946, ""max_seen_before"": 946, ""violation"": false}]}"
20260919T071056Z_5e20386a,947,recovery,1789801879.7843382,1789801879.7928402,8.205,0,8.205,pass,,read_secondary,"{""background_write_acknowledged"": true, ""reads"": [{""version"": 947, ""max_seen_before"": 946, ""violation"": false}, {""version"": 947, ""max_seen_before"": 947, ""violation"": false}]}"
20260919T071056Z_5e20386a,948,recovery,1789801879.7928402,1789801879.8020751,9.387,0,9.387,pass,,read_secondary,"{""background_write_acknowledged"": true, ""reads"": [{""version"": 948, ""max_seen_before"": 947, ""violation"": false}, {""version"": 948, ""max_seen_before"": 948, ""violation"": false}]}"
20260919T071056Z_5e20386a,949,recovery,1789801879.8020751,1789801879.8100991,8.372,0,8.372,pass,,read_secondary,"{""background_write_acknowledged"": true, ""reads"": [{""version"": 949, ""max_seen_before"": 948, ""violation"": false}, {""version"": 949, ""max_seen_before"": 949, ""violation"": false}]}"
20260919T071056Z_5e20386a,950,recovery,1789801879.8100991,1789801879.8221729,11.516,0,11.516,pass,,read_secondary,"{""background_write_acknowledged"": true, ""reads"": [{""version"": 950, ""max_seen_before"": 949, ""violation"": false}, {""version"": 950, ""max_seen_before"": 950, ""violation"": false}]}"
20260919T071056Z_5e20386a,951,recovery,1789801879.8221729,1789801879.8324206,10.328,0,10.328,pass,,read_secondary,"{""background_write_acknowledged"": true, ""reads"": [{""version"": 951, ""max_seen_before"": 950, ""violation"": false}, {""version"": 951, ""max_seen_before"": 951, ""violation"": false}]}"
20260919T071056Z_5e20386a,952,recovery,1789801879.8324206,1789801879.8417296,9.078,0,9.078,pass,,read_secondary,"{""background_write_acknowledged"": true, ""reads"": [{""version"": 952, ""max_seen_before"": 951, ""violation"": false}, {""version"": 952, ""max_seen_before"": 952, ""violation"": false}]}"
20260919T071056Z_5e20386a,953,recovery,1789801879.8417296,1789801879.8512948,9.69,0,9.69,pass,,read_secondary,"{""background_write_acknowledged"": true, ""reads"": [{""version"": 953, ""max_seen_before"": 952, ""violation"": false}, {""version"": 953, ""max_seen_before"": 953, ""violation"": false}]}"
20260919T071056Z_5e20386a,954,recovery,1789801879.8518007,1789801879.8604982,9.234,0,9.234,pass,,read_secondary,"{""background_write_acknowledged"": true, ""reads"": [{""version"": 954, ""max_seen_before"": 953, ""violation"": false}, {""version"": 954, ""max_seen_before"": 954, ""violation"": false}]}"
20260919T071056Z_5e20386a,955,recovery,1789801879.8604982,1789801879.8690777,8.028,0,8.028,pass,,read_secondary,"{""background_write_acknowledged"": true, ""reads"": [{""version"": 955, ""max_seen_before"": 954, ""violation"": false}, {""version"": 955, ""max_seen_before"": 955, ""violation"": false}]}"
20260919T071056Z_5e20386a,956,recovery,1789801879.8690777,1789801879.8782427,9.602,0,9.602,pass,,read_secondary,"{""background_write_acknowledged"": true, ""reads"": [{""version"": 956, ""max_seen_before"": 955, ""violation"": false}, {""version"": 956, ""max_seen_before"": 956, ""violation"": false}]}"
20260919T071056Z_5e20386a,957,recovery,1789801879.8788636,1789801879.8865998,8.281,0,8.281,pass,,read_secondary,"{""background_write_acknowledged"": true, ""reads"": [{""version"": 957, ""max_seen_before"": 956, ""violation"": false}, {""version"": 957, ""max_seen_before"": 957, ""violation"": false}]}"
20260919T071056Z_5e20386a,958,recovery,1789801879.8865998,1789801879.8955278,8.929,0,8.929,pass,,read_secondary,"{""background_write_acknowledged"": true, ""reads"": [{""version"": 958, ""max_seen_before"": 957, ""violation"": false}, {""version"": 958, ""max_seen_before"": 958, ""violation"": false}]}"
20260919T071056Z_5e20386a,959,recovery,1789801879.8961997,1789801879.904167,8.298,0,8.298,pass,,read_secondary,"{""background_write_acknowledged"": true, ""reads"": [{""version"": 959, ""max_seen_before"": 958, ""violation"": false}, {""version"": 959, ""max_seen_before"": 959, ""violation"": false}]}"
20260919T071056Z_5e20386a,960,recovery,1789801879.904167,1789801879.9126241,8.212,0,8.212,pass,,read_secondary,"{""background_write_acknowledged"": true, ""reads"": [{""version"": 960, ""max_seen_before"": 959, ""violation"": false}, {""version"": 960, ""max_seen_before"": 960, ""violation"": false}]}"
20260919T071056Z_5e20386a,961,recovery,1789801879.9126241,1789801879.9216368,8.74,0,8.74,pass,,read_secondary,"{""background_write_acknowledged"": true, ""reads"": [{""version"": 961, ""max_seen_before"": 960, ""violation"": false}, {""version"": 961, ""max_seen_before"": 961, ""violation"": false}]}"
20260919T071056Z_5e20386a,962,recovery,1789801879.9216368,1789801879.9298315,8.772,0,8.772,pass,,read_secondary,"{""background_write_acknowledged"": true, ""reads"": [{""version"": 962, ""max_seen_before"": 961, ""violation"": false}, {""version"": 962, ""max_seen_before"": 962, ""violation"": false}]}"
20260919T071056Z_5e20386a,963,recovery,1789801879.9298315,1789801879.9415734,11.093,0,11.093,pass,,read_secondary,"{""background_write_acknowledged"": true, ""reads"": [{""version"": 963, ""max_seen_before"": 962, ""violation"": false}, {""version"": 963, ""max_seen_before"": 963, ""violation"": false}]}"
20260919T071056Z_5e20386a,964,recovery,1789801879.9415734,1789801879.9524574,10.862,0,10.862,pass,,read_secondary,"{""background_write_acknowledged"": true, ""reads"": [{""version"": 964, ""max_seen_before"": 963, ""violation"": false}, {""version"": 964, ""max_seen_before"": 964, ""violation"": false}]}"
20260919T071056Z_5e20386a,965,recovery,1789801879.9524574,1789801879.9616337,9.327,0,9.327,pass,,read_secondary,"{""background_write_acknowledged"": true, ""reads"": [{""version"": 965, ""max_seen_before"": 964, ""violation"": false}, {""version"": 965, ""max_seen_before"": 965, ""violation"": false}]}"
20260919T071056Z_5e20386a,966,recovery,1789801879.9616337,1789801879.971964,9.877,0,9.877,pass,,read_secondary,"{""background_write_acknowledged"": true, ""reads"": [{""version"": 966, ""max_seen_before"": 965, ""violation"": false}, {""version"": 966, ""max_seen_before"": 966, ""violation"": false}]}"
20260919T071056Z_5e20386a,967,recovery,1789801879.971964,1789801879.9799643,8.252,0,8.252,pass,,read_secondary,"{""background_write_acknowledged"": true, ""reads"": [{""version"": 967, ""max_seen_before"": 966, ""violation"": false}, {""version"": 967, ""max_seen_before"": 967, ""violation"": false}]}"
20260919T071056Z_5e20386a,968,recovery,1789801879.9799643,1789801879.9902546,10.011,0,10.011,pass,,read_secondary,"{""background_write_acknowledged"": true, ""reads"": [{""version"": 968, ""max_seen_before"": 967, ""violation"": false}, {""version"": 968, ""max_seen_before"": 968, ""violation"": false}]}"
20260919T071056Z_5e20386a,969,recovery,1789801879.9902546,1789801879.9989398,8.71,0,8.71,pass,,read_secondary,"{""background_write_acknowledged"": true, ""reads"": [{""version"": 969, ""max_seen_before"": 968, ""violation"": false}, {""version"": 969, ""max_seen_before"": 969, ""violation"": false}]}"
20260919T071056Z_5e20386a,970,recovery,1789801879.9989398,1789801880.0087435,9.72,0,9.72,pass,,read_secondary,"{""background_write_acknowledged"": true, ""reads"": [{""version"": 970, ""max_seen_before"": 969, ""violation"": false}, {""version"": 970, ""max_seen_before"": 970, ""violation"": false}]}"
20260919T071056Z_5e20386a,971,recovery,1789801880.0087435,1789801880.019098,10.677,0,10.677,pass,,read_secondary,"{""background_write_acknowledged"": true, ""reads"": [{""version"": 971, ""max_seen_before"": 970, ""violation"": false}, {""version"": 971, ""max_seen_before"": 971, ""violation"": false}]}"
20260919T071056Z_5e20386a,972,recovery,1789801880.019881,1789801880.0298014,10.365,0,10.365,pass,,read_secondary,"{""background_write_acknowledged"": true, ""reads"": [{""version"": 972, ""max_seen_before"": 971, ""violation"": false}, {""version"": 972, ""max_seen_before"": 972, ""violation"": false}]}"
20260919T071056Z_5e20386a,973,recovery,1789801880.0298014,1789801880.0381327,8.342,0,8.342,pass,,read_secondary,"{""background_write_acknowledged"": true, ""reads"": [{""version"": 973, ""max_seen_before"": 972, ""violation"": false}, {""version"": 973, ""max_seen_before"": 973, ""violation"": false}]}"
20260919T071056Z_5e20386a,974,recovery,1789801880.0387151,1789801880.0457702,7.549,0,7.549,pass,,read_secondary,"{""background_write_acknowledged"": true, ""reads"": [{""version"": 974, ""max_seen_before"": 973, ""violation"": false}, {""version"": 974, ""max_seen_before"": 974, ""violation"": false}]}"
20260919T071056Z_5e20386a,975,recovery,1789801880.0457702,1789801880.053269,7.163,0,7.163,pass,,read_secondary,"{""background_write_acknowledged"": true, ""reads"": [{""version"": 975, ""max_seen_before"": 974, ""violation"": false}, {""version"": 975, ""max_seen_before"": 975, ""violation"": false}]}"
20260919T071056Z_5e20386a,976,recovery,1789801880.053269,1789801880.0602148,6.881,0,6.881,pass,,read_secondary,"{""background_write_acknowledged"": true, ""reads"": [{""version"": 976, ""max_seen_before"": 975, ""violation"": false}, {""version"": 976, ""max_seen_before"": 976, ""violation"": false}]}"
20260919T071056Z_5e20386a,977,recovery,1789801880.0602148,1789801880.0686789,8.175,0,8.175,pass,,read_secondary,"{""background_write_acknowledged"": true, ""reads"": [{""version"": 977, ""max_seen_before"": 976, ""violation"": false}, {""version"": 977, ""max_seen_before"": 977, ""violation"": false}]}"
20260919T071056Z_5e20386a,978,recovery,1789801880.0686789,1789801880.07681,8.036,0,8.036,pass,,read_secondary,"{""background_write_acknowledged"": true, ""reads"": [{""version"": 978, ""max_seen_before"": 977, ""violation"": false}, {""version"": 978, ""max_seen_before"": 978, ""violation"": false}]}"
20260919T071056Z_5e20386a,979,recovery,1789801880.07681,1789801880.0840874,7.58,0,7.58,pass,,read_secondary,"{""background_write_acknowledged"": true, ""reads"": [{""version"": 979, ""max_seen_before"": 978, ""violation"": false}, {""version"": 979, ""max_seen_before"": 979, ""violation"": false}]}"
20260919T071056Z_5e20386a,980,recovery,1789801880.0840874,1789801880.092289,7.701,0,7.701,pass,,read_secondary,"{""background_write_acknowledged"": true, ""reads"": [{""version"": 980, ""max_seen_before"": 979, ""violation"": false}, {""version"": 980, ""max_seen_before"": 980, ""violation"": false}]}"
20260919T071056Z_5e20386a,981,recovery,1789801880.092289,1789801880.0998175,8.027,0,8.027,pass,,read_secondary,"{""background_write_acknowledged"": true, ""reads"": [{""version"": 981, ""max_seen_before"": 980, ""violation"": false}, {""version"": 981, ""max_seen_before"": 981, ""violation"": false}]}"
20260919T071056Z_5e20386a,982,recovery,1789801880.0998175,1789801880.1073554,7.049,0,7.049,pass,,read_secondary,"{""background_write_acknowledged"": true, ""reads"": [{""version"": 982, ""max_seen_before"": 981, ""violation"": false}, {""version"": 982, ""max_seen_before"": 982, ""violation"": false}]}"
20260919T071056Z_5e20386a,983,recovery,1789801880.1073554,1789801880.1149833,7.6,0,7.6,pass,,read_secondary,"{""background_write_acknowledged"": true, ""reads"": [{""version"": 983, ""max_seen_before"": 982, ""violation"": false}, {""version"": 983, ""max_seen_before"": 983, ""violation"": false}]}"
20260919T071056Z_5e20386a,984,recovery,1789801880.1149833,1789801880.1220722,7.149,0,7.149,pass,,read_secondary,"{""background_write_acknowledged"": true, ""reads"": [{""version"": 984, ""max_seen_before"": 983, ""violation"": false}, {""version"": 984, ""max_seen_before"": 984, ""violation"": false}]}"
20260919T071056Z_5e20386a,985,recovery,1789801880.1220722,1789801880.1291842,6.707,0,6.707,pass,,read_secondary,"{""background_write_acknowledged"": true, ""reads"": [{""version"": 985, ""max_seen_before"": 984, ""violation"": false}, {""version"": 985, ""max_seen_before"": 985, ""violation"": false}]}"
20260919T071056Z_5e20386a,986,recovery,1789801880.1291842,1789801880.1365376,7.978,0,7.978,pass,,read_secondary,"{""background_write_acknowledged"": true, ""reads"": [{""version"": 986, ""max_seen_before"": 985, ""violation"": false}, {""version"": 986, ""max_seen_before"": 986, ""violation"": false}]}"
20260919T071056Z_5e20386a,987,recovery,1789801880.1373296,1789801880.144328,7.403,0,7.403,pass,,read_secondary,"{""background_write_acknowledged"": true, ""reads"": [{""version"": 987, ""max_seen_before"": 986, ""violation"": false}, {""version"": 987, ""max_seen_before"": 987, ""violation"": false}]}"
20260919T071056Z_5e20386a,988,recovery,1789801880.144328,1789801880.1524227,7.708,0,7.708,pass,,read_secondary,"{""background_write_acknowledged"": true, ""reads"": [{""version"": 988, ""max_seen_before"": 987, ""violation"": false}, {""version"": 988, ""max_seen_before"": 988, ""violation"": false}]}"
20260919T071056Z_5e20386a,989,recovery,1789801880.1524227,1789801880.1600943,8.023,0,8.023,pass,,read_secondary,"{""background_write_acknowledged"": true, ""reads"": [{""version"": 989, ""max_seen_before"": 988, ""violation"": false}, {""version"": 989, ""max_seen_before"": 989, ""violation"": false}]}"
20260919T071056Z_5e20386a,990,recovery,1789801880.1600943,1789801880.1695027,8.776,0,8.776,pass,,read_secondary,"{""background_write_acknowledged"": true, ""reads"": [{""version"": 990, ""max_seen_before"": 989, ""violation"": false}, {""version"": 990, ""max_seen_before"": 990, ""violation"": false}]}"
20260919T071056Z_5e20386a,991,recovery,1789801880.1695027,1789801880.1775787,9.22,0,9.22,pass,,read_secondary,"{""background_write_acknowledged"": true, ""reads"": [{""version"": 991, ""max_seen_before"": 990, ""violation"": false}, {""version"": 991, ""max_seen_before"": 991, ""violation"": false}]}"
20260919T071056Z_5e20386a,992,recovery,1789801880.1775787,1789801880.1888208,10.454,0,10.454,pass,,read_secondary,"{""background_write_acknowledged"": true, ""reads"": [{""version"": 992, ""max_seen_before"": 991, ""violation"": false}, {""version"": 992, ""max_seen_before"": 992, ""violation"": false}]}"
20260919T071056Z_5e20386a,993,recovery,1789801880.189397,1789801880.19755,8.554,0,8.554,pass,,read_secondary,"{""background_write_acknowledged"": true, ""reads"": [{""version"": 993, ""max_seen_before"": 992, ""violation"": false}, {""version"": 993, ""max_seen_before"": 993, ""violation"": false}]}"
20260919T071056Z_5e20386a,994,recovery,1789801880.198095,1789801880.2060025,8.455,0,8.455,pass,,read_secondary,"{""background_write_acknowledged"": true, ""reads"": [{""version"": 994, ""max_seen_before"": 993, ""violation"": false}, {""version"": 994, ""max_seen_before"": 994, ""violation"": false}]}"
20260919T071056Z_5e20386a,995,recovery,1789801880.2066271,1789801880.2144444,8.432,0,8.432,pass,,read_secondary,"{""background_write_acknowledged"": true, ""reads"": [{""version"": 995, ""max_seen_before"": 994, ""violation"": false}, {""version"": 995, ""max_seen_before"": 995, ""violation"": false}]}"
20260919T071056Z_5e20386a,996,recovery,1789801880.2144444,1789801880.2237227,9.452,0,9.452,pass,,read_secondary,"{""background_write_acknowledged"": true, ""reads"": [{""version"": 996, ""max_seen_before"": 995, ""violation"": false}, {""version"": 996, ""max_seen_before"": 996, ""violation"": false}]}"
20260919T071056Z_5e20386a,997,recovery,1789801880.2247396,1789801880.2364914,12.033,0,12.033,pass,,read_secondary,"{""background_write_acknowledged"": true, ""reads"": [{""version"": 997, ""max_seen_before"": 996, ""violation"": false}, {""version"": 997, ""max_seen_before"": 997, ""violation"": false}]}"
20260919T071056Z_5e20386a,998,recovery,1789801880.2364914,1789801880.2461724,9.535,0,9.535,pass,,read_secondary,"{""background_write_acknowledged"": true, ""reads"": [{""version"": 998, ""max_seen_before"": 997, ""violation"": false}, {""version"": 998, ""max_seen_before"": 998, ""violation"": false}]}"
20260919T071056Z_5e20386a,999,recovery,1789801880.2461724,1789801880.2561224,9.542,0,9.542,pass,,read_secondary,"{""background_write_acknowledged"": true, ""reads"": [{""version"": 999, ""max_seen_before"": 998, ""violation"": false}, {""version"": 999, ""max_seen_before"": 999, ""violation"": false}]}"
20260919T071056Z_5e20386a,1000,recovery,1789801880.2561224,1789801880.264174,8.398,0,8.398,pass,,read_secondary,"{""background_write_acknowledged"": true, ""reads"": [{""version"": 1000, ""max_seen_before"": 999, ""violation"": false}, {""version"": 1000, ""max_seen_before"": 1000, ""violation"": false}]}"
