run_id,iteration,phase,start_time,end_time,latency_ms,management_ms,workload_ms,verdict,error,last_stage,details_json
20260919T061541Z_e9cd871b,1,normal,1789798541.809509,1789798541.8388681,29.567,0,29.567,pass,,read_secondary,"{""background_write_acknowledged"": true, ""reads"": [{""version"": 1, ""max_seen_before"": -1, ""violation"": false}, {""version"": 1, ""max_seen_before"": 1, ""violation"": false}]}"
20260919T061541Z_e9cd871b,2,normal,1789798541.8394473,1789798541.8547282,15.154,0,15.154,pass,,read_secondary,"{""background_write_acknowledged"": true, ""reads"": [{""version"": 2, ""max_seen_before"": 1, ""violation"": false}, {""version"": 2, ""max_seen_before"": 2, ""violation"": false}]}"
20260919T061541Z_e9cd871b,3,normal,1789798541.8556595,1789798541.8706586,15.381,0,15.381,pass,,read_secondary,"{""background_write_acknowledged"": true, ""reads"": [{""version"": 3, ""max_seen_before"": 2, ""violation"": false}, {""version"": 3, ""max_seen_before"": 3, ""violation"": false}]}"
20260919T061541Z_e9cd871b,4,normal,1789798541.8712394,1789798541.8869774,15.74,0,15.74,pass,,read_secondary,"{""background_write_acknowledged"": true, ""reads"": [{""version"": 4, ""max_seen_before"": 3, ""violation"": false}, {""version"": 4, ""max_seen_before"": 4, ""violation"": false}]}"
20260919T061541Z_e9cd871b,5,normal,1789798541.8869774,1789798541.9023602,15.208,0,15.208,pass,,read_secondary,"{""background_write_acknowledged"": true, ""reads"": [{""version"": 5, ""max_seen_before"": 4, ""violation"": false}, {""version"": 5, ""max_seen_before"": 5, ""violation"": false}]}"
20260919T061541Z_e9cd871b,6,normal,1789798541.9023602,1789798541.9161453,13.862,0,13.862,pass,,read_secondary,"{""background_write_acknowledged"": true, ""reads"": [{""version"": 6, ""max_seen_before"": 5, ""violation"": false}, {""version"": 6, ""max_seen_before"": 6, ""violation"": false}]}"
20260919T061541Z_e9cd871b,7,normal,1789798541.9161453,1789798541.9308598,14.525,0,14.525,pass,,read_secondary,"{""background_write_acknowledged"": true, ""reads"": [{""version"": 7, ""max_seen_before"": 6, ""violation"": false}, {""version"": 7, ""max_seen_before"": 7, ""violation"": false}]}"
20260919T061541Z_e9cd871b,8,normal,1789798541.9308598,1789798541.9451237,14.274,0,14.274,pass,,read_secondary,"{""background_write_acknowledged"": true, ""reads"": [{""version"": 8, ""max_seen_before"": 7, ""violation"": false}, {""version"": 8, ""max_seen_before"": 8, ""violation"": false}]}"
20260919T061541Z_e9cd871b,9,normal,1789798541.9457002,1789798541.959345,13.953,0,13.953,pass,,read_secondary,"{""background_write_acknowledged"": true, ""reads"": [{""version"": 9, ""max_seen_before"": 8, ""violation"": false}, {""version"": 9, ""max_seen_before"": 9, ""violation"": false}]}"
20260919T061541Z_e9cd871b,10,normal,1789798541.9599588,1789798541.9732785,13.391,0,13.391,pass,,read_secondary,"{""background_write_acknowledged"": true, ""reads"": [{""version"": 10, ""max_seen_before"": 9, ""violation"": false}, {""version"": 10, ""max_seen_before"": 10, ""violation"": false}]}"
20260919T061541Z_e9cd871b,11,normal,1789798541.9732785,1789798541.9866924,13.516,0,13.516,pass,,read_secondary,"{""background_write_acknowledged"": true, ""reads"": [{""version"": 11, ""max_seen_before"": 10, ""violation"": false}, {""version"": 11, ""max_seen_before"": 11, ""violation"": false}]}"
20260919T061541Z_e9cd871b,12,normal,1789798541.9866924,1789798542.0005872,13.795,0,13.795,pass,,read_secondary,"{""background_write_acknowledged"": true, ""reads"": [{""version"": 12, ""max_seen_before"": 11, ""violation"": false}, {""version"": 12, ""max_seen_before"": 12, ""violation"": false}]}"
20260919T061541Z_e9cd871b,13,normal,1789798542.0005872,1789798542.0154138,14.618,0,14.618,pass,,read_secondary,"{""background_write_acknowledged"": true, ""reads"": [{""version"": 13, ""max_seen_before"": 12, ""violation"": false}, {""version"": 13, ""max_seen_before"": 13, ""violation"": false}]}"
20260919T061541Z_e9cd871b,14,normal,1789798542.0154138,1789798542.031127,15.438,0,15.438,pass,,read_secondary,"{""background_write_acknowledged"": true, ""reads"": [{""version"": 14, ""max_seen_before"": 13, ""violation"": false}, {""version"": 14, ""max_seen_before"": 14, ""violation"": false}]}"
20260919T061541Z_e9cd871b,15,normal,1789798542.031127,1789798542.0462415,15.18,0,15.18,pass,,read_secondary,"{""background_write_acknowledged"": true, ""reads"": [{""version"": 15, ""max_seen_before"": 14, ""violation"": false}, {""version"": 15, ""max_seen_before"": 15, ""violation"": false}]}"
20260919T061541Z_e9cd871b,16,normal,1789798542.0468197,1789798542.0613728,14.749,0,14.749,pass,,read_secondary,"{""background_write_acknowledged"": true, ""reads"": [{""version"": 16, ""max_seen_before"": 15, ""violation"": false}, {""version"": 16, ""max_seen_before"": 16, ""violation"": false}]}"
20260919T061541Z_e9cd871b,17,normal,1789798542.0613728,1789798542.0759099,14.319,0,14.319,pass,,read_secondary,"{""background_write_acknowledged"": true, ""reads"": [{""version"": 17, ""max_seen_before"": 16, ""violation"": false}, {""version"": 17, ""max_seen_before"": 17, ""violation"": false}]}"
20260919T061541Z_e9cd871b,18,normal,1789798542.0759099,1789798542.0909297,15.014,0,15.014,pass,,read_secondary,"{""background_write_acknowledged"": true, ""reads"": [{""version"": 18, ""max_seen_before"": 17, ""violation"": false}, {""version"": 18, ""max_seen_before"": 18, ""violation"": false}]}"
20260919T061541Z_e9cd871b,19,normal,1789798542.0909297,1789798542.1062913,15.193,0,15.193,pass,,read_secondary,"{""background_write_acknowledged"": true, ""reads"": [{""version"": 19, ""max_seen_before"": 18, ""violation"": false}, {""version"": 19, ""max_seen_before"": 19, ""violation"": false}]}"
20260919T061541Z_e9cd871b,20,normal,1789798542.1062913,1789798542.12052,14.357,0,14.357,pass,,read_secondary,"{""background_write_acknowledged"": true, ""reads"": [{""version"": 20, ""max_seen_before"": 19, ""violation"": false}, {""version"": 20, ""max_seen_before"": 20, ""violation"": false}]}"
20260919T061541Z_e9cd871b,21,normal,1789798542.1210768,1789798542.1341567,13.206,0,13.206,pass,,read_secondary,"{""background_write_acknowledged"": true, ""reads"": [{""version"": 21, ""max_seen_before"": 20, ""violation"": false}, {""version"": 21, ""max_seen_before"": 21, ""violation"": false}]}"
20260919T061541Z_e9cd871b,22,normal,1789798542.1341567,1789798542.148285,14.033,0,14.033,pass,,read_secondary,"{""background_write_acknowledged"": true, ""reads"": [{""version"": 22, ""max_seen_before"": 21, ""violation"": false}, {""version"": 22, ""max_seen_before"": 22, ""violation"": false}]}"
20260919T061541Z_e9cd871b,23,normal,1789798542.148285,1789798542.1619515,13.608,0,13.608,pass,,read_secondary,"{""background_write_acknowledged"": true, ""reads"": [{""version"": 23, ""max_seen_before"": 22, ""violation"": false}, {""version"": 23, ""max_seen_before"": 23, ""violation"": false}]}"
20260919T061541Z_e9cd871b,24,normal,1789798542.1619515,1789798542.175431,13.194,0,13.194,pass,,read_secondary,"{""background_write_acknowledged"": true, ""reads"": [{""version"": 24, ""max_seen_before"": 23, ""violation"": false}, {""version"": 24, ""max_seen_before"": 24, ""violation"": false}]}"
20260919T061541Z_e9cd871b,25,normal,1789798542.175431,1789798542.1905937,15.23,0,15.23,pass,,read_secondary,"{""background_write_acknowledged"": true, ""reads"": [{""version"": 25, ""max_seen_before"": 24, ""violation"": false}, {""version"": 25, ""max_seen_before"": 25, ""violation"": false}]}"
20260919T061541Z_e9cd871b,26,normal,1789798542.1905937,1789798542.2050042,14.466,0,14.466,pass,,read_secondary,"{""background_write_acknowledged"": true, ""reads"": [{""version"": 26, ""max_seen_before"": 25, ""violation"": false}, {""version"": 26, ""max_seen_before"": 26, ""violation"": false}]}"
20260919T061541Z_e9cd871b,27,normal,1789798542.2056077,1789798542.219711,14.281,0,14.281,pass,,read_secondary,"{""background_write_acknowledged"": true, ""reads"": [{""version"": 27, ""max_seen_before"": 26, ""violation"": false}, {""version"": 27, ""max_seen_before"": 27, ""violation"": false}]}"
20260919T061541Z_e9cd871b,28,normal,1789798542.219711,1789798542.2340288,14.393,0,14.393,pass,,read_secondary,"{""background_write_acknowledged"": true, ""reads"": [{""version"": 28, ""max_seen_before"": 27, ""violation"": false}, {""version"": 28, ""max_seen_before"": 28, ""violation"": false}]}"
20260919T061541Z_e9cd871b,29,normal,1789798542.2346041,1789798542.2499714,15.395,0,15.395,pass,,read_secondary,"{""background_write_acknowledged"": true, ""reads"": [{""version"": 29, ""max_seen_before"": 28, ""violation"": false}, {""version"": 29, ""max_seen_before"": 29, ""violation"": false}]}"
20260919T061541Z_e9cd871b,30,normal,1789798542.2499714,1789798542.2634096,13.483,0,13.483,pass,,read_secondary,"{""background_write_acknowledged"": true, ""reads"": [{""version"": 30, ""max_seen_before"": 29, ""violation"": false}, {""version"": 30, ""max_seen_before"": 30, ""violation"": false}]}"
20260919T061541Z_e9cd871b,31,normal,1789798542.2634096,1789798542.2782137,14.642,0,14.642,pass,,read_secondary,"{""background_write_acknowledged"": true, ""reads"": [{""version"": 31, ""max_seen_before"": 30, ""violation"": false}, {""version"": 31, ""max_seen_before"": 31, ""violation"": false}]}"
20260919T061541Z_e9cd871b,32,normal,1789798542.2782137,1789798542.2946677,16.209,0,16.209,pass,,read_secondary,"{""background_write_acknowledged"": true, ""reads"": [{""version"": 32, ""max_seen_before"": 31, ""violation"": false}, {""version"": 32, ""max_seen_before"": 32, ""violation"": false}]}"
20260919T061541Z_e9cd871b,33,normal,1789798542.2946677,1789798542.3085182,13.951,0,13.951,pass,,read_secondary,"{""background_write_acknowledged"": true, ""reads"": [{""version"": 33, ""max_seen_before"": 32, ""violation"": false}, {""version"": 33, ""max_seen_before"": 33, ""violation"": false}]}"
20260919T061541Z_e9cd871b,34,normal,1789798542.3090987,1789798542.3219733,13.37,0,13.37,pass,,read_secondary,"{""background_write_acknowledged"": true, ""reads"": [{""version"": 34, ""max_seen_before"": 33, ""violation"": false}, {""version"": 34, ""max_seen_before"": 34, ""violation"": false}]}"
20260919T061541Z_e9cd871b,35,normal,1789798542.32254,1789798542.3359923,13.803,0,13.803,pass,,read_secondary,"{""background_write_acknowledged"": true, ""reads"": [{""version"": 35, ""max_seen_before"": 34, ""violation"": false}, {""version"": 35, ""max_seen_before"": 35, ""violation"": false}]}"
20260919T061541Z_e9cd871b,36,normal,1789798542.336566,1789798542.3506603,14.561,0,14.561,pass,,read_secondary,"{""background_write_acknowledged"": true, ""reads"": [{""version"": 36, ""max_seen_before"": 35, ""violation"": false}, {""version"": 36, ""max_seen_before"": 36, ""violation"": false}]}"
20260919T061541Z_e9cd871b,37,normal,1789798542.351247,1789798542.364266,13.301,0,13.301,pass,,read_secondary,"{""background_write_acknowledged"": true, ""reads"": [{""version"": 37, ""max_seen_before"": 36, ""violation"": false}, {""version"": 37, ""max_seen_before"": 37, ""violation"": false}]}"
20260919T061541Z_e9cd871b,38,normal,1789798542.364266,1789798542.3783588,14.063,0,14.063,pass,,read_secondary,"{""background_write_acknowledged"": true, ""reads"": [{""version"": 38, ""max_seen_before"": 37, ""violation"": false}, {""version"": 38, ""max_seen_before"": 38, ""violation"": false}]}"
20260919T061541Z_e9cd871b,39,normal,1789798542.3783588,1789798542.3922362,13.589,0,13.589,pass,,read_secondary,"{""background_write_acknowledged"": true, ""reads"": [{""version"": 39, ""max_seen_before"": 38, ""violation"": false}, {""version"": 39, ""max_seen_before"": 39, ""violation"": false}]}"
20260919T061541Z_e9cd871b,40,normal,1789798542.3922362,1789798542.406333,14.04,0,14.04,pass,,read_secondary,"{""background_write_acknowledged"": true, ""reads"": [{""version"": 40, ""max_seen_before"": 39, ""violation"": false}, {""version"": 40, ""max_seen_before"": 40, ""violation"": false}]}"
20260919T061541Z_e9cd871b,41,normal,1789798542.406333,1789798542.4197097,13.419,0,13.419,pass,,read_secondary,"{""background_write_acknowledged"": true, ""reads"": [{""version"": 41, ""max_seen_before"": 40, ""violation"": false}, {""version"": 41, ""max_seen_before"": 41, ""violation"": false}]}"
20260919T061541Z_e9cd871b,42,normal,1789798542.4202905,1789798542.4327993,12.718,0,12.718,pass,,read_secondary,"{""background_write_acknowledged"": true, ""reads"": [{""version"": 42, ""max_seen_before"": 41, ""violation"": false}, {""version"": 42, ""max_seen_before"": 42, ""violation"": false}]}"
20260919T061541Z_e9cd871b,43,normal,1789798542.4327993,1789798542.446361,13.357,0,13.357,pass,,read_secondary,"{""background_write_acknowledged"": true, ""reads"": [{""version"": 43, ""max_seen_before"": 42, ""violation"": false}, {""version"": 43, ""max_seen_before"": 43, ""violation"": false}]}"
20260919T061541Z_e9cd871b,44,normal,1789798542.446361,1789798542.4597933,13.31,0,13.31,pass,,read_secondary,"{""background_write_acknowledged"": true, ""reads"": [{""version"": 44, ""max_seen_before"": 43, ""violation"": false}, {""version"": 44, ""max_seen_before"": 44, ""violation"": false}]}"
20260919T061541Z_e9cd871b,45,normal,1789798542.4597933,1789798542.4735656,13.781,0,13.781,pass,,read_secondary,"{""background_write_acknowledged"": true, ""reads"": [{""version"": 45, ""max_seen_before"": 44, ""violation"": false}, {""version"": 45, ""max_seen_before"": 45, ""violation"": false}]}"
20260919T061541Z_e9cd871b,46,normal,1789798542.4735656,1789798542.4877267,13.974,0,13.974,pass,,read_secondary,"{""background_write_acknowledged"": true, ""reads"": [{""version"": 46, ""max_seen_before"": 45, ""violation"": false}, {""version"": 46, ""max_seen_before"": 46, ""violation"": false}]}"
20260919T061541Z_e9cd871b,47,normal,1789798542.4877267,1789798542.5019095,14.161,0,14.161,pass,,read_secondary,"{""background_write_acknowledged"": true, ""reads"": [{""version"": 47, ""max_seen_before"": 46, ""violation"": false}, {""version"": 47, ""max_seen_before"": 47, ""violation"": false}]}"
20260919T061541Z_e9cd871b,48,normal,1789798542.5019095,1789798542.5142276,12.497,0,12.497,pass,,read_secondary,"{""background_write_acknowledged"": true, ""reads"": [{""version"": 48, ""max_seen_before"": 47, ""violation"": false}, {""version"": 48, ""max_seen_before"": 48, ""violation"": false}]}"
20260919T061541Z_e9cd871b,49,normal,1789798542.5142276,1789798542.5273893,12.884,0,12.884,pass,,read_secondary,"{""background_write_acknowledged"": true, ""reads"": [{""version"": 49, ""max_seen_before"": 48, ""violation"": false}, {""version"": 49, ""max_seen_before"": 49, ""violation"": false}]}"
20260919T061541Z_e9cd871b,50,normal,1789798542.5273893,1789798542.5411196,13.7,0,13.7,pass,,read_secondary,"{""background_write_acknowledged"": true, ""reads"": [{""version"": 50, ""max_seen_before"": 49, ""violation"": false}, {""version"": 50, ""max_seen_before"": 50, ""violation"": false}]}"
20260919T061541Z_e9cd871b,51,normal,1789798542.5416896,1789798542.5553603,13.806,0,13.806,pass,,read_secondary,"{""background_write_acknowledged"": true, ""reads"": [{""version"": 51, ""max_seen_before"": 50, ""violation"": false}, {""version"": 51, ""max_seen_before"": 51, ""violation"": false}]}"
20260919T061541Z_e9cd871b,52,normal,1789798542.5553603,1789798542.5696065,14.165,0,14.165,pass,,read_secondary,"{""background_write_acknowledged"": true, ""reads"": [{""version"": 52, ""max_seen_before"": 51, ""violation"": false}, {""version"": 52, ""max_seen_before"": 52, ""violation"": false}]}"
20260919T061541Z_e9cd871b,53,normal,1789798542.5696065,1789798542.5834093,13.858,0,13.858,pass,,read_secondary,"{""background_write_acknowledged"": true, ""reads"": [{""version"": 53, ""max_seen_before"": 52, ""violation"": false}, {""version"": 53, ""max_seen_before"": 53, ""violation"": false}]}"
20260919T061541Z_e9cd871b,54,normal,1789798542.5834093,1789798542.5972278,13.743,0,13.743,pass,,read_secondary,"{""background_write_acknowledged"": true, ""reads"": [{""version"": 54, ""max_seen_before"": 53, ""violation"": false}, {""version"": 54, ""max_seen_before"": 54, ""violation"": false}]}"
20260919T061541Z_e9cd871b,55,normal,1789798542.597827,1789798542.6106656,12.918,0,12.918,pass,,read_secondary,"{""background_write_acknowledged"": true, ""reads"": [{""version"": 55, ""max_seen_before"": 54, ""violation"": false}, {""version"": 55, ""max_seen_before"": 55, ""violation"": false}]}"
20260919T061541Z_e9cd871b,56,normal,1789798542.6106656,1789798542.6246448,13.719,0,13.719,pass,,read_secondary,"{""background_write_acknowledged"": true, ""reads"": [{""version"": 56, ""max_seen_before"": 55, ""violation"": false}, {""version"": 56, ""max_seen_before"": 56, ""violation"": false}]}"
20260919T061541Z_e9cd871b,57,normal,1789798542.6246448,1789798542.6390457,14.593,0,14.593,pass,,read_secondary,"{""background_write_acknowledged"": true, ""reads"": [{""version"": 57, ""max_seen_before"": 56, ""violation"": false}, {""version"": 57, ""max_seen_before"": 57, ""violation"": false}]}"
20260919T061541Z_e9cd871b,58,normal,1789798542.6390457,1789798542.6536572,14.298,0,14.298,pass,,read_secondary,"{""background_write_acknowledged"": true, ""reads"": [{""version"": 58, ""max_seen_before"": 57, ""violation"": false}, {""version"": 58, ""max_seen_before"": 58, ""violation"": false}]}"
20260919T061541Z_e9cd871b,59,normal,1789798542.6536572,1789798542.666933,13.18,0,13.18,pass,,read_secondary,"{""background_write_acknowledged"": true, ""reads"": [{""version"": 59, ""max_seen_before"": 58, ""violation"": false}, {""version"": 59, ""max_seen_before"": 59, ""violation"": false}]}"
20260919T061541Z_e9cd871b,60,normal,1789798542.666933,1789798542.679631,12.832,0,12.832,pass,,read_secondary,"{""background_write_acknowledged"": true, ""reads"": [{""version"": 60, ""max_seen_before"": 59, ""violation"": false}, {""version"": 60, ""max_seen_before"": 60, ""violation"": false}]}"
20260919T061541Z_e9cd871b,61,normal,1789798542.679631,1789798542.693552,13.868,0,13.868,pass,,read_secondary,"{""background_write_acknowledged"": true, ""reads"": [{""version"": 61, ""max_seen_before"": 60, ""violation"": false}, {""version"": 61, ""max_seen_before"": 61, ""violation"": false}]}"
20260919T061541Z_e9cd871b,62,normal,1789798542.6941617,1789798542.7059147,12.523,0,12.523,pass,,read_secondary,"{""background_write_acknowledged"": true, ""reads"": [{""version"": 62, ""max_seen_before"": 61, ""violation"": false}, {""version"": 62, ""max_seen_before"": 62, ""violation"": false}]}"
20260919T061541Z_e9cd871b,63,normal,1789798542.706737,1789798542.720696,14.0,0,14.0,pass,,read_secondary,"{""background_write_acknowledged"": true, ""reads"": [{""version"": 63, ""max_seen_before"": 62, ""violation"": false}, {""version"": 63, ""max_seen_before"": 63, ""violation"": false}]}"
20260919T061541Z_e9cd871b,64,normal,1789798542.720696,1789798542.734154,13.655,0,13.655,pass,,read_secondary,"{""background_write_acknowledged"": true, ""reads"": [{""version"": 64, ""max_seen_before"": 63, ""violation"": false}, {""version"": 64, ""max_seen_before"": 64, ""violation"": false}]}"
20260919T061541Z_e9cd871b,65,normal,1789798542.734154,1789798542.7479267,13.421,0,13.421,pass,,read_secondary,"{""background_write_acknowledged"": true, ""reads"": [{""version"": 65, ""max_seen_before"": 64, ""violation"": false}, {""version"": 65, ""max_seen_before"": 65, ""violation"": false}]}"
20260919T061541Z_e9cd871b,66,normal,1789798542.7479267,1789798542.7610612,13.262,0,13.262,pass,,read_secondary,"{""background_write_acknowledged"": true, ""reads"": [{""version"": 66, ""max_seen_before"": 65, ""violation"": false}, {""version"": 66, ""max_seen_before"": 66, ""violation"": false}]}"
20260919T061541Z_e9cd871b,67,normal,1789798542.7610612,1789798542.7744465,13.307,0,13.307,pass,,read_secondary,"{""background_write_acknowledged"": true, ""reads"": [{""version"": 67, ""max_seen_before"": 66, ""violation"": false}, {""version"": 67, ""max_seen_before"": 67, ""violation"": false}]}"
20260919T061541Z_e9cd871b,68,normal,1789798542.7750175,1789798542.7891772,14.15,0,14.15,pass,,read_secondary,"{""background_write_acknowledged"": true, ""reads"": [{""version"": 68, ""max_seen_before"": 67, ""violation"": false}, {""version"": 68, ""max_seen_before"": 68, ""violation"": false}]}"
20260919T061541Z_e9cd871b,69,normal,1789798542.7891772,1789798542.8030505,14.122,0,14.122,pass,,read_secondary,"{""background_write_acknowledged"": true, ""reads"": [{""version"": 69, ""max_seen_before"": 68, ""violation"": false}, {""version"": 69, ""max_seen_before"": 69, ""violation"": false}]}"
20260919T061541Z_e9cd871b,70,normal,1789798542.8036916,1789798542.8176398,14.124,0,14.124,pass,,read_secondary,"{""background_write_acknowledged"": true, ""reads"": [{""version"": 70, ""max_seen_before"": 69, ""violation"": false}, {""version"": 70, ""max_seen_before"": 70, ""violation"": false}]}"
20260919T061541Z_e9cd871b,71,normal,1789798542.8176398,1789798542.8330507,15.231,0,15.231,pass,,read_secondary,"{""background_write_acknowledged"": true, ""reads"": [{""version"": 71, ""max_seen_before"": 70, ""violation"": false}, {""version"": 71, ""max_seen_before"": 71, ""violation"": false}]}"
20260919T061541Z_e9cd871b,72,normal,1789798542.8330507,1789798542.8478894,14.582,0,14.582,pass,,read_secondary,"{""background_write_acknowledged"": true, ""reads"": [{""version"": 72, ""max_seen_before"": 71, ""violation"": false}, {""version"": 72, ""max_seen_before"": 72, ""violation"": false}]}"
20260919T061541Z_e9cd871b,73,normal,1789798542.8478894,1789798542.8609488,13.055,0,13.055,pass,,read_secondary,"{""background_write_acknowledged"": true, ""reads"": [{""version"": 73, ""max_seen_before"": 72, ""violation"": false}, {""version"": 73, ""max_seen_before"": 73, ""violation"": false}]}"
20260919T061541Z_e9cd871b,74,normal,1789798542.8609488,1789798542.8737204,12.665,0,12.665,pass,,read_secondary,"{""background_write_acknowledged"": true, ""reads"": [{""version"": 74, ""max_seen_before"": 73, ""violation"": false}, {""version"": 74, ""max_seen_before"": 74, ""violation"": false}]}"
20260919T061541Z_e9cd871b,75,normal,1789798542.8737204,1789798542.8856733,12.255,0,12.255,pass,,read_secondary,"{""background_write_acknowledged"": true, ""reads"": [{""version"": 75, ""max_seen_before"": 74, ""violation"": false}, {""version"": 75, ""max_seen_before"": 75, ""violation"": false}]}"
20260919T061541Z_e9cd871b,76,normal,1789798542.8862276,1789798542.8988109,12.523,0,12.523,pass,,read_secondary,"{""background_write_acknowledged"": true, ""reads"": [{""version"": 76, ""max_seen_before"": 75, ""violation"": false}, {""version"": 76, ""max_seen_before"": 76, ""violation"": false}]}"
20260919T061541Z_e9cd871b,77,normal,1789798542.8988109,1789798542.9103522,11.796,0,11.796,pass,,read_secondary,"{""background_write_acknowledged"": true, ""reads"": [{""version"": 77, ""max_seen_before"": 76, ""violation"": false}, {""version"": 77, ""max_seen_before"": 77, ""violation"": false}]}"
20260919T061541Z_e9cd871b,78,normal,1789798542.9103522,1789798542.923974,13.153,0,13.153,pass,,read_secondary,"{""background_write_acknowledged"": true, ""reads"": [{""version"": 78, ""max_seen_before"": 77, ""violation"": false}, {""version"": 78, ""max_seen_before"": 78, ""violation"": false}]}"
20260919T061541Z_e9cd871b,79,normal,1789798542.923974,1789798542.937112,13.01,0,13.01,pass,,read_secondary,"{""background_write_acknowledged"": true, ""reads"": [{""version"": 79, ""max_seen_before"": 78, ""violation"": false}, {""version"": 79, ""max_seen_before"": 79, ""violation"": false}]}"
20260919T061541Z_e9cd871b,80,normal,1789798542.937112,1789798542.9484103,11.394,0,11.394,pass,,read_secondary,"{""background_write_acknowledged"": true, ""reads"": [{""version"": 80, ""max_seen_before"": 79, ""violation"": false}, {""version"": 80, ""max_seen_before"": 80, ""violation"": false}]}"
20260919T061541Z_e9cd871b,81,normal,1789798542.9484103,1789798542.9610605,12.912,0,12.912,pass,,read_secondary,"{""background_write_acknowledged"": true, ""reads"": [{""version"": 81, ""max_seen_before"": 80, ""violation"": false}, {""version"": 81, ""max_seen_before"": 81, ""violation"": false}]}"
20260919T061541Z_e9cd871b,82,normal,1789798542.9617088,1789798542.974581,13.369,0,13.369,pass,,read_secondary,"{""background_write_acknowledged"": true, ""reads"": [{""version"": 82, ""max_seen_before"": 81, ""violation"": false}, {""version"": 82, ""max_seen_before"": 82, ""violation"": false}]}"
20260919T061541Z_e9cd871b,83,normal,1789798542.9752076,1789798542.987829,12.691,0,12.691,pass,,read_secondary,"{""background_write_acknowledged"": true, ""reads"": [{""version"": 83, ""max_seen_before"": 82, ""violation"": false}, {""version"": 83, ""max_seen_before"": 83, ""violation"": false}]}"
20260919T061541Z_e9cd871b,84,normal,1789798542.987829,1789798543.0012343,13.243,0,13.243,pass,,read_secondary,"{""background_write_acknowledged"": true, ""reads"": [{""version"": 84, ""max_seen_before"": 83, ""violation"": false}, {""version"": 84, ""max_seen_before"": 84, ""violation"": false}]}"
20260919T061541Z_e9cd871b,85,normal,1789798543.0012343,1789798543.014768,13.672,0,13.672,pass,,read_secondary,"{""background_write_acknowledged"": true, ""reads"": [{""version"": 85, ""max_seen_before"": 84, ""violation"": false}, {""version"": 85, ""max_seen_before"": 85, ""violation"": false}]}"
20260919T061541Z_e9cd871b,86,normal,1789798543.014768,1789798543.0270648,12.378,0,12.378,pass,,read_secondary,"{""background_write_acknowledged"": true, ""reads"": [{""version"": 86, ""max_seen_before"": 85, ""violation"": false}, {""version"": 86, ""max_seen_before"": 86, ""violation"": false}]}"
20260919T061541Z_e9cd871b,87,normal,1789798543.0276062,1789798543.0401475,12.578,0,12.578,pass,,read_secondary,"{""background_write_acknowledged"": true, ""reads"": [{""version"": 87, ""max_seen_before"": 86, ""violation"": false}, {""version"": 87, ""max_seen_before"": 87, ""violation"": false}]}"
20260919T061541Z_e9cd871b,88,normal,1789798543.0401475,1789798543.0539408,13.635,0,13.635,pass,,read_secondary,"{""background_write_acknowledged"": true, ""reads"": [{""version"": 88, ""max_seen_before"": 87, ""violation"": false}, {""version"": 88, ""max_seen_before"": 88, ""violation"": false}]}"
20260919T061541Z_e9cd871b,89,normal,1789798543.0539408,1789798543.0681245,14.352,0,14.352,pass,,read_secondary,"{""background_write_acknowledged"": true, ""reads"": [{""version"": 89, ""max_seen_before"": 88, ""violation"": false}, {""version"": 89, ""max_seen_before"": 89, ""violation"": false}]}"
20260919T061541Z_e9cd871b,90,normal,1789798543.0681245,1789798543.081694,13.352,0,13.352,pass,,read_secondary,"{""background_write_acknowledged"": true, ""reads"": [{""version"": 90, ""max_seen_before"": 89, ""violation"": false}, {""version"": 90, ""max_seen_before"": 90, ""violation"": false}]}"
20260919T061541Z_e9cd871b,91,normal,1789798543.081694,1789798543.0949132,13.282,0,13.282,pass,,read_secondary,"{""background_write_acknowledged"": true, ""reads"": [{""version"": 91, ""max_seen_before"": 90, ""violation"": false}, {""version"": 91, ""max_seen_before"": 91, ""violation"": false}]}"
20260919T061541Z_e9cd871b,92,normal,1789798543.0954244,1789798543.1087253,13.72,0,13.72,pass,,read_secondary,"{""background_write_acknowledged"": true, ""reads"": [{""version"": 92, ""max_seen_before"": 91, ""violation"": false}, {""version"": 92, ""max_seen_before"": 92, ""violation"": false}]}"
20260919T061541Z_e9cd871b,93,normal,1789798543.1092777,1789798543.122909,13.702,0,13.702,pass,,read_secondary,"{""background_write_acknowledged"": true, ""reads"": [{""version"": 93, ""max_seen_before"": 92, ""violation"": false}, {""version"": 93, ""max_seen_before"": 93, ""violation"": false}]}"
20260919T061541Z_e9cd871b,94,normal,1789798543.122909,1789798543.1364753,13.869,0,13.869,pass,,read_secondary,"{""background_write_acknowledged"": true, ""reads"": [{""version"": 94, ""max_seen_before"": 93, ""violation"": false}, {""version"": 94, ""max_seen_before"": 94, ""violation"": false}]}"
20260919T061541Z_e9cd871b,95,normal,1789798543.1371,1789798543.1512563,14.679,0,14.679,pass,,read_secondary,"{""background_write_acknowledged"": true, ""reads"": [{""version"": 95, ""max_seen_before"": 94, ""violation"": false}, {""version"": 95, ""max_seen_before"": 95, ""violation"": false}]}"
20260919T061541Z_e9cd871b,96,normal,1789798543.1519024,1789798543.1677268,15.78,0,15.78,pass,,read_secondary,"{""background_write_acknowledged"": true, ""reads"": [{""version"": 96, ""max_seen_before"": 95, ""violation"": false}, {""version"": 96, ""max_seen_before"": 96, ""violation"": false}]}"
20260919T061541Z_e9cd871b,97,normal,1789798543.1677268,1789798543.1828623,15.053,0,15.053,pass,,read_secondary,"{""background_write_acknowledged"": true, ""reads"": [{""version"": 97, ""max_seen_before"": 96, ""violation"": false}, {""version"": 97, ""max_seen_before"": 97, ""violation"": false}]}"
20260919T061541Z_e9cd871b,98,normal,1789798543.1828623,1789798543.1975665,14.78,0,14.78,pass,,read_secondary,"{""background_write_acknowledged"": true, ""reads"": [{""version"": 98, ""max_seen_before"": 97, ""violation"": false}, {""version"": 98, ""max_seen_before"": 98, ""violation"": false}]}"
20260919T061541Z_e9cd871b,99,normal,1789798543.1975665,1789798543.211126,13.188,0,13.188,pass,,read_secondary,"{""background_write_acknowledged"": true, ""reads"": [{""version"": 99, ""max_seen_before"": 98, ""violation"": false}, {""version"": 99, ""max_seen_before"": 99, ""violation"": false}]}"
20260919T061541Z_e9cd871b,100,normal,1789798543.211126,1789798543.22389,13.14,0,13.14,pass,,read_secondary,"{""background_write_acknowledged"": true, ""reads"": [{""version"": 100, ""max_seen_before"": 99, ""violation"": false}, {""version"": 100, ""max_seen_before"": 100, ""violation"": false}]}"
20260919T061541Z_e9cd871b,101,normal,1789798543.225751,1789798543.2403817,14.574,0,14.574,pass,,read_secondary,"{""background_write_acknowledged"": true, ""reads"": [{""version"": 101, ""max_seen_before"": 100, ""violation"": false}, {""version"": 101, ""max_seen_before"": 101, ""violation"": false}]}"
20260919T061541Z_e9cd871b,102,normal,1789798543.2403817,1789798543.2545855,14.194,0,14.194,pass,,read_secondary,"{""background_write_acknowledged"": true, ""reads"": [{""version"": 102, ""max_seen_before"": 101, ""violation"": false}, {""version"": 102, ""max_seen_before"": 102, ""violation"": false}]}"
20260919T061541Z_e9cd871b,103,normal,1789798543.2545855,1789798543.2690573,14.29,0,14.29,pass,,read_secondary,"{""background_write_acknowledged"": true, ""reads"": [{""version"": 103, ""max_seen_before"": 102, ""violation"": false}, {""version"": 103, ""max_seen_before"": 103, ""violation"": false}]}"
20260919T061541Z_e9cd871b,104,normal,1789798543.2690573,1789798543.2815306,12.449,0,12.449,pass,,read_secondary,"{""background_write_acknowledged"": true, ""reads"": [{""version"": 104, ""max_seen_before"": 103, ""violation"": false}, {""version"": 104, ""max_seen_before"": 104, ""violation"": false}]}"
20260919T061541Z_e9cd871b,105,normal,1789798543.2815306,1789798543.2942069,12.84,0,12.84,pass,,read_secondary,"{""background_write_acknowledged"": true, ""reads"": [{""version"": 105, ""max_seen_before"": 104, ""violation"": false}, {""version"": 105, ""max_seen_before"": 105, ""violation"": false}]}"
20260919T061541Z_e9cd871b,106,normal,1789798543.294812,1789798543.30736,12.911,0,12.911,pass,,read_secondary,"{""background_write_acknowledged"": true, ""reads"": [{""version"": 106, ""max_seen_before"": 105, ""violation"": false}, {""version"": 106, ""max_seen_before"": 106, ""violation"": false}]}"
20260919T061541Z_e9cd871b,107,normal,1789798543.3079104,1789798543.3208635,13.427,0,13.427,pass,,read_secondary,"{""background_write_acknowledged"": true, ""reads"": [{""version"": 107, ""max_seen_before"": 106, ""violation"": false}, {""version"": 107, ""max_seen_before"": 107, ""violation"": false}]}"
20260919T061541Z_e9cd871b,108,normal,1789798543.3214931,1789798543.3355312,14.247,0,14.247,pass,,read_secondary,"{""background_write_acknowledged"": true, ""reads"": [{""version"": 108, ""max_seen_before"": 107, ""violation"": false}, {""version"": 108, ""max_seen_before"": 108, ""violation"": false}]}"
20260919T061541Z_e9cd871b,109,normal,1789798543.3355312,1789798543.3497074,13.914,0,13.914,pass,,read_secondary,"{""background_write_acknowledged"": true, ""reads"": [{""version"": 109, ""max_seen_before"": 108, ""violation"": false}, {""version"": 109, ""max_seen_before"": 109, ""violation"": false}]}"
20260919T061541Z_e9cd871b,110,normal,1789798543.3497074,1789798543.3623183,12.317,0,12.317,pass,,read_secondary,"{""background_write_acknowledged"": true, ""reads"": [{""version"": 110, ""max_seen_before"": 109, ""violation"": false}, {""version"": 110, ""max_seen_before"": 110, ""violation"": false}]}"
20260919T061541Z_e9cd871b,111,normal,1789798543.3623183,1789798543.37705,15.072,0,15.072,pass,,read_secondary,"{""background_write_acknowledged"": true, ""reads"": [{""version"": 111, ""max_seen_before"": 110, ""violation"": false}, {""version"": 111, ""max_seen_before"": 111, ""violation"": false}]}"
20260919T061541Z_e9cd871b,112,normal,1789798543.377589,1789798543.391419,14.282,0,14.282,pass,,read_secondary,"{""background_write_acknowledged"": true, ""reads"": [{""version"": 112, ""max_seen_before"": 111, ""violation"": false}, {""version"": 112, ""max_seen_before"": 112, ""violation"": false}]}"
20260919T061541Z_e9cd871b,113,normal,1789798543.3920245,1789798543.404678,12.586,0,12.586,pass,,read_secondary,"{""background_write_acknowledged"": true, ""reads"": [{""version"": 113, ""max_seen_before"": 112, ""violation"": false}, {""version"": 113, ""max_seen_before"": 113, ""violation"": false}]}"
20260919T061541Z_e9cd871b,114,normal,1789798543.404678,1789798543.4180217,13.223,0,13.223,pass,,read_secondary,"{""background_write_acknowledged"": true, ""reads"": [{""version"": 114, ""max_seen_before"": 113, ""violation"": false}, {""version"": 114, ""max_seen_before"": 114, ""violation"": false}]}"
20260919T061541Z_e9cd871b,115,normal,1789798543.4180217,1789798543.430881,13.238,0,13.238,pass,,read_secondary,"{""background_write_acknowledged"": true, ""reads"": [{""version"": 115, ""max_seen_before"": 114, ""violation"": false}, {""version"": 115, ""max_seen_before"": 115, ""violation"": false}]}"
20260919T061541Z_e9cd871b,116,normal,1789798543.430881,1789798543.444121,12.919,0,12.919,pass,,read_secondary,"{""background_write_acknowledged"": true, ""reads"": [{""version"": 116, ""max_seen_before"": 115, ""violation"": false}, {""version"": 116, ""max_seen_before"": 116, ""violation"": false}]}"
20260919T061541Z_e9cd871b,117,normal,1789798543.444121,1789798543.4576578,13.305,0,13.305,pass,,read_secondary,"{""background_write_acknowledged"": true, ""reads"": [{""version"": 117, ""max_seen_before"": 116, ""violation"": false}, {""version"": 117, ""max_seen_before"": 117, ""violation"": false}]}"
20260919T061541Z_e9cd871b,118,normal,1789798543.4576578,1789798543.470493,12.813,0,12.813,pass,,read_secondary,"{""background_write_acknowledged"": true, ""reads"": [{""version"": 118, ""max_seen_before"": 117, ""violation"": false}, {""version"": 118, ""max_seen_before"": 118, ""violation"": false}]}"
20260919T061541Z_e9cd871b,119,normal,1789798543.470493,1789798543.483785,13.078,0,13.078,pass,,read_secondary,"{""background_write_acknowledged"": true, ""reads"": [{""version"": 119, ""max_seen_before"": 118, ""violation"": false}, {""version"": 119, ""max_seen_before"": 119, ""violation"": false}]}"
20260919T061541Z_e9cd871b,120,normal,1789798543.483785,1789798543.496942,13.034,0,13.034,pass,,read_secondary,"{""background_write_acknowledged"": true, ""reads"": [{""version"": 120, ""max_seen_before"": 119, ""violation"": false}, {""version"": 120, ""max_seen_before"": 120, ""violation"": false}]}"
20260919T061541Z_e9cd871b,121,normal,1789798543.496942,1789798543.511317,14.416,0,14.416,pass,,read_secondary,"{""background_write_acknowledged"": true, ""reads"": [{""version"": 121, ""max_seen_before"": 120, ""violation"": false}, {""version"": 121, ""max_seen_before"": 121, ""violation"": false}]}"
20260919T061541Z_e9cd871b,122,normal,1789798543.511317,1789798543.5239167,12.662,0,12.662,pass,,read_secondary,"{""background_write_acknowledged"": true, ""reads"": [{""version"": 122, ""max_seen_before"": 121, ""violation"": false}, {""version"": 122, ""max_seen_before"": 122, ""violation"": false}]}"
20260919T061541Z_e9cd871b,123,normal,1789798543.5244596,1789798543.5371315,12.925,0,12.925,pass,,read_secondary,"{""background_write_acknowledged"": true, ""reads"": [{""version"": 123, ""max_seen_before"": 122, ""violation"": false}, {""version"": 123, ""max_seen_before"": 123, ""violation"": false}]}"
20260919T061541Z_e9cd871b,124,normal,1789798543.5371315,1789798543.5505302,12.956,0,12.956,pass,,read_secondary,"{""background_write_acknowledged"": true, ""reads"": [{""version"": 124, ""max_seen_before"": 123, ""violation"": false}, {""version"": 124, ""max_seen_before"": 124, ""violation"": false}]}"
20260919T061541Z_e9cd871b,125,normal,1789798543.5505302,1789798543.5626397,12.518,0,12.518,pass,,read_secondary,"{""background_write_acknowledged"": true, ""reads"": [{""version"": 125, ""max_seen_before"": 124, ""violation"": false}, {""version"": 125, ""max_seen_before"": 125, ""violation"": false}]}"
20260919T061541Z_e9cd871b,126,normal,1789798543.5626397,1789798543.575545,12.557,0,12.557,pass,,read_secondary,"{""background_write_acknowledged"": true, ""reads"": [{""version"": 126, ""max_seen_before"": 125, ""violation"": false}, {""version"": 126, ""max_seen_before"": 126, ""violation"": false}]}"
20260919T061541Z_e9cd871b,127,normal,1789798543.575545,1789798543.588939,13.156,0,13.156,pass,,read_secondary,"{""background_write_acknowledged"": true, ""reads"": [{""version"": 127, ""max_seen_before"": 126, ""violation"": false}, {""version"": 127, ""max_seen_before"": 127, ""violation"": false}]}"
20260919T061541Z_e9cd871b,128,normal,1789798543.588939,1789798543.6012254,12.028,0,12.028,pass,,read_secondary,"{""background_write_acknowledged"": true, ""reads"": [{""version"": 128, ""max_seen_before"": 127, ""violation"": false}, {""version"": 128, ""max_seen_before"": 128, ""violation"": false}]}"
20260919T061541Z_e9cd871b,129,normal,1789798543.6012254,1789798543.6136417,12.339,0,12.339,pass,,read_secondary,"{""background_write_acknowledged"": true, ""reads"": [{""version"": 129, ""max_seen_before"": 128, ""violation"": false}, {""version"": 129, ""max_seen_before"": 129, ""violation"": false}]}"
20260919T061541Z_e9cd871b,130,normal,1789798543.6136417,1789798543.626186,12.724,0,12.724,pass,,read_secondary,"{""background_write_acknowledged"": true, ""reads"": [{""version"": 130, ""max_seen_before"": 129, ""violation"": false}, {""version"": 130, ""max_seen_before"": 130, ""violation"": false}]}"
20260919T061541Z_e9cd871b,131,normal,1789798543.626186,1789798543.6377144,11.508,0,11.508,pass,,read_secondary,"{""background_write_acknowledged"": true, ""reads"": [{""version"": 131, ""max_seen_before"": 130, ""violation"": false}, {""version"": 131, ""max_seen_before"": 131, ""violation"": false}]}"
20260919T061541Z_e9cd871b,132,normal,1789798543.6377144,1789798543.6525266,14.43,0,14.43,pass,,read_secondary,"{""background_write_acknowledged"": true, ""reads"": [{""version"": 132, ""max_seen_before"": 131, ""violation"": false}, {""version"": 132, ""max_seen_before"": 132, ""violation"": false}]}"
20260919T061541Z_e9cd871b,133,normal,1789798543.6525266,1789798543.6644824,11.842,0,11.842,pass,,read_secondary,"{""background_write_acknowledged"": true, ""reads"": [{""version"": 133, ""max_seen_before"": 132, ""violation"": false}, {""version"": 133, ""max_seen_before"": 133, ""violation"": false}]}"
20260919T061541Z_e9cd871b,134,normal,1789798543.6644824,1789798543.676152,11.834,0,11.834,pass,,read_secondary,"{""background_write_acknowledged"": true, ""reads"": [{""version"": 134, ""max_seen_before"": 133, ""violation"": false}, {""version"": 134, ""max_seen_before"": 134, ""violation"": false}]}"
20260919T061541Z_e9cd871b,135,normal,1789798543.6766953,1789798543.6898146,13.085,0,13.085,pass,,read_secondary,"{""background_write_acknowledged"": true, ""reads"": [{""version"": 135, ""max_seen_before"": 134, ""violation"": false}, {""version"": 135, ""max_seen_before"": 135, ""violation"": false}]}"
20260919T061541Z_e9cd871b,136,normal,1789798543.6898146,1789798543.7025282,12.668,0,12.668,pass,,read_secondary,"{""background_write_acknowledged"": true, ""reads"": [{""version"": 136, ""max_seen_before"": 135, ""violation"": false}, {""version"": 136, ""max_seen_before"": 136, ""violation"": false}]}"
20260919T061541Z_e9cd871b,137,normal,1789798543.7025282,1789798543.7141054,11.897,0,11.897,pass,,read_secondary,"{""background_write_acknowledged"": true, ""reads"": [{""version"": 137, ""max_seen_before"": 136, ""violation"": false}, {""version"": 137, ""max_seen_before"": 137, ""violation"": false}]}"
20260919T061541Z_e9cd871b,138,normal,1789798543.714732,1789798543.726502,11.985,0,11.985,pass,,read_secondary,"{""background_write_acknowledged"": true, ""reads"": [{""version"": 138, ""max_seen_before"": 137, ""violation"": false}, {""version"": 138, ""max_seen_before"": 138, ""violation"": false}]}"
20260919T061541Z_e9cd871b,139,normal,1789798543.726502,1789798543.7388136,12.458,0,12.458,pass,,read_secondary,"{""background_write_acknowledged"": true, ""reads"": [{""version"": 139, ""max_seen_before"": 138, ""violation"": false}, {""version"": 139, ""max_seen_before"": 139, ""violation"": false}]}"
20260919T061541Z_e9cd871b,140,normal,1789798543.7388136,1789798543.7518222,12.911,0,12.911,pass,,read_secondary,"{""background_write_acknowledged"": true, ""reads"": [{""version"": 140, ""max_seen_before"": 139, ""violation"": false}, {""version"": 140, ""max_seen_before"": 140, ""violation"": false}]}"
20260919T061541Z_e9cd871b,141,normal,1789798543.7523973,1789798543.7651305,12.914,0,12.914,pass,,read_secondary,"{""background_write_acknowledged"": true, ""reads"": [{""version"": 141, ""max_seen_before"": 140, ""violation"": false}, {""version"": 141, ""max_seen_before"": 141, ""violation"": false}]}"
20260919T061541Z_e9cd871b,142,normal,1789798543.7651305,1789798543.7783248,12.878,0,12.878,pass,,read_secondary,"{""background_write_acknowledged"": true, ""reads"": [{""version"": 142, ""max_seen_before"": 141, ""violation"": false}, {""version"": 142, ""max_seen_before"": 142, ""violation"": false}]}"
20260919T061541Z_e9cd871b,143,normal,1789798543.7783248,1789798543.7927964,14.61,0,14.61,pass,,read_secondary,"{""background_write_acknowledged"": true, ""reads"": [{""version"": 143, ""max_seen_before"": 142, ""violation"": false}, {""version"": 143, ""max_seen_before"": 143, ""violation"": false}]}"
20260919T061541Z_e9cd871b,144,normal,1789798543.7927964,1789798543.8044255,11.813,0,11.813,pass,,read_secondary,"{""background_write_acknowledged"": true, ""reads"": [{""version"": 144, ""max_seen_before"": 143, ""violation"": false}, {""version"": 144, ""max_seen_before"": 144, ""violation"": false}]}"
20260919T061541Z_e9cd871b,145,normal,1789798543.8044255,1789798543.8171566,12.102,0,12.102,pass,,read_secondary,"{""background_write_acknowledged"": true, ""reads"": [{""version"": 145, ""max_seen_before"": 144, ""violation"": false}, {""version"": 145, ""max_seen_before"": 145, ""violation"": false}]}"
20260919T061541Z_e9cd871b,146,normal,1789798543.8171566,1789798543.8296423,12.719,0,12.719,pass,,read_secondary,"{""background_write_acknowledged"": true, ""reads"": [{""version"": 146, ""max_seen_before"": 145, ""violation"": false}, {""version"": 146, ""max_seen_before"": 146, ""violation"": false}]}"
20260919T061541Z_e9cd871b,147,normal,1789798543.8296423,1789798543.8428695,12.862,0,12.862,pass,,read_secondary,"{""background_write_acknowledged"": true, ""reads"": [{""version"": 147, ""max_seen_before"": 146, ""violation"": false}, {""version"": 147, ""max_seen_before"": 147, ""violation"": false}]}"
20260919T061541Z_e9cd871b,148,normal,1789798543.8428695,1789798543.8552117,12.401,0,12.401,pass,,read_secondary,"{""background_write_acknowledged"": true, ""reads"": [{""version"": 148, ""max_seen_before"": 147, ""violation"": false}, {""version"": 148, ""max_seen_before"": 148, ""violation"": false}]}"
20260919T061541Z_e9cd871b,149,normal,1789798543.8552117,1789798543.8695445,14.458,0,14.458,pass,,read_secondary,"{""background_write_acknowledged"": true, ""reads"": [{""version"": 149, ""max_seen_before"": 148, ""violation"": false}, {""version"": 149, ""max_seen_before"": 149, ""violation"": false}]}"
20260919T061541Z_e9cd871b,150,normal,1789798543.8695445,1789798543.8811805,11.488,0,11.488,pass,,read_secondary,"{""background_write_acknowledged"": true, ""reads"": [{""version"": 150, ""max_seen_before"": 149, ""violation"": false}, {""version"": 150, ""max_seen_before"": 150, ""violation"": false}]}"
20260919T061541Z_e9cd871b,151,normal,1789798543.8816931,1789798543.8928168,11.586,0,11.586,pass,,read_secondary,"{""background_write_acknowledged"": true, ""reads"": [{""version"": 151, ""max_seen_before"": 150, ""violation"": false}, {""version"": 151, ""max_seen_before"": 151, ""violation"": false}]}"
20260919T061541Z_e9cd871b,152,normal,1789798543.8928168,1789798543.905401,12.34,0,12.34,pass,,read_secondary,"{""background_write_acknowledged"": true, ""reads"": [{""version"": 152, ""max_seen_before"": 151, ""violation"": false}, {""version"": 152, ""max_seen_before"": 152, ""violation"": false}]}"
20260919T061541Z_e9cd871b,153,normal,1789798543.905401,1789798543.919914,14.669,0,14.669,pass,,read_secondary,"{""background_write_acknowledged"": true, ""reads"": [{""version"": 153, ""max_seen_before"": 152, ""violation"": false}, {""version"": 153, ""max_seen_before"": 153, ""violation"": false}]}"
20260919T061541Z_e9cd871b,154,normal,1789798543.919914,1789798543.9338007,13.619,0,13.619,pass,,read_secondary,"{""background_write_acknowledged"": true, ""reads"": [{""version"": 154, ""max_seen_before"": 153, ""violation"": false}, {""version"": 154, ""max_seen_before"": 154, ""violation"": false}]}"
20260919T061541Z_e9cd871b,155,normal,1789798543.9338007,1789798543.9462008,11.991,0,11.991,pass,,read_secondary,"{""background_write_acknowledged"": true, ""reads"": [{""version"": 155, ""max_seen_before"": 154, ""violation"": false}, {""version"": 155, ""max_seen_before"": 155, ""violation"": false}]}"
20260919T061541Z_e9cd871b,156,normal,1789798543.9462008,1789798543.9582825,12.106,0,12.106,pass,,read_secondary,"{""background_write_acknowledged"": true, ""reads"": [{""version"": 156, ""max_seen_before"": 155, ""violation"": false}, {""version"": 156, ""max_seen_before"": 156, ""violation"": false}]}"
20260919T061541Z_e9cd871b,157,normal,1789798543.9582825,1789798543.9720075,13.378,0,13.378,pass,,read_secondary,"{""background_write_acknowledged"": true, ""reads"": [{""version"": 157, ""max_seen_before"": 156, ""violation"": false}, {""version"": 157, ""max_seen_before"": 157, ""violation"": false}]}"
20260919T061541Z_e9cd871b,158,normal,1789798543.9720075,1789798543.9850967,13.149,0,13.149,pass,,read_secondary,"{""background_write_acknowledged"": true, ""reads"": [{""version"": 158, ""max_seen_before"": 157, ""violation"": false}, {""version"": 158, ""max_seen_before"": 158, ""violation"": false}]}"
20260919T061541Z_e9cd871b,159,normal,1789798543.9850967,1789798543.9985604,13.528,0,13.528,pass,,read_secondary,"{""background_write_acknowledged"": true, ""reads"": [{""version"": 159, ""max_seen_before"": 158, ""violation"": false}, {""version"": 159, ""max_seen_before"": 159, ""violation"": false}]}"
20260919T061541Z_e9cd871b,160,normal,1789798543.9985604,1789798544.013676,14.842,0,14.842,pass,,read_secondary,"{""background_write_acknowledged"": true, ""reads"": [{""version"": 160, ""max_seen_before"": 159, ""violation"": false}, {""version"": 160, ""max_seen_before"": 160, ""violation"": false}]}"
20260919T061541Z_e9cd871b,161,normal,1789798544.013676,1789798544.0265632,12.689,0,12.689,pass,,read_secondary,"{""background_write_acknowledged"": true, ""reads"": [{""version"": 161, ""max_seen_before"": 160, ""violation"": false}, {""version"": 161, ""max_seen_before"": 161, ""violation"": false}]}"
20260919T061541Z_e9cd871b,162,normal,1789798544.0265632,1789798544.0387993,12.508,0,12.508,pass,,read_secondary,"{""background_write_acknowledged"": true, ""reads"": [{""version"": 162, ""max_seen_before"": 161, ""violation"": false}, {""version"": 162, ""max_seen_before"": 162, ""violation"": false}]}"
20260919T061541Z_e9cd871b,163,normal,1789798544.0387993,1789798544.0514688,12.582,0,12.582,pass,,read_secondary,"{""background_write_acknowledged"": true, ""reads"": [{""version"": 163, ""max_seen_before"": 162, ""violation"": false}, {""version"": 163, ""max_seen_before"": 163, ""violation"": false}]}"
20260919T061541Z_e9cd871b,164,normal,1789798544.0520465,1789798544.0665495,14.839,0,14.839,pass,,read_secondary,"{""background_write_acknowledged"": true, ""reads"": [{""version"": 164, ""max_seen_before"": 163, ""violation"": false}, {""version"": 164, ""max_seen_before"": 164, ""violation"": false}]}"
20260919T061541Z_e9cd871b,165,normal,1789798544.0665495,1789798544.0798101,13.3,0,13.3,pass,,read_secondary,"{""background_write_acknowledged"": true, ""reads"": [{""version"": 165, ""max_seen_before"": 164, ""violation"": false}, {""version"": 165, ""max_seen_before"": 165, ""violation"": false}]}"
20260919T061541Z_e9cd871b,166,normal,1789798544.0804214,1789798544.0952296,14.829,0,14.829,pass,,read_secondary,"{""background_write_acknowledged"": true, ""reads"": [{""version"": 166, ""max_seen_before"": 165, ""violation"": false}, {""version"": 166, ""max_seen_before"": 166, ""violation"": false}]}"
20260919T061541Z_e9cd871b,167,normal,1789798544.0952296,1789798544.1105576,15.427,0,15.427,pass,,read_secondary,"{""background_write_acknowledged"": true, ""reads"": [{""version"": 167, ""max_seen_before"": 166, ""violation"": false}, {""version"": 167, ""max_seen_before"": 167, ""violation"": false}]}"
20260919T061541Z_e9cd871b,168,normal,1789798544.1105576,1789798544.1255827,15.026,0,15.026,pass,,read_secondary,"{""background_write_acknowledged"": true, ""reads"": [{""version"": 168, ""max_seen_before"": 167, ""violation"": false}, {""version"": 168, ""max_seen_before"": 168, ""violation"": false}]}"
20260919T061541Z_e9cd871b,169,normal,1789798544.1255827,1789798544.1391907,13.636,0,13.636,pass,,read_secondary,"{""background_write_acknowledged"": true, ""reads"": [{""version"": 169, ""max_seen_before"": 168, ""violation"": false}, {""version"": 169, ""max_seen_before"": 169, ""violation"": false}]}"
20260919T061541Z_e9cd871b,170,normal,1789798544.1391907,1789798544.1533973,13.869,0,13.869,pass,,read_secondary,"{""background_write_acknowledged"": true, ""reads"": [{""version"": 170, ""max_seen_before"": 169, ""violation"": false}, {""version"": 170, ""max_seen_before"": 170, ""violation"": false}]}"
20260919T061541Z_e9cd871b,171,normal,1789798544.1533973,1789798544.1689472,15.55,0,15.55,pass,,read_secondary,"{""background_write_acknowledged"": true, ""reads"": [{""version"": 171, ""max_seen_before"": 170, ""violation"": false}, {""version"": 171, ""max_seen_before"": 171, ""violation"": false}]}"
20260919T061541Z_e9cd871b,172,normal,1789798544.1689472,1789798544.1846106,15.297,0,15.297,pass,,read_secondary,"{""background_write_acknowledged"": true, ""reads"": [{""version"": 172, ""max_seen_before"": 171, ""violation"": false}, {""version"": 172, ""max_seen_before"": 172, ""violation"": false}]}"
20260919T061541Z_e9cd871b,173,normal,1789798544.1846106,1789798544.1991723,14.898,0,14.898,pass,,read_secondary,"{""background_write_acknowledged"": true, ""reads"": [{""version"": 173, ""max_seen_before"": 172, ""violation"": false}, {""version"": 173, ""max_seen_before"": 173, ""violation"": false}]}"
20260919T061541Z_e9cd871b,174,normal,1789798544.1998348,1789798544.214518,15.027,0,15.027,pass,,read_secondary,"{""background_write_acknowledged"": true, ""reads"": [{""version"": 174, ""max_seen_before"": 173, ""violation"": false}, {""version"": 174, ""max_seen_before"": 174, ""violation"": false}]}"
20260919T061541Z_e9cd871b,175,normal,1789798544.2150881,1789798544.230528,15.415,0,15.415,pass,,read_secondary,"{""background_write_acknowledged"": true, ""reads"": [{""version"": 175, ""max_seen_before"": 174, ""violation"": false}, {""version"": 175, ""max_seen_before"": 175, ""violation"": false}]}"
20260919T061541Z_e9cd871b,176,normal,1789798544.230528,1789798544.2420833,11.623,0,11.623,pass,,read_secondary,"{""background_write_acknowledged"": true, ""reads"": [{""version"": 176, ""max_seen_before"": 175, ""violation"": false}, {""version"": 176, ""max_seen_before"": 176, ""violation"": false}]}"
20260919T061541Z_e9cd871b,177,normal,1789798544.2420833,1789798544.2549284,12.624,0,12.624,pass,,read_secondary,"{""background_write_acknowledged"": true, ""reads"": [{""version"": 177, ""max_seen_before"": 176, ""violation"": false}, {""version"": 177, ""max_seen_before"": 177, ""violation"": false}]}"
20260919T061541Z_e9cd871b,178,normal,1789798544.2549284,1789798544.2666485,12.126,0,12.126,pass,,read_secondary,"{""background_write_acknowledged"": true, ""reads"": [{""version"": 178, ""max_seen_before"": 177, ""violation"": false}, {""version"": 178, ""max_seen_before"": 178, ""violation"": false}]}"
20260919T061541Z_e9cd871b,179,normal,1789798544.2672818,1789798544.2785287,11.235,0,11.235,pass,,read_secondary,"{""background_write_acknowledged"": true, ""reads"": [{""version"": 179, ""max_seen_before"": 178, ""violation"": false}, {""version"": 179, ""max_seen_before"": 179, ""violation"": false}]}"
20260919T061541Z_e9cd871b,180,normal,1789798544.2785287,1789798544.2898624,11.463,0,11.463,pass,,read_secondary,"{""background_write_acknowledged"": true, ""reads"": [{""version"": 180, ""max_seen_before"": 179, ""violation"": false}, {""version"": 180, ""max_seen_before"": 180, ""violation"": false}]}"
20260919T061541Z_e9cd871b,181,normal,1789798544.2898624,1789798544.3017247,11.49,0,11.49,pass,,read_secondary,"{""background_write_acknowledged"": true, ""reads"": [{""version"": 181, ""max_seen_before"": 180, ""violation"": false}, {""version"": 181, ""max_seen_before"": 181, ""violation"": false}]}"
20260919T061541Z_e9cd871b,182,normal,1789798544.3017247,1789798544.3132062,11.79,0,11.79,pass,,read_secondary,"{""background_write_acknowledged"": true, ""reads"": [{""version"": 182, ""max_seen_before"": 181, ""violation"": false}, {""version"": 182, ""max_seen_before"": 182, ""violation"": false}]}"
20260919T061541Z_e9cd871b,183,normal,1789798544.3132062,1789798544.3242767,10.86,0,10.86,pass,,read_secondary,"{""background_write_acknowledged"": true, ""reads"": [{""version"": 183, ""max_seen_before"": 182, ""violation"": false}, {""version"": 183, ""max_seen_before"": 183, ""violation"": false}]}"
20260919T061541Z_e9cd871b,184,normal,1789798544.3242767,1789798544.3368533,12.169,0,12.169,pass,,read_secondary,"{""background_write_acknowledged"": true, ""reads"": [{""version"": 184, ""max_seen_before"": 183, ""violation"": false}, {""version"": 184, ""max_seen_before"": 184, ""violation"": false}]}"
20260919T061541Z_e9cd871b,185,normal,1789798544.3368533,1789798544.3500946,13.303,0,13.303,pass,,read_secondary,"{""background_write_acknowledged"": true, ""reads"": [{""version"": 185, ""max_seen_before"": 184, ""violation"": false}, {""version"": 185, ""max_seen_before"": 185, ""violation"": false}]}"
20260919T061541Z_e9cd871b,186,normal,1789798544.3500946,1789798544.3631947,12.888,0,12.888,pass,,read_secondary,"{""background_write_acknowledged"": true, ""reads"": [{""version"": 186, ""max_seen_before"": 185, ""violation"": false}, {""version"": 186, ""max_seen_before"": 186, ""violation"": false}]}"
20260919T061541Z_e9cd871b,187,normal,1789798544.3631947,1789798544.376331,12.937,0,12.937,pass,,read_secondary,"{""background_write_acknowledged"": true, ""reads"": [{""version"": 187, ""max_seen_before"": 186, ""violation"": false}, {""version"": 187, ""max_seen_before"": 187, ""violation"": false}]}"
20260919T061541Z_e9cd871b,188,normal,1789798544.376331,1789798544.3877864,11.713,0,11.713,pass,,read_secondary,"{""background_write_acknowledged"": true, ""reads"": [{""version"": 188, ""max_seen_before"": 187, ""violation"": false}, {""version"": 188, ""max_seen_before"": 188, ""violation"": false}]}"
20260919T061541Z_e9cd871b,189,normal,1789798544.388298,1789798544.4001522,12.417,0,12.417,pass,,read_secondary,"{""background_write_acknowledged"": true, ""reads"": [{""version"": 189, ""max_seen_before"": 188, ""violation"": false}, {""version"": 189, ""max_seen_before"": 189, ""violation"": false}]}"
20260919T061541Z_e9cd871b,190,normal,1789798544.400818,1789798544.4130065,12.687,0,12.687,pass,,read_secondary,"{""background_write_acknowledged"": true, ""reads"": [{""version"": 190, ""max_seen_before"": 189, ""violation"": false}, {""version"": 190, ""max_seen_before"": 190, ""violation"": false}]}"
20260919T061541Z_e9cd871b,191,normal,1789798544.4136355,1789798544.4258358,12.395,0,12.395,pass,,read_secondary,"{""background_write_acknowledged"": true, ""reads"": [{""version"": 191, ""max_seen_before"": 190, ""violation"": false}, {""version"": 191, ""max_seen_before"": 191, ""violation"": false}]}"
20260919T061541Z_e9cd871b,192,normal,1789798544.4258358,1789798544.4388974,13.035,0,13.035,pass,,read_secondary,"{""background_write_acknowledged"": true, ""reads"": [{""version"": 192, ""max_seen_before"": 191, ""violation"": false}, {""version"": 192, ""max_seen_before"": 192, ""violation"": false}]}"
20260919T061541Z_e9cd871b,193,normal,1789798544.4388974,1789798544.4520755,12.88,0,12.88,pass,,read_secondary,"{""background_write_acknowledged"": true, ""reads"": [{""version"": 193, ""max_seen_before"": 192, ""violation"": false}, {""version"": 193, ""max_seen_before"": 193, ""violation"": false}]}"
20260919T061541Z_e9cd871b,194,normal,1789798544.4520755,1789798544.4638803,12.065,0,12.065,pass,,read_secondary,"{""background_write_acknowledged"": true, ""reads"": [{""version"": 194, ""max_seen_before"": 193, ""violation"": false}, {""version"": 194, ""max_seen_before"": 194, ""violation"": false}]}"
20260919T061541Z_e9cd871b,195,normal,1789798544.464469,1789798544.4779232,13.99,0,13.99,pass,,read_secondary,"{""background_write_acknowledged"": true, ""reads"": [{""version"": 195, ""max_seen_before"": 194, ""violation"": false}, {""version"": 195, ""max_seen_before"": 195, ""violation"": false}]}"
20260919T061541Z_e9cd871b,196,normal,1789798544.4785137,1789798544.4934778,15.016,0,15.016,pass,,read_secondary,"{""background_write_acknowledged"": true, ""reads"": [{""version"": 196, ""max_seen_before"": 195, ""violation"": false}, {""version"": 196, ""max_seen_before"": 196, ""violation"": false}]}"
20260919T061541Z_e9cd871b,197,normal,1789798544.4934778,1789798544.506857,13.178,0,13.178,pass,,read_secondary,"{""background_write_acknowledged"": true, ""reads"": [{""version"": 197, ""max_seen_before"": 196, ""violation"": false}, {""version"": 197, ""max_seen_before"": 197, ""violation"": false}]}"
20260919T061541Z_e9cd871b,198,normal,1789798544.506857,1789798544.519876,13.048,0,13.048,pass,,read_secondary,"{""background_write_acknowledged"": true, ""reads"": [{""version"": 198, ""max_seen_before"": 197, ""violation"": false}, {""version"": 198, ""max_seen_before"": 198, ""violation"": false}]}"
20260919T061541Z_e9cd871b,199,normal,1789798544.519876,1789798544.5325117,12.46,0,12.46,pass,,read_secondary,"{""background_write_acknowledged"": true, ""reads"": [{""version"": 199, ""max_seen_before"": 198, ""violation"": false}, {""version"": 199, ""max_seen_before"": 199, ""violation"": false}]}"
20260919T061541Z_e9cd871b,200,normal,1789798544.5325117,1789798544.5448442,12.278,0,12.278,pass,,read_secondary,"{""background_write_acknowledged"": true, ""reads"": [{""version"": 200, ""max_seen_before"": 199, ""violation"": false}, {""version"": 200, ""max_seen_before"": 200, ""violation"": false}]}"
20260919T061541Z_e9cd871b,201,normal,1789798544.5480108,1789798544.56169,13.818,0,13.818,pass,,read_secondary,"{""background_write_acknowledged"": true, ""reads"": [{""version"": 201, ""max_seen_before"": 200, ""violation"": false}, {""version"": 201, ""max_seen_before"": 201, ""violation"": false}]}"
20260919T061541Z_e9cd871b,202,normal,1789798544.56169,1789798544.574941,12.806,0,12.806,pass,,read_secondary,"{""background_write_acknowledged"": true, ""reads"": [{""version"": 202, ""max_seen_before"": 201, ""violation"": false}, {""version"": 202, ""max_seen_before"": 202, ""violation"": false}]}"
20260919T061541Z_e9cd871b,203,normal,1789798544.574941,1789798544.5882194,13.652,0,13.652,pass,,read_secondary,"{""background_write_acknowledged"": true, ""reads"": [{""version"": 203, ""max_seen_before"": 202, ""violation"": false}, {""version"": 203, ""max_seen_before"": 203, ""violation"": false}]}"
20260919T061541Z_e9cd871b,204,normal,1789798544.588854,1789798544.6022577,13.732,0,13.732,pass,,read_secondary,"{""background_write_acknowledged"": true, ""reads"": [{""version"": 204, ""max_seen_before"": 203, ""violation"": false}, {""version"": 204, ""max_seen_before"": 204, ""violation"": false}]}"
20260919T061541Z_e9cd871b,205,normal,1789798544.6022577,1789798544.6152222,12.625,0,12.625,pass,,read_secondary,"{""background_write_acknowledged"": true, ""reads"": [{""version"": 205, ""max_seen_before"": 204, ""violation"": false}, {""version"": 205, ""max_seen_before"": 205, ""violation"": false}]}"
20260919T061541Z_e9cd871b,206,normal,1789798544.6152222,1789798544.6278098,12.306,0,12.306,pass,,read_secondary,"{""background_write_acknowledged"": true, ""reads"": [{""version"": 206, ""max_seen_before"": 205, ""violation"": false}, {""version"": 206, ""max_seen_before"": 206, ""violation"": false}]}"
20260919T061541Z_e9cd871b,207,normal,1789798544.6278098,1789798544.6419919,14.082,0,14.082,pass,,read_secondary,"{""background_write_acknowledged"": true, ""reads"": [{""version"": 207, ""max_seen_before"": 206, ""violation"": false}, {""version"": 207, ""max_seen_before"": 207, ""violation"": false}]}"
20260919T061541Z_e9cd871b,208,normal,1789798544.6419919,1789798544.6550517,13.238,0,13.238,pass,,read_secondary,"{""background_write_acknowledged"": true, ""reads"": [{""version"": 208, ""max_seen_before"": 207, ""violation"": false}, {""version"": 208, ""max_seen_before"": 208, ""violation"": false}]}"
20260919T061541Z_e9cd871b,209,normal,1789798544.6550517,1789798544.6667805,11.8,0,11.8,pass,,read_secondary,"{""background_write_acknowledged"": true, ""reads"": [{""version"": 209, ""max_seen_before"": 208, ""violation"": false}, {""version"": 209, ""max_seen_before"": 209, ""violation"": false}]}"
20260919T061541Z_e9cd871b,210,normal,1789798544.6674068,1789798544.6792972,11.881,0,11.881,pass,,read_secondary,"{""background_write_acknowledged"": true, ""reads"": [{""version"": 210, ""max_seen_before"": 209, ""violation"": false}, {""version"": 210, ""max_seen_before"": 210, ""violation"": false}]}"
20260919T061541Z_e9cd871b,211,normal,1789798544.6792972,1789798544.6931865,13.704,0,13.704,pass,,read_secondary,"{""background_write_acknowledged"": true, ""reads"": [{""version"": 211, ""max_seen_before"": 210, ""violation"": false}, {""version"": 211, ""max_seen_before"": 211, ""violation"": false}]}"
20260919T061541Z_e9cd871b,212,normal,1789798544.6931865,1789798544.7064965,13.269,0,13.269,pass,,read_secondary,"{""background_write_acknowledged"": true, ""reads"": [{""version"": 212, ""max_seen_before"": 211, ""violation"": false}, {""version"": 212, ""max_seen_before"": 212, ""violation"": false}]}"
20260919T061541Z_e9cd871b,213,normal,1789798544.7064965,1789798544.7201962,13.956,0,13.956,pass,,read_secondary,"{""background_write_acknowledged"": true, ""reads"": [{""version"": 213, ""max_seen_before"": 212, ""violation"": false}, {""version"": 213, ""max_seen_before"": 213, ""violation"": false}]}"
20260919T061541Z_e9cd871b,214,normal,1789798544.7201962,1789798544.733622,13.276,0,13.276,pass,,read_secondary,"{""background_write_acknowledged"": true, ""reads"": [{""version"": 214, ""max_seen_before"": 213, ""violation"": false}, {""version"": 214, ""max_seen_before"": 214, ""violation"": false}]}"
20260919T061541Z_e9cd871b,215,normal,1789798544.733622,1789798544.7474027,13.391,0,13.391,pass,,read_secondary,"{""background_write_acknowledged"": true, ""reads"": [{""version"": 215, ""max_seen_before"": 214, ""violation"": false}, {""version"": 215, ""max_seen_before"": 215, ""violation"": false}]}"
20260919T061541Z_e9cd871b,216,normal,1789798544.7474027,1789798544.7596467,12.54,0,12.54,pass,,read_secondary,"{""background_write_acknowledged"": true, ""reads"": [{""version"": 216, ""max_seen_before"": 215, ""violation"": false}, {""version"": 216, ""max_seen_before"": 216, ""violation"": false}]}"
20260919T061541Z_e9cd871b,217,normal,1789798544.7602031,1789798544.7747033,14.525,0,14.525,pass,,read_secondary,"{""background_write_acknowledged"": true, ""reads"": [{""version"": 217, ""max_seen_before"": 216, ""violation"": false}, {""version"": 217, ""max_seen_before"": 217, ""violation"": false}]}"
20260919T061541Z_e9cd871b,218,normal,1789798544.7747033,1789798544.7868187,11.722,0,11.722,pass,,read_secondary,"{""background_write_acknowledged"": true, ""reads"": [{""version"": 218, ""max_seen_before"": 217, ""violation"": false}, {""version"": 218, ""max_seen_before"": 218, ""violation"": false}]}"
20260919T061541Z_e9cd871b,219,normal,1789798544.7868187,1789798544.7987297,11.848,0,11.848,pass,,read_secondary,"{""background_write_acknowledged"": true, ""reads"": [{""version"": 219, ""max_seen_before"": 218, ""violation"": false}, {""version"": 219, ""max_seen_before"": 219, ""violation"": false}]}"
20260919T061541Z_e9cd871b,220,normal,1789798544.7987297,1789798544.8106577,11.941,0,11.941,pass,,read_secondary,"{""background_write_acknowledged"": true, ""reads"": [{""version"": 220, ""max_seen_before"": 219, ""violation"": false}, {""version"": 220, ""max_seen_before"": 220, ""violation"": false}]}"
20260919T061541Z_e9cd871b,221,normal,1789798544.8106577,1789798544.8219469,11.446,0,11.446,pass,,read_secondary,"{""background_write_acknowledged"": true, ""reads"": [{""version"": 221, ""max_seen_before"": 220, ""violation"": false}, {""version"": 221, ""max_seen_before"": 221, ""violation"": false}]}"
20260919T061541Z_e9cd871b,222,normal,1789798544.8219469,1789798544.8342848,11.934,0,11.934,pass,,read_secondary,"{""background_write_acknowledged"": true, ""reads"": [{""version"": 222, ""max_seen_before"": 221, ""violation"": false}, {""version"": 222, ""max_seen_before"": 222, ""violation"": false}]}"
20260919T061541Z_e9cd871b,223,normal,1789798544.8342848,1789798544.8483882,14.316,0,14.316,pass,,read_secondary,"{""background_write_acknowledged"": true, ""reads"": [{""version"": 223, ""max_seen_before"": 222, ""violation"": false}, {""version"": 223, ""max_seen_before"": 223, ""violation"": false}]}"
20260919T061541Z_e9cd871b,224,normal,1789798544.8483882,1789798544.8622124,13.762,0,13.762,pass,,read_secondary,"{""background_write_acknowledged"": true, ""reads"": [{""version"": 224, ""max_seen_before"": 223, ""violation"": false}, {""version"": 224, ""max_seen_before"": 224, ""violation"": false}]}"
20260919T061541Z_e9cd871b,225,normal,1789798544.8627663,1789798544.8760831,13.258,0,13.258,pass,,read_secondary,"{""background_write_acknowledged"": true, ""reads"": [{""version"": 225, ""max_seen_before"": 224, ""violation"": false}, {""version"": 225, ""max_seen_before"": 225, ""violation"": false}]}"
20260919T061541Z_e9cd871b,226,normal,1789798544.8760831,1789798544.8894885,13.434,0,13.434,pass,,read_secondary,"{""background_write_acknowledged"": true, ""reads"": [{""version"": 226, ""max_seen_before"": 225, ""violation"": false}, {""version"": 226, ""max_seen_before"": 226, ""violation"": false}]}"
20260919T061541Z_e9cd871b,227,normal,1789798544.8894885,1789798544.9028912,13.199,0,13.199,pass,,read_secondary,"{""background_write_acknowledged"": true, ""reads"": [{""version"": 227, ""max_seen_before"": 226, ""violation"": false}, {""version"": 227, ""max_seen_before"": 227, ""violation"": false}]}"
20260919T061541Z_e9cd871b,228,normal,1789798544.9028912,1789798544.9158466,13.107,0,13.107,pass,,read_secondary,"{""background_write_acknowledged"": true, ""reads"": [{""version"": 228, ""max_seen_before"": 227, ""violation"": false}, {""version"": 228, ""max_seen_before"": 228, ""violation"": false}]}"
20260919T061541Z_e9cd871b,229,normal,1789798544.9158466,1789798544.9285696,12.582,0,12.582,pass,,read_secondary,"{""background_write_acknowledged"": true, ""reads"": [{""version"": 229, ""max_seen_before"": 228, ""violation"": false}, {""version"": 229, ""max_seen_before"": 229, ""violation"": false}]}"
20260919T061541Z_e9cd871b,230,normal,1789798544.9285696,1789798544.9418235,12.943,0,12.943,pass,,read_secondary,"{""background_write_acknowledged"": true, ""reads"": [{""version"": 230, ""max_seen_before"": 229, ""violation"": false}, {""version"": 230, ""max_seen_before"": 230, ""violation"": false}]}"
20260919T061541Z_e9cd871b,231,normal,1789798544.9418235,1789798544.9535644,12.069,0,12.069,pass,,read_secondary,"{""background_write_acknowledged"": true, ""reads"": [{""version"": 231, ""max_seen_before"": 230, ""violation"": false}, {""version"": 231, ""max_seen_before"": 231, ""violation"": false}]}"
20260919T061541Z_e9cd871b,232,normal,1789798544.9535644,1789798544.9696398,15.764,0,15.764,pass,,read_secondary,"{""background_write_acknowledged"": true, ""reads"": [{""version"": 232, ""max_seen_before"": 231, ""violation"": false}, {""version"": 232, ""max_seen_before"": 232, ""violation"": false}]}"
20260919T061541Z_e9cd871b,233,normal,1789798544.9696398,1789798544.9834914,13.591,0,13.591,pass,,read_secondary,"{""background_write_acknowledged"": true, ""reads"": [{""version"": 233, ""max_seen_before"": 232, ""violation"": false}, {""version"": 233, ""max_seen_before"": 233, ""violation"": false}]}"
20260919T061541Z_e9cd871b,234,normal,1789798544.9834914,1789798544.996766,13.167,0,13.167,pass,,read_secondary,"{""background_write_acknowledged"": true, ""reads"": [{""version"": 234, ""max_seen_before"": 233, ""violation"": false}, {""version"": 234, ""max_seen_before"": 234, ""violation"": false}]}"
20260919T061541Z_e9cd871b,235,normal,1789798544.996766,1789798545.008945,12.395,0,12.395,pass,,read_secondary,"{""background_write_acknowledged"": true, ""reads"": [{""version"": 235, ""max_seen_before"": 234, ""violation"": false}, {""version"": 235, ""max_seen_before"": 235, ""violation"": false}]}"
20260919T061541Z_e9cd871b,236,normal,1789798545.0095282,1789798545.0228848,13.529,0,13.529,pass,,read_secondary,"{""background_write_acknowledged"": true, ""reads"": [{""version"": 236, ""max_seen_before"": 235, ""violation"": false}, {""version"": 236, ""max_seen_before"": 236, ""violation"": false}]}"
20260919T061541Z_e9cd871b,237,normal,1789798545.0228848,1789798545.0370424,13.875,0,13.875,pass,,read_secondary,"{""background_write_acknowledged"": true, ""reads"": [{""version"": 237, ""max_seen_before"": 236, ""violation"": false}, {""version"": 237, ""max_seen_before"": 237, ""violation"": false}]}"
20260919T061541Z_e9cd871b,238,normal,1789798545.0370424,1789798545.0521483,15.016,0,15.016,pass,,read_secondary,"{""background_write_acknowledged"": true, ""reads"": [{""version"": 238, ""max_seen_before"": 237, ""violation"": false}, {""version"": 238, ""max_seen_before"": 238, ""violation"": false}]}"
20260919T061541Z_e9cd871b,239,normal,1789798545.0521483,1789798545.0665739,14.656,0,14.656,pass,,read_secondary,"{""background_write_acknowledged"": true, ""reads"": [{""version"": 239, ""max_seen_before"": 238, ""violation"": false}, {""version"": 239, ""max_seen_before"": 239, ""violation"": false}]}"
20260919T061541Z_e9cd871b,240,normal,1789798545.0665739,1789798545.0806587,13.467,0,13.467,pass,,read_secondary,"{""background_write_acknowledged"": true, ""reads"": [{""version"": 240, ""max_seen_before"": 239, ""violation"": false}, {""version"": 240, ""max_seen_before"": 240, ""violation"": false}]}"
20260919T061541Z_e9cd871b,241,normal,1789798545.0806587,1789798545.0939662,13.362,0,13.362,pass,,read_secondary,"{""background_write_acknowledged"": true, ""reads"": [{""version"": 241, ""max_seen_before"": 240, ""violation"": false}, {""version"": 241, ""max_seen_before"": 241, ""violation"": false}]}"
20260919T061541Z_e9cd871b,242,normal,1789798545.0939662,1789798545.107472,13.362,0,13.362,pass,,read_secondary,"{""background_write_acknowledged"": true, ""reads"": [{""version"": 242, ""max_seen_before"": 241, ""violation"": false}, {""version"": 242, ""max_seen_before"": 242, ""violation"": false}]}"
20260919T061541Z_e9cd871b,243,normal,1789798545.107472,1789798545.1207936,13.372,0,13.372,pass,,read_secondary,"{""background_write_acknowledged"": true, ""reads"": [{""version"": 243, ""max_seen_before"": 242, ""violation"": false}, {""version"": 243, ""max_seen_before"": 243, ""violation"": false}]}"
20260919T061541Z_e9cd871b,244,normal,1789798545.1207936,1789798545.1338508,13.219,0,13.219,pass,,read_secondary,"{""background_write_acknowledged"": true, ""reads"": [{""version"": 244, ""max_seen_before"": 243, ""violation"": false}, {""version"": 244, ""max_seen_before"": 244, ""violation"": false}]}"
20260919T061541Z_e9cd871b,245,normal,1789798545.1344786,1789798545.1480556,13.93,0,13.93,pass,,read_secondary,"{""background_write_acknowledged"": true, ""reads"": [{""version"": 245, ""max_seen_before"": 244, ""violation"": false}, {""version"": 245, ""max_seen_before"": 245, ""violation"": false}]}"
20260919T061541Z_e9cd871b,246,normal,1789798545.1486363,1789798545.1608627,12.463,0,12.463,pass,,read_secondary,"{""background_write_acknowledged"": true, ""reads"": [{""version"": 246, ""max_seen_before"": 245, ""violation"": false}, {""version"": 246, ""max_seen_before"": 246, ""violation"": false}]}"
20260919T061541Z_e9cd871b,247,normal,1789798545.1608627,1789798545.1738403,12.992,0,12.992,pass,,read_secondary,"{""background_write_acknowledged"": true, ""reads"": [{""version"": 247, ""max_seen_before"": 246, ""violation"": false}, {""version"": 247, ""max_seen_before"": 247, ""violation"": false}]}"
20260919T061541Z_e9cd871b,248,normal,1789798545.1738403,1789798545.1857667,11.979,0,11.979,pass,,read_secondary,"{""background_write_acknowledged"": true, ""reads"": [{""version"": 248, ""max_seen_before"": 247, ""violation"": false}, {""version"": 248, ""max_seen_before"": 248, ""violation"": false}]}"
20260919T061541Z_e9cd871b,249,normal,1789798545.186301,1789798545.199463,13.386,0,13.386,pass,,read_secondary,"{""background_write_acknowledged"": true, ""reads"": [{""version"": 249, ""max_seen_before"": 248, ""violation"": false}, {""version"": 249, ""max_seen_before"": 249, ""violation"": false}]}"
20260919T061541Z_e9cd871b,250,normal,1789798545.199463,1789798545.2125876,12.95,0,12.95,pass,,read_secondary,"{""background_write_acknowledged"": true, ""reads"": [{""version"": 250, ""max_seen_before"": 249, ""violation"": false}, {""version"": 250, ""max_seen_before"": 250, ""violation"": false}]}"
20260919T061541Z_e9cd871b,251,normal,1789798545.2125876,1789798545.2252676,12.731,0,12.731,pass,,read_secondary,"{""background_write_acknowledged"": true, ""reads"": [{""version"": 251, ""max_seen_before"": 250, ""violation"": false}, {""version"": 251, ""max_seen_before"": 251, ""violation"": false}]}"
20260919T061541Z_e9cd871b,252,normal,1789798545.2252676,1789798545.2376673,12.128,0,12.128,pass,,read_secondary,"{""background_write_acknowledged"": true, ""reads"": [{""version"": 252, ""max_seen_before"": 251, ""violation"": false}, {""version"": 252, ""max_seen_before"": 252, ""violation"": false}]}"
20260919T061541Z_e9cd871b,253,normal,1789798545.2376673,1789798545.2503412,12.88,0,12.88,pass,,read_secondary,"{""background_write_acknowledged"": true, ""reads"": [{""version"": 253, ""max_seen_before"": 252, ""violation"": false}, {""version"": 253, ""max_seen_before"": 253, ""violation"": false}]}"
20260919T061541Z_e9cd871b,254,normal,1789798545.2512922,1789798545.263586,12.552,0,12.552,pass,,read_secondary,"{""background_write_acknowledged"": true, ""reads"": [{""version"": 254, ""max_seen_before"": 253, ""violation"": false}, {""version"": 254, ""max_seen_before"": 254, ""violation"": false}]}"
20260919T061541Z_e9cd871b,255,normal,1789798545.263586,1789798545.2761073,12.068,0,12.068,pass,,read_secondary,"{""background_write_acknowledged"": true, ""reads"": [{""version"": 255, ""max_seen_before"": 254, ""violation"": false}, {""version"": 255, ""max_seen_before"": 255, ""violation"": false}]}"
20260919T061541Z_e9cd871b,256,normal,1789798545.2761073,1789798545.2880652,12.241,0,12.241,pass,,read_secondary,"{""background_write_acknowledged"": true, ""reads"": [{""version"": 256, ""max_seen_before"": 255, ""violation"": false}, {""version"": 256, ""max_seen_before"": 256, ""violation"": false}]}"
20260919T061541Z_e9cd871b,257,normal,1789798545.2880652,1789798545.2993124,11.186,0,11.186,pass,,read_secondary,"{""background_write_acknowledged"": true, ""reads"": [{""version"": 257, ""max_seen_before"": 256, ""violation"": false}, {""version"": 257, ""max_seen_before"": 257, ""violation"": false}]}"
20260919T061541Z_e9cd871b,258,normal,1789798545.2993124,1789798545.3121762,12.406,0,12.406,pass,,read_secondary,"{""background_write_acknowledged"": true, ""reads"": [{""version"": 258, ""max_seen_before"": 257, ""violation"": false}, {""version"": 258, ""max_seen_before"": 258, ""violation"": false}]}"
20260919T061541Z_e9cd871b,259,normal,1789798545.3121762,1789798545.3242683,12.064,0,12.064,pass,,read_secondary,"{""background_write_acknowledged"": true, ""reads"": [{""version"": 259, ""max_seen_before"": 258, ""violation"": false}, {""version"": 259, ""max_seen_before"": 259, ""violation"": false}]}"
20260919T061541Z_e9cd871b,260,normal,1789798545.3242683,1789798545.3367155,12.094,0,12.094,pass,,read_secondary,"{""background_write_acknowledged"": true, ""reads"": [{""version"": 260, ""max_seen_before"": 259, ""violation"": false}, {""version"": 260, ""max_seen_before"": 260, ""violation"": false}]}"
20260919T061541Z_e9cd871b,261,normal,1789798545.3367155,1789798545.3486946,11.931,0,11.931,pass,,read_secondary,"{""background_write_acknowledged"": true, ""reads"": [{""version"": 261, ""max_seen_before"": 260, ""violation"": false}, {""version"": 261, ""max_seen_before"": 261, ""violation"": false}]}"
20260919T061541Z_e9cd871b,262,normal,1789798545.3486946,1789798545.3602552,11.876,0,11.876,pass,,read_secondary,"{""background_write_acknowledged"": true, ""reads"": [{""version"": 262, ""max_seen_before"": 261, ""violation"": false}, {""version"": 262, ""max_seen_before"": 262, ""violation"": false}]}"
20260919T061541Z_e9cd871b,263,normal,1789798545.360826,1789798545.3727758,11.858,0,11.858,pass,,read_secondary,"{""background_write_acknowledged"": true, ""reads"": [{""version"": 263, ""max_seen_before"": 262, ""violation"": false}, {""version"": 263, ""max_seen_before"": 263, ""violation"": false}]}"
20260919T061541Z_e9cd871b,264,normal,1789798545.3727758,1789798545.3845568,12.154,0,12.154,pass,,read_secondary,"{""background_write_acknowledged"": true, ""reads"": [{""version"": 264, ""max_seen_before"": 263, ""violation"": false}, {""version"": 264, ""max_seen_before"": 264, ""violation"": false}]}"
20260919T061541Z_e9cd871b,265,normal,1789798545.385063,1789798545.3966334,12.111,0,12.111,pass,,read_secondary,"{""background_write_acknowledged"": true, ""reads"": [{""version"": 265, ""max_seen_before"": 264, ""violation"": false}, {""version"": 265, ""max_seen_before"": 265, ""violation"": false}]}"
20260919T061541Z_e9cd871b,266,normal,1789798545.3966334,1789798545.4094512,12.79,0,12.79,pass,,read_secondary,"{""background_write_acknowledged"": true, ""reads"": [{""version"": 266, ""max_seen_before"": 265, ""violation"": false}, {""version"": 266, ""max_seen_before"": 266, ""violation"": false}]}"
20260919T061541Z_e9cd871b,267,normal,1789798545.4101703,1789798545.4220166,12.013,0,12.013,pass,,read_secondary,"{""background_write_acknowledged"": true, ""reads"": [{""version"": 267, ""max_seen_before"": 266, ""violation"": false}, {""version"": 267, ""max_seen_before"": 267, ""violation"": false}]}"
20260919T061541Z_e9cd871b,268,normal,1789798545.4220166,1789798545.4348948,12.734,0,12.734,pass,,read_secondary,"{""background_write_acknowledged"": true, ""reads"": [{""version"": 268, ""max_seen_before"": 267, ""violation"": false}, {""version"": 268, ""max_seen_before"": 268, ""violation"": false}]}"
20260919T061541Z_e9cd871b,269,normal,1789798545.4348948,1789798545.4480083,12.983,0,12.983,pass,,read_secondary,"{""background_write_acknowledged"": true, ""reads"": [{""version"": 269, ""max_seen_before"": 268, ""violation"": false}, {""version"": 269, ""max_seen_before"": 269, ""violation"": false}]}"
20260919T061541Z_e9cd871b,270,normal,1789798545.4480083,1789798545.4605398,12.623,0,12.623,pass,,read_secondary,"{""background_write_acknowledged"": true, ""reads"": [{""version"": 270, ""max_seen_before"": 269, ""violation"": false}, {""version"": 270, ""max_seen_before"": 270, ""violation"": false}]}"
20260919T061541Z_e9cd871b,271,normal,1789798545.4605398,1789798545.4739099,13.007,0,13.007,pass,,read_secondary,"{""background_write_acknowledged"": true, ""reads"": [{""version"": 271, ""max_seen_before"": 270, ""violation"": false}, {""version"": 271, ""max_seen_before"": 271, ""violation"": false}]}"
20260919T061541Z_e9cd871b,272,normal,1789798545.4739099,1789798545.4854145,11.793,0,11.793,pass,,read_secondary,"{""background_write_acknowledged"": true, ""reads"": [{""version"": 272, ""max_seen_before"": 271, ""violation"": false}, {""version"": 272, ""max_seen_before"": 272, ""violation"": false}]}"
20260919T061541Z_e9cd871b,273,normal,1789798545.486045,1789798545.4977107,12.019,0,12.019,pass,,read_secondary,"{""background_write_acknowledged"": true, ""reads"": [{""version"": 273, ""max_seen_before"": 272, ""violation"": false}, {""version"": 273, ""max_seen_before"": 273, ""violation"": false}]}"
20260919T061541Z_e9cd871b,274,normal,1789798545.4977107,1789798545.5107858,12.823,0,12.823,pass,,read_secondary,"{""background_write_acknowledged"": true, ""reads"": [{""version"": 274, ""max_seen_before"": 273, ""violation"": false}, {""version"": 274, ""max_seen_before"": 274, ""violation"": false}]}"
20260919T061541Z_e9cd871b,275,normal,1789798545.5107858,1789798545.5236602,12.596,0,12.596,pass,,read_secondary,"{""background_write_acknowledged"": true, ""reads"": [{""version"": 275, ""max_seen_before"": 274, ""violation"": false}, {""version"": 275, ""max_seen_before"": 275, ""violation"": false}]}"
20260919T061541Z_e9cd871b,276,normal,1789798545.5236602,1789798545.536358,12.574,0,12.574,pass,,read_secondary,"{""background_write_acknowledged"": true, ""reads"": [{""version"": 276, ""max_seen_before"": 275, ""violation"": false}, {""version"": 276, ""max_seen_before"": 276, ""violation"": false}]}"
20260919T061541Z_e9cd871b,277,normal,1789798545.536358,1789798545.548018,11.916,0,11.916,pass,,read_secondary,"{""background_write_acknowledged"": true, ""reads"": [{""version"": 277, ""max_seen_before"": 276, ""violation"": false}, {""version"": 277, ""max_seen_before"": 277, ""violation"": false}]}"
20260919T061541Z_e9cd871b,278,normal,1789798545.5485582,1789798545.561128,13.009,0,13.009,pass,,read_secondary,"{""background_write_acknowledged"": true, ""reads"": [{""version"": 278, ""max_seen_before"": 277, ""violation"": false}, {""version"": 278, ""max_seen_before"": 278, ""violation"": false}]}"
20260919T061541Z_e9cd871b,279,normal,1789798545.561128,1789798545.5753274,13.977,0,13.977,pass,,read_secondary,"{""background_write_acknowledged"": true, ""reads"": [{""version"": 279, ""max_seen_before"": 278, ""violation"": false}, {""version"": 279, ""max_seen_before"": 279, ""violation"": false}]}"
20260919T061541Z_e9cd871b,280,normal,1789798545.5753274,1789798545.5887895,13.309,0,13.309,pass,,read_secondary,"{""background_write_acknowledged"": true, ""reads"": [{""version"": 280, ""max_seen_before"": 279, ""violation"": false}, {""version"": 280, ""max_seen_before"": 280, ""violation"": false}]}"
20260919T061541Z_e9cd871b,281,normal,1789798545.5891542,1789798545.6033099,14.466,0,14.466,pass,,read_secondary,"{""background_write_acknowledged"": true, ""reads"": [{""version"": 281, ""max_seen_before"": 280, ""violation"": false}, {""version"": 281, ""max_seen_before"": 281, ""violation"": false}]}"
20260919T061541Z_e9cd871b,282,normal,1789798545.6033099,1789798545.6162477,12.422,0,12.422,pass,,read_secondary,"{""background_write_acknowledged"": true, ""reads"": [{""version"": 282, ""max_seen_before"": 281, ""violation"": false}, {""version"": 282, ""max_seen_before"": 282, ""violation"": false}]}"
20260919T061541Z_e9cd871b,283,normal,1789798545.6162477,1789798545.628382,12.354,0,12.354,pass,,read_secondary,"{""background_write_acknowledged"": true, ""reads"": [{""version"": 283, ""max_seen_before"": 282, ""violation"": false}, {""version"": 283, ""max_seen_before"": 283, ""violation"": false}]}"
20260919T061541Z_e9cd871b,284,normal,1789798545.628382,1789798545.6422677,13.462,0,13.462,pass,,read_secondary,"{""background_write_acknowledged"": true, ""reads"": [{""version"": 284, ""max_seen_before"": 283, ""violation"": false}, {""version"": 284, ""max_seen_before"": 284, ""violation"": false}]}"
20260919T061541Z_e9cd871b,285,normal,1789798545.6422677,1789798545.6550493,13.573,0,13.573,pass,,read_secondary,"{""background_write_acknowledged"": true, ""reads"": [{""version"": 285, ""max_seen_before"": 284, ""violation"": false}, {""version"": 285, ""max_seen_before"": 285, ""violation"": false}]}"
20260919T061541Z_e9cd871b,286,normal,1789798545.6560688,1789798545.6682043,12.601,0,12.601,pass,,read_secondary,"{""background_write_acknowledged"": true, ""reads"": [{""version"": 286, ""max_seen_before"": 285, ""violation"": false}, {""version"": 286, ""max_seen_before"": 286, ""violation"": false}]}"
20260919T061541Z_e9cd871b,287,normal,1789798545.6682043,1789798545.6811862,12.479,0,12.479,pass,,read_secondary,"{""background_write_acknowledged"": true, ""reads"": [{""version"": 287, ""max_seen_before"": 286, ""violation"": false}, {""version"": 287, ""max_seen_before"": 287, ""violation"": false}]}"
20260919T061541Z_e9cd871b,288,normal,1789798545.6811862,1789798545.696395,15.093,0,15.093,pass,,read_secondary,"{""background_write_acknowledged"": true, ""reads"": [{""version"": 288, ""max_seen_before"": 287, ""violation"": false}, {""version"": 288, ""max_seen_before"": 288, ""violation"": false}]}"
20260919T061541Z_e9cd871b,289,normal,1789798545.696395,1789798545.7093341,13.027,0,13.027,pass,,read_secondary,"{""background_write_acknowledged"": true, ""reads"": [{""version"": 289, ""max_seen_before"": 288, ""violation"": false}, {""version"": 289, ""max_seen_before"": 289, ""violation"": false}]}"
20260919T061541Z_e9cd871b,290,normal,1789798545.7093341,1789798545.7232475,13.502,0,13.502,pass,,read_secondary,"{""background_write_acknowledged"": true, ""reads"": [{""version"": 290, ""max_seen_before"": 289, ""violation"": false}, {""version"": 290, ""max_seen_before"": 290, ""violation"": false}]}"
20260919T061541Z_e9cd871b,291,normal,1789798545.7232475,1789798545.7362337,13.207,0,13.207,pass,,read_secondary,"{""background_write_acknowledged"": true, ""reads"": [{""version"": 291, ""max_seen_before"": 290, ""violation"": false}, {""version"": 291, ""max_seen_before"": 291, ""violation"": false}]}"
20260919T061541Z_e9cd871b,292,normal,1789798545.7362337,1789798545.7500849,13.511,0,13.511,pass,,read_secondary,"{""background_write_acknowledged"": true, ""reads"": [{""version"": 292, ""max_seen_before"": 291, ""violation"": false}, {""version"": 292, ""max_seen_before"": 292, ""violation"": false}]}"
20260919T061541Z_e9cd871b,293,normal,1789798545.7500849,1789798545.7636125,13.503,0,13.503,pass,,read_secondary,"{""background_write_acknowledged"": true, ""reads"": [{""version"": 293, ""max_seen_before"": 292, ""violation"": false}, {""version"": 293, ""max_seen_before"": 293, ""violation"": false}]}"
20260919T061541Z_e9cd871b,294,normal,1789798545.7636125,1789798545.7772963,13.839,0,13.839,pass,,read_secondary,"{""background_write_acknowledged"": true, ""reads"": [{""version"": 294, ""max_seen_before"": 293, ""violation"": false}, {""version"": 294, ""max_seen_before"": 294, ""violation"": false}]}"
20260919T061541Z_e9cd871b,295,normal,1789798545.7772963,1789798545.7904117,13.041,0,13.041,pass,,read_secondary,"{""background_write_acknowledged"": true, ""reads"": [{""version"": 295, ""max_seen_before"": 294, ""violation"": false}, {""version"": 295, ""max_seen_before"": 295, ""violation"": false}]}"
20260919T061541Z_e9cd871b,296,normal,1789798545.7910573,1789798545.8044097,13.983,0,13.983,pass,,read_secondary,"{""background_write_acknowledged"": true, ""reads"": [{""version"": 296, ""max_seen_before"": 295, ""violation"": false}, {""version"": 296, ""max_seen_before"": 296, ""violation"": false}]}"
20260919T061541Z_e9cd871b,297,normal,1789798545.8051612,1789798545.8188128,13.769,0,13.769,pass,,read_secondary,"{""background_write_acknowledged"": true, ""reads"": [{""version"": 297, ""max_seen_before"": 296, ""violation"": false}, {""version"": 297, ""max_seen_before"": 297, ""violation"": false}]}"
20260919T061541Z_e9cd871b,298,normal,1789798545.8188128,1789798545.8315144,12.458,0,12.458,pass,,read_secondary,"{""background_write_acknowledged"": true, ""reads"": [{""version"": 298, ""max_seen_before"": 297, ""violation"": false}, {""version"": 298, ""max_seen_before"": 298, ""violation"": false}]}"
20260919T061541Z_e9cd871b,299,normal,1789798545.8315144,1789798545.8439336,12.49,0,12.49,pass,,read_secondary,"{""background_write_acknowledged"": true, ""reads"": [{""version"": 299, ""max_seen_before"": 298, ""violation"": false}, {""version"": 299, ""max_seen_before"": 299, ""violation"": false}]}"
20260919T061541Z_e9cd871b,300,normal,1789798545.8439336,1789798545.8566935,12.646,0,12.646,pass,,read_secondary,"{""background_write_acknowledged"": true, ""reads"": [{""version"": 300, ""max_seen_before"": 299, ""violation"": false}, {""version"": 300, ""max_seen_before"": 300, ""violation"": false}]}"
20260919T061541Z_e9cd871b,301,normal,1789798545.8592494,1789798545.872868,13.407,0,13.407,pass,,read_secondary,"{""background_write_acknowledged"": true, ""reads"": [{""version"": 301, ""max_seen_before"": 300, ""violation"": false}, {""version"": 301, ""max_seen_before"": 301, ""violation"": false}]}"
20260919T061541Z_e9cd871b,302,normal,1789798545.872868,1789798545.8869035,13.979,0,13.979,pass,,read_secondary,"{""background_write_acknowledged"": true, ""reads"": [{""version"": 302, ""max_seen_before"": 301, ""violation"": false}, {""version"": 302, ""max_seen_before"": 302, ""violation"": false}]}"
20260919T061541Z_e9cd871b,303,normal,1789798545.8869035,1789798545.9008698,13.797,0,13.797,pass,,read_secondary,"{""background_write_acknowledged"": true, ""reads"": [{""version"": 303, ""max_seen_before"": 302, ""violation"": false}, {""version"": 303, ""max_seen_before"": 303, ""violation"": false}]}"
20260919T061541Z_e9cd871b,304,normal,1789798545.9008698,1789798545.9129229,12.541,0,12.541,pass,,read_secondary,"{""background_write_acknowledged"": true, ""reads"": [{""version"": 304, ""max_seen_before"": 303, ""violation"": false}, {""version"": 304, ""max_seen_before"": 304, ""violation"": false}]}"
20260919T061541Z_e9cd871b,305,normal,1789798545.9129229,1789798545.9261103,13.072,0,13.072,pass,,read_secondary,"{""background_write_acknowledged"": true, ""reads"": [{""version"": 305, ""max_seen_before"": 304, ""violation"": false}, {""version"": 305, ""max_seen_before"": 305, ""violation"": false}]}"
20260919T061541Z_e9cd871b,306,normal,1789798545.9268882,1789798545.939015,12.407,0,12.407,pass,,read_secondary,"{""background_write_acknowledged"": true, ""reads"": [{""version"": 306, ""max_seen_before"": 305, ""violation"": false}, {""version"": 306, ""max_seen_before"": 306, ""violation"": false}]}"
20260919T061541Z_e9cd871b,307,normal,1789798545.939015,1789798545.952106,13.126,0,13.126,pass,,read_secondary,"{""background_write_acknowledged"": true, ""reads"": [{""version"": 307, ""max_seen_before"": 306, ""violation"": false}, {""version"": 307, ""max_seen_before"": 307, ""violation"": false}]}"
20260919T061541Z_e9cd871b,308,normal,1789798545.952106,1789798545.9646633,12.478,0,12.478,pass,,read_secondary,"{""background_write_acknowledged"": true, ""reads"": [{""version"": 308, ""max_seen_before"": 307, ""violation"": false}, {""version"": 308, ""max_seen_before"": 308, ""violation"": false}]}"
20260919T061541Z_e9cd871b,309,normal,1789798545.9646633,1789798545.9779172,12.71,0,12.71,pass,,read_secondary,"{""background_write_acknowledged"": true, ""reads"": [{""version"": 309, ""max_seen_before"": 308, ""violation"": false}, {""version"": 309, ""max_seen_before"": 309, ""violation"": false}]}"
20260919T061541Z_e9cd871b,310,normal,1789798545.9779172,1789798545.990384,12.865,0,12.865,pass,,read_secondary,"{""background_write_acknowledged"": true, ""reads"": [{""version"": 310, ""max_seen_before"": 309, ""violation"": false}, {""version"": 310, ""max_seen_before"": 310, ""violation"": false}]}"
20260919T061541Z_e9cd871b,311,normal,1789798545.9909647,1789798546.0030174,12.423,0,12.423,pass,,read_secondary,"{""background_write_acknowledged"": true, ""reads"": [{""version"": 311, ""max_seen_before"": 310, ""violation"": false}, {""version"": 311, ""max_seen_before"": 311, ""violation"": false}]}"
20260919T061541Z_e9cd871b,312,normal,1789798546.0030174,1789798546.015005,11.991,0,11.991,pass,,read_secondary,"{""background_write_acknowledged"": true, ""reads"": [{""version"": 312, ""max_seen_before"": 311, ""violation"": false}, {""version"": 312, ""max_seen_before"": 312, ""violation"": false}]}"
20260919T061541Z_e9cd871b,313,normal,1789798546.0155632,1789798546.0288932,13.464,0,13.464,pass,,read_secondary,"{""background_write_acknowledged"": true, ""reads"": [{""version"": 313, ""max_seen_before"": 312, ""violation"": false}, {""version"": 313, ""max_seen_before"": 313, ""violation"": false}]}"
20260919T061541Z_e9cd871b,314,normal,1789798546.0288932,1789798546.0406315,11.922,0,11.922,pass,,read_secondary,"{""background_write_acknowledged"": true, ""reads"": [{""version"": 314, ""max_seen_before"": 313, ""violation"": false}, {""version"": 314, ""max_seen_before"": 314, ""violation"": false}]}"
20260919T061541Z_e9cd871b,315,normal,1789798546.0406315,1789798546.0538332,12.949,0,12.949,pass,,read_secondary,"{""background_write_acknowledged"": true, ""reads"": [{""version"": 315, ""max_seen_before"": 314, ""violation"": false}, {""version"": 315, ""max_seen_before"": 315, ""violation"": false}]}"
20260919T061541Z_e9cd871b,316,normal,1789798546.0538332,1789798546.066954,12.865,0,12.865,pass,,read_secondary,"{""background_write_acknowledged"": true, ""reads"": [{""version"": 316, ""max_seen_before"": 315, ""violation"": false}, {""version"": 316, ""max_seen_before"": 316, ""violation"": false}]}"
20260919T061541Z_e9cd871b,317,normal,1789798546.066954,1789798546.079779,12.852,0,12.852,pass,,read_secondary,"{""background_write_acknowledged"": true, ""reads"": [{""version"": 317, ""max_seen_before"": 316, ""violation"": false}, {""version"": 317, ""max_seen_before"": 317, ""violation"": false}]}"
20260919T061541Z_e9cd871b,318,normal,1789798546.079779,1789798546.0937996,13.838,0,13.838,pass,,read_secondary,"{""background_write_acknowledged"": true, ""reads"": [{""version"": 318, ""max_seen_before"": 317, ""violation"": false}, {""version"": 318, ""max_seen_before"": 318, ""violation"": false}]}"
20260919T061541Z_e9cd871b,319,normal,1789798546.0937996,1789798546.1076138,14.034,0,14.034,pass,,read_secondary,"{""background_write_acknowledged"": true, ""reads"": [{""version"": 319, ""max_seen_before"": 318, ""violation"": false}, {""version"": 319, ""max_seen_before"": 319, ""violation"": false}]}"
20260919T061541Z_e9cd871b,320,normal,1789798546.1082323,1789798546.122382,14.547,0,14.547,pass,,read_secondary,"{""background_write_acknowledged"": true, ""reads"": [{""version"": 320, ""max_seen_before"": 319, ""violation"": false}, {""version"": 320, ""max_seen_before"": 320, ""violation"": false}]}"
20260919T061541Z_e9cd871b,321,normal,1789798546.122382,1789798546.1366177,13.651,0,13.651,pass,,read_secondary,"{""background_write_acknowledged"": true, ""reads"": [{""version"": 321, ""max_seen_before"": 320, ""violation"": false}, {""version"": 321, ""max_seen_before"": 321, ""violation"": false}]}"
20260919T061541Z_e9cd871b,322,normal,1789798546.1366177,1789798546.1490004,12.674,0,12.674,pass,,read_secondary,"{""background_write_acknowledged"": true, ""reads"": [{""version"": 322, ""max_seen_before"": 321, ""violation"": false}, {""version"": 322, ""max_seen_before"": 322, ""violation"": false}]}"
20260919T061541Z_e9cd871b,323,normal,1789798546.149563,1789798546.1617858,12.66,0,12.66,pass,,read_secondary,"{""background_write_acknowledged"": true, ""reads"": [{""version"": 323, ""max_seen_before"": 322, ""violation"": false}, {""version"": 323, ""max_seen_before"": 323, ""violation"": false}]}"
20260919T061541Z_e9cd871b,324,normal,1789798546.1617858,1789798546.174996,13.246,0,13.246,pass,,read_secondary,"{""background_write_acknowledged"": true, ""reads"": [{""version"": 324, ""max_seen_before"": 323, ""violation"": false}, {""version"": 324, ""max_seen_before"": 324, ""violation"": false}]}"
20260919T061541Z_e9cd871b,325,normal,1789798546.175654,1789798546.1881244,12.501,0,12.501,pass,,read_secondary,"{""background_write_acknowledged"": true, ""reads"": [{""version"": 325, ""max_seen_before"": 324, ""violation"": false}, {""version"": 325, ""max_seen_before"": 325, ""violation"": false}]}"
20260919T061541Z_e9cd871b,326,normal,1789798546.1881244,1789798546.2014241,13.411,0,13.411,pass,,read_secondary,"{""background_write_acknowledged"": true, ""reads"": [{""version"": 326, ""max_seen_before"": 325, ""violation"": false}, {""version"": 326, ""max_seen_before"": 326, ""violation"": false}]}"
20260919T061541Z_e9cd871b,327,normal,1789798546.2014241,1789798546.2146642,13.094,0,13.094,pass,,read_secondary,"{""background_write_acknowledged"": true, ""reads"": [{""version"": 327, ""max_seen_before"": 326, ""violation"": false}, {""version"": 327, ""max_seen_before"": 327, ""violation"": false}]}"
20260919T061541Z_e9cd871b,328,normal,1789798546.2146642,1789798546.2274203,12.416,0,12.416,pass,,read_secondary,"{""background_write_acknowledged"": true, ""reads"": [{""version"": 328, ""max_seen_before"": 327, ""violation"": false}, {""version"": 328, ""max_seen_before"": 328, ""violation"": false}]}"
20260919T061541Z_e9cd871b,329,normal,1789798546.2274203,1789798546.240443,13.154,0,13.154,pass,,read_secondary,"{""background_write_acknowledged"": true, ""reads"": [{""version"": 329, ""max_seen_before"": 328, ""violation"": false}, {""version"": 329, ""max_seen_before"": 329, ""violation"": false}]}"
20260919T061541Z_e9cd871b,330,normal,1789798546.240443,1789798546.2541268,13.556,0,13.556,pass,,read_secondary,"{""background_write_acknowledged"": true, ""reads"": [{""version"": 330, ""max_seen_before"": 329, ""violation"": false}, {""version"": 330, ""max_seen_before"": 330, ""violation"": false}]}"
20260919T061541Z_e9cd871b,331,normal,1789798546.2541268,1789798546.266757,12.855,0,12.855,pass,,read_secondary,"{""background_write_acknowledged"": true, ""reads"": [{""version"": 331, ""max_seen_before"": 330, ""violation"": false}, {""version"": 331, ""max_seen_before"": 331, ""violation"": false}]}"
20260919T061541Z_e9cd871b,332,normal,1789798546.2673607,1789798546.2823772,15.307,0,15.307,pass,,read_secondary,"{""background_write_acknowledged"": true, ""reads"": [{""version"": 332, ""max_seen_before"": 331, ""violation"": false}, {""version"": 332, ""max_seen_before"": 332, ""violation"": false}]}"
20260919T061541Z_e9cd871b,333,normal,1789798546.2823772,1789798546.2956748,13.186,0,13.186,pass,,read_secondary,"{""background_write_acknowledged"": true, ""reads"": [{""version"": 333, ""max_seen_before"": 332, ""violation"": false}, {""version"": 333, ""max_seen_before"": 333, ""violation"": false}]}"
20260919T061541Z_e9cd871b,334,normal,1789798546.2956748,1789798546.3084877,12.797,0,12.797,pass,,read_secondary,"{""background_write_acknowledged"": true, ""reads"": [{""version"": 334, ""max_seen_before"": 333, ""violation"": false}, {""version"": 334, ""max_seen_before"": 334, ""violation"": false}]}"
20260919T061541Z_e9cd871b,335,normal,1789798546.3084877,1789798546.3222291,13.768,0,13.768,pass,,read_secondary,"{""background_write_acknowledged"": true, ""reads"": [{""version"": 335, ""max_seen_before"": 334, ""violation"": false}, {""version"": 335, ""max_seen_before"": 335, ""violation"": false}]}"
20260919T061541Z_e9cd871b,336,normal,1789798546.3228428,1789798546.3354251,13.002,0,13.002,pass,,read_secondary,"{""background_write_acknowledged"": true, ""reads"": [{""version"": 336, ""max_seen_before"": 335, ""violation"": false}, {""version"": 336, ""max_seen_before"": 336, ""violation"": false}]}"
20260919T061541Z_e9cd871b,337,normal,1789798546.3354251,1789798546.3471653,11.541,0,11.541,pass,,read_secondary,"{""background_write_acknowledged"": true, ""reads"": [{""version"": 337, ""max_seen_before"": 336, ""violation"": false}, {""version"": 337, ""max_seen_before"": 337, ""violation"": false}]}"
20260919T061541Z_e9cd871b,338,normal,1789798546.3471653,1789798546.358299,10.962,0,10.962,pass,,read_secondary,"{""background_write_acknowledged"": true, ""reads"": [{""version"": 338, ""max_seen_before"": 337, ""violation"": false}, {""version"": 338, ""max_seen_before"": 338, ""violation"": false}]}"
20260919T061541Z_e9cd871b,339,normal,1789798546.358299,1789798546.3699522,11.783,0,11.783,pass,,read_secondary,"{""background_write_acknowledged"": true, ""reads"": [{""version"": 339, ""max_seen_before"": 338, ""violation"": false}, {""version"": 339, ""max_seen_before"": 339, ""violation"": false}]}"
20260919T061541Z_e9cd871b,340,normal,1789798546.3704581,1789798546.3825228,12.016,0,12.016,pass,,read_secondary,"{""background_write_acknowledged"": true, ""reads"": [{""version"": 340, ""max_seen_before"": 339, ""violation"": false}, {""version"": 340, ""max_seen_before"": 340, ""violation"": false}]}"
20260919T061541Z_e9cd871b,341,normal,1789798546.3825228,1789798546.3969653,14.348,0,14.348,pass,,read_secondary,"{""background_write_acknowledged"": true, ""reads"": [{""version"": 341, ""max_seen_before"": 340, ""violation"": false}, {""version"": 341, ""max_seen_before"": 341, ""violation"": false}]}"
20260919T061541Z_e9cd871b,342,normal,1789798546.3969653,1789798546.4103754,13.843,0,13.843,pass,,read_secondary,"{""background_write_acknowledged"": true, ""reads"": [{""version"": 342, ""max_seen_before"": 341, ""violation"": false}, {""version"": 342, ""max_seen_before"": 342, ""violation"": false}]}"
20260919T061541Z_e9cd871b,343,normal,1789798546.4103754,1789798546.4255304,14.69,0,14.69,pass,,read_secondary,"{""background_write_acknowledged"": true, ""reads"": [{""version"": 343, ""max_seen_before"": 342, ""violation"": false}, {""version"": 343, ""max_seen_before"": 343, ""violation"": false}]}"
20260919T061541Z_e9cd871b,344,normal,1789798546.4255304,1789798546.439584,13.959,0,13.959,pass,,read_secondary,"{""background_write_acknowledged"": true, ""reads"": [{""version"": 344, ""max_seen_before"": 343, ""violation"": false}, {""version"": 344, ""max_seen_before"": 344, ""violation"": false}]}"
20260919T061541Z_e9cd871b,345,normal,1789798546.439584,1789798546.453645,13.775,0,13.775,pass,,read_secondary,"{""background_write_acknowledged"": true, ""reads"": [{""version"": 345, ""max_seen_before"": 344, ""violation"": false}, {""version"": 345, ""max_seen_before"": 345, ""violation"": false}]}"
20260919T061541Z_e9cd871b,346,normal,1789798546.453645,1789798546.4658337,12.685,0,12.685,pass,,read_secondary,"{""background_write_acknowledged"": true, ""reads"": [{""version"": 346, ""max_seen_before"": 345, ""violation"": false}, {""version"": 346, ""max_seen_before"": 346, ""violation"": false}]}"
20260919T061541Z_e9cd871b,347,normal,1789798546.4665382,1789798546.4773884,10.934,0,10.934,pass,,read_secondary,"{""background_write_acknowledged"": true, ""reads"": [{""version"": 347, ""max_seen_before"": 346, ""violation"": false}, {""version"": 347, ""max_seen_before"": 347, ""violation"": false}]}"
20260919T061541Z_e9cd871b,348,normal,1789798546.4773884,1789798546.489151,12.066,0,12.066,pass,,read_secondary,"{""background_write_acknowledged"": true, ""reads"": [{""version"": 348, ""max_seen_before"": 347, ""violation"": false}, {""version"": 348, ""max_seen_before"": 348, ""violation"": false}]}"
20260919T061541Z_e9cd871b,349,normal,1789798546.48967,1789798546.501634,11.978,0,11.978,pass,,read_secondary,"{""background_write_acknowledged"": true, ""reads"": [{""version"": 349, ""max_seen_before"": 348, ""violation"": false}, {""version"": 349, ""max_seen_before"": 349, ""violation"": false}]}"
20260919T061541Z_e9cd871b,350,normal,1789798546.501634,1789798546.512934,11.227,0,11.227,pass,,read_secondary,"{""background_write_acknowledged"": true, ""reads"": [{""version"": 350, ""max_seen_before"": 349, ""violation"": false}, {""version"": 350, ""max_seen_before"": 350, ""violation"": false}]}"
20260919T061541Z_e9cd871b,351,normal,1789798546.512934,1789798546.5239456,11.119,0,11.119,pass,,read_secondary,"{""background_write_acknowledged"": true, ""reads"": [{""version"": 351, ""max_seen_before"": 350, ""violation"": false}, {""version"": 351, ""max_seen_before"": 351, ""violation"": false}]}"
20260919T061541Z_e9cd871b,352,normal,1789798546.5239456,1789798546.534906,10.82,0,10.82,pass,,read_secondary,"{""background_write_acknowledged"": true, ""reads"": [{""version"": 352, ""max_seen_before"": 351, ""violation"": false}, {""version"": 352, ""max_seen_before"": 352, ""violation"": false}]}"
20260919T061541Z_e9cd871b,353,normal,1789798546.534906,1789798546.5454872,10.895,0,10.895,pass,,read_secondary,"{""background_write_acknowledged"": true, ""reads"": [{""version"": 353, ""max_seen_before"": 352, ""violation"": false}, {""version"": 353, ""max_seen_before"": 353, ""violation"": false}]}"
20260919T061541Z_e9cd871b,354,normal,1789798546.546123,1789798546.5575044,11.372,0,11.372,pass,,read_secondary,"{""background_write_acknowledged"": true, ""reads"": [{""version"": 354, ""max_seen_before"": 353, ""violation"": false}, {""version"": 354, ""max_seen_before"": 354, ""violation"": false}]}"
20260919T061541Z_e9cd871b,355,normal,1789798546.5575044,1789798546.5691073,11.828,0,11.828,pass,,read_secondary,"{""background_write_acknowledged"": true, ""reads"": [{""version"": 355, ""max_seen_before"": 354, ""violation"": false}, {""version"": 355, ""max_seen_before"": 355, ""violation"": false}]}"
20260919T061541Z_e9cd871b,356,normal,1789798546.5691073,1789798546.5800781,11.12,0,11.12,pass,,read_secondary,"{""background_write_acknowledged"": true, ""reads"": [{""version"": 356, ""max_seen_before"": 355, ""violation"": false}, {""version"": 356, ""max_seen_before"": 356, ""violation"": false}]}"
20260919T061541Z_e9cd871b,357,normal,1789798546.5807106,1789798546.5927331,12.067,0,12.067,pass,,read_secondary,"{""background_write_acknowledged"": true, ""reads"": [{""version"": 357, ""max_seen_before"": 356, ""violation"": false}, {""version"": 357, ""max_seen_before"": 357, ""violation"": false}]}"
20260919T061541Z_e9cd871b,358,normal,1789798546.5927331,1789798546.6041908,11.676,0,11.676,pass,,read_secondary,"{""background_write_acknowledged"": true, ""reads"": [{""version"": 358, ""max_seen_before"": 357, ""violation"": false}, {""version"": 358, ""max_seen_before"": 358, ""violation"": false}]}"
20260919T061541Z_e9cd871b,359,normal,1789798546.6041908,1789798546.6165426,12.039,0,12.039,pass,,read_secondary,"{""background_write_acknowledged"": true, ""reads"": [{""version"": 359, ""max_seen_before"": 358, ""violation"": false}, {""version"": 359, ""max_seen_before"": 359, ""violation"": false}]}"
20260919T061541Z_e9cd871b,360,normal,1789798546.6165426,1789798546.6285121,11.996,0,11.996,pass,,read_secondary,"{""background_write_acknowledged"": true, ""reads"": [{""version"": 360, ""max_seen_before"": 359, ""violation"": false}, {""version"": 360, ""max_seen_before"": 360, ""violation"": false}]}"
20260919T061541Z_e9cd871b,361,normal,1789798546.6285121,1789798546.640307,11.599,0,11.599,pass,,read_secondary,"{""background_write_acknowledged"": true, ""reads"": [{""version"": 361, ""max_seen_before"": 360, ""violation"": false}, {""version"": 361, ""max_seen_before"": 361, ""violation"": false}]}"
20260919T061541Z_e9cd871b,362,normal,1789798546.640307,1789798546.6523223,11.943,0,11.943,pass,,read_secondary,"{""background_write_acknowledged"": true, ""reads"": [{""version"": 362, ""max_seen_before"": 361, ""violation"": false}, {""version"": 362, ""max_seen_before"": 362, ""violation"": false}]}"
20260919T061541Z_e9cd871b,363,normal,1789798546.6523223,1789798546.6647053,12.564,0,12.564,pass,,read_secondary,"{""background_write_acknowledged"": true, ""reads"": [{""version"": 363, ""max_seen_before"": 362, ""violation"": false}, {""version"": 363, ""max_seen_before"": 363, ""violation"": false}]}"
20260919T061541Z_e9cd871b,364,normal,1789798546.665222,1789798546.677964,13.277,0,13.277,pass,,read_secondary,"{""background_write_acknowledged"": true, ""reads"": [{""version"": 364, ""max_seen_before"": 363, ""violation"": false}, {""version"": 364, ""max_seen_before"": 364, ""violation"": false}]}"
20260919T061541Z_e9cd871b,365,normal,1789798546.677964,1789798546.6942053,15.634,0,15.634,pass,,read_secondary,"{""background_write_acknowledged"": true, ""reads"": [{""version"": 365, ""max_seen_before"": 364, ""violation"": false}, {""version"": 365, ""max_seen_before"": 365, ""violation"": false}]}"
20260919T061541Z_e9cd871b,366,normal,1789798546.6942053,1789798546.7063437,12.448,0,12.448,pass,,read_secondary,"{""background_write_acknowledged"": true, ""reads"": [{""version"": 366, ""max_seen_before"": 365, ""violation"": false}, {""version"": 366, ""max_seen_before"": 366, ""violation"": false}]}"
20260919T061541Z_e9cd871b,367,normal,1789798546.7068732,1789798546.7191386,12.572,0,12.572,pass,,read_secondary,"{""background_write_acknowledged"": true, ""reads"": [{""version"": 367, ""max_seen_before"": 366, ""violation"": false}, {""version"": 367, ""max_seen_before"": 367, ""violation"": false}]}"
20260919T061541Z_e9cd871b,368,normal,1789798546.7191386,1789798546.7344768,15.301,0,15.301,pass,,read_secondary,"{""background_write_acknowledged"": true, ""reads"": [{""version"": 368, ""max_seen_before"": 367, ""violation"": false}, {""version"": 368, ""max_seen_before"": 368, ""violation"": false}]}"
20260919T061541Z_e9cd871b,369,normal,1789798546.7344768,1789798546.7501142,15.265,0,15.265,pass,,read_secondary,"{""background_write_acknowledged"": true, ""reads"": [{""version"": 369, ""max_seen_before"": 368, ""violation"": false}, {""version"": 369, ""max_seen_before"": 369, ""violation"": false}]}"
20260919T061541Z_e9cd871b,370,normal,1789798546.7501142,1789798546.7661562,16.05,0,16.05,pass,,read_secondary,"{""background_write_acknowledged"": true, ""reads"": [{""version"": 370, ""max_seen_before"": 369, ""violation"": false}, {""version"": 370, ""max_seen_before"": 370, ""violation"": false}]}"
20260919T061541Z_e9cd871b,371,normal,1789798546.7661562,1789798546.7827048,16.386,0,16.386,pass,,read_secondary,"{""background_write_acknowledged"": true, ""reads"": [{""version"": 371, ""max_seen_before"": 370, ""violation"": false}, {""version"": 371, ""max_seen_before"": 371, ""violation"": false}]}"
20260919T061541Z_e9cd871b,372,normal,1789798546.7827048,1789798546.797765,14.956,0,14.956,pass,,read_secondary,"{""background_write_acknowledged"": true, ""reads"": [{""version"": 372, ""max_seen_before"": 371, ""violation"": false}, {""version"": 372, ""max_seen_before"": 372, ""violation"": false}]}"
20260919T061541Z_e9cd871b,373,normal,1789798546.797765,1789798546.8097124,12.115,0,12.115,pass,,read_secondary,"{""background_write_acknowledged"": true, ""reads"": [{""version"": 373, ""max_seen_before"": 372, ""violation"": false}, {""version"": 373, ""max_seen_before"": 373, ""violation"": false}]}"
20260919T061541Z_e9cd871b,374,normal,1789798546.810266,1789798546.825072,14.971,0,14.971,pass,,read_secondary,"{""background_write_acknowledged"": true, ""reads"": [{""version"": 374, ""max_seen_before"": 373, ""violation"": false}, {""version"": 374, ""max_seen_before"": 374, ""violation"": false}]}"
20260919T061541Z_e9cd871b,375,normal,1789798546.825072,1789798546.8380826,13.036,0,13.036,pass,,read_secondary,"{""background_write_acknowledged"": true, ""reads"": [{""version"": 375, ""max_seen_before"": 374, ""violation"": false}, {""version"": 375, ""max_seen_before"": 375, ""violation"": false}]}"
20260919T061541Z_e9cd871b,376,normal,1789798546.8380826,1789798546.8531277,15.077,0,15.077,pass,,read_secondary,"{""background_write_acknowledged"": true, ""reads"": [{""version"": 376, ""max_seen_before"": 375, ""violation"": false}, {""version"": 376, ""max_seen_before"": 376, ""violation"": false}]}"
20260919T061541Z_e9cd871b,377,normal,1789798546.8531277,1789798546.8687012,15.353,0,15.353,pass,,read_secondary,"{""background_write_acknowledged"": true, ""reads"": [{""version"": 377, ""max_seen_before"": 376, ""violation"": false}, {""version"": 377, ""max_seen_before"": 377, ""violation"": false}]}"
20260919T061541Z_e9cd871b,378,normal,1789798546.8687012,1789798546.882929,13.879,0,13.879,pass,,read_secondary,"{""background_write_acknowledged"": true, ""reads"": [{""version"": 378, ""max_seen_before"": 377, ""violation"": false}, {""version"": 378, ""max_seen_before"": 378, ""violation"": false}]}"
20260919T061541Z_e9cd871b,379,normal,1789798546.882929,1789798546.895583,12.424,0,12.424,pass,,read_secondary,"{""background_write_acknowledged"": true, ""reads"": [{""version"": 379, ""max_seen_before"": 378, ""violation"": false}, {""version"": 379, ""max_seen_before"": 379, ""violation"": false}]}"
20260919T061541Z_e9cd871b,380,normal,1789798546.895583,1789798546.9071162,11.41,0,11.41,pass,,read_secondary,"{""background_write_acknowledged"": true, ""reads"": [{""version"": 380, ""max_seen_before"": 379, ""violation"": false}, {""version"": 380, ""max_seen_before"": 380, ""violation"": false}]}"
20260919T061541Z_e9cd871b,381,normal,1789798546.9071162,1789798546.9172745,10.332,0,10.332,pass,,read_secondary,"{""background_write_acknowledged"": true, ""reads"": [{""version"": 381, ""max_seen_before"": 380, ""violation"": false}, {""version"": 381, ""max_seen_before"": 381, ""violation"": false}]}"
20260919T061541Z_e9cd871b,382,normal,1789798546.9172745,1789798546.9285796,11.064,0,11.064,pass,,read_secondary,"{""background_write_acknowledged"": true, ""reads"": [{""version"": 382, ""max_seen_before"": 381, ""violation"": false}, {""version"": 382, ""max_seen_before"": 382, ""violation"": false}]}"
20260919T061541Z_e9cd871b,383,normal,1789798546.9285796,1789798546.9391713,11.137,0,11.137,pass,,read_secondary,"{""background_write_acknowledged"": true, ""reads"": [{""version"": 383, ""max_seen_before"": 382, ""violation"": false}, {""version"": 383, ""max_seen_before"": 383, ""violation"": false}]}"
20260919T061541Z_e9cd871b,384,normal,1789798546.9391713,1789798546.9534526,14.178,0,14.178,pass,,read_secondary,"{""background_write_acknowledged"": true, ""reads"": [{""version"": 384, ""max_seen_before"": 383, ""violation"": false}, {""version"": 384, ""max_seen_before"": 384, ""violation"": false}]}"
20260919T061541Z_e9cd871b,385,normal,1789798546.9541593,1789798546.9669583,13.29,0,13.29,pass,,read_secondary,"{""background_write_acknowledged"": true, ""reads"": [{""version"": 385, ""max_seen_before"": 384, ""violation"": false}, {""version"": 385, ""max_seen_before"": 385, ""violation"": false}]}"
20260919T061541Z_e9cd871b,386,normal,1789798546.9675019,1789798546.9792676,12.153,0,12.153,pass,,read_secondary,"{""background_write_acknowledged"": true, ""reads"": [{""version"": 386, ""max_seen_before"": 385, ""violation"": false}, {""version"": 386, ""max_seen_before"": 386, ""violation"": false}]}"
20260919T061541Z_e9cd871b,387,normal,1789798546.979776,1789798546.9913142,11.738,0,11.738,pass,,read_secondary,"{""background_write_acknowledged"": true, ""reads"": [{""version"": 387, ""max_seen_before"": 386, ""violation"": false}, {""version"": 387, ""max_seen_before"": 387, ""violation"": false}]}"
20260919T061541Z_e9cd871b,388,normal,1789798546.9913142,1789798547.0030634,11.603,0,11.603,pass,,read_secondary,"{""background_write_acknowledged"": true, ""reads"": [{""version"": 388, ""max_seen_before"": 387, ""violation"": false}, {""version"": 388, ""max_seen_before"": 388, ""violation"": false}]}"
20260919T061541Z_e9cd871b,389,normal,1789798547.0030634,1789798547.016716,13.823,0,13.823,pass,,read_secondary,"{""background_write_acknowledged"": true, ""reads"": [{""version"": 389, ""max_seen_before"": 388, ""violation"": false}, {""version"": 389, ""max_seen_before"": 389, ""violation"": false}]}"
20260919T061541Z_e9cd871b,390,normal,1789798547.0172236,1789798547.028083,11.461,0,11.461,pass,,read_secondary,"{""background_write_acknowledged"": true, ""reads"": [{""version"": 390, ""max_seen_before"": 389, ""violation"": false}, {""version"": 390, ""max_seen_before"": 390, ""violation"": false}]}"
20260919T061541Z_e9cd871b,391,normal,1789798547.028083,1789798547.0400562,11.337,0,11.337,pass,,read_secondary,"{""background_write_acknowledged"": true, ""reads"": [{""version"": 391, ""max_seen_before"": 390, ""violation"": false}, {""version"": 391, ""max_seen_before"": 391, ""violation"": false}]}"
20260919T061541Z_e9cd871b,392,normal,1789798547.0400562,1789798547.0516262,11.813,0,11.813,pass,,read_secondary,"{""background_write_acknowledged"": true, ""reads"": [{""version"": 392, ""max_seen_before"": 391, ""violation"": false}, {""version"": 392, ""max_seen_before"": 392, ""violation"": false}]}"
20260919T061541Z_e9cd871b,393,normal,1789798547.0516262,1789798547.0637674,12.139,0,12.139,pass,,read_secondary,"{""background_write_acknowledged"": true, ""reads"": [{""version"": 393, ""max_seen_before"": 392, ""violation"": false}, {""version"": 393, ""max_seen_before"": 393, ""violation"": false}]}"
20260919T061541Z_e9cd871b,394,normal,1789798547.0637674,1789798547.076326,12.166,0,12.166,pass,,read_secondary,"{""background_write_acknowledged"": true, ""reads"": [{""version"": 394, ""max_seen_before"": 393, ""violation"": false}, {""version"": 394, ""max_seen_before"": 394, ""violation"": false}]}"
20260919T061541Z_e9cd871b,395,normal,1789798547.076326,1789798547.0896459,13.497,0,13.497,pass,,read_secondary,"{""background_write_acknowledged"": true, ""reads"": [{""version"": 395, ""max_seen_before"": 394, ""violation"": false}, {""version"": 395, ""max_seen_before"": 395, ""violation"": false}]}"
20260919T061541Z_e9cd871b,396,normal,1789798547.0896459,1789798547.1025321,12.976,0,12.976,pass,,read_secondary,"{""background_write_acknowledged"": true, ""reads"": [{""version"": 396, ""max_seen_before"": 395, ""violation"": false}, {""version"": 396, ""max_seen_before"": 396, ""violation"": false}]}"
20260919T061541Z_e9cd871b,397,normal,1789798547.1025321,1789798547.1177797,15.01,0,15.01,pass,,read_secondary,"{""background_write_acknowledged"": true, ""reads"": [{""version"": 397, ""max_seen_before"": 396, ""violation"": false}, {""version"": 397, ""max_seen_before"": 397, ""violation"": false}]}"
20260919T061541Z_e9cd871b,398,normal,1789798547.1177797,1789798547.1308548,12.888,0,12.888,pass,,read_secondary,"{""background_write_acknowledged"": true, ""reads"": [{""version"": 398, ""max_seen_before"": 397, ""violation"": false}, {""version"": 398, ""max_seen_before"": 398, ""violation"": false}]}"
20260919T061541Z_e9cd871b,399,normal,1789798547.1308548,1789798547.1425803,11.359,0,11.359,pass,,read_secondary,"{""background_write_acknowledged"": true, ""reads"": [{""version"": 399, ""max_seen_before"": 398, ""violation"": false}, {""version"": 399, ""max_seen_before"": 399, ""violation"": false}]}"
20260919T061541Z_e9cd871b,400,normal,1789798547.1425803,1789798547.1546772,12.231,0,12.231,pass,,read_secondary,"{""background_write_acknowledged"": true, ""reads"": [{""version"": 400, ""max_seen_before"": 399, ""violation"": false}, {""version"": 400, ""max_seen_before"": 400, ""violation"": false}]}"
20260919T061541Z_e9cd871b,401,normal,1789798547.1571069,1789798547.1700206,12.596,0,12.596,pass,,read_secondary,"{""background_write_acknowledged"": true, ""reads"": [{""version"": 401, ""max_seen_before"": 400, ""violation"": false}, {""version"": 401, ""max_seen_before"": 401, ""violation"": false}]}"
20260919T061541Z_e9cd871b,402,normal,1789798547.1700206,1789798547.1814632,11.504,0,11.504,pass,,read_secondary,"{""background_write_acknowledged"": true, ""reads"": [{""version"": 402, ""max_seen_before"": 401, ""violation"": false}, {""version"": 402, ""max_seen_before"": 402, ""violation"": false}]}"
20260919T061541Z_e9cd871b,403,normal,1789798547.1814632,1789798547.1940823,12.505,0,12.505,pass,,read_secondary,"{""background_write_acknowledged"": true, ""reads"": [{""version"": 403, ""max_seen_before"": 402, ""violation"": false}, {""version"": 403, ""max_seen_before"": 403, ""violation"": false}]}"
20260919T061541Z_e9cd871b,404,normal,1789798547.1940823,1789798547.2068381,12.991,0,12.991,pass,,read_secondary,"{""background_write_acknowledged"": true, ""reads"": [{""version"": 404, ""max_seen_before"": 403, ""violation"": false}, {""version"": 404, ""max_seen_before"": 404, ""violation"": false}]}"
20260919T061541Z_e9cd871b,405,normal,1789798547.2068381,1789798547.2192004,12.135,0,12.135,pass,,read_secondary,"{""background_write_acknowledged"": true, ""reads"": [{""version"": 405, ""max_seen_before"": 404, ""violation"": false}, {""version"": 405, ""max_seen_before"": 405, ""violation"": false}]}"
20260919T061541Z_e9cd871b,406,normal,1789798547.2192004,1789798547.2306776,10.99,0,10.99,pass,,read_secondary,"{""background_write_acknowledged"": true, ""reads"": [{""version"": 406, ""max_seen_before"": 405, ""violation"": false}, {""version"": 406, ""max_seen_before"": 406, ""violation"": false}]}"
20260919T061541Z_e9cd871b,407,normal,1789798547.2306776,1789798547.241426,11.055,0,11.055,pass,,read_secondary,"{""background_write_acknowledged"": true, ""reads"": [{""version"": 407, ""max_seen_before"": 406, ""violation"": false}, {""version"": 407, ""max_seen_before"": 407, ""violation"": false}]}"
20260919T061541Z_e9cd871b,408,normal,1789798547.241426,1789798547.253915,12.123,0,12.123,pass,,read_secondary,"{""background_write_acknowledged"": true, ""reads"": [{""version"": 408, ""max_seen_before"": 407, ""violation"": false}, {""version"": 408, ""max_seen_before"": 408, ""violation"": false}]}"
20260919T061541Z_e9cd871b,409,normal,1789798547.253915,1789798547.2678907,13.751,0,13.751,pass,,read_secondary,"{""background_write_acknowledged"": true, ""reads"": [{""version"": 409, ""max_seen_before"": 408, ""violation"": false}, {""version"": 409, ""max_seen_before"": 409, ""violation"": false}]}"
20260919T061541Z_e9cd871b,410,normal,1789798547.2678907,1789798547.2803109,12.464,0,12.464,pass,,read_secondary,"{""background_write_acknowledged"": true, ""reads"": [{""version"": 410, ""max_seen_before"": 409, ""violation"": false}, {""version"": 410, ""max_seen_before"": 410, ""violation"": false}]}"
20260919T061541Z_e9cd871b,411,normal,1789798547.2806664,1789798547.2958765,15.693,0,15.693,pass,,read_secondary,"{""background_write_acknowledged"": true, ""reads"": [{""version"": 411, ""max_seen_before"": 410, ""violation"": false}, {""version"": 411, ""max_seen_before"": 411, ""violation"": false}]}"
20260919T061541Z_e9cd871b,412,normal,1789798547.2965615,1789798547.3107035,14.682,0,14.682,pass,,read_secondary,"{""background_write_acknowledged"": true, ""reads"": [{""version"": 412, ""max_seen_before"": 411, ""violation"": false}, {""version"": 412, ""max_seen_before"": 412, ""violation"": false}]}"
20260919T061541Z_e9cd871b,413,normal,1789798547.3107035,1789798547.3247023,13.317,0,13.317,pass,,read_secondary,"{""background_write_acknowledged"": true, ""reads"": [{""version"": 413, ""max_seen_before"": 412, ""violation"": false}, {""version"": 413, ""max_seen_before"": 413, ""violation"": false}]}"
20260919T061541Z_e9cd871b,414,normal,1789798547.3247023,1789798547.3372931,13.087,0,13.087,pass,,read_secondary,"{""background_write_acknowledged"": true, ""reads"": [{""version"": 414, ""max_seen_before"": 413, ""violation"": false}, {""version"": 414, ""max_seen_before"": 414, ""violation"": false}]}"
20260919T061541Z_e9cd871b,415,normal,1789798547.3379946,1789798547.3502686,12.702,0,12.702,pass,,read_secondary,"{""background_write_acknowledged"": true, ""reads"": [{""version"": 415, ""max_seen_before"": 414, ""violation"": false}, {""version"": 415, ""max_seen_before"": 415, ""violation"": false}]}"
20260919T061541Z_e9cd871b,416,normal,1789798547.3502686,1789798547.3630824,12.473,0,12.473,pass,,read_secondary,"{""background_write_acknowledged"": true, ""reads"": [{""version"": 416, ""max_seen_before"": 415, ""violation"": false}, {""version"": 416, ""max_seen_before"": 416, ""violation"": false}]}"
20260919T061541Z_e9cd871b,417,normal,1789798547.3630824,1789798547.3756967,12.566,0,12.566,pass,,read_secondary,"{""background_write_acknowledged"": true, ""reads"": [{""version"": 417, ""max_seen_before"": 416, ""violation"": false}, {""version"": 417, ""max_seen_before"": 417, ""violation"": false}]}"
20260919T061541Z_e9cd871b,418,normal,1789798547.3756967,1789798547.3874195,11.862,0,11.862,pass,,read_secondary,"{""background_write_acknowledged"": true, ""reads"": [{""version"": 418, ""max_seen_before"": 417, ""violation"": false}, {""version"": 418, ""max_seen_before"": 418, ""violation"": false}]}"
20260919T061541Z_e9cd871b,419,normal,1789798547.3874195,1789798547.4007127,12.999,0,12.999,pass,,read_secondary,"{""background_write_acknowledged"": true, ""reads"": [{""version"": 419, ""max_seen_before"": 418, ""violation"": false}, {""version"": 419, ""max_seen_before"": 419, ""violation"": false}]}"
20260919T061541Z_e9cd871b,420,normal,1789798547.4007127,1789798547.4145725,13.989,0,13.989,pass,,read_secondary,"{""background_write_acknowledged"": true, ""reads"": [{""version"": 420, ""max_seen_before"": 419, ""violation"": false}, {""version"": 420, ""max_seen_before"": 420, ""violation"": false}]}"
20260919T061541Z_e9cd871b,421,normal,1789798547.4145725,1789798547.4280288,13.294,0,13.294,pass,,read_secondary,"{""background_write_acknowledged"": true, ""reads"": [{""version"": 421, ""max_seen_before"": 420, ""violation"": false}, {""version"": 421, ""max_seen_before"": 421, ""violation"": false}]}"
20260919T061541Z_e9cd871b,422,normal,1789798547.4280288,1789798547.4387345,10.865,0,10.865,pass,,read_secondary,"{""background_write_acknowledged"": true, ""reads"": [{""version"": 422, ""max_seen_before"": 421, ""violation"": false}, {""version"": 422, ""max_seen_before"": 422, ""violation"": false}]}"
20260919T061541Z_e9cd871b,423,normal,1789798547.4387345,1789798547.4511392,11.739,0,11.739,pass,,read_secondary,"{""background_write_acknowledged"": true, ""reads"": [{""version"": 423, ""max_seen_before"": 422, ""violation"": false}, {""version"": 423, ""max_seen_before"": 423, ""violation"": false}]}"
20260919T061541Z_e9cd871b,424,normal,1789798547.4511392,1789798547.4615943,10.744,0,10.744,pass,,read_secondary,"{""background_write_acknowledged"": true, ""reads"": [{""version"": 424, ""max_seen_before"": 423, ""violation"": false}, {""version"": 424, ""max_seen_before"": 424, ""violation"": false}]}"
20260919T061541Z_e9cd871b,425,normal,1789798547.4615943,1789798547.4766605,14.699,0,14.699,pass,,read_secondary,"{""background_write_acknowledged"": true, ""reads"": [{""version"": 425, ""max_seen_before"": 424, ""violation"": false}, {""version"": 425, ""max_seen_before"": 425, ""violation"": false}]}"
20260919T061541Z_e9cd871b,426,normal,1789798547.4766605,1789798547.4890516,12.72,0,12.72,pass,,read_secondary,"{""background_write_acknowledged"": true, ""reads"": [{""version"": 426, ""max_seen_before"": 425, ""violation"": false}, {""version"": 426, ""max_seen_before"": 426, ""violation"": false}]}"
20260919T061541Z_e9cd871b,427,normal,1789798547.4890516,1789798547.5024652,12.915,0,12.915,pass,,read_secondary,"{""background_write_acknowledged"": true, ""reads"": [{""version"": 427, ""max_seen_before"": 426, ""violation"": false}, {""version"": 427, ""max_seen_before"": 427, ""violation"": false}]}"
20260919T061541Z_e9cd871b,428,normal,1789798547.5024652,1789798547.517421,14.984,0,14.984,pass,,read_secondary,"{""background_write_acknowledged"": true, ""reads"": [{""version"": 428, ""max_seen_before"": 427, ""violation"": false}, {""version"": 428, ""max_seen_before"": 428, ""violation"": false}]}"
20260919T061541Z_e9cd871b,429,normal,1789798547.517421,1789798547.5305195,13.064,0,13.064,pass,,read_secondary,"{""background_write_acknowledged"": true, ""reads"": [{""version"": 429, ""max_seen_before"": 428, ""violation"": false}, {""version"": 429, ""max_seen_before"": 429, ""violation"": false}]}"
20260919T061541Z_e9cd871b,430,normal,1789798547.5305195,1789798547.5447512,14.151,0,14.151,pass,,read_secondary,"{""background_write_acknowledged"": true, ""reads"": [{""version"": 430, ""max_seen_before"": 429, ""violation"": false}, {""version"": 430, ""max_seen_before"": 430, ""violation"": false}]}"
20260919T061541Z_e9cd871b,431,normal,1789798547.5447512,1789798547.5571256,12.431,0,12.431,pass,,read_secondary,"{""background_write_acknowledged"": true, ""reads"": [{""version"": 431, ""max_seen_before"": 430, ""violation"": false}, {""version"": 431, ""max_seen_before"": 431, ""violation"": false}]}"
20260919T061541Z_e9cd871b,432,normal,1789798547.5571256,1789798547.5699606,12.789,0,12.789,pass,,read_secondary,"{""background_write_acknowledged"": true, ""reads"": [{""version"": 432, ""max_seen_before"": 431, ""violation"": false}, {""version"": 432, ""max_seen_before"": 432, ""violation"": false}]}"
20260919T061541Z_e9cd871b,433,normal,1789798547.5699606,1789798547.5813322,11.223,0,11.223,pass,,read_secondary,"{""background_write_acknowledged"": true, ""reads"": [{""version"": 433, ""max_seen_before"": 432, ""violation"": false}, {""version"": 433, ""max_seen_before"": 433, ""violation"": false}]}"
20260919T061541Z_e9cd871b,434,normal,1789798547.5813322,1789798547.5931473,11.672,0,11.672,pass,,read_secondary,"{""background_write_acknowledged"": true, ""reads"": [{""version"": 434, ""max_seen_before"": 433, ""violation"": false}, {""version"": 434, ""max_seen_before"": 434, ""violation"": false}]}"
20260919T061541Z_e9cd871b,435,normal,1789798547.5931473,1789798547.6064105,12.957,0,12.957,pass,,read_secondary,"{""background_write_acknowledged"": true, ""reads"": [{""version"": 435, ""max_seen_before"": 434, ""violation"": false}, {""version"": 435, ""max_seen_before"": 435, ""violation"": false}]}"
20260919T061541Z_e9cd871b,436,normal,1789798547.6064105,1789798547.6185625,12.12,0,12.12,pass,,read_secondary,"{""background_write_acknowledged"": true, ""reads"": [{""version"": 436, ""max_seen_before"": 435, ""violation"": false}, {""version"": 436, ""max_seen_before"": 436, ""violation"": false}]}"
20260919T061541Z_e9cd871b,437,normal,1789798547.6185625,1789798547.630054,11.345,0,11.345,pass,,read_secondary,"{""background_write_acknowledged"": true, ""reads"": [{""version"": 437, ""max_seen_before"": 436, ""violation"": false}, {""version"": 437, ""max_seen_before"": 437, ""violation"": false}]}"
20260919T061541Z_e9cd871b,438,normal,1789798547.630054,1789798547.6430254,12.997,0,12.997,pass,,read_secondary,"{""background_write_acknowledged"": true, ""reads"": [{""version"": 438, ""max_seen_before"": 437, ""violation"": false}, {""version"": 438, ""max_seen_before"": 438, ""violation"": false}]}"
20260919T061541Z_e9cd871b,439,normal,1789798547.6430254,1789798547.6557343,12.401,0,12.401,pass,,read_secondary,"{""background_write_acknowledged"": true, ""reads"": [{""version"": 439, ""max_seen_before"": 438, ""violation"": false}, {""version"": 439, ""max_seen_before"": 439, ""violation"": false}]}"
20260919T061541Z_e9cd871b,440,normal,1789798547.6557343,1789798547.6671193,11.603,0,11.603,pass,,read_secondary,"{""background_write_acknowledged"": true, ""reads"": [{""version"": 440, ""max_seen_before"": 439, ""violation"": false}, {""version"": 440, ""max_seen_before"": 440, ""violation"": false}]}"
20260919T061541Z_e9cd871b,441,normal,1789798547.6671193,1789798547.6784859,11.224,0,11.224,pass,,read_secondary,"{""background_write_acknowledged"": true, ""reads"": [{""version"": 441, ""max_seen_before"": 440, ""violation"": false}, {""version"": 441, ""max_seen_before"": 441, ""violation"": false}]}"
20260919T061541Z_e9cd871b,442,normal,1789798547.6784859,1789798547.6899824,11.195,0,11.195,pass,,read_secondary,"{""background_write_acknowledged"": true, ""reads"": [{""version"": 442, ""max_seen_before"": 441, ""violation"": false}, {""version"": 442, ""max_seen_before"": 442, ""violation"": false}]}"
20260919T061541Z_e9cd871b,443,normal,1789798547.6899824,1789798547.7013993,12.036,0,12.036,pass,,read_secondary,"{""background_write_acknowledged"": true, ""reads"": [{""version"": 443, ""max_seen_before"": 442, ""violation"": false}, {""version"": 443, ""max_seen_before"": 443, ""violation"": false}]}"
20260919T061541Z_e9cd871b,444,normal,1789798547.7021492,1789798547.7137485,12.059,0,12.059,pass,,read_secondary,"{""background_write_acknowledged"": true, ""reads"": [{""version"": 444, ""max_seen_before"": 443, ""violation"": false}, {""version"": 444, ""max_seen_before"": 444, ""violation"": false}]}"
20260919T061541Z_e9cd871b,445,normal,1789798547.7137485,1789798547.7270284,13.099,0,13.099,pass,,read_secondary,"{""background_write_acknowledged"": true, ""reads"": [{""version"": 445, ""max_seen_before"": 444, ""violation"": false}, {""version"": 445, ""max_seen_before"": 445, ""violation"": false}]}"
20260919T061541Z_e9cd871b,446,normal,1789798547.7270284,1789798547.7398982,12.498,0,12.498,pass,,read_secondary,"{""background_write_acknowledged"": true, ""reads"": [{""version"": 446, ""max_seen_before"": 445, ""violation"": false}, {""version"": 446, ""max_seen_before"": 446, ""violation"": false}]}"
20260919T061541Z_e9cd871b,447,normal,1789798547.7398982,1789798547.7513046,11.57,0,11.57,pass,,read_secondary,"{""background_write_acknowledged"": true, ""reads"": [{""version"": 447, ""max_seen_before"": 446, ""violation"": false}, {""version"": 447, ""max_seen_before"": 447, ""violation"": false}]}"
20260919T061541Z_e9cd871b,448,normal,1789798547.7513046,1789798547.7646954,13.469,0,13.469,pass,,read_secondary,"{""background_write_acknowledged"": true, ""reads"": [{""version"": 448, ""max_seen_before"": 447, ""violation"": false}, {""version"": 448, ""max_seen_before"": 448, ""violation"": false}]}"
20260919T061541Z_e9cd871b,449,normal,1789798547.7646954,1789798547.7807417,15.861,0,15.861,pass,,read_secondary,"{""background_write_acknowledged"": true, ""reads"": [{""version"": 449, ""max_seen_before"": 448, ""violation"": false}, {""version"": 449, ""max_seen_before"": 449, ""violation"": false}]}"
20260919T061541Z_e9cd871b,450,normal,1789798547.7807417,1789798547.7936747,12.785,0,12.785,pass,,read_secondary,"{""background_write_acknowledged"": true, ""reads"": [{""version"": 450, ""max_seen_before"": 449, ""violation"": false}, {""version"": 450, ""max_seen_before"": 450, ""violation"": false}]}"
20260919T061541Z_e9cd871b,451,normal,1789798547.7936747,1789798547.807643,13.598,0,13.598,pass,,read_secondary,"{""background_write_acknowledged"": true, ""reads"": [{""version"": 451, ""max_seen_before"": 450, ""violation"": false}, {""version"": 451, ""max_seen_before"": 451, ""violation"": false}]}"
20260919T061541Z_e9cd871b,452,normal,1789798547.807643,1789798547.8238378,16.533,0,16.533,pass,,read_secondary,"{""background_write_acknowledged"": true, ""reads"": [{""version"": 452, ""max_seen_before"": 451, ""violation"": false}, {""version"": 452, ""max_seen_before"": 452, ""violation"": false}]}"
20260919T061541Z_e9cd871b,453,normal,1789798547.8238378,1789798547.839716,15.66,0,15.66,pass,,read_secondary,"{""background_write_acknowledged"": true, ""reads"": [{""version"": 453, ""max_seen_before"": 452, ""violation"": false}, {""version"": 453, ""max_seen_before"": 453, ""violation"": false}]}"
20260919T061541Z_e9cd871b,454,normal,1789798547.839716,1789798547.8535128,13.792,0,13.792,pass,,read_secondary,"{""background_write_acknowledged"": true, ""reads"": [{""version"": 454, ""max_seen_before"": 453, ""violation"": false}, {""version"": 454, ""max_seen_before"": 454, ""violation"": false}]}"
20260919T061541Z_e9cd871b,455,normal,1789798547.8535128,1789798547.8675191,13.593,0,13.593,pass,,read_secondary,"{""background_write_acknowledged"": true, ""reads"": [{""version"": 455, ""max_seen_before"": 454, ""violation"": false}, {""version"": 455, ""max_seen_before"": 455, ""violation"": false}]}"
20260919T061541Z_e9cd871b,456,normal,1789798547.8675191,1789798547.8803365,12.727,0,12.727,pass,,read_secondary,"{""background_write_acknowledged"": true, ""reads"": [{""version"": 456, ""max_seen_before"": 455, ""violation"": false}, {""version"": 456, ""max_seen_before"": 456, ""violation"": false}]}"
20260919T061541Z_e9cd871b,457,normal,1789798547.8803365,1789798547.8929605,12.625,0,12.625,pass,,read_secondary,"{""background_write_acknowledged"": true, ""reads"": [{""version"": 457, ""max_seen_before"": 456, ""violation"": false}, {""version"": 457, ""max_seen_before"": 457, ""violation"": false}]}"
20260919T061541Z_e9cd871b,458,normal,1789798547.8929605,1789798547.9054945,12.532,0,12.532,pass,,read_secondary,"{""background_write_acknowledged"": true, ""reads"": [{""version"": 458, ""max_seen_before"": 457, ""violation"": false}, {""version"": 458, ""max_seen_before"": 458, ""violation"": false}]}"
20260919T061541Z_e9cd871b,459,normal,1789798547.9054945,1789798547.9174035,11.765,0,11.765,pass,,read_secondary,"{""background_write_acknowledged"": true, ""reads"": [{""version"": 459, ""max_seen_before"": 458, ""violation"": false}, {""version"": 459, ""max_seen_before"": 459, ""violation"": false}]}"
20260919T061541Z_e9cd871b,460,normal,1789798547.9174035,1789798547.9286528,10.92,0,10.92,pass,,read_secondary,"{""background_write_acknowledged"": true, ""reads"": [{""version"": 460, ""max_seen_before"": 459, ""violation"": false}, {""version"": 460, ""max_seen_before"": 460, ""violation"": false}]}"
20260919T061541Z_e9cd871b,461,normal,1789798547.9286528,1789798547.939455,11.02,0,11.02,pass,,read_secondary,"{""background_write_acknowledged"": true, ""reads"": [{""version"": 461, ""max_seen_before"": 460, ""violation"": false}, {""version"": 461, ""max_seen_before"": 461, ""violation"": false}]}"
20260919T061541Z_e9cd871b,462,normal,1789798547.939455,1789798547.9518068,12.251,0,12.251,pass,,read_secondary,"{""background_write_acknowledged"": true, ""reads"": [{""version"": 462, ""max_seen_before"": 461, ""violation"": false}, {""version"": 462, ""max_seen_before"": 462, ""violation"": false}]}"
20260919T061541Z_e9cd871b,463,normal,1789798547.9518068,1789798547.9627717,11.25,0,11.25,pass,,read_secondary,"{""background_write_acknowledged"": true, ""reads"": [{""version"": 463, ""max_seen_before"": 462, ""violation"": false}, {""version"": 463, ""max_seen_before"": 463, ""violation"": false}]}"
20260919T061541Z_e9cd871b,464,normal,1789798547.9627717,1789798547.9756494,12.338,0,12.338,pass,,read_secondary,"{""background_write_acknowledged"": true, ""reads"": [{""version"": 464, ""max_seen_before"": 463, ""violation"": false}, {""version"": 464, ""max_seen_before"": 464, ""violation"": false}]}"
20260919T061541Z_e9cd871b,465,normal,1789798547.9756494,1789798547.9872012,11.562,0,11.562,pass,,read_secondary,"{""background_write_acknowledged"": true, ""reads"": [{""version"": 465, ""max_seen_before"": 464, ""violation"": false}, {""version"": 465, ""max_seen_before"": 465, ""violation"": false}]}"
20260919T061541Z_e9cd871b,466,normal,1789798547.9872012,1789798548.0010834,13.77,0,13.77,pass,,read_secondary,"{""background_write_acknowledged"": true, ""reads"": [{""version"": 466, ""max_seen_before"": 465, ""violation"": false}, {""version"": 466, ""max_seen_before"": 466, ""violation"": false}]}"
20260919T061541Z_e9cd871b,467,normal,1789798548.0010834,1789798548.014489,12.991,0,12.991,pass,,read_secondary,"{""background_write_acknowledged"": true, ""reads"": [{""version"": 467, ""max_seen_before"": 466, ""violation"": false}, {""version"": 467, ""max_seen_before"": 467, ""violation"": false}]}"
20260919T061541Z_e9cd871b,468,normal,1789798548.014489,1789798548.025751,11.312,0,11.312,pass,,read_secondary,"{""background_write_acknowledged"": true, ""reads"": [{""version"": 468, ""max_seen_before"": 467, ""violation"": false}, {""version"": 468, ""max_seen_before"": 468, ""violation"": false}]}"
20260919T061541Z_e9cd871b,469,normal,1789798548.025751,1789798548.0371153,11.14,0,11.14,pass,,read_secondary,"{""background_write_acknowledged"": true, ""reads"": [{""version"": 469, ""max_seen_before"": 468, ""violation"": false}, {""version"": 469, ""max_seen_before"": 469, ""violation"": false}]}"
20260919T061541Z_e9cd871b,470,normal,1789798548.0371153,1789798548.048219,11.097,0,11.097,pass,,read_secondary,"{""background_write_acknowledged"": true, ""reads"": [{""version"": 470, ""max_seen_before"": 469, ""violation"": false}, {""version"": 470, ""max_seen_before"": 470, ""violation"": false}]}"
20260919T061541Z_e9cd871b,471,normal,1789798548.048219,1789798548.0594208,11.07,0,11.07,pass,,read_secondary,"{""background_write_acknowledged"": true, ""reads"": [{""version"": 471, ""max_seen_before"": 470, ""violation"": false}, {""version"": 471, ""max_seen_before"": 471, ""violation"": false}]}"
20260919T061541Z_e9cd871b,472,normal,1789798548.0594208,1789798548.0709906,12.181,0,12.181,pass,,read_secondary,"{""background_write_acknowledged"": true, ""reads"": [{""version"": 472, ""max_seen_before"": 471, ""violation"": false}, {""version"": 472, ""max_seen_before"": 472, ""violation"": false}]}"
20260919T061541Z_e9cd871b,473,normal,1789798548.0717604,1789798548.0847583,12.997,0,12.997,pass,,read_secondary,"{""background_write_acknowledged"": true, ""reads"": [{""version"": 473, ""max_seen_before"": 472, ""violation"": false}, {""version"": 473, ""max_seen_before"": 473, ""violation"": false}]}"
20260919T061541Z_e9cd871b,474,normal,1789798548.0847583,1789798548.0981069,13.644,0,13.644,pass,,read_secondary,"{""background_write_acknowledged"": true, ""reads"": [{""version"": 474, ""max_seen_before"": 473, ""violation"": false}, {""version"": 474, ""max_seen_before"": 474, ""violation"": false}]}"
20260919T061541Z_e9cd871b,475,normal,1789798548.0981069,1789798548.1130567,14.721,0,14.721,pass,,read_secondary,"{""background_write_acknowledged"": true, ""reads"": [{""version"": 475, ""max_seen_before"": 474, ""violation"": false}, {""version"": 475, ""max_seen_before"": 475, ""violation"": false}]}"
20260919T061541Z_e9cd871b,476,normal,1789798548.1130567,1789798548.1276314,14.817,0,14.817,pass,,read_secondary,"{""background_write_acknowledged"": true, ""reads"": [{""version"": 476, ""max_seen_before"": 475, ""violation"": false}, {""version"": 476, ""max_seen_before"": 476, ""violation"": false}]}"
20260919T061541Z_e9cd871b,477,normal,1789798548.1282494,1789798548.1428776,14.874,0,14.874,pass,,read_secondary,"{""background_write_acknowledged"": true, ""reads"": [{""version"": 477, ""max_seen_before"": 476, ""violation"": false}, {""version"": 477, ""max_seen_before"": 477, ""violation"": false}]}"
20260919T061541Z_e9cd871b,478,normal,1789798548.1428776,1789798548.1589706,15.907,0,15.907,pass,,read_secondary,"{""background_write_acknowledged"": true, ""reads"": [{""version"": 478, ""max_seen_before"": 477, ""violation"": false}, {""version"": 478, ""max_seen_before"": 478, ""violation"": false}]}"
20260919T061541Z_e9cd871b,479,normal,1789798548.1589706,1789798548.1724892,13.395,0,13.395,pass,,read_secondary,"{""background_write_acknowledged"": true, ""reads"": [{""version"": 479, ""max_seen_before"": 478, ""violation"": false}, {""version"": 479, ""max_seen_before"": 479, ""violation"": false}]}"
20260919T061541Z_e9cd871b,480,normal,1789798548.1724892,1789798548.1850789,12.409,0,12.409,pass,,read_secondary,"{""background_write_acknowledged"": true, ""reads"": [{""version"": 480, ""max_seen_before"": 479, ""violation"": false}, {""version"": 480, ""max_seen_before"": 480, ""violation"": false}]}"
20260919T061541Z_e9cd871b,481,normal,1789798548.1850789,1789798548.1987088,13.939,0,13.939,pass,,read_secondary,"{""background_write_acknowledged"": true, ""reads"": [{""version"": 481, ""max_seen_before"": 480, ""violation"": false}, {""version"": 481, ""max_seen_before"": 481, ""violation"": false}]}"
20260919T061541Z_e9cd871b,482,normal,1789798548.1987088,1789798548.2111108,12.138,0,12.138,pass,,read_secondary,"{""background_write_acknowledged"": true, ""reads"": [{""version"": 482, ""max_seen_before"": 481, ""violation"": false}, {""version"": 482, ""max_seen_before"": 482, ""violation"": false}]}"
20260919T061541Z_e9cd871b,483,normal,1789798548.2116237,1789798548.2234817,11.822,0,11.822,pass,,read_secondary,"{""background_write_acknowledged"": true, ""reads"": [{""version"": 483, ""max_seen_before"": 482, ""violation"": false}, {""version"": 483, ""max_seen_before"": 483, ""violation"": false}]}"
20260919T061541Z_e9cd871b,484,normal,1789798548.2234817,1789798548.2340896,10.871,0,10.871,pass,,read_secondary,"{""background_write_acknowledged"": true, ""reads"": [{""version"": 484, ""max_seen_before"": 483, ""violation"": false}, {""version"": 484, ""max_seen_before"": 484, ""violation"": false}]}"
20260919T061541Z_e9cd871b,485,normal,1789798548.2340896,1789798548.2465267,12.328,0,12.328,pass,,read_secondary,"{""background_write_acknowledged"": true, ""reads"": [{""version"": 485, ""max_seen_before"": 484, ""violation"": false}, {""version"": 485, ""max_seen_before"": 485, ""violation"": false}]}"
20260919T061541Z_e9cd871b,486,normal,1789798548.2465267,1789798548.2589376,12.703,0,12.703,pass,,read_secondary,"{""background_write_acknowledged"": true, ""reads"": [{""version"": 486, ""max_seen_before"": 485, ""violation"": false}, {""version"": 486, ""max_seen_before"": 486, ""violation"": false}]}"
20260919T061541Z_e9cd871b,487,normal,1789798548.2589376,1789798548.2720475,12.766,0,12.766,pass,,read_secondary,"{""background_write_acknowledged"": true, ""reads"": [{""version"": 487, ""max_seen_before"": 486, ""violation"": false}, {""version"": 487, ""max_seen_before"": 487, ""violation"": false}]}"
20260919T061541Z_e9cd871b,488,normal,1789798548.2720475,1789798548.284852,12.489,0,12.489,pass,,read_secondary,"{""background_write_acknowledged"": true, ""reads"": [{""version"": 488, ""max_seen_before"": 487, ""violation"": false}, {""version"": 488, ""max_seen_before"": 488, ""violation"": false}]}"
20260919T061541Z_e9cd871b,489,normal,1789798548.284852,1789798548.2978158,13.362,0,13.362,pass,,read_secondary,"{""background_write_acknowledged"": true, ""reads"": [{""version"": 489, ""max_seen_before"": 488, ""violation"": false}, {""version"": 489, ""max_seen_before"": 489, ""violation"": false}]}"
20260919T061541Z_e9cd871b,490,normal,1789798548.298525,1789798548.3106196,12.383,0,12.383,pass,,read_secondary,"{""background_write_acknowledged"": true, ""reads"": [{""version"": 490, ""max_seen_before"": 489, ""violation"": false}, {""version"": 490, ""max_seen_before"": 490, ""violation"": false}]}"
20260919T061541Z_e9cd871b,491,normal,1789798548.3106196,1789798548.323761,12.901,0,12.901,pass,,read_secondary,"{""background_write_acknowledged"": true, ""reads"": [{""version"": 491, ""max_seen_before"": 490, ""violation"": false}, {""version"": 491, ""max_seen_before"": 491, ""violation"": false}]}"
20260919T061541Z_e9cd871b,492,normal,1789798548.323761,1789798548.335621,12.207,0,12.207,pass,,read_secondary,"{""background_write_acknowledged"": true, ""reads"": [{""version"": 492, ""max_seen_before"": 491, ""violation"": false}, {""version"": 492, ""max_seen_before"": 492, ""violation"": false}]}"
20260919T061541Z_e9cd871b,493,normal,1789798548.335621,1789798548.346571,10.848,0,10.848,pass,,read_secondary,"{""background_write_acknowledged"": true, ""reads"": [{""version"": 493, ""max_seen_before"": 492, ""violation"": false}, {""version"": 493, ""max_seen_before"": 493, ""violation"": false}]}"
20260919T061541Z_e9cd871b,494,normal,1789798548.346571,1789798548.3580968,11.561,0,11.561,pass,,read_secondary,"{""background_write_acknowledged"": true, ""reads"": [{""version"": 494, ""max_seen_before"": 493, ""violation"": false}, {""version"": 494, ""max_seen_before"": 494, ""violation"": false}]}"
20260919T061541Z_e9cd871b,495,normal,1789798548.3587773,1789798548.3722146,13.549,0,13.549,pass,,read_secondary,"{""background_write_acknowledged"": true, ""reads"": [{""version"": 495, ""max_seen_before"": 494, ""violation"": false}, {""version"": 495, ""max_seen_before"": 495, ""violation"": false}]}"
20260919T061541Z_e9cd871b,496,normal,1789798548.3722146,1789798548.3853593,12.88,0,12.88,pass,,read_secondary,"{""background_write_acknowledged"": true, ""reads"": [{""version"": 496, ""max_seen_before"": 495, ""violation"": false}, {""version"": 496, ""max_seen_before"": 496, ""violation"": false}]}"
20260919T061541Z_e9cd871b,497,normal,1789798548.3853593,1789798548.397103,12.061,0,12.061,pass,,read_secondary,"{""background_write_acknowledged"": true, ""reads"": [{""version"": 497, ""max_seen_before"": 496, ""violation"": false}, {""version"": 497, ""max_seen_before"": 497, ""violation"": false}]}"
20260919T061541Z_e9cd871b,498,normal,1789798548.397103,1789798548.4091272,12.049,0,12.049,pass,,read_secondary,"{""background_write_acknowledged"": true, ""reads"": [{""version"": 498, ""max_seen_before"": 497, ""violation"": false}, {""version"": 498, ""max_seen_before"": 498, ""violation"": false}]}"
20260919T061541Z_e9cd871b,499,normal,1789798548.409701,1789798548.4209914,11.702,0,11.702,pass,,read_secondary,"{""background_write_acknowledged"": true, ""reads"": [{""version"": 499, ""max_seen_before"": 498, ""violation"": false}, {""version"": 499, ""max_seen_before"": 499, ""violation"": false}]}"
20260919T061541Z_e9cd871b,500,normal,1789798548.4209914,1789798548.432038,11.282,0,11.282,pass,,read_secondary,"{""background_write_acknowledged"": true, ""reads"": [{""version"": 500, ""max_seen_before"": 499, ""violation"": false}, {""version"": 500, ""max_seen_before"": 500, ""violation"": false}]}"
20260919T061541Z_e9cd871b,501,normal,1789798548.435271,1789798548.4478917,12.755,0,12.755,pass,,read_secondary,"{""background_write_acknowledged"": true, ""reads"": [{""version"": 501, ""max_seen_before"": 500, ""violation"": false}, {""version"": 501, ""max_seen_before"": 501, ""violation"": false}]}"
20260919T061541Z_e9cd871b,502,normal,1789798548.4484832,1789798548.4602683,12.191,0,12.191,pass,,read_secondary,"{""background_write_acknowledged"": true, ""reads"": [{""version"": 502, ""max_seen_before"": 501, ""violation"": false}, {""version"": 502, ""max_seen_before"": 502, ""violation"": false}]}"
20260919T061541Z_e9cd871b,503,normal,1789798548.4602683,1789798548.4730532,12.886,0,12.886,pass,,read_secondary,"{""background_write_acknowledged"": true, ""reads"": [{""version"": 503, ""max_seen_before"": 502, ""violation"": false}, {""version"": 503, ""max_seen_before"": 503, ""violation"": false}]}"
20260919T061541Z_e9cd871b,504,normal,1789798548.4730532,1789798548.4851832,12.027,0,12.027,pass,,read_secondary,"{""background_write_acknowledged"": true, ""reads"": [{""version"": 504, ""max_seen_before"": 503, ""violation"": false}, {""version"": 504, ""max_seen_before"": 504, ""violation"": false}]}"
20260919T061541Z_e9cd871b,505,normal,1789798548.4851832,1789798548.495744,10.89,0,10.89,pass,,read_secondary,"{""background_write_acknowledged"": true, ""reads"": [{""version"": 505, ""max_seen_before"": 504, ""violation"": false}, {""version"": 505, ""max_seen_before"": 505, ""violation"": false}]}"
20260919T061541Z_e9cd871b,506,normal,1789798548.496788,1789798548.5082781,11.529,0,11.529,pass,,read_secondary,"{""background_write_acknowledged"": true, ""reads"": [{""version"": 506, ""max_seen_before"": 505, ""violation"": false}, {""version"": 506, ""max_seen_before"": 506, ""violation"": false}]}"
20260919T061541Z_e9cd871b,507,normal,1789798548.5082781,1789798548.5209122,12.971,0,12.971,pass,,read_secondary,"{""background_write_acknowledged"": true, ""reads"": [{""version"": 507, ""max_seen_before"": 506, ""violation"": false}, {""version"": 507, ""max_seen_before"": 507, ""violation"": false}]}"
20260919T061541Z_e9cd871b,508,normal,1789798548.5209122,1789798548.5342014,12.86,0,12.86,pass,,read_secondary,"{""background_write_acknowledged"": true, ""reads"": [{""version"": 508, ""max_seen_before"": 507, ""violation"": false}, {""version"": 508, ""max_seen_before"": 508, ""violation"": false}]}"
20260919T061541Z_e9cd871b,509,normal,1789798548.5342014,1789798548.5470865,12.657,0,12.657,pass,,read_secondary,"{""background_write_acknowledged"": true, ""reads"": [{""version"": 509, ""max_seen_before"": 508, ""violation"": false}, {""version"": 509, ""max_seen_before"": 509, ""violation"": false}]}"
20260919T061541Z_e9cd871b,510,normal,1789798548.5470865,1789798548.5584843,11.42,0,11.42,pass,,read_secondary,"{""background_write_acknowledged"": true, ""reads"": [{""version"": 510, ""max_seen_before"": 509, ""violation"": false}, {""version"": 510, ""max_seen_before"": 510, ""violation"": false}]}"
20260919T061541Z_e9cd871b,511,normal,1789798548.5584843,1789798548.5695343,11.234,0,11.234,pass,,read_secondary,"{""background_write_acknowledged"": true, ""reads"": [{""version"": 511, ""max_seen_before"": 510, ""violation"": false}, {""version"": 511, ""max_seen_before"": 511, ""violation"": false}]}"
20260919T061541Z_e9cd871b,512,normal,1789798548.5695343,1789798548.5805235,11.293,0,11.293,pass,,read_secondary,"{""background_write_acknowledged"": true, ""reads"": [{""version"": 512, ""max_seen_before"": 511, ""violation"": false}, {""version"": 512, ""max_seen_before"": 512, ""violation"": false}]}"
20260919T061541Z_e9cd871b,513,normal,1789798548.5813115,1789798548.5913696,10.506,0,10.506,pass,,read_secondary,"{""background_write_acknowledged"": true, ""reads"": [{""version"": 513, ""max_seen_before"": 512, ""violation"": false}, {""version"": 513, ""max_seen_before"": 513, ""violation"": false}]}"
20260919T061541Z_e9cd871b,514,normal,1789798548.5913696,1789798548.602318,10.762,0,10.762,pass,,read_secondary,"{""background_write_acknowledged"": true, ""reads"": [{""version"": 514, ""max_seen_before"": 513, ""violation"": false}, {""version"": 514, ""max_seen_before"": 514, ""violation"": false}]}"
20260919T061541Z_e9cd871b,515,normal,1789798548.602318,1789798548.6130176,10.901,0,10.901,pass,,read_secondary,"{""background_write_acknowledged"": true, ""reads"": [{""version"": 515, ""max_seen_before"": 514, ""violation"": false}, {""version"": 515, ""max_seen_before"": 515, ""violation"": false}]}"
20260919T061541Z_e9cd871b,516,normal,1789798548.6130176,1789798548.6248384,11.558,0,11.558,pass,,read_secondary,"{""background_write_acknowledged"": true, ""reads"": [{""version"": 516, ""max_seen_before"": 515, ""violation"": false}, {""version"": 516, ""max_seen_before"": 516, ""violation"": false}]}"
20260919T061541Z_e9cd871b,517,normal,1789798548.6248384,1789798548.6375718,12.209,0,12.209,pass,,read_secondary,"{""background_write_acknowledged"": true, ""reads"": [{""version"": 517, ""max_seen_before"": 516, ""violation"": false}, {""version"": 517, ""max_seen_before"": 517, ""violation"": false}]}"
20260919T061541Z_e9cd871b,518,normal,1789798548.6375718,1789798548.6488526,11.476,0,11.476,pass,,read_secondary,"{""background_write_acknowledged"": true, ""reads"": [{""version"": 518, ""max_seen_before"": 517, ""violation"": false}, {""version"": 518, ""max_seen_before"": 518, ""violation"": false}]}"
20260919T061541Z_e9cd871b,519,normal,1789798548.6488526,1789798548.6590164,10.25,0,10.25,pass,,read_secondary,"{""background_write_acknowledged"": true, ""reads"": [{""version"": 519, ""max_seen_before"": 518, ""violation"": false}, {""version"": 519, ""max_seen_before"": 519, ""violation"": false}]}"
20260919T061541Z_e9cd871b,520,normal,1789798548.6590164,1789798548.67116,11.668,0,11.668,pass,,read_secondary,"{""background_write_acknowledged"": true, ""reads"": [{""version"": 520, ""max_seen_before"": 519, ""violation"": false}, {""version"": 520, ""max_seen_before"": 520, ""violation"": false}]}"
20260919T061541Z_e9cd871b,521,normal,1789798548.67116,1789798548.682308,11.222,0,11.222,pass,,read_secondary,"{""background_write_acknowledged"": true, ""reads"": [{""version"": 521, ""max_seen_before"": 520, ""violation"": false}, {""version"": 521, ""max_seen_before"": 521, ""violation"": false}]}"
20260919T061541Z_e9cd871b,522,normal,1789798548.682308,1789798548.6935298,11.349,0,11.349,pass,,read_secondary,"{""background_write_acknowledged"": true, ""reads"": [{""version"": 522, ""max_seen_before"": 521, ""violation"": false}, {""version"": 522, ""max_seen_before"": 522, ""violation"": false}]}"
20260919T061541Z_e9cd871b,523,normal,1789798548.6935298,1789798548.7043765,10.429,0,10.429,pass,,read_secondary,"{""background_write_acknowledged"": true, ""reads"": [{""version"": 523, ""max_seen_before"": 522, ""violation"": false}, {""version"": 523, ""max_seen_before"": 523, ""violation"": false}]}"
20260919T061541Z_e9cd871b,524,normal,1789798548.7043765,1789798548.7147138,10.68,0,10.68,pass,,read_secondary,"{""background_write_acknowledged"": true, ""reads"": [{""version"": 524, ""max_seen_before"": 523, ""violation"": false}, {""version"": 524, ""max_seen_before"": 524, ""violation"": false}]}"
20260919T061541Z_e9cd871b,525,normal,1789798548.7147138,1789798548.7263541,11.414,0,11.414,pass,,read_secondary,"{""background_write_acknowledged"": true, ""reads"": [{""version"": 525, ""max_seen_before"": 524, ""violation"": false}, {""version"": 525, ""max_seen_before"": 525, ""violation"": false}]}"
20260919T061541Z_e9cd871b,526,normal,1789798548.7263541,1789798548.737033,10.627,0,10.627,pass,,read_secondary,"{""background_write_acknowledged"": true, ""reads"": [{""version"": 526, ""max_seen_before"": 525, ""violation"": false}, {""version"": 526, ""max_seen_before"": 526, ""violation"": false}]}"
20260919T061541Z_e9cd871b,527,normal,1789798548.737033,1789798548.748801,11.393,0,11.393,pass,,read_secondary,"{""background_write_acknowledged"": true, ""reads"": [{""version"": 527, ""max_seen_before"": 526, ""violation"": false}, {""version"": 527, ""max_seen_before"": 527, ""violation"": false}]}"
20260919T061541Z_e9cd871b,528,normal,1789798548.748801,1789798548.7616978,13.162,0,13.162,pass,,read_secondary,"{""background_write_acknowledged"": true, ""reads"": [{""version"": 528, ""max_seen_before"": 527, ""violation"": false}, {""version"": 528, ""max_seen_before"": 528, ""violation"": false}]}"
20260919T061541Z_e9cd871b,529,normal,1789798548.7616978,1789798548.774153,12.428,0,12.428,pass,,read_secondary,"{""background_write_acknowledged"": true, ""reads"": [{""version"": 529, ""max_seen_before"": 528, ""violation"": false}, {""version"": 529, ""max_seen_before"": 529, ""violation"": false}]}"
20260919T061541Z_e9cd871b,530,normal,1789798548.774153,1789798548.7873948,13.149,0,13.149,pass,,read_secondary,"{""background_write_acknowledged"": true, ""reads"": [{""version"": 530, ""max_seen_before"": 529, ""violation"": false}, {""version"": 530, ""max_seen_before"": 530, ""violation"": false}]}"
20260919T061541Z_e9cd871b,531,normal,1789798548.7873948,1789798548.8005254,12.622,0,12.622,pass,,read_secondary,"{""background_write_acknowledged"": true, ""reads"": [{""version"": 531, ""max_seen_before"": 530, ""violation"": false}, {""version"": 531, ""max_seen_before"": 531, ""violation"": false}]}"
20260919T061541Z_e9cd871b,532,normal,1789798548.8005254,1789798548.8139205,13.684,0,13.684,pass,,read_secondary,"{""background_write_acknowledged"": true, ""reads"": [{""version"": 532, ""max_seen_before"": 531, ""violation"": false}, {""version"": 532, ""max_seen_before"": 532, ""violation"": false}]}"
20260919T061541Z_e9cd871b,533,normal,1789798548.8144388,1789798548.82619,12.248,0,12.248,pass,,read_secondary,"{""background_write_acknowledged"": true, ""reads"": [{""version"": 533, ""max_seen_before"": 532, ""violation"": false}, {""version"": 533, ""max_seen_before"": 533, ""violation"": false}]}"
20260919T061541Z_e9cd871b,534,normal,1789798548.82619,1789798548.8411317,14.952,0,14.952,pass,,read_secondary,"{""background_write_acknowledged"": true, ""reads"": [{""version"": 534, ""max_seen_before"": 533, ""violation"": false}, {""version"": 534, ""max_seen_before"": 534, ""violation"": false}]}"
20260919T061541Z_e9cd871b,535,normal,1789798548.8418086,1789798548.8538635,12.465,0,12.465,pass,,read_secondary,"{""background_write_acknowledged"": true, ""reads"": [{""version"": 535, ""max_seen_before"": 534, ""violation"": false}, {""version"": 535, ""max_seen_before"": 535, ""violation"": false}]}"
20260919T061541Z_e9cd871b,536,normal,1789798548.8543692,1789798548.866624,12.53,0,12.53,pass,,read_secondary,"{""background_write_acknowledged"": true, ""reads"": [{""version"": 536, ""max_seen_before"": 535, ""violation"": false}, {""version"": 536, ""max_seen_before"": 536, ""violation"": false}]}"
20260919T061541Z_e9cd871b,537,normal,1789798548.866624,1789798548.8791187,12.172,0,12.172,pass,,read_secondary,"{""background_write_acknowledged"": true, ""reads"": [{""version"": 537, ""max_seen_before"": 536, ""violation"": false}, {""version"": 537, ""max_seen_before"": 537, ""violation"": false}]}"
20260919T061541Z_e9cd871b,538,normal,1789798548.8791187,1789798548.891556,12.324,0,12.324,pass,,read_secondary,"{""background_write_acknowledged"": true, ""reads"": [{""version"": 538, ""max_seen_before"": 537, ""violation"": false}, {""version"": 538, ""max_seen_before"": 538, ""violation"": false}]}"
20260919T061541Z_e9cd871b,539,normal,1789798548.891556,1789798548.902532,10.851,0,10.851,pass,,read_secondary,"{""background_write_acknowledged"": true, ""reads"": [{""version"": 539, ""max_seen_before"": 538, ""violation"": false}, {""version"": 539, ""max_seen_before"": 539, ""violation"": false}]}"
20260919T061541Z_e9cd871b,540,normal,1789798548.902532,1789798548.9125657,10.458,0,10.458,pass,,read_secondary,"{""background_write_acknowledged"": true, ""reads"": [{""version"": 540, ""max_seen_before"": 539, ""violation"": false}, {""version"": 540, ""max_seen_before"": 540, ""violation"": false}]}"
20260919T061541Z_e9cd871b,541,normal,1789798548.9131887,1789798548.9239461,10.744,0,10.744,pass,,read_secondary,"{""background_write_acknowledged"": true, ""reads"": [{""version"": 541, ""max_seen_before"": 540, ""violation"": false}, {""version"": 541, ""max_seen_before"": 541, ""violation"": false}]}"
20260919T061541Z_e9cd871b,542,normal,1789798548.9239461,1789798548.935961,12.114,0,12.114,pass,,read_secondary,"{""background_write_acknowledged"": true, ""reads"": [{""version"": 542, ""max_seen_before"": 541, ""violation"": false}, {""version"": 542, ""max_seen_before"": 542, ""violation"": false}]}"
20260919T061541Z_e9cd871b,543,normal,1789798548.935961,1789798548.948574,12.696,0,12.696,pass,,read_secondary,"{""background_write_acknowledged"": true, ""reads"": [{""version"": 543, ""max_seen_before"": 542, ""violation"": false}, {""version"": 543, ""max_seen_before"": 543, ""violation"": false}]}"
20260919T061541Z_e9cd871b,544,normal,1789798548.948574,1789798548.9611037,12.652,0,12.652,pass,,read_secondary,"{""background_write_acknowledged"": true, ""reads"": [{""version"": 544, ""max_seen_before"": 543, ""violation"": false}, {""version"": 544, ""max_seen_before"": 544, ""violation"": false}]}"
20260919T061541Z_e9cd871b,545,normal,1789798548.9611037,1789798548.9747646,13.381,0,13.381,pass,,read_secondary,"{""background_write_acknowledged"": true, ""reads"": [{""version"": 545, ""max_seen_before"": 544, ""violation"": false}, {""version"": 545, ""max_seen_before"": 545, ""violation"": false}]}"
20260919T061541Z_e9cd871b,546,normal,1789798548.9747646,1789798548.9877489,12.595,0,12.595,pass,,read_secondary,"{""background_write_acknowledged"": true, ""reads"": [{""version"": 546, ""max_seen_before"": 545, ""violation"": false}, {""version"": 546, ""max_seen_before"": 546, ""violation"": false}]}"
20260919T061541Z_e9cd871b,547,normal,1789798548.9877489,1789798548.999957,12.312,0,12.312,pass,,read_secondary,"{""background_write_acknowledged"": true, ""reads"": [{""version"": 547, ""max_seen_before"": 546, ""violation"": false}, {""version"": 547, ""max_seen_before"": 547, ""violation"": false}]}"
20260919T061541Z_e9cd871b,548,normal,1789798548.999957,1789798549.0132573,13.357,0,13.357,pass,,read_secondary,"{""background_write_acknowledged"": true, ""reads"": [{""version"": 548, ""max_seen_before"": 547, ""violation"": false}, {""version"": 548, ""max_seen_before"": 548, ""violation"": false}]}"
20260919T061541Z_e9cd871b,549,normal,1789798549.0132573,1789798549.0268154,13.404,0,13.404,pass,,read_secondary,"{""background_write_acknowledged"": true, ""reads"": [{""version"": 549, ""max_seen_before"": 548, ""violation"": false}, {""version"": 549, ""max_seen_before"": 549, ""violation"": false}]}"
20260919T061541Z_e9cd871b,550,normal,1789798549.0268154,1789798549.0391967,12.217,0,12.217,pass,,read_secondary,"{""background_write_acknowledged"": true, ""reads"": [{""version"": 550, ""max_seen_before"": 549, ""violation"": false}, {""version"": 550, ""max_seen_before"": 550, ""violation"": false}]}"
20260919T061541Z_e9cd871b,551,normal,1789798549.0391967,1789798549.054465,15.444,0,15.444,pass,,read_secondary,"{""background_write_acknowledged"": true, ""reads"": [{""version"": 551, ""max_seen_before"": 550, ""violation"": false}, {""version"": 551, ""max_seen_before"": 551, ""violation"": false}]}"
20260919T061541Z_e9cd871b,552,normal,1789798549.0550647,1789798549.0701478,15.444,0,15.444,pass,,read_secondary,"{""background_write_acknowledged"": true, ""reads"": [{""version"": 552, ""max_seen_before"": 551, ""violation"": false}, {""version"": 552, ""max_seen_before"": 552, ""violation"": false}]}"
20260919T061541Z_e9cd871b,553,normal,1789798549.0701478,1789798549.0855157,15.332,0,15.332,pass,,read_secondary,"{""background_write_acknowledged"": true, ""reads"": [{""version"": 553, ""max_seen_before"": 552, ""violation"": false}, {""version"": 553, ""max_seen_before"": 553, ""violation"": false}]}"
20260919T061541Z_e9cd871b,554,normal,1789798549.0855157,1789798549.0994074,13.618,0,13.618,pass,,read_secondary,"{""background_write_acknowledged"": true, ""reads"": [{""version"": 554, ""max_seen_before"": 553, ""violation"": false}, {""version"": 554, ""max_seen_before"": 554, ""violation"": false}]}"
20260919T061541Z_e9cd871b,555,normal,1789798549.0994074,1789798549.1122427,12.738,0,12.738,pass,,read_secondary,"{""background_write_acknowledged"": true, ""reads"": [{""version"": 555, ""max_seen_before"": 554, ""violation"": false}, {""version"": 555, ""max_seen_before"": 555, ""violation"": false}]}"
20260919T061541Z_e9cd871b,556,normal,1789798549.1122427,1789798549.1262043,13.669,0,13.669,pass,,read_secondary,"{""background_write_acknowledged"": true, ""reads"": [{""version"": 556, ""max_seen_before"": 555, ""violation"": false}, {""version"": 556, ""max_seen_before"": 556, ""violation"": false}]}"
20260919T061541Z_e9cd871b,557,normal,1789798549.1262043,1789798549.1391563,13.213,0,13.213,pass,,read_secondary,"{""background_write_acknowledged"": true, ""reads"": [{""version"": 557, ""max_seen_before"": 556, ""violation"": false}, {""version"": 557, ""max_seen_before"": 557, ""violation"": false}]}"
20260919T061541Z_e9cd871b,558,normal,1789798549.1391563,1789798549.15274,13.529,0,13.529,pass,,read_secondary,"{""background_write_acknowledged"": true, ""reads"": [{""version"": 558, ""max_seen_before"": 557, ""violation"": false}, {""version"": 558, ""max_seen_before"": 558, ""violation"": false}]}"
20260919T061541Z_e9cd871b,559,normal,1789798549.1532502,1789798549.1661322,12.932,0,12.932,pass,,read_secondary,"{""background_write_acknowledged"": true, ""reads"": [{""version"": 559, ""max_seen_before"": 558, ""violation"": false}, {""version"": 559, ""max_seen_before"": 559, ""violation"": false}]}"
20260919T061541Z_e9cd871b,560,normal,1789798549.1661322,1789798549.1813192,15.126,0,15.126,pass,,read_secondary,"{""background_write_acknowledged"": true, ""reads"": [{""version"": 560, ""max_seen_before"": 559, ""violation"": false}, {""version"": 560, ""max_seen_before"": 560, ""violation"": false}]}"
20260919T061541Z_e9cd871b,561,normal,1789798549.1813192,1789798549.1944857,13.715,0,13.715,pass,,read_secondary,"{""background_write_acknowledged"": true, ""reads"": [{""version"": 561, ""max_seen_before"": 560, ""violation"": false}, {""version"": 561, ""max_seen_before"": 561, ""violation"": false}]}"
20260919T061541Z_e9cd871b,562,normal,1789798549.1944857,1789798549.2105305,15.201,0,15.201,pass,,read_secondary,"{""background_write_acknowledged"": true, ""reads"": [{""version"": 562, ""max_seen_before"": 561, ""violation"": false}, {""version"": 562, ""max_seen_before"": 562, ""violation"": false}]}"
20260919T061541Z_e9cd871b,563,normal,1789798549.2105305,1789798549.2229083,12.691,0,12.691,pass,,read_secondary,"{""background_write_acknowledged"": true, ""reads"": [{""version"": 563, ""max_seen_before"": 562, ""violation"": false}, {""version"": 563, ""max_seen_before"": 563, ""violation"": false}]}"
20260919T061541Z_e9cd871b,564,normal,1789798549.2229083,1789798549.2351727,12.257,0,12.257,pass,,read_secondary,"{""background_write_acknowledged"": true, ""reads"": [{""version"": 564, ""max_seen_before"": 563, ""violation"": false}, {""version"": 564, ""max_seen_before"": 564, ""violation"": false}]}"
20260919T061541Z_e9cd871b,565,normal,1789798549.2357352,1789798549.2475274,12.185,0,12.185,pass,,read_secondary,"{""background_write_acknowledged"": true, ""reads"": [{""version"": 565, ""max_seen_before"": 564, ""violation"": false}, {""version"": 565, ""max_seen_before"": 565, ""violation"": false}]}"
20260919T061541Z_e9cd871b,566,normal,1789798549.2475274,1789798549.2592196,11.628,0,11.628,pass,,read_secondary,"{""background_write_acknowledged"": true, ""reads"": [{""version"": 566, ""max_seen_before"": 565, ""violation"": false}, {""version"": 566, ""max_seen_before"": 566, ""violation"": false}]}"
20260919T061541Z_e9cd871b,567,normal,1789798549.2592196,1789798549.2726734,13.015,0,13.015,pass,,read_secondary,"{""background_write_acknowledged"": true, ""reads"": [{""version"": 567, ""max_seen_before"": 566, ""violation"": false}, {""version"": 567, ""max_seen_before"": 567, ""violation"": false}]}"
20260919T061541Z_e9cd871b,568,normal,1789798549.2726734,1789798549.2866538,13.869,0,13.869,pass,,read_secondary,"{""background_write_acknowledged"": true, ""reads"": [{""version"": 568, ""max_seen_before"": 567, ""violation"": false}, {""version"": 568, ""max_seen_before"": 568, ""violation"": false}]}"
20260919T061541Z_e9cd871b,569,normal,1789798549.2866538,1789798549.3009288,14.379,0,14.379,pass,,read_secondary,"{""background_write_acknowledged"": true, ""reads"": [{""version"": 569, ""max_seen_before"": 568, ""violation"": false}, {""version"": 569, ""max_seen_before"": 569, ""violation"": false}]}"
20260919T061541Z_e9cd871b,570,normal,1789798549.3009288,1789798549.3133883,12.418,0,12.418,pass,,read_secondary,"{""background_write_acknowledged"": true, ""reads"": [{""version"": 570, ""max_seen_before"": 569, ""violation"": false}, {""version"": 570, ""max_seen_before"": 570, ""violation"": false}]}"
20260919T061541Z_e9cd871b,571,normal,1789798549.3133883,1789798549.3320146,18.803,0,18.803,pass,,read_secondary,"{""background_write_acknowledged"": true, ""reads"": [{""version"": 571, ""max_seen_before"": 570, ""violation"": false}, {""version"": 571, ""max_seen_before"": 571, ""violation"": false}]}"
20260919T061541Z_e9cd871b,572,normal,1789798549.3326867,1789798549.347778,15.658,0,15.658,pass,,read_secondary,"{""background_write_acknowledged"": true, ""reads"": [{""version"": 572, ""max_seen_before"": 571, ""violation"": false}, {""version"": 572, ""max_seen_before"": 572, ""violation"": false}]}"
20260919T061541Z_e9cd871b,573,normal,1789798549.348517,1789798549.3639605,15.649,0,15.649,pass,,read_secondary,"{""background_write_acknowledged"": true, ""reads"": [{""version"": 573, ""max_seen_before"": 572, ""violation"": false}, {""version"": 573, ""max_seen_before"": 573, ""violation"": false}]}"
20260919T061541Z_e9cd871b,574,normal,1789798549.3639605,1789798549.378913,14.792,0,14.792,pass,,read_secondary,"{""background_write_acknowledged"": true, ""reads"": [{""version"": 574, ""max_seen_before"": 573, ""violation"": false}, {""version"": 574, ""max_seen_before"": 574, ""violation"": false}]}"
20260919T061541Z_e9cd871b,575,normal,1789798549.378913,1789798549.3902254,11.455,0,11.455,pass,,read_secondary,"{""background_write_acknowledged"": true, ""reads"": [{""version"": 575, ""max_seen_before"": 574, ""violation"": false}, {""version"": 575, ""max_seen_before"": 575, ""violation"": false}]}"
20260919T061541Z_e9cd871b,576,normal,1789798549.3902254,1789798549.403391,13.095,0,13.095,pass,,read_secondary,"{""background_write_acknowledged"": true, ""reads"": [{""version"": 576, ""max_seen_before"": 575, ""violation"": false}, {""version"": 576, ""max_seen_before"": 576, ""violation"": false}]}"
20260919T061541Z_e9cd871b,577,normal,1789798549.403391,1789798549.417489,14.177,0,14.177,pass,,read_secondary,"{""background_write_acknowledged"": true, ""reads"": [{""version"": 577, ""max_seen_before"": 576, ""violation"": false}, {""version"": 577, ""max_seen_before"": 577, ""violation"": false}]}"
20260919T061541Z_e9cd871b,578,normal,1789798549.4181306,1789798549.4303787,12.614,0,12.614,pass,,read_secondary,"{""background_write_acknowledged"": true, ""reads"": [{""version"": 578, ""max_seen_before"": 577, ""violation"": false}, {""version"": 578, ""max_seen_before"": 578, ""violation"": false}]}"
20260919T061541Z_e9cd871b,579,normal,1789798549.4303787,1789798549.4440892,13.635,0,13.635,pass,,read_secondary,"{""background_write_acknowledged"": true, ""reads"": [{""version"": 579, ""max_seen_before"": 578, ""violation"": false}, {""version"": 579, ""max_seen_before"": 579, ""violation"": false}]}"
20260919T061541Z_e9cd871b,580,normal,1789798549.4440892,1789798549.455175,10.768,0,10.768,pass,,read_secondary,"{""background_write_acknowledged"": true, ""reads"": [{""version"": 580, ""max_seen_before"": 579, ""violation"": false}, {""version"": 580, ""max_seen_before"": 580, ""violation"": false}]}"
20260919T061541Z_e9cd871b,581,normal,1789798549.455175,1789798549.4678385,12.404,0,12.404,pass,,read_secondary,"{""background_write_acknowledged"": true, ""reads"": [{""version"": 581, ""max_seen_before"": 580, ""violation"": false}, {""version"": 581, ""max_seen_before"": 581, ""violation"": false}]}"
20260919T061541Z_e9cd871b,582,normal,1789798549.4678385,1789798549.4783518,10.944,0,10.944,pass,,read_secondary,"{""background_write_acknowledged"": true, ""reads"": [{""version"": 582, ""max_seen_before"": 581, ""violation"": false}, {""version"": 582, ""max_seen_before"": 582, ""violation"": false}]}"
20260919T061541Z_e9cd871b,583,normal,1789798549.4789436,1789798549.4892282,10.593,0,10.593,pass,,read_secondary,"{""background_write_acknowledged"": true, ""reads"": [{""version"": 583, ""max_seen_before"": 582, ""violation"": false}, {""version"": 583, ""max_seen_before"": 583, ""violation"": false}]}"
20260919T061541Z_e9cd871b,584,normal,1789798549.4892282,1789798549.4991453,10.042,0,10.042,pass,,read_secondary,"{""background_write_acknowledged"": true, ""reads"": [{""version"": 584, ""max_seen_before"": 583, ""violation"": false}, {""version"": 584, ""max_seen_before"": 584, ""violation"": false}]}"
20260919T061541Z_e9cd871b,585,normal,1789798549.499742,1789798549.5094666,10.213,0,10.213,pass,,read_secondary,"{""background_write_acknowledged"": true, ""reads"": [{""version"": 585, ""max_seen_before"": 584, ""violation"": false}, {""version"": 585, ""max_seen_before"": 585, ""violation"": false}]}"
20260919T061541Z_e9cd871b,586,normal,1789798549.5100603,1789798549.5200114,10.239,0,10.239,pass,,read_secondary,"{""background_write_acknowledged"": true, ""reads"": [{""version"": 586, ""max_seen_before"": 585, ""violation"": false}, {""version"": 586, ""max_seen_before"": 586, ""violation"": false}]}"
20260919T061541Z_e9cd871b,587,normal,1789798549.5200114,1789798549.5294652,9.461,0,9.461,pass,,read_secondary,"{""background_write_acknowledged"": true, ""reads"": [{""version"": 587, ""max_seen_before"": 586, ""violation"": false}, {""version"": 587, ""max_seen_before"": 587, ""violation"": false}]}"
20260919T061541Z_e9cd871b,588,normal,1789798549.5294652,1789798549.541597,11.736,0,11.736,pass,,read_secondary,"{""background_write_acknowledged"": true, ""reads"": [{""version"": 588, ""max_seen_before"": 587, ""violation"": false}, {""version"": 588, ""max_seen_before"": 588, ""violation"": false}]}"
20260919T061541Z_e9cd871b,589,normal,1789798549.541597,1789798549.5526683,11.163,0,11.163,pass,,read_secondary,"{""background_write_acknowledged"": true, ""reads"": [{""version"": 589, ""max_seen_before"": 588, ""violation"": false}, {""version"": 589, ""max_seen_before"": 589, ""violation"": false}]}"
20260919T061541Z_e9cd871b,590,normal,1789798549.5526683,1789798549.5628505,10.489,0,10.489,pass,,read_secondary,"{""background_write_acknowledged"": true, ""reads"": [{""version"": 590, ""max_seen_before"": 589, ""violation"": false}, {""version"": 590, ""max_seen_before"": 590, ""violation"": false}]}"
20260919T061541Z_e9cd871b,591,normal,1789798549.5628505,1789798549.5739684,11.018,0,11.018,pass,,read_secondary,"{""background_write_acknowledged"": true, ""reads"": [{""version"": 591, ""max_seen_before"": 590, ""violation"": false}, {""version"": 591, ""max_seen_before"": 591, ""violation"": false}]}"
20260919T061541Z_e9cd871b,592,normal,1789798549.5746098,1789798549.5852003,11.074,0,11.074,pass,,read_secondary,"{""background_write_acknowledged"": true, ""reads"": [{""version"": 592, ""max_seen_before"": 591, ""violation"": false}, {""version"": 592, ""max_seen_before"": 592, ""violation"": false}]}"
20260919T061541Z_e9cd871b,593,normal,1789798549.5852003,1789798549.5950887,9.776,0,9.776,pass,,read_secondary,"{""background_write_acknowledged"": true, ""reads"": [{""version"": 593, ""max_seen_before"": 592, ""violation"": false}, {""version"": 593, ""max_seen_before"": 593, ""violation"": false}]}"
20260919T061541Z_e9cd871b,594,normal,1789798549.5956538,1789798549.605406,9.829,0,9.829,pass,,read_secondary,"{""background_write_acknowledged"": true, ""reads"": [{""version"": 594, ""max_seen_before"": 593, ""violation"": false}, {""version"": 594, ""max_seen_before"": 594, ""violation"": false}]}"
20260919T061541Z_e9cd871b,595,normal,1789798549.605406,1789798549.6148906,9.602,0,9.602,pass,,read_secondary,"{""background_write_acknowledged"": true, ""reads"": [{""version"": 595, ""max_seen_before"": 594, ""violation"": false}, {""version"": 595, ""max_seen_before"": 595, ""violation"": false}]}"
20260919T061541Z_e9cd871b,596,normal,1789798549.6148906,1789798549.6245337,9.602,0,9.602,pass,,read_secondary,"{""background_write_acknowledged"": true, ""reads"": [{""version"": 596, ""max_seen_before"": 595, ""violation"": false}, {""version"": 596, ""max_seen_before"": 596, ""violation"": false}]}"
20260919T061541Z_e9cd871b,597,normal,1789798549.6245337,1789798549.6365585,11.788,0,11.788,pass,,read_secondary,"{""background_write_acknowledged"": true, ""reads"": [{""version"": 597, ""max_seen_before"": 596, ""violation"": false}, {""version"": 597, ""max_seen_before"": 597, ""violation"": false}]}"
20260919T061541Z_e9cd871b,598,normal,1789798549.6365585,1789798549.647394,10.761,0,10.761,pass,,read_secondary,"{""background_write_acknowledged"": true, ""reads"": [{""version"": 598, ""max_seen_before"": 597, ""violation"": false}, {""version"": 598, ""max_seen_before"": 598, ""violation"": false}]}"
20260919T061541Z_e9cd871b,599,normal,1789798549.647394,1789798549.6593008,11.666,0,11.666,pass,,read_secondary,"{""background_write_acknowledged"": true, ""reads"": [{""version"": 599, ""max_seen_before"": 598, ""violation"": false}, {""version"": 599, ""max_seen_before"": 599, ""violation"": false}]}"
20260919T061541Z_e9cd871b,600,normal,1789798549.6593008,1789798549.676739,18.04,0,18.04,pass,,read_secondary,"{""background_write_acknowledged"": true, ""reads"": [{""version"": 600, ""max_seen_before"": 599, ""violation"": false}, {""version"": 600, ""max_seen_before"": 600, ""violation"": false}]}"
20260919T061541Z_e9cd871b,601,normal,1789798549.680704,1789798549.6947868,14.085,0,14.085,pass,,read_secondary,"{""background_write_acknowledged"": true, ""reads"": [{""version"": 601, ""max_seen_before"": 600, ""violation"": false}, {""version"": 601, ""max_seen_before"": 601, ""violation"": false}]}"
20260919T061541Z_e9cd871b,602,normal,1789798549.6947868,1789798549.7078803,12.732,0,12.732,pass,,read_secondary,"{""background_write_acknowledged"": true, ""reads"": [{""version"": 602, ""max_seen_before"": 601, ""violation"": false}, {""version"": 602, ""max_seen_before"": 602, ""violation"": false}]}"
20260919T061541Z_e9cd871b,603,normal,1789798549.7078803,1789798549.72062,12.869,0,12.869,pass,,read_secondary,"{""background_write_acknowledged"": true, ""reads"": [{""version"": 603, ""max_seen_before"": 602, ""violation"": false}, {""version"": 603, ""max_seen_before"": 603, ""violation"": false}]}"
20260919T061541Z_e9cd871b,604,normal,1789798549.72062,1789798549.7324247,12.178,0,12.178,pass,,read_secondary,"{""background_write_acknowledged"": true, ""reads"": [{""version"": 604, ""max_seen_before"": 603, ""violation"": false}, {""version"": 604, ""max_seen_before"": 604, ""violation"": false}]}"
20260919T061541Z_e9cd871b,605,normal,1789798549.7331626,1789798549.7455282,12.517,0,12.517,pass,,read_secondary,"{""background_write_acknowledged"": true, ""reads"": [{""version"": 605, ""max_seen_before"": 604, ""violation"": false}, {""version"": 605, ""max_seen_before"": 605, ""violation"": false}]}"
20260919T061541Z_e9cd871b,606,normal,1789798549.7455282,1789798549.7579021,12.875,0,12.875,pass,,read_secondary,"{""background_write_acknowledged"": true, ""reads"": [{""version"": 606, ""max_seen_before"": 605, ""violation"": false}, {""version"": 606, ""max_seen_before"": 606, ""violation"": false}]}"
20260919T061541Z_e9cd871b,607,normal,1789798549.7586892,1789798549.770882,12.252,0,12.252,pass,,read_secondary,"{""background_write_acknowledged"": true, ""reads"": [{""version"": 607, ""max_seen_before"": 606, ""violation"": false}, {""version"": 607, ""max_seen_before"": 607, ""violation"": false}]}"
20260919T061541Z_e9cd871b,608,normal,1789798549.770882,1789798549.7820857,11.572,0,11.572,pass,,read_secondary,"{""background_write_acknowledged"": true, ""reads"": [{""version"": 608, ""max_seen_before"": 607, ""violation"": false}, {""version"": 608, ""max_seen_before"": 608, ""violation"": false}]}"
20260919T061541Z_e9cd871b,609,normal,1789798549.7820857,1789798549.7945697,12.24,0,12.24,pass,,read_secondary,"{""background_write_acknowledged"": true, ""reads"": [{""version"": 609, ""max_seen_before"": 608, ""violation"": false}, {""version"": 609, ""max_seen_before"": 609, ""violation"": false}]}"
20260919T061541Z_e9cd871b,610,normal,1789798549.7945697,1789798549.8080018,13.241,0,13.241,pass,,read_secondary,"{""background_write_acknowledged"": true, ""reads"": [{""version"": 610, ""max_seen_before"": 609, ""violation"": false}, {""version"": 610, ""max_seen_before"": 610, ""violation"": false}]}"
20260919T061541Z_e9cd871b,611,normal,1789798549.8080018,1789798549.8215272,13.561,0,13.561,pass,,read_secondary,"{""background_write_acknowledged"": true, ""reads"": [{""version"": 611, ""max_seen_before"": 610, ""violation"": false}, {""version"": 611, ""max_seen_before"": 611, ""violation"": false}]}"
20260919T061541Z_e9cd871b,612,normal,1789798549.8215272,1789798549.8340409,12.623,0,12.623,pass,,read_secondary,"{""background_write_acknowledged"": true, ""reads"": [{""version"": 612, ""max_seen_before"": 611, ""violation"": false}, {""version"": 612, ""max_seen_before"": 612, ""violation"": false}]}"
20260919T061541Z_e9cd871b,613,normal,1789798549.8347497,1789798549.848835,14.494,0,14.494,pass,,read_secondary,"{""background_write_acknowledged"": true, ""reads"": [{""version"": 613, ""max_seen_before"": 612, ""violation"": false}, {""version"": 613, ""max_seen_before"": 613, ""violation"": false}]}"
20260919T061541Z_e9cd871b,614,normal,1789798549.848835,1789798549.8635914,14.717,0,14.717,pass,,read_secondary,"{""background_write_acknowledged"": true, ""reads"": [{""version"": 614, ""max_seen_before"": 613, ""violation"": false}, {""version"": 614, ""max_seen_before"": 614, ""violation"": false}]}"
20260919T061541Z_e9cd871b,615,normal,1789798549.8635914,1789798549.876758,12.728,0,12.728,pass,,read_secondary,"{""background_write_acknowledged"": true, ""reads"": [{""version"": 615, ""max_seen_before"": 614, ""violation"": false}, {""version"": 615, ""max_seen_before"": 615, ""violation"": false}]}"
20260919T061541Z_e9cd871b,616,normal,1789798549.876758,1789798549.8907082,14.418,0,14.418,pass,,read_secondary,"{""background_write_acknowledged"": true, ""reads"": [{""version"": 616, ""max_seen_before"": 615, ""violation"": false}, {""version"": 616, ""max_seen_before"": 616, ""violation"": false}]}"
20260919T061541Z_e9cd871b,617,normal,1789798549.8913622,1789798549.9048607,13.583,0,13.583,pass,,read_secondary,"{""background_write_acknowledged"": true, ""reads"": [{""version"": 617, ""max_seen_before"": 616, ""violation"": false}, {""version"": 617, ""max_seen_before"": 617, ""violation"": false}]}"
20260919T061541Z_e9cd871b,618,normal,1789798549.9048607,1789798549.9212708,16.148,0,16.148,pass,,read_secondary,"{""background_write_acknowledged"": true, ""reads"": [{""version"": 618, ""max_seen_before"": 617, ""violation"": false}, {""version"": 618, ""max_seen_before"": 618, ""violation"": false}]}"
20260919T061541Z_e9cd871b,619,normal,1789798549.9212708,1789798549.9351954,13.865,0,13.865,pass,,read_secondary,"{""background_write_acknowledged"": true, ""reads"": [{""version"": 619, ""max_seen_before"": 618, ""violation"": false}, {""version"": 619, ""max_seen_before"": 619, ""violation"": false}]}"
20260919T061541Z_e9cd871b,620,normal,1789798549.9351954,1789798549.9469929,12.012,0,12.012,pass,,read_secondary,"{""background_write_acknowledged"": true, ""reads"": [{""version"": 620, ""max_seen_before"": 619, ""violation"": false}, {""version"": 620, ""max_seen_before"": 620, ""violation"": false}]}"
20260919T061541Z_e9cd871b,621,normal,1789798549.9469929,1789798549.9594908,12.18,0,12.18,pass,,read_secondary,"{""background_write_acknowledged"": true, ""reads"": [{""version"": 621, ""max_seen_before"": 620, ""violation"": false}, {""version"": 621, ""max_seen_before"": 621, ""violation"": false}]}"
20260919T061541Z_e9cd871b,622,normal,1789798549.9594908,1789798549.9724407,13.302,0,13.302,pass,,read_secondary,"{""background_write_acknowledged"": true, ""reads"": [{""version"": 622, ""max_seen_before"": 621, ""violation"": false}, {""version"": 622, ""max_seen_before"": 622, ""violation"": false}]}"
20260919T061541Z_e9cd871b,623,normal,1789798549.9724407,1789798549.9862902,13.591,0,13.591,pass,,read_secondary,"{""background_write_acknowledged"": true, ""reads"": [{""version"": 623, ""max_seen_before"": 622, ""violation"": false}, {""version"": 623, ""max_seen_before"": 623, ""violation"": false}]}"
20260919T061541Z_e9cd871b,624,normal,1789798549.9862902,1789798549.9992018,12.928,0,12.928,pass,,read_secondary,"{""background_write_acknowledged"": true, ""reads"": [{""version"": 624, ""max_seen_before"": 623, ""violation"": false}, {""version"": 624, ""max_seen_before"": 624, ""violation"": false}]}"
20260919T061541Z_e9cd871b,625,normal,1789798549.9992018,1789798550.013002,13.37,0,13.37,pass,,read_secondary,"{""background_write_acknowledged"": true, ""reads"": [{""version"": 625, ""max_seen_before"": 624, ""violation"": false}, {""version"": 625, ""max_seen_before"": 625, ""violation"": false}]}"
20260919T061541Z_e9cd871b,626,normal,1789798550.013002,1789798550.0238533,11.197,0,11.197,pass,,read_secondary,"{""background_write_acknowledged"": true, ""reads"": [{""version"": 626, ""max_seen_before"": 625, ""violation"": false}, {""version"": 626, ""max_seen_before"": 626, ""violation"": false}]}"
20260919T061541Z_e9cd871b,627,normal,1789798550.0244737,1789798550.035631,11.849,0,11.849,pass,,read_secondary,"{""background_write_acknowledged"": true, ""reads"": [{""version"": 627, ""max_seen_before"": 626, ""violation"": false}, {""version"": 627, ""max_seen_before"": 627, ""violation"": false}]}"
20260919T061541Z_e9cd871b,628,normal,1789798550.0363998,1789798550.0480647,11.873,0,11.873,pass,,read_secondary,"{""background_write_acknowledged"": true, ""reads"": [{""version"": 628, ""max_seen_before"": 627, ""violation"": false}, {""version"": 628, ""max_seen_before"": 628, ""violation"": false}]}"
20260919T061541Z_e9cd871b,629,normal,1789798550.0480647,1789798550.0593467,11.526,0,11.526,pass,,read_secondary,"{""background_write_acknowledged"": true, ""reads"": [{""version"": 629, ""max_seen_before"": 628, ""violation"": false}, {""version"": 629, ""max_seen_before"": 629, ""violation"": false}]}"
20260919T061541Z_e9cd871b,630,normal,1789798550.0599794,1789798550.0735452,13.582,0,13.582,pass,,read_secondary,"{""background_write_acknowledged"": true, ""reads"": [{""version"": 630, ""max_seen_before"": 629, ""violation"": false}, {""version"": 630, ""max_seen_before"": 630, ""violation"": false}]}"
20260919T061541Z_e9cd871b,631,normal,1789798550.0735452,1789798550.0850098,11.695,0,11.695,pass,,read_secondary,"{""background_write_acknowledged"": true, ""reads"": [{""version"": 631, ""max_seen_before"": 630, ""violation"": false}, {""version"": 631, ""max_seen_before"": 631, ""violation"": false}]}"
20260919T061541Z_e9cd871b,632,normal,1789798550.0850098,1789798550.0971107,11.977,0,11.977,pass,,read_secondary,"{""background_write_acknowledged"": true, ""reads"": [{""version"": 632, ""max_seen_before"": 631, ""violation"": false}, {""version"": 632, ""max_seen_before"": 632, ""violation"": false}]}"
20260919T061541Z_e9cd871b,633,normal,1789798550.0971107,1789798550.1091754,12.096,0,12.096,pass,,read_secondary,"{""background_write_acknowledged"": true, ""reads"": [{""version"": 633, ""max_seen_before"": 632, ""violation"": false}, {""version"": 633, ""max_seen_before"": 633, ""violation"": false}]}"
20260919T061541Z_e9cd871b,634,normal,1789798550.1091754,1789798550.1246707,15.063,0,15.063,pass,,read_secondary,"{""background_write_acknowledged"": true, ""reads"": [{""version"": 634, ""max_seen_before"": 633, ""violation"": false}, {""version"": 634, ""max_seen_before"": 634, ""violation"": false}]}"
20260919T061541Z_e9cd871b,635,normal,1789798550.1246707,1789798550.1362598,12.269,0,12.269,pass,,read_secondary,"{""background_write_acknowledged"": true, ""reads"": [{""version"": 635, ""max_seen_before"": 634, ""violation"": false}, {""version"": 635, ""max_seen_before"": 635, ""violation"": false}]}"
20260919T061541Z_e9cd871b,636,normal,1789798550.1373045,1789798550.148221,11.042,0,11.042,pass,,read_secondary,"{""background_write_acknowledged"": true, ""reads"": [{""version"": 636, ""max_seen_before"": 635, ""violation"": false}, {""version"": 636, ""max_seen_before"": 636, ""violation"": false}]}"
20260919T061541Z_e9cd871b,637,normal,1789798550.148221,1789798550.159803,12.033,0,12.033,pass,,read_secondary,"{""background_write_acknowledged"": true, ""reads"": [{""version"": 637, ""max_seen_before"": 636, ""violation"": false}, {""version"": 637, ""max_seen_before"": 637, ""violation"": false}]}"
20260919T061541Z_e9cd871b,638,normal,1789798550.1605175,1789798550.1713378,11.263,0,11.263,pass,,read_secondary,"{""background_write_acknowledged"": true, ""reads"": [{""version"": 638, ""max_seen_before"": 637, ""violation"": false}, {""version"": 638, ""max_seen_before"": 638, ""violation"": false}]}"
20260919T061541Z_e9cd871b,639,normal,1789798550.1713378,1789798550.1830738,11.683,0,11.683,pass,,read_secondary,"{""background_write_acknowledged"": true, ""reads"": [{""version"": 639, ""max_seen_before"": 638, ""violation"": false}, {""version"": 639, ""max_seen_before"": 639, ""violation"": false}]}"
20260919T061541Z_e9cd871b,640,normal,1789798550.1830738,1789798550.1937122,11.037,0,11.037,pass,,read_secondary,"{""background_write_acknowledged"": true, ""reads"": [{""version"": 640, ""max_seen_before"": 639, ""violation"": false}, {""version"": 640, ""max_seen_before"": 640, ""violation"": false}]}"
20260919T061541Z_e9cd871b,641,normal,1789798550.1937122,1789798550.206982,12.351,0,12.351,pass,,read_secondary,"{""background_write_acknowledged"": true, ""reads"": [{""version"": 641, ""max_seen_before"": 640, ""violation"": false}, {""version"": 641, ""max_seen_before"": 641, ""violation"": false}]}"
20260919T061541Z_e9cd871b,642,normal,1789798550.206982,1789798550.221827,14.789,0,14.789,pass,,read_secondary,"{""background_write_acknowledged"": true, ""reads"": [{""version"": 642, ""max_seen_before"": 641, ""violation"": false}, {""version"": 642, ""max_seen_before"": 642, ""violation"": false}]}"
20260919T061541Z_e9cd871b,643,normal,1789798550.221827,1789798550.2365813,14.772,0,14.772,pass,,read_secondary,"{""background_write_acknowledged"": true, ""reads"": [{""version"": 643, ""max_seen_before"": 642, ""violation"": false}, {""version"": 643, ""max_seen_before"": 643, ""violation"": false}]}"
20260919T061541Z_e9cd871b,644,normal,1789798550.2365813,1789798550.24861,12.024,0,12.024,pass,,read_secondary,"{""background_write_acknowledged"": true, ""reads"": [{""version"": 644, ""max_seen_before"": 643, ""violation"": false}, {""version"": 644, ""max_seen_before"": 644, ""violation"": false}]}"
20260919T061541Z_e9cd871b,645,normal,1789798550.24861,1789798550.2623827,13.538,0,13.538,pass,,read_secondary,"{""background_write_acknowledged"": true, ""reads"": [{""version"": 645, ""max_seen_before"": 644, ""violation"": false}, {""version"": 645, ""max_seen_before"": 645, ""violation"": false}]}"
20260919T061541Z_e9cd871b,646,normal,1789798550.2623827,1789798550.2745893,12.313,0,12.313,pass,,read_secondary,"{""background_write_acknowledged"": true, ""reads"": [{""version"": 646, ""max_seen_before"": 645, ""violation"": false}, {""version"": 646, ""max_seen_before"": 646, ""violation"": false}]}"
20260919T061541Z_e9cd871b,647,normal,1789798550.2745893,1789798550.2883546,13.39,0,13.39,pass,,read_secondary,"{""background_write_acknowledged"": true, ""reads"": [{""version"": 647, ""max_seen_before"": 646, ""violation"": false}, {""version"": 647, ""max_seen_before"": 647, ""violation"": false}]}"
20260919T061541Z_e9cd871b,648,normal,1789798550.2883546,1789798550.2996612,11.36,0,11.36,pass,,read_secondary,"{""background_write_acknowledged"": true, ""reads"": [{""version"": 648, ""max_seen_before"": 647, ""violation"": false}, {""version"": 648, ""max_seen_before"": 648, ""violation"": false}]}"
20260919T061541Z_e9cd871b,649,normal,1789798550.2996612,1789798550.3111534,11.192,0,11.192,pass,,read_secondary,"{""background_write_acknowledged"": true, ""reads"": [{""version"": 649, ""max_seen_before"": 648, ""violation"": false}, {""version"": 649, ""max_seen_before"": 649, ""violation"": false}]}"
20260919T061541Z_e9cd871b,650,normal,1789798550.3111534,1789798550.321505,10.541,0,10.541,pass,,read_secondary,"{""background_write_acknowledged"": true, ""reads"": [{""version"": 650, ""max_seen_before"": 649, ""violation"": false}, {""version"": 650, ""max_seen_before"": 650, ""violation"": false}]}"
20260919T061541Z_e9cd871b,651,normal,1789798550.321505,1789798550.3328648,10.961,0,10.961,pass,,read_secondary,"{""background_write_acknowledged"": true, ""reads"": [{""version"": 651, ""max_seen_before"": 650, ""violation"": false}, {""version"": 651, ""max_seen_before"": 651, ""violation"": false}]}"
20260919T061541Z_e9cd871b,652,normal,1789798550.3328648,1789798550.3444,12.096,0,12.096,pass,,read_secondary,"{""background_write_acknowledged"": true, ""reads"": [{""version"": 652, ""max_seen_before"": 651, ""violation"": false}, {""version"": 652, ""max_seen_before"": 652, ""violation"": false}]}"
20260919T061541Z_e9cd871b,653,normal,1789798550.3451097,1789798550.3557324,11.146,0,11.146,pass,,read_secondary,"{""background_write_acknowledged"": true, ""reads"": [{""version"": 653, ""max_seen_before"": 652, ""violation"": false}, {""version"": 653, ""max_seen_before"": 653, ""violation"": false}]}"
20260919T061541Z_e9cd871b,654,normal,1789798550.3557324,1789798550.3675878,11.701,0,11.701,pass,,read_secondary,"{""background_write_acknowledged"": true, ""reads"": [{""version"": 654, ""max_seen_before"": 653, ""violation"": false}, {""version"": 654, ""max_seen_before"": 654, ""violation"": false}]}"
20260919T061541Z_e9cd871b,655,normal,1789798550.3675878,1789798550.3807542,12.648,0,12.648,pass,,read_secondary,"{""background_write_acknowledged"": true, ""reads"": [{""version"": 655, ""max_seen_before"": 654, ""violation"": false}, {""version"": 655, ""max_seen_before"": 655, ""violation"": false}]}"
20260919T061541Z_e9cd871b,656,normal,1789798550.3807542,1789798550.3933256,12.692,0,12.692,pass,,read_secondary,"{""background_write_acknowledged"": true, ""reads"": [{""version"": 656, ""max_seen_before"": 655, ""violation"": false}, {""version"": 656, ""max_seen_before"": 656, ""violation"": false}]}"
20260919T061541Z_e9cd871b,657,normal,1789798550.3933256,1789798550.4109917,17.913,0,17.913,pass,,read_secondary,"{""background_write_acknowledged"": true, ""reads"": [{""version"": 657, ""max_seen_before"": 656, ""violation"": false}, {""version"": 657, ""max_seen_before"": 657, ""violation"": false}]}"
20260919T061541Z_e9cd871b,658,normal,1789798550.4116948,1789798550.4270809,15.952,0,15.952,pass,,read_secondary,"{""background_write_acknowledged"": true, ""reads"": [{""version"": 658, ""max_seen_before"": 657, ""violation"": false}, {""version"": 658, ""max_seen_before"": 658, ""violation"": false}]}"
20260919T061541Z_e9cd871b,659,normal,1789798550.4270809,1789798550.4432852,15.269,0,15.269,pass,,read_secondary,"{""background_write_acknowledged"": true, ""reads"": [{""version"": 659, ""max_seen_before"": 658, ""violation"": false}, {""version"": 659, ""max_seen_before"": 659, ""violation"": false}]}"
20260919T061541Z_e9cd871b,660,normal,1789798550.4432852,1789798550.4559052,13.016,0,13.016,pass,,read_secondary,"{""background_write_acknowledged"": true, ""reads"": [{""version"": 660, ""max_seen_before"": 659, ""violation"": false}, {""version"": 660, ""max_seen_before"": 660, ""violation"": false}]}"
20260919T061541Z_e9cd871b,661,normal,1789798550.4564157,1789798550.4681528,11.831,0,11.831,pass,,read_secondary,"{""background_write_acknowledged"": true, ""reads"": [{""version"": 661, ""max_seen_before"": 660, ""violation"": false}, {""version"": 661, ""max_seen_before"": 661, ""violation"": false}]}"
20260919T061541Z_e9cd871b,662,normal,1789798550.4681528,1789798550.4796312,11.731,0,11.731,pass,,read_secondary,"{""background_write_acknowledged"": true, ""reads"": [{""version"": 662, ""max_seen_before"": 661, ""violation"": false}, {""version"": 662, ""max_seen_before"": 662, ""violation"": false}]}"
20260919T061541Z_e9cd871b,663,normal,1789798550.4796312,1789798550.4936097,13.824,0,13.824,pass,,read_secondary,"{""background_write_acknowledged"": true, ""reads"": [{""version"": 663, ""max_seen_before"": 662, ""violation"": false}, {""version"": 663, ""max_seen_before"": 663, ""violation"": false}]}"
20260919T061541Z_e9cd871b,664,normal,1789798550.4936097,1789798550.5087564,14.788,0,14.788,pass,,read_secondary,"{""background_write_acknowledged"": true, ""reads"": [{""version"": 664, ""max_seen_before"": 663, ""violation"": false}, {""version"": 664, ""max_seen_before"": 664, ""violation"": false}]}"
20260919T061541Z_e9cd871b,665,normal,1789798550.5087564,1789798550.5237477,14.76,0,14.76,pass,,read_secondary,"{""background_write_acknowledged"": true, ""reads"": [{""version"": 665, ""max_seen_before"": 664, ""violation"": false}, {""version"": 665, ""max_seen_before"": 665, ""violation"": false}]}"
20260919T061541Z_e9cd871b,666,normal,1789798550.5237477,1789798550.535491,11.878,0,11.878,pass,,read_secondary,"{""background_write_acknowledged"": true, ""reads"": [{""version"": 666, ""max_seen_before"": 665, ""violation"": false}, {""version"": 666, ""max_seen_before"": 666, ""violation"": false}]}"
20260919T061541Z_e9cd871b,667,normal,1789798550.535491,1789798550.5477958,12.187,0,12.187,pass,,read_secondary,"{""background_write_acknowledged"": true, ""reads"": [{""version"": 667, ""max_seen_before"": 666, ""violation"": false}, {""version"": 667, ""max_seen_before"": 667, ""violation"": false}]}"
20260919T061541Z_e9cd871b,668,normal,1789798550.5477958,1789798550.5598958,12.084,0,12.084,pass,,read_secondary,"{""background_write_acknowledged"": true, ""reads"": [{""version"": 668, ""max_seen_before"": 667, ""violation"": false}, {""version"": 668, ""max_seen_before"": 668, ""violation"": false}]}"
20260919T061541Z_e9cd871b,669,normal,1789798550.5598958,1789798550.573401,13.384,0,13.384,pass,,read_secondary,"{""background_write_acknowledged"": true, ""reads"": [{""version"": 669, ""max_seen_before"": 668, ""violation"": false}, {""version"": 669, ""max_seen_before"": 669, ""violation"": false}]}"
20260919T061541Z_e9cd871b,670,normal,1789798550.573401,1789798550.5882866,14.543,0,14.543,pass,,read_secondary,"{""background_write_acknowledged"": true, ""reads"": [{""version"": 670, ""max_seen_before"": 669, ""violation"": false}, {""version"": 670, ""max_seen_before"": 670, ""violation"": false}]}"
20260919T061541Z_e9cd871b,671,normal,1789798550.5882866,1789798550.6018863,13.792,0,13.792,pass,,read_secondary,"{""background_write_acknowledged"": true, ""reads"": [{""version"": 671, ""max_seen_before"": 670, ""violation"": false}, {""version"": 671, ""max_seen_before"": 671, ""violation"": false}]}"
20260919T061541Z_e9cd871b,672,normal,1789798550.6018863,1789798550.6134675,11.746,0,11.746,pass,,read_secondary,"{""background_write_acknowledged"": true, ""reads"": [{""version"": 672, ""max_seen_before"": 671, ""violation"": false}, {""version"": 672, ""max_seen_before"": 672, ""violation"": false}]}"
20260919T061541Z_e9cd871b,673,normal,1789798550.6134675,1789798550.6248,11.154,0,11.154,pass,,read_secondary,"{""background_write_acknowledged"": true, ""reads"": [{""version"": 673, ""max_seen_before"": 672, ""violation"": false}, {""version"": 673, ""max_seen_before"": 673, ""violation"": false}]}"
20260919T061541Z_e9cd871b,674,normal,1789798550.6248,1789798550.6365592,11.853,0,11.853,pass,,read_secondary,"{""background_write_acknowledged"": true, ""reads"": [{""version"": 674, ""max_seen_before"": 673, ""violation"": false}, {""version"": 674, ""max_seen_before"": 674, ""violation"": false}]}"
20260919T061541Z_e9cd871b,675,normal,1789798550.6365592,1789798550.6488583,11.929,0,11.929,pass,,read_secondary,"{""background_write_acknowledged"": true, ""reads"": [{""version"": 675, ""max_seen_before"": 674, ""violation"": false}, {""version"": 675, ""max_seen_before"": 675, ""violation"": false}]}"
20260919T061541Z_e9cd871b,676,normal,1789798550.6488583,1789798550.6626456,13.429,0,13.429,pass,,read_secondary,"{""background_write_acknowledged"": true, ""reads"": [{""version"": 676, ""max_seen_before"": 675, ""violation"": false}, {""version"": 676, ""max_seen_before"": 676, ""violation"": false}]}"
20260919T061541Z_e9cd871b,677,normal,1789798550.6626456,1789798550.6758003,13.315,0,13.315,pass,,read_secondary,"{""background_write_acknowledged"": true, ""reads"": [{""version"": 677, ""max_seen_before"": 676, ""violation"": false}, {""version"": 677, ""max_seen_before"": 677, ""violation"": false}]}"
20260919T061541Z_e9cd871b,678,normal,1789798550.6758003,1789798550.6895454,13.594,0,13.594,pass,,read_secondary,"{""background_write_acknowledged"": true, ""reads"": [{""version"": 678, ""max_seen_before"": 677, ""violation"": false}, {""version"": 678, ""max_seen_before"": 678, ""violation"": false}]}"
20260919T061541Z_e9cd871b,679,normal,1789798550.6895454,1789798550.7014349,12.011,0,12.011,pass,,read_secondary,"{""background_write_acknowledged"": true, ""reads"": [{""version"": 679, ""max_seen_before"": 678, ""violation"": false}, {""version"": 679, ""max_seen_before"": 679, ""violation"": false}]}"
20260919T061541Z_e9cd871b,680,normal,1789798550.7019987,1789798550.7129073,11.237,0,11.237,pass,,read_secondary,"{""background_write_acknowledged"": true, ""reads"": [{""version"": 680, ""max_seen_before"": 679, ""violation"": false}, {""version"": 680, ""max_seen_before"": 680, ""violation"": false}]}"
20260919T061541Z_e9cd871b,681,normal,1789798550.7129073,1789798550.725787,12.478,0,12.478,pass,,read_secondary,"{""background_write_acknowledged"": true, ""reads"": [{""version"": 681, ""max_seen_before"": 680, ""violation"": false}, {""version"": 681, ""max_seen_before"": 681, ""violation"": false}]}"
20260919T061541Z_e9cd871b,682,normal,1789798550.725787,1789798550.7392082,13.295,0,13.295,pass,,read_secondary,"{""background_write_acknowledged"": true, ""reads"": [{""version"": 682, ""max_seen_before"": 681, ""violation"": false}, {""version"": 682, ""max_seen_before"": 682, ""violation"": false}]}"
20260919T061541Z_e9cd871b,683,normal,1789798550.7392082,1789798550.7524922,13.54,0,13.54,pass,,read_secondary,"{""background_write_acknowledged"": true, ""reads"": [{""version"": 683, ""max_seen_before"": 682, ""violation"": false}, {""version"": 683, ""max_seen_before"": 683, ""violation"": false}]}"
20260919T061541Z_e9cd871b,684,normal,1789798550.7530017,1789798550.7652543,12.326,0,12.326,pass,,read_secondary,"{""background_write_acknowledged"": true, ""reads"": [{""version"": 684, ""max_seen_before"": 683, ""violation"": false}, {""version"": 684, ""max_seen_before"": 684, ""violation"": false}]}"
20260919T061541Z_e9cd871b,685,normal,1789798550.7652543,1789798550.7778428,12.324,0,12.324,pass,,read_secondary,"{""background_write_acknowledged"": true, ""reads"": [{""version"": 685, ""max_seen_before"": 684, ""violation"": false}, {""version"": 685, ""max_seen_before"": 685, ""violation"": false}]}"
20260919T061541Z_e9cd871b,686,normal,1789798550.7778428,1789798550.7904246,13.37,0,13.37,pass,,read_secondary,"{""background_write_acknowledged"": true, ""reads"": [{""version"": 686, ""max_seen_before"": 685, ""violation"": false}, {""version"": 686, ""max_seen_before"": 686, ""violation"": false}]}"
20260919T061541Z_e9cd871b,687,normal,1789798550.7904246,1789798550.8042507,12.975,0,12.975,pass,,read_secondary,"{""background_write_acknowledged"": true, ""reads"": [{""version"": 687, ""max_seen_before"": 686, ""violation"": false}, {""version"": 687, ""max_seen_before"": 687, ""violation"": false}]}"
20260919T061541Z_e9cd871b,688,normal,1789798550.8042507,1789798550.8173857,13.319,0,13.319,pass,,read_secondary,"{""background_write_acknowledged"": true, ""reads"": [{""version"": 688, ""max_seen_before"": 687, ""violation"": false}, {""version"": 688, ""max_seen_before"": 688, ""violation"": false}]}"
20260919T061541Z_e9cd871b,689,normal,1789798550.8178945,1789798550.8294506,11.894,0,11.894,pass,,read_secondary,"{""background_write_acknowledged"": true, ""reads"": [{""version"": 689, ""max_seen_before"": 688, ""violation"": false}, {""version"": 689, ""max_seen_before"": 689, ""violation"": false}]}"
20260919T061541Z_e9cd871b,690,normal,1789798550.8294506,1789798550.8425236,12.725,0,12.725,pass,,read_secondary,"{""background_write_acknowledged"": true, ""reads"": [{""version"": 690, ""max_seen_before"": 689, ""violation"": false}, {""version"": 690, ""max_seen_before"": 690, ""violation"": false}]}"
20260919T061541Z_e9cd871b,691,normal,1789798550.8425236,1789798550.8552434,12.865,0,12.865,pass,,read_secondary,"{""background_write_acknowledged"": true, ""reads"": [{""version"": 691, ""max_seen_before"": 690, ""violation"": false}, {""version"": 691, ""max_seen_before"": 691, ""violation"": false}]}"
20260919T061541Z_e9cd871b,692,normal,1789798550.8552434,1789798550.8684645,13.097,0,13.097,pass,,read_secondary,"{""background_write_acknowledged"": true, ""reads"": [{""version"": 692, ""max_seen_before"": 691, ""violation"": false}, {""version"": 692, ""max_seen_before"": 692, ""violation"": false}]}"
20260919T061541Z_e9cd871b,693,normal,1789798550.8684645,1789798550.8829243,14.617,0,14.617,pass,,read_secondary,"{""background_write_acknowledged"": true, ""reads"": [{""version"": 693, ""max_seen_before"": 692, ""violation"": false}, {""version"": 693, ""max_seen_before"": 693, ""violation"": false}]}"
20260919T061541Z_e9cd871b,694,normal,1789798550.8836286,1789798550.8974247,14.238,0,14.238,pass,,read_secondary,"{""background_write_acknowledged"": true, ""reads"": [{""version"": 694, ""max_seen_before"": 693, ""violation"": false}, {""version"": 694, ""max_seen_before"": 694, ""violation"": false}]}"
20260919T061541Z_e9cd871b,695,normal,1789798550.8974247,1789798550.909964,12.439,0,12.439,pass,,read_secondary,"{""background_write_acknowledged"": true, ""reads"": [{""version"": 695, ""max_seen_before"": 694, ""violation"": false}, {""version"": 695, ""max_seen_before"": 695, ""violation"": false}]}"
20260919T061541Z_e9cd871b,696,normal,1789798550.909964,1789798550.9243898,14.099,0,14.099,pass,,read_secondary,"{""background_write_acknowledged"": true, ""reads"": [{""version"": 696, ""max_seen_before"": 695, ""violation"": false}, {""version"": 696, ""max_seen_before"": 696, ""violation"": false}]}"
20260919T061541Z_e9cd871b,697,normal,1789798550.9243898,1789798550.9374366,13.192,0,13.192,pass,,read_secondary,"{""background_write_acknowledged"": true, ""reads"": [{""version"": 697, ""max_seen_before"": 696, ""violation"": false}, {""version"": 697, ""max_seen_before"": 697, ""violation"": false}]}"
20260919T061541Z_e9cd871b,698,normal,1789798550.9380124,1789798550.9513538,13.361,0,13.361,pass,,read_secondary,"{""background_write_acknowledged"": true, ""reads"": [{""version"": 698, ""max_seen_before"": 697, ""violation"": false}, {""version"": 698, ""max_seen_before"": 698, ""violation"": false}]}"
20260919T061541Z_e9cd871b,699,normal,1789798550.9513538,1789798550.9631414,12.034,0,12.034,pass,,read_secondary,"{""background_write_acknowledged"": true, ""reads"": [{""version"": 699, ""max_seen_before"": 698, ""violation"": false}, {""version"": 699, ""max_seen_before"": 699, ""violation"": false}]}"
20260919T061541Z_e9cd871b,700,normal,1789798550.9631414,1789798550.9746585,11.319,0,11.319,pass,,read_secondary,"{""background_write_acknowledged"": true, ""reads"": [{""version"": 700, ""max_seen_before"": 699, ""violation"": false}, {""version"": 700, ""max_seen_before"": 700, ""violation"": false}]}"
20260919T061541Z_e9cd871b,701,normal,1789798550.9805233,1789798550.995571,15.076,0,15.076,pass,,read_secondary,"{""background_write_acknowledged"": true, ""reads"": [{""version"": 701, ""max_seen_before"": 700, ""violation"": false}, {""version"": 701, ""max_seen_before"": 701, ""violation"": false}]}"
20260919T061541Z_e9cd871b,702,normal,1789798550.996119,1789798551.0147932,18.914,0,18.914,pass,,read_secondary,"{""background_write_acknowledged"": true, ""reads"": [{""version"": 702, ""max_seen_before"": 701, ""violation"": false}, {""version"": 702, ""max_seen_before"": 702, ""violation"": false}]}"
20260919T061541Z_e9cd871b,703,normal,1789798551.0147932,1789798551.0300515,15.364,0,15.364,pass,,read_secondary,"{""background_write_acknowledged"": true, ""reads"": [{""version"": 703, ""max_seen_before"": 702, ""violation"": false}, {""version"": 703, ""max_seen_before"": 703, ""violation"": false}]}"
20260919T061541Z_e9cd871b,704,normal,1789798551.0300515,1789798551.041691,11.678,0,11.678,pass,,read_secondary,"{""background_write_acknowledged"": true, ""reads"": [{""version"": 704, ""max_seen_before"": 703, ""violation"": false}, {""version"": 704, ""max_seen_before"": 704, ""violation"": false}]}"
20260919T061541Z_e9cd871b,705,normal,1789798551.041691,1789798551.0529642,11.158,0,11.158,pass,,read_secondary,"{""background_write_acknowledged"": true, ""reads"": [{""version"": 705, ""max_seen_before"": 704, ""violation"": false}, {""version"": 705, ""max_seen_before"": 705, ""violation"": false}]}"
20260919T061541Z_e9cd871b,706,normal,1789798551.0529642,1789798551.0649712,11.476,0,11.476,pass,,read_secondary,"{""background_write_acknowledged"": true, ""reads"": [{""version"": 706, ""max_seen_before"": 705, ""violation"": false}, {""version"": 706, ""max_seen_before"": 706, ""violation"": false}]}"
20260919T061541Z_e9cd871b,707,normal,1789798551.0649712,1789798551.076752,12.047,0,12.047,pass,,read_secondary,"{""background_write_acknowledged"": true, ""reads"": [{""version"": 707, ""max_seen_before"": 706, ""violation"": false}, {""version"": 707, ""max_seen_before"": 707, ""violation"": false}]}"
20260919T061541Z_e9cd871b,708,normal,1789798551.076752,1789798551.0884953,11.376,0,11.376,pass,,read_secondary,"{""background_write_acknowledged"": true, ""reads"": [{""version"": 708, ""max_seen_before"": 707, ""violation"": false}, {""version"": 708, ""max_seen_before"": 708, ""violation"": false}]}"
20260919T061541Z_e9cd871b,709,normal,1789798551.0884953,1789798551.1001956,11.782,0,11.782,pass,,read_secondary,"{""background_write_acknowledged"": true, ""reads"": [{""version"": 709, ""max_seen_before"": 708, ""violation"": false}, {""version"": 709, ""max_seen_before"": 709, ""violation"": false}]}"
20260919T061541Z_e9cd871b,710,normal,1789798551.1001956,1789798551.1135504,13.221,0,13.221,pass,,read_secondary,"{""background_write_acknowledged"": true, ""reads"": [{""version"": 710, ""max_seen_before"": 709, ""violation"": false}, {""version"": 710, ""max_seen_before"": 710, ""violation"": false}]}"
20260919T061541Z_e9cd871b,711,normal,1789798551.1135504,1789798551.127359,13.41,0,13.41,pass,,read_secondary,"{""background_write_acknowledged"": true, ""reads"": [{""version"": 711, ""max_seen_before"": 710, ""violation"": false}, {""version"": 711, ""max_seen_before"": 711, ""violation"": false}]}"
20260919T061541Z_e9cd871b,712,normal,1789798551.127359,1789798551.1385407,11.328,0,11.328,pass,,read_secondary,"{""background_write_acknowledged"": true, ""reads"": [{""version"": 712, ""max_seen_before"": 711, ""violation"": false}, {""version"": 712, ""max_seen_before"": 712, ""violation"": false}]}"
20260919T061541Z_e9cd871b,713,normal,1789798551.1385407,1789798551.1486826,10.389,0,10.389,pass,,read_secondary,"{""background_write_acknowledged"": true, ""reads"": [{""version"": 713, ""max_seen_before"": 712, ""violation"": false}, {""version"": 713, ""max_seen_before"": 713, ""violation"": false}]}"
20260919T061541Z_e9cd871b,714,normal,1789798551.1486826,1789798551.1591249,10.549,0,10.549,pass,,read_secondary,"{""background_write_acknowledged"": true, ""reads"": [{""version"": 714, ""max_seen_before"": 713, ""violation"": false}, {""version"": 714, ""max_seen_before"": 714, ""violation"": false}]}"
20260919T061541Z_e9cd871b,715,normal,1789798551.1591249,1789798551.1717627,12.273,0,12.273,pass,,read_secondary,"{""background_write_acknowledged"": true, ""reads"": [{""version"": 715, ""max_seen_before"": 714, ""violation"": false}, {""version"": 715, ""max_seen_before"": 715, ""violation"": false}]}"
20260919T061541Z_e9cd871b,716,normal,1789798551.1717627,1789798551.1848662,12.916,0,12.916,pass,,read_secondary,"{""background_write_acknowledged"": true, ""reads"": [{""version"": 716, ""max_seen_before"": 715, ""violation"": false}, {""version"": 716, ""max_seen_before"": 716, ""violation"": false}]}"
20260919T061541Z_e9cd871b,717,normal,1789798551.1848662,1789798551.1959422,11.158,0,11.158,pass,,read_secondary,"{""background_write_acknowledged"": true, ""reads"": [{""version"": 717, ""max_seen_before"": 716, ""violation"": false}, {""version"": 717, ""max_seen_before"": 717, ""violation"": false}]}"
20260919T061541Z_e9cd871b,718,normal,1789798551.1964974,1789798551.2079885,12.095,0,12.095,pass,,read_secondary,"{""background_write_acknowledged"": true, ""reads"": [{""version"": 718, ""max_seen_before"": 717, ""violation"": false}, {""version"": 718, ""max_seen_before"": 718, ""violation"": false}]}"
20260919T061541Z_e9cd871b,719,normal,1789798551.20866,1789798551.2207417,12.273,0,12.273,pass,,read_secondary,"{""background_write_acknowledged"": true, ""reads"": [{""version"": 719, ""max_seen_before"": 718, ""violation"": false}, {""version"": 719, ""max_seen_before"": 719, ""violation"": false}]}"
20260919T061541Z_e9cd871b,720,normal,1789798551.2207417,1789798551.2345114,13.557,0,13.557,pass,,read_secondary,"{""background_write_acknowledged"": true, ""reads"": [{""version"": 720, ""max_seen_before"": 719, ""violation"": false}, {""version"": 720, ""max_seen_before"": 720, ""violation"": false}]}"
20260919T061541Z_e9cd871b,721,normal,1789798551.2345114,1789798551.2466972,12.095,0,12.095,pass,,read_secondary,"{""background_write_acknowledged"": true, ""reads"": [{""version"": 721, ""max_seen_before"": 720, ""violation"": false}, {""version"": 721, ""max_seen_before"": 721, ""violation"": false}]}"
20260919T061541Z_e9cd871b,722,normal,1789798551.2466972,1789798551.261276,14.494,0,14.494,pass,,read_secondary,"{""background_write_acknowledged"": true, ""reads"": [{""version"": 722, ""max_seen_before"": 721, ""violation"": false}, {""version"": 722, ""max_seen_before"": 722, ""violation"": false}]}"
20260919T061541Z_e9cd871b,723,normal,1789798551.261276,1789798551.2797592,18.363,0,18.363,pass,,read_secondary,"{""background_write_acknowledged"": true, ""reads"": [{""version"": 723, ""max_seen_before"": 722, ""violation"": false}, {""version"": 723, ""max_seen_before"": 723, ""violation"": false}]}"
20260919T061541Z_e9cd871b,724,normal,1789798551.2797592,1789798551.2951405,15.097,0,15.097,pass,,read_secondary,"{""background_write_acknowledged"": true, ""reads"": [{""version"": 724, ""max_seen_before"": 723, ""violation"": false}, {""version"": 724, ""max_seen_before"": 724, ""violation"": false}]}"
20260919T061541Z_e9cd871b,725,normal,1789798551.2951405,1789798551.307938,13.007,0,13.007,pass,,read_secondary,"{""background_write_acknowledged"": true, ""reads"": [{""version"": 725, ""max_seen_before"": 724, ""violation"": false}, {""version"": 725, ""max_seen_before"": 725, ""violation"": false}]}"
20260919T061541Z_e9cd871b,726,normal,1789798551.307938,1789798551.3211217,12.73,0,12.73,pass,,read_secondary,"{""background_write_acknowledged"": true, ""reads"": [{""version"": 726, ""max_seen_before"": 725, ""violation"": false}, {""version"": 726, ""max_seen_before"": 726, ""violation"": false}]}"
20260919T061541Z_e9cd871b,727,normal,1789798551.3211217,1789798551.3315628,10.632,0,10.632,pass,,read_secondary,"{""background_write_acknowledged"": true, ""reads"": [{""version"": 727, ""max_seen_before"": 726, ""violation"": false}, {""version"": 727, ""max_seen_before"": 727, ""violation"": false}]}"
20260919T061541Z_e9cd871b,728,normal,1789798551.3315628,1789798551.3436866,12.459,0,12.459,pass,,read_secondary,"{""background_write_acknowledged"": true, ""reads"": [{""version"": 728, ""max_seen_before"": 727, ""violation"": false}, {""version"": 728, ""max_seen_before"": 728, ""violation"": false}]}"
20260919T061541Z_e9cd871b,729,normal,1789798551.344439,1789798551.35686,12.679,0,12.679,pass,,read_secondary,"{""background_write_acknowledged"": true, ""reads"": [{""version"": 729, ""max_seen_before"": 728, ""violation"": false}, {""version"": 729, ""max_seen_before"": 729, ""violation"": false}]}"
20260919T061541Z_e9cd871b,730,normal,1789798551.35686,1789798551.3692923,12.673,0,12.673,pass,,read_secondary,"{""background_write_acknowledged"": true, ""reads"": [{""version"": 730, ""max_seen_before"": 729, ""violation"": false}, {""version"": 730, ""max_seen_before"": 730, ""violation"": false}]}"
20260919T061541Z_e9cd871b,731,normal,1789798551.3699684,1789798551.382832,13.227,0,13.227,pass,,read_secondary,"{""background_write_acknowledged"": true, ""reads"": [{""version"": 731, ""max_seen_before"": 730, ""violation"": false}, {""version"": 731, ""max_seen_before"": 731, ""violation"": false}]}"
20260919T061541Z_e9cd871b,732,normal,1789798551.382832,1789798551.394069,11.226,0,11.226,pass,,read_secondary,"{""background_write_acknowledged"": true, ""reads"": [{""version"": 732, ""max_seen_before"": 731, ""violation"": false}, {""version"": 732, ""max_seen_before"": 732, ""violation"": false}]}"
20260919T061541Z_e9cd871b,733,normal,1789798551.394069,1789798551.4074068,13.234,0,13.234,pass,,read_secondary,"{""background_write_acknowledged"": true, ""reads"": [{""version"": 733, ""max_seen_before"": 732, ""violation"": false}, {""version"": 733, ""max_seen_before"": 733, ""violation"": false}]}"
20260919T061541Z_e9cd871b,734,normal,1789798551.4074068,1789798551.4200628,12.498,0,12.498,pass,,read_secondary,"{""background_write_acknowledged"": true, ""reads"": [{""version"": 734, ""max_seen_before"": 733, ""violation"": false}, {""version"": 734, ""max_seen_before"": 734, ""violation"": false}]}"
20260919T061541Z_e9cd871b,735,normal,1789798551.4200628,1789798551.4319355,11.68,0,11.68,pass,,read_secondary,"{""background_write_acknowledged"": true, ""reads"": [{""version"": 735, ""max_seen_before"": 734, ""violation"": false}, {""version"": 735, ""max_seen_before"": 735, ""violation"": false}]}"
20260919T061541Z_e9cd871b,736,normal,1789798551.4319355,1789798551.4450204,12.806,0,12.806,pass,,read_secondary,"{""background_write_acknowledged"": true, ""reads"": [{""version"": 736, ""max_seen_before"": 735, ""violation"": false}, {""version"": 736, ""max_seen_before"": 736, ""violation"": false}]}"
20260919T061541Z_e9cd871b,737,normal,1789798551.4450204,1789798551.4592185,14.069,0,14.069,pass,,read_secondary,"{""background_write_acknowledged"": true, ""reads"": [{""version"": 737, ""max_seen_before"": 736, ""violation"": false}, {""version"": 737, ""max_seen_before"": 737, ""violation"": false}]}"
20260919T061541Z_e9cd871b,738,normal,1789798551.4592185,1789798551.4745,15.5,0,15.5,pass,,read_secondary,"{""background_write_acknowledged"": true, ""reads"": [{""version"": 738, ""max_seen_before"": 737, ""violation"": false}, {""version"": 738, ""max_seen_before"": 738, ""violation"": false}]}"
20260919T061541Z_e9cd871b,739,normal,1789798551.4745,1789798551.4870384,12.573,0,12.573,pass,,read_secondary,"{""background_write_acknowledged"": true, ""reads"": [{""version"": 739, ""max_seen_before"": 738, ""violation"": false}, {""version"": 739, ""max_seen_before"": 739, ""violation"": false}]}"
20260919T061541Z_e9cd871b,740,normal,1789798551.4870384,1789798551.49991,12.88,0,12.88,pass,,read_secondary,"{""background_write_acknowledged"": true, ""reads"": [{""version"": 740, ""max_seen_before"": 739, ""violation"": false}, {""version"": 740, ""max_seen_before"": 740, ""violation"": false}]}"
20260919T061541Z_e9cd871b,741,normal,1789798551.500468,1789798551.5117788,11.844,0,11.844,pass,,read_secondary,"{""background_write_acknowledged"": true, ""reads"": [{""version"": 741, ""max_seen_before"": 740, ""violation"": false}, {""version"": 741, ""max_seen_before"": 741, ""violation"": false}]}"
20260919T061541Z_e9cd871b,742,normal,1789798551.5124218,1789798551.527879,16.119,0,16.119,pass,,read_secondary,"{""background_write_acknowledged"": true, ""reads"": [{""version"": 742, ""max_seen_before"": 741, ""violation"": false}, {""version"": 742, ""max_seen_before"": 742, ""violation"": false}]}"
20260919T061541Z_e9cd871b,743,normal,1789798551.527879,1789798551.5431273,14.768,0,14.768,pass,,read_secondary,"{""background_write_acknowledged"": true, ""reads"": [{""version"": 743, ""max_seen_before"": 742, ""violation"": false}, {""version"": 743, ""max_seen_before"": 743, ""violation"": false}]}"
20260919T061541Z_e9cd871b,744,normal,1789798551.5431273,1789798551.5572042,14.266,0,14.266,pass,,read_secondary,"{""background_write_acknowledged"": true, ""reads"": [{""version"": 744, ""max_seen_before"": 743, ""violation"": false}, {""version"": 744, ""max_seen_before"": 744, ""violation"": false}]}"
20260919T061541Z_e9cd871b,745,normal,1789798551.5578432,1789798551.5697815,12.253,0,12.253,pass,,read_secondary,"{""background_write_acknowledged"": true, ""reads"": [{""version"": 745, ""max_seen_before"": 744, ""violation"": false}, {""version"": 745, ""max_seen_before"": 745, ""violation"": false}]}"
20260919T061541Z_e9cd871b,746,normal,1789798551.5697815,1789798551.5799341,10.407,0,10.407,pass,,read_secondary,"{""background_write_acknowledged"": true, ""reads"": [{""version"": 746, ""max_seen_before"": 745, ""violation"": false}, {""version"": 746, ""max_seen_before"": 746, ""violation"": false}]}"
20260919T061541Z_e9cd871b,747,normal,1789798551.5806987,1789798551.5922453,12.079,0,12.079,pass,,read_secondary,"{""background_write_acknowledged"": true, ""reads"": [{""version"": 747, ""max_seen_before"": 746, ""violation"": false}, {""version"": 747, ""max_seen_before"": 747, ""violation"": false}]}"
20260919T061541Z_e9cd871b,748,normal,1789798551.5922453,1789798551.6044915,12.201,0,12.201,pass,,read_secondary,"{""background_write_acknowledged"": true, ""reads"": [{""version"": 748, ""max_seen_before"": 747, ""violation"": false}, {""version"": 748, ""max_seen_before"": 748, ""violation"": false}]}"
20260919T061541Z_e9cd871b,749,normal,1789798551.6044915,1789798551.6166837,11.557,0,11.557,pass,,read_secondary,"{""background_write_acknowledged"": true, ""reads"": [{""version"": 749, ""max_seen_before"": 748, ""violation"": false}, {""version"": 749, ""max_seen_before"": 749, ""violation"": false}]}"
20260919T061541Z_e9cd871b,750,normal,1789798551.6166837,1789798551.6279304,11.187,0,11.187,pass,,read_secondary,"{""background_write_acknowledged"": true, ""reads"": [{""version"": 750, ""max_seen_before"": 749, ""violation"": false}, {""version"": 750, ""max_seen_before"": 750, ""violation"": false}]}"
20260919T061541Z_e9cd871b,751,normal,1789798551.6279304,1789798551.644185,16.126,0,16.126,pass,,read_secondary,"{""background_write_acknowledged"": true, ""reads"": [{""version"": 751, ""max_seen_before"": 750, ""violation"": false}, {""version"": 751, ""max_seen_before"": 751, ""violation"": false}]}"
20260919T061541Z_e9cd871b,752,normal,1789798551.644185,1789798551.6595445,15.688,0,15.688,pass,,read_secondary,"{""background_write_acknowledged"": true, ""reads"": [{""version"": 752, ""max_seen_before"": 751, ""violation"": false}, {""version"": 752, ""max_seen_before"": 752, ""violation"": false}]}"
20260919T061541Z_e9cd871b,753,normal,1789798551.6595445,1789798551.670868,11.383,0,11.383,pass,,read_secondary,"{""background_write_acknowledged"": true, ""reads"": [{""version"": 753, ""max_seen_before"": 752, ""violation"": false}, {""version"": 753, ""max_seen_before"": 753, ""violation"": false}]}"
20260919T061541Z_e9cd871b,754,normal,1789798551.670868,1789798551.68343,12.209,0,12.209,pass,,read_secondary,"{""background_write_acknowledged"": true, ""reads"": [{""version"": 754, ""max_seen_before"": 753, ""violation"": false}, {""version"": 754, ""max_seen_before"": 754, ""violation"": false}]}"
20260919T061541Z_e9cd871b,755,normal,1789798551.68343,1789798551.6946304,11.153,0,11.153,pass,,read_secondary,"{""background_write_acknowledged"": true, ""reads"": [{""version"": 755, ""max_seen_before"": 754, ""violation"": false}, {""version"": 755, ""max_seen_before"": 755, ""violation"": false}]}"
20260919T061541Z_e9cd871b,756,normal,1789798551.6946304,1789798551.7070735,12.3,0,12.3,pass,,read_secondary,"{""background_write_acknowledged"": true, ""reads"": [{""version"": 756, ""max_seen_before"": 755, ""violation"": false}, {""version"": 756, ""max_seen_before"": 756, ""violation"": false}]}"
20260919T061541Z_e9cd871b,757,normal,1789798551.7070735,1789798551.7196317,12.326,0,12.326,pass,,read_secondary,"{""background_write_acknowledged"": true, ""reads"": [{""version"": 757, ""max_seen_before"": 756, ""violation"": false}, {""version"": 757, ""max_seen_before"": 757, ""violation"": false}]}"
20260919T061541Z_e9cd871b,758,normal,1789798551.7196317,1789798551.731319,11.603,0,11.603,pass,,read_secondary,"{""background_write_acknowledged"": true, ""reads"": [{""version"": 758, ""max_seen_before"": 757, ""violation"": false}, {""version"": 758, ""max_seen_before"": 758, ""violation"": false}]}"
20260919T061541Z_e9cd871b,759,normal,1789798551.731319,1789798551.7445014,13.397,0,13.397,pass,,read_secondary,"{""background_write_acknowledged"": true, ""reads"": [{""version"": 759, ""max_seen_before"": 758, ""violation"": false}, {""version"": 759, ""max_seen_before"": 759, ""violation"": false}]}"
20260919T061541Z_e9cd871b,760,normal,1789798551.7451253,1789798551.7570055,12.389,0,12.389,pass,,read_secondary,"{""background_write_acknowledged"": true, ""reads"": [{""version"": 760, ""max_seen_before"": 759, ""violation"": false}, {""version"": 760, ""max_seen_before"": 760, ""violation"": false}]}"
20260919T061541Z_e9cd871b,761,normal,1789798551.7570055,1789798551.7694886,12.247,0,12.247,pass,,read_secondary,"{""background_write_acknowledged"": true, ""reads"": [{""version"": 761, ""max_seen_before"": 760, ""violation"": false}, {""version"": 761, ""max_seen_before"": 761, ""violation"": false}]}"
20260919T061541Z_e9cd871b,762,normal,1789798551.7694886,1789798551.7811537,11.259,0,11.259,pass,,read_secondary,"{""background_write_acknowledged"": true, ""reads"": [{""version"": 762, ""max_seen_before"": 761, ""violation"": false}, {""version"": 762, ""max_seen_before"": 762, ""violation"": false}]}"
20260919T061541Z_e9cd871b,763,normal,1789798551.7811537,1789798551.7947967,13.942,0,13.942,pass,,read_secondary,"{""background_write_acknowledged"": true, ""reads"": [{""version"": 763, ""max_seen_before"": 762, ""violation"": false}, {""version"": 763, ""max_seen_before"": 763, ""violation"": false}]}"
20260919T061541Z_e9cd871b,764,normal,1789798551.7947967,1789798551.8081138,13.211,0,13.211,pass,,read_secondary,"{""background_write_acknowledged"": true, ""reads"": [{""version"": 764, ""max_seen_before"": 763, ""violation"": false}, {""version"": 764, ""max_seen_before"": 764, ""violation"": false}]}"
20260919T061541Z_e9cd871b,765,normal,1789798551.8086214,1789798551.8215501,13.39,0,13.39,pass,,read_secondary,"{""background_write_acknowledged"": true, ""reads"": [{""version"": 765, ""max_seen_before"": 764, ""violation"": false}, {""version"": 765, ""max_seen_before"": 765, ""violation"": false}]}"
20260919T061541Z_e9cd871b,766,normal,1789798551.8215501,1789798551.834515,13.146,0,13.146,pass,,read_secondary,"{""background_write_acknowledged"": true, ""reads"": [{""version"": 766, ""max_seen_before"": 765, ""violation"": false}, {""version"": 766, ""max_seen_before"": 766, ""violation"": false}]}"
20260919T061541Z_e9cd871b,767,normal,1789798551.8353305,1789798551.847215,12.427,0,12.427,pass,,read_secondary,"{""background_write_acknowledged"": true, ""reads"": [{""version"": 767, ""max_seen_before"": 766, ""violation"": false}, {""version"": 767, ""max_seen_before"": 767, ""violation"": false}]}"
20260919T061541Z_e9cd871b,768,normal,1789798551.8478587,1789798551.8597035,12.392,0,12.392,pass,,read_secondary,"{""background_write_acknowledged"": true, ""reads"": [{""version"": 768, ""max_seen_before"": 767, ""violation"": false}, {""version"": 768, ""max_seen_before"": 768, ""violation"": false}]}"
20260919T061541Z_e9cd871b,769,normal,1789798551.860309,1789798551.8720455,12.098,0,12.098,pass,,read_secondary,"{""background_write_acknowledged"": true, ""reads"": [{""version"": 769, ""max_seen_before"": 768, ""violation"": false}, {""version"": 769, ""max_seen_before"": 769, ""violation"": false}]}"
20260919T061541Z_e9cd871b,770,normal,1789798551.8720455,1789798551.8849266,12.906,0,12.906,pass,,read_secondary,"{""background_write_acknowledged"": true, ""reads"": [{""version"": 770, ""max_seen_before"": 769, ""violation"": false}, {""version"": 770, ""max_seen_before"": 770, ""violation"": false}]}"
20260919T061541Z_e9cd871b,771,normal,1789798551.8855042,1789798551.897893,12.727,0,12.727,pass,,read_secondary,"{""background_write_acknowledged"": true, ""reads"": [{""version"": 771, ""max_seen_before"": 770, ""violation"": false}, {""version"": 771, ""max_seen_before"": 771, ""violation"": false}]}"
20260919T061541Z_e9cd871b,772,normal,1789798551.897893,1789798551.912309,14.152,0,14.152,pass,,read_secondary,"{""background_write_acknowledged"": true, ""reads"": [{""version"": 772, ""max_seen_before"": 771, ""violation"": false}, {""version"": 772, ""max_seen_before"": 772, ""violation"": false}]}"
20260919T061541Z_e9cd871b,773,normal,1789798551.912309,1789798551.9291356,16.61,0,16.61,pass,,read_secondary,"{""background_write_acknowledged"": true, ""reads"": [{""version"": 773, ""max_seen_before"": 772, ""violation"": false}, {""version"": 773, ""max_seen_before"": 773, ""violation"": false}]}"
20260919T061541Z_e9cd871b,774,normal,1789798551.9291356,1789798551.9413226,12.07,0,12.07,pass,,read_secondary,"{""background_write_acknowledged"": true, ""reads"": [{""version"": 774, ""max_seen_before"": 773, ""violation"": false}, {""version"": 774, ""max_seen_before"": 774, ""violation"": false}]}"
20260919T061541Z_e9cd871b,775,normal,1789798551.9413226,1789798551.9534748,12.365,0,12.365,pass,,read_secondary,"{""background_write_acknowledged"": true, ""reads"": [{""version"": 775, ""max_seen_before"": 774, ""violation"": false}, {""version"": 775, ""max_seen_before"": 775, ""violation"": false}]}"
20260919T061541Z_e9cd871b,776,normal,1789798551.9540007,1789798551.9651859,11.342,0,11.342,pass,,read_secondary,"{""background_write_acknowledged"": true, ""reads"": [{""version"": 776, ""max_seen_before"": 775, ""violation"": false}, {""version"": 776, ""max_seen_before"": 776, ""violation"": false}]}"
20260919T061541Z_e9cd871b,777,normal,1789798551.9651859,1789798551.976722,11.911,0,11.911,pass,,read_secondary,"{""background_write_acknowledged"": true, ""reads"": [{""version"": 777, ""max_seen_before"": 776, ""violation"": false}, {""version"": 777, ""max_seen_before"": 777, ""violation"": false}]}"
20260919T061541Z_e9cd871b,778,normal,1789798551.976722,1789798551.991791,15.008,0,15.008,pass,,read_secondary,"{""background_write_acknowledged"": true, ""reads"": [{""version"": 778, ""max_seen_before"": 777, ""violation"": false}, {""version"": 778, ""max_seen_before"": 778, ""violation"": false}]}"
20260919T061541Z_e9cd871b,779,normal,1789798551.9924743,1789798552.0096993,17.579,0,17.579,pass,,read_secondary,"{""background_write_acknowledged"": true, ""reads"": [{""version"": 779, ""max_seen_before"": 778, ""violation"": false}, {""version"": 779, ""max_seen_before"": 779, ""violation"": false}]}"
20260919T061541Z_e9cd871b,780,normal,1789798552.0096993,1789798552.0238225,13.992,0,13.992,pass,,read_secondary,"{""background_write_acknowledged"": true, ""reads"": [{""version"": 780, ""max_seen_before"": 779, ""violation"": false}, {""version"": 780, ""max_seen_before"": 780, ""violation"": false}]}"
20260919T061541Z_e9cd871b,781,normal,1789798552.0238225,1789798552.0381784,14.208,0,14.208,pass,,read_secondary,"{""background_write_acknowledged"": true, ""reads"": [{""version"": 781, ""max_seen_before"": 780, ""violation"": false}, {""version"": 781, ""max_seen_before"": 781, ""violation"": false}]}"
20260919T061541Z_e9cd871b,782,normal,1789798552.0381784,1789798552.0512047,13.156,0,13.156,pass,,read_secondary,"{""background_write_acknowledged"": true, ""reads"": [{""version"": 782, ""max_seen_before"": 781, ""violation"": false}, {""version"": 782, ""max_seen_before"": 782, ""violation"": false}]}"
20260919T061541Z_e9cd871b,783,normal,1789798552.0512047,1789798552.0630271,11.8,0,11.8,pass,,read_secondary,"{""background_write_acknowledged"": true, ""reads"": [{""version"": 783, ""max_seen_before"": 782, ""violation"": false}, {""version"": 783, ""max_seen_before"": 783, ""violation"": false}]}"
20260919T061541Z_e9cd871b,784,normal,1789798552.0630271,1789798552.0752676,12.286,0,12.286,pass,,read_secondary,"{""background_write_acknowledged"": true, ""reads"": [{""version"": 784, ""max_seen_before"": 783, ""violation"": false}, {""version"": 784, ""max_seen_before"": 784, ""violation"": false}]}"
20260919T061541Z_e9cd871b,785,normal,1789798552.0752676,1789798552.088911,13.042,0,13.042,pass,,read_secondary,"{""background_write_acknowledged"": true, ""reads"": [{""version"": 785, ""max_seen_before"": 784, ""violation"": false}, {""version"": 785, ""max_seen_before"": 785, ""violation"": false}]}"
20260919T061541Z_e9cd871b,786,normal,1789798552.088911,1789798552.1026049,13.655,0,13.655,pass,,read_secondary,"{""background_write_acknowledged"": true, ""reads"": [{""version"": 786, ""max_seen_before"": 785, ""violation"": false}, {""version"": 786, ""max_seen_before"": 786, ""violation"": false}]}"
20260919T061541Z_e9cd871b,787,normal,1789798552.1026049,1789798552.1141355,11.681,0,11.681,pass,,read_secondary,"{""background_write_acknowledged"": true, ""reads"": [{""version"": 787, ""max_seen_before"": 786, ""violation"": false}, {""version"": 787, ""max_seen_before"": 787, ""violation"": false}]}"
20260919T061541Z_e9cd871b,788,normal,1789798552.1141355,1789798552.1255133,11.295,0,11.295,pass,,read_secondary,"{""background_write_acknowledged"": true, ""reads"": [{""version"": 788, ""max_seen_before"": 787, ""violation"": false}, {""version"": 788, ""max_seen_before"": 788, ""violation"": false}]}"
20260919T061541Z_e9cd871b,789,normal,1789798552.1261594,1789798552.138353,12.454,0,12.454,pass,,read_secondary,"{""background_write_acknowledged"": true, ""reads"": [{""version"": 789, ""max_seen_before"": 788, ""violation"": false}, {""version"": 789, ""max_seen_before"": 789, ""violation"": false}]}"
20260919T061541Z_e9cd871b,790,normal,1789798552.138353,1789798552.1521878,13.484,0,13.484,pass,,read_secondary,"{""background_write_acknowledged"": true, ""reads"": [{""version"": 790, ""max_seen_before"": 789, ""violation"": false}, {""version"": 790, ""max_seen_before"": 790, ""violation"": false}]}"
20260919T061541Z_e9cd871b,791,normal,1789798552.1521878,1789798552.16596,14.073,0,14.073,pass,,read_secondary,"{""background_write_acknowledged"": true, ""reads"": [{""version"": 791, ""max_seen_before"": 790, ""violation"": false}, {""version"": 791, ""max_seen_before"": 791, ""violation"": false}]}"
20260919T061541Z_e9cd871b,792,normal,1789798552.16596,1789798552.1833649,17.447,0,17.447,pass,,read_secondary,"{""background_write_acknowledged"": true, ""reads"": [{""version"": 792, ""max_seen_before"": 791, ""violation"": false}, {""version"": 792, ""max_seen_before"": 792, ""violation"": false}]}"
20260919T061541Z_e9cd871b,793,normal,1789798552.18403,1789798552.197442,14.233,0,14.233,pass,,read_secondary,"{""background_write_acknowledged"": true, ""reads"": [{""version"": 793, ""max_seen_before"": 792, ""violation"": false}, {""version"": 793, ""max_seen_before"": 793, ""violation"": false}]}"
20260919T061541Z_e9cd871b,794,normal,1789798552.1984415,1789798552.20902,11.075,0,11.075,pass,,read_secondary,"{""background_write_acknowledged"": true, ""reads"": [{""version"": 794, ""max_seen_before"": 793, ""violation"": false}, {""version"": 794, ""max_seen_before"": 794, ""violation"": false}]}"
20260919T061541Z_e9cd871b,795,normal,1789798552.20902,1789798552.220696,11.142,0,11.142,pass,,read_secondary,"{""background_write_acknowledged"": true, ""reads"": [{""version"": 795, ""max_seen_before"": 794, ""violation"": false}, {""version"": 795, ""max_seen_before"": 795, ""violation"": false}]}"
20260919T061541Z_e9cd871b,796,normal,1789798552.220696,1789798552.231322,11.276,0,11.276,pass,,read_secondary,"{""background_write_acknowledged"": true, ""reads"": [{""version"": 796, ""max_seen_before"": 795, ""violation"": false}, {""version"": 796, ""max_seen_before"": 796, ""violation"": false}]}"
20260919T061541Z_e9cd871b,797,normal,1789798552.2321522,1789798552.2451901,13.088,0,13.088,pass,,read_secondary,"{""background_write_acknowledged"": true, ""reads"": [{""version"": 797, ""max_seen_before"": 796, ""violation"": false}, {""version"": 797, ""max_seen_before"": 797, ""violation"": false}]}"
20260919T061541Z_e9cd871b,798,normal,1789798552.2451901,1789798552.2565382,11.55,0,11.55,pass,,read_secondary,"{""background_write_acknowledged"": true, ""reads"": [{""version"": 798, ""max_seen_before"": 797, ""violation"": false}, {""version"": 798, ""max_seen_before"": 798, ""violation"": false}]}"
20260919T061541Z_e9cd871b,799,normal,1789798552.2565382,1789798552.268303,11.659,0,11.659,pass,,read_secondary,"{""background_write_acknowledged"": true, ""reads"": [{""version"": 799, ""max_seen_before"": 798, ""violation"": false}, {""version"": 799, ""max_seen_before"": 799, ""violation"": false}]}"
20260919T061541Z_e9cd871b,800,normal,1789798552.268303,1789798552.2804499,12.102,0,12.102,pass,,read_secondary,"{""background_write_acknowledged"": true, ""reads"": [{""version"": 800, ""max_seen_before"": 799, ""violation"": false}, {""version"": 800, ""max_seen_before"": 800, ""violation"": false}]}"
20260919T061541Z_e9cd871b,801,normal,1789798552.286914,1789798552.3002818,13.149,0,13.149,pass,,read_secondary,"{""background_write_acknowledged"": true, ""reads"": [{""version"": 801, ""max_seen_before"": 800, ""violation"": false}, {""version"": 801, ""max_seen_before"": 801, ""violation"": false}]}"
20260919T061541Z_e9cd871b,802,normal,1789798552.3002818,1789798552.3127494,12.707,0,12.707,pass,,read_secondary,"{""background_write_acknowledged"": true, ""reads"": [{""version"": 802, ""max_seen_before"": 801, ""violation"": false}, {""version"": 802, ""max_seen_before"": 802, ""violation"": false}]}"
20260919T061541Z_e9cd871b,803,normal,1789798552.3133612,1789798552.3283057,15.029,0,15.029,pass,,read_secondary,"{""background_write_acknowledged"": true, ""reads"": [{""version"": 803, ""max_seen_before"": 802, ""violation"": false}, {""version"": 803, ""max_seen_before"": 803, ""violation"": false}]}"
20260919T061541Z_e9cd871b,804,normal,1789798552.3283057,1789798552.3417525,13.772,0,13.772,pass,,read_secondary,"{""background_write_acknowledged"": true, ""reads"": [{""version"": 804, ""max_seen_before"": 803, ""violation"": false}, {""version"": 804, ""max_seen_before"": 804, ""violation"": false}]}"
20260919T061541Z_e9cd871b,805,normal,1789798552.3422606,1789798552.3541858,12.203,0,12.203,pass,,read_secondary,"{""background_write_acknowledged"": true, ""reads"": [{""version"": 805, ""max_seen_before"": 804, ""violation"": false}, {""version"": 805, ""max_seen_before"": 805, ""violation"": false}]}"
20260919T061541Z_e9cd871b,806,normal,1789798552.3541858,1789798552.3654814,11.346,0,11.346,pass,,read_secondary,"{""background_write_acknowledged"": true, ""reads"": [{""version"": 806, ""max_seen_before"": 805, ""violation"": false}, {""version"": 806, ""max_seen_before"": 806, ""violation"": false}]}"
20260919T061541Z_e9cd871b,807,normal,1789798552.3660467,1789798552.3769248,11.32,0,11.32,pass,,read_secondary,"{""background_write_acknowledged"": true, ""reads"": [{""version"": 807, ""max_seen_before"": 806, ""violation"": false}, {""version"": 807, ""max_seen_before"": 807, ""violation"": false}]}"
20260919T061541Z_e9cd871b,808,normal,1789798552.3769248,1789798552.3909965,13.558,0,13.558,pass,,read_secondary,"{""background_write_acknowledged"": true, ""reads"": [{""version"": 808, ""max_seen_before"": 807, ""violation"": false}, {""version"": 808, ""max_seen_before"": 808, ""violation"": false}]}"
20260919T061541Z_e9cd871b,809,normal,1789798552.3909965,1789798552.404105,13.015,0,13.015,pass,,read_secondary,"{""background_write_acknowledged"": true, ""reads"": [{""version"": 809, ""max_seen_before"": 808, ""violation"": false}, {""version"": 809, ""max_seen_before"": 809, ""violation"": false}]}"
20260919T061541Z_e9cd871b,810,normal,1789798552.404105,1789798552.4167736,13.106,0,13.106,pass,,read_secondary,"{""background_write_acknowledged"": true, ""reads"": [{""version"": 810, ""max_seen_before"": 809, ""violation"": false}, {""version"": 810, ""max_seen_before"": 810, ""violation"": false}]}"
20260919T061541Z_e9cd871b,811,normal,1789798552.4167736,1789798552.430157,12.806,0,12.806,pass,,read_secondary,"{""background_write_acknowledged"": true, ""reads"": [{""version"": 811, ""max_seen_before"": 810, ""violation"": false}, {""version"": 811, ""max_seen_before"": 811, ""violation"": false}]}"
20260919T061541Z_e9cd871b,812,normal,1789798552.430157,1789798552.4440606,13.785,0,13.785,pass,,read_secondary,"{""background_write_acknowledged"": true, ""reads"": [{""version"": 812, ""max_seen_before"": 811, ""violation"": false}, {""version"": 812, ""max_seen_before"": 812, ""violation"": false}]}"
20260919T061541Z_e9cd871b,813,normal,1789798552.4440606,1789798552.4574258,13.254,0,13.254,pass,,read_secondary,"{""background_write_acknowledged"": true, ""reads"": [{""version"": 813, ""max_seen_before"": 812, ""violation"": false}, {""version"": 813, ""max_seen_before"": 813, ""violation"": false}]}"
20260919T061541Z_e9cd871b,814,normal,1789798552.4574258,1789798552.4700086,12.576,0,12.576,pass,,read_secondary,"{""background_write_acknowledged"": true, ""reads"": [{""version"": 814, ""max_seen_before"": 813, ""violation"": false}, {""version"": 814, ""max_seen_before"": 814, ""violation"": false}]}"
20260919T061541Z_e9cd871b,815,normal,1789798552.4700086,1789798552.4827108,12.816,0,12.816,pass,,read_secondary,"{""background_write_acknowledged"": true, ""reads"": [{""version"": 815, ""max_seen_before"": 814, ""violation"": false}, {""version"": 815, ""max_seen_before"": 815, ""violation"": false}]}"
20260919T061541Z_e9cd871b,816,normal,1789798552.4827108,1789798552.4974046,14.293,0,14.293,pass,,read_secondary,"{""background_write_acknowledged"": true, ""reads"": [{""version"": 816, ""max_seen_before"": 815, ""violation"": false}, {""version"": 816, ""max_seen_before"": 816, ""violation"": false}]}"
20260919T061541Z_e9cd871b,817,normal,1789798552.4974046,1789798552.5147865,17.474,0,17.474,pass,,read_secondary,"{""background_write_acknowledged"": true, ""reads"": [{""version"": 817, ""max_seen_before"": 816, ""violation"": false}, {""version"": 817, ""max_seen_before"": 817, ""violation"": false}]}"
20260919T061541Z_e9cd871b,818,normal,1789798552.5147865,1789798552.5278685,13.17,0,13.17,pass,,read_secondary,"{""background_write_acknowledged"": true, ""reads"": [{""version"": 818, ""max_seen_before"": 817, ""violation"": false}, {""version"": 818, ""max_seen_before"": 818, ""violation"": false}]}"
20260919T061541Z_e9cd871b,819,normal,1789798552.5283885,1789798552.5437276,15.81,0,15.81,pass,,read_secondary,"{""background_write_acknowledged"": true, ""reads"": [{""version"": 819, ""max_seen_before"": 818, ""violation"": false}, {""version"": 819, ""max_seen_before"": 819, ""violation"": false}]}"
20260919T061541Z_e9cd871b,820,normal,1789798552.5437276,1789798552.558098,14.219,0,14.219,pass,,read_secondary,"{""background_write_acknowledged"": true, ""reads"": [{""version"": 820, ""max_seen_before"": 819, ""violation"": false}, {""version"": 820, ""max_seen_before"": 820, ""violation"": false}]}"
20260919T061541Z_e9cd871b,821,normal,1789798552.558098,1789798552.5734508,15.325,0,15.325,pass,,read_secondary,"{""background_write_acknowledged"": true, ""reads"": [{""version"": 821, ""max_seen_before"": 820, ""violation"": false}, {""version"": 821, ""max_seen_before"": 821, ""violation"": false}]}"
20260919T061541Z_e9cd871b,822,normal,1789798552.5734508,1789798552.5868125,13.123,0,13.123,pass,,read_secondary,"{""background_write_acknowledged"": true, ""reads"": [{""version"": 822, ""max_seen_before"": 821, ""violation"": false}, {""version"": 822, ""max_seen_before"": 822, ""violation"": false}]}"
20260919T061541Z_e9cd871b,823,normal,1789798552.5868125,1789798552.600546,13.365,0,13.365,pass,,read_secondary,"{""background_write_acknowledged"": true, ""reads"": [{""version"": 823, ""max_seen_before"": 822, ""violation"": false}, {""version"": 823, ""max_seen_before"": 823, ""violation"": false}]}"
20260919T061541Z_e9cd871b,824,normal,1789798552.600546,1789798552.6131067,12.435,0,12.435,pass,,read_secondary,"{""background_write_acknowledged"": true, ""reads"": [{""version"": 824, ""max_seen_before"": 823, ""violation"": false}, {""version"": 824, ""max_seen_before"": 824, ""violation"": false}]}"
20260919T061541Z_e9cd871b,825,normal,1789798552.6131067,1789798552.625008,12.39,0,12.39,pass,,read_secondary,"{""background_write_acknowledged"": true, ""reads"": [{""version"": 825, ""max_seen_before"": 824, ""violation"": false}, {""version"": 825, ""max_seen_before"": 825, ""violation"": false}]}"
20260919T061541Z_e9cd871b,826,normal,1789798552.625008,1789798552.6381862,12.609,0,12.609,pass,,read_secondary,"{""background_write_acknowledged"": true, ""reads"": [{""version"": 826, ""max_seen_before"": 825, ""violation"": false}, {""version"": 826, ""max_seen_before"": 826, ""violation"": false}]}"
20260919T061541Z_e9cd871b,827,normal,1789798552.6381862,1789798552.6521032,13.73,0,13.73,pass,,read_secondary,"{""background_write_acknowledged"": true, ""reads"": [{""version"": 827, ""max_seen_before"": 826, ""violation"": false}, {""version"": 827, ""max_seen_before"": 827, ""violation"": false}]}"
20260919T061541Z_e9cd871b,828,normal,1789798552.6521032,1789798552.6654418,13.262,0,13.262,pass,,read_secondary,"{""background_write_acknowledged"": true, ""reads"": [{""version"": 828, ""max_seen_before"": 827, ""violation"": false}, {""version"": 828, ""max_seen_before"": 828, ""violation"": false}]}"
20260919T061541Z_e9cd871b,829,normal,1789798552.6654418,1789798552.6785777,13.307,0,13.307,pass,,read_secondary,"{""background_write_acknowledged"": true, ""reads"": [{""version"": 829, ""max_seen_before"": 828, ""violation"": false}, {""version"": 829, ""max_seen_before"": 829, ""violation"": false}]}"
20260919T061541Z_e9cd871b,830,normal,1789798552.6785777,1789798552.6921656,13.605,0,13.605,pass,,read_secondary,"{""background_write_acknowledged"": true, ""reads"": [{""version"": 830, ""max_seen_before"": 829, ""violation"": false}, {""version"": 830, ""max_seen_before"": 830, ""violation"": false}]}"
20260919T061541Z_e9cd871b,831,normal,1789798552.6926773,1789798552.7068927,14.463,0,14.463,pass,,read_secondary,"{""background_write_acknowledged"": true, ""reads"": [{""version"": 831, ""max_seen_before"": 830, ""violation"": false}, {""version"": 831, ""max_seen_before"": 831, ""violation"": false}]}"
20260919T061541Z_e9cd871b,832,normal,1789798552.7068927,1789798552.719972,13.13,0,13.13,pass,,read_secondary,"{""background_write_acknowledged"": true, ""reads"": [{""version"": 832, ""max_seen_before"": 831, ""violation"": false}, {""version"": 832, ""max_seen_before"": 832, ""violation"": false}]}"
20260919T061541Z_e9cd871b,833,normal,1789798552.719972,1789798552.7318554,12.033,0,12.033,pass,,read_secondary,"{""background_write_acknowledged"": true, ""reads"": [{""version"": 833, ""max_seen_before"": 832, ""violation"": false}, {""version"": 833, ""max_seen_before"": 833, ""violation"": false}]}"
20260919T061541Z_e9cd871b,834,normal,1789798552.7318554,1789798552.7431223,10.839,0,10.839,pass,,read_secondary,"{""background_write_acknowledged"": true, ""reads"": [{""version"": 834, ""max_seen_before"": 833, ""violation"": false}, {""version"": 834, ""max_seen_before"": 834, ""violation"": false}]}"
20260919T061541Z_e9cd871b,835,normal,1789798552.7431223,1789798552.7549694,11.504,0,11.504,pass,,read_secondary,"{""background_write_acknowledged"": true, ""reads"": [{""version"": 835, ""max_seen_before"": 834, ""violation"": false}, {""version"": 835, ""max_seen_before"": 835, ""violation"": false}]}"
20260919T061541Z_e9cd871b,836,normal,1789798552.7549694,1789798552.7669353,12.192,0,12.192,pass,,read_secondary,"{""background_write_acknowledged"": true, ""reads"": [{""version"": 836, ""max_seen_before"": 835, ""violation"": false}, {""version"": 836, ""max_seen_before"": 836, ""violation"": false}]}"
20260919T061541Z_e9cd871b,837,normal,1789798552.7669353,1789798552.7802527,13.188,0,13.188,pass,,read_secondary,"{""background_write_acknowledged"": true, ""reads"": [{""version"": 837, ""max_seen_before"": 836, ""violation"": false}, {""version"": 837, ""max_seen_before"": 837, ""violation"": false}]}"
20260919T061541Z_e9cd871b,838,normal,1789798552.7802527,1789798552.7914622,11.481,0,11.481,pass,,read_secondary,"{""background_write_acknowledged"": true, ""reads"": [{""version"": 838, ""max_seen_before"": 837, ""violation"": false}, {""version"": 838, ""max_seen_before"": 838, ""violation"": false}]}"
20260919T061541Z_e9cd871b,839,normal,1789798552.7914622,1789798552.804359,12.705,0,12.705,pass,,read_secondary,"{""background_write_acknowledged"": true, ""reads"": [{""version"": 839, ""max_seen_before"": 838, ""violation"": false}, {""version"": 839, ""max_seen_before"": 839, ""violation"": false}]}"
20260919T061541Z_e9cd871b,840,normal,1789798552.8049455,1789798552.8167691,12.275,0,12.275,pass,,read_secondary,"{""background_write_acknowledged"": true, ""reads"": [{""version"": 840, ""max_seen_before"": 839, ""violation"": false}, {""version"": 840, ""max_seen_before"": 840, ""violation"": false}]}"
20260919T061541Z_e9cd871b,841,normal,1789798552.817319,1789798552.8312123,14.034,0,14.034,pass,,read_secondary,"{""background_write_acknowledged"": true, ""reads"": [{""version"": 841, ""max_seen_before"": 840, ""violation"": false}, {""version"": 841, ""max_seen_before"": 841, ""violation"": false}]}"
20260919T061541Z_e9cd871b,842,normal,1789798552.8312123,1789798552.8478591,16.888,0,16.888,pass,,read_secondary,"{""background_write_acknowledged"": true, ""reads"": [{""version"": 842, ""max_seen_before"": 841, ""violation"": false}, {""version"": 842, ""max_seen_before"": 842, ""violation"": false}]}"
20260919T061541Z_e9cd871b,843,normal,1789798552.8478591,1789798552.8651552,16.602,0,16.602,pass,,read_secondary,"{""background_write_acknowledged"": true, ""reads"": [{""version"": 843, ""max_seen_before"": 842, ""violation"": false}, {""version"": 843, ""max_seen_before"": 843, ""violation"": false}]}"
20260919T061541Z_e9cd871b,844,normal,1789798552.8651552,1789798552.8781538,13.346,0,13.346,pass,,read_secondary,"{""background_write_acknowledged"": true, ""reads"": [{""version"": 844, ""max_seen_before"": 843, ""violation"": false}, {""version"": 844, ""max_seen_before"": 844, ""violation"": false}]}"
20260919T061541Z_e9cd871b,845,normal,1789798552.8781538,1789798552.8920786,13.411,0,13.411,pass,,read_secondary,"{""background_write_acknowledged"": true, ""reads"": [{""version"": 845, ""max_seen_before"": 844, ""violation"": false}, {""version"": 845, ""max_seen_before"": 845, ""violation"": false}]}"
20260919T061541Z_e9cd871b,846,normal,1789798552.8920786,1789798552.904136,11.945,0,11.945,pass,,read_secondary,"{""background_write_acknowledged"": true, ""reads"": [{""version"": 846, ""max_seen_before"": 845, ""violation"": false}, {""version"": 846, ""max_seen_before"": 846, ""violation"": false}]}"
20260919T061541Z_e9cd871b,847,normal,1789798552.904136,1789798552.9169438,12.837,0,12.837,pass,,read_secondary,"{""background_write_acknowledged"": true, ""reads"": [{""version"": 847, ""max_seen_before"": 846, ""violation"": false}, {""version"": 847, ""max_seen_before"": 847, ""violation"": false}]}"
20260919T061541Z_e9cd871b,848,normal,1789798552.9169438,1789798552.9302268,13.475,0,13.475,pass,,read_secondary,"{""background_write_acknowledged"": true, ""reads"": [{""version"": 848, ""max_seen_before"": 847, ""violation"": false}, {""version"": 848, ""max_seen_before"": 848, ""violation"": false}]}"
20260919T061541Z_e9cd871b,849,normal,1789798552.9307756,1789798552.944719,14.117,0,14.117,pass,,read_secondary,"{""background_write_acknowledged"": true, ""reads"": [{""version"": 849, ""max_seen_before"": 848, ""violation"": false}, {""version"": 849, ""max_seen_before"": 849, ""violation"": false}]}"
20260919T061541Z_e9cd871b,850,normal,1789798552.944719,1789798552.9578779,13.455,0,13.455,pass,,read_secondary,"{""background_write_acknowledged"": true, ""reads"": [{""version"": 850, ""max_seen_before"": 849, ""violation"": false}, {""version"": 850, ""max_seen_before"": 850, ""violation"": false}]}"
20260919T061541Z_e9cd871b,851,normal,1789798552.9585426,1789798552.969447,11.433,0,11.433,pass,,read_secondary,"{""background_write_acknowledged"": true, ""reads"": [{""version"": 851, ""max_seen_before"": 850, ""violation"": false}, {""version"": 851, ""max_seen_before"": 851, ""violation"": false}]}"
20260919T061541Z_e9cd871b,852,normal,1789798552.970051,1789798552.9801953,10.836,0,10.836,pass,,read_secondary,"{""background_write_acknowledged"": true, ""reads"": [{""version"": 852, ""max_seen_before"": 851, ""violation"": false}, {""version"": 852, ""max_seen_before"": 852, ""violation"": false}]}"
20260919T061541Z_e9cd871b,853,normal,1789798552.9809468,1789798552.9920697,11.712,0,11.712,pass,,read_secondary,"{""background_write_acknowledged"": true, ""reads"": [{""version"": 853, ""max_seen_before"": 852, ""violation"": false}, {""version"": 853, ""max_seen_before"": 853, ""violation"": false}]}"
20260919T061541Z_e9cd871b,854,normal,1789798552.9927373,1789798553.0037792,11.395,0,11.395,pass,,read_secondary,"{""background_write_acknowledged"": true, ""reads"": [{""version"": 854, ""max_seen_before"": 853, ""violation"": false}, {""version"": 854, ""max_seen_before"": 854, ""violation"": false}]}"
20260919T061541Z_e9cd871b,855,normal,1789798553.0037792,1789798553.0169747,12.922,0,12.922,pass,,read_secondary,"{""background_write_acknowledged"": true, ""reads"": [{""version"": 855, ""max_seen_before"": 854, ""violation"": false}, {""version"": 855, ""max_seen_before"": 855, ""violation"": false}]}"
20260919T061541Z_e9cd871b,856,normal,1789798553.0169747,1789798553.0298932,12.724,0,12.724,pass,,read_secondary,"{""background_write_acknowledged"": true, ""reads"": [{""version"": 856, ""max_seen_before"": 855, ""violation"": false}, {""version"": 856, ""max_seen_before"": 856, ""violation"": false}]}"
20260919T061541Z_e9cd871b,857,normal,1789798553.0298932,1789798553.0426438,12.893,0,12.893,pass,,read_secondary,"{""background_write_acknowledged"": true, ""reads"": [{""version"": 857, ""max_seen_before"": 856, ""violation"": false}, {""version"": 857, ""max_seen_before"": 857, ""violation"": false}]}"
20260919T061541Z_e9cd871b,858,normal,1789798553.0426438,1789798553.0568683,14.252,0,14.252,pass,,read_secondary,"{""background_write_acknowledged"": true, ""reads"": [{""version"": 858, ""max_seen_before"": 857, ""violation"": false}, {""version"": 858, ""max_seen_before"": 858, ""violation"": false}]}"
20260919T061541Z_e9cd871b,859,normal,1789798553.0568683,1789798553.069557,12.858,0,12.858,pass,,read_secondary,"{""background_write_acknowledged"": true, ""reads"": [{""version"": 859, ""max_seen_before"": 858, ""violation"": false}, {""version"": 859, ""max_seen_before"": 859, ""violation"": false}]}"
20260919T061541Z_e9cd871b,860,normal,1789798553.069557,1789798553.084633,14.358,0,14.358,pass,,read_secondary,"{""background_write_acknowledged"": true, ""reads"": [{""version"": 860, ""max_seen_before"": 859, ""violation"": false}, {""version"": 860, ""max_seen_before"": 860, ""violation"": false}]}"
20260919T061541Z_e9cd871b,861,normal,1789798553.084633,1789798553.097919,13.186,0,13.186,pass,,read_secondary,"{""background_write_acknowledged"": true, ""reads"": [{""version"": 861, ""max_seen_before"": 860, ""violation"": false}, {""version"": 861, ""max_seen_before"": 861, ""violation"": false}]}"
20260919T061541Z_e9cd871b,862,normal,1789798553.097919,1789798553.1121154,14.482,0,14.482,pass,,read_secondary,"{""background_write_acknowledged"": true, ""reads"": [{""version"": 862, ""max_seen_before"": 861, ""violation"": false}, {""version"": 862, ""max_seen_before"": 862, ""violation"": false}]}"
20260919T061541Z_e9cd871b,863,normal,1789798553.1127148,1789798553.1245728,12.131,0,12.131,pass,,read_secondary,"{""background_write_acknowledged"": true, ""reads"": [{""version"": 863, ""max_seen_before"": 862, ""violation"": false}, {""version"": 863, ""max_seen_before"": 863, ""violation"": false}]}"
20260919T061541Z_e9cd871b,864,normal,1789798553.1245728,1789798553.1350245,10.384,0,10.384,pass,,read_secondary,"{""background_write_acknowledged"": true, ""reads"": [{""version"": 864, ""max_seen_before"": 863, ""violation"": false}, {""version"": 864, ""max_seen_before"": 864, ""violation"": false}]}"
20260919T061541Z_e9cd871b,865,normal,1789798553.1350245,1789798553.146461,10.989,0,10.989,pass,,read_secondary,"{""background_write_acknowledged"": true, ""reads"": [{""version"": 865, ""max_seen_before"": 864, ""violation"": false}, {""version"": 865, ""max_seen_before"": 865, ""violation"": false}]}"
20260919T061541Z_e9cd871b,866,normal,1789798553.146461,1789798553.1575482,11.526,0,11.526,pass,,read_secondary,"{""background_write_acknowledged"": true, ""reads"": [{""version"": 866, ""max_seen_before"": 865, ""violation"": false}, {""version"": 866, ""max_seen_before"": 866, ""violation"": false}]}"
20260919T061541Z_e9cd871b,867,normal,1789798553.1575482,1789798553.169936,12.101,0,12.101,pass,,read_secondary,"{""background_write_acknowledged"": true, ""reads"": [{""version"": 867, ""max_seen_before"": 866, ""violation"": false}, {""version"": 867, ""max_seen_before"": 867, ""violation"": false}]}"
20260919T061541Z_e9cd871b,868,normal,1789798553.169936,1789798553.181047,11.178,0,11.178,pass,,read_secondary,"{""background_write_acknowledged"": true, ""reads"": [{""version"": 868, ""max_seen_before"": 867, ""violation"": false}, {""version"": 868, ""max_seen_before"": 868, ""violation"": false}]}"
20260919T061541Z_e9cd871b,869,normal,1789798553.181557,1789798553.1940215,12.647,0,12.647,pass,,read_secondary,"{""background_write_acknowledged"": true, ""reads"": [{""version"": 869, ""max_seen_before"": 868, ""violation"": false}, {""version"": 869, ""max_seen_before"": 869, ""violation"": false}]}"
20260919T061541Z_e9cd871b,870,normal,1789798553.1940215,1789798553.2051616,11.42,0,11.42,pass,,read_secondary,"{""background_write_acknowledged"": true, ""reads"": [{""version"": 870, ""max_seen_before"": 869, ""violation"": false}, {""version"": 870, ""max_seen_before"": 870, ""violation"": false}]}"
20260919T061541Z_e9cd871b,871,normal,1789798553.2057862,1789798553.218484,12.67,0,12.67,pass,,read_secondary,"{""background_write_acknowledged"": true, ""reads"": [{""version"": 871, ""max_seen_before"": 870, ""violation"": false}, {""version"": 871, ""max_seen_before"": 871, ""violation"": false}]}"
20260919T061541Z_e9cd871b,872,normal,1789798553.218484,1789798553.2295394,11.619,0,11.619,pass,,read_secondary,"{""background_write_acknowledged"": true, ""reads"": [{""version"": 872, ""max_seen_before"": 871, ""violation"": false}, {""version"": 872, ""max_seen_before"": 872, ""violation"": false}]}"
20260919T061541Z_e9cd871b,873,normal,1789798553.2302287,1789798553.2412918,11.427,0,11.427,pass,,read_secondary,"{""background_write_acknowledged"": true, ""reads"": [{""version"": 873, ""max_seen_before"": 872, ""violation"": false}, {""version"": 873, ""max_seen_before"": 873, ""violation"": false}]}"
20260919T061541Z_e9cd871b,874,normal,1789798553.2412918,1789798553.252943,11.86,0,11.86,pass,,read_secondary,"{""background_write_acknowledged"": true, ""reads"": [{""version"": 874, ""max_seen_before"": 873, ""violation"": false}, {""version"": 874, ""max_seen_before"": 874, ""violation"": false}]}"
20260919T061541Z_e9cd871b,875,normal,1789798553.253707,1789798553.2645361,11.01,0,11.01,pass,,read_secondary,"{""background_write_acknowledged"": true, ""reads"": [{""version"": 875, ""max_seen_before"": 874, ""violation"": false}, {""version"": 875, ""max_seen_before"": 875, ""violation"": false}]}"
20260919T061541Z_e9cd871b,876,normal,1789798553.2645361,1789798553.2750368,10.676,0,10.676,pass,,read_secondary,"{""background_write_acknowledged"": true, ""reads"": [{""version"": 876, ""max_seen_before"": 875, ""violation"": false}, {""version"": 876, ""max_seen_before"": 876, ""violation"": false}]}"
20260919T061541Z_e9cd871b,877,normal,1789798553.2750368,1789798553.2856238,10.765,0,10.765,pass,,read_secondary,"{""background_write_acknowledged"": true, ""reads"": [{""version"": 877, ""max_seen_before"": 876, ""violation"": false}, {""version"": 877, ""max_seen_before"": 877, ""violation"": false}]}"
20260919T061541Z_e9cd871b,878,normal,1789798553.2856238,1789798553.2989693,13.13,0,13.13,pass,,read_secondary,"{""background_write_acknowledged"": true, ""reads"": [{""version"": 878, ""max_seen_before"": 877, ""violation"": false}, {""version"": 878, ""max_seen_before"": 878, ""violation"": false}]}"
20260919T061541Z_e9cd871b,879,normal,1789798553.2989693,1789798553.3112187,11.639,0,11.639,pass,,read_secondary,"{""background_write_acknowledged"": true, ""reads"": [{""version"": 879, ""max_seen_before"": 878, ""violation"": false}, {""version"": 879, ""max_seen_before"": 879, ""violation"": false}]}"
20260919T061541Z_e9cd871b,880,normal,1789798553.3112187,1789798553.3236697,12.975,0,12.975,pass,,read_secondary,"{""background_write_acknowledged"": true, ""reads"": [{""version"": 880, ""max_seen_before"": 879, ""violation"": false}, {""version"": 880, ""max_seen_before"": 880, ""violation"": false}]}"
20260919T061541Z_e9cd871b,881,normal,1789798553.3236697,1789798553.335606,11.918,0,11.918,pass,,read_secondary,"{""background_write_acknowledged"": true, ""reads"": [{""version"": 881, ""max_seen_before"": 880, ""violation"": false}, {""version"": 881, ""max_seen_before"": 881, ""violation"": false}]}"
20260919T061541Z_e9cd871b,882,normal,1789798553.3364494,1789798553.349013,13.001,0,13.001,pass,,read_secondary,"{""background_write_acknowledged"": true, ""reads"": [{""version"": 882, ""max_seen_before"": 881, ""violation"": false}, {""version"": 882, ""max_seen_before"": 882, ""violation"": false}]}"
20260919T061541Z_e9cd871b,883,normal,1789798553.349013,1789798553.3598907,10.481,0,10.481,pass,,read_secondary,"{""background_write_acknowledged"": true, ""reads"": [{""version"": 883, ""max_seen_before"": 882, ""violation"": false}, {""version"": 883, ""max_seen_before"": 883, ""violation"": false}]}"
20260919T061541Z_e9cd871b,884,normal,1789798553.3598907,1789798553.37228,12.354,0,12.354,pass,,read_secondary,"{""background_write_acknowledged"": true, ""reads"": [{""version"": 884, ""max_seen_before"": 883, ""violation"": false}, {""version"": 884, ""max_seen_before"": 884, ""violation"": false}]}"
20260919T061541Z_e9cd871b,885,normal,1789798553.37228,1789798553.3857636,13.604,0,13.604,pass,,read_secondary,"{""background_write_acknowledged"": true, ""reads"": [{""version"": 885, ""max_seen_before"": 884, ""violation"": false}, {""version"": 885, ""max_seen_before"": 885, ""violation"": false}]}"
20260919T061541Z_e9cd871b,886,normal,1789798553.3857636,1789798553.3972595,11.527,0,11.527,pass,,read_secondary,"{""background_write_acknowledged"": true, ""reads"": [{""version"": 886, ""max_seen_before"": 885, ""violation"": false}, {""version"": 886, ""max_seen_before"": 886, ""violation"": false}]}"
20260919T061541Z_e9cd871b,887,normal,1789798553.3972595,1789798553.409153,11.603,0,11.603,pass,,read_secondary,"{""background_write_acknowledged"": true, ""reads"": [{""version"": 887, ""max_seen_before"": 886, ""violation"": false}, {""version"": 887, ""max_seen_before"": 887, ""violation"": false}]}"
20260919T061541Z_e9cd871b,888,normal,1789798553.409153,1789798553.4217587,12.19,0,12.19,pass,,read_secondary,"{""background_write_acknowledged"": true, ""reads"": [{""version"": 888, ""max_seen_before"": 887, ""violation"": false}, {""version"": 888, ""max_seen_before"": 888, ""violation"": false}]}"
20260919T061541Z_e9cd871b,889,normal,1789798553.4217587,1789798553.4345148,12.771,0,12.771,pass,,read_secondary,"{""background_write_acknowledged"": true, ""reads"": [{""version"": 889, ""max_seen_before"": 888, ""violation"": false}, {""version"": 889, ""max_seen_before"": 889, ""violation"": false}]}"
20260919T061541Z_e9cd871b,890,normal,1789798553.4345148,1789798553.446629,12.353,0,12.353,pass,,read_secondary,"{""background_write_acknowledged"": true, ""reads"": [{""version"": 890, ""max_seen_before"": 889, ""violation"": false}, {""version"": 890, ""max_seen_before"": 890, ""violation"": false}]}"
20260919T061541Z_e9cd871b,891,normal,1789798553.446629,1789798553.4594946,12.453,0,12.453,pass,,read_secondary,"{""background_write_acknowledged"": true, ""reads"": [{""version"": 891, ""max_seen_before"": 890, ""violation"": false}, {""version"": 891, ""max_seen_before"": 891, ""violation"": false}]}"
20260919T061541Z_e9cd871b,892,normal,1789798553.4594946,1789798553.4733994,13.823,0,13.823,pass,,read_secondary,"{""background_write_acknowledged"": true, ""reads"": [{""version"": 892, ""max_seen_before"": 891, ""violation"": false}, {""version"": 892, ""max_seen_before"": 892, ""violation"": false}]}"
20260919T061541Z_e9cd871b,893,normal,1789798553.4733994,1789798553.4872446,14.031,0,14.031,pass,,read_secondary,"{""background_write_acknowledged"": true, ""reads"": [{""version"": 893, ""max_seen_before"": 892, ""violation"": false}, {""version"": 893, ""max_seen_before"": 893, ""violation"": false}]}"
20260919T061541Z_e9cd871b,894,normal,1789798553.4878309,1789798553.5006518,13.288,0,13.288,pass,,read_secondary,"{""background_write_acknowledged"": true, ""reads"": [{""version"": 894, ""max_seen_before"": 893, ""violation"": false}, {""version"": 894, ""max_seen_before"": 894, ""violation"": false}]}"
20260919T061541Z_e9cd871b,895,normal,1789798553.5006518,1789798553.5139542,12.753,0,12.753,pass,,read_secondary,"{""background_write_acknowledged"": true, ""reads"": [{""version"": 895, ""max_seen_before"": 894, ""violation"": false}, {""version"": 895, ""max_seen_before"": 895, ""violation"": false}]}"
20260919T061541Z_e9cd871b,896,normal,1789798553.5139542,1789798553.526545,12.969,0,12.969,pass,,read_secondary,"{""background_write_acknowledged"": true, ""reads"": [{""version"": 896, ""max_seen_before"": 895, ""violation"": false}, {""version"": 896, ""max_seen_before"": 896, ""violation"": false}]}"
20260919T061541Z_e9cd871b,897,normal,1789798553.5270526,1789798553.538266,11.535,0,11.535,pass,,read_secondary,"{""background_write_acknowledged"": true, ""reads"": [{""version"": 897, ""max_seen_before"": 896, ""violation"": false}, {""version"": 897, ""max_seen_before"": 897, ""violation"": false}]}"
20260919T061541Z_e9cd871b,898,normal,1789798553.538266,1789798553.55248,14.286,0,14.286,pass,,read_secondary,"{""background_write_acknowledged"": true, ""reads"": [{""version"": 898, ""max_seen_before"": 897, ""violation"": false}, {""version"": 898, ""max_seen_before"": 898, ""violation"": false}]}"
20260919T061541Z_e9cd871b,899,normal,1789798553.55248,1789798553.566564,13.812,0,13.812,pass,,read_secondary,"{""background_write_acknowledged"": true, ""reads"": [{""version"": 899, ""max_seen_before"": 898, ""violation"": false}, {""version"": 899, ""max_seen_before"": 899, ""violation"": false}]}"
20260919T061541Z_e9cd871b,900,normal,1789798553.566564,1789798553.5793355,12.668,0,12.668,pass,,read_secondary,"{""background_write_acknowledged"": true, ""reads"": [{""version"": 900, ""max_seen_before"": 899, ""violation"": false}, {""version"": 900, ""max_seen_before"": 900, ""violation"": false}]}"
20260919T061541Z_e9cd871b,901,normal,1789798553.5838504,1789798553.597086,12.505,0,12.505,pass,,read_secondary,"{""background_write_acknowledged"": true, ""reads"": [{""version"": 901, ""max_seen_before"": 900, ""violation"": false}, {""version"": 901, ""max_seen_before"": 901, ""violation"": false}]}"
20260919T061541Z_e9cd871b,902,normal,1789798553.597086,1789798553.6076083,10.898,0,10.898,pass,,read_secondary,"{""background_write_acknowledged"": true, ""reads"": [{""version"": 902, ""max_seen_before"": 901, ""violation"": false}, {""version"": 902, ""max_seen_before"": 902, ""violation"": false}]}"
20260919T061541Z_e9cd871b,903,normal,1789798553.6076083,1789798553.6183627,10.496,0,10.496,pass,,read_secondary,"{""background_write_acknowledged"": true, ""reads"": [{""version"": 903, ""max_seen_before"": 902, ""violation"": false}, {""version"": 903, ""max_seen_before"": 903, ""violation"": false}]}"
20260919T061541Z_e9cd871b,904,normal,1789798553.6183627,1789798553.628754,10.295,0,10.295,pass,,read_secondary,"{""background_write_acknowledged"": true, ""reads"": [{""version"": 904, ""max_seen_before"": 903, ""violation"": false}, {""version"": 904, ""max_seen_before"": 904, ""violation"": false}]}"
20260919T061541Z_e9cd871b,905,normal,1789798553.628754,1789798553.6386456,10.416,0,10.416,pass,,read_secondary,"{""background_write_acknowledged"": true, ""reads"": [{""version"": 905, ""max_seen_before"": 904, ""violation"": false}, {""version"": 905, ""max_seen_before"": 905, ""violation"": false}]}"
20260919T061541Z_e9cd871b,906,normal,1789798553.6396523,1789798553.650184,10.881,0,10.881,pass,,read_secondary,"{""background_write_acknowledged"": true, ""reads"": [{""version"": 906, ""max_seen_before"": 905, ""violation"": false}, {""version"": 906, ""max_seen_before"": 906, ""violation"": false}]}"
20260919T061541Z_e9cd871b,907,normal,1789798553.650184,1789798553.660517,10.614,0,10.614,pass,,read_secondary,"{""background_write_acknowledged"": true, ""reads"": [{""version"": 907, ""max_seen_before"": 906, ""violation"": false}, {""version"": 907, ""max_seen_before"": 907, ""violation"": false}]}"
20260919T061541Z_e9cd871b,908,normal,1789798553.6612785,1789798553.671615,10.964,0,10.964,pass,,read_secondary,"{""background_write_acknowledged"": true, ""reads"": [{""version"": 908, ""max_seen_before"": 907, ""violation"": false}, {""version"": 908, ""max_seen_before"": 908, ""violation"": false}]}"
20260919T061541Z_e9cd871b,909,normal,1789798553.671615,1789798553.6833415,11.233,0,11.233,pass,,read_secondary,"{""background_write_acknowledged"": true, ""reads"": [{""version"": 909, ""max_seen_before"": 908, ""violation"": false}, {""version"": 909, ""max_seen_before"": 909, ""violation"": false}]}"
20260919T061541Z_e9cd871b,910,normal,1789798553.6833415,1789798553.6942358,11.072,0,11.072,pass,,read_secondary,"{""background_write_acknowledged"": true, ""reads"": [{""version"": 910, ""max_seen_before"": 909, ""violation"": false}, {""version"": 910, ""max_seen_before"": 910, ""violation"": false}]}"
20260919T061541Z_e9cd871b,911,normal,1789798553.6942358,1789798553.7050495,10.34,0,10.34,pass,,read_secondary,"{""background_write_acknowledged"": true, ""reads"": [{""version"": 911, ""max_seen_before"": 910, ""violation"": false}, {""version"": 911, ""max_seen_before"": 911, ""violation"": false}]}"
20260919T061541Z_e9cd871b,912,normal,1789798553.7050495,1789798553.7157354,11.114,0,11.114,pass,,read_secondary,"{""background_write_acknowledged"": true, ""reads"": [{""version"": 912, ""max_seen_before"": 911, ""violation"": false}, {""version"": 912, ""max_seen_before"": 912, ""violation"": false}]}"
20260919T061541Z_e9cd871b,913,normal,1789798553.7163148,1789798553.728332,12.041,0,12.041,pass,,read_secondary,"{""background_write_acknowledged"": true, ""reads"": [{""version"": 913, ""max_seen_before"": 912, ""violation"": false}, {""version"": 913, ""max_seen_before"": 913, ""violation"": false}]}"
20260919T061541Z_e9cd871b,914,normal,1789798553.728332,1789798553.7394264,11.201,0,11.201,pass,,read_secondary,"{""background_write_acknowledged"": true, ""reads"": [{""version"": 914, ""max_seen_before"": 913, ""violation"": false}, {""version"": 914, ""max_seen_before"": 914, ""violation"": false}]}"
20260919T061541Z_e9cd871b,915,normal,1789798553.7394264,1789798553.7513275,11.605,0,11.605,pass,,read_secondary,"{""background_write_acknowledged"": true, ""reads"": [{""version"": 915, ""max_seen_before"": 914, ""violation"": false}, {""version"": 915, ""max_seen_before"": 915, ""violation"": false}]}"
20260919T061541Z_e9cd871b,916,normal,1789798553.7513275,1789798553.764204,12.814,0,12.814,pass,,read_secondary,"{""background_write_acknowledged"": true, ""reads"": [{""version"": 916, ""max_seen_before"": 915, ""violation"": false}, {""version"": 916, ""max_seen_before"": 916, ""violation"": false}]}"
20260919T061541Z_e9cd871b,917,normal,1789798553.764204,1789798553.7778375,13.417,0,13.417,pass,,read_secondary,"{""background_write_acknowledged"": true, ""reads"": [{""version"": 917, ""max_seen_before"": 916, ""violation"": false}, {""version"": 917, ""max_seen_before"": 917, ""violation"": false}]}"
20260919T061541Z_e9cd871b,918,normal,1789798553.7778375,1789798553.7893963,11.738,0,11.738,pass,,read_secondary,"{""background_write_acknowledged"": true, ""reads"": [{""version"": 918, ""max_seen_before"": 917, ""violation"": false}, {""version"": 918, ""max_seen_before"": 918, ""violation"": false}]}"
20260919T061541Z_e9cd871b,919,normal,1789798553.7893963,1789798553.801009,11.795,0,11.795,pass,,read_secondary,"{""background_write_acknowledged"": true, ""reads"": [{""version"": 919, ""max_seen_before"": 918, ""violation"": false}, {""version"": 919, ""max_seen_before"": 919, ""violation"": false}]}"
20260919T061541Z_e9cd871b,920,normal,1789798553.8015878,1789798553.8124678,11.075,0,11.075,pass,,read_secondary,"{""background_write_acknowledged"": true, ""reads"": [{""version"": 920, ""max_seen_before"": 919, ""violation"": false}, {""version"": 920, ""max_seen_before"": 920, ""violation"": false}]}"
20260919T061541Z_e9cd871b,921,normal,1789798553.8124678,1789798553.82402,11.908,0,11.908,pass,,read_secondary,"{""background_write_acknowledged"": true, ""reads"": [{""version"": 921, ""max_seen_before"": 920, ""violation"": false}, {""version"": 921, ""max_seen_before"": 921, ""violation"": false}]}"
20260919T061541Z_e9cd871b,922,normal,1789798553.82402,1789798553.835875,11.151,0,11.151,pass,,read_secondary,"{""background_write_acknowledged"": true, ""reads"": [{""version"": 922, ""max_seen_before"": 921, ""violation"": false}, {""version"": 922, ""max_seen_before"": 922, ""violation"": false}]}"
20260919T061541Z_e9cd871b,923,normal,1789798553.835875,1789798553.8468132,11.339,0,11.339,pass,,read_secondary,"{""background_write_acknowledged"": true, ""reads"": [{""version"": 923, ""max_seen_before"": 922, ""violation"": false}, {""version"": 923, ""max_seen_before"": 923, ""violation"": false}]}"
20260919T061541Z_e9cd871b,924,normal,1789798553.847389,1789798553.8588543,11.921,0,11.921,pass,,read_secondary,"{""background_write_acknowledged"": true, ""reads"": [{""version"": 924, ""max_seen_before"": 923, ""violation"": false}, {""version"": 924, ""max_seen_before"": 924, ""violation"": false}]}"
20260919T061541Z_e9cd871b,925,normal,1789798553.8588543,1789798553.8717284,12.542,0,12.542,pass,,read_secondary,"{""background_write_acknowledged"": true, ""reads"": [{""version"": 925, ""max_seen_before"": 924, ""violation"": false}, {""version"": 925, ""max_seen_before"": 925, ""violation"": false}]}"
20260919T061541Z_e9cd871b,926,normal,1789798553.8717284,1789798553.8845296,12.626,0,12.626,pass,,read_secondary,"{""background_write_acknowledged"": true, ""reads"": [{""version"": 926, ""max_seen_before"": 925, ""violation"": false}, {""version"": 926, ""max_seen_before"": 926, ""violation"": false}]}"
20260919T061541Z_e9cd871b,927,normal,1789798553.8845296,1789798553.8954825,10.92,0,10.92,pass,,read_secondary,"{""background_write_acknowledged"": true, ""reads"": [{""version"": 927, ""max_seen_before"": 926, ""violation"": false}, {""version"": 927, ""max_seen_before"": 927, ""violation"": false}]}"
20260919T061541Z_e9cd871b,928,normal,1789798553.8954825,1789798553.9080987,12.629,0,12.629,pass,,read_secondary,"{""background_write_acknowledged"": true, ""reads"": [{""version"": 928, ""max_seen_before"": 927, ""violation"": false}, {""version"": 928, ""max_seen_before"": 928, ""violation"": false}]}"
20260919T061541Z_e9cd871b,929,normal,1789798553.9080987,1789798553.9215333,13.037,0,13.037,pass,,read_secondary,"{""background_write_acknowledged"": true, ""reads"": [{""version"": 929, ""max_seen_before"": 928, ""violation"": false}, {""version"": 929, ""max_seen_before"": 929, ""violation"": false}]}"
20260919T061541Z_e9cd871b,930,normal,1789798553.9215333,1789798553.9351327,14.024,0,14.024,pass,,read_secondary,"{""background_write_acknowledged"": true, ""reads"": [{""version"": 930, ""max_seen_before"": 929, ""violation"": false}, {""version"": 930, ""max_seen_before"": 930, ""violation"": false}]}"
20260919T061541Z_e9cd871b,931,normal,1789798553.9351327,1789798553.949891,14.341,0,14.341,pass,,read_secondary,"{""background_write_acknowledged"": true, ""reads"": [{""version"": 931, ""max_seen_before"": 930, ""violation"": false}, {""version"": 931, ""max_seen_before"": 931, ""violation"": false}]}"
20260919T061541Z_e9cd871b,932,normal,1789798553.949891,1789798553.963487,13.336,0,13.336,pass,,read_secondary,"{""background_write_acknowledged"": true, ""reads"": [{""version"": 932, ""max_seen_before"": 931, ""violation"": false}, {""version"": 932, ""max_seen_before"": 932, ""violation"": false}]}"
20260919T061541Z_e9cd871b,933,normal,1789798553.963487,1789798553.978289,14.817,0,14.817,pass,,read_secondary,"{""background_write_acknowledged"": true, ""reads"": [{""version"": 933, ""max_seen_before"": 932, ""violation"": false}, {""version"": 933, ""max_seen_before"": 933, ""violation"": false}]}"
20260919T061541Z_e9cd871b,934,normal,1789798553.978289,1789798553.990461,12.451,0,12.451,pass,,read_secondary,"{""background_write_acknowledged"": true, ""reads"": [{""version"": 934, ""max_seen_before"": 933, ""violation"": false}, {""version"": 934, ""max_seen_before"": 934, ""violation"": false}]}"
20260919T061541Z_e9cd871b,935,normal,1789798553.9911165,1789798554.007078,16.299,0,16.299,pass,,read_secondary,"{""background_write_acknowledged"": true, ""reads"": [{""version"": 935, ""max_seen_before"": 934, ""violation"": false}, {""version"": 935, ""max_seen_before"": 935, ""violation"": false}]}"
20260919T061541Z_e9cd871b,936,normal,1789798554.007078,1789798554.0214827,14.316,0,14.316,pass,,read_secondary,"{""background_write_acknowledged"": true, ""reads"": [{""version"": 936, ""max_seen_before"": 935, ""violation"": false}, {""version"": 936, ""max_seen_before"": 936, ""violation"": false}]}"
20260919T061541Z_e9cd871b,937,normal,1789798554.0214827,1789798554.0344687,12.487,0,12.487,pass,,read_secondary,"{""background_write_acknowledged"": true, ""reads"": [{""version"": 937, ""max_seen_before"": 936, ""violation"": false}, {""version"": 937, ""max_seen_before"": 937, ""violation"": false}]}"
20260919T061541Z_e9cd871b,938,normal,1789798554.0344687,1789798554.045631,11.326,0,11.326,pass,,read_secondary,"{""background_write_acknowledged"": true, ""reads"": [{""version"": 938, ""max_seen_before"": 937, ""violation"": false}, {""version"": 938, ""max_seen_before"": 938, ""violation"": false}]}"
20260919T061541Z_e9cd871b,939,normal,1789798554.045631,1789798554.057942,12.153,0,12.153,pass,,read_secondary,"{""background_write_acknowledged"": true, ""reads"": [{""version"": 939, ""max_seen_before"": 938, ""violation"": false}, {""version"": 939, ""max_seen_before"": 939, ""violation"": false}]}"
20260919T061541Z_e9cd871b,940,normal,1789798554.057942,1789798554.0708804,12.968,0,12.968,pass,,read_secondary,"{""background_write_acknowledged"": true, ""reads"": [{""version"": 940, ""max_seen_before"": 939, ""violation"": false}, {""version"": 940, ""max_seen_before"": 940, ""violation"": false}]}"
20260919T061541Z_e9cd871b,941,normal,1789798554.0708804,1789798554.085822,14.774,0,14.774,pass,,read_secondary,"{""background_write_acknowledged"": true, ""reads"": [{""version"": 941, ""max_seen_before"": 940, ""violation"": false}, {""version"": 941, ""max_seen_before"": 941, ""violation"": false}]}"
20260919T061541Z_e9cd871b,942,normal,1789798554.085822,1789798554.1015217,15.966,0,15.966,pass,,read_secondary,"{""background_write_acknowledged"": true, ""reads"": [{""version"": 942, ""max_seen_before"": 941, ""violation"": false}, {""version"": 942, ""max_seen_before"": 942, ""violation"": false}]}"
20260919T061541Z_e9cd871b,943,normal,1789798554.102286,1789798554.1163576,14.222,0,14.222,pass,,read_secondary,"{""background_write_acknowledged"": true, ""reads"": [{""version"": 943, ""max_seen_before"": 942, ""violation"": false}, {""version"": 943, ""max_seen_before"": 943, ""violation"": false}]}"
20260919T061541Z_e9cd871b,944,normal,1789798554.1163576,1789798554.1299777,13.391,0,13.391,pass,,read_secondary,"{""background_write_acknowledged"": true, ""reads"": [{""version"": 944, ""max_seen_before"": 943, ""violation"": false}, {""version"": 944, ""max_seen_before"": 944, ""violation"": false}]}"
20260919T061541Z_e9cd871b,945,normal,1789798554.1299777,1789798554.143158,13.144,0,13.144,pass,,read_secondary,"{""background_write_acknowledged"": true, ""reads"": [{""version"": 945, ""max_seen_before"": 944, ""violation"": false}, {""version"": 945, ""max_seen_before"": 945, ""violation"": false}]}"
20260919T061541Z_e9cd871b,946,normal,1789798554.143158,1789798554.155688,12.764,0,12.764,pass,,read_secondary,"{""background_write_acknowledged"": true, ""reads"": [{""version"": 946, ""max_seen_before"": 945, ""violation"": false}, {""version"": 946, ""max_seen_before"": 946, ""violation"": false}]}"
20260919T061541Z_e9cd871b,947,normal,1789798554.155688,1789798554.1688435,13.149,0,13.149,pass,,read_secondary,"{""background_write_acknowledged"": true, ""reads"": [{""version"": 947, ""max_seen_before"": 946, ""violation"": false}, {""version"": 947, ""max_seen_before"": 947, ""violation"": false}]}"
20260919T061541Z_e9cd871b,948,normal,1789798554.169358,1789798554.1819413,12.773,0,12.773,pass,,read_secondary,"{""background_write_acknowledged"": true, ""reads"": [{""version"": 948, ""max_seen_before"": 947, ""violation"": false}, {""version"": 948, ""max_seen_before"": 948, ""violation"": false}]}"
20260919T061541Z_e9cd871b,949,normal,1789798554.1819413,1789798554.193803,11.944,0,11.944,pass,,read_secondary,"{""background_write_acknowledged"": true, ""reads"": [{""version"": 949, ""max_seen_before"": 948, ""violation"": false}, {""version"": 949, ""max_seen_before"": 949, ""violation"": false}]}"
20260919T061541Z_e9cd871b,950,normal,1789798554.193803,1789798554.2057865,11.513,0,11.513,pass,,read_secondary,"{""background_write_acknowledged"": true, ""reads"": [{""version"": 950, ""max_seen_before"": 949, ""violation"": false}, {""version"": 950, ""max_seen_before"": 950, ""violation"": false}]}"
20260919T061541Z_e9cd871b,951,normal,1789798554.2057865,1789798554.216644,11.215,0,11.215,pass,,read_secondary,"{""background_write_acknowledged"": true, ""reads"": [{""version"": 951, ""max_seen_before"": 950, ""violation"": false}, {""version"": 951, ""max_seen_before"": 951, ""violation"": false}]}"
20260919T061541Z_e9cd871b,952,normal,1789798554.216644,1789798554.2290254,12.244,0,12.244,pass,,read_secondary,"{""background_write_acknowledged"": true, ""reads"": [{""version"": 952, ""max_seen_before"": 951, ""violation"": false}, {""version"": 952, ""max_seen_before"": 952, ""violation"": false}]}"
20260919T061541Z_e9cd871b,953,normal,1789798554.2290254,1789798554.2418883,12.429,0,12.429,pass,,read_secondary,"{""background_write_acknowledged"": true, ""reads"": [{""version"": 953, ""max_seen_before"": 952, ""violation"": false}, {""version"": 953, ""max_seen_before"": 953, ""violation"": false}]}"
20260919T061541Z_e9cd871b,954,normal,1789798554.2418883,1789798554.252148,10.565,0,10.565,pass,,read_secondary,"{""background_write_acknowledged"": true, ""reads"": [{""version"": 954, ""max_seen_before"": 953, ""violation"": false}, {""version"": 954, ""max_seen_before"": 954, ""violation"": false}]}"
20260919T061541Z_e9cd871b,955,normal,1789798554.2526548,1789798554.2636964,11.481,0,11.481,pass,,read_secondary,"{""background_write_acknowledged"": true, ""reads"": [{""version"": 955, ""max_seen_before"": 954, ""violation"": false}, {""version"": 955, ""max_seen_before"": 955, ""violation"": false}]}"
20260919T061541Z_e9cd871b,956,normal,1789798554.2636964,1789798554.2746527,10.59,0,10.59,pass,,read_secondary,"{""background_write_acknowledged"": true, ""reads"": [{""version"": 956, ""max_seen_before"": 955, ""violation"": false}, {""version"": 956, ""max_seen_before"": 956, ""violation"": false}]}"
20260919T061541Z_e9cd871b,957,normal,1789798554.2746527,1789798554.2847,10.286,0,10.286,pass,,read_secondary,"{""background_write_acknowledged"": true, ""reads"": [{""version"": 957, ""max_seen_before"": 956, ""violation"": false}, {""version"": 957, ""max_seen_before"": 957, ""violation"": false}]}"
20260919T061541Z_e9cd871b,958,normal,1789798554.285232,1789798554.2944748,9.693,0,9.693,pass,,read_secondary,"{""background_write_acknowledged"": true, ""reads"": [{""version"": 958, ""max_seen_before"": 957, ""violation"": false}, {""version"": 958, ""max_seen_before"": 958, ""violation"": false}]}"
20260919T061541Z_e9cd871b,959,normal,1789798554.2949867,1789798554.3045511,9.688,0,9.688,pass,,read_secondary,"{""background_write_acknowledged"": true, ""reads"": [{""version"": 959, ""max_seen_before"": 958, ""violation"": false}, {""version"": 959, ""max_seen_before"": 959, ""violation"": false}]}"
20260919T061541Z_e9cd871b,960,normal,1789798554.3045511,1789798554.3144734,10.079,0,10.079,pass,,read_secondary,"{""background_write_acknowledged"": true, ""reads"": [{""version"": 960, ""max_seen_before"": 959, ""violation"": false}, {""version"": 960, ""max_seen_before"": 960, ""violation"": false}]}"
20260919T061541Z_e9cd871b,961,normal,1789798554.3144734,1789798554.3247752,9.974,0,9.974,pass,,read_secondary,"{""background_write_acknowledged"": true, ""reads"": [{""version"": 961, ""max_seen_before"": 960, ""violation"": false}, {""version"": 961, ""max_seen_before"": 961, ""violation"": false}]}"
20260919T061541Z_e9cd871b,962,normal,1789798554.3247752,1789798554.3340795,9.531,0,9.531,pass,,read_secondary,"{""background_write_acknowledged"": true, ""reads"": [{""version"": 962, ""max_seen_before"": 961, ""violation"": false}, {""version"": 962, ""max_seen_before"": 962, ""violation"": false}]}"
20260919T061541Z_e9cd871b,963,normal,1789798554.3340795,1789798554.3446825,10.27,0,10.27,pass,,read_secondary,"{""background_write_acknowledged"": true, ""reads"": [{""version"": 963, ""max_seen_before"": 962, ""violation"": false}, {""version"": 963, ""max_seen_before"": 963, ""violation"": false}]}"
20260919T061541Z_e9cd871b,964,normal,1789798554.3446825,1789798554.3555398,10.77,0,10.77,pass,,read_secondary,"{""background_write_acknowledged"": true, ""reads"": [{""version"": 964, ""max_seen_before"": 963, ""violation"": false}, {""version"": 964, ""max_seen_before"": 964, ""violation"": false}]}"
20260919T061541Z_e9cd871b,965,normal,1789798554.3555398,1789798554.3678105,12.366,0,12.366,pass,,read_secondary,"{""background_write_acknowledged"": true, ""reads"": [{""version"": 965, ""max_seen_before"": 964, ""violation"": false}, {""version"": 965, ""max_seen_before"": 965, ""violation"": false}]}"
20260919T061541Z_e9cd871b,966,normal,1789798554.3678105,1789798554.380188,11.939,0,11.939,pass,,read_secondary,"{""background_write_acknowledged"": true, ""reads"": [{""version"": 966, ""max_seen_before"": 965, ""violation"": false}, {""version"": 966, ""max_seen_before"": 966, ""violation"": false}]}"
20260919T061541Z_e9cd871b,967,normal,1789798554.380188,1789798554.390905,11.172,0,11.172,pass,,read_secondary,"{""background_write_acknowledged"": true, ""reads"": [{""version"": 967, ""max_seen_before"": 966, ""violation"": false}, {""version"": 967, ""max_seen_before"": 967, ""violation"": false}]}"
20260919T061541Z_e9cd871b,968,normal,1789798554.390905,1789798554.4018428,10.529,0,10.529,pass,,read_secondary,"{""background_write_acknowledged"": true, ""reads"": [{""version"": 968, ""max_seen_before"": 967, ""violation"": false}, {""version"": 968, ""max_seen_before"": 968, ""violation"": false}]}"
20260919T061541Z_e9cd871b,969,normal,1789798554.4018428,1789798554.4125211,10.438,0,10.438,pass,,read_secondary,"{""background_write_acknowledged"": true, ""reads"": [{""version"": 969, ""max_seen_before"": 968, ""violation"": false}, {""version"": 969, ""max_seen_before"": 969, ""violation"": false}]}"
20260919T061541Z_e9cd871b,970,normal,1789798554.4125211,1789798554.4248717,12.255,0,12.255,pass,,read_secondary,"{""background_write_acknowledged"": true, ""reads"": [{""version"": 970, ""max_seen_before"": 969, ""violation"": false}, {""version"": 970, ""max_seen_before"": 970, ""violation"": false}]}"
20260919T061541Z_e9cd871b,971,normal,1789798554.4248717,1789798554.4376192,12.789,0,12.789,pass,,read_secondary,"{""background_write_acknowledged"": true, ""reads"": [{""version"": 971, ""max_seen_before"": 970, ""violation"": false}, {""version"": 971, ""max_seen_before"": 971, ""violation"": false}]}"
20260919T061541Z_e9cd871b,972,normal,1789798554.4376192,1789798554.4488404,11.213,0,11.213,pass,,read_secondary,"{""background_write_acknowledged"": true, ""reads"": [{""version"": 972, ""max_seen_before"": 971, ""violation"": false}, {""version"": 972, ""max_seen_before"": 972, ""violation"": false}]}"
20260919T061541Z_e9cd871b,973,normal,1789798554.4488404,1789798554.461086,11.964,0,11.964,pass,,read_secondary,"{""background_write_acknowledged"": true, ""reads"": [{""version"": 973, ""max_seen_before"": 972, ""violation"": false}, {""version"": 973, ""max_seen_before"": 973, ""violation"": false}]}"
20260919T061541Z_e9cd871b,974,normal,1789798554.461086,1789798554.472172,11.405,0,11.405,pass,,read_secondary,"{""background_write_acknowledged"": true, ""reads"": [{""version"": 974, ""max_seen_before"": 973, ""violation"": false}, {""version"": 974, ""max_seen_before"": 974, ""violation"": false}]}"
20260919T061541Z_e9cd871b,975,normal,1789798554.472172,1789798554.4845006,12.568,0,12.568,pass,,read_secondary,"{""background_write_acknowledged"": true, ""reads"": [{""version"": 975, ""max_seen_before"": 974, ""violation"": false}, {""version"": 975, ""max_seen_before"": 975, ""violation"": false}]}"
20260919T061541Z_e9cd871b,976,normal,1789798554.4845006,1789798554.4967756,11.764,0,11.764,pass,,read_secondary,"{""background_write_acknowledged"": true, ""reads"": [{""version"": 976, ""max_seen_before"": 975, ""violation"": false}, {""version"": 976, ""max_seen_before"": 976, ""violation"": false}]}"
20260919T061541Z_e9cd871b,977,normal,1789798554.4967756,1789798554.5085614,11.429,0,11.429,pass,,read_secondary,"{""background_write_acknowledged"": true, ""reads"": [{""version"": 977, ""max_seen_before"": 976, ""violation"": false}, {""version"": 977, ""max_seen_before"": 977, ""violation"": false}]}"
20260919T061541Z_e9cd871b,978,normal,1789798554.5085614,1789798554.5225098,14.257,0,14.257,pass,,read_secondary,"{""background_write_acknowledged"": true, ""reads"": [{""version"": 978, ""max_seen_before"": 977, ""violation"": false}, {""version"": 978, ""max_seen_before"": 978, ""violation"": false}]}"
20260919T061541Z_e9cd871b,979,normal,1789798554.5225098,1789798554.5359545,12.978,0,12.978,pass,,read_secondary,"{""background_write_acknowledged"": true, ""reads"": [{""version"": 979, ""max_seen_before"": 978, ""violation"": false}, {""version"": 979, ""max_seen_before"": 979, ""violation"": false}]}"
20260919T061541Z_e9cd871b,980,normal,1789798554.5359545,1789798554.5478964,12.336,0,12.336,pass,,read_secondary,"{""background_write_acknowledged"": true, ""reads"": [{""version"": 980, ""max_seen_before"": 979, ""violation"": false}, {""version"": 980, ""max_seen_before"": 980, ""violation"": false}]}"
20260919T061541Z_e9cd871b,981,normal,1789798554.5484104,1789798554.5597804,11.487,0,11.487,pass,,read_secondary,"{""background_write_acknowledged"": true, ""reads"": [{""version"": 981, ""max_seen_before"": 980, ""violation"": false}, {""version"": 981, ""max_seen_before"": 981, ""violation"": false}]}"
20260919T061541Z_e9cd871b,982,normal,1789798554.5597804,1789798554.571989,12.343,0,12.343,pass,,read_secondary,"{""background_write_acknowledged"": true, ""reads"": [{""version"": 982, ""max_seen_before"": 981, ""violation"": false}, {""version"": 982, ""max_seen_before"": 982, ""violation"": false}]}"
20260919T061541Z_e9cd871b,983,normal,1789798554.571989,1789798554.585537,13.433,0,13.433,pass,,read_secondary,"{""background_write_acknowledged"": true, ""reads"": [{""version"": 983, ""max_seen_before"": 982, ""violation"": false}, {""version"": 983, ""max_seen_before"": 983, ""violation"": false}]}"
20260919T061541Z_e9cd871b,984,normal,1789798554.585537,1789798554.6002822,14.676,0,14.676,pass,,read_secondary,"{""background_write_acknowledged"": true, ""reads"": [{""version"": 984, ""max_seen_before"": 983, ""violation"": false}, {""version"": 984, ""max_seen_before"": 984, ""violation"": false}]}"
20260919T061541Z_e9cd871b,985,normal,1789798554.6002822,1789798554.6161518,15.397,0,15.397,pass,,read_secondary,"{""background_write_acknowledged"": true, ""reads"": [{""version"": 985, ""max_seen_before"": 984, ""violation"": false}, {""version"": 985, ""max_seen_before"": 985, ""violation"": false}]}"
20260919T061541Z_e9cd871b,986,normal,1789798554.6161518,1789798554.6302867,14.363,0,14.363,pass,,read_secondary,"{""background_write_acknowledged"": true, ""reads"": [{""version"": 986, ""max_seen_before"": 985, ""violation"": false}, {""version"": 986, ""max_seen_before"": 986, ""violation"": false}]}"
20260919T061541Z_e9cd871b,987,normal,1789798554.6302867,1789798554.6433027,12.948,0,12.948,pass,,read_secondary,"{""background_write_acknowledged"": true, ""reads"": [{""version"": 987, ""max_seen_before"": 986, ""violation"": false}, {""version"": 987, ""max_seen_before"": 987, ""violation"": false}]}"
20260919T061541Z_e9cd871b,988,normal,1789798554.6433027,1789798554.6567962,13.111,0,13.111,pass,,read_secondary,"{""background_write_acknowledged"": true, ""reads"": [{""version"": 988, ""max_seen_before"": 987, ""violation"": false}, {""version"": 988, ""max_seen_before"": 988, ""violation"": false}]}"
20260919T061541Z_e9cd871b,989,normal,1789798554.6567962,1789798554.6689792,12.437,0,12.437,pass,,read_secondary,"{""background_write_acknowledged"": true, ""reads"": [{""version"": 989, ""max_seen_before"": 988, ""violation"": false}, {""version"": 989, ""max_seen_before"": 989, ""violation"": false}]}"
20260919T061541Z_e9cd871b,990,normal,1789798554.669525,1789798554.6800106,11.22,0,11.22,pass,,read_secondary,"{""background_write_acknowledged"": true, ""reads"": [{""version"": 990, ""max_seen_before"": 989, ""violation"": false}, {""version"": 990, ""max_seen_before"": 990, ""violation"": false}]}"
20260919T061541Z_e9cd871b,991,normal,1789798554.6808214,1789798554.6923606,11.928,0,11.928,pass,,read_secondary,"{""background_write_acknowledged"": true, ""reads"": [{""version"": 991, ""max_seen_before"": 990, ""violation"": false}, {""version"": 991, ""max_seen_before"": 991, ""violation"": false}]}"
20260919T061541Z_e9cd871b,992,normal,1789798554.6923606,1789798554.703673,11.73,0,11.73,pass,,read_secondary,"{""background_write_acknowledged"": true, ""reads"": [{""version"": 992, ""max_seen_before"": 991, ""violation"": false}, {""version"": 992, ""max_seen_before"": 992, ""violation"": false}]}"
20260919T061541Z_e9cd871b,993,normal,1789798554.703673,1789798554.7155879,11.308,0,11.308,pass,,read_secondary,"{""background_write_acknowledged"": true, ""reads"": [{""version"": 993, ""max_seen_before"": 992, ""violation"": false}, {""version"": 993, ""max_seen_before"": 993, ""violation"": false}]}"
20260919T061541Z_e9cd871b,994,normal,1789798554.7155879,1789798554.727464,12.139,0,12.139,pass,,read_secondary,"{""background_write_acknowledged"": true, ""reads"": [{""version"": 994, ""max_seen_before"": 993, ""violation"": false}, {""version"": 994, ""max_seen_before"": 994, ""violation"": false}]}"
20260919T061541Z_e9cd871b,995,normal,1789798554.727464,1789798554.7402878,12.478,0,12.478,pass,,read_secondary,"{""background_write_acknowledged"": true, ""reads"": [{""version"": 995, ""max_seen_before"": 994, ""violation"": false}, {""version"": 995, ""max_seen_before"": 995, ""violation"": false}]}"
20260919T061541Z_e9cd871b,996,normal,1789798554.7402878,1789798554.7528875,12.304,0,12.304,pass,,read_secondary,"{""background_write_acknowledged"": true, ""reads"": [{""version"": 996, ""max_seen_before"": 995, ""violation"": false}, {""version"": 996, ""max_seen_before"": 996, ""violation"": false}]}"
20260919T061541Z_e9cd871b,997,normal,1789798554.7528875,1789798554.766852,14.116,0,14.116,pass,,read_secondary,"{""background_write_acknowledged"": true, ""reads"": [{""version"": 997, ""max_seen_before"": 996, ""violation"": false}, {""version"": 997, ""max_seen_before"": 997, ""violation"": false}]}"
20260919T061541Z_e9cd871b,998,normal,1789798554.767474,1789798554.7806487,13.179,0,13.179,pass,,read_secondary,"{""background_write_acknowledged"": true, ""reads"": [{""version"": 998, ""max_seen_before"": 997, ""violation"": false}, {""version"": 998, ""max_seen_before"": 998, ""violation"": false}]}"
20260919T061541Z_e9cd871b,999,normal,1789798554.7806487,1789798554.7929125,12.691,0,12.691,pass,,read_secondary,"{""background_write_acknowledged"": true, ""reads"": [{""version"": 999, ""max_seen_before"": 998, ""violation"": false}, {""version"": 999, ""max_seen_before"": 999, ""violation"": false}]}"
20260919T061541Z_e9cd871b,1000,normal,1789798554.7929125,1789798554.806912,13.553,0,13.553,pass,,read_secondary,"{""background_write_acknowledged"": true, ""reads"": [{""version"": 1000, ""max_seen_before"": 999, ""violation"": false}, {""version"": 1000, ""max_seen_before"": 1000, ""violation"": false}]}"
