run_id,iteration,phase,start_time,end_time,latency_ms,management_ms,workload_ms,verdict,error,last_stage,details_json
20260919T065825Z_a37af91d,1,normal,1789801106.4161437,1789801106.4547093,38.953,0,38.953,pass,,read_secondary,"{""background_write_acknowledged"": true, ""reads"": [{""version"": 1, ""max_seen_before"": -1, ""violation"": false}, {""version"": 1, ""max_seen_before"": 1, ""violation"": false}]}"
20260919T065825Z_a37af91d,2,normal,1789801106.4553277,1789801106.465772,10.75,0,10.75,pass,,read_secondary,"{""background_write_acknowledged"": true, ""reads"": [{""version"": 2, ""max_seen_before"": 1, ""violation"": false}, {""version"": 2, ""max_seen_before"": 2, ""violation"": false}]}"
20260919T065825Z_a37af91d,3,normal,1789801106.466377,1789801106.476127,9.367,0,9.367,pass,,read_secondary,"{""background_write_acknowledged"": true, ""reads"": [{""version"": 3, ""max_seen_before"": 2, ""violation"": false}, {""version"": 3, ""max_seen_before"": 3, ""violation"": false}]}"
20260919T065825Z_a37af91d,4,normal,1789801106.476127,1789801106.4860387,9.978,0,9.978,pass,,read_secondary,"{""background_write_acknowledged"": true, ""reads"": [{""version"": 4, ""max_seen_before"": 3, ""violation"": false}, {""version"": 4, ""max_seen_before"": 4, ""violation"": false}]}"
20260919T065825Z_a37af91d,5,normal,1789801106.4860387,1789801106.496921,11.195,0,11.195,pass,,read_secondary,"{""background_write_acknowledged"": true, ""reads"": [{""version"": 5, ""max_seen_before"": 4, ""violation"": false}, {""version"": 5, ""max_seen_before"": 5, ""violation"": false}]}"
20260919T065825Z_a37af91d,6,normal,1789801106.4976542,1789801106.5094469,12.222,0,12.222,pass,,read_secondary,"{""background_write_acknowledged"": true, ""reads"": [{""version"": 6, ""max_seen_before"": 5, ""violation"": false}, {""version"": 6, ""max_seen_before"": 6, ""violation"": false}]}"
20260919T065825Z_a37af91d,7,normal,1789801106.5100424,1789801106.5205204,10.521,0,10.521,pass,,read_secondary,"{""background_write_acknowledged"": true, ""reads"": [{""version"": 7, ""max_seen_before"": 6, ""violation"": false}, {""version"": 7, ""max_seen_before"": 7, ""violation"": false}]}"
20260919T065825Z_a37af91d,8,normal,1789801106.5205204,1789801106.5317876,11.434,0,11.434,pass,,read_secondary,"{""background_write_acknowledged"": true, ""reads"": [{""version"": 8, ""max_seen_before"": 7, ""violation"": false}, {""version"": 8, ""max_seen_before"": 8, ""violation"": false}]}"
20260919T065825Z_a37af91d,9,normal,1789801106.5317876,1789801106.5431411,11.481,0,11.481,pass,,read_secondary,"{""background_write_acknowledged"": true, ""reads"": [{""version"": 9, ""max_seen_before"": 8, ""violation"": false}, {""version"": 9, ""max_seen_before"": 9, ""violation"": false}]}"
20260919T065825Z_a37af91d,10,normal,1789801106.5437775,1789801106.554823,11.237,0,11.237,pass,,read_secondary,"{""background_write_acknowledged"": true, ""reads"": [{""version"": 10, ""max_seen_before"": 9, ""violation"": false}, {""version"": 10, ""max_seen_before"": 10, ""violation"": false}]}"
20260919T065825Z_a37af91d,11,normal,1789801106.554823,1789801106.5660233,10.84,0,10.84,pass,,read_secondary,"{""background_write_acknowledged"": true, ""reads"": [{""version"": 11, ""max_seen_before"": 10, ""violation"": false}, {""version"": 11, ""max_seen_before"": 11, ""violation"": false}]}"
20260919T065825Z_a37af91d,12,normal,1789801106.5660233,1789801106.576735,10.847,0,10.847,pass,,read_secondary,"{""background_write_acknowledged"": true, ""reads"": [{""version"": 12, ""max_seen_before"": 11, ""violation"": false}, {""version"": 12, ""max_seen_before"": 12, ""violation"": false}]}"
20260919T065825Z_a37af91d,13,normal,1789801106.576735,1789801106.5871341,10.514,0,10.514,pass,,read_secondary,"{""background_write_acknowledged"": true, ""reads"": [{""version"": 13, ""max_seen_before"": 12, ""violation"": false}, {""version"": 13, ""max_seen_before"": 13, ""violation"": false}]}"
20260919T065825Z_a37af91d,14,normal,1789801106.5877216,1789801106.5979707,10.54,0,10.54,pass,,read_secondary,"{""background_write_acknowledged"": true, ""reads"": [{""version"": 14, ""max_seen_before"": 13, ""violation"": false}, {""version"": 14, ""max_seen_before"": 14, ""violation"": false}]}"
20260919T065825Z_a37af91d,15,normal,1789801106.5979707,1789801106.609383,11.244,0,11.244,pass,,read_secondary,"{""background_write_acknowledged"": true, ""reads"": [{""version"": 15, ""max_seen_before"": 14, ""violation"": false}, {""version"": 15, ""max_seen_before"": 15, ""violation"": false}]}"
20260919T065825Z_a37af91d,16,normal,1789801106.609383,1789801106.6210546,11.282,0,11.282,pass,,read_secondary,"{""background_write_acknowledged"": true, ""reads"": [{""version"": 16, ""max_seen_before"": 15, ""violation"": false}, {""version"": 16, ""max_seen_before"": 16, ""violation"": false}]}"
20260919T065825Z_a37af91d,17,normal,1789801106.6210546,1789801106.6318057,10.672,0,10.672,pass,,read_secondary,"{""background_write_acknowledged"": true, ""reads"": [{""version"": 17, ""max_seen_before"": 16, ""violation"": false}, {""version"": 17, ""max_seen_before"": 17, ""violation"": false}]}"
20260919T065825Z_a37af91d,18,normal,1789801106.6318057,1789801106.6431203,11.204,0,11.204,pass,,read_secondary,"{""background_write_acknowledged"": true, ""reads"": [{""version"": 18, ""max_seen_before"": 17, ""violation"": false}, {""version"": 18, ""max_seen_before"": 18, ""violation"": false}]}"
20260919T065825Z_a37af91d,19,normal,1789801106.6431203,1789801106.653721,10.887,0,10.887,pass,,read_secondary,"{""background_write_acknowledged"": true, ""reads"": [{""version"": 19, ""max_seen_before"": 18, ""violation"": false}, {""version"": 19, ""max_seen_before"": 19, ""violation"": false}]}"
20260919T065825Z_a37af91d,20,normal,1789801106.6543226,1789801106.6651843,11.3,0,11.3,pass,,read_secondary,"{""background_write_acknowledged"": true, ""reads"": [{""version"": 20, ""max_seen_before"": 19, ""violation"": false}, {""version"": 20, ""max_seen_before"": 20, ""violation"": false}]}"
20260919T065825Z_a37af91d,21,normal,1789801106.6657515,1789801106.677761,12.396,0,12.396,pass,,read_secondary,"{""background_write_acknowledged"": true, ""reads"": [{""version"": 21, ""max_seen_before"": 20, ""violation"": false}, {""version"": 21, ""max_seen_before"": 21, ""violation"": false}]}"
20260919T065825Z_a37af91d,22,normal,1789801106.6783178,1789801106.6887429,10.942,0,10.942,pass,,read_secondary,"{""background_write_acknowledged"": true, ""reads"": [{""version"": 22, ""max_seen_before"": 21, ""violation"": false}, {""version"": 22, ""max_seen_before"": 22, ""violation"": false}]}"
20260919T065825Z_a37af91d,23,normal,1789801106.6892967,1789801106.7000332,10.808,0,10.808,pass,,read_secondary,"{""background_write_acknowledged"": true, ""reads"": [{""version"": 23, ""max_seen_before"": 22, ""violation"": false}, {""version"": 23, ""max_seen_before"": 23, ""violation"": false}]}"
20260919T065825Z_a37af91d,24,normal,1789801106.7000332,1789801106.711624,11.475,0,11.475,pass,,read_secondary,"{""background_write_acknowledged"": true, ""reads"": [{""version"": 24, ""max_seen_before"": 23, ""violation"": false}, {""version"": 24, ""max_seen_before"": 24, ""violation"": false}]}"
20260919T065825Z_a37af91d,25,normal,1789801106.711624,1789801106.7225597,10.852,0,10.852,pass,,read_secondary,"{""background_write_acknowledged"": true, ""reads"": [{""version"": 25, ""max_seen_before"": 24, ""violation"": false}, {""version"": 25, ""max_seen_before"": 25, ""violation"": false}]}"
20260919T065825Z_a37af91d,26,normal,1789801106.7225597,1789801106.7333624,10.514,0,10.514,pass,,read_secondary,"{""background_write_acknowledged"": true, ""reads"": [{""version"": 26, ""max_seen_before"": 25, ""violation"": false}, {""version"": 26, ""max_seen_before"": 26, ""violation"": false}]}"
20260919T065825Z_a37af91d,27,normal,1789801106.7333624,1789801106.743932,10.474,0,10.474,pass,,read_secondary,"{""background_write_acknowledged"": true, ""reads"": [{""version"": 27, ""max_seen_before"": 26, ""violation"": false}, {""version"": 27, ""max_seen_before"": 27, ""violation"": false}]}"
20260919T065825Z_a37af91d,28,normal,1789801106.744284,1789801106.7555099,11.563,0,11.563,pass,,read_secondary,"{""background_write_acknowledged"": true, ""reads"": [{""version"": 28, ""max_seen_before"": 27, ""violation"": false}, {""version"": 28, ""max_seen_before"": 28, ""violation"": false}]}"
20260919T065825Z_a37af91d,29,normal,1789801106.7561188,1789801106.76581,9.966,0,9.966,pass,,read_secondary,"{""background_write_acknowledged"": true, ""reads"": [{""version"": 29, ""max_seen_before"": 28, ""violation"": false}, {""version"": 29, ""max_seen_before"": 29, ""violation"": false}]}"
20260919T065825Z_a37af91d,30,normal,1789801106.76581,1789801106.7773182,10.969,0,10.969,pass,,read_secondary,"{""background_write_acknowledged"": true, ""reads"": [{""version"": 30, ""max_seen_before"": 29, ""violation"": false}, {""version"": 30, ""max_seen_before"": 30, ""violation"": false}]}"
20260919T065825Z_a37af91d,31,normal,1789801106.7773182,1789801106.787651,10.326,0,10.326,pass,,read_secondary,"{""background_write_acknowledged"": true, ""reads"": [{""version"": 31, ""max_seen_before"": 30, ""violation"": false}, {""version"": 31, ""max_seen_before"": 31, ""violation"": false}]}"
20260919T065825Z_a37af91d,32,normal,1789801106.787651,1789801106.798218,10.628,0,10.628,pass,,read_secondary,"{""background_write_acknowledged"": true, ""reads"": [{""version"": 32, ""max_seen_before"": 31, ""violation"": false}, {""version"": 32, ""max_seen_before"": 32, ""violation"": false}]}"
20260919T065825Z_a37af91d,33,normal,1789801106.798218,1789801106.8089342,10.516,0,10.516,pass,,read_secondary,"{""background_write_acknowledged"": true, ""reads"": [{""version"": 33, ""max_seen_before"": 32, ""violation"": false}, {""version"": 33, ""max_seen_before"": 33, ""violation"": false}]}"
20260919T065825Z_a37af91d,34,normal,1789801106.8089342,1789801106.8194444,10.754,0,10.754,pass,,read_secondary,"{""background_write_acknowledged"": true, ""reads"": [{""version"": 34, ""max_seen_before"": 33, ""violation"": false}, {""version"": 34, ""max_seen_before"": 34, ""violation"": false}]}"
20260919T065825Z_a37af91d,35,normal,1789801106.8194444,1789801106.830694,10.771,0,10.771,pass,,read_secondary,"{""background_write_acknowledged"": true, ""reads"": [{""version"": 35, ""max_seen_before"": 34, ""violation"": false}, {""version"": 35, ""max_seen_before"": 35, ""violation"": false}]}"
20260919T065825Z_a37af91d,36,normal,1789801106.830694,1789801106.8408294,10.109,0,10.109,pass,,read_secondary,"{""background_write_acknowledged"": true, ""reads"": [{""version"": 36, ""max_seen_before"": 35, ""violation"": false}, {""version"": 36, ""max_seen_before"": 36, ""violation"": false}]}"
20260919T065825Z_a37af91d,37,normal,1789801106.8408294,1789801106.8515937,10.637,0,10.637,pass,,read_secondary,"{""background_write_acknowledged"": true, ""reads"": [{""version"": 37, ""max_seen_before"": 36, ""violation"": false}, {""version"": 37, ""max_seen_before"": 37, ""violation"": false}]}"
20260919T065825Z_a37af91d,38,normal,1789801106.8515937,1789801106.8621116,10.304,0,10.304,pass,,read_secondary,"{""background_write_acknowledged"": true, ""reads"": [{""version"": 38, ""max_seen_before"": 37, ""violation"": false}, {""version"": 38, ""max_seen_before"": 38, ""violation"": false}]}"
20260919T065825Z_a37af91d,39,normal,1789801106.8621116,1789801106.8724635,10.134,0,10.134,pass,,read_secondary,"{""background_write_acknowledged"": true, ""reads"": [{""version"": 39, ""max_seen_before"": 38, ""violation"": false}, {""version"": 39, ""max_seen_before"": 39, ""violation"": false}]}"
20260919T065825Z_a37af91d,40,normal,1789801106.8724635,1789801106.881324,9.165,0,9.165,pass,,read_secondary,"{""background_write_acknowledged"": true, ""reads"": [{""version"": 40, ""max_seen_before"": 39, ""violation"": false}, {""version"": 40, ""max_seen_before"": 40, ""violation"": false}]}"
20260919T065825Z_a37af91d,41,normal,1789801106.881883,1789801106.8912249,9.852,0,9.852,pass,,read_secondary,"{""background_write_acknowledged"": true, ""reads"": [{""version"": 41, ""max_seen_before"": 40, ""violation"": false}, {""version"": 41, ""max_seen_before"": 41, ""violation"": false}]}"
20260919T065825Z_a37af91d,42,normal,1789801106.891807,1789801106.901556,9.815,0,9.815,pass,,read_secondary,"{""background_write_acknowledged"": true, ""reads"": [{""version"": 42, ""max_seen_before"": 41, ""violation"": false}, {""version"": 42, ""max_seen_before"": 42, ""violation"": false}]}"
20260919T065825Z_a37af91d,43,normal,1789801106.901556,1789801106.9110034,9.741,0,9.741,pass,,read_secondary,"{""background_write_acknowledged"": true, ""reads"": [{""version"": 43, ""max_seen_before"": 42, ""violation"": false}, {""version"": 43, ""max_seen_before"": 43, ""violation"": false}]}"
20260919T065825Z_a37af91d,44,normal,1789801106.9115975,1789801106.9222596,11.083,0,11.083,pass,,read_secondary,"{""background_write_acknowledged"": true, ""reads"": [{""version"": 44, ""max_seen_before"": 43, ""violation"": false}, {""version"": 44, ""max_seen_before"": 44, ""violation"": false}]}"
20260919T065825Z_a37af91d,45,normal,1789801106.9228578,1789801106.933166,10.493,0,10.493,pass,,read_secondary,"{""background_write_acknowledged"": true, ""reads"": [{""version"": 45, ""max_seen_before"": 44, ""violation"": false}, {""version"": 45, ""max_seen_before"": 45, ""violation"": false}]}"
20260919T065825Z_a37af91d,46,normal,1789801106.933166,1789801106.943581,10.537,0,10.537,pass,,read_secondary,"{""background_write_acknowledged"": true, ""reads"": [{""version"": 46, ""max_seen_before"": 45, ""violation"": false}, {""version"": 46, ""max_seen_before"": 46, ""violation"": false}]}"
20260919T065825Z_a37af91d,47,normal,1789801106.9440904,1789801106.9543657,10.583,0,10.583,pass,,read_secondary,"{""background_write_acknowledged"": true, ""reads"": [{""version"": 47, ""max_seen_before"": 46, ""violation"": false}, {""version"": 47, ""max_seen_before"": 47, ""violation"": false}]}"
20260919T065825Z_a37af91d,48,normal,1789801106.9543657,1789801106.9662137,11.295,0,11.295,pass,,read_secondary,"{""background_write_acknowledged"": true, ""reads"": [{""version"": 48, ""max_seen_before"": 47, ""violation"": false}, {""version"": 48, ""max_seen_before"": 48, ""violation"": false}]}"
20260919T065825Z_a37af91d,49,normal,1789801106.9662137,1789801106.9769819,11.049,0,11.049,pass,,read_secondary,"{""background_write_acknowledged"": true, ""reads"": [{""version"": 49, ""max_seen_before"": 48, ""violation"": false}, {""version"": 49, ""max_seen_before"": 49, ""violation"": false}]}"
20260919T065825Z_a37af91d,50,normal,1789801106.9769819,1789801106.987055,9.853,0,9.853,pass,,read_secondary,"{""background_write_acknowledged"": true, ""reads"": [{""version"": 50, ""max_seen_before"": 49, ""violation"": false}, {""version"": 50, ""max_seen_before"": 50, ""violation"": false}]}"
20260919T065825Z_a37af91d,51,normal,1789801106.987055,1789801106.996953,9.586,0,9.586,pass,,read_secondary,"{""background_write_acknowledged"": true, ""reads"": [{""version"": 51, ""max_seen_before"": 50, ""violation"": false}, {""version"": 51, ""max_seen_before"": 51, ""violation"": false}]}"
20260919T065825Z_a37af91d,52,normal,1789801106.996953,1789801107.007015,10.284,0,10.284,pass,,read_secondary,"{""background_write_acknowledged"": true, ""reads"": [{""version"": 52, ""max_seen_before"": 51, ""violation"": false}, {""version"": 52, ""max_seen_before"": 52, ""violation"": false}]}"
20260919T065825Z_a37af91d,53,normal,1789801107.007015,1789801107.018285,11.181,0,11.181,pass,,read_secondary,"{""background_write_acknowledged"": true, ""reads"": [{""version"": 53, ""max_seen_before"": 52, ""violation"": false}, {""version"": 53, ""max_seen_before"": 53, ""violation"": false}]}"
20260919T065825Z_a37af91d,54,normal,1789801107.018285,1789801107.0298889,11.589,0,11.589,pass,,read_secondary,"{""background_write_acknowledged"": true, ""reads"": [{""version"": 54, ""max_seen_before"": 53, ""violation"": false}, {""version"": 54, ""max_seen_before"": 54, ""violation"": false}]}"
20260919T065825Z_a37af91d,55,normal,1789801107.0305495,1789801107.0408914,10.727,0,10.727,pass,,read_secondary,"{""background_write_acknowledged"": true, ""reads"": [{""version"": 55, ""max_seen_before"": 54, ""violation"": false}, {""version"": 55, ""max_seen_before"": 55, ""violation"": false}]}"
20260919T065825Z_a37af91d,56,normal,1789801107.0408914,1789801107.0514264,10.306,0,10.306,pass,,read_secondary,"{""background_write_acknowledged"": true, ""reads"": [{""version"": 56, ""max_seen_before"": 55, ""violation"": false}, {""version"": 56, ""max_seen_before"": 56, ""violation"": false}]}"
20260919T065825Z_a37af91d,57,normal,1789801107.052009,1789801107.0621994,10.166,0,10.166,pass,,read_secondary,"{""background_write_acknowledged"": true, ""reads"": [{""version"": 57, ""max_seen_before"": 56, ""violation"": false}, {""version"": 57, ""max_seen_before"": 57, ""violation"": false}]}"
20260919T065825Z_a37af91d,58,normal,1789801107.0621994,1789801107.0720563,9.92,0,9.92,pass,,read_secondary,"{""background_write_acknowledged"": true, ""reads"": [{""version"": 58, ""max_seen_before"": 57, ""violation"": false}, {""version"": 58, ""max_seen_before"": 58, ""violation"": false}]}"
20260919T065825Z_a37af91d,59,normal,1789801107.0720563,1789801107.0824568,10.152,0,10.152,pass,,read_secondary,"{""background_write_acknowledged"": true, ""reads"": [{""version"": 59, ""max_seen_before"": 58, ""violation"": false}, {""version"": 59, ""max_seen_before"": 59, ""violation"": false}]}"
20260919T065825Z_a37af91d,60,normal,1789801107.0824568,1789801107.0929215,10.653,0,10.653,pass,,read_secondary,"{""background_write_acknowledged"": true, ""reads"": [{""version"": 60, ""max_seen_before"": 59, ""violation"": false}, {""version"": 60, ""max_seen_before"": 60, ""violation"": false}]}"
20260919T065825Z_a37af91d,61,normal,1789801107.0929215,1789801107.1033337,10.352,0,10.352,pass,,read_secondary,"{""background_write_acknowledged"": true, ""reads"": [{""version"": 61, ""max_seen_before"": 60, ""violation"": false}, {""version"": 61, ""max_seen_before"": 61, ""violation"": false}]}"
20260919T065825Z_a37af91d,62,normal,1789801107.1033337,1789801107.112963,9.724,0,9.724,pass,,read_secondary,"{""background_write_acknowledged"": true, ""reads"": [{""version"": 62, ""max_seen_before"": 61, ""violation"": false}, {""version"": 62, ""max_seen_before"": 62, ""violation"": false}]}"
20260919T065825Z_a37af91d,63,normal,1789801107.112963,1789801107.1227574,9.672,0,9.672,pass,,read_secondary,"{""background_write_acknowledged"": true, ""reads"": [{""version"": 63, ""max_seen_before"": 62, ""violation"": false}, {""version"": 63, ""max_seen_before"": 63, ""violation"": false}]}"
20260919T065825Z_a37af91d,64,normal,1789801107.1234019,1789801107.132848,9.733,0,9.733,pass,,read_secondary,"{""background_write_acknowledged"": true, ""reads"": [{""version"": 64, ""max_seen_before"": 63, ""violation"": false}, {""version"": 64, ""max_seen_before"": 64, ""violation"": false}]}"
20260919T065825Z_a37af91d,65,normal,1789801107.132848,1789801107.141978,9.374,0,9.374,pass,,read_secondary,"{""background_write_acknowledged"": true, ""reads"": [{""version"": 65, ""max_seen_before"": 64, ""violation"": false}, {""version"": 65, ""max_seen_before"": 65, ""violation"": false}]}"
20260919T065825Z_a37af91d,66,normal,1789801107.1427524,1789801107.1531157,10.44,0,10.44,pass,,read_secondary,"{""background_write_acknowledged"": true, ""reads"": [{""version"": 66, ""max_seen_before"": 65, ""violation"": false}, {""version"": 66, ""max_seen_before"": 66, ""violation"": false}]}"
20260919T065825Z_a37af91d,67,normal,1789801107.1531157,1789801107.1633554,10.15,0,10.15,pass,,read_secondary,"{""background_write_acknowledged"": true, ""reads"": [{""version"": 67, ""max_seen_before"": 66, ""violation"": false}, {""version"": 67, ""max_seen_before"": 67, ""violation"": false}]}"
20260919T065825Z_a37af91d,68,normal,1789801107.1633554,1789801107.172498,9.343,0,9.343,pass,,read_secondary,"{""background_write_acknowledged"": true, ""reads"": [{""version"": 68, ""max_seen_before"": 67, ""violation"": false}, {""version"": 68, ""max_seen_before"": 68, ""violation"": false}]}"
20260919T065825Z_a37af91d,69,normal,1789801107.172498,1789801107.1833165,10.297,0,10.297,pass,,read_secondary,"{""background_write_acknowledged"": true, ""reads"": [{""version"": 69, ""max_seen_before"": 68, ""violation"": false}, {""version"": 69, ""max_seen_before"": 69, ""violation"": false}]}"
20260919T065825Z_a37af91d,70,normal,1789801107.1833165,1789801107.1933537,9.905,0,9.905,pass,,read_secondary,"{""background_write_acknowledged"": true, ""reads"": [{""version"": 70, ""max_seen_before"": 69, ""violation"": false}, {""version"": 70, ""max_seen_before"": 70, ""violation"": false}]}"
20260919T065825Z_a37af91d,71,normal,1789801107.1933537,1789801107.2029905,9.573,0,9.573,pass,,read_secondary,"{""background_write_acknowledged"": true, ""reads"": [{""version"": 71, ""max_seen_before"": 70, ""violation"": false}, {""version"": 71, ""max_seen_before"": 71, ""violation"": false}]}"
20260919T065825Z_a37af91d,72,normal,1789801107.2029905,1789801107.2134497,10.645,0,10.645,pass,,read_secondary,"{""background_write_acknowledged"": true, ""reads"": [{""version"": 72, ""max_seen_before"": 71, ""violation"": false}, {""version"": 72, ""max_seen_before"": 72, ""violation"": false}]}"
20260919T065825Z_a37af91d,73,normal,1789801107.2134497,1789801107.2244477,10.663,0,10.663,pass,,read_secondary,"{""background_write_acknowledged"": true, ""reads"": [{""version"": 73, ""max_seen_before"": 72, ""violation"": false}, {""version"": 73, ""max_seen_before"": 73, ""violation"": false}]}"
20260919T065825Z_a37af91d,74,normal,1789801107.2244477,1789801107.2334828,9.394,0,9.394,pass,,read_secondary,"{""background_write_acknowledged"": true, ""reads"": [{""version"": 74, ""max_seen_before"": 73, ""violation"": false}, {""version"": 74, ""max_seen_before"": 74, ""violation"": false}]}"
20260919T065825Z_a37af91d,75,normal,1789801107.2342443,1789801107.2439413,9.963,0,9.963,pass,,read_secondary,"{""background_write_acknowledged"": true, ""reads"": [{""version"": 75, ""max_seen_before"": 74, ""violation"": false}, {""version"": 75, ""max_seen_before"": 75, ""violation"": false}]}"
20260919T065825Z_a37af91d,76,normal,1789801107.2439413,1789801107.2537699,9.65,0,9.65,pass,,read_secondary,"{""background_write_acknowledged"": true, ""reads"": [{""version"": 76, ""max_seen_before"": 75, ""violation"": false}, {""version"": 76, ""max_seen_before"": 76, ""violation"": false}]}"
20260919T065825Z_a37af91d,77,normal,1789801107.2537699,1789801107.263165,9.105,0,9.105,pass,,read_secondary,"{""background_write_acknowledged"": true, ""reads"": [{""version"": 77, ""max_seen_before"": 76, ""violation"": false}, {""version"": 77, ""max_seen_before"": 77, ""violation"": false}]}"
20260919T065825Z_a37af91d,78,normal,1789801107.263165,1789801107.2730184,10.266,0,10.266,pass,,read_secondary,"{""background_write_acknowledged"": true, ""reads"": [{""version"": 78, ""max_seen_before"": 77, ""violation"": false}, {""version"": 78, ""max_seen_before"": 78, ""violation"": false}]}"
20260919T065825Z_a37af91d,79,normal,1789801107.273658,1789801107.2831252,10.032,0,10.032,pass,,read_secondary,"{""background_write_acknowledged"": true, ""reads"": [{""version"": 79, ""max_seen_before"": 78, ""violation"": false}, {""version"": 79, ""max_seen_before"": 79, ""violation"": false}]}"
20260919T065825Z_a37af91d,80,normal,1789801107.2837396,1789801107.2929807,9.571,0,9.571,pass,,read_secondary,"{""background_write_acknowledged"": true, ""reads"": [{""version"": 80, ""max_seen_before"": 79, ""violation"": false}, {""version"": 80, ""max_seen_before"": 80, ""violation"": false}]}"
20260919T065825Z_a37af91d,81,normal,1789801107.2929807,1789801107.3024428,9.179,0,9.179,pass,,read_secondary,"{""background_write_acknowledged"": true, ""reads"": [{""version"": 81, ""max_seen_before"": 80, ""violation"": false}, {""version"": 81, ""max_seen_before"": 81, ""violation"": false}]}"
20260919T065825Z_a37af91d,82,normal,1789801107.3024428,1789801107.3122098,9.499,0,9.499,pass,,read_secondary,"{""background_write_acknowledged"": true, ""reads"": [{""version"": 82, ""max_seen_before"": 81, ""violation"": false}, {""version"": 82, ""max_seen_before"": 82, ""violation"": false}]}"
20260919T065825Z_a37af91d,83,normal,1789801107.3122098,1789801107.3212378,9.071,0,9.071,pass,,read_secondary,"{""background_write_acknowledged"": true, ""reads"": [{""version"": 83, ""max_seen_before"": 82, ""violation"": false}, {""version"": 83, ""max_seen_before"": 83, ""violation"": false}]}"
20260919T065825Z_a37af91d,84,normal,1789801107.3212378,1789801107.330794,9.499,0,9.499,pass,,read_secondary,"{""background_write_acknowledged"": true, ""reads"": [{""version"": 84, ""max_seen_before"": 83, ""violation"": false}, {""version"": 84, ""max_seen_before"": 84, ""violation"": false}]}"
20260919T065825Z_a37af91d,85,normal,1789801107.330794,1789801107.3410213,9.876,0,9.876,pass,,read_secondary,"{""background_write_acknowledged"": true, ""reads"": [{""version"": 85, ""max_seen_before"": 84, ""violation"": false}, {""version"": 85, ""max_seen_before"": 85, ""violation"": false}]}"
20260919T065825Z_a37af91d,86,normal,1789801107.3410213,1789801107.350496,9.416,0,9.416,pass,,read_secondary,"{""background_write_acknowledged"": true, ""reads"": [{""version"": 86, ""max_seen_before"": 85, ""violation"": false}, {""version"": 86, ""max_seen_before"": 86, ""violation"": false}]}"
20260919T065825Z_a37af91d,87,normal,1789801107.350496,1789801107.3608465,10.22,0,10.22,pass,,read_secondary,"{""background_write_acknowledged"": true, ""reads"": [{""version"": 87, ""max_seen_before"": 86, ""violation"": false}, {""version"": 87, ""max_seen_before"": 87, ""violation"": false}]}"
20260919T065825Z_a37af91d,88,normal,1789801107.3608465,1789801107.3715317,10.522,0,10.522,pass,,read_secondary,"{""background_write_acknowledged"": true, ""reads"": [{""version"": 88, ""max_seen_before"": 87, ""violation"": false}, {""version"": 88, ""max_seen_before"": 88, ""violation"": false}]}"
20260919T065825Z_a37af91d,89,normal,1789801107.3715317,1789801107.3805811,9.181,0,9.181,pass,,read_secondary,"{""background_write_acknowledged"": true, ""reads"": [{""version"": 89, ""max_seen_before"": 88, ""violation"": false}, {""version"": 89, ""max_seen_before"": 89, ""violation"": false}]}"
20260919T065825Z_a37af91d,90,normal,1789801107.3805811,1789801107.3904815,9.77,0,9.77,pass,,read_secondary,"{""background_write_acknowledged"": true, ""reads"": [{""version"": 90, ""max_seen_before"": 89, ""violation"": false}, {""version"": 90, ""max_seen_before"": 90, ""violation"": false}]}"
20260919T065825Z_a37af91d,91,normal,1789801107.3904815,1789801107.3999949,9.204,0,9.204,pass,,read_secondary,"{""background_write_acknowledged"": true, ""reads"": [{""version"": 91, ""max_seen_before"": 90, ""violation"": false}, {""version"": 91, ""max_seen_before"": 91, ""violation"": false}]}"
20260919T065825Z_a37af91d,92,normal,1789801107.3999949,1789801107.4092262,9.42,0,9.42,pass,,read_secondary,"{""background_write_acknowledged"": true, ""reads"": [{""version"": 92, ""max_seen_before"": 91, ""violation"": false}, {""version"": 92, ""max_seen_before"": 92, ""violation"": false}]}"
20260919T065825Z_a37af91d,93,normal,1789801107.4092262,1789801107.4192007,9.575,0,9.575,pass,,read_secondary,"{""background_write_acknowledged"": true, ""reads"": [{""version"": 93, ""max_seen_before"": 92, ""violation"": false}, {""version"": 93, ""max_seen_before"": 93, ""violation"": false}]}"
20260919T065825Z_a37af91d,94,normal,1789801107.4192007,1789801107.4289787,9.567,0,9.567,pass,,read_secondary,"{""background_write_acknowledged"": true, ""reads"": [{""version"": 94, ""max_seen_before"": 93, ""violation"": false}, {""version"": 94, ""max_seen_before"": 94, ""violation"": false}]}"
20260919T065825Z_a37af91d,95,normal,1789801107.4289787,1789801107.4385672,9.845,0,9.845,pass,,read_secondary,"{""background_write_acknowledged"": true, ""reads"": [{""version"": 95, ""max_seen_before"": 94, ""violation"": false}, {""version"": 95, ""max_seen_before"": 95, ""violation"": false}]}"
20260919T065825Z_a37af91d,96,normal,1789801107.4391308,1789801107.44744,9.111,0,9.111,pass,,read_secondary,"{""background_write_acknowledged"": true, ""reads"": [{""version"": 96, ""max_seen_before"": 95, ""violation"": false}, {""version"": 96, ""max_seen_before"": 96, ""violation"": false}]}"
20260919T065825Z_a37af91d,97,normal,1789801107.4484553,1789801107.459222,11.089,0,11.089,pass,,read_secondary,"{""background_write_acknowledged"": true, ""reads"": [{""version"": 97, ""max_seen_before"": 96, ""violation"": false}, {""version"": 97, ""max_seen_before"": 97, ""violation"": false}]}"
20260919T065825Z_a37af91d,98,normal,1789801107.459222,1789801107.469034,9.745,0,9.745,pass,,read_secondary,"{""background_write_acknowledged"": true, ""reads"": [{""version"": 98, ""max_seen_before"": 97, ""violation"": false}, {""version"": 98, ""max_seen_before"": 98, ""violation"": false}]}"
20260919T065825Z_a37af91d,99,normal,1789801107.469034,1789801107.4796777,10.192,0,10.192,pass,,read_secondary,"{""background_write_acknowledged"": true, ""reads"": [{""version"": 99, ""max_seen_before"": 98, ""violation"": false}, {""version"": 99, ""max_seen_before"": 99, ""violation"": false}]}"
20260919T065825Z_a37af91d,100,normal,1789801107.4796777,1789801107.4887233,9.12,0,9.12,pass,,read_secondary,"{""background_write_acknowledged"": true, ""reads"": [{""version"": 100, ""max_seen_before"": 99, ""violation"": false}, {""version"": 100, ""max_seen_before"": 100, ""violation"": false}]}"
20260919T065825Z_a37af91d,101,normal,1789801107.4899347,1789801107.5000532,10.197,0,10.197,pass,,read_secondary,"{""background_write_acknowledged"": true, ""reads"": [{""version"": 101, ""max_seen_before"": 100, ""violation"": false}, {""version"": 101, ""max_seen_before"": 101, ""violation"": false}]}"
20260919T065825Z_a37af91d,102,normal,1789801107.5000532,1789801107.509683,9.681,0,9.681,pass,,read_secondary,"{""background_write_acknowledged"": true, ""reads"": [{""version"": 102, ""max_seen_before"": 101, ""violation"": false}, {""version"": 102, ""max_seen_before"": 102, ""violation"": false}]}"
20260919T065825Z_a37af91d,103,normal,1789801107.510261,1789801107.5200758,9.751,0,9.751,pass,,read_secondary,"{""background_write_acknowledged"": true, ""reads"": [{""version"": 103, ""max_seen_before"": 102, ""violation"": false}, {""version"": 103, ""max_seen_before"": 103, ""violation"": false}]}"
20260919T065825Z_a37af91d,104,normal,1789801107.5200758,1789801107.5292823,9.473,0,9.473,pass,,read_secondary,"{""background_write_acknowledged"": true, ""reads"": [{""version"": 104, ""max_seen_before"": 103, ""violation"": false}, {""version"": 104, ""max_seen_before"": 104, ""violation"": false}]}"
20260919T065825Z_a37af91d,105,normal,1789801107.5292823,1789801107.5391726,9.48,0,9.48,pass,,read_secondary,"{""background_write_acknowledged"": true, ""reads"": [{""version"": 105, ""max_seen_before"": 104, ""violation"": false}, {""version"": 105, ""max_seen_before"": 105, ""violation"": false}]}"
20260919T065825Z_a37af91d,106,normal,1789801107.5391726,1789801107.5486495,9.509,0,9.509,pass,,read_secondary,"{""background_write_acknowledged"": true, ""reads"": [{""version"": 106, ""max_seen_before"": 105, ""violation"": false}, {""version"": 106, ""max_seen_before"": 106, ""violation"": false}]}"
20260919T065825Z_a37af91d,107,normal,1789801107.5486495,1789801107.5584648,9.816,0,9.816,pass,,read_secondary,"{""background_write_acknowledged"": true, ""reads"": [{""version"": 107, ""max_seen_before"": 106, ""violation"": false}, {""version"": 107, ""max_seen_before"": 107, ""violation"": false}]}"
20260919T065825Z_a37af91d,108,normal,1789801107.5584648,1789801107.5690544,10.265,0,10.265,pass,,read_secondary,"{""background_write_acknowledged"": true, ""reads"": [{""version"": 108, ""max_seen_before"": 107, ""violation"": false}, {""version"": 108, ""max_seen_before"": 108, ""violation"": false}]}"
20260919T065825Z_a37af91d,109,normal,1789801107.5690544,1789801107.578517,9.388,0,9.388,pass,,read_secondary,"{""background_write_acknowledged"": true, ""reads"": [{""version"": 109, ""max_seen_before"": 108, ""violation"": false}, {""version"": 109, ""max_seen_before"": 109, ""violation"": false}]}"
20260919T065825Z_a37af91d,110,normal,1789801107.578517,1789801107.587812,9.55,0,9.55,pass,,read_secondary,"{""background_write_acknowledged"": true, ""reads"": [{""version"": 110, ""max_seen_before"": 109, ""violation"": false}, {""version"": 110, ""max_seen_before"": 110, ""violation"": false}]}"
20260919T065825Z_a37af91d,111,normal,1789801107.5884857,1789801107.5978405,9.412,0,9.412,pass,,read_secondary,"{""background_write_acknowledged"": true, ""reads"": [{""version"": 111, ""max_seen_before"": 110, ""violation"": false}, {""version"": 111, ""max_seen_before"": 111, ""violation"": false}]}"
20260919T065825Z_a37af91d,112,normal,1789801107.5978405,1789801107.6070168,9.261,0,9.261,pass,,read_secondary,"{""background_write_acknowledged"": true, ""reads"": [{""version"": 112, ""max_seen_before"": 111, ""violation"": false}, {""version"": 112, ""max_seen_before"": 112, ""violation"": false}]}"
20260919T065825Z_a37af91d,113,normal,1789801107.6070168,1789801107.616761,9.435,0,9.435,pass,,read_secondary,"{""background_write_acknowledged"": true, ""reads"": [{""version"": 113, ""max_seen_before"": 112, ""violation"": false}, {""version"": 113, ""max_seen_before"": 113, ""violation"": false}]}"
20260919T065825Z_a37af91d,114,normal,1789801107.616761,1789801107.6259966,9.407,0,9.407,pass,,read_secondary,"{""background_write_acknowledged"": true, ""reads"": [{""version"": 114, ""max_seen_before"": 113, ""violation"": false}, {""version"": 114, ""max_seen_before"": 114, ""violation"": false}]}"
20260919T065825Z_a37af91d,115,normal,1789801107.6265316,1789801107.635998,9.57,0,9.57,pass,,read_secondary,"{""background_write_acknowledged"": true, ""reads"": [{""version"": 115, ""max_seen_before"": 114, ""violation"": false}, {""version"": 115, ""max_seen_before"": 115, ""violation"": false}]}"
20260919T065825Z_a37af91d,116,normal,1789801107.635998,1789801107.6449773,9.135,0,9.135,pass,,read_secondary,"{""background_write_acknowledged"": true, ""reads"": [{""version"": 116, ""max_seen_before"": 115, ""violation"": false}, {""version"": 116, ""max_seen_before"": 116, ""violation"": false}]}"
20260919T065825Z_a37af91d,117,normal,1789801107.6449773,1789801107.6549802,9.559,0,9.559,pass,,read_secondary,"{""background_write_acknowledged"": true, ""reads"": [{""version"": 117, ""max_seen_before"": 116, ""violation"": false}, {""version"": 117, ""max_seen_before"": 117, ""violation"": false}]}"
20260919T065825Z_a37af91d,118,normal,1789801107.6549802,1789801107.663793,8.822,0,8.822,pass,,read_secondary,"{""background_write_acknowledged"": true, ""reads"": [{""version"": 118, ""max_seen_before"": 117, ""violation"": false}, {""version"": 118, ""max_seen_before"": 118, ""violation"": false}]}"
20260919T065825Z_a37af91d,119,normal,1789801107.663793,1789801107.673634,9.658,0,9.658,pass,,read_secondary,"{""background_write_acknowledged"": true, ""reads"": [{""version"": 119, ""max_seen_before"": 118, ""violation"": false}, {""version"": 119, ""max_seen_before"": 119, ""violation"": false}]}"
20260919T065825Z_a37af91d,120,normal,1789801107.673634,1789801107.6844974,10.593,0,10.593,pass,,read_secondary,"{""background_write_acknowledged"": true, ""reads"": [{""version"": 120, ""max_seen_before"": 119, ""violation"": false}, {""version"": 120, ""max_seen_before"": 120, ""violation"": false}]}"
20260919T065825Z_a37af91d,121,normal,1789801107.6844974,1789801107.6942434,9.57,0,9.57,pass,,read_secondary,"{""background_write_acknowledged"": true, ""reads"": [{""version"": 121, ""max_seen_before"": 120, ""violation"": false}, {""version"": 121, ""max_seen_before"": 121, ""violation"": false}]}"
20260919T065825Z_a37af91d,122,normal,1789801107.6942434,1789801107.7041702,9.781,0,9.781,pass,,read_secondary,"{""background_write_acknowledged"": true, ""reads"": [{""version"": 122, ""max_seen_before"": 121, ""violation"": false}, {""version"": 122, ""max_seen_before"": 122, ""violation"": false}]}"
20260919T065825Z_a37af91d,123,normal,1789801107.7041702,1789801107.7142053,10.262,0,10.262,pass,,read_secondary,"{""background_write_acknowledged"": true, ""reads"": [{""version"": 123, ""max_seen_before"": 122, ""violation"": false}, {""version"": 123, ""max_seen_before"": 123, ""violation"": false}]}"
20260919T065825Z_a37af91d,124,normal,1789801107.714781,1789801107.7241316,9.765,0,9.765,pass,,read_secondary,"{""background_write_acknowledged"": true, ""reads"": [{""version"": 124, ""max_seen_before"": 123, ""violation"": false}, {""version"": 124, ""max_seen_before"": 124, ""violation"": false}]}"
20260919T065825Z_a37af91d,125,normal,1789801107.7246869,1789801107.7350187,10.944,0,10.944,pass,,read_secondary,"{""background_write_acknowledged"": true, ""reads"": [{""version"": 125, ""max_seen_before"": 124, ""violation"": false}, {""version"": 125, ""max_seen_before"": 125, ""violation"": false}]}"
20260919T065825Z_a37af91d,126,normal,1789801107.735649,1789801107.7451859,9.519,0,9.519,pass,,read_secondary,"{""background_write_acknowledged"": true, ""reads"": [{""version"": 126, ""max_seen_before"": 125, ""violation"": false}, {""version"": 126, ""max_seen_before"": 126, ""violation"": false}]}"
20260919T065825Z_a37af91d,127,normal,1789801107.7451859,1789801107.7544909,9.17,0,9.17,pass,,read_secondary,"{""background_write_acknowledged"": true, ""reads"": [{""version"": 127, ""max_seen_before"": 126, ""violation"": false}, {""version"": 127, ""max_seen_before"": 127, ""violation"": false}]}"
20260919T065825Z_a37af91d,128,normal,1789801107.7544909,1789801107.7637248,9.128,0,9.128,pass,,read_secondary,"{""background_write_acknowledged"": true, ""reads"": [{""version"": 128, ""max_seen_before"": 127, ""violation"": false}, {""version"": 128, ""max_seen_before"": 128, ""violation"": false}]}"
20260919T065825Z_a37af91d,129,normal,1789801107.7637248,1789801107.7728815,9.054,0,9.054,pass,,read_secondary,"{""background_write_acknowledged"": true, ""reads"": [{""version"": 129, ""max_seen_before"": 128, ""violation"": false}, {""version"": 129, ""max_seen_before"": 129, ""violation"": false}]}"
20260919T065825Z_a37af91d,130,normal,1789801107.7728815,1789801107.781757,8.743,0,8.743,pass,,read_secondary,"{""background_write_acknowledged"": true, ""reads"": [{""version"": 130, ""max_seen_before"": 129, ""violation"": false}, {""version"": 130, ""max_seen_before"": 130, ""violation"": false}]}"
20260919T065825Z_a37af91d,131,normal,1789801107.781757,1789801107.7916741,9.905,0,9.905,pass,,read_secondary,"{""background_write_acknowledged"": true, ""reads"": [{""version"": 131, ""max_seen_before"": 130, ""violation"": false}, {""version"": 131, ""max_seen_before"": 131, ""violation"": false}]}"
20260919T065825Z_a37af91d,132,normal,1789801107.7916741,1789801107.8009317,9.522,0,9.522,pass,,read_secondary,"{""background_write_acknowledged"": true, ""reads"": [{""version"": 132, ""max_seen_before"": 131, ""violation"": false}, {""version"": 132, ""max_seen_before"": 132, ""violation"": false}]}"
20260919T065825Z_a37af91d,133,normal,1789801107.8015609,1789801107.8118103,10.274,0,10.274,pass,,read_secondary,"{""background_write_acknowledged"": true, ""reads"": [{""version"": 133, ""max_seen_before"": 132, ""violation"": false}, {""version"": 133, ""max_seen_before"": 133, ""violation"": false}]}"
20260919T065825Z_a37af91d,134,normal,1789801107.8118103,1789801107.8206143,9.069,0,9.069,pass,,read_secondary,"{""background_write_acknowledged"": true, ""reads"": [{""version"": 134, ""max_seen_before"": 133, ""violation"": false}, {""version"": 134, ""max_seen_before"": 134, ""violation"": false}]}"
20260919T065825Z_a37af91d,135,normal,1789801107.8206143,1789801107.829205,8.22,0,8.22,pass,,read_secondary,"{""background_write_acknowledged"": true, ""reads"": [{""version"": 135, ""max_seen_before"": 134, ""violation"": false}, {""version"": 135, ""max_seen_before"": 135, ""violation"": false}]}"
20260919T065825Z_a37af91d,136,normal,1789801107.829205,1789801107.8388968,9.38,0,9.38,pass,,read_secondary,"{""background_write_acknowledged"": true, ""reads"": [{""version"": 136, ""max_seen_before"": 135, ""violation"": false}, {""version"": 136, ""max_seen_before"": 136, ""violation"": false}]}"
20260919T065825Z_a37af91d,137,normal,1789801107.8388968,1789801107.8473973,8.883,0,8.883,pass,,read_secondary,"{""background_write_acknowledged"": true, ""reads"": [{""version"": 137, ""max_seen_before"": 136, ""violation"": false}, {""version"": 137, ""max_seen_before"": 137, ""violation"": false}]}"
20260919T065825Z_a37af91d,138,normal,1789801107.8473973,1789801107.856506,8.792,0,8.792,pass,,read_secondary,"{""background_write_acknowledged"": true, ""reads"": [{""version"": 138, ""max_seen_before"": 137, ""violation"": false}, {""version"": 138, ""max_seen_before"": 138, ""violation"": false}]}"
20260919T065825Z_a37af91d,139,normal,1789801107.856506,1789801107.8664005,9.715,0,9.715,pass,,read_secondary,"{""background_write_acknowledged"": true, ""reads"": [{""version"": 139, ""max_seen_before"": 138, ""violation"": false}, {""version"": 139, ""max_seen_before"": 139, ""violation"": false}]}"
20260919T065825Z_a37af91d,140,normal,1789801107.8664005,1789801107.875718,9.318,0,9.318,pass,,read_secondary,"{""background_write_acknowledged"": true, ""reads"": [{""version"": 140, ""max_seen_before"": 139, ""violation"": false}, {""version"": 140, ""max_seen_before"": 140, ""violation"": false}]}"
20260919T065825Z_a37af91d,141,normal,1789801107.875718,1789801107.887307,11.296,0,11.296,pass,,read_secondary,"{""background_write_acknowledged"": true, ""reads"": [{""version"": 141, ""max_seen_before"": 140, ""violation"": false}, {""version"": 141, ""max_seen_before"": 141, ""violation"": false}]}"
20260919T065825Z_a37af91d,142,normal,1789801107.887307,1789801107.8977685,10.511,0,10.511,pass,,read_secondary,"{""background_write_acknowledged"": true, ""reads"": [{""version"": 142, ""max_seen_before"": 141, ""violation"": false}, {""version"": 142, ""max_seen_before"": 142, ""violation"": false}]}"
20260919T065825Z_a37af91d,143,normal,1789801107.8977685,1789801107.9077682,9.887,0,9.887,pass,,read_secondary,"{""background_write_acknowledged"": true, ""reads"": [{""version"": 143, ""max_seen_before"": 142, ""violation"": false}, {""version"": 143, ""max_seen_before"": 143, ""violation"": false}]}"
20260919T065825Z_a37af91d,144,normal,1789801107.9077682,1789801107.9181054,9.877,0,9.877,pass,,read_secondary,"{""background_write_acknowledged"": true, ""reads"": [{""version"": 144, ""max_seen_before"": 143, ""violation"": false}, {""version"": 144, ""max_seen_before"": 144, ""violation"": false}]}"
20260919T065825Z_a37af91d,145,normal,1789801107.9181054,1789801107.9267845,9.0,0,9.0,pass,,read_secondary,"{""background_write_acknowledged"": true, ""reads"": [{""version"": 145, ""max_seen_before"": 144, ""violation"": false}, {""version"": 145, ""max_seen_before"": 145, ""violation"": false}]}"
20260919T065825Z_a37af91d,146,normal,1789801107.9267845,1789801107.9359357,8.644,0,8.644,pass,,read_secondary,"{""background_write_acknowledged"": true, ""reads"": [{""version"": 146, ""max_seen_before"": 145, ""violation"": false}, {""version"": 146, ""max_seen_before"": 146, ""violation"": false}]}"
20260919T065825Z_a37af91d,147,normal,1789801107.9359357,1789801107.944608,9.001,0,9.001,pass,,read_secondary,"{""background_write_acknowledged"": true, ""reads"": [{""version"": 147, ""max_seen_before"": 146, ""violation"": false}, {""version"": 147, ""max_seen_before"": 147, ""violation"": false}]}"
20260919T065825Z_a37af91d,148,normal,1789801107.944608,1789801107.9540324,9.018,0,9.018,pass,,read_secondary,"{""background_write_acknowledged"": true, ""reads"": [{""version"": 148, ""max_seen_before"": 147, ""violation"": false}, {""version"": 148, ""max_seen_before"": 148, ""violation"": false}]}"
20260919T065825Z_a37af91d,149,normal,1789801107.9540324,1789801107.9641972,9.922,0,9.922,pass,,read_secondary,"{""background_write_acknowledged"": true, ""reads"": [{""version"": 149, ""max_seen_before"": 148, ""violation"": false}, {""version"": 149, ""max_seen_before"": 149, ""violation"": false}]}"
20260919T065825Z_a37af91d,150,normal,1789801107.9641972,1789801107.974294,9.958,0,9.958,pass,,read_secondary,"{""background_write_acknowledged"": true, ""reads"": [{""version"": 150, ""max_seen_before"": 149, ""violation"": false}, {""version"": 150, ""max_seen_before"": 150, ""violation"": false}]}"
20260919T065825Z_a37af91d,151,normal,1789801107.974294,1789801107.9847274,10.29,0,10.29,pass,,read_secondary,"{""background_write_acknowledged"": true, ""reads"": [{""version"": 151, ""max_seen_before"": 150, ""violation"": false}, {""version"": 151, ""max_seen_before"": 151, ""violation"": false}]}"
20260919T065825Z_a37af91d,152,normal,1789801107.9847274,1789801107.9941413,9.524,0,9.524,pass,,read_secondary,"{""background_write_acknowledged"": true, ""reads"": [{""version"": 152, ""max_seen_before"": 151, ""violation"": false}, {""version"": 152, ""max_seen_before"": 152, ""violation"": false}]}"
20260919T065825Z_a37af91d,153,normal,1789801107.9941413,1789801108.0043488,10.142,0,10.142,pass,,read_secondary,"{""background_write_acknowledged"": true, ""reads"": [{""version"": 153, ""max_seen_before"": 152, ""violation"": false}, {""version"": 153, ""max_seen_before"": 153, ""violation"": false}]}"
20260919T065825Z_a37af91d,154,normal,1789801108.0043488,1789801108.0140123,9.239,0,9.239,pass,,read_secondary,"{""background_write_acknowledged"": true, ""reads"": [{""version"": 154, ""max_seen_before"": 153, ""violation"": false}, {""version"": 154, ""max_seen_before"": 154, ""violation"": false}]}"
20260919T065825Z_a37af91d,155,normal,1789801108.0140123,1789801108.0233896,9.552,0,9.552,pass,,read_secondary,"{""background_write_acknowledged"": true, ""reads"": [{""version"": 155, ""max_seen_before"": 154, ""violation"": false}, {""version"": 155, ""max_seen_before"": 155, ""violation"": false}]}"
20260919T065825Z_a37af91d,156,normal,1789801108.0233896,1789801108.0320735,8.733,0,8.733,pass,,read_secondary,"{""background_write_acknowledged"": true, ""reads"": [{""version"": 156, ""max_seen_before"": 155, ""violation"": false}, {""version"": 156, ""max_seen_before"": 156, ""violation"": false}]}"
20260919T065825Z_a37af91d,157,normal,1789801108.0320735,1789801108.0412898,8.656,0,8.656,pass,,read_secondary,"{""background_write_acknowledged"": true, ""reads"": [{""version"": 157, ""max_seen_before"": 156, ""violation"": false}, {""version"": 157, ""max_seen_before"": 157, ""violation"": false}]}"
20260919T065825Z_a37af91d,158,normal,1789801108.0412898,1789801108.0500736,8.659,0,8.659,pass,,read_secondary,"{""background_write_acknowledged"": true, ""reads"": [{""version"": 158, ""max_seen_before"": 157, ""violation"": false}, {""version"": 158, ""max_seen_before"": 158, ""violation"": false}]}"
20260919T065825Z_a37af91d,159,normal,1789801108.0500736,1789801108.0579798,7.904,0,7.904,pass,,read_secondary,"{""background_write_acknowledged"": true, ""reads"": [{""version"": 159, ""max_seen_before"": 158, ""violation"": false}, {""version"": 159, ""max_seen_before"": 159, ""violation"": false}]}"
20260919T065825Z_a37af91d,160,normal,1789801108.0579798,1789801108.067341,9.167,0,9.167,pass,,read_secondary,"{""background_write_acknowledged"": true, ""reads"": [{""version"": 160, ""max_seen_before"": 159, ""violation"": false}, {""version"": 160, ""max_seen_before"": 160, ""violation"": false}]}"
20260919T065825Z_a37af91d,161,normal,1789801108.067341,1789801108.0762165,8.934,0,8.934,pass,,read_secondary,"{""background_write_acknowledged"": true, ""reads"": [{""version"": 161, ""max_seen_before"": 160, ""violation"": false}, {""version"": 161, ""max_seen_before"": 161, ""violation"": false}]}"
20260919T065825Z_a37af91d,162,normal,1789801108.0762165,1789801108.0866199,10.339,0,10.339,pass,,read_secondary,"{""background_write_acknowledged"": true, ""reads"": [{""version"": 162, ""max_seen_before"": 161, ""violation"": false}, {""version"": 162, ""max_seen_before"": 162, ""violation"": false}]}"
20260919T065825Z_a37af91d,163,normal,1789801108.0866199,1789801108.0968773,10.341,0,10.341,pass,,read_secondary,"{""background_write_acknowledged"": true, ""reads"": [{""version"": 163, ""max_seen_before"": 162, ""violation"": false}, {""version"": 163, ""max_seen_before"": 163, ""violation"": false}]}"
20260919T065825Z_a37af91d,164,normal,1789801108.0974438,1789801108.1070051,9.958,0,9.958,pass,,read_secondary,"{""background_write_acknowledged"": true, ""reads"": [{""version"": 164, ""max_seen_before"": 163, ""violation"": false}, {""version"": 164, ""max_seen_before"": 164, ""violation"": false}]}"
20260919T065825Z_a37af91d,165,normal,1789801108.1075509,1789801108.1167095,9.676,0,9.676,pass,,read_secondary,"{""background_write_acknowledged"": true, ""reads"": [{""version"": 165, ""max_seen_before"": 164, ""violation"": false}, {""version"": 165, ""max_seen_before"": 165, ""violation"": false}]}"
20260919T065825Z_a37af91d,166,normal,1789801108.1173394,1789801108.1263833,9.31,0,9.31,pass,,read_secondary,"{""background_write_acknowledged"": true, ""reads"": [{""version"": 166, ""max_seen_before"": 165, ""violation"": false}, {""version"": 166, ""max_seen_before"": 166, ""violation"": false}]}"
20260919T065825Z_a37af91d,167,normal,1789801108.1263833,1789801108.1361365,9.54,0,9.54,pass,,read_secondary,"{""background_write_acknowledged"": true, ""reads"": [{""version"": 167, ""max_seen_before"": 166, ""violation"": false}, {""version"": 167, ""max_seen_before"": 167, ""violation"": false}]}"
20260919T065825Z_a37af91d,168,normal,1789801108.1361365,1789801108.147,10.765,0,10.765,pass,,read_secondary,"{""background_write_acknowledged"": true, ""reads"": [{""version"": 168, ""max_seen_before"": 167, ""violation"": false}, {""version"": 168, ""max_seen_before"": 168, ""violation"": false}]}"
20260919T065825Z_a37af91d,169,normal,1789801108.147,1789801108.1571825,10.342,0,10.342,pass,,read_secondary,"{""background_write_acknowledged"": true, ""reads"": [{""version"": 169, ""max_seen_before"": 168, ""violation"": false}, {""version"": 169, ""max_seen_before"": 169, ""violation"": false}]}"
20260919T065825Z_a37af91d,170,normal,1789801108.1571825,1789801108.1669953,9.308,0,9.308,pass,,read_secondary,"{""background_write_acknowledged"": true, ""reads"": [{""version"": 170, ""max_seen_before"": 169, ""violation"": false}, {""version"": 170, ""max_seen_before"": 170, ""violation"": false}]}"
20260919T065825Z_a37af91d,171,normal,1789801108.1669953,1789801108.17644,9.491,0,9.491,pass,,read_secondary,"{""background_write_acknowledged"": true, ""reads"": [{""version"": 171, ""max_seen_before"": 170, ""violation"": false}, {""version"": 171, ""max_seen_before"": 171, ""violation"": false}]}"
20260919T065825Z_a37af91d,172,normal,1789801108.17644,1789801108.18669,10.363,0,10.363,pass,,read_secondary,"{""background_write_acknowledged"": true, ""reads"": [{""version"": 172, ""max_seen_before"": 171, ""violation"": false}, {""version"": 172, ""max_seen_before"": 172, ""violation"": false}]}"
20260919T065825Z_a37af91d,173,normal,1789801108.1873088,1789801108.197807,10.776,0,10.776,pass,,read_secondary,"{""background_write_acknowledged"": true, ""reads"": [{""version"": 173, ""max_seen_before"": 172, ""violation"": false}, {""version"": 173, ""max_seen_before"": 173, ""violation"": false}]}"
20260919T065825Z_a37af91d,174,normal,1789801108.197807,1789801108.209198,11.192,0,11.192,pass,,read_secondary,"{""background_write_acknowledged"": true, ""reads"": [{""version"": 174, ""max_seen_before"": 173, ""violation"": false}, {""version"": 174, ""max_seen_before"": 174, ""violation"": false}]}"
20260919T065825Z_a37af91d,175,normal,1789801108.209198,1789801108.2197354,10.421,0,10.421,pass,,read_secondary,"{""background_write_acknowledged"": true, ""reads"": [{""version"": 175, ""max_seen_before"": 174, ""violation"": false}, {""version"": 175, ""max_seen_before"": 175, ""violation"": false}]}"
20260919T065825Z_a37af91d,176,normal,1789801108.2197354,1789801108.2296472,9.689,0,9.689,pass,,read_secondary,"{""background_write_acknowledged"": true, ""reads"": [{""version"": 176, ""max_seen_before"": 175, ""violation"": false}, {""version"": 176, ""max_seen_before"": 176, ""violation"": false}]}"
20260919T065825Z_a37af91d,177,normal,1789801108.2296472,1789801108.2387216,9.18,0,9.18,pass,,read_secondary,"{""background_write_acknowledged"": true, ""reads"": [{""version"": 177, ""max_seen_before"": 176, ""violation"": false}, {""version"": 177, ""max_seen_before"": 177, ""violation"": false}]}"
20260919T065825Z_a37af91d,178,normal,1789801108.2387216,1789801108.2485673,9.532,0,9.532,pass,,read_secondary,"{""background_write_acknowledged"": true, ""reads"": [{""version"": 178, ""max_seen_before"": 177, ""violation"": false}, {""version"": 178, ""max_seen_before"": 178, ""violation"": false}]}"
20260919T065825Z_a37af91d,179,normal,1789801108.2485673,1789801108.2586792,10.348,0,10.348,pass,,read_secondary,"{""background_write_acknowledged"": true, ""reads"": [{""version"": 179, ""max_seen_before"": 178, ""violation"": false}, {""version"": 179, ""max_seen_before"": 179, ""violation"": false}]}"
20260919T065825Z_a37af91d,180,normal,1789801108.259282,1789801108.2687943,9.814,0,9.814,pass,,read_secondary,"{""background_write_acknowledged"": true, ""reads"": [{""version"": 180, ""max_seen_before"": 179, ""violation"": false}, {""version"": 180, ""max_seen_before"": 180, ""violation"": false}]}"
20260919T065825Z_a37af91d,181,normal,1789801108.2687943,1789801108.2793596,10.516,0,10.516,pass,,read_secondary,"{""background_write_acknowledged"": true, ""reads"": [{""version"": 181, ""max_seen_before"": 180, ""violation"": false}, {""version"": 181, ""max_seen_before"": 181, ""violation"": false}]}"
20260919T065825Z_a37af91d,182,normal,1789801108.2793596,1789801108.2892897,9.586,0,9.586,pass,,read_secondary,"{""background_write_acknowledged"": true, ""reads"": [{""version"": 182, ""max_seen_before"": 181, ""violation"": false}, {""version"": 182, ""max_seen_before"": 182, ""violation"": false}]}"
20260919T065825Z_a37af91d,183,normal,1789801108.2892897,1789801108.297622,8.55,0,8.55,pass,,read_secondary,"{""background_write_acknowledged"": true, ""reads"": [{""version"": 183, ""max_seen_before"": 182, ""violation"": false}, {""version"": 183, ""max_seen_before"": 183, ""violation"": false}]}"
20260919T065825Z_a37af91d,184,normal,1789801108.2982013,1789801108.3085868,10.672,0,10.672,pass,,read_secondary,"{""background_write_acknowledged"": true, ""reads"": [{""version"": 184, ""max_seen_before"": 183, ""violation"": false}, {""version"": 184, ""max_seen_before"": 184, ""violation"": false}]}"
20260919T065825Z_a37af91d,185,normal,1789801108.3085868,1789801108.3192205,10.704,0,10.704,pass,,read_secondary,"{""background_write_acknowledged"": true, ""reads"": [{""version"": 185, ""max_seen_before"": 184, ""violation"": false}, {""version"": 185, ""max_seen_before"": 185, ""violation"": false}]}"
20260919T065825Z_a37af91d,186,normal,1789801108.319792,1789801108.3292847,9.549,0,9.549,pass,,read_secondary,"{""background_write_acknowledged"": true, ""reads"": [{""version"": 186, ""max_seen_before"": 185, ""violation"": false}, {""version"": 186, ""max_seen_before"": 186, ""violation"": false}]}"
20260919T065825Z_a37af91d,187,normal,1789801108.3292847,1789801108.33845,9.153,0,9.153,pass,,read_secondary,"{""background_write_acknowledged"": true, ""reads"": [{""version"": 187, ""max_seen_before"": 186, ""violation"": false}, {""version"": 187, ""max_seen_before"": 187, ""violation"": false}]}"
20260919T065825Z_a37af91d,188,normal,1789801108.33845,1789801108.347944,9.333,0,9.333,pass,,read_secondary,"{""background_write_acknowledged"": true, ""reads"": [{""version"": 188, ""max_seen_before"": 187, ""violation"": false}, {""version"": 188, ""max_seen_before"": 188, ""violation"": false}]}"
20260919T065825Z_a37af91d,189,normal,1789801108.347944,1789801108.3570998,9.032,0,9.032,pass,,read_secondary,"{""background_write_acknowledged"": true, ""reads"": [{""version"": 189, ""max_seen_before"": 188, ""violation"": false}, {""version"": 189, ""max_seen_before"": 189, ""violation"": false}]}"
20260919T065825Z_a37af91d,190,normal,1789801108.3570998,1789801108.3658798,8.747,0,8.747,pass,,read_secondary,"{""background_write_acknowledged"": true, ""reads"": [{""version"": 190, ""max_seen_before"": 189, ""violation"": false}, {""version"": 190, ""max_seen_before"": 190, ""violation"": false}]}"
20260919T065825Z_a37af91d,191,normal,1789801108.3658798,1789801108.3750315,8.913,0,8.913,pass,,read_secondary,"{""background_write_acknowledged"": true, ""reads"": [{""version"": 191, ""max_seen_before"": 190, ""violation"": false}, {""version"": 191, ""max_seen_before"": 191, ""violation"": false}]}"
20260919T065825Z_a37af91d,192,normal,1789801108.3750315,1789801108.3835502,8.746,0,8.746,pass,,read_secondary,"{""background_write_acknowledged"": true, ""reads"": [{""version"": 192, ""max_seen_before"": 191, ""violation"": false}, {""version"": 192, ""max_seen_before"": 192, ""violation"": false}]}"
20260919T065825Z_a37af91d,193,normal,1789801108.3841023,1789801108.3931425,9.085,0,9.085,pass,,read_secondary,"{""background_write_acknowledged"": true, ""reads"": [{""version"": 193, ""max_seen_before"": 192, ""violation"": false}, {""version"": 193, ""max_seen_before"": 193, ""violation"": false}]}"
20260919T065825Z_a37af91d,194,normal,1789801108.3931425,1789801108.403045,10.043,0,10.043,pass,,read_secondary,"{""background_write_acknowledged"": true, ""reads"": [{""version"": 194, ""max_seen_before"": 193, ""violation"": false}, {""version"": 194, ""max_seen_before"": 194, ""violation"": false}]}"
20260919T065825Z_a37af91d,195,normal,1789801108.403045,1789801108.4137976,10.531,0,10.531,pass,,read_secondary,"{""background_write_acknowledged"": true, ""reads"": [{""version"": 195, ""max_seen_before"": 194, ""violation"": false}, {""version"": 195, ""max_seen_before"": 195, ""violation"": false}]}"
20260919T065825Z_a37af91d,196,normal,1789801108.4137976,1789801108.4229817,8.882,0,8.882,pass,,read_secondary,"{""background_write_acknowledged"": true, ""reads"": [{""version"": 196, ""max_seen_before"": 195, ""violation"": false}, {""version"": 196, ""max_seen_before"": 196, ""violation"": false}]}"
20260919T065825Z_a37af91d,197,normal,1789801108.4229817,1789801108.4321785,9.27,0,9.27,pass,,read_secondary,"{""background_write_acknowledged"": true, ""reads"": [{""version"": 197, ""max_seen_before"": 196, ""violation"": false}, {""version"": 197, ""max_seen_before"": 197, ""violation"": false}]}"
20260919T065825Z_a37af91d,198,normal,1789801108.4321785,1789801108.4413333,8.806,0,8.806,pass,,read_secondary,"{""background_write_acknowledged"": true, ""reads"": [{""version"": 198, ""max_seen_before"": 197, ""violation"": false}, {""version"": 198, ""max_seen_before"": 198, ""violation"": false}]}"
20260919T065825Z_a37af91d,199,normal,1789801108.4413333,1789801108.4496942,8.43,0,8.43,pass,,read_secondary,"{""background_write_acknowledged"": true, ""reads"": [{""version"": 199, ""max_seen_before"": 198, ""violation"": false}, {""version"": 199, ""max_seen_before"": 199, ""violation"": false}]}"
20260919T065825Z_a37af91d,200,transition,1789801108.4496942,1789801114.5626369,6113.146,6101.504,11.642,pass,,read_secondary,"{""background_write_acknowledged"": true, ""reads"": [{""version"": 200, ""max_seen_before"": 199, ""violation"": false}, {""version"": 200, ""max_seen_before"": 200, ""violation"": false}]}"
20260919T065825Z_a37af91d,201,fault,1789801114.564377,1789801114.6002011,35.779,0,35.779,violation,,read_secondary,"{""background_write_acknowledged"": true, ""reads"": [{""version"": 201, ""max_seen_before"": 200, ""violation"": false}, {""version"": 200, ""max_seen_before"": 201, ""violation"": true}]}"
20260919T065825Z_a37af91d,202,fault,1789801114.6002011,1789801114.6081634,8.452,0,8.452,violation,,read_secondary,"{""background_write_acknowledged"": true, ""reads"": [{""version"": 202, ""max_seen_before"": 201, ""violation"": false}, {""version"": 200, ""max_seen_before"": 202, ""violation"": true}]}"
20260919T065825Z_a37af91d,203,fault,1789801114.6081634,1789801114.6157498,7.536,0,7.536,violation,,read_secondary,"{""background_write_acknowledged"": true, ""reads"": [{""version"": 203, ""max_seen_before"": 202, ""violation"": false}, {""version"": 200, ""max_seen_before"": 203, ""violation"": true}]}"
20260919T065825Z_a37af91d,204,fault,1789801114.6157498,1789801114.6232452,7.203,0,7.203,violation,,read_secondary,"{""background_write_acknowledged"": true, ""reads"": [{""version"": 204, ""max_seen_before"": 203, ""violation"": false}, {""version"": 200, ""max_seen_before"": 204, ""violation"": true}]}"
20260919T065825Z_a37af91d,205,fault,1789801114.6232452,1789801114.6312833,7.849,0,7.849,violation,,read_secondary,"{""background_write_acknowledged"": true, ""reads"": [{""version"": 205, ""max_seen_before"": 204, ""violation"": false}, {""version"": 200, ""max_seen_before"": 205, ""violation"": true}]}"
20260919T065825Z_a37af91d,206,fault,1789801114.6312833,1789801114.6395566,8.368,0,8.368,violation,,read_secondary,"{""background_write_acknowledged"": true, ""reads"": [{""version"": 206, ""max_seen_before"": 205, ""violation"": false}, {""version"": 200, ""max_seen_before"": 206, ""violation"": true}]}"
20260919T065825Z_a37af91d,207,fault,1789801114.6395566,1789801114.6468236,6.806,0,6.806,violation,,read_secondary,"{""background_write_acknowledged"": true, ""reads"": [{""version"": 207, ""max_seen_before"": 206, ""violation"": false}, {""version"": 200, ""max_seen_before"": 207, ""violation"": true}]}"
20260919T065825Z_a37af91d,208,fault,1789801114.6468236,1789801114.6546195,7.967,0,7.967,violation,,read_secondary,"{""background_write_acknowledged"": true, ""reads"": [{""version"": 208, ""max_seen_before"": 207, ""violation"": false}, {""version"": 200, ""max_seen_before"": 208, ""violation"": true}]}"
20260919T065825Z_a37af91d,209,fault,1789801114.6546195,1789801114.6616302,7.215,0,7.215,violation,,read_secondary,"{""background_write_acknowledged"": true, ""reads"": [{""version"": 209, ""max_seen_before"": 208, ""violation"": false}, {""version"": 200, ""max_seen_before"": 209, ""violation"": true}]}"
20260919T065825Z_a37af91d,210,fault,1789801114.6616302,1789801114.669573,7.559,0,7.559,violation,,read_secondary,"{""background_write_acknowledged"": true, ""reads"": [{""version"": 210, ""max_seen_before"": 209, ""violation"": false}, {""version"": 200, ""max_seen_before"": 210, ""violation"": true}]}"
20260919T065825Z_a37af91d,211,fault,1789801114.669573,1789801114.6774971,7.971,0,7.971,violation,,read_secondary,"{""background_write_acknowledged"": true, ""reads"": [{""version"": 211, ""max_seen_before"": 210, ""violation"": false}, {""version"": 200, ""max_seen_before"": 211, ""violation"": true}]}"
20260919T065825Z_a37af91d,212,fault,1789801114.6774971,1789801114.6853228,7.378,0,7.378,violation,,read_secondary,"{""background_write_acknowledged"": true, ""reads"": [{""version"": 212, ""max_seen_before"": 211, ""violation"": false}, {""version"": 200, ""max_seen_before"": 212, ""violation"": true}]}"
20260919T065825Z_a37af91d,213,fault,1789801114.6853228,1789801114.6917353,6.604,0,6.604,violation,,read_secondary,"{""background_write_acknowledged"": true, ""reads"": [{""version"": 213, ""max_seen_before"": 212, ""violation"": false}, {""version"": 200, ""max_seen_before"": 213, ""violation"": true}]}"
20260919T065825Z_a37af91d,214,fault,1789801114.6917353,1789801114.698464,6.752,0,6.752,violation,,read_secondary,"{""background_write_acknowledged"": true, ""reads"": [{""version"": 214, ""max_seen_before"": 213, ""violation"": false}, {""version"": 200, ""max_seen_before"": 214, ""violation"": true}]}"
20260919T065825Z_a37af91d,215,fault,1789801114.698464,1789801114.7058723,7.345,0,7.345,violation,,read_secondary,"{""background_write_acknowledged"": true, ""reads"": [{""version"": 215, ""max_seen_before"": 214, ""violation"": false}, {""version"": 200, ""max_seen_before"": 215, ""violation"": true}]}"
20260919T065825Z_a37af91d,216,fault,1789801114.7058723,1789801114.7132008,6.923,0,6.923,violation,,read_secondary,"{""background_write_acknowledged"": true, ""reads"": [{""version"": 216, ""max_seen_before"": 215, ""violation"": false}, {""version"": 200, ""max_seen_before"": 216, ""violation"": true}]}"
20260919T065825Z_a37af91d,217,fault,1789801114.7132008,1789801114.7197604,6.772,0,6.772,violation,,read_secondary,"{""background_write_acknowledged"": true, ""reads"": [{""version"": 217, ""max_seen_before"": 216, ""violation"": false}, {""version"": 200, ""max_seen_before"": 217, ""violation"": true}]}"
20260919T065825Z_a37af91d,218,fault,1789801114.7197604,1789801114.7264013,6.673,0,6.673,violation,,read_secondary,"{""background_write_acknowledged"": true, ""reads"": [{""version"": 218, ""max_seen_before"": 217, ""violation"": false}, {""version"": 200, ""max_seen_before"": 218, ""violation"": true}]}"
20260919T065825Z_a37af91d,219,fault,1789801114.7264013,1789801114.7342744,7.817,0,7.817,violation,,read_secondary,"{""background_write_acknowledged"": true, ""reads"": [{""version"": 219, ""max_seen_before"": 218, ""violation"": false}, {""version"": 200, ""max_seen_before"": 219, ""violation"": true}]}"
20260919T065825Z_a37af91d,220,fault,1789801114.7342744,1789801114.741616,7.359,0,7.359,violation,,read_secondary,"{""background_write_acknowledged"": true, ""reads"": [{""version"": 220, ""max_seen_before"": 219, ""violation"": false}, {""version"": 200, ""max_seen_before"": 220, ""violation"": true}]}"
20260919T065825Z_a37af91d,221,fault,1789801114.741616,1789801114.75205,9.952,0,9.952,violation,,read_secondary,"{""background_write_acknowledged"": true, ""reads"": [{""version"": 221, ""max_seen_before"": 220, ""violation"": false}, {""version"": 200, ""max_seen_before"": 221, ""violation"": true}]}"
20260919T065825Z_a37af91d,222,fault,1789801114.75205,1789801114.7608535,8.826,0,8.826,violation,,read_secondary,"{""background_write_acknowledged"": true, ""reads"": [{""version"": 222, ""max_seen_before"": 221, ""violation"": false}, {""version"": 200, ""max_seen_before"": 222, ""violation"": true}]}"
20260919T065825Z_a37af91d,223,fault,1789801114.7608535,1789801114.771521,10.169,0,10.169,violation,,read_secondary,"{""background_write_acknowledged"": true, ""reads"": [{""version"": 223, ""max_seen_before"": 222, ""violation"": false}, {""version"": 200, ""max_seen_before"": 223, ""violation"": true}]}"
20260919T065825Z_a37af91d,224,fault,1789801114.771521,1789801114.7817764,10.336,0,10.336,violation,,read_secondary,"{""background_write_acknowledged"": true, ""reads"": [{""version"": 224, ""max_seen_before"": 223, ""violation"": false}, {""version"": 200, ""max_seen_before"": 224, ""violation"": true}]}"
20260919T065825Z_a37af91d,225,fault,1789801114.7817764,1789801114.790862,8.71,0,8.71,violation,,read_secondary,"{""background_write_acknowledged"": true, ""reads"": [{""version"": 225, ""max_seen_before"": 224, ""violation"": false}, {""version"": 200, ""max_seen_before"": 225, ""violation"": true}]}"
20260919T065825Z_a37af91d,226,fault,1789801114.790862,1789801114.799732,9.232,0,9.232,violation,,read_secondary,"{""background_write_acknowledged"": true, ""reads"": [{""version"": 226, ""max_seen_before"": 225, ""violation"": false}, {""version"": 200, ""max_seen_before"": 226, ""violation"": true}]}"
20260919T065825Z_a37af91d,227,fault,1789801114.799732,1789801114.8117049,11.469,0,11.469,violation,,read_secondary,"{""background_write_acknowledged"": true, ""reads"": [{""version"": 227, ""max_seen_before"": 226, ""violation"": false}, {""version"": 200, ""max_seen_before"": 227, ""violation"": true}]}"
20260919T065825Z_a37af91d,228,fault,1789801114.8117049,1789801114.8202531,8.435,0,8.435,violation,,read_secondary,"{""background_write_acknowledged"": true, ""reads"": [{""version"": 228, ""max_seen_before"": 227, ""violation"": false}, {""version"": 200, ""max_seen_before"": 228, ""violation"": true}]}"
20260919T065825Z_a37af91d,229,fault,1789801114.8202531,1789801114.8291805,8.972,0,8.972,violation,,read_secondary,"{""background_write_acknowledged"": true, ""reads"": [{""version"": 229, ""max_seen_before"": 228, ""violation"": false}, {""version"": 200, ""max_seen_before"": 229, ""violation"": true}]}"
20260919T065825Z_a37af91d,230,fault,1789801114.8291805,1789801114.8417997,12.339,0,12.339,violation,,read_secondary,"{""background_write_acknowledged"": true, ""reads"": [{""version"": 230, ""max_seen_before"": 229, ""violation"": false}, {""version"": 200, ""max_seen_before"": 230, ""violation"": true}]}"
20260919T065825Z_a37af91d,231,fault,1789801114.8417997,1789801114.8536801,11.601,0,11.601,violation,,read_secondary,"{""background_write_acknowledged"": true, ""reads"": [{""version"": 231, ""max_seen_before"": 230, ""violation"": false}, {""version"": 200, ""max_seen_before"": 231, ""violation"": true}]}"
20260919T065825Z_a37af91d,232,fault,1789801114.8536801,1789801114.8647523,11.253,0,11.253,violation,,read_secondary,"{""background_write_acknowledged"": true, ""reads"": [{""version"": 232, ""max_seen_before"": 231, ""violation"": false}, {""version"": 200, ""max_seen_before"": 232, ""violation"": true}]}"
20260919T065825Z_a37af91d,233,fault,1789801114.8647523,1789801114.8788118,13.927,0,13.927,violation,,read_secondary,"{""background_write_acknowledged"": true, ""reads"": [{""version"": 233, ""max_seen_before"": 232, ""violation"": false}, {""version"": 200, ""max_seen_before"": 233, ""violation"": true}]}"
20260919T065825Z_a37af91d,234,fault,1789801114.8788118,1789801114.893267,14.238,0,14.238,violation,,read_secondary,"{""background_write_acknowledged"": true, ""reads"": [{""version"": 234, ""max_seen_before"": 233, ""violation"": false}, {""version"": 200, ""max_seen_before"": 234, ""violation"": true}]}"
20260919T065825Z_a37af91d,235,fault,1789801114.893954,1789801114.9074829,13.73,0,13.73,violation,,read_secondary,"{""background_write_acknowledged"": true, ""reads"": [{""version"": 235, ""max_seen_before"": 234, ""violation"": false}, {""version"": 200, ""max_seen_before"": 235, ""violation"": true}]}"
20260919T065825Z_a37af91d,236,fault,1789801114.9074829,1789801114.9208596,13.467,0,13.467,violation,,read_secondary,"{""background_write_acknowledged"": true, ""reads"": [{""version"": 236, ""max_seen_before"": 235, ""violation"": false}, {""version"": 200, ""max_seen_before"": 236, ""violation"": true}]}"
20260919T065825Z_a37af91d,237,fault,1789801114.9208596,1789801114.9315903,10.113,0,10.113,pass,,read_secondary,"{""background_write_acknowledged"": true, ""reads"": [{""version"": 237, ""max_seen_before"": 236, ""violation"": false}, {""version"": 237, ""max_seen_before"": 237, ""violation"": false}]}"
20260919T065825Z_a37af91d,238,fault,1789801114.9315903,1789801114.9438756,12.223,0,12.223,pass,,read_secondary,"{""background_write_acknowledged"": true, ""reads"": [{""version"": 238, ""max_seen_before"": 237, ""violation"": false}, {""version"": 238, ""max_seen_before"": 238, ""violation"": false}]}"
20260919T065825Z_a37af91d,239,fault,1789801114.9438756,1789801114.9550388,11.175,0,11.175,pass,,read_secondary,"{""background_write_acknowledged"": true, ""reads"": [{""version"": 239, ""max_seen_before"": 238, ""violation"": false}, {""version"": 239, ""max_seen_before"": 239, ""violation"": false}]}"
20260919T065825Z_a37af91d,240,fault,1789801114.9550388,1789801114.9629347,7.653,0,7.653,pass,,read_secondary,"{""background_write_acknowledged"": true, ""reads"": [{""version"": 240, ""max_seen_before"": 239, ""violation"": false}, {""version"": 240, ""max_seen_before"": 240, ""violation"": false}]}"
20260919T065825Z_a37af91d,241,fault,1789801114.9629347,1789801114.9698913,7.452,0,7.452,pass,,read_secondary,"{""background_write_acknowledged"": true, ""reads"": [{""version"": 241, ""max_seen_before"": 240, ""violation"": false}, {""version"": 241, ""max_seen_before"": 241, ""violation"": false}]}"
20260919T065825Z_a37af91d,242,fault,1789801114.9698913,1789801114.979026,8.588,0,8.588,pass,,read_secondary,"{""background_write_acknowledged"": true, ""reads"": [{""version"": 242, ""max_seen_before"": 241, ""violation"": false}, {""version"": 242, ""max_seen_before"": 242, ""violation"": false}]}"
20260919T065825Z_a37af91d,243,fault,1789801114.979026,1789801114.9866264,7.97,0,7.97,pass,,read_secondary,"{""background_write_acknowledged"": true, ""reads"": [{""version"": 243, ""max_seen_before"": 242, ""violation"": false}, {""version"": 243, ""max_seen_before"": 243, ""violation"": false}]}"
20260919T065825Z_a37af91d,244,fault,1789801114.9866264,1789801114.9962106,9.329,0,9.329,pass,,read_secondary,"{""background_write_acknowledged"": true, ""reads"": [{""version"": 244, ""max_seen_before"": 243, ""violation"": false}, {""version"": 244, ""max_seen_before"": 244, ""violation"": false}]}"
20260919T065825Z_a37af91d,245,fault,1789801114.9962106,1789801115.0037472,7.633,0,7.633,pass,,read_secondary,"{""background_write_acknowledged"": true, ""reads"": [{""version"": 245, ""max_seen_before"": 244, ""violation"": false}, {""version"": 245, ""max_seen_before"": 245, ""violation"": false}]}"
20260919T065825Z_a37af91d,246,fault,1789801115.0044725,1789801115.0125518,8.118,0,8.118,pass,,read_secondary,"{""background_write_acknowledged"": true, ""reads"": [{""version"": 246, ""max_seen_before"": 245, ""violation"": false}, {""version"": 246, ""max_seen_before"": 246, ""violation"": false}]}"
20260919T065825Z_a37af91d,247,fault,1789801115.0125518,1789801115.020554,8.193,0,8.193,pass,,read_secondary,"{""background_write_acknowledged"": true, ""reads"": [{""version"": 247, ""max_seen_before"": 246, ""violation"": false}, {""version"": 247, ""max_seen_before"": 247, ""violation"": false}]}"
20260919T065825Z_a37af91d,248,fault,1789801115.020554,1789801115.0284734,7.956,0,7.956,pass,,read_secondary,"{""background_write_acknowledged"": true, ""reads"": [{""version"": 248, ""max_seen_before"": 247, ""violation"": false}, {""version"": 248, ""max_seen_before"": 248, ""violation"": false}]}"
20260919T065825Z_a37af91d,249,fault,1789801115.0284734,1789801115.0363367,7.656,0,7.656,pass,,read_secondary,"{""background_write_acknowledged"": true, ""reads"": [{""version"": 249, ""max_seen_before"": 248, ""violation"": false}, {""version"": 249, ""max_seen_before"": 249, ""violation"": false}]}"
20260919T065825Z_a37af91d,250,fault,1789801115.0363367,1789801115.0441484,7.799,0,7.799,pass,,read_secondary,"{""background_write_acknowledged"": true, ""reads"": [{""version"": 250, ""max_seen_before"": 249, ""violation"": false}, {""version"": 250, ""max_seen_before"": 250, ""violation"": false}]}"
20260919T065825Z_a37af91d,251,fault,1789801115.0441484,1789801115.0517926,7.685,0,7.685,pass,,read_secondary,"{""background_write_acknowledged"": true, ""reads"": [{""version"": 251, ""max_seen_before"": 250, ""violation"": false}, {""version"": 251, ""max_seen_before"": 251, ""violation"": false}]}"
20260919T065825Z_a37af91d,252,fault,1789801115.0517926,1789801115.0604403,8.549,0,8.549,pass,,read_secondary,"{""background_write_acknowledged"": true, ""reads"": [{""version"": 252, ""max_seen_before"": 251, ""violation"": false}, {""version"": 252, ""max_seen_before"": 252, ""violation"": false}]}"
20260919T065825Z_a37af91d,253,fault,1789801115.0604403,1789801115.069519,8.719,0,8.719,pass,,read_secondary,"{""background_write_acknowledged"": true, ""reads"": [{""version"": 253, ""max_seen_before"": 252, ""violation"": false}, {""version"": 253, ""max_seen_before"": 253, ""violation"": false}]}"
20260919T065825Z_a37af91d,254,fault,1789801115.069519,1789801115.0787168,9.321,0,9.321,pass,,read_secondary,"{""background_write_acknowledged"": true, ""reads"": [{""version"": 254, ""max_seen_before"": 253, ""violation"": false}, {""version"": 254, ""max_seen_before"": 254, ""violation"": false}]}"
20260919T065825Z_a37af91d,255,fault,1789801115.0787168,1789801115.09059,11.487,0,11.487,pass,,read_secondary,"{""background_write_acknowledged"": true, ""reads"": [{""version"": 255, ""max_seen_before"": 254, ""violation"": false}, {""version"": 255, ""max_seen_before"": 255, ""violation"": false}]}"
20260919T065825Z_a37af91d,256,fault,1789801115.09059,1789801115.0992017,8.544,0,8.544,pass,,read_secondary,"{""background_write_acknowledged"": true, ""reads"": [{""version"": 256, ""max_seen_before"": 255, ""violation"": false}, {""version"": 256, ""max_seen_before"": 256, ""violation"": false}]}"
20260919T065825Z_a37af91d,257,fault,1789801115.0992017,1789801115.109013,9.687,0,9.687,pass,,read_secondary,"{""background_write_acknowledged"": true, ""reads"": [{""version"": 257, ""max_seen_before"": 256, ""violation"": false}, {""version"": 257, ""max_seen_before"": 257, ""violation"": false}]}"
20260919T065825Z_a37af91d,258,fault,1789801115.109013,1789801115.1196206,10.855,0,10.855,pass,,read_secondary,"{""background_write_acknowledged"": true, ""reads"": [{""version"": 258, ""max_seen_before"": 257, ""violation"": false}, {""version"": 258, ""max_seen_before"": 258, ""violation"": false}]}"
20260919T065825Z_a37af91d,259,fault,1789801115.1196206,1789801115.1279428,7.941,0,7.941,pass,,read_secondary,"{""background_write_acknowledged"": true, ""reads"": [{""version"": 259, ""max_seen_before"": 258, ""violation"": false}, {""version"": 259, ""max_seen_before"": 259, ""violation"": false}]}"
20260919T065825Z_a37af91d,260,fault,1789801115.1279428,1789801115.1377182,9.79,0,9.79,pass,,read_secondary,"{""background_write_acknowledged"": true, ""reads"": [{""version"": 260, ""max_seen_before"": 259, ""violation"": false}, {""version"": 260, ""max_seen_before"": 260, ""violation"": false}]}"
20260919T065825Z_a37af91d,261,fault,1789801115.1377182,1789801115.1476376,9.68,0,9.68,pass,,read_secondary,"{""background_write_acknowledged"": true, ""reads"": [{""version"": 261, ""max_seen_before"": 260, ""violation"": false}, {""version"": 261, ""max_seen_before"": 261, ""violation"": false}]}"
20260919T065825Z_a37af91d,262,fault,1789801115.1476376,1789801115.156562,9.189,0,9.189,pass,,read_secondary,"{""background_write_acknowledged"": true, ""reads"": [{""version"": 262, ""max_seen_before"": 261, ""violation"": false}, {""version"": 262, ""max_seen_before"": 262, ""violation"": false}]}"
20260919T065825Z_a37af91d,263,fault,1789801115.156562,1789801115.1685874,11.828,0,11.828,pass,,read_secondary,"{""background_write_acknowledged"": true, ""reads"": [{""version"": 263, ""max_seen_before"": 262, ""violation"": false}, {""version"": 263, ""max_seen_before"": 263, ""violation"": false}]}"
20260919T065825Z_a37af91d,264,fault,1789801115.1685874,1789801115.1759105,7.466,0,7.466,pass,,read_secondary,"{""background_write_acknowledged"": true, ""reads"": [{""version"": 264, ""max_seen_before"": 263, ""violation"": false}, {""version"": 264, ""max_seen_before"": 264, ""violation"": false}]}"
20260919T065825Z_a37af91d,265,fault,1789801115.1765451,1789801115.183614,7.492,0,7.492,pass,,read_secondary,"{""background_write_acknowledged"": true, ""reads"": [{""version"": 265, ""max_seen_before"": 264, ""violation"": false}, {""version"": 265, ""max_seen_before"": 265, ""violation"": false}]}"
20260919T065825Z_a37af91d,266,fault,1789801115.183614,1789801115.1911278,7.319,0,7.319,pass,,read_secondary,"{""background_write_acknowledged"": true, ""reads"": [{""version"": 266, ""max_seen_before"": 265, ""violation"": false}, {""version"": 266, ""max_seen_before"": 266, ""violation"": false}]}"
20260919T065825Z_a37af91d,267,fault,1789801115.1911278,1789801115.2001112,9.034,0,9.034,pass,,read_secondary,"{""background_write_acknowledged"": true, ""reads"": [{""version"": 267, ""max_seen_before"": 266, ""violation"": false}, {""version"": 267, ""max_seen_before"": 267, ""violation"": false}]}"
20260919T065825Z_a37af91d,268,fault,1789801115.2006216,1789801115.208929,8.439,0,8.439,pass,,read_secondary,"{""background_write_acknowledged"": true, ""reads"": [{""version"": 268, ""max_seen_before"": 267, ""violation"": false}, {""version"": 268, ""max_seen_before"": 268, ""violation"": false}]}"
20260919T065825Z_a37af91d,269,fault,1789801115.208929,1789801115.2182045,9.414,0,9.414,pass,,read_secondary,"{""background_write_acknowledged"": true, ""reads"": [{""version"": 269, ""max_seen_before"": 268, ""violation"": false}, {""version"": 269, ""max_seen_before"": 269, ""violation"": false}]}"
20260919T065825Z_a37af91d,270,fault,1789801115.2182045,1789801115.227725,9.447,0,9.447,pass,,read_secondary,"{""background_write_acknowledged"": true, ""reads"": [{""version"": 270, ""max_seen_before"": 269, ""violation"": false}, {""version"": 270, ""max_seen_before"": 270, ""violation"": false}]}"
20260919T065825Z_a37af91d,271,fault,1789801115.228284,1789801115.2373796,9.587,0,9.587,pass,,read_secondary,"{""background_write_acknowledged"": true, ""reads"": [{""version"": 271, ""max_seen_before"": 270, ""violation"": false}, {""version"": 271, ""max_seen_before"": 271, ""violation"": false}]}"
20260919T065825Z_a37af91d,272,fault,1789801115.2379494,1789801115.2502358,12.64,0,12.64,pass,,read_secondary,"{""background_write_acknowledged"": true, ""reads"": [{""version"": 272, ""max_seen_before"": 271, ""violation"": false}, {""version"": 272, ""max_seen_before"": 272, ""violation"": false}]}"
20260919T065825Z_a37af91d,273,fault,1789801115.2502358,1789801115.2618186,11.132,0,11.132,pass,,read_secondary,"{""background_write_acknowledged"": true, ""reads"": [{""version"": 273, ""max_seen_before"": 272, ""violation"": false}, {""version"": 273, ""max_seen_before"": 273, ""violation"": false}]}"
20260919T065825Z_a37af91d,274,fault,1789801115.2618186,1789801115.2706997,8.729,0,8.729,pass,,read_secondary,"{""background_write_acknowledged"": true, ""reads"": [{""version"": 274, ""max_seen_before"": 273, ""violation"": false}, {""version"": 274, ""max_seen_before"": 274, ""violation"": false}]}"
20260919T065825Z_a37af91d,275,fault,1789801115.2706997,1789801115.2794962,9.007,0,9.007,pass,,read_secondary,"{""background_write_acknowledged"": true, ""reads"": [{""version"": 275, ""max_seen_before"": 274, ""violation"": false}, {""version"": 275, ""max_seen_before"": 275, ""violation"": false}]}"
20260919T065825Z_a37af91d,276,fault,1789801115.2794962,1789801115.2887058,8.786,0,8.786,pass,,read_secondary,"{""background_write_acknowledged"": true, ""reads"": [{""version"": 276, ""max_seen_before"": 275, ""violation"": false}, {""version"": 276, ""max_seen_before"": 276, ""violation"": false}]}"
20260919T065825Z_a37af91d,277,fault,1789801115.2887058,1789801115.2973409,8.885,0,8.885,pass,,read_secondary,"{""background_write_acknowledged"": true, ""reads"": [{""version"": 277, ""max_seen_before"": 276, ""violation"": false}, {""version"": 277, ""max_seen_before"": 277, ""violation"": false}]}"
20260919T065825Z_a37af91d,278,fault,1789801115.2973409,1789801115.3056548,8.142,0,8.142,pass,,read_secondary,"{""background_write_acknowledged"": true, ""reads"": [{""version"": 278, ""max_seen_before"": 277, ""violation"": false}, {""version"": 278, ""max_seen_before"": 278, ""violation"": false}]}"
20260919T065825Z_a37af91d,279,fault,1789801115.3056548,1789801115.313973,8.394,0,8.394,pass,,read_secondary,"{""background_write_acknowledged"": true, ""reads"": [{""version"": 279, ""max_seen_before"": 278, ""violation"": false}, {""version"": 279, ""max_seen_before"": 279, ""violation"": false}]}"
20260919T065825Z_a37af91d,280,fault,1789801115.313973,1789801115.3225117,8.44,0,8.44,pass,,read_secondary,"{""background_write_acknowledged"": true, ""reads"": [{""version"": 280, ""max_seen_before"": 279, ""violation"": false}, {""version"": 280, ""max_seen_before"": 280, ""violation"": false}]}"
20260919T065825Z_a37af91d,281,fault,1789801115.3225117,1789801115.330457,8.173,0,8.173,pass,,read_secondary,"{""background_write_acknowledged"": true, ""reads"": [{""version"": 281, ""max_seen_before"": 280, ""violation"": false}, {""version"": 281, ""max_seen_before"": 281, ""violation"": false}]}"
20260919T065825Z_a37af91d,282,fault,1789801115.3312685,1789801115.3385968,7.941,0,7.941,pass,,read_secondary,"{""background_write_acknowledged"": true, ""reads"": [{""version"": 282, ""max_seen_before"": 281, ""violation"": false}, {""version"": 282, ""max_seen_before"": 282, ""violation"": false}]}"
20260919T065825Z_a37af91d,283,fault,1789801115.339284,1789801115.3471272,8.207,0,8.207,pass,,read_secondary,"{""background_write_acknowledged"": true, ""reads"": [{""version"": 283, ""max_seen_before"": 282, ""violation"": false}, {""version"": 283, ""max_seen_before"": 283, ""violation"": false}]}"
20260919T065825Z_a37af91d,284,fault,1789801115.3471272,1789801115.3553948,7.843,0,7.843,pass,,read_secondary,"{""background_write_acknowledged"": true, ""reads"": [{""version"": 284, ""max_seen_before"": 283, ""violation"": false}, {""version"": 284, ""max_seen_before"": 284, ""violation"": false}]}"
20260919T065825Z_a37af91d,285,fault,1789801115.3553948,1789801115.363317,8.273,0,8.273,pass,,read_secondary,"{""background_write_acknowledged"": true, ""reads"": [{""version"": 285, ""max_seen_before"": 284, ""violation"": false}, {""version"": 285, ""max_seen_before"": 285, ""violation"": false}]}"
20260919T065825Z_a37af91d,286,fault,1789801115.363317,1789801115.371544,7.738,0,7.738,pass,,read_secondary,"{""background_write_acknowledged"": true, ""reads"": [{""version"": 286, ""max_seen_before"": 285, ""violation"": false}, {""version"": 286, ""max_seen_before"": 286, ""violation"": false}]}"
20260919T065825Z_a37af91d,287,fault,1789801115.371544,1789801115.380089,8.703,0,8.703,pass,,read_secondary,"{""background_write_acknowledged"": true, ""reads"": [{""version"": 287, ""max_seen_before"": 286, ""violation"": false}, {""version"": 287, ""max_seen_before"": 287, ""violation"": false}]}"
20260919T065825Z_a37af91d,288,fault,1789801115.380089,1789801115.3874867,8.583,0,8.583,pass,,read_secondary,"{""background_write_acknowledged"": true, ""reads"": [{""version"": 288, ""max_seen_before"": 287, ""violation"": false}, {""version"": 288, ""max_seen_before"": 288, ""violation"": false}]}"
20260919T065825Z_a37af91d,289,fault,1789801115.3890834,1789801115.399269,10.597,0,10.597,pass,,read_secondary,"{""background_write_acknowledged"": true, ""reads"": [{""version"": 289, ""max_seen_before"": 288, ""violation"": false}, {""version"": 289, ""max_seen_before"": 289, ""violation"": false}]}"
20260919T065825Z_a37af91d,290,fault,1789801115.399269,1789801115.410777,11.106,0,11.106,pass,,read_secondary,"{""background_write_acknowledged"": true, ""reads"": [{""version"": 290, ""max_seen_before"": 289, ""violation"": false}, {""version"": 290, ""max_seen_before"": 290, ""violation"": false}]}"
20260919T065825Z_a37af91d,291,fault,1789801115.410777,1789801115.4221292,11.567,0,11.567,pass,,read_secondary,"{""background_write_acknowledged"": true, ""reads"": [{""version"": 291, ""max_seen_before"": 290, ""violation"": false}, {""version"": 291, ""max_seen_before"": 291, ""violation"": false}]}"
20260919T065825Z_a37af91d,292,fault,1789801115.4228492,1789801115.4380767,15.33,0,15.33,pass,,read_secondary,"{""background_write_acknowledged"": true, ""reads"": [{""version"": 292, ""max_seen_before"": 291, ""violation"": false}, {""version"": 292, ""max_seen_before"": 292, ""violation"": false}]}"
20260919T065825Z_a37af91d,293,fault,1789801115.4380767,1789801115.4502726,12.195,0,12.195,pass,,read_secondary,"{""background_write_acknowledged"": true, ""reads"": [{""version"": 293, ""max_seen_before"": 292, ""violation"": false}, {""version"": 293, ""max_seen_before"": 293, ""violation"": false}]}"
20260919T065825Z_a37af91d,294,fault,1789801115.4502726,1789801115.4609566,10.364,0,10.364,pass,,read_secondary,"{""background_write_acknowledged"": true, ""reads"": [{""version"": 294, ""max_seen_before"": 293, ""violation"": false}, {""version"": 294, ""max_seen_before"": 294, ""violation"": false}]}"
20260919T065825Z_a37af91d,295,fault,1789801115.4609566,1789801115.4731057,12.221,0,12.221,pass,,read_secondary,"{""background_write_acknowledged"": true, ""reads"": [{""version"": 295, ""max_seen_before"": 294, ""violation"": false}, {""version"": 295, ""max_seen_before"": 295, ""violation"": false}]}"
20260919T065825Z_a37af91d,296,fault,1789801115.4731057,1789801115.482471,9.518,0,9.518,pass,,read_secondary,"{""background_write_acknowledged"": true, ""reads"": [{""version"": 296, ""max_seen_before"": 295, ""violation"": false}, {""version"": 296, ""max_seen_before"": 296, ""violation"": false}]}"
20260919T065825Z_a37af91d,297,fault,1789801115.483087,1789801115.4917674,9.332,0,9.332,pass,,read_secondary,"{""background_write_acknowledged"": true, ""reads"": [{""version"": 297, ""max_seen_before"": 296, ""violation"": false}, {""version"": 297, ""max_seen_before"": 297, ""violation"": false}]}"
20260919T065825Z_a37af91d,298,fault,1789801115.4925468,1789801115.502253,9.928,0,9.928,pass,,read_secondary,"{""background_write_acknowledged"": true, ""reads"": [{""version"": 298, ""max_seen_before"": 297, ""violation"": false}, {""version"": 298, ""max_seen_before"": 298, ""violation"": false}]}"
20260919T065825Z_a37af91d,299,fault,1789801115.502253,1789801115.5111125,9.069,0,9.069,pass,,read_secondary,"{""background_write_acknowledged"": true, ""reads"": [{""version"": 299, ""max_seen_before"": 298, ""violation"": false}, {""version"": 299, ""max_seen_before"": 299, ""violation"": false}]}"
20260919T065825Z_a37af91d,300,fault,1789801115.511801,1789801115.5212312,9.968,0,9.968,pass,,read_secondary,"{""background_write_acknowledged"": true, ""reads"": [{""version"": 300, ""max_seen_before"": 299, ""violation"": false}, {""version"": 300, ""max_seen_before"": 300, ""violation"": false}]}"
20260919T065825Z_a37af91d,301,fault,1789801115.5228596,1789801115.532871,9.179,0,9.179,pass,,read_secondary,"{""background_write_acknowledged"": true, ""reads"": [{""version"": 301, ""max_seen_before"": 300, ""violation"": false}, {""version"": 301, ""max_seen_before"": 301, ""violation"": false}]}"
20260919T065825Z_a37af91d,302,fault,1789801115.532871,1789801115.5410962,8.419,0,8.419,pass,,read_secondary,"{""background_write_acknowledged"": true, ""reads"": [{""version"": 302, ""max_seen_before"": 301, ""violation"": false}, {""version"": 302, ""max_seen_before"": 302, ""violation"": false}]}"
20260919T065825Z_a37af91d,303,fault,1789801115.5410962,1789801115.550172,8.91,0,8.91,pass,,read_secondary,"{""background_write_acknowledged"": true, ""reads"": [{""version"": 303, ""max_seen_before"": 302, ""violation"": false}, {""version"": 303, ""max_seen_before"": 303, ""violation"": false}]}"
20260919T065825Z_a37af91d,304,fault,1789801115.550172,1789801115.557787,7.851,0,7.851,pass,,read_secondary,"{""background_write_acknowledged"": true, ""reads"": [{""version"": 304, ""max_seen_before"": 303, ""violation"": false}, {""version"": 304, ""max_seen_before"": 304, ""violation"": false}]}"
20260919T065825Z_a37af91d,305,fault,1789801115.5583937,1789801115.5662906,8.441,0,8.441,pass,,read_secondary,"{""background_write_acknowledged"": true, ""reads"": [{""version"": 305, ""max_seen_before"": 304, ""violation"": false}, {""version"": 305, ""max_seen_before"": 305, ""violation"": false}]}"
20260919T065825Z_a37af91d,306,fault,1789801115.5669658,1789801115.575161,8.318,0,8.318,pass,,read_secondary,"{""background_write_acknowledged"": true, ""reads"": [{""version"": 306, ""max_seen_before"": 305, ""violation"": false}, {""version"": 306, ""max_seen_before"": 306, ""violation"": false}]}"
20260919T065825Z_a37af91d,307,fault,1789801115.575161,1789801115.5837314,8.752,0,8.752,pass,,read_secondary,"{""background_write_acknowledged"": true, ""reads"": [{""version"": 307, ""max_seen_before"": 306, ""violation"": false}, {""version"": 307, ""max_seen_before"": 307, ""violation"": false}]}"
20260919T065825Z_a37af91d,308,fault,1789801115.5837314,1789801115.592833,8.727,0,8.727,pass,,read_secondary,"{""background_write_acknowledged"": true, ""reads"": [{""version"": 308, ""max_seen_before"": 307, ""violation"": false}, {""version"": 308, ""max_seen_before"": 308, ""violation"": false}]}"
20260919T065825Z_a37af91d,309,fault,1789801115.592833,1789801115.602669,9.675,0,9.675,pass,,read_secondary,"{""background_write_acknowledged"": true, ""reads"": [{""version"": 309, ""max_seen_before"": 308, ""violation"": false}, {""version"": 309, ""max_seen_before"": 309, ""violation"": false}]}"
20260919T065825Z_a37af91d,310,fault,1789801115.602669,1789801115.6135077,10.714,0,10.714,pass,,read_secondary,"{""background_write_acknowledged"": true, ""reads"": [{""version"": 310, ""max_seen_before"": 309, ""violation"": false}, {""version"": 310, ""max_seen_before"": 310, ""violation"": false}]}"
20260919T065825Z_a37af91d,311,fault,1789801115.6135077,1789801115.6233413,9.665,0,9.665,pass,,read_secondary,"{""background_write_acknowledged"": true, ""reads"": [{""version"": 311, ""max_seen_before"": 310, ""violation"": false}, {""version"": 311, ""max_seen_before"": 311, ""violation"": false}]}"
20260919T065825Z_a37af91d,312,fault,1789801115.6233413,1789801115.6311932,8.071,0,8.071,pass,,read_secondary,"{""background_write_acknowledged"": true, ""reads"": [{""version"": 312, ""max_seen_before"": 311, ""violation"": false}, {""version"": 312, ""max_seen_before"": 312, ""violation"": false}]}"
20260919T065825Z_a37af91d,313,fault,1789801115.6311932,1789801115.6411679,9.863,0,9.863,pass,,read_secondary,"{""background_write_acknowledged"": true, ""reads"": [{""version"": 313, ""max_seen_before"": 312, ""violation"": false}, {""version"": 313, ""max_seen_before"": 313, ""violation"": false}]}"
20260919T065825Z_a37af91d,314,fault,1789801115.6411679,1789801115.6524997,11.178,0,11.178,pass,,read_secondary,"{""background_write_acknowledged"": true, ""reads"": [{""version"": 314, ""max_seen_before"": 313, ""violation"": false}, {""version"": 314, ""max_seen_before"": 314, ""violation"": false}]}"
20260919T065825Z_a37af91d,315,fault,1789801115.6524997,1789801115.6619008,9.331,0,9.331,pass,,read_secondary,"{""background_write_acknowledged"": true, ""reads"": [{""version"": 315, ""max_seen_before"": 314, ""violation"": false}, {""version"": 315, ""max_seen_before"": 315, ""violation"": false}]}"
20260919T065825Z_a37af91d,316,fault,1789801115.6619008,1789801115.6706846,8.989,0,8.989,pass,,read_secondary,"{""background_write_acknowledged"": true, ""reads"": [{""version"": 316, ""max_seen_before"": 315, ""violation"": false}, {""version"": 316, ""max_seen_before"": 316, ""violation"": false}]}"
20260919T065825Z_a37af91d,317,fault,1789801115.671337,1789801115.6789556,7.614,0,7.614,pass,,read_secondary,"{""background_write_acknowledged"": true, ""reads"": [{""version"": 317, ""max_seen_before"": 316, ""violation"": false}, {""version"": 317, ""max_seen_before"": 317, ""violation"": false}]}"
20260919T065825Z_a37af91d,318,fault,1789801115.6789556,1789801115.687801,9.232,0,9.232,pass,,read_secondary,"{""background_write_acknowledged"": true, ""reads"": [{""version"": 318, ""max_seen_before"": 317, ""violation"": false}, {""version"": 318, ""max_seen_before"": 318, ""violation"": false}]}"
20260919T065825Z_a37af91d,319,fault,1789801115.6883316,1789801115.6994402,11.307,0,11.307,pass,,read_secondary,"{""background_write_acknowledged"": true, ""reads"": [{""version"": 319, ""max_seen_before"": 318, ""violation"": false}, {""version"": 319, ""max_seen_before"": 319, ""violation"": false}]}"
20260919T065825Z_a37af91d,320,fault,1789801115.6994402,1789801115.7123346,12.538,0,12.538,pass,,read_secondary,"{""background_write_acknowledged"": true, ""reads"": [{""version"": 320, ""max_seen_before"": 319, ""violation"": false}, {""version"": 320, ""max_seen_before"": 320, ""violation"": false}]}"
20260919T065825Z_a37af91d,321,fault,1789801115.7123346,1789801115.724196,11.609,0,11.609,pass,,read_secondary,"{""background_write_acknowledged"": true, ""reads"": [{""version"": 321, ""max_seen_before"": 320, ""violation"": false}, {""version"": 321, ""max_seen_before"": 321, ""violation"": false}]}"
20260919T065825Z_a37af91d,322,fault,1789801115.724196,1789801115.738022,13.742,0,13.742,pass,,read_secondary,"{""background_write_acknowledged"": true, ""reads"": [{""version"": 322, ""max_seen_before"": 321, ""violation"": false}, {""version"": 322, ""max_seen_before"": 322, ""violation"": false}]}"
20260919T065825Z_a37af91d,323,fault,1789801115.738022,1789801115.747669,9.703,0,9.703,pass,,read_secondary,"{""background_write_acknowledged"": true, ""reads"": [{""version"": 323, ""max_seen_before"": 322, ""violation"": false}, {""version"": 323, ""max_seen_before"": 323, ""violation"": false}]}"
20260919T065825Z_a37af91d,324,fault,1789801115.747669,1789801115.7578225,9.986,0,9.986,pass,,read_secondary,"{""background_write_acknowledged"": true, ""reads"": [{""version"": 324, ""max_seen_before"": 323, ""violation"": false}, {""version"": 324, ""max_seen_before"": 324, ""violation"": false}]}"
20260919T065825Z_a37af91d,325,fault,1789801115.7578225,1789801115.7671666,9.385,0,9.385,pass,,read_secondary,"{""background_write_acknowledged"": true, ""reads"": [{""version"": 325, ""max_seen_before"": 324, ""violation"": false}, {""version"": 325, ""max_seen_before"": 325, ""violation"": false}]}"
20260919T065825Z_a37af91d,326,fault,1789801115.7671666,1789801115.777673,10.365,0,10.365,pass,,read_secondary,"{""background_write_acknowledged"": true, ""reads"": [{""version"": 326, ""max_seen_before"": 325, ""violation"": false}, {""version"": 326, ""max_seen_before"": 326, ""violation"": false}]}"
20260919T065825Z_a37af91d,327,fault,1789801115.777673,1789801115.786118,8.271,0,8.271,pass,,read_secondary,"{""background_write_acknowledged"": true, ""reads"": [{""version"": 327, ""max_seen_before"": 326, ""violation"": false}, {""version"": 327, ""max_seen_before"": 327, ""violation"": false}]}"
20260919T065825Z_a37af91d,328,fault,1789801115.786118,1789801115.796211,9.809,0,9.809,pass,,read_secondary,"{""background_write_acknowledged"": true, ""reads"": [{""version"": 328, ""max_seen_before"": 327, ""violation"": false}, {""version"": 328, ""max_seen_before"": 328, ""violation"": false}]}"
20260919T065825Z_a37af91d,329,fault,1789801115.796211,1789801115.8066695,10.72,0,10.72,pass,,read_secondary,"{""background_write_acknowledged"": true, ""reads"": [{""version"": 329, ""max_seen_before"": 328, ""violation"": false}, {""version"": 329, ""max_seen_before"": 329, ""violation"": false}]}"
20260919T065825Z_a37af91d,330,fault,1789801115.8066695,1789801115.8208985,14.209,0,14.209,pass,,read_secondary,"{""background_write_acknowledged"": true, ""reads"": [{""version"": 330, ""max_seen_before"": 329, ""violation"": false}, {""version"": 330, ""max_seen_before"": 330, ""violation"": false}]}"
20260919T065825Z_a37af91d,331,fault,1789801115.8208985,1789801115.831992,10.896,0,10.896,pass,,read_secondary,"{""background_write_acknowledged"": true, ""reads"": [{""version"": 331, ""max_seen_before"": 330, ""violation"": false}, {""version"": 331, ""max_seen_before"": 331, ""violation"": false}]}"
20260919T065825Z_a37af91d,332,fault,1789801115.8327672,1789801115.8435605,11.402,0,11.402,pass,,read_secondary,"{""background_write_acknowledged"": true, ""reads"": [{""version"": 332, ""max_seen_before"": 331, ""violation"": false}, {""version"": 332, ""max_seen_before"": 332, ""violation"": false}]}"
20260919T065825Z_a37af91d,333,fault,1789801115.844202,1789801115.8533933,9.688,0,9.688,pass,,read_secondary,"{""background_write_acknowledged"": true, ""reads"": [{""version"": 333, ""max_seen_before"": 332, ""violation"": false}, {""version"": 333, ""max_seen_before"": 333, ""violation"": false}]}"
20260919T065825Z_a37af91d,334,fault,1789801115.8540895,1789801115.8631938,9.516,0,9.516,pass,,read_secondary,"{""background_write_acknowledged"": true, ""reads"": [{""version"": 334, ""max_seen_before"": 333, ""violation"": false}, {""version"": 334, ""max_seen_before"": 334, ""violation"": false}]}"
20260919T065825Z_a37af91d,335,fault,1789801115.8631938,1789801115.8748496,11.468,0,11.468,pass,,read_secondary,"{""background_write_acknowledged"": true, ""reads"": [{""version"": 335, ""max_seen_before"": 334, ""violation"": false}, {""version"": 335, ""max_seen_before"": 335, ""violation"": false}]}"
20260919T065825Z_a37af91d,336,fault,1789801115.8748496,1789801115.886543,11.351,0,11.351,pass,,read_secondary,"{""background_write_acknowledged"": true, ""reads"": [{""version"": 336, ""max_seen_before"": 335, ""violation"": false}, {""version"": 336, ""max_seen_before"": 336, ""violation"": false}]}"
20260919T065825Z_a37af91d,337,fault,1789801115.886543,1789801115.8962731,9.677,0,9.677,pass,,read_secondary,"{""background_write_acknowledged"": true, ""reads"": [{""version"": 337, ""max_seen_before"": 336, ""violation"": false}, {""version"": 337, ""max_seen_before"": 337, ""violation"": false}]}"
20260919T065825Z_a37af91d,338,fault,1789801115.8962731,1789801115.9057095,9.709,0,9.709,pass,,read_secondary,"{""background_write_acknowledged"": true, ""reads"": [{""version"": 338, ""max_seen_before"": 337, ""violation"": false}, {""version"": 338, ""max_seen_before"": 338, ""violation"": false}]}"
20260919T065825Z_a37af91d,339,fault,1789801115.9057095,1789801115.9146292,8.908,0,8.908,pass,,read_secondary,"{""background_write_acknowledged"": true, ""reads"": [{""version"": 339, ""max_seen_before"": 338, ""violation"": false}, {""version"": 339, ""max_seen_before"": 339, ""violation"": false}]}"
20260919T065825Z_a37af91d,340,fault,1789801115.9152768,1789801115.9246476,9.323,0,9.323,pass,,read_secondary,"{""background_write_acknowledged"": true, ""reads"": [{""version"": 340, ""max_seen_before"": 339, ""violation"": false}, {""version"": 340, ""max_seen_before"": 340, ""violation"": false}]}"
20260919T065825Z_a37af91d,341,fault,1789801115.9246476,1789801115.93241,7.849,0,7.849,pass,,read_secondary,"{""background_write_acknowledged"": true, ""reads"": [{""version"": 341, ""max_seen_before"": 340, ""violation"": false}, {""version"": 341, ""max_seen_before"": 341, ""violation"": false}]}"
20260919T065825Z_a37af91d,342,fault,1789801115.93241,1789801115.9414392,9.103,0,9.103,pass,,read_secondary,"{""background_write_acknowledged"": true, ""reads"": [{""version"": 342, ""max_seen_before"": 341, ""violation"": false}, {""version"": 342, ""max_seen_before"": 342, ""violation"": false}]}"
20260919T065825Z_a37af91d,343,fault,1789801115.9414392,1789801115.9532037,11.688,0,11.688,pass,,read_secondary,"{""background_write_acknowledged"": true, ""reads"": [{""version"": 343, ""max_seen_before"": 342, ""violation"": false}, {""version"": 343, ""max_seen_before"": 343, ""violation"": false}]}"
20260919T065825Z_a37af91d,344,fault,1789801115.9532037,1789801115.9646418,11.429,0,11.429,pass,,read_secondary,"{""background_write_acknowledged"": true, ""reads"": [{""version"": 344, ""max_seen_before"": 343, ""violation"": false}, {""version"": 344, ""max_seen_before"": 344, ""violation"": false}]}"
20260919T065825Z_a37af91d,345,fault,1789801115.9646418,1789801115.9750645,10.264,0,10.264,pass,,read_secondary,"{""background_write_acknowledged"": true, ""reads"": [{""version"": 345, ""max_seen_before"": 344, ""violation"": false}, {""version"": 345, ""max_seen_before"": 345, ""violation"": false}]}"
20260919T065825Z_a37af91d,346,fault,1789801115.9750645,1789801115.984739,9.183,0,9.183,pass,,read_secondary,"{""background_write_acknowledged"": true, ""reads"": [{""version"": 346, ""max_seen_before"": 345, ""violation"": false}, {""version"": 346, ""max_seen_before"": 346, ""violation"": false}]}"
20260919T065825Z_a37af91d,347,fault,1789801115.984739,1789801115.9941714,9.417,0,9.417,pass,,read_secondary,"{""background_write_acknowledged"": true, ""reads"": [{""version"": 347, ""max_seen_before"": 346, ""violation"": false}, {""version"": 347, ""max_seen_before"": 347, ""violation"": false}]}"
20260919T065825Z_a37af91d,348,fault,1789801115.9941714,1789801116.0022101,8.006,0,8.006,pass,,read_secondary,"{""background_write_acknowledged"": true, ""reads"": [{""version"": 348, ""max_seen_before"": 347, ""violation"": false}, {""version"": 348, ""max_seen_before"": 348, ""violation"": false}]}"
20260919T065825Z_a37af91d,349,fault,1789801116.0022101,1789801116.0126293,10.28,0,10.28,pass,,read_secondary,"{""background_write_acknowledged"": true, ""reads"": [{""version"": 349, ""max_seen_before"": 348, ""violation"": false}, {""version"": 349, ""max_seen_before"": 349, ""violation"": false}]}"
20260919T065825Z_a37af91d,350,fault,1789801116.0126293,1789801116.0205114,7.884,0,7.884,pass,,read_secondary,"{""background_write_acknowledged"": true, ""reads"": [{""version"": 350, ""max_seen_before"": 349, ""violation"": false}, {""version"": 350, ""max_seen_before"": 350, ""violation"": false}]}"
20260919T065825Z_a37af91d,351,fault,1789801116.0205114,1789801116.0286312,8.106,0,8.106,pass,,read_secondary,"{""background_write_acknowledged"": true, ""reads"": [{""version"": 351, ""max_seen_before"": 350, ""violation"": false}, {""version"": 351, ""max_seen_before"": 351, ""violation"": false}]}"
20260919T065825Z_a37af91d,352,fault,1789801116.0286312,1789801116.0362785,7.692,0,7.692,pass,,read_secondary,"{""background_write_acknowledged"": true, ""reads"": [{""version"": 352, ""max_seen_before"": 351, ""violation"": false}, {""version"": 352, ""max_seen_before"": 352, ""violation"": false}]}"
20260919T065825Z_a37af91d,353,fault,1789801116.0362785,1789801116.0461335,9.637,0,9.637,pass,,read_secondary,"{""background_write_acknowledged"": true, ""reads"": [{""version"": 353, ""max_seen_before"": 352, ""violation"": false}, {""version"": 353, ""max_seen_before"": 353, ""violation"": false}]}"
20260919T065825Z_a37af91d,354,fault,1789801116.0461335,1789801116.0561016,9.632,0,9.632,pass,,read_secondary,"{""background_write_acknowledged"": true, ""reads"": [{""version"": 354, ""max_seen_before"": 353, ""violation"": false}, {""version"": 354, ""max_seen_before"": 354, ""violation"": false}]}"
20260919T065825Z_a37af91d,355,fault,1789801116.0561016,1789801116.064689,8.551,0,8.551,pass,,read_secondary,"{""background_write_acknowledged"": true, ""reads"": [{""version"": 355, ""max_seen_before"": 354, ""violation"": false}, {""version"": 355, ""max_seen_before"": 355, ""violation"": false}]}"
20260919T065825Z_a37af91d,356,fault,1789801116.064689,1789801116.0733082,8.986,0,8.986,pass,,read_secondary,"{""background_write_acknowledged"": true, ""reads"": [{""version"": 356, ""max_seen_before"": 355, ""violation"": false}, {""version"": 356, ""max_seen_before"": 356, ""violation"": false}]}"
20260919T065825Z_a37af91d,357,fault,1789801116.0739422,1789801116.081411,7.741,0,7.741,pass,,read_secondary,"{""background_write_acknowledged"": true, ""reads"": [{""version"": 357, ""max_seen_before"": 356, ""violation"": false}, {""version"": 357, ""max_seen_before"": 357, ""violation"": false}]}"
20260919T065825Z_a37af91d,358,fault,1789801116.0817316,1789801116.090851,9.477,0,9.477,pass,,read_secondary,"{""background_write_acknowledged"": true, ""reads"": [{""version"": 358, ""max_seen_before"": 357, ""violation"": false}, {""version"": 358, ""max_seen_before"": 358, ""violation"": false}]}"
20260919T065825Z_a37af91d,359,fault,1789801116.090851,1789801116.1019502,10.751,0,10.751,pass,,read_secondary,"{""background_write_acknowledged"": true, ""reads"": [{""version"": 359, ""max_seen_before"": 358, ""violation"": false}, {""version"": 359, ""max_seen_before"": 359, ""violation"": false}]}"
20260919T065825Z_a37af91d,360,fault,1789801116.1019502,1789801116.1102934,8.76,0,8.76,pass,,read_secondary,"{""background_write_acknowledged"": true, ""reads"": [{""version"": 360, ""max_seen_before"": 359, ""violation"": false}, {""version"": 360, ""max_seen_before"": 360, ""violation"": false}]}"
20260919T065825Z_a37af91d,361,fault,1789801116.1110008,1789801116.1243036,13.962,0,13.962,pass,,read_secondary,"{""background_write_acknowledged"": true, ""reads"": [{""version"": 361, ""max_seen_before"": 360, ""violation"": false}, {""version"": 361, ""max_seen_before"": 361, ""violation"": false}]}"
20260919T065825Z_a37af91d,362,fault,1789801116.1243036,1789801116.1370475,12.28,0,12.28,pass,,read_secondary,"{""background_write_acknowledged"": true, ""reads"": [{""version"": 362, ""max_seen_before"": 361, ""violation"": false}, {""version"": 362, ""max_seen_before"": 362, ""violation"": false}]}"
20260919T065825Z_a37af91d,363,fault,1789801116.1370475,1789801116.149141,11.976,0,11.976,pass,,read_secondary,"{""background_write_acknowledged"": true, ""reads"": [{""version"": 363, ""max_seen_before"": 362, ""violation"": false}, {""version"": 363, ""max_seen_before"": 363, ""violation"": false}]}"
20260919T065825Z_a37af91d,364,fault,1789801116.149141,1789801116.1608336,11.325,0,11.325,pass,,read_secondary,"{""background_write_acknowledged"": true, ""reads"": [{""version"": 364, ""max_seen_before"": 363, ""violation"": false}, {""version"": 364, ""max_seen_before"": 364, ""violation"": false}]}"
20260919T065825Z_a37af91d,365,fault,1789801116.1608336,1789801116.17083,9.69,0,9.69,pass,,read_secondary,"{""background_write_acknowledged"": true, ""reads"": [{""version"": 365, ""max_seen_before"": 364, ""violation"": false}, {""version"": 365, ""max_seen_before"": 365, ""violation"": false}]}"
20260919T065825Z_a37af91d,366,fault,1789801116.17083,1789801116.1799603,9.312,0,9.312,pass,,read_secondary,"{""background_write_acknowledged"": true, ""reads"": [{""version"": 366, ""max_seen_before"": 365, ""violation"": false}, {""version"": 366, ""max_seen_before"": 366, ""violation"": false}]}"
20260919T065825Z_a37af91d,367,fault,1789801116.1799603,1789801116.1888268,8.469,0,8.469,pass,,read_secondary,"{""background_write_acknowledged"": true, ""reads"": [{""version"": 367, ""max_seen_before"": 366, ""violation"": false}, {""version"": 367, ""max_seen_before"": 367, ""violation"": false}]}"
20260919T065825Z_a37af91d,368,fault,1789801116.1888268,1789801116.1986716,10.048,0,10.048,pass,,read_secondary,"{""background_write_acknowledged"": true, ""reads"": [{""version"": 368, ""max_seen_before"": 367, ""violation"": false}, {""version"": 368, ""max_seen_before"": 368, ""violation"": false}]}"
20260919T065825Z_a37af91d,369,fault,1789801116.1986716,1789801116.209172,10.14,0,10.14,pass,,read_secondary,"{""background_write_acknowledged"": true, ""reads"": [{""version"": 369, ""max_seen_before"": 368, ""violation"": false}, {""version"": 369, ""max_seen_before"": 369, ""violation"": false}]}"
20260919T065825Z_a37af91d,370,fault,1789801116.209172,1789801116.2182798,9.316,0,9.316,pass,,read_secondary,"{""background_write_acknowledged"": true, ""reads"": [{""version"": 370, ""max_seen_before"": 369, ""violation"": false}, {""version"": 370, ""max_seen_before"": 370, ""violation"": false}]}"
20260919T065825Z_a37af91d,371,fault,1789801116.2182798,1789801116.2293072,10.993,0,10.993,pass,,read_secondary,"{""background_write_acknowledged"": true, ""reads"": [{""version"": 371, ""max_seen_before"": 370, ""violation"": false}, {""version"": 371, ""max_seen_before"": 371, ""violation"": false}]}"
20260919T065825Z_a37af91d,372,fault,1789801116.2293072,1789801116.2407675,11.198,0,11.198,pass,,read_secondary,"{""background_write_acknowledged"": true, ""reads"": [{""version"": 372, ""max_seen_before"": 371, ""violation"": false}, {""version"": 372, ""max_seen_before"": 372, ""violation"": false}]}"
20260919T065825Z_a37af91d,373,fault,1789801116.2407675,1789801116.252323,11.221,0,11.221,pass,,read_secondary,"{""background_write_acknowledged"": true, ""reads"": [{""version"": 373, ""max_seen_before"": 372, ""violation"": false}, {""version"": 373, ""max_seen_before"": 373, ""violation"": false}]}"
20260919T065825Z_a37af91d,374,fault,1789801116.252323,1789801116.2623892,10.884,0,10.884,pass,,read_secondary,"{""background_write_acknowledged"": true, ""reads"": [{""version"": 374, ""max_seen_before"": 373, ""violation"": false}, {""version"": 374, ""max_seen_before"": 374, ""violation"": false}]}"
20260919T065825Z_a37af91d,375,fault,1789801116.2623892,1789801116.272778,9.565,0,9.565,pass,,read_secondary,"{""background_write_acknowledged"": true, ""reads"": [{""version"": 375, ""max_seen_before"": 374, ""violation"": false}, {""version"": 375, ""max_seen_before"": 375, ""violation"": false}]}"
20260919T065825Z_a37af91d,376,fault,1789801116.272778,1789801116.2806036,8.209,0,8.209,pass,,read_secondary,"{""background_write_acknowledged"": true, ""reads"": [{""version"": 376, ""max_seen_before"": 375, ""violation"": false}, {""version"": 376, ""max_seen_before"": 376, ""violation"": false}]}"
20260919T065825Z_a37af91d,377,fault,1789801116.281348,1789801116.289561,8.463,0,8.463,pass,,read_secondary,"{""background_write_acknowledged"": true, ""reads"": [{""version"": 377, ""max_seen_before"": 376, ""violation"": false}, {""version"": 377, ""max_seen_before"": 377, ""violation"": false}]}"
20260919T065825Z_a37af91d,378,fault,1789801116.289561,1789801116.2992465,9.894,0,9.894,pass,,read_secondary,"{""background_write_acknowledged"": true, ""reads"": [{""version"": 378, ""max_seen_before"": 377, ""violation"": false}, {""version"": 378, ""max_seen_before"": 378, ""violation"": false}]}"
20260919T065825Z_a37af91d,379,fault,1789801116.2998679,1789801116.308746,9.277,0,9.277,pass,,read_secondary,"{""background_write_acknowledged"": true, ""reads"": [{""version"": 379, ""max_seen_before"": 378, ""violation"": false}, {""version"": 379, ""max_seen_before"": 379, ""violation"": false}]}"
20260919T065825Z_a37af91d,380,fault,1789801116.3093457,1789801116.3197672,10.54,0,10.54,pass,,read_secondary,"{""background_write_acknowledged"": true, ""reads"": [{""version"": 380, ""max_seen_before"": 379, ""violation"": false}, {""version"": 380, ""max_seen_before"": 380, ""violation"": false}]}"
20260919T065825Z_a37af91d,381,fault,1789801116.3197672,1789801116.3295941,9.994,0,9.994,pass,,read_secondary,"{""background_write_acknowledged"": true, ""reads"": [{""version"": 381, ""max_seen_before"": 380, ""violation"": false}, {""version"": 381, ""max_seen_before"": 381, ""violation"": false}]}"
20260919T065825Z_a37af91d,382,fault,1789801116.3295941,1789801116.3402638,10.557,0,10.557,pass,,read_secondary,"{""background_write_acknowledged"": true, ""reads"": [{""version"": 382, ""max_seen_before"": 381, ""violation"": false}, {""version"": 382, ""max_seen_before"": 382, ""violation"": false}]}"
20260919T065825Z_a37af91d,383,fault,1789801116.340773,1789801116.351927,11.172,0,11.172,pass,,read_secondary,"{""background_write_acknowledged"": true, ""reads"": [{""version"": 383, ""max_seen_before"": 382, ""violation"": false}, {""version"": 383, ""max_seen_before"": 383, ""violation"": false}]}"
20260919T065825Z_a37af91d,384,fault,1789801116.351927,1789801116.3610508,9.201,0,9.201,pass,,read_secondary,"{""background_write_acknowledged"": true, ""reads"": [{""version"": 384, ""max_seen_before"": 383, ""violation"": false}, {""version"": 384, ""max_seen_before"": 384, ""violation"": false}]}"
20260919T065825Z_a37af91d,385,fault,1789801116.3610508,1789801116.3701396,8.822,0,8.822,pass,,read_secondary,"{""background_write_acknowledged"": true, ""reads"": [{""version"": 385, ""max_seen_before"": 384, ""violation"": false}, {""version"": 385, ""max_seen_before"": 385, ""violation"": false}]}"
20260919T065825Z_a37af91d,386,fault,1789801116.3701396,1789801116.3812766,11.464,0,11.464,pass,,read_secondary,"{""background_write_acknowledged"": true, ""reads"": [{""version"": 386, ""max_seen_before"": 385, ""violation"": false}, {""version"": 386, ""max_seen_before"": 386, ""violation"": false}]}"
20260919T065825Z_a37af91d,387,fault,1789801116.3812766,1789801116.3945613,13.281,0,13.281,pass,,read_secondary,"{""background_write_acknowledged"": true, ""reads"": [{""version"": 387, ""max_seen_before"": 386, ""violation"": false}, {""version"": 387, ""max_seen_before"": 387, ""violation"": false}]}"
20260919T065825Z_a37af91d,388,fault,1789801116.3953278,1789801116.4081929,13.371,0,13.371,pass,,read_secondary,"{""background_write_acknowledged"": true, ""reads"": [{""version"": 388, ""max_seen_before"": 387, ""violation"": false}, {""version"": 388, ""max_seen_before"": 388, ""violation"": false}]}"
20260919T065825Z_a37af91d,389,fault,1789801116.4088943,1789801116.418662,9.894,0,9.894,pass,,read_secondary,"{""background_write_acknowledged"": true, ""reads"": [{""version"": 389, ""max_seen_before"": 388, ""violation"": false}, {""version"": 389, ""max_seen_before"": 389, ""violation"": false}]}"
20260919T065825Z_a37af91d,390,fault,1789801116.418662,1789801116.431382,12.831,0,12.831,pass,,read_secondary,"{""background_write_acknowledged"": true, ""reads"": [{""version"": 390, ""max_seen_before"": 389, ""violation"": false}, {""version"": 390, ""max_seen_before"": 390, ""violation"": false}]}"
20260919T065825Z_a37af91d,391,fault,1789801116.4319446,1789801116.44218,10.683,0,10.683,pass,,read_secondary,"{""background_write_acknowledged"": true, ""reads"": [{""version"": 391, ""max_seen_before"": 390, ""violation"": false}, {""version"": 391, ""max_seen_before"": 391, ""violation"": false}]}"
20260919T065825Z_a37af91d,392,fault,1789801116.4427612,1789801116.4557066,13.071,0,13.071,pass,,read_secondary,"{""background_write_acknowledged"": true, ""reads"": [{""version"": 392, ""max_seen_before"": 391, ""violation"": false}, {""version"": 392, ""max_seen_before"": 392, ""violation"": false}]}"
20260919T065825Z_a37af91d,393,fault,1789801116.4557066,1789801116.469731,13.801,0,13.801,pass,,read_secondary,"{""background_write_acknowledged"": true, ""reads"": [{""version"": 393, ""max_seen_before"": 392, ""violation"": false}, {""version"": 393, ""max_seen_before"": 393, ""violation"": false}]}"
20260919T065825Z_a37af91d,394,fault,1789801116.469731,1789801116.484189,14.243,0,14.243,pass,,read_secondary,"{""background_write_acknowledged"": true, ""reads"": [{""version"": 394, ""max_seen_before"": 393, ""violation"": false}, {""version"": 394, ""max_seen_before"": 394, ""violation"": false}]}"
20260919T065825Z_a37af91d,395,fault,1789801116.484189,1789801116.502197,18.125,0,18.125,pass,,read_secondary,"{""background_write_acknowledged"": true, ""reads"": [{""version"": 395, ""max_seen_before"": 394, ""violation"": false}, {""version"": 395, ""max_seen_before"": 395, ""violation"": false}]}"
20260919T065825Z_a37af91d,396,fault,1789801116.502197,1789801116.521287,18.496,0,18.496,pass,,read_secondary,"{""background_write_acknowledged"": true, ""reads"": [{""version"": 396, ""max_seen_before"": 395, ""violation"": false}, {""version"": 396, ""max_seen_before"": 396, ""violation"": false}]}"
20260919T065825Z_a37af91d,397,fault,1789801116.521287,1789801116.5368688,15.637,0,15.637,pass,,read_secondary,"{""background_write_acknowledged"": true, ""reads"": [{""version"": 397, ""max_seen_before"": 396, ""violation"": false}, {""version"": 397, ""max_seen_before"": 397, ""violation"": false}]}"
20260919T065825Z_a37af91d,398,fault,1789801116.5368688,1789801116.5506337,13.108,0,13.108,pass,,read_secondary,"{""background_write_acknowledged"": true, ""reads"": [{""version"": 398, ""max_seen_before"": 397, ""violation"": false}, {""version"": 398, ""max_seen_before"": 398, ""violation"": false}]}"
20260919T065825Z_a37af91d,399,fault,1789801116.5506337,1789801116.5610776,10.829,0,10.829,pass,,read_secondary,"{""background_write_acknowledged"": true, ""reads"": [{""version"": 399, ""max_seen_before"": 398, ""violation"": false}, {""version"": 399, ""max_seen_before"": 399, ""violation"": false}]}"
20260919T065825Z_a37af91d,400,fault,1789801116.5617013,1789801116.5713243,9.902,0,9.902,pass,,read_secondary,"{""background_write_acknowledged"": true, ""reads"": [{""version"": 400, ""max_seen_before"": 399, ""violation"": false}, {""version"": 400, ""max_seen_before"": 400, ""violation"": false}]}"
20260919T065825Z_a37af91d,401,fault,1789801116.5737596,1789801116.58464,10.783,0,10.783,pass,,read_secondary,"{""background_write_acknowledged"": true, ""reads"": [{""version"": 401, ""max_seen_before"": 400, ""violation"": false}, {""version"": 401, ""max_seen_before"": 401, ""violation"": false}]}"
20260919T065825Z_a37af91d,402,fault,1789801116.58464,1789801116.5967977,12.183,0,12.183,pass,,read_secondary,"{""background_write_acknowledged"": true, ""reads"": [{""version"": 402, ""max_seen_before"": 401, ""violation"": false}, {""version"": 402, ""max_seen_before"": 402, ""violation"": false}]}"
20260919T065825Z_a37af91d,403,fault,1789801116.5973997,1789801116.608093,11.011,0,11.011,pass,,read_secondary,"{""background_write_acknowledged"": true, ""reads"": [{""version"": 403, ""max_seen_before"": 402, ""violation"": false}, {""version"": 403, ""max_seen_before"": 403, ""violation"": false}]}"
20260919T065825Z_a37af91d,404,fault,1789801116.608093,1789801116.6185937,10.07,0,10.07,pass,,read_secondary,"{""background_write_acknowledged"": true, ""reads"": [{""version"": 404, ""max_seen_before"": 403, ""violation"": false}, {""version"": 404, ""max_seen_before"": 404, ""violation"": false}]}"
20260919T065825Z_a37af91d,405,fault,1789801116.6185937,1789801116.6277788,9.385,0,9.385,pass,,read_secondary,"{""background_write_acknowledged"": true, ""reads"": [{""version"": 405, ""max_seen_before"": 404, ""violation"": false}, {""version"": 405, ""max_seen_before"": 405, ""violation"": false}]}"
20260919T065825Z_a37af91d,406,fault,1789801116.6277788,1789801116.6365051,8.67,0,8.67,pass,,read_secondary,"{""background_write_acknowledged"": true, ""reads"": [{""version"": 406, ""max_seen_before"": 405, ""violation"": false}, {""version"": 406, ""max_seen_before"": 406, ""violation"": false}]}"
20260919T065825Z_a37af91d,407,fault,1789801116.6365051,1789801116.6467667,9.84,0,9.84,pass,,read_secondary,"{""background_write_acknowledged"": true, ""reads"": [{""version"": 407, ""max_seen_before"": 406, ""violation"": false}, {""version"": 407, ""max_seen_before"": 407, ""violation"": false}]}"
20260919T065825Z_a37af91d,408,fault,1789801116.6467667,1789801116.6577332,10.902,0,10.902,pass,,read_secondary,"{""background_write_acknowledged"": true, ""reads"": [{""version"": 408, ""max_seen_before"": 407, ""violation"": false}, {""version"": 408, ""max_seen_before"": 408, ""violation"": false}]}"
20260919T065825Z_a37af91d,409,fault,1789801116.6577332,1789801116.6669326,9.182,0,9.182,pass,,read_secondary,"{""background_write_acknowledged"": true, ""reads"": [{""version"": 409, ""max_seen_before"": 408, ""violation"": false}, {""version"": 409, ""max_seen_before"": 409, ""violation"": false}]}"
20260919T065825Z_a37af91d,410,fault,1789801116.6669326,1789801116.6762173,9.39,0,9.39,pass,,read_secondary,"{""background_write_acknowledged"": true, ""reads"": [{""version"": 410, ""max_seen_before"": 409, ""violation"": false}, {""version"": 410, ""max_seen_before"": 410, ""violation"": false}]}"
20260919T065825Z_a37af91d,411,fault,1789801116.6762173,1789801116.6847558,8.295,0,8.295,pass,,read_secondary,"{""background_write_acknowledged"": true, ""reads"": [{""version"": 411, ""max_seen_before"": 410, ""violation"": false}, {""version"": 411, ""max_seen_before"": 411, ""violation"": false}]}"
20260919T065825Z_a37af91d,412,fault,1789801116.6847558,1789801116.694148,9.021,0,9.021,pass,,read_secondary,"{""background_write_acknowledged"": true, ""reads"": [{""version"": 412, ""max_seen_before"": 411, ""violation"": false}, {""version"": 412, ""max_seen_before"": 412, ""violation"": false}]}"
20260919T065825Z_a37af91d,413,fault,1789801116.694148,1789801116.7023442,8.713,0,8.713,pass,,read_secondary,"{""background_write_acknowledged"": true, ""reads"": [{""version"": 413, ""max_seen_before"": 412, ""violation"": false}, {""version"": 413, ""max_seen_before"": 413, ""violation"": false}]}"
20260919T065825Z_a37af91d,414,fault,1789801116.7023442,1789801116.7102537,7.678,0,7.678,pass,,read_secondary,"{""background_write_acknowledged"": true, ""reads"": [{""version"": 414, ""max_seen_before"": 413, ""violation"": false}, {""version"": 414, ""max_seen_before"": 414, ""violation"": false}]}"
20260919T065825Z_a37af91d,415,fault,1789801116.7102537,1789801116.7182226,7.432,0,7.432,pass,,read_secondary,"{""background_write_acknowledged"": true, ""reads"": [{""version"": 415, ""max_seen_before"": 414, ""violation"": false}, {""version"": 415, ""max_seen_before"": 415, ""violation"": false}]}"
20260919T065825Z_a37af91d,416,fault,1789801116.7182226,1789801116.7254303,7.235,0,7.235,pass,,read_secondary,"{""background_write_acknowledged"": true, ""reads"": [{""version"": 416, ""max_seen_before"": 415, ""violation"": false}, {""version"": 416, ""max_seen_before"": 416, ""violation"": false}]}"
20260919T065825Z_a37af91d,417,fault,1789801116.7254303,1789801116.7322645,7.077,0,7.077,pass,,read_secondary,"{""background_write_acknowledged"": true, ""reads"": [{""version"": 417, ""max_seen_before"": 416, ""violation"": false}, {""version"": 417, ""max_seen_before"": 417, ""violation"": false}]}"
20260919T065825Z_a37af91d,418,fault,1789801116.7322645,1789801116.739611,7.229,0,7.229,pass,,read_secondary,"{""background_write_acknowledged"": true, ""reads"": [{""version"": 418, ""max_seen_before"": 417, ""violation"": false}, {""version"": 418, ""max_seen_before"": 418, ""violation"": false}]}"
20260919T065825Z_a37af91d,419,fault,1789801116.739611,1789801116.7465677,6.957,0,6.957,pass,,read_secondary,"{""background_write_acknowledged"": true, ""reads"": [{""version"": 419, ""max_seen_before"": 418, ""violation"": false}, {""version"": 419, ""max_seen_before"": 419, ""violation"": false}]}"
20260919T065825Z_a37af91d,420,fault,1789801116.7471185,1789801116.7535007,6.476,0,6.476,pass,,read_secondary,"{""background_write_acknowledged"": true, ""reads"": [{""version"": 420, ""max_seen_before"": 419, ""violation"": false}, {""version"": 420, ""max_seen_before"": 420, ""violation"": false}]}"
20260919T065825Z_a37af91d,421,fault,1789801116.7535007,1789801116.761288,7.596,0,7.596,pass,,read_secondary,"{""background_write_acknowledged"": true, ""reads"": [{""version"": 421, ""max_seen_before"": 420, ""violation"": false}, {""version"": 421, ""max_seen_before"": 421, ""violation"": false}]}"
20260919T065825Z_a37af91d,422,fault,1789801116.761288,1789801116.7686052,7.301,0,7.301,pass,,read_secondary,"{""background_write_acknowledged"": true, ""reads"": [{""version"": 422, ""max_seen_before"": 421, ""violation"": false}, {""version"": 422, ""max_seen_before"": 422, ""violation"": false}]}"
20260919T065825Z_a37af91d,423,fault,1789801116.7686052,1789801116.7756038,7.082,0,7.082,pass,,read_secondary,"{""background_write_acknowledged"": true, ""reads"": [{""version"": 423, ""max_seen_before"": 422, ""violation"": false}, {""version"": 423, ""max_seen_before"": 423, ""violation"": false}]}"
20260919T065825Z_a37af91d,424,fault,1789801116.7756038,1789801116.7819576,6.74,0,6.74,pass,,read_secondary,"{""background_write_acknowledged"": true, ""reads"": [{""version"": 424, ""max_seen_before"": 423, ""violation"": false}, {""version"": 424, ""max_seen_before"": 424, ""violation"": false}]}"
20260919T065825Z_a37af91d,425,fault,1789801116.782763,1789801116.7892554,6.967,0,6.967,pass,,read_secondary,"{""background_write_acknowledged"": true, ""reads"": [{""version"": 425, ""max_seen_before"": 424, ""violation"": false}, {""version"": 425, ""max_seen_before"": 425, ""violation"": false}]}"
20260919T065825Z_a37af91d,426,fault,1789801116.7892554,1789801116.7971876,7.455,0,7.455,pass,,read_secondary,"{""background_write_acknowledged"": true, ""reads"": [{""version"": 426, ""max_seen_before"": 425, ""violation"": false}, {""version"": 426, ""max_seen_before"": 426, ""violation"": false}]}"
20260919T065825Z_a37af91d,427,fault,1789801116.7971876,1789801116.8053634,8.241,0,8.241,pass,,read_secondary,"{""background_write_acknowledged"": true, ""reads"": [{""version"": 427, ""max_seen_before"": 426, ""violation"": false}, {""version"": 427, ""max_seen_before"": 427, ""violation"": false}]}"
20260919T065825Z_a37af91d,428,fault,1789801116.8053634,1789801116.8132877,7.649,0,7.649,pass,,read_secondary,"{""background_write_acknowledged"": true, ""reads"": [{""version"": 428, ""max_seen_before"": 427, ""violation"": false}, {""version"": 428, ""max_seen_before"": 428, ""violation"": false}]}"
20260919T065825Z_a37af91d,429,fault,1789801116.8132877,1789801116.8215308,8.61,0,8.61,pass,,read_secondary,"{""background_write_acknowledged"": true, ""reads"": [{""version"": 429, ""max_seen_before"": 428, ""violation"": false}, {""version"": 429, ""max_seen_before"": 429, ""violation"": false}]}"
20260919T065825Z_a37af91d,430,fault,1789801116.8215308,1789801116.8293111,7.681,0,7.681,pass,,read_secondary,"{""background_write_acknowledged"": true, ""reads"": [{""version"": 430, ""max_seen_before"": 429, ""violation"": false}, {""version"": 430, ""max_seen_before"": 430, ""violation"": false}]}"
20260919T065825Z_a37af91d,431,fault,1789801116.8293111,1789801116.8372655,7.895,0,7.895,pass,,read_secondary,"{""background_write_acknowledged"": true, ""reads"": [{""version"": 431, ""max_seen_before"": 430, ""violation"": false}, {""version"": 431, ""max_seen_before"": 431, ""violation"": false}]}"
20260919T065825Z_a37af91d,432,fault,1789801116.8372655,1789801116.8450048,7.818,0,7.818,pass,,read_secondary,"{""background_write_acknowledged"": true, ""reads"": [{""version"": 432, ""max_seen_before"": 431, ""violation"": false}, {""version"": 432, ""max_seen_before"": 432, ""violation"": false}]}"
20260919T065825Z_a37af91d,433,fault,1789801116.8450048,1789801116.8547156,9.468,0,9.468,pass,,read_secondary,"{""background_write_acknowledged"": true, ""reads"": [{""version"": 433, ""max_seen_before"": 432, ""violation"": false}, {""version"": 433, ""max_seen_before"": 433, ""violation"": false}]}"
20260919T065825Z_a37af91d,434,fault,1789801116.8552861,1789801116.862677,7.777,0,7.777,pass,,read_secondary,"{""background_write_acknowledged"": true, ""reads"": [{""version"": 434, ""max_seen_before"": 433, ""violation"": false}, {""version"": 434, ""max_seen_before"": 434, ""violation"": false}]}"
20260919T065825Z_a37af91d,435,fault,1789801116.862677,1789801116.8714757,8.598,0,8.598,pass,,read_secondary,"{""background_write_acknowledged"": true, ""reads"": [{""version"": 435, ""max_seen_before"": 434, ""violation"": false}, {""version"": 435, ""max_seen_before"": 435, ""violation"": false}]}"
20260919T065825Z_a37af91d,436,fault,1789801116.8714757,1789801116.879237,7.791,0,7.791,pass,,read_secondary,"{""background_write_acknowledged"": true, ""reads"": [{""version"": 436, ""max_seen_before"": 435, ""violation"": false}, {""version"": 436, ""max_seen_before"": 436, ""violation"": false}]}"
20260919T065825Z_a37af91d,437,fault,1789801116.879237,1789801116.8898206,10.245,0,10.245,pass,,read_secondary,"{""background_write_acknowledged"": true, ""reads"": [{""version"": 437, ""max_seen_before"": 436, ""violation"": false}, {""version"": 437, ""max_seen_before"": 437, ""violation"": false}]}"
20260919T065825Z_a37af91d,438,fault,1789801116.8898206,1789801116.9003673,10.8,0,10.8,pass,,read_secondary,"{""background_write_acknowledged"": true, ""reads"": [{""version"": 438, ""max_seen_before"": 437, ""violation"": false}, {""version"": 438, ""max_seen_before"": 438, ""violation"": false}]}"
20260919T065825Z_a37af91d,439,fault,1789801116.9009566,1789801116.9091418,8.8,0,8.8,pass,,read_secondary,"{""background_write_acknowledged"": true, ""reads"": [{""version"": 439, ""max_seen_before"": 438, ""violation"": false}, {""version"": 439, ""max_seen_before"": 439, ""violation"": false}]}"
20260919T065825Z_a37af91d,440,fault,1789801116.9091418,1789801116.9175406,7.973,0,7.973,pass,,read_secondary,"{""background_write_acknowledged"": true, ""reads"": [{""version"": 440, ""max_seen_before"": 439, ""violation"": false}, {""version"": 440, ""max_seen_before"": 440, ""violation"": false}]}"
20260919T065825Z_a37af91d,441,fault,1789801116.9175406,1789801116.9254398,7.892,0,7.892,pass,,read_secondary,"{""background_write_acknowledged"": true, ""reads"": [{""version"": 441, ""max_seen_before"": 440, ""violation"": false}, {""version"": 441, ""max_seen_before"": 441, ""violation"": false}]}"
20260919T065825Z_a37af91d,442,fault,1789801116.9254398,1789801116.9334738,8.09,0,8.09,pass,,read_secondary,"{""background_write_acknowledged"": true, ""reads"": [{""version"": 442, ""max_seen_before"": 441, ""violation"": false}, {""version"": 442, ""max_seen_before"": 442, ""violation"": false}]}"
20260919T065825Z_a37af91d,443,fault,1789801116.9334738,1789801116.9419122,7.917,0,7.917,pass,,read_secondary,"{""background_write_acknowledged"": true, ""reads"": [{""version"": 443, ""max_seen_before"": 442, ""violation"": false}, {""version"": 443, ""max_seen_before"": 443, ""violation"": false}]}"
20260919T065825Z_a37af91d,444,fault,1789801116.9419122,1789801116.9495027,7.773,0,7.773,pass,,read_secondary,"{""background_write_acknowledged"": true, ""reads"": [{""version"": 444, ""max_seen_before"": 443, ""violation"": false}, {""version"": 444, ""max_seen_before"": 444, ""violation"": false}]}"
20260919T065825Z_a37af91d,445,fault,1789801116.9495027,1789801116.9571397,7.852,0,7.852,pass,,read_secondary,"{""background_write_acknowledged"": true, ""reads"": [{""version"": 445, ""max_seen_before"": 444, ""violation"": false}, {""version"": 445, ""max_seen_before"": 445, ""violation"": false}]}"
20260919T065825Z_a37af91d,446,fault,1789801116.9578,1789801116.9651852,7.403,0,7.403,pass,,read_secondary,"{""background_write_acknowledged"": true, ""reads"": [{""version"": 446, ""max_seen_before"": 445, ""violation"": false}, {""version"": 446, ""max_seen_before"": 446, ""violation"": false}]}"
20260919T065825Z_a37af91d,447,fault,1789801116.9651852,1789801116.9742901,8.981,0,8.981,pass,,read_secondary,"{""background_write_acknowledged"": true, ""reads"": [{""version"": 447, ""max_seen_before"": 446, ""violation"": false}, {""version"": 447, ""max_seen_before"": 447, ""violation"": false}]}"
20260919T065825Z_a37af91d,448,fault,1789801116.9742901,1789801116.9819205,7.846,0,7.846,pass,,read_secondary,"{""background_write_acknowledged"": true, ""reads"": [{""version"": 448, ""max_seen_before"": 447, ""violation"": false}, {""version"": 448, ""max_seen_before"": 448, ""violation"": false}]}"
20260919T065825Z_a37af91d,449,fault,1789801116.9819205,1789801116.9931984,11.54,0,11.54,pass,,read_secondary,"{""background_write_acknowledged"": true, ""reads"": [{""version"": 449, ""max_seen_before"": 448, ""violation"": false}, {""version"": 449, ""max_seen_before"": 449, ""violation"": false}]}"
20260919T065825Z_a37af91d,450,fault,1789801116.9931984,1789801117.0057192,12.413,0,12.413,pass,,read_secondary,"{""background_write_acknowledged"": true, ""reads"": [{""version"": 450, ""max_seen_before"": 449, ""violation"": false}, {""version"": 450, ""max_seen_before"": 450, ""violation"": false}]}"
20260919T065825Z_a37af91d,451,fault,1789801117.0064387,1789801117.0179236,11.537,0,11.537,pass,,read_secondary,"{""background_write_acknowledged"": true, ""reads"": [{""version"": 451, ""max_seen_before"": 450, ""violation"": false}, {""version"": 451, ""max_seen_before"": 451, ""violation"": false}]}"
20260919T065825Z_a37af91d,452,fault,1789801117.0179236,1789801117.0283217,10.239,0,10.239,pass,,read_secondary,"{""background_write_acknowledged"": true, ""reads"": [{""version"": 452, ""max_seen_before"": 451, ""violation"": false}, {""version"": 452, ""max_seen_before"": 452, ""violation"": false}]}"
20260919T065825Z_a37af91d,453,fault,1789801117.0283217,1789801117.0380487,9.468,0,9.468,pass,,read_secondary,"{""background_write_acknowledged"": true, ""reads"": [{""version"": 453, ""max_seen_before"": 452, ""violation"": false}, {""version"": 453, ""max_seen_before"": 453, ""violation"": false}]}"
20260919T065825Z_a37af91d,454,fault,1789801117.0380487,1789801117.0471013,8.952,0,8.952,pass,,read_secondary,"{""background_write_acknowledged"": true, ""reads"": [{""version"": 454, ""max_seen_before"": 453, ""violation"": false}, {""version"": 454, ""max_seen_before"": 454, ""violation"": false}]}"
20260919T065825Z_a37af91d,455,fault,1789801117.0471013,1789801117.0565248,9.491,0,9.491,pass,,read_secondary,"{""background_write_acknowledged"": true, ""reads"": [{""version"": 455, ""max_seen_before"": 454, ""violation"": false}, {""version"": 455, ""max_seen_before"": 455, ""violation"": false}]}"
20260919T065825Z_a37af91d,456,fault,1789801117.0565248,1789801117.066228,9.842,0,9.842,pass,,read_secondary,"{""background_write_acknowledged"": true, ""reads"": [{""version"": 456, ""max_seen_before"": 455, ""violation"": false}, {""version"": 456, ""max_seen_before"": 456, ""violation"": false}]}"
20260919T065825Z_a37af91d,457,fault,1789801117.066228,1789801117.0749555,8.541,0,8.541,pass,,read_secondary,"{""background_write_acknowledged"": true, ""reads"": [{""version"": 457, ""max_seen_before"": 456, ""violation"": false}, {""version"": 457, ""max_seen_before"": 457, ""violation"": false}]}"
20260919T065825Z_a37af91d,458,fault,1789801117.0749555,1789801117.0840144,8.768,0,8.768,pass,,read_secondary,"{""background_write_acknowledged"": true, ""reads"": [{""version"": 458, ""max_seen_before"": 457, ""violation"": false}, {""version"": 458, ""max_seen_before"": 458, ""violation"": false}]}"
20260919T065825Z_a37af91d,459,fault,1789801117.0840144,1789801117.0921285,8.209,0,8.209,pass,,read_secondary,"{""background_write_acknowledged"": true, ""reads"": [{""version"": 459, ""max_seen_before"": 458, ""violation"": false}, {""version"": 459, ""max_seen_before"": 459, ""violation"": false}]}"
20260919T065825Z_a37af91d,460,fault,1789801117.0921285,1789801117.1022823,9.944,0,9.944,pass,,read_secondary,"{""background_write_acknowledged"": true, ""reads"": [{""version"": 460, ""max_seen_before"": 459, ""violation"": false}, {""version"": 460, ""max_seen_before"": 460, ""violation"": false}]}"
20260919T065825Z_a37af91d,461,fault,1789801117.1022823,1789801117.1125736,10.226,0,10.226,pass,,read_secondary,"{""background_write_acknowledged"": true, ""reads"": [{""version"": 461, ""max_seen_before"": 460, ""violation"": false}, {""version"": 461, ""max_seen_before"": 461, ""violation"": false}]}"
20260919T065825Z_a37af91d,462,fault,1789801117.1125736,1789801117.1217675,9.356,0,9.356,pass,,read_secondary,"{""background_write_acknowledged"": true, ""reads"": [{""version"": 462, ""max_seen_before"": 461, ""violation"": false}, {""version"": 462, ""max_seen_before"": 462, ""violation"": false}]}"
20260919T065825Z_a37af91d,463,fault,1789801117.1217675,1789801117.1318629,9.596,0,9.596,pass,,read_secondary,"{""background_write_acknowledged"": true, ""reads"": [{""version"": 463, ""max_seen_before"": 462, ""violation"": false}, {""version"": 463, ""max_seen_before"": 463, ""violation"": false}]}"
20260919T065825Z_a37af91d,464,fault,1789801117.1318629,1789801117.141912,10.408,0,10.408,pass,,read_secondary,"{""background_write_acknowledged"": true, ""reads"": [{""version"": 464, ""max_seen_before"": 463, ""violation"": false}, {""version"": 464, ""max_seen_before"": 464, ""violation"": false}]}"
20260919T065825Z_a37af91d,465,fault,1789801117.141912,1789801117.1512241,8.667,0,8.667,pass,,read_secondary,"{""background_write_acknowledged"": true, ""reads"": [{""version"": 465, ""max_seen_before"": 464, ""violation"": false}, {""version"": 465, ""max_seen_before"": 465, ""violation"": false}]}"
20260919T065825Z_a37af91d,466,fault,1789801117.1512241,1789801117.1593125,8.22,0,8.22,pass,,read_secondary,"{""background_write_acknowledged"": true, ""reads"": [{""version"": 466, ""max_seen_before"": 465, ""violation"": false}, {""version"": 466, ""max_seen_before"": 466, ""violation"": false}]}"
20260919T065825Z_a37af91d,467,fault,1789801117.1593125,1789801117.167606,8.486,0,8.486,pass,,read_secondary,"{""background_write_acknowledged"": true, ""reads"": [{""version"": 467, ""max_seen_before"": 466, ""violation"": false}, {""version"": 467, ""max_seen_before"": 467, ""violation"": false}]}"
20260919T065825Z_a37af91d,468,fault,1789801117.1681366,1789801117.1775036,9.352,0,9.352,pass,,read_secondary,"{""background_write_acknowledged"": true, ""reads"": [{""version"": 468, ""max_seen_before"": 467, ""violation"": false}, {""version"": 468, ""max_seen_before"": 468, ""violation"": false}]}"
20260919T065825Z_a37af91d,469,fault,1789801117.1775036,1789801117.1877573,10.121,0,10.121,pass,,read_secondary,"{""background_write_acknowledged"": true, ""reads"": [{""version"": 469, ""max_seen_before"": 468, ""violation"": false}, {""version"": 469, ""max_seen_before"": 469, ""violation"": false}]}"
20260919T065825Z_a37af91d,470,fault,1789801117.1877573,1789801117.197677,9.822,0,9.822,pass,,read_secondary,"{""background_write_acknowledged"": true, ""reads"": [{""version"": 470, ""max_seen_before"": 469, ""violation"": false}, {""version"": 470, ""max_seen_before"": 470, ""violation"": false}]}"
20260919T065825Z_a37af91d,471,fault,1789801117.197677,1789801117.2064002,8.71,0,8.71,pass,,read_secondary,"{""background_write_acknowledged"": true, ""reads"": [{""version"": 471, ""max_seen_before"": 470, ""violation"": false}, {""version"": 471, ""max_seen_before"": 471, ""violation"": false}]}"
20260919T065825Z_a37af91d,472,fault,1789801117.2064002,1789801117.2149568,8.355,0,8.355,pass,,read_secondary,"{""background_write_acknowledged"": true, ""reads"": [{""version"": 472, ""max_seen_before"": 471, ""violation"": false}, {""version"": 472, ""max_seen_before"": 472, ""violation"": false}]}"
20260919T065825Z_a37af91d,473,fault,1789801117.2149568,1789801117.2237458,9.329,0,9.329,pass,,read_secondary,"{""background_write_acknowledged"": true, ""reads"": [{""version"": 473, ""max_seen_before"": 472, ""violation"": false}, {""version"": 473, ""max_seen_before"": 473, ""violation"": false}]}"
20260919T065825Z_a37af91d,474,fault,1789801117.2244115,1789801117.2325387,8.309,0,8.309,pass,,read_secondary,"{""background_write_acknowledged"": true, ""reads"": [{""version"": 474, ""max_seen_before"": 473, ""violation"": false}, {""version"": 474, ""max_seen_before"": 474, ""violation"": false}]}"
20260919T065825Z_a37af91d,475,fault,1789801117.2325387,1789801117.2411144,8.618,0,8.618,pass,,read_secondary,"{""background_write_acknowledged"": true, ""reads"": [{""version"": 475, ""max_seen_before"": 474, ""violation"": false}, {""version"": 475, ""max_seen_before"": 475, ""violation"": false}]}"
20260919T065825Z_a37af91d,476,fault,1789801117.2411144,1789801117.250449,8.949,0,8.949,pass,,read_secondary,"{""background_write_acknowledged"": true, ""reads"": [{""version"": 476, ""max_seen_before"": 475, ""violation"": false}, {""version"": 476, ""max_seen_before"": 476, ""violation"": false}]}"
20260919T065825Z_a37af91d,477,fault,1789801117.250449,1789801117.261171,10.714,0,10.714,pass,,read_secondary,"{""background_write_acknowledged"": true, ""reads"": [{""version"": 477, ""max_seen_before"": 476, ""violation"": false}, {""version"": 477, ""max_seen_before"": 477, ""violation"": false}]}"
20260919T065825Z_a37af91d,478,fault,1789801117.261171,1789801117.2719548,10.35,0,10.35,pass,,read_secondary,"{""background_write_acknowledged"": true, ""reads"": [{""version"": 478, ""max_seen_before"": 477, ""violation"": false}, {""version"": 478, ""max_seen_before"": 478, ""violation"": false}]}"
20260919T065825Z_a37af91d,479,fault,1789801117.2719548,1789801117.2821946,10.437,0,10.437,pass,,read_secondary,"{""background_write_acknowledged"": true, ""reads"": [{""version"": 479, ""max_seen_before"": 478, ""violation"": false}, {""version"": 479, ""max_seen_before"": 479, ""violation"": false}]}"
20260919T065825Z_a37af91d,480,fault,1789801117.2821946,1789801117.2934232,11.026,0,11.026,pass,,read_secondary,"{""background_write_acknowledged"": true, ""reads"": [{""version"": 480, ""max_seen_before"": 479, ""violation"": false}, {""version"": 480, ""max_seen_before"": 480, ""violation"": false}]}"
20260919T065825Z_a37af91d,481,fault,1789801117.2934232,1789801117.3020315,8.699,0,8.699,pass,,read_secondary,"{""background_write_acknowledged"": true, ""reads"": [{""version"": 481, ""max_seen_before"": 480, ""violation"": false}, {""version"": 481, ""max_seen_before"": 481, ""violation"": false}]}"
20260919T065825Z_a37af91d,482,fault,1789801117.3025374,1789801117.3126624,10.022,0,10.022,pass,,read_secondary,"{""background_write_acknowledged"": true, ""reads"": [{""version"": 482, ""max_seen_before"": 481, ""violation"": false}, {""version"": 482, ""max_seen_before"": 482, ""violation"": false}]}"
20260919T065825Z_a37af91d,483,fault,1789801117.3126624,1789801117.3224247,9.753,0,9.753,pass,,read_secondary,"{""background_write_acknowledged"": true, ""reads"": [{""version"": 483, ""max_seen_before"": 482, ""violation"": false}, {""version"": 483, ""max_seen_before"": 483, ""violation"": false}]}"
20260919T065825Z_a37af91d,484,fault,1789801117.3224247,1789801117.3322904,9.957,0,9.957,pass,,read_secondary,"{""background_write_acknowledged"": true, ""reads"": [{""version"": 484, ""max_seen_before"": 483, ""violation"": false}, {""version"": 484, ""max_seen_before"": 484, ""violation"": false}]}"
20260919T065825Z_a37af91d,485,fault,1789801117.3322904,1789801117.3421516,9.722,0,9.722,pass,,read_secondary,"{""background_write_acknowledged"": true, ""reads"": [{""version"": 485, ""max_seen_before"": 484, ""violation"": false}, {""version"": 485, ""max_seen_before"": 485, ""violation"": false}]}"
20260919T065825Z_a37af91d,486,fault,1789801117.3421516,1789801117.3532996,11.09,0,11.09,pass,,read_secondary,"{""background_write_acknowledged"": true, ""reads"": [{""version"": 486, ""max_seen_before"": 485, ""violation"": false}, {""version"": 486, ""max_seen_before"": 486, ""violation"": false}]}"
20260919T065825Z_a37af91d,487,fault,1789801117.3532996,1789801117.3629673,9.328,0,9.328,pass,,read_secondary,"{""background_write_acknowledged"": true, ""reads"": [{""version"": 487, ""max_seen_before"": 486, ""violation"": false}, {""version"": 487, ""max_seen_before"": 487, ""violation"": false}]}"
20260919T065825Z_a37af91d,488,fault,1789801117.3629673,1789801117.3719676,8.923,0,8.923,pass,,read_secondary,"{""background_write_acknowledged"": true, ""reads"": [{""version"": 488, ""max_seen_before"": 487, ""violation"": false}, {""version"": 488, ""max_seen_before"": 488, ""violation"": false}]}"
20260919T065825Z_a37af91d,489,fault,1789801117.3719676,1789801117.381553,9.744,0,9.744,pass,,read_secondary,"{""background_write_acknowledged"": true, ""reads"": [{""version"": 489, ""max_seen_before"": 488, ""violation"": false}, {""version"": 489, ""max_seen_before"": 489, ""violation"": false}]}"
20260919T065825Z_a37af91d,490,fault,1789801117.381553,1789801117.3896732,8.193,0,8.193,pass,,read_secondary,"{""background_write_acknowledged"": true, ""reads"": [{""version"": 490, ""max_seen_before"": 489, ""violation"": false}, {""version"": 490, ""max_seen_before"": 490, ""violation"": false}]}"
20260919T065825Z_a37af91d,491,fault,1789801117.3902578,1789801117.3979578,8.148,0,8.148,pass,,read_secondary,"{""background_write_acknowledged"": true, ""reads"": [{""version"": 491, ""max_seen_before"": 490, ""violation"": false}, {""version"": 491, ""max_seen_before"": 491, ""violation"": false}]}"
20260919T065825Z_a37af91d,492,fault,1789801117.3979578,1789801117.4061396,7.627,0,7.627,pass,,read_secondary,"{""background_write_acknowledged"": true, ""reads"": [{""version"": 492, ""max_seen_before"": 491, ""violation"": false}, {""version"": 492, ""max_seen_before"": 492, ""violation"": false}]}"
20260919T065825Z_a37af91d,493,fault,1789801117.4061396,1789801117.4135344,7.352,0,7.352,pass,,read_secondary,"{""background_write_acknowledged"": true, ""reads"": [{""version"": 493, ""max_seen_before"": 492, ""violation"": false}, {""version"": 493, ""max_seen_before"": 493, ""violation"": false}]}"
20260919T065825Z_a37af91d,494,fault,1789801117.4135344,1789801117.4206433,7.376,0,7.376,pass,,read_secondary,"{""background_write_acknowledged"": true, ""reads"": [{""version"": 494, ""max_seen_before"": 493, ""violation"": false}, {""version"": 494, ""max_seen_before"": 494, ""violation"": false}]}"
20260919T065825Z_a37af91d,495,fault,1789801117.4206433,1789801117.428251,7.581,0,7.581,pass,,read_secondary,"{""background_write_acknowledged"": true, ""reads"": [{""version"": 495, ""max_seen_before"": 494, ""violation"": false}, {""version"": 495, ""max_seen_before"": 495, ""violation"": false}]}"
20260919T065825Z_a37af91d,496,fault,1789801117.428251,1789801117.4364388,7.707,0,7.707,pass,,read_secondary,"{""background_write_acknowledged"": true, ""reads"": [{""version"": 496, ""max_seen_before"": 495, ""violation"": false}, {""version"": 496, ""max_seen_before"": 496, ""violation"": false}]}"
20260919T065825Z_a37af91d,497,fault,1789801117.4364388,1789801117.443331,7.04,0,7.04,pass,,read_secondary,"{""background_write_acknowledged"": true, ""reads"": [{""version"": 497, ""max_seen_before"": 496, ""violation"": false}, {""version"": 497, ""max_seen_before"": 497, ""violation"": false}]}"
20260919T065825Z_a37af91d,498,fault,1789801117.443331,1789801117.4506752,7.291,0,7.291,pass,,read_secondary,"{""background_write_acknowledged"": true, ""reads"": [{""version"": 498, ""max_seen_before"": 497, ""violation"": false}, {""version"": 498, ""max_seen_before"": 498, ""violation"": false}]}"
20260919T065825Z_a37af91d,499,fault,1789801117.4506752,1789801117.4585357,7.657,0,7.657,pass,,read_secondary,"{""background_write_acknowledged"": true, ""reads"": [{""version"": 499, ""max_seen_before"": 498, ""violation"": false}, {""version"": 499, ""max_seen_before"": 499, ""violation"": false}]}"
20260919T065825Z_a37af91d,500,fault,1789801117.4585357,1789801117.4657829,7.363,0,7.363,pass,,read_secondary,"{""background_write_acknowledged"": true, ""reads"": [{""version"": 500, ""max_seen_before"": 499, ""violation"": false}, {""version"": 500, ""max_seen_before"": 500, ""violation"": false}]}"
20260919T065825Z_a37af91d,501,fault,1789801117.468863,1789801117.476935,7.839,0,7.839,pass,,read_secondary,"{""background_write_acknowledged"": true, ""reads"": [{""version"": 501, ""max_seen_before"": 500, ""violation"": false}, {""version"": 501, ""max_seen_before"": 501, ""violation"": false}]}"
20260919T065825Z_a37af91d,502,fault,1789801117.476935,1789801117.4854457,8.868,0,8.868,pass,,read_secondary,"{""background_write_acknowledged"": true, ""reads"": [{""version"": 502, ""max_seen_before"": 501, ""violation"": false}, {""version"": 502, ""max_seen_before"": 502, ""violation"": false}]}"
20260919T065825Z_a37af91d,503,fault,1789801117.4854457,1789801117.493003,7.387,0,7.387,pass,,read_secondary,"{""background_write_acknowledged"": true, ""reads"": [{""version"": 503, ""max_seen_before"": 502, ""violation"": false}, {""version"": 503, ""max_seen_before"": 503, ""violation"": false}]}"
20260919T065825Z_a37af91d,504,fault,1789801117.493003,1789801117.5016963,8.572,0,8.572,pass,,read_secondary,"{""background_write_acknowledged"": true, ""reads"": [{""version"": 504, ""max_seen_before"": 503, ""violation"": false}, {""version"": 504, ""max_seen_before"": 504, ""violation"": false}]}"
20260919T065825Z_a37af91d,505,fault,1789801117.5016963,1789801117.5096478,7.651,0,7.651,pass,,read_secondary,"{""background_write_acknowledged"": true, ""reads"": [{""version"": 505, ""max_seen_before"": 504, ""violation"": false}, {""version"": 505, ""max_seen_before"": 505, ""violation"": false}]}"
20260919T065825Z_a37af91d,506,fault,1789801117.5096478,1789801117.518491,8.947,0,8.947,pass,,read_secondary,"{""background_write_acknowledged"": true, ""reads"": [{""version"": 506, ""max_seen_before"": 505, ""violation"": false}, {""version"": 506, ""max_seen_before"": 506, ""violation"": false}]}"
20260919T065825Z_a37af91d,507,fault,1789801117.518491,1789801117.5291843,10.548,0,10.548,pass,,read_secondary,"{""background_write_acknowledged"": true, ""reads"": [{""version"": 507, ""max_seen_before"": 506, ""violation"": false}, {""version"": 507, ""max_seen_before"": 507, ""violation"": false}]}"
20260919T065825Z_a37af91d,508,fault,1789801117.5291843,1789801117.5392046,10.23,0,10.23,pass,,read_secondary,"{""background_write_acknowledged"": true, ""reads"": [{""version"": 508, ""max_seen_before"": 507, ""violation"": false}, {""version"": 508, ""max_seen_before"": 508, ""violation"": false}]}"
20260919T065825Z_a37af91d,509,fault,1789801117.5392046,1789801117.55212,12.77,0,12.77,pass,,read_secondary,"{""background_write_acknowledged"": true, ""reads"": [{""version"": 509, ""max_seen_before"": 508, ""violation"": false}, {""version"": 509, ""max_seen_before"": 509, ""violation"": false}]}"
20260919T065825Z_a37af91d,510,fault,1789801117.55212,1789801117.5631268,10.53,0,10.53,pass,,read_secondary,"{""background_write_acknowledged"": true, ""reads"": [{""version"": 510, ""max_seen_before"": 509, ""violation"": false}, {""version"": 510, ""max_seen_before"": 510, ""violation"": false}]}"
20260919T065825Z_a37af91d,511,fault,1789801117.5631268,1789801117.572576,9.338,0,9.338,pass,,read_secondary,"{""background_write_acknowledged"": true, ""reads"": [{""version"": 511, ""max_seen_before"": 510, ""violation"": false}, {""version"": 511, ""max_seen_before"": 511, ""violation"": false}]}"
20260919T065825Z_a37af91d,512,fault,1789801117.572576,1789801117.5814214,9.152,0,9.152,pass,,read_secondary,"{""background_write_acknowledged"": true, ""reads"": [{""version"": 512, ""max_seen_before"": 511, ""violation"": false}, {""version"": 512, ""max_seen_before"": 512, ""violation"": false}]}"
20260919T065825Z_a37af91d,513,fault,1789801117.5814214,1789801117.5928013,11.283,0,11.283,pass,,read_secondary,"{""background_write_acknowledged"": true, ""reads"": [{""version"": 513, ""max_seen_before"": 512, ""violation"": false}, {""version"": 513, ""max_seen_before"": 513, ""violation"": false}]}"
20260919T065825Z_a37af91d,514,fault,1789801117.593375,1789801117.604016,11.172,0,11.172,pass,,read_secondary,"{""background_write_acknowledged"": true, ""reads"": [{""version"": 514, ""max_seen_before"": 513, ""violation"": false}, {""version"": 514, ""max_seen_before"": 514, ""violation"": false}]}"
20260919T065825Z_a37af91d,515,fault,1789801117.6046376,1789801117.6132293,9.03,0,9.03,pass,,read_secondary,"{""background_write_acknowledged"": true, ""reads"": [{""version"": 515, ""max_seen_before"": 514, ""violation"": false}, {""version"": 515, ""max_seen_before"": 515, ""violation"": false}]}"
20260919T065825Z_a37af91d,516,fault,1789801117.6132293,1789801117.6244357,10.816,0,10.816,pass,,read_secondary,"{""background_write_acknowledged"": true, ""reads"": [{""version"": 516, ""max_seen_before"": 515, ""violation"": false}, {""version"": 516, ""max_seen_before"": 516, ""violation"": false}]}"
20260919T065825Z_a37af91d,517,fault,1789801117.6244357,1789801117.6377914,13.05,0,13.05,pass,,read_secondary,"{""background_write_acknowledged"": true, ""reads"": [{""version"": 517, ""max_seen_before"": 516, ""violation"": false}, {""version"": 517, ""max_seen_before"": 517, ""violation"": false}]}"
20260919T065825Z_a37af91d,518,fault,1789801117.6377914,1789801117.6487389,11.314,0,11.314,pass,,read_secondary,"{""background_write_acknowledged"": true, ""reads"": [{""version"": 518, ""max_seen_before"": 517, ""violation"": false}, {""version"": 518, ""max_seen_before"": 518, ""violation"": false}]}"
20260919T065825Z_a37af91d,519,fault,1789801117.6493282,1789801117.6587238,9.584,0,9.584,pass,,read_secondary,"{""background_write_acknowledged"": true, ""reads"": [{""version"": 519, ""max_seen_before"": 518, ""violation"": false}, {""version"": 519, ""max_seen_before"": 519, ""violation"": false}]}"
20260919T065825Z_a37af91d,520,fault,1789801117.6587238,1789801117.6670554,8.47,0,8.47,pass,,read_secondary,"{""background_write_acknowledged"": true, ""reads"": [{""version"": 520, ""max_seen_before"": 519, ""violation"": false}, {""version"": 520, ""max_seen_before"": 520, ""violation"": false}]}"
20260919T065825Z_a37af91d,521,fault,1789801117.6676385,1789801117.6752028,8.034,0,8.034,pass,,read_secondary,"{""background_write_acknowledged"": true, ""reads"": [{""version"": 521, ""max_seen_before"": 520, ""violation"": false}, {""version"": 521, ""max_seen_before"": 521, ""violation"": false}]}"
20260919T065825Z_a37af91d,522,fault,1789801117.6752028,1789801117.6844726,9.242,0,9.242,pass,,read_secondary,"{""background_write_acknowledged"": true, ""reads"": [{""version"": 522, ""max_seen_before"": 521, ""violation"": false}, {""version"": 522, ""max_seen_before"": 522, ""violation"": false}]}"
20260919T065825Z_a37af91d,523,fault,1789801117.6850145,1789801117.6930985,8.494,0,8.494,pass,,read_secondary,"{""background_write_acknowledged"": true, ""reads"": [{""version"": 523, ""max_seen_before"": 522, ""violation"": false}, {""version"": 523, ""max_seen_before"": 523, ""violation"": false}]}"
20260919T065825Z_a37af91d,524,fault,1789801117.6930985,1789801117.7019665,8.833,0,8.833,pass,,read_secondary,"{""background_write_acknowledged"": true, ""reads"": [{""version"": 524, ""max_seen_before"": 523, ""violation"": false}, {""version"": 524, ""max_seen_before"": 524, ""violation"": false}]}"
20260919T065825Z_a37af91d,525,fault,1789801117.7019665,1789801117.7115154,9.144,0,9.144,pass,,read_secondary,"{""background_write_acknowledged"": true, ""reads"": [{""version"": 525, ""max_seen_before"": 524, ""violation"": false}, {""version"": 525, ""max_seen_before"": 525, ""violation"": false}]}"
20260919T065825Z_a37af91d,526,fault,1789801117.7115154,1789801117.72046,8.956,0,8.956,pass,,read_secondary,"{""background_write_acknowledged"": true, ""reads"": [{""version"": 526, ""max_seen_before"": 525, ""violation"": false}, {""version"": 526, ""max_seen_before"": 526, ""violation"": false}]}"
20260919T065825Z_a37af91d,527,fault,1789801117.72046,1789801117.728458,7.971,0,7.971,pass,,read_secondary,"{""background_write_acknowledged"": true, ""reads"": [{""version"": 527, ""max_seen_before"": 526, ""violation"": false}, {""version"": 527, ""max_seen_before"": 527, ""violation"": false}]}"
20260919T065825Z_a37af91d,528,fault,1789801117.728458,1789801117.7352226,7.054,0,7.054,pass,,read_secondary,"{""background_write_acknowledged"": true, ""reads"": [{""version"": 528, ""max_seen_before"": 527, ""violation"": false}, {""version"": 528, ""max_seen_before"": 528, ""violation"": false}]}"
20260919T065825Z_a37af91d,529,fault,1789801117.73589,1789801117.7436285,7.938,0,7.938,pass,,read_secondary,"{""background_write_acknowledged"": true, ""reads"": [{""version"": 529, ""max_seen_before"": 528, ""violation"": false}, {""version"": 529, ""max_seen_before"": 529, ""violation"": false}]}"
20260919T065825Z_a37af91d,530,fault,1789801117.7436285,1789801117.7513788,7.647,0,7.647,pass,,read_secondary,"{""background_write_acknowledged"": true, ""reads"": [{""version"": 530, ""max_seen_before"": 529, ""violation"": false}, {""version"": 530, ""max_seen_before"": 530, ""violation"": false}]}"
20260919T065825Z_a37af91d,531,fault,1789801117.7513788,1789801117.760714,9.577,0,9.577,pass,,read_secondary,"{""background_write_acknowledged"": true, ""reads"": [{""version"": 531, ""max_seen_before"": 530, ""violation"": false}, {""version"": 531, ""max_seen_before"": 531, ""violation"": false}]}"
20260919T065825Z_a37af91d,532,fault,1789801117.760714,1789801117.768197,7.077,0,7.077,pass,,read_secondary,"{""background_write_acknowledged"": true, ""reads"": [{""version"": 532, ""max_seen_before"": 531, ""violation"": false}, {""version"": 532, ""max_seen_before"": 532, ""violation"": false}]}"
20260919T065825Z_a37af91d,533,fault,1789801117.768197,1789801117.777215,9.417,0,9.417,pass,,read_secondary,"{""background_write_acknowledged"": true, ""reads"": [{""version"": 533, ""max_seen_before"": 532, ""violation"": false}, {""version"": 533, ""max_seen_before"": 533, ""violation"": false}]}"
20260919T065825Z_a37af91d,534,fault,1789801117.7779958,1789801117.78943,11.461,0,11.461,pass,,read_secondary,"{""background_write_acknowledged"": true, ""reads"": [{""version"": 534, ""max_seen_before"": 533, ""violation"": false}, {""version"": 534, ""max_seen_before"": 534, ""violation"": false}]}"
20260919T065825Z_a37af91d,535,fault,1789801117.78943,1789801117.8002498,10.734,0,10.734,pass,,read_secondary,"{""background_write_acknowledged"": true, ""reads"": [{""version"": 535, ""max_seen_before"": 534, ""violation"": false}, {""version"": 535, ""max_seen_before"": 535, ""violation"": false}]}"
20260919T065825Z_a37af91d,536,fault,1789801117.8002498,1789801117.8120883,11.685,0,11.685,pass,,read_secondary,"{""background_write_acknowledged"": true, ""reads"": [{""version"": 536, ""max_seen_before"": 535, ""violation"": false}, {""version"": 536, ""max_seen_before"": 536, ""violation"": false}]}"
20260919T065825Z_a37af91d,537,fault,1789801117.8120883,1789801117.821039,9.018,0,9.018,pass,,read_secondary,"{""background_write_acknowledged"": true, ""reads"": [{""version"": 537, ""max_seen_before"": 536, ""violation"": false}, {""version"": 537, ""max_seen_before"": 537, ""violation"": false}]}"
20260919T065825Z_a37af91d,538,fault,1789801117.821039,1789801117.8293366,8.078,0,8.078,pass,,read_secondary,"{""background_write_acknowledged"": true, ""reads"": [{""version"": 538, ""max_seen_before"": 537, ""violation"": false}, {""version"": 538, ""max_seen_before"": 538, ""violation"": false}]}"
20260919T065825Z_a37af91d,539,fault,1789801117.8293366,1789801117.8380423,9.132,0,9.132,pass,,read_secondary,"{""background_write_acknowledged"": true, ""reads"": [{""version"": 539, ""max_seen_before"": 538, ""violation"": false}, {""version"": 539, ""max_seen_before"": 539, ""violation"": false}]}"
20260919T065825Z_a37af91d,540,fault,1789801117.8380423,1789801117.8482199,9.748,0,9.748,pass,,read_secondary,"{""background_write_acknowledged"": true, ""reads"": [{""version"": 540, ""max_seen_before"": 539, ""violation"": false}, {""version"": 540, ""max_seen_before"": 540, ""violation"": false}]}"
20260919T065825Z_a37af91d,541,fault,1789801117.8482199,1789801117.8567626,8.513,0,8.513,pass,,read_secondary,"{""background_write_acknowledged"": true, ""reads"": [{""version"": 541, ""max_seen_before"": 540, ""violation"": false}, {""version"": 541, ""max_seen_before"": 541, ""violation"": false}]}"
20260919T065825Z_a37af91d,542,fault,1789801117.8567626,1789801117.866251,9.215,0,9.215,pass,,read_secondary,"{""background_write_acknowledged"": true, ""reads"": [{""version"": 542, ""max_seen_before"": 541, ""violation"": false}, {""version"": 542, ""max_seen_before"": 542, ""violation"": false}]}"
20260919T065825Z_a37af91d,543,fault,1789801117.866251,1789801117.8748186,8.379,0,8.379,pass,,read_secondary,"{""background_write_acknowledged"": true, ""reads"": [{""version"": 543, ""max_seen_before"": 542, ""violation"": false}, {""version"": 543, ""max_seen_before"": 543, ""violation"": false}]}"
20260919T065825Z_a37af91d,544,fault,1789801117.8748186,1789801117.8857927,10.888,0,10.888,pass,,read_secondary,"{""background_write_acknowledged"": true, ""reads"": [{""version"": 544, ""max_seen_before"": 543, ""violation"": false}, {""version"": 544, ""max_seen_before"": 544, ""violation"": false}]}"
20260919T065825Z_a37af91d,545,fault,1789801117.8857927,1789801117.897977,12.109,0,12.109,pass,,read_secondary,"{""background_write_acknowledged"": true, ""reads"": [{""version"": 545, ""max_seen_before"": 544, ""violation"": false}, {""version"": 545, ""max_seen_before"": 545, ""violation"": false}]}"
20260919T065825Z_a37af91d,546,fault,1789801117.897977,1789801117.9078243,9.824,0,9.824,pass,,read_secondary,"{""background_write_acknowledged"": true, ""reads"": [{""version"": 546, ""max_seen_before"": 545, ""violation"": false}, {""version"": 546, ""max_seen_before"": 546, ""violation"": false}]}"
20260919T065825Z_a37af91d,547,fault,1789801117.9078243,1789801117.9188738,11.246,0,11.246,pass,,read_secondary,"{""background_write_acknowledged"": true, ""reads"": [{""version"": 547, ""max_seen_before"": 546, ""violation"": false}, {""version"": 547, ""max_seen_before"": 547, ""violation"": false}]}"
20260919T065825Z_a37af91d,548,fault,1789801117.9194522,1789801117.930016,10.777,0,10.777,pass,,read_secondary,"{""background_write_acknowledged"": true, ""reads"": [{""version"": 548, ""max_seen_before"": 547, ""violation"": false}, {""version"": 548, ""max_seen_before"": 548, ""violation"": false}]}"
20260919T065825Z_a37af91d,549,fault,1789801117.930016,1789801117.9393635,9.368,0,9.368,pass,,read_secondary,"{""background_write_acknowledged"": true, ""reads"": [{""version"": 549, ""max_seen_before"": 548, ""violation"": false}, {""version"": 549, ""max_seen_before"": 549, ""violation"": false}]}"
20260919T065825Z_a37af91d,550,fault,1789801117.9393635,1789801117.9502478,10.334,0,10.334,pass,,read_secondary,"{""background_write_acknowledged"": true, ""reads"": [{""version"": 550, ""max_seen_before"": 549, ""violation"": false}, {""version"": 550, ""max_seen_before"": 550, ""violation"": false}]}"
20260919T065825Z_a37af91d,551,fault,1789801117.9502478,1789801117.9631472,12.967,0,12.967,pass,,read_secondary,"{""background_write_acknowledged"": true, ""reads"": [{""version"": 551, ""max_seen_before"": 550, ""violation"": false}, {""version"": 551, ""max_seen_before"": 551, ""violation"": false}]}"
20260919T065825Z_a37af91d,552,fault,1789801117.9631472,1789801117.9805493,17.079,0,17.079,pass,,read_secondary,"{""background_write_acknowledged"": true, ""reads"": [{""version"": 552, ""max_seen_before"": 551, ""violation"": false}, {""version"": 552, ""max_seen_before"": 552, ""violation"": false}]}"
20260919T065825Z_a37af91d,553,fault,1789801117.9805493,1789801117.9919298,11.478,0,11.478,pass,,read_secondary,"{""background_write_acknowledged"": true, ""reads"": [{""version"": 553, ""max_seen_before"": 552, ""violation"": false}, {""version"": 553, ""max_seen_before"": 553, ""violation"": false}]}"
20260919T065825Z_a37af91d,554,fault,1789801117.9919298,1789801118.0016131,9.589,0,9.589,pass,,read_secondary,"{""background_write_acknowledged"": true, ""reads"": [{""version"": 554, ""max_seen_before"": 553, ""violation"": false}, {""version"": 554, ""max_seen_before"": 554, ""violation"": false}]}"
20260919T065825Z_a37af91d,555,fault,1789801118.0016131,1789801118.0156097,13.451,0,13.451,pass,,read_secondary,"{""background_write_acknowledged"": true, ""reads"": [{""version"": 555, ""max_seen_before"": 554, ""violation"": false}, {""version"": 555, ""max_seen_before"": 555, ""violation"": false}]}"
20260919T065825Z_a37af91d,556,fault,1789801118.0156097,1789801118.023864,8.659,0,8.659,pass,,read_secondary,"{""background_write_acknowledged"": true, ""reads"": [{""version"": 556, ""max_seen_before"": 555, ""violation"": false}, {""version"": 556, ""max_seen_before"": 556, ""violation"": false}]}"
20260919T065825Z_a37af91d,557,fault,1789801118.023864,1789801118.0335572,9.28,0,9.28,pass,,read_secondary,"{""background_write_acknowledged"": true, ""reads"": [{""version"": 557, ""max_seen_before"": 556, ""violation"": false}, {""version"": 557, ""max_seen_before"": 557, ""violation"": false}]}"
20260919T065825Z_a37af91d,558,fault,1789801118.0335572,1789801118.0423384,8.468,0,8.468,pass,,read_secondary,"{""background_write_acknowledged"": true, ""reads"": [{""version"": 558, ""max_seen_before"": 557, ""violation"": false}, {""version"": 558, ""max_seen_before"": 558, ""violation"": false}]}"
20260919T065825Z_a37af91d,559,fault,1789801118.0423384,1789801118.052187,10.364,0,10.364,pass,,read_secondary,"{""background_write_acknowledged"": true, ""reads"": [{""version"": 559, ""max_seen_before"": 558, ""violation"": false}, {""version"": 559, ""max_seen_before"": 559, ""violation"": false}]}"
20260919T065825Z_a37af91d,560,fault,1789801118.052187,1789801118.0615466,8.675,0,8.675,pass,,read_secondary,"{""background_write_acknowledged"": true, ""reads"": [{""version"": 560, ""max_seen_before"": 559, ""violation"": false}, {""version"": 560, ""max_seen_before"": 560, ""violation"": false}]}"
20260919T065825Z_a37af91d,561,fault,1789801118.0615466,1789801118.0707061,9.363,0,9.363,pass,,read_secondary,"{""background_write_acknowledged"": true, ""reads"": [{""version"": 561, ""max_seen_before"": 560, ""violation"": false}, {""version"": 561, ""max_seen_before"": 561, ""violation"": false}]}"
20260919T065825Z_a37af91d,562,fault,1789801118.0707061,1789801118.0824618,11.819,0,11.819,pass,,read_secondary,"{""background_write_acknowledged"": true, ""reads"": [{""version"": 562, ""max_seen_before"": 561, ""violation"": false}, {""version"": 562, ""max_seen_before"": 562, ""violation"": false}]}"
20260919T065825Z_a37af91d,563,fault,1789801118.0830908,1789801118.0924556,9.474,0,9.474,pass,,read_secondary,"{""background_write_acknowledged"": true, ""reads"": [{""version"": 563, ""max_seen_before"": 562, ""violation"": false}, {""version"": 563, ""max_seen_before"": 563, ""violation"": false}]}"
20260919T065825Z_a37af91d,564,fault,1789801118.0924556,1789801118.101258,8.743,0,8.743,pass,,read_secondary,"{""background_write_acknowledged"": true, ""reads"": [{""version"": 564, ""max_seen_before"": 563, ""violation"": false}, {""version"": 564, ""max_seen_before"": 564, ""violation"": false}]}"
20260919T065825Z_a37af91d,565,fault,1789801118.101258,1789801118.1101203,8.576,0,8.576,pass,,read_secondary,"{""background_write_acknowledged"": true, ""reads"": [{""version"": 565, ""max_seen_before"": 564, ""violation"": false}, {""version"": 565, ""max_seen_before"": 565, ""violation"": false}]}"
20260919T065825Z_a37af91d,566,fault,1789801118.1101203,1789801118.1186943,8.406,0,8.406,pass,,read_secondary,"{""background_write_acknowledged"": true, ""reads"": [{""version"": 566, ""max_seen_before"": 565, ""violation"": false}, {""version"": 566, ""max_seen_before"": 566, ""violation"": false}]}"
20260919T065825Z_a37af91d,567,fault,1789801118.1186943,1789801118.1295145,11.13,0,11.13,pass,,read_secondary,"{""background_write_acknowledged"": true, ""reads"": [{""version"": 567, ""max_seen_before"": 566, ""violation"": false}, {""version"": 567, ""max_seen_before"": 567, ""violation"": false}]}"
20260919T065825Z_a37af91d,568,fault,1789801118.1295145,1789801118.1391218,9.201,0,9.201,pass,,read_secondary,"{""background_write_acknowledged"": true, ""reads"": [{""version"": 568, ""max_seen_before"": 567, ""violation"": false}, {""version"": 568, ""max_seen_before"": 568, ""violation"": false}]}"
20260919T065825Z_a37af91d,569,fault,1789801118.1391218,1789801118.150213,11.485,0,11.485,pass,,read_secondary,"{""background_write_acknowledged"": true, ""reads"": [{""version"": 569, ""max_seen_before"": 568, ""violation"": false}, {""version"": 569, ""max_seen_before"": 569, ""violation"": false}]}"
20260919T065825Z_a37af91d,570,fault,1789801118.1509519,1789801118.1607969,10.038,0,10.038,pass,,read_secondary,"{""background_write_acknowledged"": true, ""reads"": [{""version"": 570, ""max_seen_before"": 569, ""violation"": false}, {""version"": 570, ""max_seen_before"": 570, ""violation"": false}]}"
20260919T065825Z_a37af91d,571,fault,1789801118.1607969,1789801118.170622,9.562,0,9.562,pass,,read_secondary,"{""background_write_acknowledged"": true, ""reads"": [{""version"": 571, ""max_seen_before"": 570, ""violation"": false}, {""version"": 571, ""max_seen_before"": 571, ""violation"": false}]}"
20260919T065825Z_a37af91d,572,fault,1789801118.170622,1789801118.1780674,7.509,0,7.509,pass,,read_secondary,"{""background_write_acknowledged"": true, ""reads"": [{""version"": 572, ""max_seen_before"": 571, ""violation"": false}, {""version"": 572, ""max_seen_before"": 572, ""violation"": false}]}"
20260919T065825Z_a37af91d,573,fault,1789801118.1780674,1789801118.185836,7.364,0,7.364,pass,,read_secondary,"{""background_write_acknowledged"": true, ""reads"": [{""version"": 573, ""max_seen_before"": 572, ""violation"": false}, {""version"": 573, ""max_seen_before"": 573, ""violation"": false}]}"
20260919T065825Z_a37af91d,574,fault,1789801118.185836,1789801118.1936133,8.048,0,8.048,pass,,read_secondary,"{""background_write_acknowledged"": true, ""reads"": [{""version"": 574, ""max_seen_before"": 573, ""violation"": false}, {""version"": 574, ""max_seen_before"": 574, ""violation"": false}]}"
20260919T065825Z_a37af91d,575,fault,1789801118.1936133,1789801118.2026503,9.042,0,9.042,pass,,read_secondary,"{""background_write_acknowledged"": true, ""reads"": [{""version"": 575, ""max_seen_before"": 574, ""violation"": false}, {""version"": 575, ""max_seen_before"": 575, ""violation"": false}]}"
20260919T065825Z_a37af91d,576,fault,1789801118.2031674,1789801118.2108665,8.327,0,8.327,pass,,read_secondary,"{""background_write_acknowledged"": true, ""reads"": [{""version"": 576, ""max_seen_before"": 575, ""violation"": false}, {""version"": 576, ""max_seen_before"": 576, ""violation"": false}]}"
20260919T065825Z_a37af91d,577,fault,1789801118.2108665,1789801118.2221549,10.825,0,10.825,pass,,read_secondary,"{""background_write_acknowledged"": true, ""reads"": [{""version"": 577, ""max_seen_before"": 576, ""violation"": false}, {""version"": 577, ""max_seen_before"": 577, ""violation"": false}]}"
20260919T065825Z_a37af91d,578,fault,1789801118.2221549,1789801118.2319539,9.66,0,9.66,pass,,read_secondary,"{""background_write_acknowledged"": true, ""reads"": [{""version"": 578, ""max_seen_before"": 577, ""violation"": false}, {""version"": 578, ""max_seen_before"": 578, ""violation"": false}]}"
20260919T065825Z_a37af91d,579,fault,1789801118.2319539,1789801118.2418315,10.059,0,10.059,pass,,read_secondary,"{""background_write_acknowledged"": true, ""reads"": [{""version"": 579, ""max_seen_before"": 578, ""violation"": false}, {""version"": 579, ""max_seen_before"": 579, ""violation"": false}]}"
20260919T065825Z_a37af91d,580,fault,1789801118.2418315,1789801118.2508276,8.489,0,8.489,pass,,read_secondary,"{""background_write_acknowledged"": true, ""reads"": [{""version"": 580, ""max_seen_before"": 579, ""violation"": false}, {""version"": 580, ""max_seen_before"": 580, ""violation"": false}]}"
20260919T065825Z_a37af91d,581,fault,1789801118.2508276,1789801118.2587812,7.987,0,7.987,pass,,read_secondary,"{""background_write_acknowledged"": true, ""reads"": [{""version"": 581, ""max_seen_before"": 580, ""violation"": false}, {""version"": 581, ""max_seen_before"": 581, ""violation"": false}]}"
20260919T065825Z_a37af91d,582,fault,1789801118.2587812,1789801118.2669487,8.159,0,8.159,pass,,read_secondary,"{""background_write_acknowledged"": true, ""reads"": [{""version"": 582, ""max_seen_before"": 581, ""violation"": false}, {""version"": 582, ""max_seen_before"": 582, ""violation"": false}]}"
20260919T065825Z_a37af91d,583,fault,1789801118.2669487,1789801118.2759137,8.711,0,8.711,pass,,read_secondary,"{""background_write_acknowledged"": true, ""reads"": [{""version"": 583, ""max_seen_before"": 582, ""violation"": false}, {""version"": 583, ""max_seen_before"": 583, ""violation"": false}]}"
20260919T065825Z_a37af91d,584,fault,1789801118.2759137,1789801118.284525,8.488,0,8.488,pass,,read_secondary,"{""background_write_acknowledged"": true, ""reads"": [{""version"": 584, ""max_seen_before"": 583, ""violation"": false}, {""version"": 584, ""max_seen_before"": 584, ""violation"": false}]}"
20260919T065825Z_a37af91d,585,fault,1789801118.284525,1789801118.2915936,7.359,0,7.359,pass,,read_secondary,"{""background_write_acknowledged"": true, ""reads"": [{""version"": 585, ""max_seen_before"": 584, ""violation"": false}, {""version"": 585, ""max_seen_before"": 585, ""violation"": false}]}"
20260919T065825Z_a37af91d,586,fault,1789801118.2915936,1789801118.299513,7.788,0,7.788,pass,,read_secondary,"{""background_write_acknowledged"": true, ""reads"": [{""version"": 586, ""max_seen_before"": 585, ""violation"": false}, {""version"": 586, ""max_seen_before"": 586, ""violation"": false}]}"
20260919T065825Z_a37af91d,587,fault,1789801118.299513,1789801118.3076708,8.202,0,8.202,pass,,read_secondary,"{""background_write_acknowledged"": true, ""reads"": [{""version"": 587, ""max_seen_before"": 586, ""violation"": false}, {""version"": 587, ""max_seen_before"": 587, ""violation"": false}]}"
20260919T065825Z_a37af91d,588,fault,1789801118.3082123,1789801118.3155959,8.077,0,8.077,pass,,read_secondary,"{""background_write_acknowledged"": true, ""reads"": [{""version"": 588, ""max_seen_before"": 587, ""violation"": false}, {""version"": 588, ""max_seen_before"": 588, ""violation"": false}]}"
20260919T065825Z_a37af91d,589,fault,1789801118.3155959,1789801118.3250875,9.101,0,9.101,pass,,read_secondary,"{""background_write_acknowledged"": true, ""reads"": [{""version"": 589, ""max_seen_before"": 588, ""violation"": false}, {""version"": 589, ""max_seen_before"": 589, ""violation"": false}]}"
20260919T065825Z_a37af91d,590,fault,1789801118.3250875,1789801118.3346713,9.116,0,9.116,pass,,read_secondary,"{""background_write_acknowledged"": true, ""reads"": [{""version"": 590, ""max_seen_before"": 589, ""violation"": false}, {""version"": 590, ""max_seen_before"": 590, ""violation"": false}]}"
20260919T065825Z_a37af91d,591,fault,1789801118.3346713,1789801118.3441813,9.47,0,9.47,pass,,read_secondary,"{""background_write_acknowledged"": true, ""reads"": [{""version"": 591, ""max_seen_before"": 590, ""violation"": false}, {""version"": 591, ""max_seen_before"": 591, ""violation"": false}]}"
20260919T065825Z_a37af91d,592,fault,1789801118.3441813,1789801118.3523064,8.375,0,8.375,pass,,read_secondary,"{""background_write_acknowledged"": true, ""reads"": [{""version"": 592, ""max_seen_before"": 591, ""violation"": false}, {""version"": 592, ""max_seen_before"": 592, ""violation"": false}]}"
20260919T065825Z_a37af91d,593,fault,1789801118.3523064,1789801118.3608315,8.582,0,8.582,pass,,read_secondary,"{""background_write_acknowledged"": true, ""reads"": [{""version"": 593, ""max_seen_before"": 592, ""violation"": false}, {""version"": 593, ""max_seen_before"": 593, ""violation"": false}]}"
20260919T065825Z_a37af91d,594,fault,1789801118.361394,1789801118.3688173,7.556,0,7.556,pass,,read_secondary,"{""background_write_acknowledged"": true, ""reads"": [{""version"": 594, ""max_seen_before"": 593, ""violation"": false}, {""version"": 594, ""max_seen_before"": 594, ""violation"": false}]}"
20260919T065825Z_a37af91d,595,fault,1789801118.3691278,1789801118.3768399,7.695,0,7.695,pass,,read_secondary,"{""background_write_acknowledged"": true, ""reads"": [{""version"": 595, ""max_seen_before"": 594, ""violation"": false}, {""version"": 595, ""max_seen_before"": 595, ""violation"": false}]}"
20260919T065825Z_a37af91d,596,fault,1789801118.3768399,1789801118.3843496,7.527,0,7.527,pass,,read_secondary,"{""background_write_acknowledged"": true, ""reads"": [{""version"": 596, ""max_seen_before"": 595, ""violation"": false}, {""version"": 596, ""max_seen_before"": 596, ""violation"": false}]}"
20260919T065825Z_a37af91d,597,fault,1789801118.3843496,1789801118.3931441,8.839,0,8.839,pass,,read_secondary,"{""background_write_acknowledged"": true, ""reads"": [{""version"": 597, ""max_seen_before"": 596, ""violation"": false}, {""version"": 597, ""max_seen_before"": 597, ""violation"": false}]}"
20260919T065825Z_a37af91d,598,fault,1789801118.3931441,1789801118.4012742,8.374,0,8.374,pass,,read_secondary,"{""background_write_acknowledged"": true, ""reads"": [{""version"": 598, ""max_seen_before"": 597, ""violation"": false}, {""version"": 598, ""max_seen_before"": 598, ""violation"": false}]}"
20260919T065825Z_a37af91d,599,fault,1789801118.4018583,1789801118.4107177,9.1,0,9.1,pass,,read_secondary,"{""background_write_acknowledged"": true, ""reads"": [{""version"": 599, ""max_seen_before"": 598, ""violation"": false}, {""version"": 599, ""max_seen_before"": 599, ""violation"": false}]}"
20260919T065825Z_a37af91d,600,recovery,1789801119.3409362,1789801119.3501527,9.439,0,9.439,pass,,read_secondary,"{""background_write_acknowledged"": true, ""reads"": [{""version"": 600, ""max_seen_before"": 599, ""violation"": false}, {""version"": 600, ""max_seen_before"": 600, ""violation"": false}]}"
20260919T065825Z_a37af91d,601,recovery,1789801119.3539443,1789801119.3637118,9.836,0,9.836,pass,,read_secondary,"{""background_write_acknowledged"": true, ""reads"": [{""version"": 601, ""max_seen_before"": 600, ""violation"": false}, {""version"": 601, ""max_seen_before"": 601, ""violation"": false}]}"
20260919T065825Z_a37af91d,602,recovery,1789801119.3637118,1789801119.3738422,9.951,0,9.951,pass,,read_secondary,"{""background_write_acknowledged"": true, ""reads"": [{""version"": 602, ""max_seen_before"": 601, ""violation"": false}, {""version"": 602, ""max_seen_before"": 602, ""violation"": false}]}"
20260919T065825Z_a37af91d,603,recovery,1789801119.3738422,1789801119.381059,7.447,0,7.447,pass,,read_secondary,"{""background_write_acknowledged"": true, ""reads"": [{""version"": 603, ""max_seen_before"": 602, ""violation"": false}, {""version"": 603, ""max_seen_before"": 603, ""violation"": false}]}"
20260919T065825Z_a37af91d,604,recovery,1789801119.381675,1789801119.3893938,7.708,0,7.708,pass,,read_secondary,"{""background_write_acknowledged"": true, ""reads"": [{""version"": 604, ""max_seen_before"": 603, ""violation"": false}, {""version"": 604, ""max_seen_before"": 604, ""violation"": false}]}"
20260919T065825Z_a37af91d,605,recovery,1789801119.3893938,1789801119.3964858,6.99,0,6.99,pass,,read_secondary,"{""background_write_acknowledged"": true, ""reads"": [{""version"": 605, ""max_seen_before"": 604, ""violation"": false}, {""version"": 605, ""max_seen_before"": 605, ""violation"": false}]}"
20260919T065825Z_a37af91d,606,recovery,1789801119.3964858,1789801119.4028282,6.847,0,6.847,pass,,read_secondary,"{""background_write_acknowledged"": true, ""reads"": [{""version"": 606, ""max_seen_before"": 605, ""violation"": false}, {""version"": 606, ""max_seen_before"": 606, ""violation"": false}]}"
20260919T065825Z_a37af91d,607,recovery,1789801119.4028282,1789801119.4100597,7.082,0,7.082,pass,,read_secondary,"{""background_write_acknowledged"": true, ""reads"": [{""version"": 607, ""max_seen_before"": 606, ""violation"": false}, {""version"": 607, ""max_seen_before"": 607, ""violation"": false}]}"
20260919T065825Z_a37af91d,608,recovery,1789801119.4100597,1789801119.4173245,7.058,0,7.058,pass,,read_secondary,"{""background_write_acknowledged"": true, ""reads"": [{""version"": 608, ""max_seen_before"": 607, ""violation"": false}, {""version"": 608, ""max_seen_before"": 608, ""violation"": false}]}"
20260919T065825Z_a37af91d,609,recovery,1789801119.4173245,1789801119.425087,7.311,0,7.311,pass,,read_secondary,"{""background_write_acknowledged"": true, ""reads"": [{""version"": 609, ""max_seen_before"": 608, ""violation"": false}, {""version"": 609, ""max_seen_before"": 609, ""violation"": false}]}"
20260919T065825Z_a37af91d,610,recovery,1789801119.425087,1789801119.431914,6.927,0,6.927,pass,,read_secondary,"{""background_write_acknowledged"": true, ""reads"": [{""version"": 610, ""max_seen_before"": 609, ""violation"": false}, {""version"": 610, ""max_seen_before"": 610, ""violation"": false}]}"
20260919T065825Z_a37af91d,611,recovery,1789801119.431914,1789801119.4393702,7.464,0,7.464,pass,,read_secondary,"{""background_write_acknowledged"": true, ""reads"": [{""version"": 611, ""max_seen_before"": 610, ""violation"": false}, {""version"": 611, ""max_seen_before"": 611, ""violation"": false}]}"
20260919T065825Z_a37af91d,612,recovery,1789801119.4393702,1789801119.4472525,8.014,0,8.014,pass,,read_secondary,"{""background_write_acknowledged"": true, ""reads"": [{""version"": 612, ""max_seen_before"": 611, ""violation"": false}, {""version"": 612, ""max_seen_before"": 612, ""violation"": false}]}"
20260919T065825Z_a37af91d,613,recovery,1789801119.4472525,1789801119.4546762,7.064,0,7.064,pass,,read_secondary,"{""background_write_acknowledged"": true, ""reads"": [{""version"": 613, ""max_seen_before"": 612, ""violation"": false}, {""version"": 613, ""max_seen_before"": 613, ""violation"": false}]}"
20260919T065825Z_a37af91d,614,recovery,1789801119.4546762,1789801119.461557,7.177,0,7.177,pass,,read_secondary,"{""background_write_acknowledged"": true, ""reads"": [{""version"": 614, ""max_seen_before"": 613, ""violation"": false}, {""version"": 614, ""max_seen_before"": 614, ""violation"": false}]}"
20260919T065825Z_a37af91d,615,recovery,1789801119.461557,1789801119.4690847,7.222,0,7.222,pass,,read_secondary,"{""background_write_acknowledged"": true, ""reads"": [{""version"": 615, ""max_seen_before"": 614, ""violation"": false}, {""version"": 615, ""max_seen_before"": 615, ""violation"": false}]}"
20260919T065825Z_a37af91d,616,recovery,1789801119.4690847,1789801119.4752343,6.379,0,6.379,pass,,read_secondary,"{""background_write_acknowledged"": true, ""reads"": [{""version"": 616, ""max_seen_before"": 615, ""violation"": false}, {""version"": 616, ""max_seen_before"": 616, ""violation"": false}]}"
20260919T065825Z_a37af91d,617,recovery,1789801119.4752343,1789801119.4825847,6.873,0,6.873,pass,,read_secondary,"{""background_write_acknowledged"": true, ""reads"": [{""version"": 617, ""max_seen_before"": 616, ""violation"": false}, {""version"": 617, ""max_seen_before"": 617, ""violation"": false}]}"
20260919T065825Z_a37af91d,618,recovery,1789801119.4825847,1789801119.4904878,7.934,0,7.934,pass,,read_secondary,"{""background_write_acknowledged"": true, ""reads"": [{""version"": 618, ""max_seen_before"": 617, ""violation"": false}, {""version"": 618, ""max_seen_before"": 618, ""violation"": false}]}"
20260919T065825Z_a37af91d,619,recovery,1789801119.4904878,1789801119.4974773,7.177,0,7.177,pass,,read_secondary,"{""background_write_acknowledged"": true, ""reads"": [{""version"": 619, ""max_seen_before"": 618, ""violation"": false}, {""version"": 619, ""max_seen_before"": 619, ""violation"": false}]}"
20260919T065825Z_a37af91d,620,recovery,1789801119.4974773,1789801119.5055823,7.465,0,7.465,pass,,read_secondary,"{""background_write_acknowledged"": true, ""reads"": [{""version"": 620, ""max_seen_before"": 619, ""violation"": false}, {""version"": 620, ""max_seen_before"": 620, ""violation"": false}]}"
20260919T065825Z_a37af91d,621,recovery,1789801119.5055823,1789801119.512401,6.976,0,6.976,pass,,read_secondary,"{""background_write_acknowledged"": true, ""reads"": [{""version"": 621, ""max_seen_before"": 620, ""violation"": false}, {""version"": 621, ""max_seen_before"": 621, ""violation"": false}]}"
20260919T065825Z_a37af91d,622,recovery,1789801119.512401,1789801119.5200255,7.7,0,7.7,pass,,read_secondary,"{""background_write_acknowledged"": true, ""reads"": [{""version"": 622, ""max_seen_before"": 621, ""violation"": false}, {""version"": 622, ""max_seen_before"": 622, ""violation"": false}]}"
20260919T065825Z_a37af91d,623,recovery,1789801119.5200255,1789801119.527554,7.196,0,7.196,pass,,read_secondary,"{""background_write_acknowledged"": true, ""reads"": [{""version"": 623, ""max_seen_before"": 622, ""violation"": false}, {""version"": 623, ""max_seen_before"": 623, ""violation"": false}]}"
20260919T065825Z_a37af91d,624,recovery,1789801119.527554,1789801119.534604,7.258,0,7.258,pass,,read_secondary,"{""background_write_acknowledged"": true, ""reads"": [{""version"": 624, ""max_seen_before"": 623, ""violation"": false}, {""version"": 624, ""max_seen_before"": 624, ""violation"": false}]}"
20260919T065825Z_a37af91d,625,recovery,1789801119.534604,1789801119.5425162,7.989,0,7.989,pass,,read_secondary,"{""background_write_acknowledged"": true, ""reads"": [{""version"": 625, ""max_seen_before"": 624, ""violation"": false}, {""version"": 625, ""max_seen_before"": 625, ""violation"": false}]}"
20260919T065825Z_a37af91d,626,recovery,1789801119.5431025,1789801119.5503943,7.723,0,7.723,pass,,read_secondary,"{""background_write_acknowledged"": true, ""reads"": [{""version"": 626, ""max_seen_before"": 625, ""violation"": false}, {""version"": 626, ""max_seen_before"": 626, ""violation"": false}]}"
20260919T065825Z_a37af91d,627,recovery,1789801119.5503943,1789801119.558878,8.187,0,8.187,pass,,read_secondary,"{""background_write_acknowledged"": true, ""reads"": [{""version"": 627, ""max_seen_before"": 626, ""violation"": false}, {""version"": 627, ""max_seen_before"": 627, ""violation"": false}]}"
20260919T065825Z_a37af91d,628,recovery,1789801119.558878,1789801119.5671935,8.502,0,8.502,pass,,read_secondary,"{""background_write_acknowledged"": true, ""reads"": [{""version"": 628, ""max_seen_before"": 627, ""violation"": false}, {""version"": 628, ""max_seen_before"": 628, ""violation"": false}]}"
20260919T065825Z_a37af91d,629,recovery,1789801119.5678365,1789801119.575372,7.579,0,7.579,pass,,read_secondary,"{""background_write_acknowledged"": true, ""reads"": [{""version"": 629, ""max_seen_before"": 628, ""violation"": false}, {""version"": 629, ""max_seen_before"": 629, ""violation"": false}]}"
20260919T065825Z_a37af91d,630,recovery,1789801119.575372,1789801119.5827544,7.772,0,7.772,pass,,read_secondary,"{""background_write_acknowledged"": true, ""reads"": [{""version"": 630, ""max_seen_before"": 629, ""violation"": false}, {""version"": 630, ""max_seen_before"": 630, ""violation"": false}]}"
20260919T065825Z_a37af91d,631,recovery,1789801119.5827544,1789801119.5909317,7.844,0,7.844,pass,,read_secondary,"{""background_write_acknowledged"": true, ""reads"": [{""version"": 631, ""max_seen_before"": 630, ""violation"": false}, {""version"": 631, ""max_seen_before"": 631, ""violation"": false}]}"
20260919T065825Z_a37af91d,632,recovery,1789801119.5909317,1789801119.5985837,7.977,0,7.977,pass,,read_secondary,"{""background_write_acknowledged"": true, ""reads"": [{""version"": 632, ""max_seen_before"": 631, ""violation"": false}, {""version"": 632, ""max_seen_before"": 632, ""violation"": false}]}"
20260919T065825Z_a37af91d,633,recovery,1789801119.5985837,1789801119.6064336,7.521,0,7.521,pass,,read_secondary,"{""background_write_acknowledged"": true, ""reads"": [{""version"": 633, ""max_seen_before"": 632, ""violation"": false}, {""version"": 633, ""max_seen_before"": 633, ""violation"": false}]}"
20260919T065825Z_a37af91d,634,recovery,1789801119.6064336,1789801119.614048,7.176,0,7.176,pass,,read_secondary,"{""background_write_acknowledged"": true, ""reads"": [{""version"": 634, ""max_seen_before"": 633, ""violation"": false}, {""version"": 634, ""max_seen_before"": 634, ""violation"": false}]}"
20260919T065825Z_a37af91d,635,recovery,1789801119.614048,1789801119.6210978,7.359,0,7.359,pass,,read_secondary,"{""background_write_acknowledged"": true, ""reads"": [{""version"": 635, ""max_seen_before"": 634, ""violation"": false}, {""version"": 635, ""max_seen_before"": 635, ""violation"": false}]}"
20260919T065825Z_a37af91d,636,recovery,1789801119.6210978,1789801119.629694,8.692,0,8.692,pass,,read_secondary,"{""background_write_acknowledged"": true, ""reads"": [{""version"": 636, ""max_seen_before"": 635, ""violation"": false}, {""version"": 636, ""max_seen_before"": 636, ""violation"": false}]}"
20260919T065825Z_a37af91d,637,recovery,1789801119.6303394,1789801119.637752,7.54,0,7.54,pass,,read_secondary,"{""background_write_acknowledged"": true, ""reads"": [{""version"": 637, ""max_seen_before"": 636, ""violation"": false}, {""version"": 637, ""max_seen_before"": 637, ""violation"": false}]}"
20260919T065825Z_a37af91d,638,recovery,1789801119.637752,1789801119.644951,7.511,0,7.511,pass,,read_secondary,"{""background_write_acknowledged"": true, ""reads"": [{""version"": 638, ""max_seen_before"": 637, ""violation"": false}, {""version"": 638, ""max_seen_before"": 638, ""violation"": false}]}"
20260919T065825Z_a37af91d,639,recovery,1789801119.645558,1789801119.6528542,7.827,0,7.827,pass,,read_secondary,"{""background_write_acknowledged"": true, ""reads"": [{""version"": 639, ""max_seen_before"": 638, ""violation"": false}, {""version"": 639, ""max_seen_before"": 639, ""violation"": false}]}"
20260919T065825Z_a37af91d,640,recovery,1789801119.6528542,1789801119.6600797,7.176,0,7.176,pass,,read_secondary,"{""background_write_acknowledged"": true, ""reads"": [{""version"": 640, ""max_seen_before"": 639, ""violation"": false}, {""version"": 640, ""max_seen_before"": 640, ""violation"": false}]}"
20260919T065825Z_a37af91d,641,recovery,1789801119.6606896,1789801119.6677434,7.44,0,7.44,pass,,read_secondary,"{""background_write_acknowledged"": true, ""reads"": [{""version"": 641, ""max_seen_before"": 640, ""violation"": false}, {""version"": 641, ""max_seen_before"": 641, ""violation"": false}]}"
20260919T065825Z_a37af91d,642,recovery,1789801119.6677434,1789801119.6754107,7.227,0,7.227,pass,,read_secondary,"{""background_write_acknowledged"": true, ""reads"": [{""version"": 642, ""max_seen_before"": 641, ""violation"": false}, {""version"": 642, ""max_seen_before"": 642, ""violation"": false}]}"
20260919T065825Z_a37af91d,643,recovery,1789801119.6754107,1789801119.6826375,7.511,0,7.511,pass,,read_secondary,"{""background_write_acknowledged"": true, ""reads"": [{""version"": 643, ""max_seen_before"": 642, ""violation"": false}, {""version"": 643, ""max_seen_before"": 643, ""violation"": false}]}"
20260919T065825Z_a37af91d,644,recovery,1789801119.6826375,1789801119.690731,8.008,0,8.008,pass,,read_secondary,"{""background_write_acknowledged"": true, ""reads"": [{""version"": 644, ""max_seen_before"": 643, ""violation"": false}, {""version"": 644, ""max_seen_before"": 644, ""violation"": false}]}"
20260919T065825Z_a37af91d,645,recovery,1789801119.690731,1789801119.6985466,7.894,0,7.894,pass,,read_secondary,"{""background_write_acknowledged"": true, ""reads"": [{""version"": 645, ""max_seen_before"": 644, ""violation"": false}, {""version"": 645, ""max_seen_before"": 645, ""violation"": false}]}"
20260919T065825Z_a37af91d,646,recovery,1789801119.6992083,1789801119.7085176,9.397,0,9.397,pass,,read_secondary,"{""background_write_acknowledged"": true, ""reads"": [{""version"": 646, ""max_seen_before"": 645, ""violation"": false}, {""version"": 646, ""max_seen_before"": 646, ""violation"": false}]}"
20260919T065825Z_a37af91d,647,recovery,1789801119.7085176,1789801119.7172887,8.618,0,8.618,pass,,read_secondary,"{""background_write_acknowledged"": true, ""reads"": [{""version"": 647, ""max_seen_before"": 646, ""violation"": false}, {""version"": 647, ""max_seen_before"": 647, ""violation"": false}]}"
20260919T065825Z_a37af91d,648,recovery,1789801119.7172887,1789801119.723947,7.191,0,7.191,pass,,read_secondary,"{""background_write_acknowledged"": true, ""reads"": [{""version"": 648, ""max_seen_before"": 647, ""violation"": false}, {""version"": 648, ""max_seen_before"": 648, ""violation"": false}]}"
20260919T065825Z_a37af91d,649,recovery,1789801119.7246616,1789801119.7316728,7.666,0,7.666,pass,,read_secondary,"{""background_write_acknowledged"": true, ""reads"": [{""version"": 649, ""max_seen_before"": 648, ""violation"": false}, {""version"": 649, ""max_seen_before"": 649, ""violation"": false}]}"
20260919T065825Z_a37af91d,650,recovery,1789801119.7316728,1789801119.7402084,7.98,0,7.98,pass,,read_secondary,"{""background_write_acknowledged"": true, ""reads"": [{""version"": 650, ""max_seen_before"": 649, ""violation"": false}, {""version"": 650, ""max_seen_before"": 650, ""violation"": false}]}"
20260919T065825Z_a37af91d,651,recovery,1789801119.7402084,1789801119.748275,7.953,0,7.953,pass,,read_secondary,"{""background_write_acknowledged"": true, ""reads"": [{""version"": 651, ""max_seen_before"": 650, ""violation"": false}, {""version"": 651, ""max_seen_before"": 651, ""violation"": false}]}"
20260919T065825Z_a37af91d,652,recovery,1789801119.748275,1789801119.7551627,7.024,0,7.024,pass,,read_secondary,"{""background_write_acknowledged"": true, ""reads"": [{""version"": 652, ""max_seen_before"": 651, ""violation"": false}, {""version"": 652, ""max_seen_before"": 652, ""violation"": false}]}"
20260919T065825Z_a37af91d,653,recovery,1789801119.7551627,1789801119.7633297,7.829,0,7.829,pass,,read_secondary,"{""background_write_acknowledged"": true, ""reads"": [{""version"": 653, ""max_seen_before"": 652, ""violation"": false}, {""version"": 653, ""max_seen_before"": 653, ""violation"": false}]}"
20260919T065825Z_a37af91d,654,recovery,1789801119.7633297,1789801119.7706373,7.169,0,7.169,pass,,read_secondary,"{""background_write_acknowledged"": true, ""reads"": [{""version"": 654, ""max_seen_before"": 653, ""violation"": false}, {""version"": 654, ""max_seen_before"": 654, ""violation"": false}]}"
20260919T065825Z_a37af91d,655,recovery,1789801119.7706373,1789801119.778524,8.255,0,8.255,pass,,read_secondary,"{""background_write_acknowledged"": true, ""reads"": [{""version"": 655, ""max_seen_before"": 654, ""violation"": false}, {""version"": 655, ""max_seen_before"": 655, ""violation"": false}]}"
20260919T065825Z_a37af91d,656,recovery,1789801119.7790785,1789801119.7864785,8.334,0,8.334,pass,,read_secondary,"{""background_write_acknowledged"": true, ""reads"": [{""version"": 656, ""max_seen_before"": 655, ""violation"": false}, {""version"": 656, ""max_seen_before"": 656, ""violation"": false}]}"
20260919T065825Z_a37af91d,657,recovery,1789801119.7864785,1789801119.7959838,8.492,0,8.492,pass,,read_secondary,"{""background_write_acknowledged"": true, ""reads"": [{""version"": 657, ""max_seen_before"": 656, ""violation"": false}, {""version"": 657, ""max_seen_before"": 657, ""violation"": false}]}"
20260919T065825Z_a37af91d,658,recovery,1789801119.7959838,1789801119.8034863,7.977,0,7.977,pass,,read_secondary,"{""background_write_acknowledged"": true, ""reads"": [{""version"": 658, ""max_seen_before"": 657, ""violation"": false}, {""version"": 658, ""max_seen_before"": 658, ""violation"": false}]}"
20260919T065825Z_a37af91d,659,recovery,1789801119.8034863,1789801119.8107438,7.022,0,7.022,pass,,read_secondary,"{""background_write_acknowledged"": true, ""reads"": [{""version"": 659, ""max_seen_before"": 658, ""violation"": false}, {""version"": 659, ""max_seen_before"": 659, ""violation"": false}]}"
20260919T065825Z_a37af91d,660,recovery,1789801119.8112717,1789801119.817962,6.744,0,6.744,pass,,read_secondary,"{""background_write_acknowledged"": true, ""reads"": [{""version"": 660, ""max_seen_before"": 659, ""violation"": false}, {""version"": 660, ""max_seen_before"": 660, ""violation"": false}]}"
20260919T065825Z_a37af91d,661,recovery,1789801119.817962,1789801119.8245492,6.876,0,6.876,pass,,read_secondary,"{""background_write_acknowledged"": true, ""reads"": [{""version"": 661, ""max_seen_before"": 660, ""violation"": false}, {""version"": 661, ""max_seen_before"": 661, ""violation"": false}]}"
20260919T065825Z_a37af91d,662,recovery,1789801119.8250961,1789801119.830847,6.396,0,6.396,pass,,read_secondary,"{""background_write_acknowledged"": true, ""reads"": [{""version"": 662, ""max_seen_before"": 661, ""violation"": false}, {""version"": 662, ""max_seen_before"": 662, ""violation"": false}]}"
20260919T065825Z_a37af91d,663,recovery,1789801119.830847,1789801119.8374605,6.597,0,6.597,pass,,read_secondary,"{""background_write_acknowledged"": true, ""reads"": [{""version"": 663, ""max_seen_before"": 662, ""violation"": false}, {""version"": 663, ""max_seen_before"": 663, ""violation"": false}]}"
20260919T065825Z_a37af91d,664,recovery,1789801119.8374605,1789801119.8441718,6.541,0,6.541,pass,,read_secondary,"{""background_write_acknowledged"": true, ""reads"": [{""version"": 664, ""max_seen_before"": 663, ""violation"": false}, {""version"": 664, ""max_seen_before"": 664, ""violation"": false}]}"
20260919T065825Z_a37af91d,665,recovery,1789801119.8441718,1789801119.8507752,6.293,0,6.293,pass,,read_secondary,"{""background_write_acknowledged"": true, ""reads"": [{""version"": 665, ""max_seen_before"": 664, ""violation"": false}, {""version"": 665, ""max_seen_before"": 665, ""violation"": false}]}"
20260919T065825Z_a37af91d,666,recovery,1789801119.8507752,1789801119.8575938,6.469,0,6.469,pass,,read_secondary,"{""background_write_acknowledged"": true, ""reads"": [{""version"": 666, ""max_seen_before"": 665, ""violation"": false}, {""version"": 666, ""max_seen_before"": 666, ""violation"": false}]}"
20260919T065825Z_a37af91d,667,recovery,1789801119.8575938,1789801119.8638618,6.577,0,6.577,pass,,read_secondary,"{""background_write_acknowledged"": true, ""reads"": [{""version"": 667, ""max_seen_before"": 666, ""violation"": false}, {""version"": 667, ""max_seen_before"": 667, ""violation"": false}]}"
20260919T065825Z_a37af91d,668,recovery,1789801119.8638618,1789801119.8711674,7.362,0,7.362,pass,,read_secondary,"{""background_write_acknowledged"": true, ""reads"": [{""version"": 668, ""max_seen_before"": 667, ""violation"": false}, {""version"": 668, ""max_seen_before"": 668, ""violation"": false}]}"
20260919T065825Z_a37af91d,669,recovery,1789801119.8718321,1789801119.8791695,7.295,0,7.295,pass,,read_secondary,"{""background_write_acknowledged"": true, ""reads"": [{""version"": 669, ""max_seen_before"": 668, ""violation"": false}, {""version"": 669, ""max_seen_before"": 669, ""violation"": false}]}"
20260919T065825Z_a37af91d,670,recovery,1789801119.8791695,1789801119.8882604,9.076,0,9.076,pass,,read_secondary,"{""background_write_acknowledged"": true, ""reads"": [{""version"": 670, ""max_seen_before"": 669, ""violation"": false}, {""version"": 670, ""max_seen_before"": 670, ""violation"": false}]}"
20260919T065825Z_a37af91d,671,recovery,1789801119.8882604,1789801119.8959603,7.522,0,7.522,pass,,read_secondary,"{""background_write_acknowledged"": true, ""reads"": [{""version"": 671, ""max_seen_before"": 670, ""violation"": false}, {""version"": 671, ""max_seen_before"": 671, ""violation"": false}]}"
20260919T065825Z_a37af91d,672,recovery,1789801119.8959603,1789801119.9033883,7.54,0,7.54,pass,,read_secondary,"{""background_write_acknowledged"": true, ""reads"": [{""version"": 672, ""max_seen_before"": 671, ""violation"": false}, {""version"": 672, ""max_seen_before"": 672, ""violation"": false}]}"
20260919T065825Z_a37af91d,673,recovery,1789801119.9033883,1789801119.9109943,7.751,0,7.751,pass,,read_secondary,"{""background_write_acknowledged"": true, ""reads"": [{""version"": 673, ""max_seen_before"": 672, ""violation"": false}, {""version"": 673, ""max_seen_before"": 673, ""violation"": false}]}"
20260919T065825Z_a37af91d,674,recovery,1789801119.9109943,1789801119.920163,8.723,0,8.723,pass,,read_secondary,"{""background_write_acknowledged"": true, ""reads"": [{""version"": 674, ""max_seen_before"": 673, ""violation"": false}, {""version"": 674, ""max_seen_before"": 674, ""violation"": false}]}"
20260919T065825Z_a37af91d,675,recovery,1789801119.920163,1789801119.9283414,8.542,0,8.542,pass,,read_secondary,"{""background_write_acknowledged"": true, ""reads"": [{""version"": 675, ""max_seen_before"": 674, ""violation"": false}, {""version"": 675, ""max_seen_before"": 675, ""violation"": false}]}"
20260919T065825Z_a37af91d,676,recovery,1789801119.9283414,1789801119.9364305,8.072,0,8.072,pass,,read_secondary,"{""background_write_acknowledged"": true, ""reads"": [{""version"": 676, ""max_seen_before"": 675, ""violation"": false}, {""version"": 676, ""max_seen_before"": 676, ""violation"": false}]}"
20260919T065825Z_a37af91d,677,recovery,1789801119.937219,1789801119.944374,7.434,0,7.434,pass,,read_secondary,"{""background_write_acknowledged"": true, ""reads"": [{""version"": 677, ""max_seen_before"": 676, ""violation"": false}, {""version"": 677, ""max_seen_before"": 677, ""violation"": false}]}"
20260919T065825Z_a37af91d,678,recovery,1789801119.944374,1789801119.9522495,8.05,0,8.05,pass,,read_secondary,"{""background_write_acknowledged"": true, ""reads"": [{""version"": 678, ""max_seen_before"": 677, ""violation"": false}, {""version"": 678, ""max_seen_before"": 678, ""violation"": false}]}"
20260919T065825Z_a37af91d,679,recovery,1789801119.9522495,1789801119.9611394,8.491,0,8.491,pass,,read_secondary,"{""background_write_acknowledged"": true, ""reads"": [{""version"": 679, ""max_seen_before"": 678, ""violation"": false}, {""version"": 679, ""max_seen_before"": 679, ""violation"": false}]}"
20260919T065825Z_a37af91d,680,recovery,1789801119.9611394,1789801119.969512,8.21,0,8.21,pass,,read_secondary,"{""background_write_acknowledged"": true, ""reads"": [{""version"": 680, ""max_seen_before"": 679, ""violation"": false}, {""version"": 680, ""max_seen_before"": 680, ""violation"": false}]}"
20260919T065825Z_a37af91d,681,recovery,1789801119.969512,1789801119.9770646,7.739,0,7.739,pass,,read_secondary,"{""background_write_acknowledged"": true, ""reads"": [{""version"": 681, ""max_seen_before"": 680, ""violation"": false}, {""version"": 681, ""max_seen_before"": 681, ""violation"": false}]}"
20260919T065825Z_a37af91d,682,recovery,1789801119.9770646,1789801119.9857237,8.2,0,8.2,pass,,read_secondary,"{""background_write_acknowledged"": true, ""reads"": [{""version"": 682, ""max_seen_before"": 681, ""violation"": false}, {""version"": 682, ""max_seen_before"": 682, ""violation"": false}]}"
20260919T065825Z_a37af91d,683,recovery,1789801119.9857237,1789801119.9934378,8.028,0,8.028,pass,,read_secondary,"{""background_write_acknowledged"": true, ""reads"": [{""version"": 683, ""max_seen_before"": 682, ""violation"": false}, {""version"": 683, ""max_seen_before"": 683, ""violation"": false}]}"
20260919T065825Z_a37af91d,684,recovery,1789801119.99396,1789801120.001169,7.555,0,7.555,pass,,read_secondary,"{""background_write_acknowledged"": true, ""reads"": [{""version"": 684, ""max_seen_before"": 683, ""violation"": false}, {""version"": 684, ""max_seen_before"": 684, ""violation"": false}]}"
20260919T065825Z_a37af91d,685,recovery,1789801120.001169,1789801120.0093005,7.818,0,7.818,pass,,read_secondary,"{""background_write_acknowledged"": true, ""reads"": [{""version"": 685, ""max_seen_before"": 684, ""violation"": false}, {""version"": 685, ""max_seen_before"": 685, ""violation"": false}]}"
20260919T065825Z_a37af91d,686,recovery,1789801120.0093005,1789801120.017466,7.982,0,7.982,pass,,read_secondary,"{""background_write_acknowledged"": true, ""reads"": [{""version"": 686, ""max_seen_before"": 685, ""violation"": false}, {""version"": 686, ""max_seen_before"": 686, ""violation"": false}]}"
20260919T065825Z_a37af91d,687,recovery,1789801120.017466,1789801120.0255911,8.026,0,8.026,pass,,read_secondary,"{""background_write_acknowledged"": true, ""reads"": [{""version"": 687, ""max_seen_before"": 686, ""violation"": false}, {""version"": 687, ""max_seen_before"": 687, ""violation"": false}]}"
20260919T065825Z_a37af91d,688,recovery,1789801120.0255911,1789801120.03317,7.476,0,7.476,pass,,read_secondary,"{""background_write_acknowledged"": true, ""reads"": [{""version"": 688, ""max_seen_before"": 687, ""violation"": false}, {""version"": 688, ""max_seen_before"": 688, ""violation"": false}]}"
20260919T065825Z_a37af91d,689,recovery,1789801120.03317,1789801120.0409532,7.906,0,7.906,pass,,read_secondary,"{""background_write_acknowledged"": true, ""reads"": [{""version"": 689, ""max_seen_before"": 688, ""violation"": false}, {""version"": 689, ""max_seen_before"": 689, ""violation"": false}]}"
20260919T065825Z_a37af91d,690,recovery,1789801120.0409532,1789801120.0484135,7.226,0,7.226,pass,,read_secondary,"{""background_write_acknowledged"": true, ""reads"": [{""version"": 690, ""max_seen_before"": 689, ""violation"": false}, {""version"": 690, ""max_seen_before"": 690, ""violation"": false}]}"
20260919T065825Z_a37af91d,691,recovery,1789801120.0484135,1789801120.0558093,7.898,0,7.898,pass,,read_secondary,"{""background_write_acknowledged"": true, ""reads"": [{""version"": 691, ""max_seen_before"": 690, ""violation"": false}, {""version"": 691, ""max_seen_before"": 691, ""violation"": false}]}"
20260919T065825Z_a37af91d,692,recovery,1789801120.0558093,1789801120.063963,7.388,0,7.388,pass,,read_secondary,"{""background_write_acknowledged"": true, ""reads"": [{""version"": 692, ""max_seen_before"": 691, ""violation"": false}, {""version"": 692, ""max_seen_before"": 692, ""violation"": false}]}"
20260919T065825Z_a37af91d,693,recovery,1789801120.063963,1789801120.0721645,8.194,0,8.194,pass,,read_secondary,"{""background_write_acknowledged"": true, ""reads"": [{""version"": 693, ""max_seen_before"": 692, ""violation"": false}, {""version"": 693, ""max_seen_before"": 693, ""violation"": false}]}"
20260919T065825Z_a37af91d,694,recovery,1789801120.0721645,1789801120.079832,7.671,0,7.671,pass,,read_secondary,"{""background_write_acknowledged"": true, ""reads"": [{""version"": 694, ""max_seen_before"": 693, ""violation"": false}, {""version"": 694, ""max_seen_before"": 694, ""violation"": false}]}"
20260919T065825Z_a37af91d,695,recovery,1789801120.079832,1789801120.0878315,8.127,0,8.127,pass,,read_secondary,"{""background_write_acknowledged"": true, ""reads"": [{""version"": 695, ""max_seen_before"": 694, ""violation"": false}, {""version"": 695, ""max_seen_before"": 695, ""violation"": false}]}"
20260919T065825Z_a37af91d,696,recovery,1789801120.0878315,1789801120.0962784,8.016,0,8.016,pass,,read_secondary,"{""background_write_acknowledged"": true, ""reads"": [{""version"": 696, ""max_seen_before"": 695, ""violation"": false}, {""version"": 696, ""max_seen_before"": 696, ""violation"": false}]}"
20260919T065825Z_a37af91d,697,recovery,1789801120.0962784,1789801120.1036408,7.661,0,7.661,pass,,read_secondary,"{""background_write_acknowledged"": true, ""reads"": [{""version"": 697, ""max_seen_before"": 696, ""violation"": false}, {""version"": 697, ""max_seen_before"": 697, ""violation"": false}]}"
20260919T065825Z_a37af91d,698,recovery,1789801120.1036408,1789801120.1117709,8.127,0,8.127,pass,,read_secondary,"{""background_write_acknowledged"": true, ""reads"": [{""version"": 698, ""max_seen_before"": 697, ""violation"": false}, {""version"": 698, ""max_seen_before"": 698, ""violation"": false}]}"
20260919T065825Z_a37af91d,699,recovery,1789801120.1123767,1789801120.120195,7.813,0,7.813,pass,,read_secondary,"{""background_write_acknowledged"": true, ""reads"": [{""version"": 699, ""max_seen_before"": 698, ""violation"": false}, {""version"": 699, ""max_seen_before"": 699, ""violation"": false}]}"
20260919T065825Z_a37af91d,700,recovery,1789801120.120195,1789801120.1289923,8.869,0,8.869,pass,,read_secondary,"{""background_write_acknowledged"": true, ""reads"": [{""version"": 700, ""max_seen_before"": 699, ""violation"": false}, {""version"": 700, ""max_seen_before"": 700, ""violation"": false}]}"
20260919T065825Z_a37af91d,701,recovery,1789801120.1341302,1789801120.1433783,9.168,0,9.168,pass,,read_secondary,"{""background_write_acknowledged"": true, ""reads"": [{""version"": 701, ""max_seen_before"": 700, ""violation"": false}, {""version"": 701, ""max_seen_before"": 701, ""violation"": false}]}"
20260919T065825Z_a37af91d,702,recovery,1789801120.1433783,1789801120.1514587,7.936,0,7.936,pass,,read_secondary,"{""background_write_acknowledged"": true, ""reads"": [{""version"": 702, ""max_seen_before"": 701, ""violation"": false}, {""version"": 702, ""max_seen_before"": 702, ""violation"": false}]}"
20260919T065825Z_a37af91d,703,recovery,1789801120.1514587,1789801120.1595614,8.242,0,8.242,pass,,read_secondary,"{""background_write_acknowledged"": true, ""reads"": [{""version"": 703, ""max_seen_before"": 702, ""violation"": false}, {""version"": 703, ""max_seen_before"": 703, ""violation"": false}]}"
20260919T065825Z_a37af91d,704,recovery,1789801120.1602392,1789801120.1674504,7.909,0,7.909,pass,,read_secondary,"{""background_write_acknowledged"": true, ""reads"": [{""version"": 704, ""max_seen_before"": 703, ""violation"": false}, {""version"": 704, ""max_seen_before"": 704, ""violation"": false}]}"
20260919T065825Z_a37af91d,705,recovery,1789801120.168251,1789801120.1757634,7.782,0,7.782,pass,,read_secondary,"{""background_write_acknowledged"": true, ""reads"": [{""version"": 705, ""max_seen_before"": 704, ""violation"": false}, {""version"": 705, ""max_seen_before"": 705, ""violation"": false}]}"
20260919T065825Z_a37af91d,706,recovery,1789801120.1757634,1789801120.1837516,7.76,0,7.76,pass,,read_secondary,"{""background_write_acknowledged"": true, ""reads"": [{""version"": 706, ""max_seen_before"": 705, ""violation"": false}, {""version"": 706, ""max_seen_before"": 706, ""violation"": false}]}"
20260919T065825Z_a37af91d,707,recovery,1789801120.1837516,1789801120.1922493,8.295,0,8.295,pass,,read_secondary,"{""background_write_acknowledged"": true, ""reads"": [{""version"": 707, ""max_seen_before"": 706, ""violation"": false}, {""version"": 707, ""max_seen_before"": 707, ""violation"": false}]}"
20260919T065825Z_a37af91d,708,recovery,1789801120.1922493,1789801120.1989884,7.122,0,7.122,pass,,read_secondary,"{""background_write_acknowledged"": true, ""reads"": [{""version"": 708, ""max_seen_before"": 707, ""violation"": false}, {""version"": 708, ""max_seen_before"": 708, ""violation"": false}]}"
20260919T065825Z_a37af91d,709,recovery,1789801120.1996188,1789801120.206816,7.185,0,7.185,pass,,read_secondary,"{""background_write_acknowledged"": true, ""reads"": [{""version"": 709, ""max_seen_before"": 708, ""violation"": false}, {""version"": 709, ""max_seen_before"": 709, ""violation"": false}]}"
20260919T065825Z_a37af91d,710,recovery,1789801120.206816,1789801120.2137263,7.305,0,7.305,pass,,read_secondary,"{""background_write_acknowledged"": true, ""reads"": [{""version"": 710, ""max_seen_before"": 709, ""violation"": false}, {""version"": 710, ""max_seen_before"": 710, ""violation"": false}]}"
20260919T065825Z_a37af91d,711,recovery,1789801120.214291,1789801120.2214859,7.678,0,7.678,pass,,read_secondary,"{""background_write_acknowledged"": true, ""reads"": [{""version"": 711, ""max_seen_before"": 710, ""violation"": false}, {""version"": 711, ""max_seen_before"": 711, ""violation"": false}]}"
20260919T065825Z_a37af91d,712,recovery,1789801120.2220457,1789801120.2292976,7.54,0,7.54,pass,,read_secondary,"{""background_write_acknowledged"": true, ""reads"": [{""version"": 712, ""max_seen_before"": 711, ""violation"": false}, {""version"": 712, ""max_seen_before"": 712, ""violation"": false}]}"
20260919T065825Z_a37af91d,713,recovery,1789801120.2292976,1789801120.2361493,7.192,0,7.192,pass,,read_secondary,"{""background_write_acknowledged"": true, ""reads"": [{""version"": 713, ""max_seen_before"": 712, ""violation"": false}, {""version"": 713, ""max_seen_before"": 713, ""violation"": false}]}"
20260919T065825Z_a37af91d,714,recovery,1789801120.2369134,1789801120.2431946,7.037,0,7.037,pass,,read_secondary,"{""background_write_acknowledged"": true, ""reads"": [{""version"": 714, ""max_seen_before"": 713, ""violation"": false}, {""version"": 714, ""max_seen_before"": 714, ""violation"": false}]}"
20260919T065825Z_a37af91d,715,recovery,1789801120.2431946,1789801120.2512074,7.472,0,7.472,pass,,read_secondary,"{""background_write_acknowledged"": true, ""reads"": [{""version"": 715, ""max_seen_before"": 714, ""violation"": false}, {""version"": 715, ""max_seen_before"": 715, ""violation"": false}]}"
20260919T065825Z_a37af91d,716,recovery,1789801120.2512074,1789801120.2591004,7.56,0,7.56,pass,,read_secondary,"{""background_write_acknowledged"": true, ""reads"": [{""version"": 716, ""max_seen_before"": 715, ""violation"": false}, {""version"": 716, ""max_seen_before"": 716, ""violation"": false}]}"
20260919T065825Z_a37af91d,717,recovery,1789801120.2591004,1789801120.2664955,7.546,0,7.546,pass,,read_secondary,"{""background_write_acknowledged"": true, ""reads"": [{""version"": 717, ""max_seen_before"": 716, ""violation"": false}, {""version"": 717, ""max_seen_before"": 717, ""violation"": false}]}"
20260919T065825Z_a37af91d,718,recovery,1789801120.2664955,1789801120.274577,7.95,0,7.95,pass,,read_secondary,"{""background_write_acknowledged"": true, ""reads"": [{""version"": 718, ""max_seen_before"": 717, ""violation"": false}, {""version"": 718, ""max_seen_before"": 718, ""violation"": false}]}"
20260919T065825Z_a37af91d,719,recovery,1789801120.274577,1789801120.2834952,8.763,0,8.763,pass,,read_secondary,"{""background_write_acknowledged"": true, ""reads"": [{""version"": 719, ""max_seen_before"": 718, ""violation"": false}, {""version"": 719, ""max_seen_before"": 719, ""violation"": false}]}"
20260919T065825Z_a37af91d,720,recovery,1789801120.2834952,1789801120.2932508,9.399,0,9.399,pass,,read_secondary,"{""background_write_acknowledged"": true, ""reads"": [{""version"": 720, ""max_seen_before"": 719, ""violation"": false}, {""version"": 720, ""max_seen_before"": 720, ""violation"": false}]}"
20260919T065825Z_a37af91d,721,recovery,1789801120.2932508,1789801120.3021522,8.852,0,8.852,pass,,read_secondary,"{""background_write_acknowledged"": true, ""reads"": [{""version"": 721, ""max_seen_before"": 720, ""violation"": false}, {""version"": 721, ""max_seen_before"": 721, ""violation"": false}]}"
20260919T065825Z_a37af91d,722,recovery,1789801120.3021522,1789801120.312269,10.239,0,10.239,pass,,read_secondary,"{""background_write_acknowledged"": true, ""reads"": [{""version"": 722, ""max_seen_before"": 721, ""violation"": false}, {""version"": 722, ""max_seen_before"": 722, ""violation"": false}]}"
20260919T065825Z_a37af91d,723,recovery,1789801120.312269,1789801120.3215017,9.136,0,9.136,pass,,read_secondary,"{""background_write_acknowledged"": true, ""reads"": [{""version"": 723, ""max_seen_before"": 722, ""violation"": false}, {""version"": 723, ""max_seen_before"": 723, ""violation"": false}]}"
20260919T065825Z_a37af91d,724,recovery,1789801120.3215017,1789801120.3311658,9.311,0,9.311,pass,,read_secondary,"{""background_write_acknowledged"": true, ""reads"": [{""version"": 724, ""max_seen_before"": 723, ""violation"": false}, {""version"": 724, ""max_seen_before"": 724, ""violation"": false}]}"
20260919T065825Z_a37af91d,725,recovery,1789801120.3311658,1789801120.3403223,9.225,0,9.225,pass,,read_secondary,"{""background_write_acknowledged"": true, ""reads"": [{""version"": 725, ""max_seen_before"": 724, ""violation"": false}, {""version"": 725, ""max_seen_before"": 725, ""violation"": false}]}"
20260919T065825Z_a37af91d,726,recovery,1789801120.3403223,1789801120.348608,8.769,0,8.769,pass,,read_secondary,"{""background_write_acknowledged"": true, ""reads"": [{""version"": 726, ""max_seen_before"": 725, ""violation"": false}, {""version"": 726, ""max_seen_before"": 726, ""violation"": false}]}"
20260919T065825Z_a37af91d,727,recovery,1789801120.348608,1789801120.357653,8.3,0,8.3,pass,,read_secondary,"{""background_write_acknowledged"": true, ""reads"": [{""version"": 727, ""max_seen_before"": 726, ""violation"": false}, {""version"": 727, ""max_seen_before"": 727, ""violation"": false}]}"
20260919T065825Z_a37af91d,728,recovery,1789801120.357653,1789801120.3652847,7.392,0,7.392,pass,,read_secondary,"{""background_write_acknowledged"": true, ""reads"": [{""version"": 728, ""max_seen_before"": 727, ""violation"": false}, {""version"": 728, ""max_seen_before"": 728, ""violation"": false}]}"
20260919T065825Z_a37af91d,729,recovery,1789801120.3652847,1789801120.373284,7.835,0,7.835,pass,,read_secondary,"{""background_write_acknowledged"": true, ""reads"": [{""version"": 729, ""max_seen_before"": 728, ""violation"": false}, {""version"": 729, ""max_seen_before"": 729, ""violation"": false}]}"
20260919T065825Z_a37af91d,730,recovery,1789801120.373284,1789801120.3808753,7.632,0,7.632,pass,,read_secondary,"{""background_write_acknowledged"": true, ""reads"": [{""version"": 730, ""max_seen_before"": 729, ""violation"": false}, {""version"": 730, ""max_seen_before"": 730, ""violation"": false}]}"
20260919T065825Z_a37af91d,731,recovery,1789801120.3808753,1789801120.3882787,7.576,0,7.576,pass,,read_secondary,"{""background_write_acknowledged"": true, ""reads"": [{""version"": 731, ""max_seen_before"": 730, ""violation"": false}, {""version"": 731, ""max_seen_before"": 731, ""violation"": false}]}"
20260919T065825Z_a37af91d,732,recovery,1789801120.3882787,1789801120.3968256,8.026,0,8.026,pass,,read_secondary,"{""background_write_acknowledged"": true, ""reads"": [{""version"": 732, ""max_seen_before"": 731, ""violation"": false}, {""version"": 732, ""max_seen_before"": 732, ""violation"": false}]}"
20260919T065825Z_a37af91d,733,recovery,1789801120.3968256,1789801120.4045868,8.215,0,8.215,pass,,read_secondary,"{""background_write_acknowledged"": true, ""reads"": [{""version"": 733, ""max_seen_before"": 732, ""violation"": false}, {""version"": 733, ""max_seen_before"": 733, ""violation"": false}]}"
20260919T065825Z_a37af91d,734,recovery,1789801120.4052024,1789801120.4146805,9.424,0,9.424,pass,,read_secondary,"{""background_write_acknowledged"": true, ""reads"": [{""version"": 734, ""max_seen_before"": 733, ""violation"": false}, {""version"": 734, ""max_seen_before"": 734, ""violation"": false}]}"
20260919T065825Z_a37af91d,735,recovery,1789801120.4146805,1789801120.424931,10.474,0,10.474,pass,,read_secondary,"{""background_write_acknowledged"": true, ""reads"": [{""version"": 735, ""max_seen_before"": 734, ""violation"": false}, {""version"": 735, ""max_seen_before"": 735, ""violation"": false}]}"
20260919T065825Z_a37af91d,736,recovery,1789801120.424931,1789801120.4330325,8.331,0,8.331,pass,,read_secondary,"{""background_write_acknowledged"": true, ""reads"": [{""version"": 736, ""max_seen_before"": 735, ""violation"": false}, {""version"": 736, ""max_seen_before"": 736, ""violation"": false}]}"
20260919T065825Z_a37af91d,737,recovery,1789801120.4337025,1789801120.4418106,8.529,0,8.529,pass,,read_secondary,"{""background_write_acknowledged"": true, ""reads"": [{""version"": 737, ""max_seen_before"": 736, ""violation"": false}, {""version"": 737, ""max_seen_before"": 737, ""violation"": false}]}"
20260919T065825Z_a37af91d,738,recovery,1789801120.4418106,1789801120.4505959,8.378,0,8.378,pass,,read_secondary,"{""background_write_acknowledged"": true, ""reads"": [{""version"": 738, ""max_seen_before"": 737, ""violation"": false}, {""version"": 738, ""max_seen_before"": 738, ""violation"": false}]}"
20260919T065825Z_a37af91d,739,recovery,1789801120.4505959,1789801120.459697,8.863,0,8.863,pass,,read_secondary,"{""background_write_acknowledged"": true, ""reads"": [{""version"": 739, ""max_seen_before"": 738, ""violation"": false}, {""version"": 739, ""max_seen_before"": 739, ""violation"": false}]}"
20260919T065825Z_a37af91d,740,recovery,1789801120.459697,1789801120.4691956,9.513,0,9.513,pass,,read_secondary,"{""background_write_acknowledged"": true, ""reads"": [{""version"": 740, ""max_seen_before"": 739, ""violation"": false}, {""version"": 740, ""max_seen_before"": 740, ""violation"": false}]}"
20260919T065825Z_a37af91d,741,recovery,1789801120.4691956,1789801120.4788756,9.366,0,9.366,pass,,read_secondary,"{""background_write_acknowledged"": true, ""reads"": [{""version"": 741, ""max_seen_before"": 740, ""violation"": false}, {""version"": 741, ""max_seen_before"": 741, ""violation"": false}]}"
20260919T065825Z_a37af91d,742,recovery,1789801120.4788756,1789801120.4885652,9.993,0,9.993,pass,,read_secondary,"{""background_write_acknowledged"": true, ""reads"": [{""version"": 742, ""max_seen_before"": 741, ""violation"": false}, {""version"": 742, ""max_seen_before"": 742, ""violation"": false}]}"
20260919T065825Z_a37af91d,743,recovery,1789801120.4885652,1789801120.4987917,10.117,0,10.117,pass,,read_secondary,"{""background_write_acknowledged"": true, ""reads"": [{""version"": 743, ""max_seen_before"": 742, ""violation"": false}, {""version"": 743, ""max_seen_before"": 743, ""violation"": false}]}"
20260919T065825Z_a37af91d,744,recovery,1789801120.4987917,1789801120.5079143,8.617,0,8.617,pass,,read_secondary,"{""background_write_acknowledged"": true, ""reads"": [{""version"": 744, ""max_seen_before"": 743, ""violation"": false}, {""version"": 744, ""max_seen_before"": 744, ""violation"": false}]}"
20260919T065825Z_a37af91d,745,recovery,1789801120.5079143,1789801120.5171978,9.281,0,9.281,pass,,read_secondary,"{""background_write_acknowledged"": true, ""reads"": [{""version"": 745, ""max_seen_before"": 744, ""violation"": false}, {""version"": 745, ""max_seen_before"": 745, ""violation"": false}]}"
20260919T065825Z_a37af91d,746,recovery,1789801120.5171978,1789801120.5260572,9.066,0,9.066,pass,,read_secondary,"{""background_write_acknowledged"": true, ""reads"": [{""version"": 746, ""max_seen_before"": 745, ""violation"": false}, {""version"": 746, ""max_seen_before"": 746, ""violation"": false}]}"
20260919T065825Z_a37af91d,747,recovery,1789801120.5266278,1789801120.5350475,8.46,0,8.46,pass,,read_secondary,"{""background_write_acknowledged"": true, ""reads"": [{""version"": 747, ""max_seen_before"": 746, ""violation"": false}, {""version"": 747, ""max_seen_before"": 747, ""violation"": false}]}"
20260919T065825Z_a37af91d,748,recovery,1789801120.5350475,1789801120.5439298,8.866,0,8.866,pass,,read_secondary,"{""background_write_acknowledged"": true, ""reads"": [{""version"": 748, ""max_seen_before"": 747, ""violation"": false}, {""version"": 748, ""max_seen_before"": 748, ""violation"": false}]}"
20260919T065825Z_a37af91d,749,recovery,1789801120.5439298,1789801120.5520053,8.163,0,8.163,pass,,read_secondary,"{""background_write_acknowledged"": true, ""reads"": [{""version"": 749, ""max_seen_before"": 748, ""violation"": false}, {""version"": 749, ""max_seen_before"": 749, ""violation"": false}]}"
20260919T065825Z_a37af91d,750,recovery,1789801120.5520053,1789801120.5602715,8.576,0,8.576,pass,,read_secondary,"{""background_write_acknowledged"": true, ""reads"": [{""version"": 750, ""max_seen_before"": 749, ""violation"": false}, {""version"": 750, ""max_seen_before"": 750, ""violation"": false}]}"
20260919T065825Z_a37af91d,751,recovery,1789801120.5610514,1789801120.5700934,9.102,0,9.102,pass,,read_secondary,"{""background_write_acknowledged"": true, ""reads"": [{""version"": 751, ""max_seen_before"": 750, ""violation"": false}, {""version"": 751, ""max_seen_before"": 751, ""violation"": false}]}"
20260919T065825Z_a37af91d,752,recovery,1789801120.5700934,1789801120.5803268,10.39,0,10.39,pass,,read_secondary,"{""background_write_acknowledged"": true, ""reads"": [{""version"": 752, ""max_seen_before"": 751, ""violation"": false}, {""version"": 752, ""max_seen_before"": 752, ""violation"": false}]}"
20260919T065825Z_a37af91d,753,recovery,1789801120.5803268,1789801120.5897958,9.575,0,9.575,pass,,read_secondary,"{""background_write_acknowledged"": true, ""reads"": [{""version"": 753, ""max_seen_before"": 752, ""violation"": false}, {""version"": 753, ""max_seen_before"": 753, ""violation"": false}]}"
20260919T065825Z_a37af91d,754,recovery,1789801120.590503,1789801120.5985377,8.316,0,8.316,pass,,read_secondary,"{""background_write_acknowledged"": true, ""reads"": [{""version"": 754, ""max_seen_before"": 753, ""violation"": false}, {""version"": 754, ""max_seen_before"": 754, ""violation"": false}]}"
20260919T065825Z_a37af91d,755,recovery,1789801120.5985377,1789801120.608306,9.35,0,9.35,pass,,read_secondary,"{""background_write_acknowledged"": true, ""reads"": [{""version"": 755, ""max_seen_before"": 754, ""violation"": false}, {""version"": 755, ""max_seen_before"": 755, ""violation"": false}]}"
20260919T065825Z_a37af91d,756,recovery,1789801120.608306,1789801120.6181314,9.779,0,9.779,pass,,read_secondary,"{""background_write_acknowledged"": true, ""reads"": [{""version"": 756, ""max_seen_before"": 755, ""violation"": false}, {""version"": 756, ""max_seen_before"": 756, ""violation"": false}]}"
20260919T065825Z_a37af91d,757,recovery,1789801120.6181314,1789801120.6262858,8.693,0,8.693,pass,,read_secondary,"{""background_write_acknowledged"": true, ""reads"": [{""version"": 757, ""max_seen_before"": 756, ""violation"": false}, {""version"": 757, ""max_seen_before"": 757, ""violation"": false}]}"
20260919T065825Z_a37af91d,758,recovery,1789801120.627033,1789801120.6367843,9.924,0,9.924,pass,,read_secondary,"{""background_write_acknowledged"": true, ""reads"": [{""version"": 758, ""max_seen_before"": 757, ""violation"": false}, {""version"": 758, ""max_seen_before"": 758, ""violation"": false}]}"
20260919T065825Z_a37af91d,759,recovery,1789801120.6367843,1789801120.6486597,11.821,0,11.821,pass,,read_secondary,"{""background_write_acknowledged"": true, ""reads"": [{""version"": 759, ""max_seen_before"": 758, ""violation"": false}, {""version"": 759, ""max_seen_before"": 759, ""violation"": false}]}"
20260919T065825Z_a37af91d,760,recovery,1789801120.6486597,1789801120.6590962,10.357,0,10.357,pass,,read_secondary,"{""background_write_acknowledged"": true, ""reads"": [{""version"": 760, ""max_seen_before"": 759, ""violation"": false}, {""version"": 760, ""max_seen_before"": 760, ""violation"": false}]}"
20260919T065825Z_a37af91d,761,recovery,1789801120.6590962,1789801120.669699,10.516,0,10.516,pass,,read_secondary,"{""background_write_acknowledged"": true, ""reads"": [{""version"": 761, ""max_seen_before"": 760, ""violation"": false}, {""version"": 761, ""max_seen_before"": 761, ""violation"": false}]}"
20260919T065825Z_a37af91d,762,recovery,1789801120.6702135,1789801120.6797016,9.977,0,9.977,pass,,read_secondary,"{""background_write_acknowledged"": true, ""reads"": [{""version"": 762, ""max_seen_before"": 761, ""violation"": false}, {""version"": 762, ""max_seen_before"": 762, ""violation"": false}]}"
20260919T065825Z_a37af91d,763,recovery,1789801120.6797016,1789801120.6910522,10.886,0,10.886,pass,,read_secondary,"{""background_write_acknowledged"": true, ""reads"": [{""version"": 763, ""max_seen_before"": 762, ""violation"": false}, {""version"": 763, ""max_seen_before"": 763, ""violation"": false}]}"
20260919T065825Z_a37af91d,764,recovery,1789801120.6910522,1789801120.7018545,10.498,0,10.498,pass,,read_secondary,"{""background_write_acknowledged"": true, ""reads"": [{""version"": 764, ""max_seen_before"": 763, ""violation"": false}, {""version"": 764, ""max_seen_before"": 764, ""violation"": false}]}"
20260919T065825Z_a37af91d,765,recovery,1789801120.7018545,1789801120.7109103,9.08,0,9.08,pass,,read_secondary,"{""background_write_acknowledged"": true, ""reads"": [{""version"": 765, ""max_seen_before"": 764, ""violation"": false}, {""version"": 765, ""max_seen_before"": 765, ""violation"": false}]}"
20260919T065825Z_a37af91d,766,recovery,1789801120.7109103,1789801120.7200658,9.05,0,9.05,pass,,read_secondary,"{""background_write_acknowledged"": true, ""reads"": [{""version"": 766, ""max_seen_before"": 765, ""violation"": false}, {""version"": 766, ""max_seen_before"": 766, ""violation"": false}]}"
20260919T065825Z_a37af91d,767,recovery,1789801120.7200658,1789801120.7293143,9.377,0,9.377,pass,,read_secondary,"{""background_write_acknowledged"": true, ""reads"": [{""version"": 767, ""max_seen_before"": 766, ""violation"": false}, {""version"": 767, ""max_seen_before"": 767, ""violation"": false}]}"
20260919T065825Z_a37af91d,768,recovery,1789801120.7293143,1789801120.738107,8.845,0,8.845,pass,,read_secondary,"{""background_write_acknowledged"": true, ""reads"": [{""version"": 768, ""max_seen_before"": 767, ""violation"": false}, {""version"": 768, ""max_seen_before"": 768, ""violation"": false}]}"
20260919T065825Z_a37af91d,769,recovery,1789801120.738107,1789801120.747705,9.443,0,9.443,pass,,read_secondary,"{""background_write_acknowledged"": true, ""reads"": [{""version"": 769, ""max_seen_before"": 768, ""violation"": false}, {""version"": 769, ""max_seen_before"": 769, ""violation"": false}]}"
20260919T065825Z_a37af91d,770,recovery,1789801120.747705,1789801120.7562144,8.906,0,8.906,pass,,read_secondary,"{""background_write_acknowledged"": true, ""reads"": [{""version"": 770, ""max_seen_before"": 769, ""violation"": false}, {""version"": 770, ""max_seen_before"": 770, ""violation"": false}]}"
20260919T065825Z_a37af91d,771,recovery,1789801120.7572336,1789801120.7650628,8.58,0,8.58,pass,,read_secondary,"{""background_write_acknowledged"": true, ""reads"": [{""version"": 771, ""max_seen_before"": 770, ""violation"": false}, {""version"": 771, ""max_seen_before"": 771, ""violation"": false}]}"
20260919T065825Z_a37af91d,772,recovery,1789801120.765897,1789801120.775902,10.439,0,10.439,pass,,read_secondary,"{""background_write_acknowledged"": true, ""reads"": [{""version"": 772, ""max_seen_before"": 771, ""violation"": false}, {""version"": 772, ""max_seen_before"": 772, ""violation"": false}]}"
20260919T065825Z_a37af91d,773,recovery,1789801120.7764955,1789801120.785602,9.278,0,9.278,pass,,read_secondary,"{""background_write_acknowledged"": true, ""reads"": [{""version"": 773, ""max_seen_before"": 772, ""violation"": false}, {""version"": 773, ""max_seen_before"": 773, ""violation"": false}]}"
20260919T065825Z_a37af91d,774,recovery,1789801120.785602,1789801120.7939444,8.35,0,8.35,pass,,read_secondary,"{""background_write_acknowledged"": true, ""reads"": [{""version"": 774, ""max_seen_before"": 773, ""violation"": false}, {""version"": 774, ""max_seen_before"": 774, ""violation"": false}]}"
20260919T065825Z_a37af91d,775,recovery,1789801120.7939444,1789801120.8027594,8.617,0,8.617,pass,,read_secondary,"{""background_write_acknowledged"": true, ""reads"": [{""version"": 775, ""max_seen_before"": 774, ""violation"": false}, {""version"": 775, ""max_seen_before"": 775, ""violation"": false}]}"
20260919T065825Z_a37af91d,776,recovery,1789801120.8027594,1789801120.8129573,10.112,0,10.112,pass,,read_secondary,"{""background_write_acknowledged"": true, ""reads"": [{""version"": 776, ""max_seen_before"": 775, ""violation"": false}, {""version"": 776, ""max_seen_before"": 776, ""violation"": false}]}"
20260919T065825Z_a37af91d,777,recovery,1789801120.8129573,1789801120.82429,10.959,0,10.959,pass,,read_secondary,"{""background_write_acknowledged"": true, ""reads"": [{""version"": 777, ""max_seen_before"": 776, ""violation"": false}, {""version"": 777, ""max_seen_before"": 777, ""violation"": false}]}"
20260919T065825Z_a37af91d,778,recovery,1789801120.82429,1789801120.8351972,10.869,0,10.869,pass,,read_secondary,"{""background_write_acknowledged"": true, ""reads"": [{""version"": 778, ""max_seen_before"": 777, ""violation"": false}, {""version"": 778, ""max_seen_before"": 778, ""violation"": false}]}"
20260919T065825Z_a37af91d,779,recovery,1789801120.8351972,1789801120.8442576,9.1,0,9.1,pass,,read_secondary,"{""background_write_acknowledged"": true, ""reads"": [{""version"": 779, ""max_seen_before"": 778, ""violation"": false}, {""version"": 779, ""max_seen_before"": 779, ""violation"": false}]}"
20260919T065825Z_a37af91d,780,recovery,1789801120.8442576,1789801120.853666,8.934,0,8.934,pass,,read_secondary,"{""background_write_acknowledged"": true, ""reads"": [{""version"": 780, ""max_seen_before"": 779, ""violation"": false}, {""version"": 780, ""max_seen_before"": 780, ""violation"": false}]}"
20260919T065825Z_a37af91d,781,recovery,1789801120.853666,1789801120.8611357,7.914,0,7.914,pass,,read_secondary,"{""background_write_acknowledged"": true, ""reads"": [{""version"": 781, ""max_seen_before"": 780, ""violation"": false}, {""version"": 781, ""max_seen_before"": 781, ""violation"": false}]}"
20260919T065825Z_a37af91d,782,recovery,1789801120.8611357,1789801120.8700333,8.606,0,8.606,pass,,read_secondary,"{""background_write_acknowledged"": true, ""reads"": [{""version"": 782, ""max_seen_before"": 781, ""violation"": false}, {""version"": 782, ""max_seen_before"": 782, ""violation"": false}]}"
20260919T065825Z_a37af91d,783,recovery,1789801120.8700333,1789801120.8792589,8.852,0,8.852,pass,,read_secondary,"{""background_write_acknowledged"": true, ""reads"": [{""version"": 783, ""max_seen_before"": 782, ""violation"": false}, {""version"": 783, ""max_seen_before"": 783, ""violation"": false}]}"
20260919T065825Z_a37af91d,784,recovery,1789801120.8792589,1789801120.887221,7.844,0,7.844,pass,,read_secondary,"{""background_write_acknowledged"": true, ""reads"": [{""version"": 784, ""max_seen_before"": 783, ""violation"": false}, {""version"": 784, ""max_seen_before"": 784, ""violation"": false}]}"
20260919T065825Z_a37af91d,785,recovery,1789801120.887221,1789801120.895451,8.453,0,8.453,pass,,read_secondary,"{""background_write_acknowledged"": true, ""reads"": [{""version"": 785, ""max_seen_before"": 784, ""violation"": false}, {""version"": 785, ""max_seen_before"": 785, ""violation"": false}]}"
20260919T065825Z_a37af91d,786,recovery,1789801120.895451,1789801120.9033024,8.089,0,8.089,pass,,read_secondary,"{""background_write_acknowledged"": true, ""reads"": [{""version"": 786, ""max_seen_before"": 785, ""violation"": false}, {""version"": 786, ""max_seen_before"": 786, ""violation"": false}]}"
20260919T065825Z_a37af91d,787,recovery,1789801120.9041038,1789801120.9116275,7.954,0,7.954,pass,,read_secondary,"{""background_write_acknowledged"": true, ""reads"": [{""version"": 787, ""max_seen_before"": 786, ""violation"": false}, {""version"": 787, ""max_seen_before"": 787, ""violation"": false}]}"
20260919T065825Z_a37af91d,788,recovery,1789801120.9122026,1789801120.9197936,8.151,0,8.151,pass,,read_secondary,"{""background_write_acknowledged"": true, ""reads"": [{""version"": 788, ""max_seen_before"": 787, ""violation"": false}, {""version"": 788, ""max_seen_before"": 788, ""violation"": false}]}"
20260919T065825Z_a37af91d,789,recovery,1789801120.9203894,1789801120.9303312,10.321,0,10.321,pass,,read_secondary,"{""background_write_acknowledged"": true, ""reads"": [{""version"": 789, ""max_seen_before"": 788, ""violation"": false}, {""version"": 789, ""max_seen_before"": 789, ""violation"": false}]}"
20260919T065825Z_a37af91d,790,recovery,1789801120.9303312,1789801120.9433312,12.467,0,12.467,pass,,read_secondary,"{""background_write_acknowledged"": true, ""reads"": [{""version"": 790, ""max_seen_before"": 789, ""violation"": false}, {""version"": 790, ""max_seen_before"": 790, ""violation"": false}]}"
20260919T065825Z_a37af91d,791,recovery,1789801120.9433312,1789801120.950898,7.92,0,7.92,pass,,read_secondary,"{""background_write_acknowledged"": true, ""reads"": [{""version"": 791, ""max_seen_before"": 790, ""violation"": false}, {""version"": 791, ""max_seen_before"": 791, ""violation"": false}]}"
20260919T065825Z_a37af91d,792,recovery,1789801120.950898,1789801120.959748,8.875,0,8.875,pass,,read_secondary,"{""background_write_acknowledged"": true, ""reads"": [{""version"": 792, ""max_seen_before"": 791, ""violation"": false}, {""version"": 792, ""max_seen_before"": 792, ""violation"": false}]}"
20260919T065825Z_a37af91d,793,recovery,1789801120.9603384,1789801120.9682975,8.017,0,8.017,pass,,read_secondary,"{""background_write_acknowledged"": true, ""reads"": [{""version"": 793, ""max_seen_before"": 792, ""violation"": false}, {""version"": 793, ""max_seen_before"": 793, ""violation"": false}]}"
20260919T065825Z_a37af91d,794,recovery,1789801120.9682975,1789801120.9785333,10.105,0,10.105,pass,,read_secondary,"{""background_write_acknowledged"": true, ""reads"": [{""version"": 794, ""max_seen_before"": 793, ""violation"": false}, {""version"": 794, ""max_seen_before"": 794, ""violation"": false}]}"
20260919T065825Z_a37af91d,795,recovery,1789801120.9785333,1789801120.9881907,9.908,0,9.908,pass,,read_secondary,"{""background_write_acknowledged"": true, ""reads"": [{""version"": 795, ""max_seen_before"": 794, ""violation"": false}, {""version"": 795, ""max_seen_before"": 795, ""violation"": false}]}"
20260919T065825Z_a37af91d,796,recovery,1789801120.9881907,1789801120.9976826,9.387,0,9.387,pass,,read_secondary,"{""background_write_acknowledged"": true, ""reads"": [{""version"": 796, ""max_seen_before"": 795, ""violation"": false}, {""version"": 796, ""max_seen_before"": 796, ""violation"": false}]}"
20260919T065825Z_a37af91d,797,recovery,1789801120.9976826,1789801121.0098426,12.103,0,12.103,pass,,read_secondary,"{""background_write_acknowledged"": true, ""reads"": [{""version"": 797, ""max_seen_before"": 796, ""violation"": false}, {""version"": 797, ""max_seen_before"": 797, ""violation"": false}]}"
20260919T065825Z_a37af91d,798,recovery,1789801121.0098426,1789801121.0205135,10.609,0,10.609,pass,,read_secondary,"{""background_write_acknowledged"": true, ""reads"": [{""version"": 798, ""max_seen_before"": 797, ""violation"": false}, {""version"": 798, ""max_seen_before"": 798, ""violation"": false}]}"
20260919T065825Z_a37af91d,799,recovery,1789801121.0210829,1789801121.029262,8.667,0,8.667,pass,,read_secondary,"{""background_write_acknowledged"": true, ""reads"": [{""version"": 799, ""max_seen_before"": 798, ""violation"": false}, {""version"": 799, ""max_seen_before"": 799, ""violation"": false}]}"
20260919T065825Z_a37af91d,800,recovery,1789801121.029262,1789801121.0391326,9.646,0,9.646,pass,,read_secondary,"{""background_write_acknowledged"": true, ""reads"": [{""version"": 800, ""max_seen_before"": 799, ""violation"": false}, {""version"": 800, ""max_seen_before"": 800, ""violation"": false}]}"
20260919T065825Z_a37af91d,801,recovery,1789801121.0452492,1789801121.0565739,11.35,0,11.35,pass,,read_secondary,"{""background_write_acknowledged"": true, ""reads"": [{""version"": 801, ""max_seen_before"": 800, ""violation"": false}, {""version"": 801, ""max_seen_before"": 801, ""violation"": false}]}"
20260919T065825Z_a37af91d,802,recovery,1789801121.0565739,1789801121.0669286,10.196,0,10.196,pass,,read_secondary,"{""background_write_acknowledged"": true, ""reads"": [{""version"": 802, ""max_seen_before"": 801, ""violation"": false}, {""version"": 802, ""max_seen_before"": 802, ""violation"": false}]}"
20260919T065825Z_a37af91d,803,recovery,1789801121.0669286,1789801121.0762064,9.394,0,9.394,pass,,read_secondary,"{""background_write_acknowledged"": true, ""reads"": [{""version"": 803, ""max_seen_before"": 802, ""violation"": false}, {""version"": 803, ""max_seen_before"": 803, ""violation"": false}]}"
20260919T065825Z_a37af91d,804,recovery,1789801121.0762064,1789801121.085544,8.932,0,8.932,pass,,read_secondary,"{""background_write_acknowledged"": true, ""reads"": [{""version"": 804, ""max_seen_before"": 803, ""violation"": false}, {""version"": 804, ""max_seen_before"": 804, ""violation"": false}]}"
20260919T065825Z_a37af91d,805,recovery,1789801121.085544,1789801121.0944622,9.159,0,9.159,pass,,read_secondary,"{""background_write_acknowledged"": true, ""reads"": [{""version"": 805, ""max_seen_before"": 804, ""violation"": false}, {""version"": 805, ""max_seen_before"": 805, ""violation"": false}]}"
20260919T065825Z_a37af91d,806,recovery,1789801121.0944622,1789801121.1040537,9.276,0,9.276,pass,,read_secondary,"{""background_write_acknowledged"": true, ""reads"": [{""version"": 806, ""max_seen_before"": 805, ""violation"": false}, {""version"": 806, ""max_seen_before"": 806, ""violation"": false}]}"
20260919T065825Z_a37af91d,807,recovery,1789801121.1040537,1789801121.1132002,9.27,0,9.27,pass,,read_secondary,"{""background_write_acknowledged"": true, ""reads"": [{""version"": 807, ""max_seen_before"": 806, ""violation"": false}, {""version"": 807, ""max_seen_before"": 807, ""violation"": false}]}"
20260919T065825Z_a37af91d,808,recovery,1789801121.1132002,1789801121.122856,9.197,0,9.197,pass,,read_secondary,"{""background_write_acknowledged"": true, ""reads"": [{""version"": 808, ""max_seen_before"": 807, ""violation"": false}, {""version"": 808, ""max_seen_before"": 808, ""violation"": false}]}"
20260919T065825Z_a37af91d,809,recovery,1789801121.122856,1789801121.1318786,9.371,0,9.371,pass,,read_secondary,"{""background_write_acknowledged"": true, ""reads"": [{""version"": 809, ""max_seen_before"": 808, ""violation"": false}, {""version"": 809, ""max_seen_before"": 809, ""violation"": false}]}"
20260919T065825Z_a37af91d,810,recovery,1789801121.1324625,1789801121.1422446,10.04,0,10.04,pass,,read_secondary,"{""background_write_acknowledged"": true, ""reads"": [{""version"": 810, ""max_seen_before"": 809, ""violation"": false}, {""version"": 810, ""max_seen_before"": 810, ""violation"": false}]}"
20260919T065825Z_a37af91d,811,recovery,1789801121.1422446,1789801121.1524458,10.337,0,10.337,pass,,read_secondary,"{""background_write_acknowledged"": true, ""reads"": [{""version"": 811, ""max_seen_before"": 810, ""violation"": false}, {""version"": 811, ""max_seen_before"": 811, ""violation"": false}]}"
20260919T065825Z_a37af91d,812,recovery,1789801121.1530437,1789801121.1619925,9.262,0,9.262,pass,,read_secondary,"{""background_write_acknowledged"": true, ""reads"": [{""version"": 812, ""max_seen_before"": 811, ""violation"": false}, {""version"": 812, ""max_seen_before"": 812, ""violation"": false}]}"
20260919T065825Z_a37af91d,813,recovery,1789801121.1619925,1789801121.1712801,9.086,0,9.086,pass,,read_secondary,"{""background_write_acknowledged"": true, ""reads"": [{""version"": 813, ""max_seen_before"": 812, ""violation"": false}, {""version"": 813, ""max_seen_before"": 813, ""violation"": false}]}"
20260919T065825Z_a37af91d,814,recovery,1789801121.1712801,1789801121.1809206,9.692,0,9.692,pass,,read_secondary,"{""background_write_acknowledged"": true, ""reads"": [{""version"": 814, ""max_seen_before"": 813, ""violation"": false}, {""version"": 814, ""max_seen_before"": 814, ""violation"": false}]}"
20260919T065825Z_a37af91d,815,recovery,1789801121.1814804,1789801121.1910582,9.578,0,9.578,pass,,read_secondary,"{""background_write_acknowledged"": true, ""reads"": [{""version"": 815, ""max_seen_before"": 814, ""violation"": false}, {""version"": 815, ""max_seen_before"": 815, ""violation"": false}]}"
20260919T065825Z_a37af91d,816,recovery,1789801121.1910582,1789801121.200643,9.82,0,9.82,pass,,read_secondary,"{""background_write_acknowledged"": true, ""reads"": [{""version"": 816, ""max_seen_before"": 815, ""violation"": false}, {""version"": 816, ""max_seen_before"": 816, ""violation"": false}]}"
20260919T065825Z_a37af91d,817,recovery,1789801121.200643,1789801121.2113373,10.227,0,10.227,pass,,read_secondary,"{""background_write_acknowledged"": true, ""reads"": [{""version"": 817, ""max_seen_before"": 816, ""violation"": false}, {""version"": 817, ""max_seen_before"": 817, ""violation"": false}]}"
20260919T065825Z_a37af91d,818,recovery,1789801121.2113373,1789801121.2224836,11.302,0,11.302,pass,,read_secondary,"{""background_write_acknowledged"": true, ""reads"": [{""version"": 818, ""max_seen_before"": 817, ""violation"": false}, {""version"": 818, ""max_seen_before"": 818, ""violation"": false}]}"
20260919T065825Z_a37af91d,819,recovery,1789801121.2224836,1789801121.2334948,10.675,0,10.675,pass,,read_secondary,"{""background_write_acknowledged"": true, ""reads"": [{""version"": 819, ""max_seen_before"": 818, ""violation"": false}, {""version"": 819, ""max_seen_before"": 819, ""violation"": false}]}"
20260919T065825Z_a37af91d,820,recovery,1789801121.2334948,1789801121.243749,10.326,0,10.326,pass,,read_secondary,"{""background_write_acknowledged"": true, ""reads"": [{""version"": 820, ""max_seen_before"": 819, ""violation"": false}, {""version"": 820, ""max_seen_before"": 820, ""violation"": false}]}"
20260919T065825Z_a37af91d,821,recovery,1789801121.243749,1789801121.253505,9.649,0,9.649,pass,,read_secondary,"{""background_write_acknowledged"": true, ""reads"": [{""version"": 821, ""max_seen_before"": 820, ""violation"": false}, {""version"": 821, ""max_seen_before"": 821, ""violation"": false}]}"
20260919T065825Z_a37af91d,822,recovery,1789801121.253505,1789801121.264376,10.713,0,10.713,pass,,read_secondary,"{""background_write_acknowledged"": true, ""reads"": [{""version"": 822, ""max_seen_before"": 821, ""violation"": false}, {""version"": 822, ""max_seen_before"": 822, ""violation"": false}]}"
20260919T065825Z_a37af91d,823,recovery,1789801121.264376,1789801121.2748325,10.169,0,10.169,pass,,read_secondary,"{""background_write_acknowledged"": true, ""reads"": [{""version"": 823, ""max_seen_before"": 822, ""violation"": false}, {""version"": 823, ""max_seen_before"": 823, ""violation"": false}]}"
20260919T065825Z_a37af91d,824,recovery,1789801121.2748325,1789801121.2841127,9.559,0,9.559,pass,,read_secondary,"{""background_write_acknowledged"": true, ""reads"": [{""version"": 824, ""max_seen_before"": 823, ""violation"": false}, {""version"": 824, ""max_seen_before"": 824, ""violation"": false}]}"
20260919T065825Z_a37af91d,825,recovery,1789801121.2841127,1789801121.2947583,10.525,0,10.525,pass,,read_secondary,"{""background_write_acknowledged"": true, ""reads"": [{""version"": 825, ""max_seen_before"": 824, ""violation"": false}, {""version"": 825, ""max_seen_before"": 825, ""violation"": false}]}"
20260919T065825Z_a37af91d,826,recovery,1789801121.2947583,1789801121.3049753,9.997,0,9.997,pass,,read_secondary,"{""background_write_acknowledged"": true, ""reads"": [{""version"": 826, ""max_seen_before"": 825, ""violation"": false}, {""version"": 826, ""max_seen_before"": 826, ""violation"": false}]}"
20260919T065825Z_a37af91d,827,recovery,1789801121.3049753,1789801121.3149505,9.741,0,9.741,pass,,read_secondary,"{""background_write_acknowledged"": true, ""reads"": [{""version"": 827, ""max_seen_before"": 826, ""violation"": false}, {""version"": 827, ""max_seen_before"": 827, ""violation"": false}]}"
20260919T065825Z_a37af91d,828,recovery,1789801121.3149505,1789801121.32539,10.088,0,10.088,pass,,read_secondary,"{""background_write_acknowledged"": true, ""reads"": [{""version"": 828, ""max_seen_before"": 827, ""violation"": false}, {""version"": 828, ""max_seen_before"": 828, ""violation"": false}]}"
20260919T065825Z_a37af91d,829,recovery,1789801121.32539,1789801121.3368087,11.237,0,11.237,pass,,read_secondary,"{""background_write_acknowledged"": true, ""reads"": [{""version"": 829, ""max_seen_before"": 828, ""violation"": false}, {""version"": 829, ""max_seen_before"": 829, ""violation"": false}]}"
20260919T065825Z_a37af91d,830,recovery,1789801121.3368087,1789801121.3473308,10.642,0,10.642,pass,,read_secondary,"{""background_write_acknowledged"": true, ""reads"": [{""version"": 830, ""max_seen_before"": 829, ""violation"": false}, {""version"": 830, ""max_seen_before"": 830, ""violation"": false}]}"
20260919T065825Z_a37af91d,831,recovery,1789801121.3473308,1789801121.3582952,10.584,0,10.584,pass,,read_secondary,"{""background_write_acknowledged"": true, ""reads"": [{""version"": 831, ""max_seen_before"": 830, ""violation"": false}, {""version"": 831, ""max_seen_before"": 831, ""violation"": false}]}"
20260919T065825Z_a37af91d,832,recovery,1789801121.3582952,1789801121.368719,10.463,0,10.463,pass,,read_secondary,"{""background_write_acknowledged"": true, ""reads"": [{""version"": 832, ""max_seen_before"": 831, ""violation"": false}, {""version"": 832, ""max_seen_before"": 832, ""violation"": false}]}"
20260919T065825Z_a37af91d,833,recovery,1789801121.368719,1789801121.3790445,10.481,0,10.481,pass,,read_secondary,"{""background_write_acknowledged"": true, ""reads"": [{""version"": 833, ""max_seen_before"": 832, ""violation"": false}, {""version"": 833, ""max_seen_before"": 833, ""violation"": false}]}"
20260919T065825Z_a37af91d,834,recovery,1789801121.3796637,1789801121.3888896,9.623,0,9.623,pass,,read_secondary,"{""background_write_acknowledged"": true, ""reads"": [{""version"": 834, ""max_seen_before"": 833, ""violation"": false}, {""version"": 834, ""max_seen_before"": 834, ""violation"": false}]}"
20260919T065825Z_a37af91d,835,recovery,1789801121.389441,1789801121.3994436,10.163,0,10.163,pass,,read_secondary,"{""background_write_acknowledged"": true, ""reads"": [{""version"": 835, ""max_seen_before"": 834, ""violation"": false}, {""version"": 835, ""max_seen_before"": 835, ""violation"": false}]}"
20260919T065825Z_a37af91d,836,recovery,1789801121.3994436,1789801121.4096484,9.949,0,9.949,pass,,read_secondary,"{""background_write_acknowledged"": true, ""reads"": [{""version"": 836, ""max_seen_before"": 835, ""violation"": false}, {""version"": 836, ""max_seen_before"": 836, ""violation"": false}]}"
20260919T065825Z_a37af91d,837,recovery,1789801121.4096484,1789801121.4193904,9.835,0,9.835,pass,,read_secondary,"{""background_write_acknowledged"": true, ""reads"": [{""version"": 837, ""max_seen_before"": 836, ""violation"": false}, {""version"": 837, ""max_seen_before"": 837, ""violation"": false}]}"
20260919T065825Z_a37af91d,838,recovery,1789801121.4193904,1789801121.4291668,9.926,0,9.926,pass,,read_secondary,"{""background_write_acknowledged"": true, ""reads"": [{""version"": 838, ""max_seen_before"": 837, ""violation"": false}, {""version"": 838, ""max_seen_before"": 838, ""violation"": false}]}"
20260919T065825Z_a37af91d,839,recovery,1789801121.4297886,1789801121.4397986,10.128,0,10.128,pass,,read_secondary,"{""background_write_acknowledged"": true, ""reads"": [{""version"": 839, ""max_seen_before"": 838, ""violation"": false}, {""version"": 839, ""max_seen_before"": 839, ""violation"": false}]}"
20260919T065825Z_a37af91d,840,recovery,1789801121.4397986,1789801121.4493756,9.698,0,9.698,pass,,read_secondary,"{""background_write_acknowledged"": true, ""reads"": [{""version"": 840, ""max_seen_before"": 839, ""violation"": false}, {""version"": 840, ""max_seen_before"": 840, ""violation"": false}]}"
20260919T065825Z_a37af91d,841,recovery,1789801121.4493756,1789801121.4601545,10.546,0,10.546,pass,,read_secondary,"{""background_write_acknowledged"": true, ""reads"": [{""version"": 841, ""max_seen_before"": 840, ""violation"": false}, {""version"": 841, ""max_seen_before"": 841, ""violation"": false}]}"
20260919T065825Z_a37af91d,842,recovery,1789801121.4601545,1789801121.470645,10.413,0,10.413,pass,,read_secondary,"{""background_write_acknowledged"": true, ""reads"": [{""version"": 842, ""max_seen_before"": 841, ""violation"": false}, {""version"": 842, ""max_seen_before"": 842, ""violation"": false}]}"
20260919T065825Z_a37af91d,843,recovery,1789801121.470645,1789801121.4809334,9.996,0,9.996,pass,,read_secondary,"{""background_write_acknowledged"": true, ""reads"": [{""version"": 843, ""max_seen_before"": 842, ""violation"": false}, {""version"": 843, ""max_seen_before"": 843, ""violation"": false}]}"
20260919T065825Z_a37af91d,844,recovery,1789801121.4809334,1789801121.490758,9.602,0,9.602,pass,,read_secondary,"{""background_write_acknowledged"": true, ""reads"": [{""version"": 844, ""max_seen_before"": 843, ""violation"": false}, {""version"": 844, ""max_seen_before"": 844, ""violation"": false}]}"
20260919T065825Z_a37af91d,845,recovery,1789801121.490758,1789801121.5007994,10.207,0,10.207,pass,,read_secondary,"{""background_write_acknowledged"": true, ""reads"": [{""version"": 845, ""max_seen_before"": 844, ""violation"": false}, {""version"": 845, ""max_seen_before"": 845, ""violation"": false}]}"
20260919T065825Z_a37af91d,846,recovery,1789801121.5007994,1789801121.5101829,9.206,0,9.206,pass,,read_secondary,"{""background_write_acknowledged"": true, ""reads"": [{""version"": 846, ""max_seen_before"": 845, ""violation"": false}, {""version"": 846, ""max_seen_before"": 846, ""violation"": false}]}"
20260919T065825Z_a37af91d,847,recovery,1789801121.5101829,1789801121.5198812,9.885,0,9.885,pass,,read_secondary,"{""background_write_acknowledged"": true, ""reads"": [{""version"": 847, ""max_seen_before"": 846, ""violation"": false}, {""version"": 847, ""max_seen_before"": 847, ""violation"": false}]}"
20260919T065825Z_a37af91d,848,recovery,1789801121.5205092,1789801121.5308595,10.402,0,10.402,pass,,read_secondary,"{""background_write_acknowledged"": true, ""reads"": [{""version"": 848, ""max_seen_before"": 847, ""violation"": false}, {""version"": 848, ""max_seen_before"": 848, ""violation"": false}]}"
20260919T065825Z_a37af91d,849,recovery,1789801121.5308595,1789801121.541215,10.324,0,10.324,pass,,read_secondary,"{""background_write_acknowledged"": true, ""reads"": [{""version"": 849, ""max_seen_before"": 848, ""violation"": false}, {""version"": 849, ""max_seen_before"": 849, ""violation"": false}]}"
20260919T065825Z_a37af91d,850,recovery,1789801121.541215,1789801121.55097,9.519,0,9.519,pass,,read_secondary,"{""background_write_acknowledged"": true, ""reads"": [{""version"": 850, ""max_seen_before"": 849, ""violation"": false}, {""version"": 850, ""max_seen_before"": 850, ""violation"": false}]}"
20260919T065825Z_a37af91d,851,recovery,1789801121.55097,1789801121.5609572,9.957,0,9.957,pass,,read_secondary,"{""background_write_acknowledged"": true, ""reads"": [{""version"": 851, ""max_seen_before"": 850, ""violation"": false}, {""version"": 851, ""max_seen_before"": 851, ""violation"": false}]}"
20260919T065825Z_a37af91d,852,recovery,1789801121.5609572,1789801121.5707772,9.803,0,9.803,pass,,read_secondary,"{""background_write_acknowledged"": true, ""reads"": [{""version"": 852, ""max_seen_before"": 851, ""violation"": false}, {""version"": 852, ""max_seen_before"": 852, ""violation"": false}]}"
20260919T065825Z_a37af91d,853,recovery,1789801121.5707772,1789801121.5805972,9.78,0,9.78,pass,,read_secondary,"{""background_write_acknowledged"": true, ""reads"": [{""version"": 853, ""max_seen_before"": 852, ""violation"": false}, {""version"": 853, ""max_seen_before"": 853, ""violation"": false}]}"
20260919T065825Z_a37af91d,854,recovery,1789801121.5805972,1789801121.5907516,9.725,0,9.725,pass,,read_secondary,"{""background_write_acknowledged"": true, ""reads"": [{""version"": 854, ""max_seen_before"": 853, ""violation"": false}, {""version"": 854, ""max_seen_before"": 854, ""violation"": false}]}"
20260919T065825Z_a37af91d,855,recovery,1789801121.5907516,1789801121.6000938,9.351,0,9.351,pass,,read_secondary,"{""background_write_acknowledged"": true, ""reads"": [{""version"": 855, ""max_seen_before"": 854, ""violation"": false}, {""version"": 855, ""max_seen_before"": 855, ""violation"": false}]}"
20260919T065825Z_a37af91d,856,recovery,1789801121.6000938,1789801121.6094766,9.577,0,9.577,pass,,read_secondary,"{""background_write_acknowledged"": true, ""reads"": [{""version"": 856, ""max_seen_before"": 855, ""violation"": false}, {""version"": 856, ""max_seen_before"": 856, ""violation"": false}]}"
20260919T065825Z_a37af91d,857,recovery,1789801121.6094766,1789801121.6186242,8.96,0,8.96,pass,,read_secondary,"{""background_write_acknowledged"": true, ""reads"": [{""version"": 857, ""max_seen_before"": 856, ""violation"": false}, {""version"": 857, ""max_seen_before"": 857, ""violation"": false}]}"
20260919T065825Z_a37af91d,858,recovery,1789801121.6191895,1789801121.6290278,9.863,0,9.863,pass,,read_secondary,"{""background_write_acknowledged"": true, ""reads"": [{""version"": 858, ""max_seen_before"": 857, ""violation"": false}, {""version"": 858, ""max_seen_before"": 858, ""violation"": false}]}"
20260919T065825Z_a37af91d,859,recovery,1789801121.6290278,1789801121.639761,10.737,0,10.737,pass,,read_secondary,"{""background_write_acknowledged"": true, ""reads"": [{""version"": 859, ""max_seen_before"": 858, ""violation"": false}, {""version"": 859, ""max_seen_before"": 859, ""violation"": false}]}"
20260919T065825Z_a37af91d,860,recovery,1789801121.639761,1789801121.6503065,10.514,0,10.514,pass,,read_secondary,"{""background_write_acknowledged"": true, ""reads"": [{""version"": 860, ""max_seen_before"": 859, ""violation"": false}, {""version"": 860, ""max_seen_before"": 860, ""violation"": false}]}"
20260919T065825Z_a37af91d,861,recovery,1789801121.6503065,1789801121.6599035,9.712,0,9.712,pass,,read_secondary,"{""background_write_acknowledged"": true, ""reads"": [{""version"": 861, ""max_seen_before"": 860, ""violation"": false}, {""version"": 861, ""max_seen_before"": 861, ""violation"": false}]}"
20260919T065825Z_a37af91d,862,recovery,1789801121.660485,1789801121.6709108,10.597,0,10.597,pass,,read_secondary,"{""background_write_acknowledged"": true, ""reads"": [{""version"": 862, ""max_seen_before"": 861, ""violation"": false}, {""version"": 862, ""max_seen_before"": 862, ""violation"": false}]}"
20260919T065825Z_a37af91d,863,recovery,1789801121.6709108,1789801121.681114,10.319,0,10.319,pass,,read_secondary,"{""background_write_acknowledged"": true, ""reads"": [{""version"": 863, ""max_seen_before"": 862, ""violation"": false}, {""version"": 863, ""max_seen_before"": 863, ""violation"": false}]}"
20260919T065825Z_a37af91d,864,recovery,1789801121.681114,1789801121.6915255,10.365,0,10.365,pass,,read_secondary,"{""background_write_acknowledged"": true, ""reads"": [{""version"": 864, ""max_seen_before"": 863, ""violation"": false}, {""version"": 864, ""max_seen_before"": 864, ""violation"": false}]}"
20260919T065825Z_a37af91d,865,recovery,1789801121.6921363,1789801121.7042375,12.23,0,12.23,pass,,read_secondary,"{""background_write_acknowledged"": true, ""reads"": [{""version"": 865, ""max_seen_before"": 864, ""violation"": false}, {""version"": 865, ""max_seen_before"": 865, ""violation"": false}]}"
20260919T065825Z_a37af91d,866,recovery,1789801121.7042375,1789801121.7153902,10.934,0,10.934,pass,,read_secondary,"{""background_write_acknowledged"": true, ""reads"": [{""version"": 866, ""max_seen_before"": 865, ""violation"": false}, {""version"": 866, ""max_seen_before"": 866, ""violation"": false}]}"
20260919T065825Z_a37af91d,867,recovery,1789801121.7153902,1789801121.7267888,11.421,0,11.421,pass,,read_secondary,"{""background_write_acknowledged"": true, ""reads"": [{""version"": 867, ""max_seen_before"": 866, ""violation"": false}, {""version"": 867, ""max_seen_before"": 867, ""violation"": false}]}"
20260919T065825Z_a37af91d,868,recovery,1789801121.7267888,1789801121.7380803,10.88,0,10.88,pass,,read_secondary,"{""background_write_acknowledged"": true, ""reads"": [{""version"": 868, ""max_seen_before"": 867, ""violation"": false}, {""version"": 868, ""max_seen_before"": 868, ""violation"": false}]}"
20260919T065825Z_a37af91d,869,recovery,1789801121.7380803,1789801121.7485046,10.327,0,10.327,pass,,read_secondary,"{""background_write_acknowledged"": true, ""reads"": [{""version"": 869, ""max_seen_before"": 868, ""violation"": false}, {""version"": 869, ""max_seen_before"": 869, ""violation"": false}]}"
20260919T065825Z_a37af91d,870,recovery,1789801121.7485046,1789801121.7593205,10.483,0,10.483,pass,,read_secondary,"{""background_write_acknowledged"": true, ""reads"": [{""version"": 870, ""max_seen_before"": 869, ""violation"": false}, {""version"": 870, ""max_seen_before"": 870, ""violation"": false}]}"
20260919T065825Z_a37af91d,871,recovery,1789801121.7593205,1789801121.769401,10.379,0,10.379,pass,,read_secondary,"{""background_write_acknowledged"": true, ""reads"": [{""version"": 871, ""max_seen_before"": 870, ""violation"": false}, {""version"": 871, ""max_seen_before"": 871, ""violation"": false}]}"
20260919T065825Z_a37af91d,872,recovery,1789801121.7699628,1789801121.780299,10.849,0,10.849,pass,,read_secondary,"{""background_write_acknowledged"": true, ""reads"": [{""version"": 872, ""max_seen_before"": 871, ""violation"": false}, {""version"": 872, ""max_seen_before"": 872, ""violation"": false}]}"
20260919T065825Z_a37af91d,873,recovery,1789801121.780898,1789801121.7919302,11.363,0,11.363,pass,,read_secondary,"{""background_write_acknowledged"": true, ""reads"": [{""version"": 873, ""max_seen_before"": 872, ""violation"": false}, {""version"": 873, ""max_seen_before"": 873, ""violation"": false}]}"
20260919T065825Z_a37af91d,874,recovery,1789801121.7919302,1789801121.8031507,10.698,0,10.698,pass,,read_secondary,"{""background_write_acknowledged"": true, ""reads"": [{""version"": 874, ""max_seen_before"": 873, ""violation"": false}, {""version"": 874, ""max_seen_before"": 874, ""violation"": false}]}"
20260919T065825Z_a37af91d,875,recovery,1789801121.8031507,1789801121.8128662,9.763,0,9.763,pass,,read_secondary,"{""background_write_acknowledged"": true, ""reads"": [{""version"": 875, ""max_seen_before"": 874, ""violation"": false}, {""version"": 875, ""max_seen_before"": 875, ""violation"": false}]}"
20260919T065825Z_a37af91d,876,recovery,1789801121.8128662,1789801121.824025,11.152,0,11.152,pass,,read_secondary,"{""background_write_acknowledged"": true, ""reads"": [{""version"": 876, ""max_seen_before"": 875, ""violation"": false}, {""version"": 876, ""max_seen_before"": 876, ""violation"": false}]}"
20260919T065825Z_a37af91d,877,recovery,1789801121.824025,1789801121.8344643,10.09,0,10.09,pass,,read_secondary,"{""background_write_acknowledged"": true, ""reads"": [{""version"": 877, ""max_seen_before"": 876, ""violation"": false}, {""version"": 877, ""max_seen_before"": 877, ""violation"": false}]}"
20260919T065825Z_a37af91d,878,recovery,1789801121.8344643,1789801121.8458128,11.292,0,11.292,pass,,read_secondary,"{""background_write_acknowledged"": true, ""reads"": [{""version"": 878, ""max_seen_before"": 877, ""violation"": false}, {""version"": 878, ""max_seen_before"": 878, ""violation"": false}]}"
20260919T065825Z_a37af91d,879,recovery,1789801121.8458128,1789801121.8567317,10.981,0,10.981,pass,,read_secondary,"{""background_write_acknowledged"": true, ""reads"": [{""version"": 879, ""max_seen_before"": 878, ""violation"": false}, {""version"": 879, ""max_seen_before"": 879, ""violation"": false}]}"
20260919T065825Z_a37af91d,880,recovery,1789801121.8567317,1789801121.8687005,11.44,0,11.44,pass,,read_secondary,"{""background_write_acknowledged"": true, ""reads"": [{""version"": 880, ""max_seen_before"": 879, ""violation"": false}, {""version"": 880, ""max_seen_before"": 880, ""violation"": false}]}"
20260919T065825Z_a37af91d,881,recovery,1789801121.8687005,1789801121.879394,10.832,0,10.832,pass,,read_secondary,"{""background_write_acknowledged"": true, ""reads"": [{""version"": 881, ""max_seen_before"": 880, ""violation"": false}, {""version"": 881, ""max_seen_before"": 881, ""violation"": false}]}"
20260919T065825Z_a37af91d,882,recovery,1789801121.879394,1789801121.8905845,11.2,0,11.2,pass,,read_secondary,"{""background_write_acknowledged"": true, ""reads"": [{""version"": 882, ""max_seen_before"": 881, ""violation"": false}, {""version"": 882, ""max_seen_before"": 882, ""violation"": false}]}"
20260919T065825Z_a37af91d,883,recovery,1789801121.8911543,1789801121.9012938,10.376,0,10.376,pass,,read_secondary,"{""background_write_acknowledged"": true, ""reads"": [{""version"": 883, ""max_seen_before"": 882, ""violation"": false}, {""version"": 883, ""max_seen_before"": 883, ""violation"": false}]}"
20260919T065825Z_a37af91d,884,recovery,1789801121.9012938,1789801121.9131804,11.642,0,11.642,pass,,read_secondary,"{""background_write_acknowledged"": true, ""reads"": [{""version"": 884, ""max_seen_before"": 883, ""violation"": false}, {""version"": 884, ""max_seen_before"": 884, ""violation"": false}]}"
20260919T065825Z_a37af91d,885,recovery,1789801121.9131804,1789801121.9231033,10.034,0,10.034,pass,,read_secondary,"{""background_write_acknowledged"": true, ""reads"": [{""version"": 885, ""max_seen_before"": 884, ""violation"": false}, {""version"": 885, ""max_seen_before"": 885, ""violation"": false}]}"
20260919T065825Z_a37af91d,886,recovery,1789801121.9231033,1789801121.9340878,10.894,0,10.894,pass,,read_secondary,"{""background_write_acknowledged"": true, ""reads"": [{""version"": 886, ""max_seen_before"": 885, ""violation"": false}, {""version"": 886, ""max_seen_before"": 886, ""violation"": false}]}"
20260919T065825Z_a37af91d,887,recovery,1789801121.9340878,1789801121.946631,12.347,0,12.347,pass,,read_secondary,"{""background_write_acknowledged"": true, ""reads"": [{""version"": 887, ""max_seen_before"": 886, ""violation"": false}, {""version"": 887, ""max_seen_before"": 887, ""violation"": false}]}"
20260919T065825Z_a37af91d,888,recovery,1789801121.946631,1789801121.95793,11.062,0,11.062,pass,,read_secondary,"{""background_write_acknowledged"": true, ""reads"": [{""version"": 888, ""max_seen_before"": 887, ""violation"": false}, {""version"": 888, ""max_seen_before"": 888, ""violation"": false}]}"
20260919T065825Z_a37af91d,889,recovery,1789801121.95793,1789801121.9689934,10.745,0,10.745,pass,,read_secondary,"{""background_write_acknowledged"": true, ""reads"": [{""version"": 889, ""max_seen_before"": 888, ""violation"": false}, {""version"": 889, ""max_seen_before"": 889, ""violation"": false}]}"
20260919T065825Z_a37af91d,890,recovery,1789801121.9689934,1789801121.980621,11.499,0,11.499,pass,,read_secondary,"{""background_write_acknowledged"": true, ""reads"": [{""version"": 890, ""max_seen_before"": 889, ""violation"": false}, {""version"": 890, ""max_seen_before"": 890, ""violation"": false}]}"
20260919T065825Z_a37af91d,891,recovery,1789801121.980621,1789801121.9918447,11.172,0,11.172,pass,,read_secondary,"{""background_write_acknowledged"": true, ""reads"": [{""version"": 891, ""max_seen_before"": 890, ""violation"": false}, {""version"": 891, ""max_seen_before"": 891, ""violation"": false}]}"
20260919T065825Z_a37af91d,892,recovery,1789801121.9918447,1789801122.0036316,11.768,0,11.768,pass,,read_secondary,"{""background_write_acknowledged"": true, ""reads"": [{""version"": 892, ""max_seen_before"": 891, ""violation"": false}, {""version"": 892, ""max_seen_before"": 892, ""violation"": false}]}"
20260919T065825Z_a37af91d,893,recovery,1789801122.0036316,1789801122.0164576,12.817,0,12.817,pass,,read_secondary,"{""background_write_acknowledged"": true, ""reads"": [{""version"": 893, ""max_seen_before"": 892, ""violation"": false}, {""version"": 893, ""max_seen_before"": 893, ""violation"": false}]}"
20260919T065825Z_a37af91d,894,recovery,1789801122.0170224,1789801122.0289068,12.283,0,12.283,pass,,read_secondary,"{""background_write_acknowledged"": true, ""reads"": [{""version"": 894, ""max_seen_before"": 893, ""violation"": false}, {""version"": 894, ""max_seen_before"": 894, ""violation"": false}]}"
20260919T065825Z_a37af91d,895,recovery,1789801122.0295439,1789801122.040779,11.505,0,11.505,pass,,read_secondary,"{""background_write_acknowledged"": true, ""reads"": [{""version"": 895, ""max_seen_before"": 894, ""violation"": false}, {""version"": 895, ""max_seen_before"": 895, ""violation"": false}]}"
20260919T065825Z_a37af91d,896,recovery,1789801122.040779,1789801122.0529046,12.222,0,12.222,pass,,read_secondary,"{""background_write_acknowledged"": true, ""reads"": [{""version"": 896, ""max_seen_before"": 895, ""violation"": false}, {""version"": 896, ""max_seen_before"": 896, ""violation"": false}]}"
20260919T065825Z_a37af91d,897,recovery,1789801122.0534713,1789801122.0655587,12.187,0,12.187,pass,,read_secondary,"{""background_write_acknowledged"": true, ""reads"": [{""version"": 897, ""max_seen_before"": 896, ""violation"": false}, {""version"": 897, ""max_seen_before"": 897, ""violation"": false}]}"
20260919T065825Z_a37af91d,898,recovery,1789801122.0655587,1789801122.0760787,10.59,0,10.59,pass,,read_secondary,"{""background_write_acknowledged"": true, ""reads"": [{""version"": 898, ""max_seen_before"": 897, ""violation"": false}, {""version"": 898, ""max_seen_before"": 898, ""violation"": false}]}"
20260919T065825Z_a37af91d,899,recovery,1789801122.0760787,1789801122.0879872,11.922,0,11.922,pass,,read_secondary,"{""background_write_acknowledged"": true, ""reads"": [{""version"": 899, ""max_seen_before"": 898, ""violation"": false}, {""version"": 899, ""max_seen_before"": 899, ""violation"": false}]}"
20260919T065825Z_a37af91d,900,recovery,1789801122.0886075,1789801122.09922,11.165,0,11.165,pass,,read_secondary,"{""background_write_acknowledged"": true, ""reads"": [{""version"": 900, ""max_seen_before"": 899, ""violation"": false}, {""version"": 900, ""max_seen_before"": 900, ""violation"": false}]}"
20260919T065825Z_a37af91d,901,recovery,1789801122.1081946,1789801122.1186373,10.613,0,10.613,pass,,read_secondary,"{""background_write_acknowledged"": true, ""reads"": [{""version"": 901, ""max_seen_before"": 900, ""violation"": false}, {""version"": 901, ""max_seen_before"": 901, ""violation"": false}]}"
20260919T065825Z_a37af91d,902,recovery,1789801122.1192129,1789801122.129707,10.617,0,10.617,pass,,read_secondary,"{""background_write_acknowledged"": true, ""reads"": [{""version"": 902, ""max_seen_before"": 901, ""violation"": false}, {""version"": 902, ""max_seen_before"": 902, ""violation"": false}]}"
20260919T065825Z_a37af91d,903,recovery,1789801122.129707,1789801122.1406307,10.889,0,10.889,pass,,read_secondary,"{""background_write_acknowledged"": true, ""reads"": [{""version"": 903, ""max_seen_before"": 902, ""violation"": false}, {""version"": 903, ""max_seen_before"": 903, ""violation"": false}]}"
20260919T065825Z_a37af91d,904,recovery,1789801122.1406307,1789801122.151083,10.388,0,10.388,pass,,read_secondary,"{""background_write_acknowledged"": true, ""reads"": [{""version"": 904, ""max_seen_before"": 903, ""violation"": false}, {""version"": 904, ""max_seen_before"": 904, ""violation"": false}]}"
20260919T065825Z_a37af91d,905,recovery,1789801122.1514616,1789801122.162225,10.783,0,10.783,pass,,read_secondary,"{""background_write_acknowledged"": true, ""reads"": [{""version"": 905, ""max_seen_before"": 904, ""violation"": false}, {""version"": 905, ""max_seen_before"": 905, ""violation"": false}]}"
20260919T065825Z_a37af91d,906,recovery,1789801122.162225,1789801122.1725724,10.589,0,10.589,pass,,read_secondary,"{""background_write_acknowledged"": true, ""reads"": [{""version"": 906, ""max_seen_before"": 905, ""violation"": false}, {""version"": 906, ""max_seen_before"": 906, ""violation"": false}]}"
20260919T065825Z_a37af91d,907,recovery,1789801122.173122,1789801122.1836765,10.487,0,10.487,pass,,read_secondary,"{""background_write_acknowledged"": true, ""reads"": [{""version"": 907, ""max_seen_before"": 906, ""violation"": false}, {""version"": 907, ""max_seen_before"": 907, ""violation"": false}]}"
20260919T065825Z_a37af91d,908,recovery,1789801122.1836765,1789801122.1957467,12.309,0,12.309,pass,,read_secondary,"{""background_write_acknowledged"": true, ""reads"": [{""version"": 908, ""max_seen_before"": 907, ""violation"": false}, {""version"": 908, ""max_seen_before"": 908, ""violation"": false}]}"
20260919T065825Z_a37af91d,909,recovery,1789801122.1957467,1789801122.208033,12.019,0,12.019,pass,,read_secondary,"{""background_write_acknowledged"": true, ""reads"": [{""version"": 909, ""max_seen_before"": 908, ""violation"": false}, {""version"": 909, ""max_seen_before"": 909, ""violation"": false}]}"
20260919T065825Z_a37af91d,910,recovery,1789801122.208033,1789801122.2201045,12.091,0,12.091,pass,,read_secondary,"{""background_write_acknowledged"": true, ""reads"": [{""version"": 910, ""max_seen_before"": 909, ""violation"": false}, {""version"": 910, ""max_seen_before"": 910, ""violation"": false}]}"
20260919T065825Z_a37af91d,911,recovery,1789801122.2201045,1789801122.2319694,11.691,0,11.691,pass,,read_secondary,"{""background_write_acknowledged"": true, ""reads"": [{""version"": 911, ""max_seen_before"": 910, ""violation"": false}, {""version"": 911, ""max_seen_before"": 911, ""violation"": false}]}"
20260919T065825Z_a37af91d,912,recovery,1789801122.2319694,1789801122.24346,11.343,0,11.343,pass,,read_secondary,"{""background_write_acknowledged"": true, ""reads"": [{""version"": 912, ""max_seen_before"": 911, ""violation"": false}, {""version"": 912, ""max_seen_before"": 912, ""violation"": false}]}"
20260919T065825Z_a37af91d,913,recovery,1789801122.24346,1789801122.2545514,10.69,0,10.69,pass,,read_secondary,"{""background_write_acknowledged"": true, ""reads"": [{""version"": 913, ""max_seen_before"": 912, ""violation"": false}, {""version"": 913, ""max_seen_before"": 913, ""violation"": false}]}"
20260919T065825Z_a37af91d,914,recovery,1789801122.2545514,1789801122.2656946,11.326,0,11.326,pass,,read_secondary,"{""background_write_acknowledged"": true, ""reads"": [{""version"": 914, ""max_seen_before"": 913, ""violation"": false}, {""version"": 914, ""max_seen_before"": 914, ""violation"": false}]}"
20260919T065825Z_a37af91d,915,recovery,1789801122.2656946,1789801122.2770617,10.78,0,10.78,pass,,read_secondary,"{""background_write_acknowledged"": true, ""reads"": [{""version"": 915, ""max_seen_before"": 914, ""violation"": false}, {""version"": 915, ""max_seen_before"": 915, ""violation"": false}]}"
20260919T065825Z_a37af91d,916,recovery,1789801122.2770617,1789801122.2872355,10.575,0,10.575,pass,,read_secondary,"{""background_write_acknowledged"": true, ""reads"": [{""version"": 916, ""max_seen_before"": 915, ""violation"": false}, {""version"": 916, ""max_seen_before"": 916, ""violation"": false}]}"
20260919T065825Z_a37af91d,917,recovery,1789801122.2878604,1789801122.298059,10.208,0,10.208,pass,,read_secondary,"{""background_write_acknowledged"": true, ""reads"": [{""version"": 917, ""max_seen_before"": 916, ""violation"": false}, {""version"": 917, ""max_seen_before"": 917, ""violation"": false}]}"
20260919T065825Z_a37af91d,918,recovery,1789801122.298059,1789801122.3092787,11.241,0,11.241,pass,,read_secondary,"{""background_write_acknowledged"": true, ""reads"": [{""version"": 918, ""max_seen_before"": 917, ""violation"": false}, {""version"": 918, ""max_seen_before"": 918, ""violation"": false}]}"
20260919T065825Z_a37af91d,919,recovery,1789801122.3092787,1789801122.3201857,10.8,0,10.8,pass,,read_secondary,"{""background_write_acknowledged"": true, ""reads"": [{""version"": 919, ""max_seen_before"": 918, ""violation"": false}, {""version"": 919, ""max_seen_before"": 919, ""violation"": false}]}"
20260919T065825Z_a37af91d,920,recovery,1789801122.3201857,1789801122.3309166,10.474,0,10.474,pass,,read_secondary,"{""background_write_acknowledged"": true, ""reads"": [{""version"": 920, ""max_seen_before"": 919, ""violation"": false}, {""version"": 920, ""max_seen_before"": 920, ""violation"": false}]}"
20260919T065825Z_a37af91d,921,recovery,1789801122.3309166,1789801122.3412685,10.523,0,10.523,pass,,read_secondary,"{""background_write_acknowledged"": true, ""reads"": [{""version"": 921, ""max_seen_before"": 920, ""violation"": false}, {""version"": 921, ""max_seen_before"": 921, ""violation"": false}]}"
20260919T065825Z_a37af91d,922,recovery,1789801122.3412685,1789801122.351847,10.312,0,10.312,pass,,read_secondary,"{""background_write_acknowledged"": true, ""reads"": [{""version"": 922, ""max_seen_before"": 921, ""violation"": false}, {""version"": 922, ""max_seen_before"": 922, ""violation"": false}]}"
20260919T065825Z_a37af91d,923,recovery,1789801122.351847,1789801122.362392,10.438,0,10.438,pass,,read_secondary,"{""background_write_acknowledged"": true, ""reads"": [{""version"": 923, ""max_seen_before"": 922, ""violation"": false}, {""version"": 923, ""max_seen_before"": 923, ""violation"": false}]}"
20260919T065825Z_a37af91d,924,recovery,1789801122.362392,1789801122.3730204,10.403,0,10.403,pass,,read_secondary,"{""background_write_acknowledged"": true, ""reads"": [{""version"": 924, ""max_seen_before"": 923, ""violation"": false}, {""version"": 924, ""max_seen_before"": 924, ""violation"": false}]}"
20260919T065825Z_a37af91d,925,recovery,1789801122.3730204,1789801122.3830266,10.3,0,10.3,pass,,read_secondary,"{""background_write_acknowledged"": true, ""reads"": [{""version"": 925, ""max_seen_before"": 924, ""violation"": false}, {""version"": 925, ""max_seen_before"": 925, ""violation"": false}]}"
20260919T065825Z_a37af91d,926,recovery,1789801122.3836246,1789801122.3935406,10.348,0,10.348,pass,,read_secondary,"{""background_write_acknowledged"": true, ""reads"": [{""version"": 926, ""max_seen_before"": 925, ""violation"": false}, {""version"": 926, ""max_seen_before"": 926, ""violation"": false}]}"
20260919T065825Z_a37af91d,927,recovery,1789801122.3941448,1789801122.4054842,11.333,0,11.333,pass,,read_secondary,"{""background_write_acknowledged"": true, ""reads"": [{""version"": 927, ""max_seen_before"": 926, ""violation"": false}, {""version"": 927, ""max_seen_before"": 927, ""violation"": false}]}"
20260919T065825Z_a37af91d,928,recovery,1789801122.4054842,1789801122.4168415,11.309,0,11.309,pass,,read_secondary,"{""background_write_acknowledged"": true, ""reads"": [{""version"": 928, ""max_seen_before"": 927, ""violation"": false}, {""version"": 928, ""max_seen_before"": 928, ""violation"": false}]}"
20260919T065825Z_a37af91d,929,recovery,1789801122.4168415,1789801122.4281657,11.613,0,11.613,pass,,read_secondary,"{""background_write_acknowledged"": true, ""reads"": [{""version"": 929, ""max_seen_before"": 928, ""violation"": false}, {""version"": 929, ""max_seen_before"": 929, ""violation"": false}]}"
20260919T065825Z_a37af91d,930,recovery,1789801122.4287353,1789801122.4395916,11.061,0,11.061,pass,,read_secondary,"{""background_write_acknowledged"": true, ""reads"": [{""version"": 930, ""max_seen_before"": 929, ""violation"": false}, {""version"": 930, ""max_seen_before"": 930, ""violation"": false}]}"
20260919T065825Z_a37af91d,931,recovery,1789801122.4395916,1789801122.4506721,10.916,0,10.916,pass,,read_secondary,"{""background_write_acknowledged"": true, ""reads"": [{""version"": 931, ""max_seen_before"": 930, ""violation"": false}, {""version"": 931, ""max_seen_before"": 931, ""violation"": false}]}"
20260919T065825Z_a37af91d,932,recovery,1789801122.4506721,1789801122.4609463,10.027,0,10.027,pass,,read_secondary,"{""background_write_acknowledged"": true, ""reads"": [{""version"": 932, ""max_seen_before"": 931, ""violation"": false}, {""version"": 932, ""max_seen_before"": 932, ""violation"": false}]}"
20260919T065825Z_a37af91d,933,recovery,1789801122.4609463,1789801122.4713848,10.219,0,10.219,pass,,read_secondary,"{""background_write_acknowledged"": true, ""reads"": [{""version"": 933, ""max_seen_before"": 932, ""violation"": false}, {""version"": 933, ""max_seen_before"": 933, ""violation"": false}]}"
20260919T065825Z_a37af91d,934,recovery,1789801122.4713848,1789801122.481969,10.583,0,10.583,pass,,read_secondary,"{""background_write_acknowledged"": true, ""reads"": [{""version"": 934, ""max_seen_before"": 933, ""violation"": false}, {""version"": 934, ""max_seen_before"": 934, ""violation"": false}]}"
20260919T065825Z_a37af91d,935,recovery,1789801122.481969,1789801122.4921656,10.051,0,10.051,pass,,read_secondary,"{""background_write_acknowledged"": true, ""reads"": [{""version"": 935, ""max_seen_before"": 934, ""violation"": false}, {""version"": 935, ""max_seen_before"": 935, ""violation"": false}]}"
20260919T065825Z_a37af91d,936,recovery,1789801122.4921656,1789801122.5037158,11.299,0,11.299,pass,,read_secondary,"{""background_write_acknowledged"": true, ""reads"": [{""version"": 936, ""max_seen_before"": 935, ""violation"": false}, {""version"": 936, ""max_seen_before"": 936, ""violation"": false}]}"
20260919T065825Z_a37af91d,937,recovery,1789801122.5037158,1789801122.5141993,10.639,0,10.639,pass,,read_secondary,"{""background_write_acknowledged"": true, ""reads"": [{""version"": 937, ""max_seen_before"": 936, ""violation"": false}, {""version"": 937, ""max_seen_before"": 937, ""violation"": false}]}"
20260919T065825Z_a37af91d,938,recovery,1789801122.5141993,1789801122.5257578,11.333,0,11.333,pass,,read_secondary,"{""background_write_acknowledged"": true, ""reads"": [{""version"": 938, ""max_seen_before"": 937, ""violation"": false}, {""version"": 938, ""max_seen_before"": 938, ""violation"": false}]}"
20260919T065825Z_a37af91d,939,recovery,1789801122.5257578,1789801122.5366733,10.645,0,10.645,pass,,read_secondary,"{""background_write_acknowledged"": true, ""reads"": [{""version"": 939, ""max_seen_before"": 938, ""violation"": false}, {""version"": 939, ""max_seen_before"": 939, ""violation"": false}]}"
20260919T065825Z_a37af91d,940,recovery,1789801122.5366733,1789801122.5480297,11.118,0,11.118,pass,,read_secondary,"{""background_write_acknowledged"": true, ""reads"": [{""version"": 940, ""max_seen_before"": 939, ""violation"": false}, {""version"": 940, ""max_seen_before"": 940, ""violation"": false}]}"
20260919T065825Z_a37af91d,941,recovery,1789801122.5480297,1789801122.5587072,10.671,0,10.671,pass,,read_secondary,"{""background_write_acknowledged"": true, ""reads"": [{""version"": 941, ""max_seen_before"": 940, ""violation"": false}, {""version"": 941, ""max_seen_before"": 941, ""violation"": false}]}"
20260919T065825Z_a37af91d,942,recovery,1789801122.5587072,1789801122.5695453,10.719,0,10.719,pass,,read_secondary,"{""background_write_acknowledged"": true, ""reads"": [{""version"": 942, ""max_seen_before"": 941, ""violation"": false}, {""version"": 942, ""max_seen_before"": 942, ""violation"": false}]}"
20260919T065825Z_a37af91d,943,recovery,1789801122.5695453,1789801122.5805416,10.958,0,10.958,pass,,read_secondary,"{""background_write_acknowledged"": true, ""reads"": [{""version"": 943, ""max_seen_before"": 942, ""violation"": false}, {""version"": 943, ""max_seen_before"": 943, ""violation"": false}]}"
20260919T065825Z_a37af91d,944,recovery,1789801122.5805416,1789801122.5909553,10.197,0,10.197,pass,,read_secondary,"{""background_write_acknowledged"": true, ""reads"": [{""version"": 944, ""max_seen_before"": 943, ""violation"": false}, {""version"": 944, ""max_seen_before"": 944, ""violation"": false}]}"
20260919T065825Z_a37af91d,945,recovery,1789801122.5909553,1789801122.601712,10.907,0,10.907,pass,,read_secondary,"{""background_write_acknowledged"": true, ""reads"": [{""version"": 945, ""max_seen_before"": 944, ""violation"": false}, {""version"": 945, ""max_seen_before"": 945, ""violation"": false}]}"
20260919T065825Z_a37af91d,946,recovery,1789801122.6023421,1789801122.6123283,10.178,0,10.178,pass,,read_secondary,"{""background_write_acknowledged"": true, ""reads"": [{""version"": 946, ""max_seen_before"": 945, ""violation"": false}, {""version"": 946, ""max_seen_before"": 946, ""violation"": false}]}"
20260919T065825Z_a37af91d,947,recovery,1789801122.6123283,1789801122.6232255,10.949,0,10.949,pass,,read_secondary,"{""background_write_acknowledged"": true, ""reads"": [{""version"": 947, ""max_seen_before"": 946, ""violation"": false}, {""version"": 947, ""max_seen_before"": 947, ""violation"": false}]}"
20260919T065825Z_a37af91d,948,recovery,1789801122.6232255,1789801122.6334536,9.91,0,9.91,pass,,read_secondary,"{""background_write_acknowledged"": true, ""reads"": [{""version"": 948, ""max_seen_before"": 947, ""violation"": false}, {""version"": 948, ""max_seen_before"": 948, ""violation"": false}]}"
20260919T065825Z_a37af91d,949,recovery,1789801122.6334536,1789801122.6440492,10.463,0,10.463,pass,,read_secondary,"{""background_write_acknowledged"": true, ""reads"": [{""version"": 949, ""max_seen_before"": 948, ""violation"": false}, {""version"": 949, ""max_seen_before"": 949, ""violation"": false}]}"
20260919T065825Z_a37af91d,950,recovery,1789801122.6440492,1789801122.654708,10.66,0,10.66,pass,,read_secondary,"{""background_write_acknowledged"": true, ""reads"": [{""version"": 950, ""max_seen_before"": 949, ""violation"": false}, {""version"": 950, ""max_seen_before"": 950, ""violation"": false}]}"
20260919T065825Z_a37af91d,951,recovery,1789801122.654708,1789801122.6649659,10.063,0,10.063,pass,,read_secondary,"{""background_write_acknowledged"": true, ""reads"": [{""version"": 951, ""max_seen_before"": 950, ""violation"": false}, {""version"": 951, ""max_seen_before"": 951, ""violation"": false}]}"
20260919T065825Z_a37af91d,952,recovery,1789801122.6649659,1789801122.6750724,10.332,0,10.332,pass,,read_secondary,"{""background_write_acknowledged"": true, ""reads"": [{""version"": 952, ""max_seen_before"": 951, ""violation"": false}, {""version"": 952, ""max_seen_before"": 952, ""violation"": false}]}"
20260919T065825Z_a37af91d,953,recovery,1789801122.6756866,1789801122.6859941,10.223,0,10.223,pass,,read_secondary,"{""background_write_acknowledged"": true, ""reads"": [{""version"": 953, ""max_seen_before"": 952, ""violation"": false}, {""version"": 953, ""max_seen_before"": 953, ""violation"": false}]}"
20260919T065825Z_a37af91d,954,recovery,1789801122.6859941,1789801122.6970518,11.215,0,11.215,pass,,read_secondary,"{""background_write_acknowledged"": true, ""reads"": [{""version"": 954, ""max_seen_before"": 953, ""violation"": false}, {""version"": 954, ""max_seen_before"": 954, ""violation"": false}]}"
20260919T065825Z_a37af91d,955,recovery,1789801122.6970518,1789801122.7082243,10.96,0,10.96,pass,,read_secondary,"{""background_write_acknowledged"": true, ""reads"": [{""version"": 955, ""max_seen_before"": 954, ""violation"": false}, {""version"": 955, ""max_seen_before"": 955, ""violation"": false}]}"
20260919T065825Z_a37af91d,956,recovery,1789801122.7082243,1789801122.7195885,11.527,0,11.527,pass,,read_secondary,"{""background_write_acknowledged"": true, ""reads"": [{""version"": 956, ""max_seen_before"": 955, ""violation"": false}, {""version"": 956, ""max_seen_before"": 956, ""violation"": false}]}"
20260919T065825Z_a37af91d,957,recovery,1789801122.720153,1789801122.7311158,10.991,0,10.991,pass,,read_secondary,"{""background_write_acknowledged"": true, ""reads"": [{""version"": 957, ""max_seen_before"": 956, ""violation"": false}, {""version"": 957, ""max_seen_before"": 957, ""violation"": false}]}"
20260919T065825Z_a37af91d,958,recovery,1789801122.7311158,1789801122.7428095,11.529,0,11.529,pass,,read_secondary,"{""background_write_acknowledged"": true, ""reads"": [{""version"": 958, ""max_seen_before"": 957, ""violation"": false}, {""version"": 958, ""max_seen_before"": 958, ""violation"": false}]}"
20260919T065825Z_a37af91d,959,recovery,1789801122.7428095,1789801122.7533681,10.664,0,10.664,pass,,read_secondary,"{""background_write_acknowledged"": true, ""reads"": [{""version"": 959, ""max_seen_before"": 958, ""violation"": false}, {""version"": 959, ""max_seen_before"": 959, ""violation"": false}]}"
20260919T065825Z_a37af91d,960,recovery,1789801122.7533681,1789801122.7641973,10.448,0,10.448,pass,,read_secondary,"{""background_write_acknowledged"": true, ""reads"": [{""version"": 960, ""max_seen_before"": 959, ""violation"": false}, {""version"": 960, ""max_seen_before"": 960, ""violation"": false}]}"
20260919T065825Z_a37af91d,961,recovery,1789801122.7641973,1789801122.774823,10.767,0,10.767,pass,,read_secondary,"{""background_write_acknowledged"": true, ""reads"": [{""version"": 961, ""max_seen_before"": 960, ""violation"": false}, {""version"": 961, ""max_seen_before"": 961, ""violation"": false}]}"
20260919T065825Z_a37af91d,962,recovery,1789801122.774823,1789801122.7861707,11.002,0,11.002,pass,,read_secondary,"{""background_write_acknowledged"": true, ""reads"": [{""version"": 962, ""max_seen_before"": 961, ""violation"": false}, {""version"": 962, ""max_seen_before"": 962, ""violation"": false}]}"
20260919T065825Z_a37af91d,963,recovery,1789801122.7861707,1789801122.79654,10.194,0,10.194,pass,,read_secondary,"{""background_write_acknowledged"": true, ""reads"": [{""version"": 963, ""max_seen_before"": 962, ""violation"": false}, {""version"": 963, ""max_seen_before"": 963, ""violation"": false}]}"
20260919T065825Z_a37af91d,964,recovery,1789801122.79654,1789801122.8067014,10.319,0,10.319,pass,,read_secondary,"{""background_write_acknowledged"": true, ""reads"": [{""version"": 964, ""max_seen_before"": 963, ""violation"": false}, {""version"": 964, ""max_seen_before"": 964, ""violation"": false}]}"
20260919T065825Z_a37af91d,965,recovery,1789801122.8067014,1789801122.8174424,10.445,0,10.445,pass,,read_secondary,"{""background_write_acknowledged"": true, ""reads"": [{""version"": 965, ""max_seen_before"": 964, ""violation"": false}, {""version"": 965, ""max_seen_before"": 965, ""violation"": false}]}"
20260919T065825Z_a37af91d,966,recovery,1789801122.8174424,1789801122.8274262,9.783,0,9.783,pass,,read_secondary,"{""background_write_acknowledged"": true, ""reads"": [{""version"": 966, ""max_seen_before"": 965, ""violation"": false}, {""version"": 966, ""max_seen_before"": 966, ""violation"": false}]}"
20260919T065825Z_a37af91d,967,recovery,1789801122.8274262,1789801122.8378868,10.413,0,10.413,pass,,read_secondary,"{""background_write_acknowledged"": true, ""reads"": [{""version"": 967, ""max_seen_before"": 966, ""violation"": false}, {""version"": 967, ""max_seen_before"": 967, ""violation"": false}]}"
20260919T065825Z_a37af91d,968,recovery,1789801122.8378868,1789801122.8479197,10.121,0,10.121,pass,,read_secondary,"{""background_write_acknowledged"": true, ""reads"": [{""version"": 968, ""max_seen_before"": 967, ""violation"": false}, {""version"": 968, ""max_seen_before"": 968, ""violation"": false}]}"
20260919T065825Z_a37af91d,969,recovery,1789801122.8479197,1789801122.8587766,10.601,0,10.601,pass,,read_secondary,"{""background_write_acknowledged"": true, ""reads"": [{""version"": 969, ""max_seen_before"": 968, ""violation"": false}, {""version"": 969, ""max_seen_before"": 969, ""violation"": false}]}"
20260919T065825Z_a37af91d,970,recovery,1789801122.8587766,1789801122.8696072,10.606,0,10.606,pass,,read_secondary,"{""background_write_acknowledged"": true, ""reads"": [{""version"": 970, ""max_seen_before"": 969, ""violation"": false}, {""version"": 970, ""max_seen_before"": 970, ""violation"": false}]}"
20260919T065825Z_a37af91d,971,recovery,1789801122.8696072,1789801122.8803418,10.45,0,10.45,pass,,read_secondary,"{""background_write_acknowledged"": true, ""reads"": [{""version"": 971, ""max_seen_before"": 970, ""violation"": false}, {""version"": 971, ""max_seen_before"": 971, ""violation"": false}]}"
20260919T065825Z_a37af91d,972,recovery,1789801122.8803418,1789801122.8907616,10.454,0,10.454,pass,,read_secondary,"{""background_write_acknowledged"": true, ""reads"": [{""version"": 972, ""max_seen_before"": 971, ""violation"": false}, {""version"": 972, ""max_seen_before"": 972, ""violation"": false}]}"
20260919T065825Z_a37af91d,973,recovery,1789801122.8907616,1789801122.9004912,9.721,0,9.721,pass,,read_secondary,"{""background_write_acknowledged"": true, ""reads"": [{""version"": 973, ""max_seen_before"": 972, ""violation"": false}, {""version"": 973, ""max_seen_before"": 973, ""violation"": false}]}"
20260919T065825Z_a37af91d,974,recovery,1789801122.9004912,1789801122.91144,10.788,0,10.788,pass,,read_secondary,"{""background_write_acknowledged"": true, ""reads"": [{""version"": 974, ""max_seen_before"": 973, ""violation"": false}, {""version"": 974, ""max_seen_before"": 974, ""violation"": false}]}"
20260919T065825Z_a37af91d,975,recovery,1789801122.91144,1789801122.9221876,10.772,0,10.772,pass,,read_secondary,"{""background_write_acknowledged"": true, ""reads"": [{""version"": 975, ""max_seen_before"": 974, ""violation"": false}, {""version"": 975, ""max_seen_before"": 975, ""violation"": false}]}"
20260919T065825Z_a37af91d,976,recovery,1789801122.9227228,1789801122.9329555,10.511,0,10.511,pass,,read_secondary,"{""background_write_acknowledged"": true, ""reads"": [{""version"": 976, ""max_seen_before"": 975, ""violation"": false}, {""version"": 976, ""max_seen_before"": 976, ""violation"": false}]}"
20260919T065825Z_a37af91d,977,recovery,1789801122.9329555,1789801122.944046,11.08,0,11.08,pass,,read_secondary,"{""background_write_acknowledged"": true, ""reads"": [{""version"": 977, ""max_seen_before"": 976, ""violation"": false}, {""version"": 977, ""max_seen_before"": 977, ""violation"": false}]}"
20260919T065825Z_a37af91d,978,recovery,1789801122.944046,1789801122.954986,10.725,0,10.725,pass,,read_secondary,"{""background_write_acknowledged"": true, ""reads"": [{""version"": 978, ""max_seen_before"": 977, ""violation"": false}, {""version"": 978, ""max_seen_before"": 978, ""violation"": false}]}"
20260919T065825Z_a37af91d,979,recovery,1789801122.954986,1789801122.9661014,11.043,0,11.043,pass,,read_secondary,"{""background_write_acknowledged"": true, ""reads"": [{""version"": 979, ""max_seen_before"": 978, ""violation"": false}, {""version"": 979, ""max_seen_before"": 979, ""violation"": false}]}"
20260919T065825Z_a37af91d,980,recovery,1789801122.9661014,1789801122.9766505,10.51,0,10.51,pass,,read_secondary,"{""background_write_acknowledged"": true, ""reads"": [{""version"": 980, ""max_seen_before"": 979, ""violation"": false}, {""version"": 980, ""max_seen_before"": 980, ""violation"": false}]}"
20260919T065825Z_a37af91d,981,recovery,1789801122.9773002,1789801122.9879494,11.155,0,11.155,pass,,read_secondary,"{""background_write_acknowledged"": true, ""reads"": [{""version"": 981, ""max_seen_before"": 980, ""violation"": false}, {""version"": 981, ""max_seen_before"": 981, ""violation"": false}]}"
20260919T065825Z_a37af91d,982,recovery,1789801122.9885695,1789801122.9994287,10.96,0,10.96,pass,,read_secondary,"{""background_write_acknowledged"": true, ""reads"": [{""version"": 982, ""max_seen_before"": 981, ""violation"": false}, {""version"": 982, ""max_seen_before"": 982, ""violation"": false}]}"
20260919T065825Z_a37af91d,983,recovery,1789801122.9994287,1789801123.009694,10.444,0,10.444,pass,,read_secondary,"{""background_write_acknowledged"": true, ""reads"": [{""version"": 983, ""max_seen_before"": 982, ""violation"": false}, {""version"": 983, ""max_seen_before"": 983, ""violation"": false}]}"
20260919T065825Z_a37af91d,984,recovery,1789801123.0102074,1789801123.0212247,11.249,0,11.249,pass,,read_secondary,"{""background_write_acknowledged"": true, ""reads"": [{""version"": 984, ""max_seen_before"": 983, ""violation"": false}, {""version"": 984, ""max_seen_before"": 984, ""violation"": false}]}"
20260919T065825Z_a37af91d,985,recovery,1789801123.0212247,1789801123.0321717,10.975,0,10.975,pass,,read_secondary,"{""background_write_acknowledged"": true, ""reads"": [{""version"": 985, ""max_seen_before"": 984, ""violation"": false}, {""version"": 985, ""max_seen_before"": 985, ""violation"": false}]}"
20260919T065825Z_a37af91d,986,recovery,1789801123.0321717,1789801123.0437937,11.279,0,11.279,pass,,read_secondary,"{""background_write_acknowledged"": true, ""reads"": [{""version"": 986, ""max_seen_before"": 985, ""violation"": false}, {""version"": 986, ""max_seen_before"": 986, ""violation"": false}]}"
20260919T065825Z_a37af91d,987,recovery,1789801123.0437937,1789801123.0547833,10.753,0,10.753,pass,,read_secondary,"{""background_write_acknowledged"": true, ""reads"": [{""version"": 987, ""max_seen_before"": 986, ""violation"": false}, {""version"": 987, ""max_seen_before"": 987, ""violation"": false}]}"
20260919T065825Z_a37af91d,988,recovery,1789801123.0547833,1789801123.0648844,10.086,0,10.086,pass,,read_secondary,"{""background_write_acknowledged"": true, ""reads"": [{""version"": 988, ""max_seen_before"": 987, ""violation"": false}, {""version"": 988, ""max_seen_before"": 988, ""violation"": false}]}"
20260919T065825Z_a37af91d,989,recovery,1789801123.0648844,1789801123.0751576,10.135,0,10.135,pass,,read_secondary,"{""background_write_acknowledged"": true, ""reads"": [{""version"": 989, ""max_seen_before"": 988, ""violation"": false}, {""version"": 989, ""max_seen_before"": 989, ""violation"": false}]}"
20260919T065825Z_a37af91d,990,recovery,1789801123.0751576,1789801123.085544,10.351,0,10.351,pass,,read_secondary,"{""background_write_acknowledged"": true, ""reads"": [{""version"": 990, ""max_seen_before"": 989, ""violation"": false}, {""version"": 990, ""max_seen_before"": 990, ""violation"": false}]}"
20260919T065825Z_a37af91d,991,recovery,1789801123.085544,1789801123.0969124,11.328,0,11.328,pass,,read_secondary,"{""background_write_acknowledged"": true, ""reads"": [{""version"": 991, ""max_seen_before"": 990, ""violation"": false}, {""version"": 991, ""max_seen_before"": 991, ""violation"": false}]}"
20260919T065825Z_a37af91d,992,recovery,1789801123.0969124,1789801123.1082265,10.97,0,10.97,pass,,read_secondary,"{""background_write_acknowledged"": true, ""reads"": [{""version"": 992, ""max_seen_before"": 991, ""violation"": false}, {""version"": 992, ""max_seen_before"": 992, ""violation"": false}]}"
20260919T065825Z_a37af91d,993,recovery,1789801123.1082265,1789801123.119307,11.066,0,11.066,pass,,read_secondary,"{""background_write_acknowledged"": true, ""reads"": [{""version"": 993, ""max_seen_before"": 992, ""violation"": false}, {""version"": 993, ""max_seen_before"": 993, ""violation"": false}]}"
20260919T065825Z_a37af91d,994,recovery,1789801123.119307,1789801123.1306467,11.175,0,11.175,pass,,read_secondary,"{""background_write_acknowledged"": true, ""reads"": [{""version"": 994, ""max_seen_before"": 993, ""violation"": false}, {""version"": 994, ""max_seen_before"": 994, ""violation"": false}]}"
20260919T065825Z_a37af91d,995,recovery,1789801123.1306467,1789801123.142142,11.24,0,11.24,pass,,read_secondary,"{""background_write_acknowledged"": true, ""reads"": [{""version"": 995, ""max_seen_before"": 994, ""violation"": false}, {""version"": 995, ""max_seen_before"": 995, ""violation"": false}]}"
20260919T065825Z_a37af91d,996,recovery,1789801123.142142,1789801123.1523583,10.101,0,10.101,pass,,read_secondary,"{""background_write_acknowledged"": true, ""reads"": [{""version"": 996, ""max_seen_before"": 995, ""violation"": false}, {""version"": 996, ""max_seen_before"": 996, ""violation"": false}]}"
20260919T065825Z_a37af91d,997,recovery,1789801123.1523583,1789801123.1626904,10.375,0,10.375,pass,,read_secondary,"{""background_write_acknowledged"": true, ""reads"": [{""version"": 997, ""max_seen_before"": 996, ""violation"": false}, {""version"": 997, ""max_seen_before"": 997, ""violation"": false}]}"
20260919T065825Z_a37af91d,998,recovery,1789801123.1630335,1789801123.1738837,10.933,0,10.933,pass,,read_secondary,"{""background_write_acknowledged"": true, ""reads"": [{""version"": 998, ""max_seen_before"": 997, ""violation"": false}, {""version"": 998, ""max_seen_before"": 998, ""violation"": false}]}"
20260919T065825Z_a37af91d,999,recovery,1789801123.1738837,1789801123.1838255,9.68,0,9.68,pass,,read_secondary,"{""background_write_acknowledged"": true, ""reads"": [{""version"": 999, ""max_seen_before"": 998, ""violation"": false}, {""version"": 999, ""max_seen_before"": 999, ""violation"": false}]}"
20260919T065825Z_a37af91d,1000,recovery,1789801123.1838255,1789801123.194051,10.375,0,10.375,pass,,read_secondary,"{""background_write_acknowledged"": true, ""reads"": [{""version"": 1000, ""max_seen_before"": 999, ""violation"": false}, {""version"": 1000, ""max_seen_before"": 1000, ""violation"": false}]}"
