run_id,iteration,phase,start_time,end_time,latency_ms,management_ms,workload_ms,verdict,error,last_stage,details_json
20260919T062932Z_97617a69,1,normal,1789799373.1308029,1789799373.1721506,41.278,0,41.278,pass,,read_secondary,"{""background_write_acknowledged"": true, ""reads"": [{""version"": 1, ""max_seen_before"": -1, ""violation"": false}, {""version"": 1, ""max_seen_before"": 1, ""violation"": false}]}"
20260919T062932Z_97617a69,2,normal,1789799373.1727571,1789799373.1880753,15.287,0,15.287,pass,,read_secondary,"{""background_write_acknowledged"": true, ""reads"": [{""version"": 2, ""max_seen_before"": 1, ""violation"": false}, {""version"": 2, ""max_seen_before"": 2, ""violation"": false}]}"
20260919T062932Z_97617a69,3,normal,1789799373.1886563,1789799373.1989589,10.482,0,10.482,pass,,read_secondary,"{""background_write_acknowledged"": true, ""reads"": [{""version"": 3, ""max_seen_before"": 2, ""violation"": false}, {""version"": 3, ""max_seen_before"": 3, ""violation"": false}]}"
20260919T062932Z_97617a69,4,normal,1789799373.1989589,1789799373.2091887,9.762,0,9.762,pass,,read_secondary,"{""background_write_acknowledged"": true, ""reads"": [{""version"": 4, ""max_seen_before"": 3, ""violation"": false}, {""version"": 4, ""max_seen_before"": 4, ""violation"": false}]}"
20260919T062932Z_97617a69,5,normal,1789799373.2091887,1789799373.218827,9.648,0,9.648,pass,,read_secondary,"{""background_write_acknowledged"": true, ""reads"": [{""version"": 5, ""max_seen_before"": 4, ""violation"": false}, {""version"": 5, ""max_seen_before"": 5, ""violation"": false}]}"
20260919T062932Z_97617a69,6,normal,1789799373.218827,1789799373.228003,9.174,0,9.174,pass,,read_secondary,"{""background_write_acknowledged"": true, ""reads"": [{""version"": 6, ""max_seen_before"": 5, ""violation"": false}, {""version"": 6, ""max_seen_before"": 6, ""violation"": false}]}"
20260919T062932Z_97617a69,7,normal,1789799373.228003,1789799373.2371109,9.246,0,9.246,pass,,read_secondary,"{""background_write_acknowledged"": true, ""reads"": [{""version"": 7, ""max_seen_before"": 6, ""violation"": false}, {""version"": 7, ""max_seen_before"": 7, ""violation"": false}]}"
20260919T062932Z_97617a69,8,normal,1789799373.237825,1789799373.2472663,9.814,0,9.814,pass,,read_secondary,"{""background_write_acknowledged"": true, ""reads"": [{""version"": 8, ""max_seen_before"": 7, ""violation"": false}, {""version"": 8, ""max_seen_before"": 8, ""violation"": false}]}"
20260919T062932Z_97617a69,9,normal,1789799373.2472663,1789799373.2569299,9.38,0,9.38,pass,,read_secondary,"{""background_write_acknowledged"": true, ""reads"": [{""version"": 9, ""max_seen_before"": 8, ""violation"": false}, {""version"": 9, ""max_seen_before"": 9, ""violation"": false}]}"
20260919T062932Z_97617a69,10,normal,1789799373.2569299,1789799373.2678049,10.599,0,10.599,pass,,read_secondary,"{""background_write_acknowledged"": true, ""reads"": [{""version"": 10, ""max_seen_before"": 9, ""violation"": false}, {""version"": 10, ""max_seen_before"": 10, ""violation"": false}]}"
20260919T062932Z_97617a69,11,normal,1789799373.2678049,1789799373.2778606,10.174,0,10.174,pass,,read_secondary,"{""background_write_acknowledged"": true, ""reads"": [{""version"": 11, ""max_seen_before"": 10, ""violation"": false}, {""version"": 11, ""max_seen_before"": 11, ""violation"": false}]}"
20260919T062932Z_97617a69,12,normal,1789799373.2778606,1789799373.289164,11.147,0,11.147,pass,,read_secondary,"{""background_write_acknowledged"": true, ""reads"": [{""version"": 12, ""max_seen_before"": 11, ""violation"": false}, {""version"": 12, ""max_seen_before"": 12, ""violation"": false}]}"
20260919T062932Z_97617a69,13,normal,1789799373.289164,1789799373.2983882,9.009,0,9.009,pass,,read_secondary,"{""background_write_acknowledged"": true, ""reads"": [{""version"": 13, ""max_seen_before"": 12, ""violation"": false}, {""version"": 13, ""max_seen_before"": 13, ""violation"": false}]}"
20260919T062932Z_97617a69,14,normal,1789799373.2983882,1789799373.3077679,9.342,0,9.342,pass,,read_secondary,"{""background_write_acknowledged"": true, ""reads"": [{""version"": 14, ""max_seen_before"": 13, ""violation"": false}, {""version"": 14, ""max_seen_before"": 14, ""violation"": false}]}"
20260919T062932Z_97617a69,15,normal,1789799373.3077679,1789799373.3168626,9.021,0,9.021,pass,,read_secondary,"{""background_write_acknowledged"": true, ""reads"": [{""version"": 15, ""max_seen_before"": 14, ""violation"": false}, {""version"": 15, ""max_seen_before"": 15, ""violation"": false}]}"
20260919T062932Z_97617a69,16,normal,1789799373.3168626,1789799373.326368,9.1,0,9.1,pass,,read_secondary,"{""background_write_acknowledged"": true, ""reads"": [{""version"": 16, ""max_seen_before"": 15, ""violation"": false}, {""version"": 16, ""max_seen_before"": 16, ""violation"": false}]}"
20260919T062932Z_97617a69,17,normal,1789799373.326368,1789799373.3360097,9.834,0,9.834,pass,,read_secondary,"{""background_write_acknowledged"": true, ""reads"": [{""version"": 17, ""max_seen_before"": 16, ""violation"": false}, {""version"": 17, ""max_seen_before"": 17, ""violation"": false}]}"
20260919T062932Z_97617a69,18,normal,1789799373.3360097,1789799373.3461547,9.646,0,9.646,pass,,read_secondary,"{""background_write_acknowledged"": true, ""reads"": [{""version"": 18, ""max_seen_before"": 17, ""violation"": false}, {""version"": 18, ""max_seen_before"": 18, ""violation"": false}]}"
20260919T062932Z_97617a69,19,normal,1789799373.3461547,1789799373.356215,10.105,0,10.105,pass,,read_secondary,"{""background_write_acknowledged"": true, ""reads"": [{""version"": 19, ""max_seen_before"": 18, ""violation"": false}, {""version"": 19, ""max_seen_before"": 19, ""violation"": false}]}"
20260919T062932Z_97617a69,20,normal,1789799373.356215,1789799373.366475,10.423,0,10.423,pass,,read_secondary,"{""background_write_acknowledged"": true, ""reads"": [{""version"": 20, ""max_seen_before"": 19, ""violation"": false}, {""version"": 20, ""max_seen_before"": 20, ""violation"": false}]}"
20260919T062932Z_97617a69,21,normal,1789799373.3670352,1789799373.376506,9.638,0,9.638,pass,,read_secondary,"{""background_write_acknowledged"": true, ""reads"": [{""version"": 21, ""max_seen_before"": 20, ""violation"": false}, {""version"": 21, ""max_seen_before"": 21, ""violation"": false}]}"
20260919T062932Z_97617a69,22,normal,1789799373.376506,1789799373.3857355,9.284,0,9.284,pass,,read_secondary,"{""background_write_acknowledged"": true, ""reads"": [{""version"": 22, ""max_seen_before"": 21, ""violation"": false}, {""version"": 22, ""max_seen_before"": 22, ""violation"": false}]}"
20260919T062932Z_97617a69,23,normal,1789799373.3857355,1789799373.3958914,10.085,0,10.085,pass,,read_secondary,"{""background_write_acknowledged"": true, ""reads"": [{""version"": 23, ""max_seen_before"": 22, ""violation"": false}, {""version"": 23, ""max_seen_before"": 23, ""violation"": false}]}"
20260919T062932Z_97617a69,24,normal,1789799373.3958914,1789799373.4056876,9.707,0,9.707,pass,,read_secondary,"{""background_write_acknowledged"": true, ""reads"": [{""version"": 24, ""max_seen_before"": 23, ""violation"": false}, {""version"": 24, ""max_seen_before"": 24, ""violation"": false}]}"
20260919T062932Z_97617a69,25,normal,1789799373.4056876,1789799373.4159052,9.801,0,9.801,pass,,read_secondary,"{""background_write_acknowledged"": true, ""reads"": [{""version"": 25, ""max_seen_before"": 24, ""violation"": false}, {""version"": 25, ""max_seen_before"": 25, ""violation"": false}]}"
20260919T062932Z_97617a69,26,normal,1789799373.4159052,1789799373.4254117,9.574,0,9.574,pass,,read_secondary,"{""background_write_acknowledged"": true, ""reads"": [{""version"": 26, ""max_seen_before"": 25, ""violation"": false}, {""version"": 26, ""max_seen_before"": 26, ""violation"": false}]}"
20260919T062932Z_97617a69,27,normal,1789799373.4254117,1789799373.4358985,10.618,0,10.618,pass,,read_secondary,"{""background_write_acknowledged"": true, ""reads"": [{""version"": 27, ""max_seen_before"": 26, ""violation"": false}, {""version"": 27, ""max_seen_before"": 27, ""violation"": false}]}"
20260919T062932Z_97617a69,28,normal,1789799373.4358985,1789799373.4465125,10.102,0,10.102,pass,,read_secondary,"{""background_write_acknowledged"": true, ""reads"": [{""version"": 28, ""max_seen_before"": 27, ""violation"": false}, {""version"": 28, ""max_seen_before"": 28, ""violation"": false}]}"
20260919T062932Z_97617a69,29,normal,1789799373.4465125,1789799373.4572759,10.472,0,10.472,pass,,read_secondary,"{""background_write_acknowledged"": true, ""reads"": [{""version"": 29, ""max_seen_before"": 28, ""violation"": false}, {""version"": 29, ""max_seen_before"": 29, ""violation"": false}]}"
20260919T062932Z_97617a69,30,normal,1789799373.4572759,1789799373.4676373,10.685,0,10.685,pass,,read_secondary,"{""background_write_acknowledged"": true, ""reads"": [{""version"": 30, ""max_seen_before"": 29, ""violation"": false}, {""version"": 30, ""max_seen_before"": 30, ""violation"": false}]}"
20260919T062932Z_97617a69,31,normal,1789799373.4676373,1789799373.4781954,10.055,0,10.055,pass,,read_secondary,"{""background_write_acknowledged"": true, ""reads"": [{""version"": 31, ""max_seen_before"": 30, ""violation"": false}, {""version"": 31, ""max_seen_before"": 31, ""violation"": false}]}"
20260919T062932Z_97617a69,32,normal,1789799373.4781954,1789799373.4877667,9.632,0,9.632,pass,,read_secondary,"{""background_write_acknowledged"": true, ""reads"": [{""version"": 32, ""max_seen_before"": 31, ""violation"": false}, {""version"": 32, ""max_seen_before"": 32, ""violation"": false}]}"
20260919T062932Z_97617a69,33,normal,1789799373.4877667,1789799373.4988241,10.879,0,10.879,pass,,read_secondary,"{""background_write_acknowledged"": true, ""reads"": [{""version"": 33, ""max_seen_before"": 32, ""violation"": false}, {""version"": 33, ""max_seen_before"": 33, ""violation"": false}]}"
20260919T062932Z_97617a69,34,normal,1789799373.4988241,1789799373.5078735,9.772,0,9.772,pass,,read_secondary,"{""background_write_acknowledged"": true, ""reads"": [{""version"": 34, ""max_seen_before"": 33, ""violation"": false}, {""version"": 34, ""max_seen_before"": 34, ""violation"": false}]}"
20260919T062932Z_97617a69,35,normal,1789799373.508893,1789799373.5184627,9.907,0,9.907,pass,,read_secondary,"{""background_write_acknowledged"": true, ""reads"": [{""version"": 35, ""max_seen_before"": 34, ""violation"": false}, {""version"": 35, ""max_seen_before"": 35, ""violation"": false}]}"
20260919T062932Z_97617a69,36,normal,1789799373.5184627,1789799373.5279891,9.62,0,9.62,pass,,read_secondary,"{""background_write_acknowledged"": true, ""reads"": [{""version"": 36, ""max_seen_before"": 35, ""violation"": false}, {""version"": 36, ""max_seen_before"": 36, ""violation"": false}]}"
20260919T062932Z_97617a69,37,normal,1789799373.5279891,1789799373.5388808,10.24,0,10.24,pass,,read_secondary,"{""background_write_acknowledged"": true, ""reads"": [{""version"": 37, ""max_seen_before"": 36, ""violation"": false}, {""version"": 37, ""max_seen_before"": 37, ""violation"": false}]}"
20260919T062932Z_97617a69,38,normal,1789799373.5388808,1789799373.5486698,9.894,0,9.894,pass,,read_secondary,"{""background_write_acknowledged"": true, ""reads"": [{""version"": 38, ""max_seen_before"": 37, ""violation"": false}, {""version"": 38, ""max_seen_before"": 38, ""violation"": false}]}"
20260919T062932Z_97617a69,39,normal,1789799373.5486698,1789799373.5591571,10.246,0,10.246,pass,,read_secondary,"{""background_write_acknowledged"": true, ""reads"": [{""version"": 39, ""max_seen_before"": 38, ""violation"": false}, {""version"": 39, ""max_seen_before"": 39, ""violation"": false}]}"
20260919T062932Z_97617a69,40,normal,1789799373.5591571,1789799373.5694683,10.084,0,10.084,pass,,read_secondary,"{""background_write_acknowledged"": true, ""reads"": [{""version"": 40, ""max_seen_before"": 39, ""violation"": false}, {""version"": 40, ""max_seen_before"": 40, ""violation"": false}]}"
20260919T062932Z_97617a69,41,normal,1789799373.5694683,1789799373.5791583,9.708,0,9.708,pass,,read_secondary,"{""background_write_acknowledged"": true, ""reads"": [{""version"": 41, ""max_seen_before"": 40, ""violation"": false}, {""version"": 41, ""max_seen_before"": 41, ""violation"": false}]}"
20260919T062932Z_97617a69,42,normal,1789799373.5791583,1789799373.5893106,10.072,0,10.072,pass,,read_secondary,"{""background_write_acknowledged"": true, ""reads"": [{""version"": 42, ""max_seen_before"": 41, ""violation"": false}, {""version"": 42, ""max_seen_before"": 42, ""violation"": false}]}"
20260919T062932Z_97617a69,43,normal,1789799373.5893106,1789799373.5990503,9.745,0,9.745,pass,,read_secondary,"{""background_write_acknowledged"": true, ""reads"": [{""version"": 43, ""max_seen_before"": 42, ""violation"": false}, {""version"": 43, ""max_seen_before"": 43, ""violation"": false}]}"
20260919T062932Z_97617a69,44,normal,1789799373.5990503,1789799373.6100676,10.784,0,10.784,pass,,read_secondary,"{""background_write_acknowledged"": true, ""reads"": [{""version"": 44, ""max_seen_before"": 43, ""violation"": false}, {""version"": 44, ""max_seen_before"": 44, ""violation"": false}]}"
20260919T062932Z_97617a69,45,normal,1789799373.6100676,1789799373.620208,9.976,0,9.976,pass,,read_secondary,"{""background_write_acknowledged"": true, ""reads"": [{""version"": 45, ""max_seen_before"": 44, ""violation"": false}, {""version"": 45, ""max_seen_before"": 45, ""violation"": false}]}"
20260919T062932Z_97617a69,46,normal,1789799373.620208,1789799373.6305106,10.348,0,10.348,pass,,read_secondary,"{""background_write_acknowledged"": true, ""reads"": [{""version"": 46, ""max_seen_before"": 45, ""violation"": false}, {""version"": 46, ""max_seen_before"": 46, ""violation"": false}]}"
20260919T062932Z_97617a69,47,normal,1789799373.6305106,1789799373.6393406,8.649,0,8.649,pass,,read_secondary,"{""background_write_acknowledged"": true, ""reads"": [{""version"": 47, ""max_seen_before"": 46, ""violation"": false}, {""version"": 47, ""max_seen_before"": 47, ""violation"": false}]}"
20260919T062932Z_97617a69,48,normal,1789799373.6393406,1789799373.649248,10.023,0,10.023,pass,,read_secondary,"{""background_write_acknowledged"": true, ""reads"": [{""version"": 48, ""max_seen_before"": 47, ""violation"": false}, {""version"": 48, ""max_seen_before"": 48, ""violation"": false}]}"
20260919T062932Z_97617a69,49,normal,1789799373.649905,1789799373.6594012,9.898,0,9.898,pass,,read_secondary,"{""background_write_acknowledged"": true, ""reads"": [{""version"": 49, ""max_seen_before"": 48, ""violation"": false}, {""version"": 49, ""max_seen_before"": 49, ""violation"": false}]}"
20260919T062932Z_97617a69,50,normal,1789799373.6599443,1789799373.6693354,9.426,0,9.426,pass,,read_secondary,"{""background_write_acknowledged"": true, ""reads"": [{""version"": 50, ""max_seen_before"": 49, ""violation"": false}, {""version"": 50, ""max_seen_before"": 50, ""violation"": false}]}"
20260919T062932Z_97617a69,51,normal,1789799373.6693354,1789799373.6784918,9.262,0,9.262,pass,,read_secondary,"{""background_write_acknowledged"": true, ""reads"": [{""version"": 51, ""max_seen_before"": 50, ""violation"": false}, {""version"": 51, ""max_seen_before"": 51, ""violation"": false}]}"
20260919T062932Z_97617a69,52,normal,1789799373.6784918,1789799373.6882327,9.584,0,9.584,pass,,read_secondary,"{""background_write_acknowledged"": true, ""reads"": [{""version"": 52, ""max_seen_before"": 51, ""violation"": false}, {""version"": 52, ""max_seen_before"": 52, ""violation"": false}]}"
20260919T062932Z_97617a69,53,normal,1789799373.6882327,1789799373.697777,9.427,0,9.427,pass,,read_secondary,"{""background_write_acknowledged"": true, ""reads"": [{""version"": 53, ""max_seen_before"": 52, ""violation"": false}, {""version"": 53, ""max_seen_before"": 53, ""violation"": false}]}"
20260919T062932Z_97617a69,54,normal,1789799373.697777,1789799373.707348,9.393,0,9.393,pass,,read_secondary,"{""background_write_acknowledged"": true, ""reads"": [{""version"": 54, ""max_seen_before"": 53, ""violation"": false}, {""version"": 54, ""max_seen_before"": 54, ""violation"": false}]}"
20260919T062932Z_97617a69,55,normal,1789799373.707348,1789799373.7167547,9.169,0,9.169,pass,,read_secondary,"{""background_write_acknowledged"": true, ""reads"": [{""version"": 55, ""max_seen_before"": 54, ""violation"": false}, {""version"": 55, ""max_seen_before"": 55, ""violation"": false}]}"
20260919T062932Z_97617a69,56,normal,1789799373.7167547,1789799373.7257147,9.355,0,9.355,pass,,read_secondary,"{""background_write_acknowledged"": true, ""reads"": [{""version"": 56, ""max_seen_before"": 55, ""violation"": false}, {""version"": 56, ""max_seen_before"": 56, ""violation"": false}]}"
20260919T062932Z_97617a69,57,normal,1789799373.7263312,1789799373.7356505,9.63,0,9.63,pass,,read_secondary,"{""background_write_acknowledged"": true, ""reads"": [{""version"": 57, ""max_seen_before"": 56, ""violation"": false}, {""version"": 57, ""max_seen_before"": 57, ""violation"": false}]}"
20260919T062932Z_97617a69,58,normal,1789799373.7356505,1789799373.7457252,10.0,0,10.0,pass,,read_secondary,"{""background_write_acknowledged"": true, ""reads"": [{""version"": 58, ""max_seen_before"": 57, ""violation"": false}, {""version"": 58, ""max_seen_before"": 58, ""violation"": false}]}"
20260919T062932Z_97617a69,59,normal,1789799373.7457252,1789799373.755865,10.194,0,10.194,pass,,read_secondary,"{""background_write_acknowledged"": true, ""reads"": [{""version"": 59, ""max_seen_before"": 58, ""violation"": false}, {""version"": 59, ""max_seen_before"": 59, ""violation"": false}]}"
20260919T062932Z_97617a69,60,normal,1789799373.7564945,1789799373.766003,9.798,0,9.798,pass,,read_secondary,"{""background_write_acknowledged"": true, ""reads"": [{""version"": 60, ""max_seen_before"": 59, ""violation"": false}, {""version"": 60, ""max_seen_before"": 60, ""violation"": false}]}"
20260919T062932Z_97617a69,61,normal,1789799373.766003,1789799373.77568,9.419,0,9.419,pass,,read_secondary,"{""background_write_acknowledged"": true, ""reads"": [{""version"": 61, ""max_seen_before"": 60, ""violation"": false}, {""version"": 61, ""max_seen_before"": 61, ""violation"": false}]}"
20260919T062932Z_97617a69,62,normal,1789799373.77568,1789799373.7863593,10.408,0,10.408,pass,,read_secondary,"{""background_write_acknowledged"": true, ""reads"": [{""version"": 62, ""max_seen_before"": 61, ""violation"": false}, {""version"": 62, ""max_seen_before"": 62, ""violation"": false}]}"
20260919T062932Z_97617a69,63,normal,1789799373.7863593,1789799373.7972615,11.097,0,11.097,pass,,read_secondary,"{""background_write_acknowledged"": true, ""reads"": [{""version"": 63, ""max_seen_before"": 62, ""violation"": false}, {""version"": 63, ""max_seen_before"": 63, ""violation"": false}]}"
20260919T062932Z_97617a69,64,normal,1789799373.7972615,1789799373.807002,9.52,0,9.52,pass,,read_secondary,"{""background_write_acknowledged"": true, ""reads"": [{""version"": 64, ""max_seen_before"": 63, ""violation"": false}, {""version"": 64, ""max_seen_before"": 64, ""violation"": false}]}"
20260919T062932Z_97617a69,65,normal,1789799373.807002,1789799373.817412,10.285,0,10.285,pass,,read_secondary,"{""background_write_acknowledged"": true, ""reads"": [{""version"": 65, ""max_seen_before"": 64, ""violation"": false}, {""version"": 65, ""max_seen_before"": 65, ""violation"": false}]}"
20260919T062932Z_97617a69,66,normal,1789799373.817412,1789799373.827009,9.425,0,9.425,pass,,read_secondary,"{""background_write_acknowledged"": true, ""reads"": [{""version"": 66, ""max_seen_before"": 65, ""violation"": false}, {""version"": 66, ""max_seen_before"": 66, ""violation"": false}]}"
20260919T062932Z_97617a69,67,normal,1789799373.827009,1789799373.8368807,9.639,0,9.639,pass,,read_secondary,"{""background_write_acknowledged"": true, ""reads"": [{""version"": 67, ""max_seen_before"": 66, ""violation"": false}, {""version"": 67, ""max_seen_before"": 67, ""violation"": false}]}"
20260919T062932Z_97617a69,68,normal,1789799373.8368807,1789799373.8463998,9.86,0,9.86,pass,,read_secondary,"{""background_write_acknowledged"": true, ""reads"": [{""version"": 68, ""max_seen_before"": 67, ""violation"": false}, {""version"": 68, ""max_seen_before"": 68, ""violation"": false}]}"
20260919T062932Z_97617a69,69,normal,1789799373.8470144,1789799373.8566587,9.77,0,9.77,pass,,read_secondary,"{""background_write_acknowledged"": true, ""reads"": [{""version"": 69, ""max_seen_before"": 68, ""violation"": false}, {""version"": 69, ""max_seen_before"": 69, ""violation"": false}]}"
20260919T062932Z_97617a69,70,normal,1789799373.8566587,1789799373.866241,9.517,0,9.517,pass,,read_secondary,"{""background_write_acknowledged"": true, ""reads"": [{""version"": 70, ""max_seen_before"": 69, ""violation"": false}, {""version"": 70, ""max_seen_before"": 70, ""violation"": false}]}"
20260919T062932Z_97617a69,71,normal,1789799373.866241,1789799373.8758068,9.448,0,9.448,pass,,read_secondary,"{""background_write_acknowledged"": true, ""reads"": [{""version"": 71, ""max_seen_before"": 70, ""violation"": false}, {""version"": 71, ""max_seen_before"": 71, ""violation"": false}]}"
20260919T062932Z_97617a69,72,normal,1789799373.8758068,1789799373.8850932,9.245,0,9.245,pass,,read_secondary,"{""background_write_acknowledged"": true, ""reads"": [{""version"": 72, ""max_seen_before"": 71, ""violation"": false}, {""version"": 72, ""max_seen_before"": 72, ""violation"": false}]}"
20260919T062932Z_97617a69,73,normal,1789799373.8850932,1789799373.8941584,9.207,0,9.207,pass,,read_secondary,"{""background_write_acknowledged"": true, ""reads"": [{""version"": 73, ""max_seen_before"": 72, ""violation"": false}, {""version"": 73, ""max_seen_before"": 73, ""violation"": false}]}"
20260919T062932Z_97617a69,74,normal,1789799373.8948207,1789799373.9041011,9.559,0,9.559,pass,,read_secondary,"{""background_write_acknowledged"": true, ""reads"": [{""version"": 74, ""max_seen_before"": 73, ""violation"": false}, {""version"": 74, ""max_seen_before"": 74, ""violation"": false}]}"
20260919T062932Z_97617a69,75,normal,1789799373.9041011,1789799373.9134717,9.44,0,9.44,pass,,read_secondary,"{""background_write_acknowledged"": true, ""reads"": [{""version"": 75, ""max_seen_before"": 74, ""violation"": false}, {""version"": 75, ""max_seen_before"": 75, ""violation"": false}]}"
20260919T062932Z_97617a69,76,normal,1789799373.9134717,1789799373.923313,9.744,0,9.744,pass,,read_secondary,"{""background_write_acknowledged"": true, ""reads"": [{""version"": 76, ""max_seen_before"": 75, ""violation"": false}, {""version"": 76, ""max_seen_before"": 76, ""violation"": false}]}"
20260919T062932Z_97617a69,77,normal,1789799373.923313,1789799373.9343398,10.704,0,10.704,pass,,read_secondary,"{""background_write_acknowledged"": true, ""reads"": [{""version"": 77, ""max_seen_before"": 76, ""violation"": false}, {""version"": 77, ""max_seen_before"": 77, ""violation"": false}]}"
20260919T062932Z_97617a69,78,normal,1789799373.9343398,1789799373.9441931,9.923,0,9.923,pass,,read_secondary,"{""background_write_acknowledged"": true, ""reads"": [{""version"": 78, ""max_seen_before"": 77, ""violation"": false}, {""version"": 78, ""max_seen_before"": 78, ""violation"": false}]}"
20260919T062932Z_97617a69,79,normal,1789799373.9441931,1789799373.9544046,9.912,0,9.912,pass,,read_secondary,"{""background_write_acknowledged"": true, ""reads"": [{""version"": 79, ""max_seen_before"": 78, ""violation"": false}, {""version"": 79, ""max_seen_before"": 79, ""violation"": false}]}"
20260919T062932Z_97617a69,80,normal,1789799373.9544046,1789799373.964305,9.82,0,9.82,pass,,read_secondary,"{""background_write_acknowledged"": true, ""reads"": [{""version"": 80, ""max_seen_before"": 79, ""violation"": false}, {""version"": 80, ""max_seen_before"": 80, ""violation"": false}]}"
20260919T062932Z_97617a69,81,normal,1789799373.964305,1789799373.9744647,10.237,0,10.237,pass,,read_secondary,"{""background_write_acknowledged"": true, ""reads"": [{""version"": 81, ""max_seen_before"": 80, ""violation"": false}, {""version"": 81, ""max_seen_before"": 81, ""violation"": false}]}"
20260919T062932Z_97617a69,82,normal,1789799373.9744647,1789799373.985466,10.967,0,10.967,pass,,read_secondary,"{""background_write_acknowledged"": true, ""reads"": [{""version"": 82, ""max_seen_before"": 81, ""violation"": false}, {""version"": 82, ""max_seen_before"": 82, ""violation"": false}]}"
20260919T062932Z_97617a69,83,normal,1789799373.9860837,1789799373.9973047,11.655,0,11.655,pass,,read_secondary,"{""background_write_acknowledged"": true, ""reads"": [{""version"": 83, ""max_seen_before"": 82, ""violation"": false}, {""version"": 83, ""max_seen_before"": 83, ""violation"": false}]}"
20260919T062932Z_97617a69,84,normal,1789799373.9978654,1789799374.0082097,10.531,0,10.531,pass,,read_secondary,"{""background_write_acknowledged"": true, ""reads"": [{""version"": 84, ""max_seen_before"": 83, ""violation"": false}, {""version"": 84, ""max_seen_before"": 84, ""violation"": false}]}"
20260919T062932Z_97617a69,85,normal,1789799374.0082097,1789799374.0180306,9.761,0,9.761,pass,,read_secondary,"{""background_write_acknowledged"": true, ""reads"": [{""version"": 85, ""max_seen_before"": 84, ""violation"": false}, {""version"": 85, ""max_seen_before"": 85, ""violation"": false}]}"
20260919T062932Z_97617a69,86,normal,1789799374.0180306,1789799374.028886,10.426,0,10.426,pass,,read_secondary,"{""background_write_acknowledged"": true, ""reads"": [{""version"": 86, ""max_seen_before"": 85, ""violation"": false}, {""version"": 86, ""max_seen_before"": 86, ""violation"": false}]}"
20260919T062932Z_97617a69,87,normal,1789799374.028886,1789799374.0381835,9.625,0,9.625,pass,,read_secondary,"{""background_write_acknowledged"": true, ""reads"": [{""version"": 87, ""max_seen_before"": 86, ""violation"": false}, {""version"": 87, ""max_seen_before"": 87, ""violation"": false}]}"
20260919T062932Z_97617a69,88,normal,1789799374.0381835,1789799374.0487094,10.552,0,10.552,pass,,read_secondary,"{""background_write_acknowledged"": true, ""reads"": [{""version"": 88, ""max_seen_before"": 87, ""violation"": false}, {""version"": 88, ""max_seen_before"": 88, ""violation"": false}]}"
20260919T062932Z_97617a69,89,normal,1789799374.0493512,1789799374.0593488,10.204,0,10.204,pass,,read_secondary,"{""background_write_acknowledged"": true, ""reads"": [{""version"": 89, ""max_seen_before"": 88, ""violation"": false}, {""version"": 89, ""max_seen_before"": 89, ""violation"": false}]}"
20260919T062932Z_97617a69,90,normal,1789799374.0593488,1789799374.069758,10.54,0,10.54,pass,,read_secondary,"{""background_write_acknowledged"": true, ""reads"": [{""version"": 90, ""max_seen_before"": 89, ""violation"": false}, {""version"": 90, ""max_seen_before"": 90, ""violation"": false}]}"
20260919T062932Z_97617a69,91,normal,1789799374.069758,1789799374.0805442,10.264,0,10.264,pass,,read_secondary,"{""background_write_acknowledged"": true, ""reads"": [{""version"": 91, ""max_seen_before"": 90, ""violation"": false}, {""version"": 91, ""max_seen_before"": 91, ""violation"": false}]}"
20260919T062932Z_97617a69,92,normal,1789799374.0805442,1789799374.0906324,10.073,0,10.073,pass,,read_secondary,"{""background_write_acknowledged"": true, ""reads"": [{""version"": 92, ""max_seen_before"": 91, ""violation"": false}, {""version"": 92, ""max_seen_before"": 92, ""violation"": false}]}"
20260919T062932Z_97617a69,93,normal,1789799374.0906324,1789799374.1006088,9.854,0,9.854,pass,,read_secondary,"{""background_write_acknowledged"": true, ""reads"": [{""version"": 93, ""max_seen_before"": 92, ""violation"": false}, {""version"": 93, ""max_seen_before"": 93, ""violation"": false}]}"
20260919T062932Z_97617a69,94,normal,1789799374.1006088,1789799374.110253,9.473,0,9.473,pass,,read_secondary,"{""background_write_acknowledged"": true, ""reads"": [{""version"": 94, ""max_seen_before"": 93, ""violation"": false}, {""version"": 94, ""max_seen_before"": 94, ""violation"": false}]}"
20260919T062932Z_97617a69,95,normal,1789799374.110253,1789799374.1199884,9.849,0,9.849,pass,,read_secondary,"{""background_write_acknowledged"": true, ""reads"": [{""version"": 95, ""max_seen_before"": 94, ""violation"": false}, {""version"": 95, ""max_seen_before"": 95, ""violation"": false}]}"
20260919T062932Z_97617a69,96,normal,1789799374.1199884,1789799374.1318605,11.477,0,11.477,pass,,read_secondary,"{""background_write_acknowledged"": true, ""reads"": [{""version"": 96, ""max_seen_before"": 95, ""violation"": false}, {""version"": 96, ""max_seen_before"": 96, ""violation"": false}]}"
20260919T062932Z_97617a69,97,normal,1789799374.1318605,1789799374.1420214,10.351,0,10.351,pass,,read_secondary,"{""background_write_acknowledged"": true, ""reads"": [{""version"": 97, ""max_seen_before"": 96, ""violation"": false}, {""version"": 97, ""max_seen_before"": 97, ""violation"": false}]}"
20260919T062932Z_97617a69,98,normal,1789799374.1420214,1789799374.1521115,10.169,0,10.169,pass,,read_secondary,"{""background_write_acknowledged"": true, ""reads"": [{""version"": 98, ""max_seen_before"": 97, ""violation"": false}, {""version"": 98, ""max_seen_before"": 98, ""violation"": false}]}"
20260919T062932Z_97617a69,99,normal,1789799374.1527102,1789799374.1620402,9.58,0,9.58,pass,,read_secondary,"{""background_write_acknowledged"": true, ""reads"": [{""version"": 99, ""max_seen_before"": 98, ""violation"": false}, {""version"": 99, ""max_seen_before"": 99, ""violation"": false}]}"
20260919T062932Z_97617a69,100,normal,1789799374.162352,1789799374.1721294,9.786,0,9.786,pass,,read_secondary,"{""background_write_acknowledged"": true, ""reads"": [{""version"": 100, ""max_seen_before"": 99, ""violation"": false}, {""version"": 100, ""max_seen_before"": 100, ""violation"": false}]}"
20260919T062932Z_97617a69,101,normal,1789799374.1732962,1789799374.1840863,10.559,0,10.559,pass,,read_secondary,"{""background_write_acknowledged"": true, ""reads"": [{""version"": 101, ""max_seen_before"": 100, ""violation"": false}, {""version"": 101, ""max_seen_before"": 101, ""violation"": false}]}"
20260919T062932Z_97617a69,102,normal,1789799374.1840863,1789799374.1944814,10.637,0,10.637,pass,,read_secondary,"{""background_write_acknowledged"": true, ""reads"": [{""version"": 102, ""max_seen_before"": 101, ""violation"": false}, {""version"": 102, ""max_seen_before"": 102, ""violation"": false}]}"
20260919T062932Z_97617a69,103,normal,1789799374.1950598,1789799374.2058866,10.929,0,10.929,pass,,read_secondary,"{""background_write_acknowledged"": true, ""reads"": [{""version"": 103, ""max_seen_before"": 102, ""violation"": false}, {""version"": 103, ""max_seen_before"": 103, ""violation"": false}]}"
20260919T062932Z_97617a69,104,normal,1789799374.2058866,1789799374.2168832,11.04,0,11.04,pass,,read_secondary,"{""background_write_acknowledged"": true, ""reads"": [{""version"": 104, ""max_seen_before"": 103, ""violation"": false}, {""version"": 104, ""max_seen_before"": 104, ""violation"": false}]}"
20260919T062932Z_97617a69,105,normal,1789799374.2168832,1789799374.227423,10.091,0,10.091,pass,,read_secondary,"{""background_write_acknowledged"": true, ""reads"": [{""version"": 105, ""max_seen_before"": 104, ""violation"": false}, {""version"": 105, ""max_seen_before"": 105, ""violation"": false}]}"
20260919T062932Z_97617a69,106,normal,1789799374.227423,1789799374.2372468,10.043,0,10.043,pass,,read_secondary,"{""background_write_acknowledged"": true, ""reads"": [{""version"": 106, ""max_seen_before"": 105, ""violation"": false}, {""version"": 106, ""max_seen_before"": 106, ""violation"": false}]}"
20260919T062932Z_97617a69,107,normal,1789799374.2372468,1789799374.247886,10.458,0,10.458,pass,,read_secondary,"{""background_write_acknowledged"": true, ""reads"": [{""version"": 107, ""max_seen_before"": 106, ""violation"": false}, {""version"": 107, ""max_seen_before"": 107, ""violation"": false}]}"
20260919T062932Z_97617a69,108,normal,1789799374.247886,1789799374.2573118,9.419,0,9.419,pass,,read_secondary,"{""background_write_acknowledged"": true, ""reads"": [{""version"": 108, ""max_seen_before"": 107, ""violation"": false}, {""version"": 108, ""max_seen_before"": 108, ""violation"": false}]}"
20260919T062932Z_97617a69,109,normal,1789799374.2573118,1789799374.2681656,10.418,0,10.418,pass,,read_secondary,"{""background_write_acknowledged"": true, ""reads"": [{""version"": 109, ""max_seen_before"": 108, ""violation"": false}, {""version"": 109, ""max_seen_before"": 109, ""violation"": false}]}"
20260919T062932Z_97617a69,110,normal,1789799374.2681656,1789799374.2788644,10.637,0,10.637,pass,,read_secondary,"{""background_write_acknowledged"": true, ""reads"": [{""version"": 110, ""max_seen_before"": 109, ""violation"": false}, {""version"": 110, ""max_seen_before"": 110, ""violation"": false}]}"
20260919T062932Z_97617a69,111,normal,1789799374.2788644,1789799374.2886078,9.475,0,9.475,pass,,read_secondary,"{""background_write_acknowledged"": true, ""reads"": [{""version"": 111, ""max_seen_before"": 110, ""violation"": false}, {""version"": 111, ""max_seen_before"": 111, ""violation"": false}]}"
20260919T062932Z_97617a69,112,normal,1789799374.2886078,1789799374.297897,9.753,0,9.753,pass,,read_secondary,"{""background_write_acknowledged"": true, ""reads"": [{""version"": 112, ""max_seen_before"": 111, ""violation"": false}, {""version"": 112, ""max_seen_before"": 112, ""violation"": false}]}"
20260919T062932Z_97617a69,113,normal,1789799374.298567,1789799374.3093057,10.771,0,10.771,pass,,read_secondary,"{""background_write_acknowledged"": true, ""reads"": [{""version"": 113, ""max_seen_before"": 112, ""violation"": false}, {""version"": 113, ""max_seen_before"": 113, ""violation"": false}]}"
20260919T062932Z_97617a69,114,normal,1789799374.3093057,1789799374.3194888,10.277,0,10.277,pass,,read_secondary,"{""background_write_acknowledged"": true, ""reads"": [{""version"": 114, ""max_seen_before"": 113, ""violation"": false}, {""version"": 114, ""max_seen_before"": 114, ""violation"": false}]}"
20260919T062932Z_97617a69,115,normal,1789799374.3194888,1789799374.3288443,9.028,0,9.028,pass,,read_secondary,"{""background_write_acknowledged"": true, ""reads"": [{""version"": 115, ""max_seen_before"": 114, ""violation"": false}, {""version"": 115, ""max_seen_before"": 115, ""violation"": false}]}"
20260919T062932Z_97617a69,116,normal,1789799374.3288443,1789799374.3388476,10.149,0,10.149,pass,,read_secondary,"{""background_write_acknowledged"": true, ""reads"": [{""version"": 116, ""max_seen_before"": 115, ""violation"": false}, {""version"": 116, ""max_seen_before"": 116, ""violation"": false}]}"
20260919T062932Z_97617a69,117,normal,1789799374.3388476,1789799374.348968,9.848,0,9.848,pass,,read_secondary,"{""background_write_acknowledged"": true, ""reads"": [{""version"": 117, ""max_seen_before"": 116, ""violation"": false}, {""version"": 117, ""max_seen_before"": 117, ""violation"": false}]}"
20260919T062932Z_97617a69,118,normal,1789799374.348968,1789799374.358578,9.701,0,9.701,pass,,read_secondary,"{""background_write_acknowledged"": true, ""reads"": [{""version"": 118, ""max_seen_before"": 117, ""violation"": false}, {""version"": 118, ""max_seen_before"": 118, ""violation"": false}]}"
20260919T062932Z_97617a69,119,normal,1789799374.358578,1789799374.3687983,9.838,0,9.838,pass,,read_secondary,"{""background_write_acknowledged"": true, ""reads"": [{""version"": 119, ""max_seen_before"": 118, ""violation"": false}, {""version"": 119, ""max_seen_before"": 119, ""violation"": false}]}"
20260919T062932Z_97617a69,120,normal,1789799374.3687983,1789799374.3776875,9.001,0,9.001,pass,,read_secondary,"{""background_write_acknowledged"": true, ""reads"": [{""version"": 120, ""max_seen_before"": 119, ""violation"": false}, {""version"": 120, ""max_seen_before"": 120, ""violation"": false}]}"
20260919T062932Z_97617a69,121,normal,1789799374.3776875,1789799374.388318,10.439,0,10.439,pass,,read_secondary,"{""background_write_acknowledged"": true, ""reads"": [{""version"": 121, ""max_seen_before"": 120, ""violation"": false}, {""version"": 121, ""max_seen_before"": 121, ""violation"": false}]}"
20260919T062932Z_97617a69,122,normal,1789799374.388318,1789799374.398666,10.011,0,10.011,pass,,read_secondary,"{""background_write_acknowledged"": true, ""reads"": [{""version"": 122, ""max_seen_before"": 121, ""violation"": false}, {""version"": 122, ""max_seen_before"": 122, ""violation"": false}]}"
20260919T062932Z_97617a69,123,normal,1789799374.398666,1789799374.408701,10.417,0,10.417,pass,,read_secondary,"{""background_write_acknowledged"": true, ""reads"": [{""version"": 123, ""max_seen_before"": 122, ""violation"": false}, {""version"": 123, ""max_seen_before"": 123, ""violation"": false}]}"
20260919T062932Z_97617a69,124,normal,1789799374.4092424,1789799374.4188313,9.999,0,9.999,pass,,read_secondary,"{""background_write_acknowledged"": true, ""reads"": [{""version"": 124, ""max_seen_before"": 123, ""violation"": false}, {""version"": 124, ""max_seen_before"": 124, ""violation"": false}]}"
20260919T062932Z_97617a69,125,normal,1789799374.4188313,1789799374.4293633,10.135,0,10.135,pass,,read_secondary,"{""background_write_acknowledged"": true, ""reads"": [{""version"": 125, ""max_seen_before"": 124, ""violation"": false}, {""version"": 125, ""max_seen_before"": 125, ""violation"": false}]}"
20260919T062932Z_97617a69,126,normal,1789799374.4293633,1789799374.43899,9.556,0,9.556,pass,,read_secondary,"{""background_write_acknowledged"": true, ""reads"": [{""version"": 126, ""max_seen_before"": 125, ""violation"": false}, {""version"": 126, ""max_seen_before"": 126, ""violation"": false}]}"
20260919T062932Z_97617a69,127,normal,1789799374.43899,1789799374.4497375,10.732,0,10.732,pass,,read_secondary,"{""background_write_acknowledged"": true, ""reads"": [{""version"": 127, ""max_seen_before"": 126, ""violation"": false}, {""version"": 127, ""max_seen_before"": 127, ""violation"": false}]}"
20260919T062932Z_97617a69,128,normal,1789799374.4497375,1789799374.4610038,10.956,0,10.956,pass,,read_secondary,"{""background_write_acknowledged"": true, ""reads"": [{""version"": 128, ""max_seen_before"": 127, ""violation"": false}, {""version"": 128, ""max_seen_before"": 128, ""violation"": false}]}"
20260919T062932Z_97617a69,129,normal,1789799374.4610038,1789799374.4711323,9.949,0,9.949,pass,,read_secondary,"{""background_write_acknowledged"": true, ""reads"": [{""version"": 129, ""max_seen_before"": 128, ""violation"": false}, {""version"": 129, ""max_seen_before"": 129, ""violation"": false}]}"
20260919T062932Z_97617a69,130,normal,1789799374.4711323,1789799374.480038,9.363,0,9.363,pass,,read_secondary,"{""background_write_acknowledged"": true, ""reads"": [{""version"": 130, ""max_seen_before"": 129, ""violation"": false}, {""version"": 130, ""max_seen_before"": 130, ""violation"": false}]}"
20260919T062932Z_97617a69,131,normal,1789799374.4807482,1789799374.4907799,10.408,0,10.408,pass,,read_secondary,"{""background_write_acknowledged"": true, ""reads"": [{""version"": 131, ""max_seen_before"": 130, ""violation"": false}, {""version"": 131, ""max_seen_before"": 131, ""violation"": false}]}"
20260919T062932Z_97617a69,132,normal,1789799374.4907799,1789799374.5016599,10.69,0,10.69,pass,,read_secondary,"{""background_write_acknowledged"": true, ""reads"": [{""version"": 132, ""max_seen_before"": 131, ""violation"": false}, {""version"": 132, ""max_seen_before"": 132, ""violation"": false}]}"
20260919T062932Z_97617a69,133,normal,1789799374.5016599,1789799374.5124662,10.766,0,10.766,pass,,read_secondary,"{""background_write_acknowledged"": true, ""reads"": [{""version"": 133, ""max_seen_before"": 132, ""violation"": false}, {""version"": 133, ""max_seen_before"": 133, ""violation"": false}]}"
20260919T062932Z_97617a69,134,normal,1789799374.5130408,1789799374.5230105,10.416,0,10.416,pass,,read_secondary,"{""background_write_acknowledged"": true, ""reads"": [{""version"": 134, ""max_seen_before"": 133, ""violation"": false}, {""version"": 134, ""max_seen_before"": 134, ""violation"": false}]}"
20260919T062932Z_97617a69,135,normal,1789799374.5230105,1789799374.532575,9.291,0,9.291,pass,,read_secondary,"{""background_write_acknowledged"": true, ""reads"": [{""version"": 135, ""max_seen_before"": 134, ""violation"": false}, {""version"": 135, ""max_seen_before"": 135, ""violation"": false}]}"
20260919T062932Z_97617a69,136,normal,1789799374.532575,1789799374.5421505,9.281,0,9.281,pass,,read_secondary,"{""background_write_acknowledged"": true, ""reads"": [{""version"": 136, ""max_seen_before"": 135, ""violation"": false}, {""version"": 136, ""max_seen_before"": 136, ""violation"": false}]}"
20260919T062932Z_97617a69,137,normal,1789799374.5421505,1789799374.5518615,9.636,0,9.636,pass,,read_secondary,"{""background_write_acknowledged"": true, ""reads"": [{""version"": 137, ""max_seen_before"": 136, ""violation"": false}, {""version"": 137, ""max_seen_before"": 137, ""violation"": false}]}"
20260919T062932Z_97617a69,138,normal,1789799374.5518615,1789799374.5609977,9.012,0,9.012,pass,,read_secondary,"{""background_write_acknowledged"": true, ""reads"": [{""version"": 138, ""max_seen_before"": 137, ""violation"": false}, {""version"": 138, ""max_seen_before"": 138, ""violation"": false}]}"
20260919T062932Z_97617a69,139,normal,1789799374.5609977,1789799374.5701377,9.022,0,9.022,pass,,read_secondary,"{""background_write_acknowledged"": true, ""reads"": [{""version"": 139, ""max_seen_before"": 138, ""violation"": false}, {""version"": 139, ""max_seen_before"": 139, ""violation"": false}]}"
20260919T062932Z_97617a69,140,normal,1789799374.5701377,1789799374.579492,9.361,0,9.361,pass,,read_secondary,"{""background_write_acknowledged"": true, ""reads"": [{""version"": 140, ""max_seen_before"": 139, ""violation"": false}, {""version"": 140, ""max_seen_before"": 140, ""violation"": false}]}"
20260919T062932Z_97617a69,141,normal,1789799374.579492,1789799374.5895069,9.771,0,9.771,pass,,read_secondary,"{""background_write_acknowledged"": true, ""reads"": [{""version"": 141, ""max_seen_before"": 140, ""violation"": false}, {""version"": 141, ""max_seen_before"": 141, ""violation"": false}]}"
20260919T062932Z_97617a69,142,normal,1789799374.5895069,1789799374.60023,10.779,0,10.779,pass,,read_secondary,"{""background_write_acknowledged"": true, ""reads"": [{""version"": 142, ""max_seen_before"": 141, ""violation"": false}, {""version"": 142, ""max_seen_before"": 142, ""violation"": false}]}"
20260919T062932Z_97617a69,143,normal,1789799374.60023,1789799374.6116874,11.445,0,11.445,pass,,read_secondary,"{""background_write_acknowledged"": true, ""reads"": [{""version"": 143, ""max_seen_before"": 142, ""violation"": false}, {""version"": 143, ""max_seen_before"": 143, ""violation"": false}]}"
20260919T062932Z_97617a69,144,normal,1789799374.6116874,1789799374.6215324,9.651,0,9.651,pass,,read_secondary,"{""background_write_acknowledged"": true, ""reads"": [{""version"": 144, ""max_seen_before"": 143, ""violation"": false}, {""version"": 144, ""max_seen_before"": 144, ""violation"": false}]}"
20260919T062932Z_97617a69,145,normal,1789799374.6215324,1789799374.631708,9.942,0,9.942,pass,,read_secondary,"{""background_write_acknowledged"": true, ""reads"": [{""version"": 145, ""max_seen_before"": 144, ""violation"": false}, {""version"": 145, ""max_seen_before"": 145, ""violation"": false}]}"
20260919T062932Z_97617a69,146,normal,1789799374.631708,1789799374.641931,9.982,0,9.982,pass,,read_secondary,"{""background_write_acknowledged"": true, ""reads"": [{""version"": 146, ""max_seen_before"": 145, ""violation"": false}, {""version"": 146, ""max_seen_before"": 146, ""violation"": false}]}"
20260919T062932Z_97617a69,147,normal,1789799374.641931,1789799374.65238,10.38,0,10.38,pass,,read_secondary,"{""background_write_acknowledged"": true, ""reads"": [{""version"": 147, ""max_seen_before"": 146, ""violation"": false}, {""version"": 147, ""max_seen_before"": 147, ""violation"": false}]}"
20260919T062932Z_97617a69,148,normal,1789799374.65238,1789799374.661162,8.781,0,8.781,pass,,read_secondary,"{""background_write_acknowledged"": true, ""reads"": [{""version"": 148, ""max_seen_before"": 147, ""violation"": false}, {""version"": 148, ""max_seen_before"": 148, ""violation"": false}]}"
20260919T062932Z_97617a69,149,normal,1789799374.661162,1789799374.6709614,9.78,0,9.78,pass,,read_secondary,"{""background_write_acknowledged"": true, ""reads"": [{""version"": 149, ""max_seen_before"": 148, ""violation"": false}, {""version"": 149, ""max_seen_before"": 149, ""violation"": false}]}"
20260919T062932Z_97617a69,150,normal,1789799374.6709614,1789799374.6799734,8.889,0,8.889,pass,,read_secondary,"{""background_write_acknowledged"": true, ""reads"": [{""version"": 150, ""max_seen_before"": 149, ""violation"": false}, {""version"": 150, ""max_seen_before"": 150, ""violation"": false}]}"
20260919T062932Z_97617a69,151,normal,1789799374.6799734,1789799374.688762,9.152,0,9.152,pass,,read_secondary,"{""background_write_acknowledged"": true, ""reads"": [{""version"": 151, ""max_seen_before"": 150, ""violation"": false}, {""version"": 151, ""max_seen_before"": 151, ""violation"": false}]}"
20260919T062932Z_97617a69,152,normal,1789799374.6894584,1789799374.6990793,9.591,0,9.591,pass,,read_secondary,"{""background_write_acknowledged"": true, ""reads"": [{""version"": 152, ""max_seen_before"": 151, ""violation"": false}, {""version"": 152, ""max_seen_before"": 152, ""violation"": false}]}"
20260919T062932Z_97617a69,153,normal,1789799374.6990793,1789799374.7076283,8.815,0,8.815,pass,,read_secondary,"{""background_write_acknowledged"": true, ""reads"": [{""version"": 153, ""max_seen_before"": 152, ""violation"": false}, {""version"": 153, ""max_seen_before"": 153, ""violation"": false}]}"
20260919T062932Z_97617a69,154,normal,1789799374.7076283,1789799374.7165818,8.653,0,8.653,pass,,read_secondary,"{""background_write_acknowledged"": true, ""reads"": [{""version"": 154, ""max_seen_before"": 153, ""violation"": false}, {""version"": 154, ""max_seen_before"": 154, ""violation"": false}]}"
20260919T062932Z_97617a69,155,normal,1789799374.7165818,1789799374.7260187,9.139,0,9.139,pass,,read_secondary,"{""background_write_acknowledged"": true, ""reads"": [{""version"": 155, ""max_seen_before"": 154, ""violation"": false}, {""version"": 155, ""max_seen_before"": 155, ""violation"": false}]}"
20260919T062932Z_97617a69,156,normal,1789799374.7260187,1789799374.734957,9.334,0,9.334,pass,,read_secondary,"{""background_write_acknowledged"": true, ""reads"": [{""version"": 156, ""max_seen_before"": 155, ""violation"": false}, {""version"": 156, ""max_seen_before"": 156, ""violation"": false}]}"
20260919T062932Z_97617a69,157,normal,1789799374.7355134,1789799374.7447424,9.408,0,9.408,pass,,read_secondary,"{""background_write_acknowledged"": true, ""reads"": [{""version"": 157, ""max_seen_before"": 156, ""violation"": false}, {""version"": 157, ""max_seen_before"": 157, ""violation"": false}]}"
20260919T062932Z_97617a69,158,normal,1789799374.7447424,1789799374.7540593,9.077,0,9.077,pass,,read_secondary,"{""background_write_acknowledged"": true, ""reads"": [{""version"": 158, ""max_seen_before"": 157, ""violation"": false}, {""version"": 158, ""max_seen_before"": 158, ""violation"": false}]}"
20260919T062932Z_97617a69,159,normal,1789799374.7540593,1789799374.763041,9.014,0,9.014,pass,,read_secondary,"{""background_write_acknowledged"": true, ""reads"": [{""version"": 159, ""max_seen_before"": 158, ""violation"": false}, {""version"": 159, ""max_seen_before"": 159, ""violation"": false}]}"
20260919T062932Z_97617a69,160,normal,1789799374.763041,1789799374.772305,9.36,0,9.36,pass,,read_secondary,"{""background_write_acknowledged"": true, ""reads"": [{""version"": 160, ""max_seen_before"": 159, ""violation"": false}, {""version"": 160, ""max_seen_before"": 160, ""violation"": false}]}"
20260919T062932Z_97617a69,161,normal,1789799374.772305,1789799374.7816873,8.915,0,8.915,pass,,read_secondary,"{""background_write_acknowledged"": true, ""reads"": [{""version"": 161, ""max_seen_before"": 160, ""violation"": false}, {""version"": 161, ""max_seen_before"": 161, ""violation"": false}]}"
20260919T062932Z_97617a69,162,normal,1789799374.7816873,1789799374.7909372,9.21,0,9.21,pass,,read_secondary,"{""background_write_acknowledged"": true, ""reads"": [{""version"": 162, ""max_seen_before"": 161, ""violation"": false}, {""version"": 162, ""max_seen_before"": 162, ""violation"": false}]}"
20260919T062932Z_97617a69,163,normal,1789799374.7909372,1789799374.8009446,9.75,0,9.75,pass,,read_secondary,"{""background_write_acknowledged"": true, ""reads"": [{""version"": 163, ""max_seen_before"": 162, ""violation"": false}, {""version"": 163, ""max_seen_before"": 163, ""violation"": false}]}"
20260919T062932Z_97617a69,164,normal,1789799374.8009446,1789799374.8107467,9.764,0,9.764,pass,,read_secondary,"{""background_write_acknowledged"": true, ""reads"": [{""version"": 164, ""max_seen_before"": 163, ""violation"": false}, {""version"": 164, ""max_seen_before"": 164, ""violation"": false}]}"
20260919T062932Z_97617a69,165,normal,1789799374.8107467,1789799374.8213975,10.614,0,10.614,pass,,read_secondary,"{""background_write_acknowledged"": true, ""reads"": [{""version"": 165, ""max_seen_before"": 164, ""violation"": false}, {""version"": 165, ""max_seen_before"": 165, ""violation"": false}]}"
20260919T062932Z_97617a69,166,normal,1789799374.8213975,1789799374.8329244,11.297,0,11.297,pass,,read_secondary,"{""background_write_acknowledged"": true, ""reads"": [{""version"": 166, ""max_seen_before"": 165, ""violation"": false}, {""version"": 166, ""max_seen_before"": 166, ""violation"": false}]}"
20260919T062932Z_97617a69,167,normal,1789799374.8329244,1789799374.8430784,9.988,0,9.988,pass,,read_secondary,"{""background_write_acknowledged"": true, ""reads"": [{""version"": 167, ""max_seen_before"": 166, ""violation"": false}, {""version"": 167, ""max_seen_before"": 167, ""violation"": false}]}"
20260919T062932Z_97617a69,168,normal,1789799374.8430784,1789799374.8524816,9.811,0,9.811,pass,,read_secondary,"{""background_write_acknowledged"": true, ""reads"": [{""version"": 168, ""max_seen_before"": 167, ""violation"": false}, {""version"": 168, ""max_seen_before"": 168, ""violation"": false}]}"
20260919T062932Z_97617a69,169,normal,1789799374.8531308,1789799374.8630316,10.288,0,10.288,pass,,read_secondary,"{""background_write_acknowledged"": true, ""reads"": [{""version"": 169, ""max_seen_before"": 168, ""violation"": false}, {""version"": 169, ""max_seen_before"": 169, ""violation"": false}]}"
20260919T062932Z_97617a69,170,normal,1789799374.8630316,1789799374.8727775,9.596,0,9.596,pass,,read_secondary,"{""background_write_acknowledged"": true, ""reads"": [{""version"": 170, ""max_seen_before"": 169, ""violation"": false}, {""version"": 170, ""max_seen_before"": 170, ""violation"": false}]}"
20260919T062932Z_97617a69,171,normal,1789799374.87334,1789799374.8831704,10.033,0,10.033,pass,,read_secondary,"{""background_write_acknowledged"": true, ""reads"": [{""version"": 171, ""max_seen_before"": 170, ""violation"": false}, {""version"": 171, ""max_seen_before"": 171, ""violation"": false}]}"
20260919T062932Z_97617a69,172,normal,1789799374.8831704,1789799374.8935437,10.523,0,10.523,pass,,read_secondary,"{""background_write_acknowledged"": true, ""reads"": [{""version"": 172, ""max_seen_before"": 171, ""violation"": false}, {""version"": 172, ""max_seen_before"": 172, ""violation"": false}]}"
20260919T062932Z_97617a69,173,normal,1789799374.8941312,1789799374.904359,10.275,0,10.275,pass,,read_secondary,"{""background_write_acknowledged"": true, ""reads"": [{""version"": 173, ""max_seen_before"": 172, ""violation"": false}, {""version"": 173, ""max_seen_before"": 173, ""violation"": false}]}"
20260919T062932Z_97617a69,174,normal,1789799374.904359,1789799374.9146252,10.357,0,10.357,pass,,read_secondary,"{""background_write_acknowledged"": true, ""reads"": [{""version"": 174, ""max_seen_before"": 173, ""violation"": false}, {""version"": 174, ""max_seen_before"": 174, ""violation"": false}]}"
20260919T062932Z_97617a69,175,normal,1789799374.9146252,1789799374.9246125,9.691,0,9.691,pass,,read_secondary,"{""background_write_acknowledged"": true, ""reads"": [{""version"": 175, ""max_seen_before"": 174, ""violation"": false}, {""version"": 175, ""max_seen_before"": 175, ""violation"": false}]}"
20260919T062932Z_97617a69,176,normal,1789799374.9246125,1789799374.9352596,10.944,0,10.944,pass,,read_secondary,"{""background_write_acknowledged"": true, ""reads"": [{""version"": 176, ""max_seen_before"": 175, ""violation"": false}, {""version"": 176, ""max_seen_before"": 176, ""violation"": false}]}"
20260919T062932Z_97617a69,177,normal,1789799374.9358423,1789799374.9453278,9.958,0,9.958,pass,,read_secondary,"{""background_write_acknowledged"": true, ""reads"": [{""version"": 177, ""max_seen_before"": 176, ""violation"": false}, {""version"": 177, ""max_seen_before"": 177, ""violation"": false}]}"
20260919T062932Z_97617a69,178,normal,1789799374.9453278,1789799374.955491,9.85,0,9.85,pass,,read_secondary,"{""background_write_acknowledged"": true, ""reads"": [{""version"": 178, ""max_seen_before"": 177, ""violation"": false}, {""version"": 178, ""max_seen_before"": 178, ""violation"": false}]}"
20260919T062932Z_97617a69,179,normal,1789799374.955491,1789799374.965372,9.942,0,9.942,pass,,read_secondary,"{""background_write_acknowledged"": true, ""reads"": [{""version"": 179, ""max_seen_before"": 178, ""violation"": false}, {""version"": 179, ""max_seen_before"": 179, ""violation"": false}]}"
20260919T062932Z_97617a69,180,normal,1789799374.965372,1789799374.9757028,10.264,0,10.264,pass,,read_secondary,"{""background_write_acknowledged"": true, ""reads"": [{""version"": 180, ""max_seen_before"": 179, ""violation"": false}, {""version"": 180, ""max_seen_before"": 180, ""violation"": false}]}"
20260919T062932Z_97617a69,181,normal,1789799374.976302,1789799374.98561,9.472,0,9.472,pass,,read_secondary,"{""background_write_acknowledged"": true, ""reads"": [{""version"": 181, ""max_seen_before"": 180, ""violation"": false}, {""version"": 181, ""max_seen_before"": 181, ""violation"": false}]}"
20260919T062932Z_97617a69,182,normal,1789799374.98561,1789799374.9947453,9.044,0,9.044,pass,,read_secondary,"{""background_write_acknowledged"": true, ""reads"": [{""version"": 182, ""max_seen_before"": 181, ""violation"": false}, {""version"": 182, ""max_seen_before"": 182, ""violation"": false}]}"
20260919T062932Z_97617a69,183,normal,1789799374.9947453,1789799375.0038097,9.169,0,9.169,pass,,read_secondary,"{""background_write_acknowledged"": true, ""reads"": [{""version"": 183, ""max_seen_before"": 182, ""violation"": false}, {""version"": 183, ""max_seen_before"": 183, ""violation"": false}]}"
20260919T062932Z_97617a69,184,normal,1789799375.0038097,1789799375.0140505,9.764,0,9.764,pass,,read_secondary,"{""background_write_acknowledged"": true, ""reads"": [{""version"": 184, ""max_seen_before"": 183, ""violation"": false}, {""version"": 184, ""max_seen_before"": 184, ""violation"": false}]}"
20260919T062932Z_97617a69,185,normal,1789799375.0140505,1789799375.0233672,9.42,0,9.42,pass,,read_secondary,"{""background_write_acknowledged"": true, ""reads"": [{""version"": 185, ""max_seen_before"": 184, ""violation"": false}, {""version"": 185, ""max_seen_before"": 185, ""violation"": false}]}"
20260919T062932Z_97617a69,186,normal,1789799375.0233672,1789799375.0335746,9.804,0,9.804,pass,,read_secondary,"{""background_write_acknowledged"": true, ""reads"": [{""version"": 186, ""max_seen_before"": 185, ""violation"": false}, {""version"": 186, ""max_seen_before"": 186, ""violation"": false}]}"
20260919T062932Z_97617a69,187,normal,1789799375.0335746,1789799375.0430741,9.375,0,9.375,pass,,read_secondary,"{""background_write_acknowledged"": true, ""reads"": [{""version"": 187, ""max_seen_before"": 186, ""violation"": false}, {""version"": 187, ""max_seen_before"": 187, ""violation"": false}]}"
20260919T062932Z_97617a69,188,normal,1789799375.0430741,1789799375.0512266,8.271,0,8.271,pass,,read_secondary,"{""background_write_acknowledged"": true, ""reads"": [{""version"": 188, ""max_seen_before"": 187, ""violation"": false}, {""version"": 188, ""max_seen_before"": 188, ""violation"": false}]}"
20260919T062932Z_97617a69,189,normal,1789799375.0512266,1789799375.061307,9.772,0,9.772,pass,,read_secondary,"{""background_write_acknowledged"": true, ""reads"": [{""version"": 189, ""max_seen_before"": 188, ""violation"": false}, {""version"": 189, ""max_seen_before"": 189, ""violation"": false}]}"
20260919T062932Z_97617a69,190,normal,1789799375.061307,1789799375.069978,8.992,0,8.992,pass,,read_secondary,"{""background_write_acknowledged"": true, ""reads"": [{""version"": 190, ""max_seen_before"": 189, ""violation"": false}, {""version"": 190, ""max_seen_before"": 190, ""violation"": false}]}"
20260919T062932Z_97617a69,191,normal,1789799375.0705638,1789799375.0798318,9.745,0,9.745,pass,,read_secondary,"{""background_write_acknowledged"": true, ""reads"": [{""version"": 191, ""max_seen_before"": 190, ""violation"": false}, {""version"": 191, ""max_seen_before"": 191, ""violation"": false}]}"
20260919T062932Z_97617a69,192,normal,1789799375.080436,1789799375.0898106,9.383,0,9.383,pass,,read_secondary,"{""background_write_acknowledged"": true, ""reads"": [{""version"": 192, ""max_seen_before"": 191, ""violation"": false}, {""version"": 192, ""max_seen_before"": 192, ""violation"": false}]}"
20260919T062932Z_97617a69,193,normal,1789799375.0898106,1789799375.099888,9.941,0,9.941,pass,,read_secondary,"{""background_write_acknowledged"": true, ""reads"": [{""version"": 193, ""max_seen_before"": 192, ""violation"": false}, {""version"": 193, ""max_seen_before"": 193, ""violation"": false}]}"
20260919T062932Z_97617a69,194,normal,1789799375.099888,1789799375.1099887,10.394,0,10.394,pass,,read_secondary,"{""background_write_acknowledged"": true, ""reads"": [{""version"": 194, ""max_seen_before"": 193, ""violation"": false}, {""version"": 194, ""max_seen_before"": 194, ""violation"": false}]}"
20260919T062932Z_97617a69,195,normal,1789799375.1099887,1789799375.1201184,9.93,0,9.93,pass,,read_secondary,"{""background_write_acknowledged"": true, ""reads"": [{""version"": 195, ""max_seen_before"": 194, ""violation"": false}, {""version"": 195, ""max_seen_before"": 195, ""violation"": false}]}"
20260919T062932Z_97617a69,196,normal,1789799375.1201184,1789799375.1305563,9.995,0,9.995,pass,,read_secondary,"{""background_write_acknowledged"": true, ""reads"": [{""version"": 196, ""max_seen_before"": 195, ""violation"": false}, {""version"": 196, ""max_seen_before"": 196, ""violation"": false}]}"
20260919T062932Z_97617a69,197,normal,1789799375.1305563,1789799375.1402862,9.744,0,9.744,pass,,read_secondary,"{""background_write_acknowledged"": true, ""reads"": [{""version"": 197, ""max_seen_before"": 196, ""violation"": false}, {""version"": 197, ""max_seen_before"": 197, ""violation"": false}]}"
20260919T062932Z_97617a69,198,normal,1789799375.1402862,1789799375.1504362,10.048,0,10.048,pass,,read_secondary,"{""background_write_acknowledged"": true, ""reads"": [{""version"": 198, ""max_seen_before"": 197, ""violation"": false}, {""version"": 198, ""max_seen_before"": 198, ""violation"": false}]}"
20260919T062932Z_97617a69,199,normal,1789799375.1504362,1789799375.160256,9.846,0,9.846,pass,,read_secondary,"{""background_write_acknowledged"": true, ""reads"": [{""version"": 199, ""max_seen_before"": 198, ""violation"": false}, {""version"": 199, ""max_seen_before"": 199, ""violation"": false}]}"
20260919T062932Z_97617a69,200,transition,1789799375.160256,1789799376.1698277,1009.143,994.631,14.512,pass,,read_secondary,"{""background_write_acknowledged"": true, ""reads"": [{""version"": 200, ""max_seen_before"": 199, ""violation"": false}, {""version"": 200, ""max_seen_before"": 200, ""violation"": false}]}"
20260919T062932Z_97617a69,201,fault,1789799376.1716878,1789799386.1791914,10008.041,0,10008.041,error,"NetworkTimeout: mongo1:27017: timed out (configured timeouts: socketTimeoutMS: 10000.0ms, connectTimeoutMS: 5000.0ms)",first_write,"{""error_type"": ""NetworkTimeout"", ""error_code"": null}"
20260919T062932Z_97617a69,202,fault,1789799386.1791914,1789799386.1974285,17.899,0,17.899,pass,,read_secondary,"{""background_write_acknowledged"": true, ""reads"": [{""version"": 202, ""max_seen_before"": 200, ""violation"": false}, {""version"": 202, ""max_seen_before"": 202, ""violation"": false}]}"
20260919T062932Z_97617a69,203,fault,1789799386.198032,1789799386.207978,10.291,0,10.291,pass,,read_secondary,"{""background_write_acknowledged"": true, ""reads"": [{""version"": 203, ""max_seen_before"": 202, ""violation"": false}, {""version"": 203, ""max_seen_before"": 203, ""violation"": false}]}"
20260919T062932Z_97617a69,204,fault,1789799386.208493,1789799386.2175395,9.223,0,9.223,pass,,read_secondary,"{""background_write_acknowledged"": true, ""reads"": [{""version"": 204, ""max_seen_before"": 203, ""violation"": false}, {""version"": 204, ""max_seen_before"": 204, ""violation"": false}]}"
20260919T062932Z_97617a69,205,fault,1789799386.2175395,1789799386.2274256,9.574,0,9.574,pass,,read_secondary,"{""background_write_acknowledged"": true, ""reads"": [{""version"": 205, ""max_seen_before"": 204, ""violation"": false}, {""version"": 205, ""max_seen_before"": 205, ""violation"": false}]}"
20260919T062932Z_97617a69,206,fault,1789799386.2274256,1789799386.2366126,9.521,0,9.521,pass,,read_secondary,"{""background_write_acknowledged"": true, ""reads"": [{""version"": 206, ""max_seen_before"": 205, ""violation"": false}, {""version"": 206, ""max_seen_before"": 206, ""violation"": false}]}"
20260919T062932Z_97617a69,207,fault,1789799386.2366126,1789799386.2453234,8.674,0,8.674,pass,,read_secondary,"{""background_write_acknowledged"": true, ""reads"": [{""version"": 207, ""max_seen_before"": 206, ""violation"": false}, {""version"": 207, ""max_seen_before"": 207, ""violation"": false}]}"
20260919T062932Z_97617a69,208,fault,1789799386.2453234,1789799386.2540417,8.7,0,8.7,pass,,read_secondary,"{""background_write_acknowledged"": true, ""reads"": [{""version"": 208, ""max_seen_before"": 207, ""violation"": false}, {""version"": 208, ""max_seen_before"": 208, ""violation"": false}]}"
20260919T062932Z_97617a69,209,fault,1789799386.2546542,1789799386.2652144,11.124,0,11.124,pass,,read_secondary,"{""background_write_acknowledged"": true, ""reads"": [{""version"": 209, ""max_seen_before"": 208, ""violation"": false}, {""version"": 209, ""max_seen_before"": 209, ""violation"": false}]}"
20260919T062932Z_97617a69,210,fault,1789799386.265842,1789799386.2762792,10.577,0,10.577,pass,,read_secondary,"{""background_write_acknowledged"": true, ""reads"": [{""version"": 210, ""max_seen_before"": 209, ""violation"": false}, {""version"": 210, ""max_seen_before"": 210, ""violation"": false}]}"
20260919T062932Z_97617a69,211,fault,1789799386.2762792,1789799386.2879074,11.581,0,11.581,pass,,read_secondary,"{""background_write_acknowledged"": true, ""reads"": [{""version"": 211, ""max_seen_before"": 210, ""violation"": false}, {""version"": 211, ""max_seen_before"": 211, ""violation"": false}]}"
20260919T062932Z_97617a69,212,fault,1789799386.2879074,1789799386.2987733,10.687,0,10.687,pass,,read_secondary,"{""background_write_acknowledged"": true, ""reads"": [{""version"": 212, ""max_seen_before"": 211, ""violation"": false}, {""version"": 212, ""max_seen_before"": 212, ""violation"": false}]}"
20260919T062932Z_97617a69,213,fault,1789799386.2987733,1789799386.3074954,8.683,0,8.683,pass,,read_secondary,"{""background_write_acknowledged"": true, ""reads"": [{""version"": 213, ""max_seen_before"": 212, ""violation"": false}, {""version"": 213, ""max_seen_before"": 213, ""violation"": false}]}"
20260919T062932Z_97617a69,214,fault,1789799386.3074954,1789799386.3154147,7.891,0,7.891,pass,,read_secondary,"{""background_write_acknowledged"": true, ""reads"": [{""version"": 214, ""max_seen_before"": 213, ""violation"": false}, {""version"": 214, ""max_seen_before"": 214, ""violation"": false}]}"
20260919T062932Z_97617a69,215,fault,1789799386.3154147,1789799386.3241293,8.799,0,8.799,pass,,read_secondary,"{""background_write_acknowledged"": true, ""reads"": [{""version"": 215, ""max_seen_before"": 214, ""violation"": false}, {""version"": 215, ""max_seen_before"": 215, ""violation"": false}]}"
20260919T062932Z_97617a69,216,fault,1789799386.3241293,1789799386.3342645,9.495,0,9.495,pass,,read_secondary,"{""background_write_acknowledged"": true, ""reads"": [{""version"": 216, ""max_seen_before"": 215, ""violation"": false}, {""version"": 216, ""max_seen_before"": 216, ""violation"": false}]}"
20260919T062932Z_97617a69,217,fault,1789799386.3342645,1789799386.3431668,9.002,0,9.002,pass,,read_secondary,"{""background_write_acknowledged"": true, ""reads"": [{""version"": 217, ""max_seen_before"": 216, ""violation"": false}, {""version"": 217, ""max_seen_before"": 217, ""violation"": false}]}"
20260919T062932Z_97617a69,218,fault,1789799386.3431668,1789799386.3530762,10.0,0,10.0,pass,,read_secondary,"{""background_write_acknowledged"": true, ""reads"": [{""version"": 218, ""max_seen_before"": 217, ""violation"": false}, {""version"": 218, ""max_seen_before"": 218, ""violation"": false}]}"
20260919T062932Z_97617a69,219,fault,1789799386.3530762,1789799386.3622694,8.69,0,8.69,pass,,read_secondary,"{""background_write_acknowledged"": true, ""reads"": [{""version"": 219, ""max_seen_before"": 218, ""violation"": false}, {""version"": 219, ""max_seen_before"": 219, ""violation"": false}]}"
20260919T062932Z_97617a69,220,fault,1789799386.3622694,1789799386.3720765,9.577,0,9.577,pass,,read_secondary,"{""background_write_acknowledged"": true, ""reads"": [{""version"": 220, ""max_seen_before"": 219, ""violation"": false}, {""version"": 220, ""max_seen_before"": 220, ""violation"": false}]}"
20260919T062932Z_97617a69,221,fault,1789799386.3720765,1789799386.3817377,9.587,0,9.587,pass,,read_secondary,"{""background_write_acknowledged"": true, ""reads"": [{""version"": 221, ""max_seen_before"": 220, ""violation"": false}, {""version"": 221, ""max_seen_before"": 221, ""violation"": false}]}"
20260919T062932Z_97617a69,222,fault,1789799386.3817377,1789799386.3901966,8.602,0,8.602,pass,,read_secondary,"{""background_write_acknowledged"": true, ""reads"": [{""version"": 222, ""max_seen_before"": 221, ""violation"": false}, {""version"": 222, ""max_seen_before"": 222, ""violation"": false}]}"
20260919T062932Z_97617a69,223,fault,1789799386.3901966,1789799386.3986971,8.485,0,8.485,pass,,read_secondary,"{""background_write_acknowledged"": true, ""reads"": [{""version"": 223, ""max_seen_before"": 222, ""violation"": false}, {""version"": 223, ""max_seen_before"": 223, ""violation"": false}]}"
20260919T062932Z_97617a69,224,fault,1789799386.3986971,1789799386.4077773,8.984,0,8.984,pass,,read_secondary,"{""background_write_acknowledged"": true, ""reads"": [{""version"": 224, ""max_seen_before"": 223, ""violation"": false}, {""version"": 224, ""max_seen_before"": 224, ""violation"": false}]}"
20260919T062932Z_97617a69,225,fault,1789799386.4077773,1789799386.417091,9.314,0,9.314,pass,,read_secondary,"{""background_write_acknowledged"": true, ""reads"": [{""version"": 225, ""max_seen_before"": 224, ""violation"": false}, {""version"": 225, ""max_seen_before"": 225, ""violation"": false}]}"
20260919T062932Z_97617a69,226,fault,1789799386.417091,1789799386.4263258,8.767,0,8.767,pass,,read_secondary,"{""background_write_acknowledged"": true, ""reads"": [{""version"": 226, ""max_seen_before"": 225, ""violation"": false}, {""version"": 226, ""max_seen_before"": 226, ""violation"": false}]}"
20260919T062932Z_97617a69,227,fault,1789799386.4263258,1789799386.4344895,7.987,0,7.987,pass,,read_secondary,"{""background_write_acknowledged"": true, ""reads"": [{""version"": 227, ""max_seen_before"": 226, ""violation"": false}, {""version"": 227, ""max_seen_before"": 227, ""violation"": false}]}"
20260919T062932Z_97617a69,228,fault,1789799386.4344895,1789799386.443802,9.532,0,9.532,pass,,read_secondary,"{""background_write_acknowledged"": true, ""reads"": [{""version"": 228, ""max_seen_before"": 227, ""violation"": false}, {""version"": 228, ""max_seen_before"": 228, ""violation"": false}]}"
20260919T062932Z_97617a69,229,fault,1789799386.443802,1789799386.4522464,8.433,0,8.433,pass,,read_secondary,"{""background_write_acknowledged"": true, ""reads"": [{""version"": 229, ""max_seen_before"": 228, ""violation"": false}, {""version"": 229, ""max_seen_before"": 229, ""violation"": false}]}"
20260919T062932Z_97617a69,230,fault,1789799386.4522464,1789799386.4618917,9.24,0,9.24,pass,,read_secondary,"{""background_write_acknowledged"": true, ""reads"": [{""version"": 230, ""max_seen_before"": 229, ""violation"": false}, {""version"": 230, ""max_seen_before"": 230, ""violation"": false}]}"
20260919T062932Z_97617a69,231,fault,1789799386.4618917,1789799386.471463,9.51,0,9.51,pass,,read_secondary,"{""background_write_acknowledged"": true, ""reads"": [{""version"": 231, ""max_seen_before"": 230, ""violation"": false}, {""version"": 231, ""max_seen_before"": 231, ""violation"": false}]}"
20260919T062932Z_97617a69,232,fault,1789799386.471463,1789799386.480437,8.967,0,8.967,pass,,read_secondary,"{""background_write_acknowledged"": true, ""reads"": [{""version"": 232, ""max_seen_before"": 231, ""violation"": false}, {""version"": 232, ""max_seen_before"": 232, ""violation"": false}]}"
20260919T062932Z_97617a69,233,fault,1789799386.480437,1789799386.4899478,9.866,0,9.866,pass,,read_secondary,"{""background_write_acknowledged"": true, ""reads"": [{""version"": 233, ""max_seen_before"": 232, ""violation"": false}, {""version"": 233, ""max_seen_before"": 233, ""violation"": false}]}"
20260919T062932Z_97617a69,234,fault,1789799386.4906106,1789799386.4993043,9.281,0,9.281,pass,,read_secondary,"{""background_write_acknowledged"": true, ""reads"": [{""version"": 234, ""max_seen_before"": 233, ""violation"": false}, {""version"": 234, ""max_seen_before"": 234, ""violation"": false}]}"
20260919T062932Z_97617a69,235,fault,1789799386.500004,1789799386.510819,11.181,0,11.181,pass,,read_secondary,"{""background_write_acknowledged"": true, ""reads"": [{""version"": 235, ""max_seen_before"": 234, ""violation"": false}, {""version"": 235, ""max_seen_before"": 235, ""violation"": false}]}"
20260919T062932Z_97617a69,236,fault,1789799386.510819,1789799386.522807,11.91,0,11.91,pass,,read_secondary,"{""background_write_acknowledged"": true, ""reads"": [{""version"": 236, ""max_seen_before"": 235, ""violation"": false}, {""version"": 236, ""max_seen_before"": 236, ""violation"": false}]}"
20260919T062932Z_97617a69,237,fault,1789799386.522807,1789799386.5340867,11.352,0,11.352,pass,,read_secondary,"{""background_write_acknowledged"": true, ""reads"": [{""version"": 237, ""max_seen_before"": 236, ""violation"": false}, {""version"": 237, ""max_seen_before"": 237, ""violation"": false}]}"
20260919T062932Z_97617a69,238,fault,1789799386.5347142,1789799386.545108,10.81,0,10.81,pass,,read_secondary,"{""background_write_acknowledged"": true, ""reads"": [{""version"": 238, ""max_seen_before"": 237, ""violation"": false}, {""version"": 238, ""max_seen_before"": 238, ""violation"": false}]}"
20260919T062932Z_97617a69,239,fault,1789799386.5456796,1789799386.5560153,10.422,0,10.422,pass,,read_secondary,"{""background_write_acknowledged"": true, ""reads"": [{""version"": 239, ""max_seen_before"": 238, ""violation"": false}, {""version"": 239, ""max_seen_before"": 239, ""violation"": false}]}"
20260919T062932Z_97617a69,240,fault,1789799386.5560153,1789799386.5656822,9.748,0,9.748,pass,,read_secondary,"{""background_write_acknowledged"": true, ""reads"": [{""version"": 240, ""max_seen_before"": 239, ""violation"": false}, {""version"": 240, ""max_seen_before"": 240, ""violation"": false}]}"
20260919T062932Z_97617a69,241,fault,1789799386.5656822,1789799386.574465,9.046,0,9.046,pass,,read_secondary,"{""background_write_acknowledged"": true, ""reads"": [{""version"": 241, ""max_seen_before"": 240, ""violation"": false}, {""version"": 241, ""max_seen_before"": 241, ""violation"": false}]}"
20260919T062932Z_97617a69,242,fault,1789799386.575119,1789799386.5849798,10.156,0,10.156,pass,,read_secondary,"{""background_write_acknowledged"": true, ""reads"": [{""version"": 242, ""max_seen_before"": 241, ""violation"": false}, {""version"": 242, ""max_seen_before"": 242, ""violation"": false}]}"
20260919T062932Z_97617a69,243,fault,1789799386.5849798,1789799386.594138,9.184,0,9.184,pass,,read_secondary,"{""background_write_acknowledged"": true, ""reads"": [{""version"": 243, ""max_seen_before"": 242, ""violation"": false}, {""version"": 243, ""max_seen_before"": 243, ""violation"": false}]}"
20260919T062932Z_97617a69,244,fault,1789799386.594138,1789799386.6029835,8.869,0,8.869,pass,,read_secondary,"{""background_write_acknowledged"": true, ""reads"": [{""version"": 244, ""max_seen_before"": 243, ""violation"": false}, {""version"": 244, ""max_seen_before"": 244, ""violation"": false}]}"
20260919T062932Z_97617a69,245,fault,1789799386.6029835,1789799386.6124053,9.105,0,9.105,pass,,read_secondary,"{""background_write_acknowledged"": true, ""reads"": [{""version"": 245, ""max_seen_before"": 244, ""violation"": false}, {""version"": 245, ""max_seen_before"": 245, ""violation"": false}]}"
20260919T062932Z_97617a69,246,fault,1789799386.6124053,1789799386.6225004,9.943,0,9.943,pass,,read_secondary,"{""background_write_acknowledged"": true, ""reads"": [{""version"": 246, ""max_seen_before"": 245, ""violation"": false}, {""version"": 246, ""max_seen_before"": 246, ""violation"": false}]}"
20260919T062932Z_97617a69,247,fault,1789799386.6225004,1789799386.6324263,10.165,0,10.165,pass,,read_secondary,"{""background_write_acknowledged"": true, ""reads"": [{""version"": 247, ""max_seen_before"": 246, ""violation"": false}, {""version"": 247, ""max_seen_before"": 247, ""violation"": false}]}"
20260919T062932Z_97617a69,248,fault,1789799386.6324263,1789799386.64072,8.178,0,8.178,pass,,read_secondary,"{""background_write_acknowledged"": true, ""reads"": [{""version"": 248, ""max_seen_before"": 247, ""violation"": false}, {""version"": 248, ""max_seen_before"": 248, ""violation"": false}]}"
20260919T062932Z_97617a69,249,fault,1789799386.64072,1789799386.6491919,8.144,0,8.144,pass,,read_secondary,"{""background_write_acknowledged"": true, ""reads"": [{""version"": 249, ""max_seen_before"": 248, ""violation"": false}, {""version"": 249, ""max_seen_before"": 249, ""violation"": false}]}"
20260919T062932Z_97617a69,250,fault,1789799386.6491919,1789799386.657696,8.204,0,8.204,pass,,read_secondary,"{""background_write_acknowledged"": true, ""reads"": [{""version"": 250, ""max_seen_before"": 249, ""violation"": false}, {""version"": 250, ""max_seen_before"": 250, ""violation"": false}]}"
20260919T062932Z_97617a69,251,fault,1789799386.657696,1789799386.6658382,8.456,0,8.456,pass,,read_secondary,"{""background_write_acknowledged"": true, ""reads"": [{""version"": 251, ""max_seen_before"": 250, ""violation"": false}, {""version"": 251, ""max_seen_before"": 251, ""violation"": false}]}"
20260919T062932Z_97617a69,252,fault,1789799386.6658382,1789799386.6758113,9.435,0,9.435,pass,,read_secondary,"{""background_write_acknowledged"": true, ""reads"": [{""version"": 252, ""max_seen_before"": 251, ""violation"": false}, {""version"": 252, ""max_seen_before"": 252, ""violation"": false}]}"
20260919T062932Z_97617a69,253,fault,1789799386.6758113,1789799386.6832924,7.444,0,7.444,pass,,read_secondary,"{""background_write_acknowledged"": true, ""reads"": [{""version"": 253, ""max_seen_before"": 252, ""violation"": false}, {""version"": 253, ""max_seen_before"": 253, ""violation"": false}]}"
20260919T062932Z_97617a69,254,fault,1789799386.6832924,1789799386.693625,10.635,0,10.635,pass,,read_secondary,"{""background_write_acknowledged"": true, ""reads"": [{""version"": 254, ""max_seen_before"": 253, ""violation"": false}, {""version"": 254, ""max_seen_before"": 254, ""violation"": false}]}"
20260919T062932Z_97617a69,255,fault,1789799386.694174,1789799386.7031772,9.292,0,9.292,pass,,read_secondary,"{""background_write_acknowledged"": true, ""reads"": [{""version"": 255, ""max_seen_before"": 254, ""violation"": false}, {""version"": 255, ""max_seen_before"": 255, ""violation"": false}]}"
20260919T062932Z_97617a69,256,fault,1789799386.7031772,1789799386.7118757,8.508,0,8.508,pass,,read_secondary,"{""background_write_acknowledged"": true, ""reads"": [{""version"": 256, ""max_seen_before"": 255, ""violation"": false}, {""version"": 256, ""max_seen_before"": 256, ""violation"": false}]}"
20260919T062932Z_97617a69,257,fault,1789799386.7118757,1789799386.720843,9.217,0,9.217,pass,,read_secondary,"{""background_write_acknowledged"": true, ""reads"": [{""version"": 257, ""max_seen_before"": 256, ""violation"": false}, {""version"": 257, ""max_seen_before"": 257, ""violation"": false}]}"
20260919T062932Z_97617a69,258,fault,1789799386.720843,1789799386.729275,7.869,0,7.869,pass,,read_secondary,"{""background_write_acknowledged"": true, ""reads"": [{""version"": 258, ""max_seen_before"": 257, ""violation"": false}, {""version"": 258, ""max_seen_before"": 258, ""violation"": false}]}"
20260919T062932Z_97617a69,259,fault,1789799386.729275,1789799386.7386405,9.499,0,9.499,pass,,read_secondary,"{""background_write_acknowledged"": true, ""reads"": [{""version"": 259, ""max_seen_before"": 258, ""violation"": false}, {""version"": 259, ""max_seen_before"": 259, ""violation"": false}]}"
20260919T062932Z_97617a69,260,fault,1789799386.7386405,1789799386.747736,8.737,0,8.737,pass,,read_secondary,"{""background_write_acknowledged"": true, ""reads"": [{""version"": 260, ""max_seen_before"": 259, ""violation"": false}, {""version"": 260, ""max_seen_before"": 260, ""violation"": false}]}"
20260919T062932Z_97617a69,261,fault,1789799386.747736,1789799386.7569492,9.128,0,9.128,pass,,read_secondary,"{""background_write_acknowledged"": true, ""reads"": [{""version"": 261, ""max_seen_before"": 260, ""violation"": false}, {""version"": 261, ""max_seen_before"": 261, ""violation"": false}]}"
20260919T062932Z_97617a69,262,fault,1789799386.7569492,1789799386.7654784,8.872,0,8.872,pass,,read_secondary,"{""background_write_acknowledged"": true, ""reads"": [{""version"": 262, ""max_seen_before"": 261, ""violation"": false}, {""version"": 262, ""max_seen_before"": 262, ""violation"": false}]}"
20260919T062932Z_97617a69,263,fault,1789799386.7660296,1789799386.7740364,8.747,0,8.747,pass,,read_secondary,"{""background_write_acknowledged"": true, ""reads"": [{""version"": 263, ""max_seen_before"": 262, ""violation"": false}, {""version"": 263, ""max_seen_before"": 263, ""violation"": false}]}"
20260919T062932Z_97617a69,264,fault,1789799386.7748373,1789799386.7827733,7.976,0,7.976,pass,,read_secondary,"{""background_write_acknowledged"": true, ""reads"": [{""version"": 264, ""max_seen_before"": 263, ""violation"": false}, {""version"": 264, ""max_seen_before"": 264, ""violation"": false}]}"
20260919T062932Z_97617a69,265,fault,1789799386.7827733,1789799386.7906196,7.781,0,7.781,pass,,read_secondary,"{""background_write_acknowledged"": true, ""reads"": [{""version"": 265, ""max_seen_before"": 264, ""violation"": false}, {""version"": 265, ""max_seen_before"": 265, ""violation"": false}]}"
20260919T062932Z_97617a69,266,fault,1789799386.7906196,1789799386.798748,8.073,0,8.073,pass,,read_secondary,"{""background_write_acknowledged"": true, ""reads"": [{""version"": 266, ""max_seen_before"": 265, ""violation"": false}, {""version"": 266, ""max_seen_before"": 266, ""violation"": false}]}"
20260919T062932Z_97617a69,267,fault,1789799386.798748,1789799386.8065648,7.661,0,7.661,pass,,read_secondary,"{""background_write_acknowledged"": true, ""reads"": [{""version"": 267, ""max_seen_before"": 266, ""violation"": false}, {""version"": 267, ""max_seen_before"": 267, ""violation"": false}]}"
20260919T062932Z_97617a69,268,fault,1789799386.8065648,1789799386.8162615,9.669,0,9.669,pass,,read_secondary,"{""background_write_acknowledged"": true, ""reads"": [{""version"": 268, ""max_seen_before"": 267, ""violation"": false}, {""version"": 268, ""max_seen_before"": 268, ""violation"": false}]}"
20260919T062932Z_97617a69,269,fault,1789799386.8162615,1789799386.8253348,8.916,0,8.916,pass,,read_secondary,"{""background_write_acknowledged"": true, ""reads"": [{""version"": 269, ""max_seen_before"": 268, ""violation"": false}, {""version"": 269, ""max_seen_before"": 269, ""violation"": false}]}"
20260919T062932Z_97617a69,270,fault,1789799386.8253348,1789799386.8340223,9.229,0,9.229,pass,,read_secondary,"{""background_write_acknowledged"": true, ""reads"": [{""version"": 270, ""max_seen_before"": 269, ""violation"": false}, {""version"": 270, ""max_seen_before"": 270, ""violation"": false}]}"
20260919T062932Z_97617a69,271,fault,1789799386.8348196,1789799386.842926,8.429,0,8.429,pass,,read_secondary,"{""background_write_acknowledged"": true, ""reads"": [{""version"": 271, ""max_seen_before"": 270, ""violation"": false}, {""version"": 271, ""max_seen_before"": 271, ""violation"": false}]}"
20260919T062932Z_97617a69,272,fault,1789799386.842926,1789799386.8512225,8.469,0,8.469,pass,,read_secondary,"{""background_write_acknowledged"": true, ""reads"": [{""version"": 272, ""max_seen_before"": 271, ""violation"": false}, {""version"": 272, ""max_seen_before"": 272, ""violation"": false}]}"
20260919T062932Z_97617a69,273,fault,1789799386.851911,1789799386.8597217,8.499,0,8.499,pass,,read_secondary,"{""background_write_acknowledged"": true, ""reads"": [{""version"": 273, ""max_seen_before"": 272, ""violation"": false}, {""version"": 273, ""max_seen_before"": 273, ""violation"": false}]}"
20260919T062932Z_97617a69,274,fault,1789799386.8604789,1789799386.8684092,8.463,0,8.463,pass,,read_secondary,"{""background_write_acknowledged"": true, ""reads"": [{""version"": 274, ""max_seen_before"": 273, ""violation"": false}, {""version"": 274, ""max_seen_before"": 274, ""violation"": false}]}"
20260919T062932Z_97617a69,275,fault,1789799386.8684092,1789799386.8782067,9.365,0,9.365,pass,,read_secondary,"{""background_write_acknowledged"": true, ""reads"": [{""version"": 275, ""max_seen_before"": 274, ""violation"": false}, {""version"": 275, ""max_seen_before"": 275, ""violation"": false}]}"
20260919T062932Z_97617a69,276,fault,1789799386.8782067,1789799386.8874364,9.401,0,9.401,pass,,read_secondary,"{""background_write_acknowledged"": true, ""reads"": [{""version"": 276, ""max_seen_before"": 275, ""violation"": false}, {""version"": 276, ""max_seen_before"": 276, ""violation"": false}]}"
20260919T062932Z_97617a69,277,fault,1789799386.8879583,1789799386.89558,8.411,0,8.411,pass,,read_secondary,"{""background_write_acknowledged"": true, ""reads"": [{""version"": 277, ""max_seen_before"": 276, ""violation"": false}, {""version"": 277, ""max_seen_before"": 277, ""violation"": false}]}"
20260919T062932Z_97617a69,278,fault,1789799386.896383,1789799386.903986,8.251,0,8.251,pass,,read_secondary,"{""background_write_acknowledged"": true, ""reads"": [{""version"": 278, ""max_seen_before"": 277, ""violation"": false}, {""version"": 278, ""max_seen_before"": 278, ""violation"": false}]}"
20260919T062932Z_97617a69,279,fault,1789799386.9047155,1789799386.9125195,8.139,0,8.139,pass,,read_secondary,"{""background_write_acknowledged"": true, ""reads"": [{""version"": 279, ""max_seen_before"": 278, ""violation"": false}, {""version"": 279, ""max_seen_before"": 279, ""violation"": false}]}"
20260919T062932Z_97617a69,280,fault,1789799386.9125195,1789799386.9207122,8.141,0,8.141,pass,,read_secondary,"{""background_write_acknowledged"": true, ""reads"": [{""version"": 280, ""max_seen_before"": 279, ""violation"": false}, {""version"": 280, ""max_seen_before"": 280, ""violation"": false}]}"
20260919T062932Z_97617a69,281,fault,1789799386.9207122,1789799386.928895,7.931,0,7.931,pass,,read_secondary,"{""background_write_acknowledged"": true, ""reads"": [{""version"": 281, ""max_seen_before"": 280, ""violation"": false}, {""version"": 281, ""max_seen_before"": 281, ""violation"": false}]}"
20260919T062932Z_97617a69,282,fault,1789799386.928895,1789799386.9377873,8.616,0,8.616,pass,,read_secondary,"{""background_write_acknowledged"": true, ""reads"": [{""version"": 282, ""max_seen_before"": 281, ""violation"": false}, {""version"": 282, ""max_seen_before"": 282, ""violation"": false}]}"
20260919T062932Z_97617a69,283,fault,1789799386.9377873,1789799386.945583,8.011,0,8.011,pass,,read_secondary,"{""background_write_acknowledged"": true, ""reads"": [{""version"": 283, ""max_seen_before"": 282, ""violation"": false}, {""version"": 283, ""max_seen_before"": 283, ""violation"": false}]}"
20260919T062932Z_97617a69,284,fault,1789799386.945583,1789799386.9546497,8.648,0,8.648,pass,,read_secondary,"{""background_write_acknowledged"": true, ""reads"": [{""version"": 284, ""max_seen_before"": 283, ""violation"": false}, {""version"": 284, ""max_seen_before"": 284, ""violation"": false}]}"
20260919T062932Z_97617a69,285,fault,1789799386.9546497,1789799386.9636037,8.912,0,8.912,pass,,read_secondary,"{""background_write_acknowledged"": true, ""reads"": [{""version"": 285, ""max_seen_before"": 284, ""violation"": false}, {""version"": 285, ""max_seen_before"": 285, ""violation"": false}]}"
20260919T062932Z_97617a69,286,fault,1789799386.9636037,1789799386.9732764,9.854,0,9.854,pass,,read_secondary,"{""background_write_acknowledged"": true, ""reads"": [{""version"": 286, ""max_seen_before"": 285, ""violation"": false}, {""version"": 286, ""max_seen_before"": 286, ""violation"": false}]}"
20260919T062932Z_97617a69,287,fault,1789799386.9732764,1789799386.9838684,10.103,0,10.103,pass,,read_secondary,"{""background_write_acknowledged"": true, ""reads"": [{""version"": 287, ""max_seen_before"": 286, ""violation"": false}, {""version"": 287, ""max_seen_before"": 287, ""violation"": false}]}"
20260919T062932Z_97617a69,288,fault,1789799386.9838684,1789799386.9929316,9.029,0,9.029,pass,,read_secondary,"{""background_write_acknowledged"": true, ""reads"": [{""version"": 288, ""max_seen_before"": 287, ""violation"": false}, {""version"": 288, ""max_seen_before"": 288, ""violation"": false}]}"
20260919T062932Z_97617a69,289,fault,1789799386.9929316,1789799387.0009673,8.163,0,8.163,pass,,read_secondary,"{""background_write_acknowledged"": true, ""reads"": [{""version"": 289, ""max_seen_before"": 288, ""violation"": false}, {""version"": 289, ""max_seen_before"": 289, ""violation"": false}]}"
20260919T062932Z_97617a69,290,fault,1789799387.0009673,1789799387.0102296,9.506,0,9.506,pass,,read_secondary,"{""background_write_acknowledged"": true, ""reads"": [{""version"": 290, ""max_seen_before"": 289, ""violation"": false}, {""version"": 290, ""max_seen_before"": 290, ""violation"": false}]}"
20260919T062932Z_97617a69,291,fault,1789799387.0109308,1789799387.018803,8.373,0,8.373,pass,,read_secondary,"{""background_write_acknowledged"": true, ""reads"": [{""version"": 291, ""max_seen_before"": 290, ""violation"": false}, {""version"": 291, ""max_seen_before"": 291, ""violation"": false}]}"
20260919T062932Z_97617a69,292,fault,1789799387.018803,1789799387.029173,10.072,0,10.072,pass,,read_secondary,"{""background_write_acknowledged"": true, ""reads"": [{""version"": 292, ""max_seen_before"": 291, ""violation"": false}, {""version"": 292, ""max_seen_before"": 292, ""violation"": false}]}"
20260919T062932Z_97617a69,293,fault,1789799387.029173,1789799387.0374436,8.238,0,8.238,pass,,read_secondary,"{""background_write_acknowledged"": true, ""reads"": [{""version"": 293, ""max_seen_before"": 292, ""violation"": false}, {""version"": 293, ""max_seen_before"": 293, ""violation"": false}]}"
20260919T062932Z_97617a69,294,fault,1789799387.0374436,1789799387.0479171,10.103,0,10.103,pass,,read_secondary,"{""background_write_acknowledged"": true, ""reads"": [{""version"": 294, ""max_seen_before"": 293, ""violation"": false}, {""version"": 294, ""max_seen_before"": 294, ""violation"": false}]}"
20260919T062932Z_97617a69,295,fault,1789799387.0479171,1789799387.0585804,10.663,0,10.663,pass,,read_secondary,"{""background_write_acknowledged"": true, ""reads"": [{""version"": 295, ""max_seen_before"": 294, ""violation"": false}, {""version"": 295, ""max_seen_before"": 295, ""violation"": false}]}"
20260919T062932Z_97617a69,296,fault,1789799387.0585804,1789799387.0687482,10.29,0,10.29,pass,,read_secondary,"{""background_write_acknowledged"": true, ""reads"": [{""version"": 296, ""max_seen_before"": 295, ""violation"": false}, {""version"": 296, ""max_seen_before"": 296, ""violation"": false}]}"
20260919T062932Z_97617a69,297,fault,1789799387.0687482,1789799387.0790854,10.076,0,10.076,pass,,read_secondary,"{""background_write_acknowledged"": true, ""reads"": [{""version"": 297, ""max_seen_before"": 296, ""violation"": false}, {""version"": 297, ""max_seen_before"": 297, ""violation"": false}]}"
20260919T062932Z_97617a69,298,fault,1789799387.0790854,1789799387.0875936,8.703,0,8.703,pass,,read_secondary,"{""background_write_acknowledged"": true, ""reads"": [{""version"": 298, ""max_seen_before"": 297, ""violation"": false}, {""version"": 298, ""max_seen_before"": 298, ""violation"": false}]}"
20260919T062932Z_97617a69,299,fault,1789799387.0875936,1789799387.0974305,9.232,0,9.232,pass,,read_secondary,"{""background_write_acknowledged"": true, ""reads"": [{""version"": 299, ""max_seen_before"": 298, ""violation"": false}, {""version"": 299, ""max_seen_before"": 299, ""violation"": false}]}"
20260919T062932Z_97617a69,300,fault,1789799387.0974305,1789799387.1082199,11.247,0,11.247,pass,,read_secondary,"{""background_write_acknowledged"": true, ""reads"": [{""version"": 300, ""max_seen_before"": 299, ""violation"": false}, {""version"": 300, ""max_seen_before"": 300, ""violation"": false}]}"
20260919T062932Z_97617a69,301,fault,1789799387.111638,1789799387.124492,12.611,0,12.611,pass,,read_secondary,"{""background_write_acknowledged"": true, ""reads"": [{""version"": 301, ""max_seen_before"": 300, ""violation"": false}, {""version"": 301, ""max_seen_before"": 301, ""violation"": false}]}"
20260919T062932Z_97617a69,302,fault,1789799387.124492,1789799387.1378229,12.683,0,12.683,pass,,read_secondary,"{""background_write_acknowledged"": true, ""reads"": [{""version"": 302, ""max_seen_before"": 301, ""violation"": false}, {""version"": 302, ""max_seen_before"": 302, ""violation"": false}]}"
20260919T062932Z_97617a69,303,fault,1789799387.1378229,1789799387.1486032,10.995,0,10.995,pass,,read_secondary,"{""background_write_acknowledged"": true, ""reads"": [{""version"": 303, ""max_seen_before"": 302, ""violation"": false}, {""version"": 303, ""max_seen_before"": 303, ""violation"": false}]}"
20260919T062932Z_97617a69,304,fault,1789799387.1486032,1789799387.1588829,9.794,0,9.794,pass,,read_secondary,"{""background_write_acknowledged"": true, ""reads"": [{""version"": 304, ""max_seen_before"": 303, ""violation"": false}, {""version"": 304, ""max_seen_before"": 304, ""violation"": false}]}"
20260919T062932Z_97617a69,305,fault,1789799387.1588829,1789799387.1688213,10.152,0,10.152,pass,,read_secondary,"{""background_write_acknowledged"": true, ""reads"": [{""version"": 305, ""max_seen_before"": 304, ""violation"": false}, {""version"": 305, ""max_seen_before"": 305, ""violation"": false}]}"
20260919T062932Z_97617a69,306,fault,1789799387.1688213,1789799387.1779258,9.033,0,9.033,pass,,read_secondary,"{""background_write_acknowledged"": true, ""reads"": [{""version"": 306, ""max_seen_before"": 305, ""violation"": false}, {""version"": 306, ""max_seen_before"": 306, ""violation"": false}]}"
20260919T062932Z_97617a69,307,fault,1789799387.1779258,1789799387.1876845,9.561,0,9.561,pass,,read_secondary,"{""background_write_acknowledged"": true, ""reads"": [{""version"": 307, ""max_seen_before"": 306, ""violation"": false}, {""version"": 307, ""max_seen_before"": 307, ""violation"": false}]}"
20260919T062932Z_97617a69,308,fault,1789799387.1876845,1789799387.1979082,10.357,0,10.357,pass,,read_secondary,"{""background_write_acknowledged"": true, ""reads"": [{""version"": 308, ""max_seen_before"": 307, ""violation"": false}, {""version"": 308, ""max_seen_before"": 308, ""violation"": false}]}"
20260919T062932Z_97617a69,309,fault,1789799387.1984875,1789799387.2072902,9.216,0,9.216,pass,,read_secondary,"{""background_write_acknowledged"": true, ""reads"": [{""version"": 309, ""max_seen_before"": 308, ""violation"": false}, {""version"": 309, ""max_seen_before"": 309, ""violation"": false}]}"
20260919T062932Z_97617a69,310,fault,1789799387.2078578,1789799387.2173982,9.664,0,9.664,pass,,read_secondary,"{""background_write_acknowledged"": true, ""reads"": [{""version"": 310, ""max_seen_before"": 309, ""violation"": false}, {""version"": 310, ""max_seen_before"": 310, ""violation"": false}]}"
20260919T062932Z_97617a69,311,fault,1789799387.2173982,1789799387.2268004,9.239,0,9.239,pass,,read_secondary,"{""background_write_acknowledged"": true, ""reads"": [{""version"": 311, ""max_seen_before"": 310, ""violation"": false}, {""version"": 311, ""max_seen_before"": 311, ""violation"": false}]}"
20260919T062932Z_97617a69,312,fault,1789799387.2268004,1789799387.2356114,8.797,0,8.797,pass,,read_secondary,"{""background_write_acknowledged"": true, ""reads"": [{""version"": 312, ""max_seen_before"": 311, ""violation"": false}, {""version"": 312, ""max_seen_before"": 312, ""violation"": false}]}"
20260919T062932Z_97617a69,313,fault,1789799387.2356114,1789799387.246052,10.446,0,10.446,pass,,read_secondary,"{""background_write_acknowledged"": true, ""reads"": [{""version"": 313, ""max_seen_before"": 312, ""violation"": false}, {""version"": 313, ""max_seen_before"": 313, ""violation"": false}]}"
20260919T062932Z_97617a69,314,fault,1789799387.246052,1789799387.2570477,11.087,0,11.087,pass,,read_secondary,"{""background_write_acknowledged"": true, ""reads"": [{""version"": 314, ""max_seen_before"": 313, ""violation"": false}, {""version"": 314, ""max_seen_before"": 314, ""violation"": false}]}"
20260919T062932Z_97617a69,315,fault,1789799387.2576206,1789799387.2672172,9.861,0,9.861,pass,,read_secondary,"{""background_write_acknowledged"": true, ""reads"": [{""version"": 315, ""max_seen_before"": 314, ""violation"": false}, {""version"": 315, ""max_seen_before"": 315, ""violation"": false}]}"
20260919T062932Z_97617a69,316,fault,1789799387.2672172,1789799387.2768037,9.31,0,9.31,pass,,read_secondary,"{""background_write_acknowledged"": true, ""reads"": [{""version"": 316, ""max_seen_before"": 315, ""violation"": false}, {""version"": 316, ""max_seen_before"": 316, ""violation"": false}]}"
20260919T062932Z_97617a69,317,fault,1789799387.2768037,1789799387.2852695,8.768,0,8.768,pass,,read_secondary,"{""background_write_acknowledged"": true, ""reads"": [{""version"": 317, ""max_seen_before"": 316, ""violation"": false}, {""version"": 317, ""max_seen_before"": 317, ""violation"": false}]}"
20260919T062932Z_97617a69,318,fault,1789799387.2858694,1789799387.2938895,8.13,0,8.13,pass,,read_secondary,"{""background_write_acknowledged"": true, ""reads"": [{""version"": 318, ""max_seen_before"": 317, ""violation"": false}, {""version"": 318, ""max_seen_before"": 318, ""violation"": false}]}"
20260919T062932Z_97617a69,319,fault,1789799387.2938895,1789799387.302514,8.519,0,8.519,pass,,read_secondary,"{""background_write_acknowledged"": true, ""reads"": [{""version"": 319, ""max_seen_before"": 318, ""violation"": false}, {""version"": 319, ""max_seen_before"": 319, ""violation"": false}]}"
20260919T062932Z_97617a69,320,fault,1789799387.302514,1789799387.3101795,8.177,0,8.177,pass,,read_secondary,"{""background_write_acknowledged"": true, ""reads"": [{""version"": 320, ""max_seen_before"": 319, ""violation"": false}, {""version"": 320, ""max_seen_before"": 320, ""violation"": false}]}"
20260919T062932Z_97617a69,321,fault,1789799387.3101795,1789799387.3204942,10.095,0,10.095,pass,,read_secondary,"{""background_write_acknowledged"": true, ""reads"": [{""version"": 321, ""max_seen_before"": 320, ""violation"": false}, {""version"": 321, ""max_seen_before"": 321, ""violation"": false}]}"
20260919T062932Z_97617a69,322,fault,1789799387.3204942,1789799387.3298347,9.257,0,9.257,pass,,read_secondary,"{""background_write_acknowledged"": true, ""reads"": [{""version"": 322, ""max_seen_before"": 321, ""violation"": false}, {""version"": 322, ""max_seen_before"": 322, ""violation"": false}]}"
20260919T062932Z_97617a69,323,fault,1789799387.3304646,1789799387.3399186,9.766,0,9.766,pass,,read_secondary,"{""background_write_acknowledged"": true, ""reads"": [{""version"": 323, ""max_seen_before"": 322, ""violation"": false}, {""version"": 323, ""max_seen_before"": 323, ""violation"": false}]}"
20260919T062932Z_97617a69,324,fault,1789799387.3399186,1789799387.349771,9.955,0,9.955,pass,,read_secondary,"{""background_write_acknowledged"": true, ""reads"": [{""version"": 324, ""max_seen_before"": 323, ""violation"": false}, {""version"": 324, ""max_seen_before"": 324, ""violation"": false}]}"
20260919T062932Z_97617a69,325,fault,1789799387.3503761,1789799387.3598254,9.323,0,9.323,pass,,read_secondary,"{""background_write_acknowledged"": true, ""reads"": [{""version"": 325, ""max_seen_before"": 324, ""violation"": false}, {""version"": 325, ""max_seen_before"": 325, ""violation"": false}]}"
20260919T062932Z_97617a69,326,fault,1789799387.3598254,1789799387.3682678,8.53,0,8.53,pass,,read_secondary,"{""background_write_acknowledged"": true, ""reads"": [{""version"": 326, ""max_seen_before"": 325, ""violation"": false}, {""version"": 326, ""max_seen_before"": 326, ""violation"": false}]}"
20260919T062932Z_97617a69,327,fault,1789799387.3682678,1789799387.3777456,9.309,0,9.309,pass,,read_secondary,"{""background_write_acknowledged"": true, ""reads"": [{""version"": 327, ""max_seen_before"": 326, ""violation"": false}, {""version"": 327, ""max_seen_before"": 327, ""violation"": false}]}"
20260919T062932Z_97617a69,328,fault,1789799387.3777456,1789799387.3858223,8.261,0,8.261,pass,,read_secondary,"{""background_write_acknowledged"": true, ""reads"": [{""version"": 328, ""max_seen_before"": 327, ""violation"": false}, {""version"": 328, ""max_seen_before"": 328, ""violation"": false}]}"
20260919T062932Z_97617a69,329,fault,1789799387.3863354,1789799387.3943338,8.536,0,8.536,pass,,read_secondary,"{""background_write_acknowledged"": true, ""reads"": [{""version"": 329, ""max_seen_before"": 328, ""violation"": false}, {""version"": 329, ""max_seen_before"": 329, ""violation"": false}]}"
20260919T062932Z_97617a69,330,fault,1789799387.3949432,1789799387.4037116,8.758,0,8.758,pass,,read_secondary,"{""background_write_acknowledged"": true, ""reads"": [{""version"": 330, ""max_seen_before"": 329, ""violation"": false}, {""version"": 330, ""max_seen_before"": 330, ""violation"": false}]}"
20260919T062932Z_97617a69,331,fault,1789799387.4037116,1789799387.4122415,9.107,0,9.107,pass,,read_secondary,"{""background_write_acknowledged"": true, ""reads"": [{""version"": 331, ""max_seen_before"": 330, ""violation"": false}, {""version"": 331, ""max_seen_before"": 331, ""violation"": false}]}"
20260919T062932Z_97617a69,332,fault,1789799387.4130304,1789799387.4217253,9.001,0,9.001,pass,,read_secondary,"{""background_write_acknowledged"": true, ""reads"": [{""version"": 332, ""max_seen_before"": 331, ""violation"": false}, {""version"": 332, ""max_seen_before"": 332, ""violation"": false}]}"
20260919T062932Z_97617a69,333,fault,1789799387.4217253,1789799387.4296932,8.016,0,8.016,pass,,read_secondary,"{""background_write_acknowledged"": true, ""reads"": [{""version"": 333, ""max_seen_before"": 332, ""violation"": false}, {""version"": 333, ""max_seen_before"": 333, ""violation"": false}]}"
20260919T062932Z_97617a69,334,fault,1789799387.4296932,1789799387.4386964,8.725,0,8.725,pass,,read_secondary,"{""background_write_acknowledged"": true, ""reads"": [{""version"": 334, ""max_seen_before"": 333, ""violation"": false}, {""version"": 334, ""max_seen_before"": 334, ""violation"": false}]}"
20260919T062932Z_97617a69,335,fault,1789799387.4386964,1789799387.447285,8.562,0,8.562,pass,,read_secondary,"{""background_write_acknowledged"": true, ""reads"": [{""version"": 335, ""max_seen_before"": 334, ""violation"": false}, {""version"": 335, ""max_seen_before"": 335, ""violation"": false}]}"
20260919T062932Z_97617a69,336,fault,1789799387.447285,1789799387.456086,8.693,0,8.693,pass,,read_secondary,"{""background_write_acknowledged"": true, ""reads"": [{""version"": 336, ""max_seen_before"": 335, ""violation"": false}, {""version"": 336, ""max_seen_before"": 336, ""violation"": false}]}"
20260919T062932Z_97617a69,337,fault,1789799387.456086,1789799387.464398,8.123,0,8.123,pass,,read_secondary,"{""background_write_acknowledged"": true, ""reads"": [{""version"": 337, ""max_seen_before"": 336, ""violation"": false}, {""version"": 337, ""max_seen_before"": 337, ""violation"": false}]}"
20260919T062932Z_97617a69,338,fault,1789799387.464398,1789799387.4734447,8.735,0,8.735,pass,,read_secondary,"{""background_write_acknowledged"": true, ""reads"": [{""version"": 338, ""max_seen_before"": 337, ""violation"": false}, {""version"": 338, ""max_seen_before"": 338, ""violation"": false}]}"
20260919T062932Z_97617a69,339,fault,1789799387.4734447,1789799387.4815536,8.429,0,8.429,pass,,read_secondary,"{""background_write_acknowledged"": true, ""reads"": [{""version"": 339, ""max_seen_before"": 338, ""violation"": false}, {""version"": 339, ""max_seen_before"": 339, ""violation"": false}]}"
20260919T062932Z_97617a69,340,fault,1789799387.4821136,1789799387.4914277,9.211,0,9.211,pass,,read_secondary,"{""background_write_acknowledged"": true, ""reads"": [{""version"": 340, ""max_seen_before"": 339, ""violation"": false}, {""version"": 340, ""max_seen_before"": 340, ""violation"": false}]}"
20260919T062932Z_97617a69,341,fault,1789799387.4914277,1789799387.5010684,10.216,0,10.216,pass,,read_secondary,"{""background_write_acknowledged"": true, ""reads"": [{""version"": 341, ""max_seen_before"": 340, ""violation"": false}, {""version"": 341, ""max_seen_before"": 341, ""violation"": false}]}"
20260919T062932Z_97617a69,342,fault,1789799387.5017962,1789799387.510246,8.526,0,8.526,pass,,read_secondary,"{""background_write_acknowledged"": true, ""reads"": [{""version"": 342, ""max_seen_before"": 341, ""violation"": false}, {""version"": 342, ""max_seen_before"": 342, ""violation"": false}]}"
20260919T062932Z_97617a69,343,fault,1789799387.510246,1789799387.5188675,8.545,0,8.545,pass,,read_secondary,"{""background_write_acknowledged"": true, ""reads"": [{""version"": 343, ""max_seen_before"": 342, ""violation"": false}, {""version"": 343, ""max_seen_before"": 343, ""violation"": false}]}"
20260919T062932Z_97617a69,344,fault,1789799387.5188675,1789799387.526794,8.19,0,8.19,pass,,read_secondary,"{""background_write_acknowledged"": true, ""reads"": [{""version"": 344, ""max_seen_before"": 343, ""violation"": false}, {""version"": 344, ""max_seen_before"": 344, ""violation"": false}]}"
20260919T062932Z_97617a69,345,fault,1789799387.527338,1789799387.537088,9.833,0,9.833,pass,,read_secondary,"{""background_write_acknowledged"": true, ""reads"": [{""version"": 345, ""max_seen_before"": 344, ""violation"": false}, {""version"": 345, ""max_seen_before"": 345, ""violation"": false}]}"
20260919T062932Z_97617a69,346,fault,1789799387.537088,1789799387.5464182,9.587,0,9.587,pass,,read_secondary,"{""background_write_acknowledged"": true, ""reads"": [{""version"": 346, ""max_seen_before"": 345, ""violation"": false}, {""version"": 346, ""max_seen_before"": 346, ""violation"": false}]}"
20260919T062932Z_97617a69,347,fault,1789799387.5464182,1789799387.5550582,8.62,0,8.62,pass,,read_secondary,"{""background_write_acknowledged"": true, ""reads"": [{""version"": 347, ""max_seen_before"": 346, ""violation"": false}, {""version"": 347, ""max_seen_before"": 347, ""violation"": false}]}"
20260919T062932Z_97617a69,348,fault,1789799387.5556083,1789799387.5657902,10.381,0,10.381,pass,,read_secondary,"{""background_write_acknowledged"": true, ""reads"": [{""version"": 348, ""max_seen_before"": 347, ""violation"": false}, {""version"": 348, ""max_seen_before"": 348, ""violation"": false}]}"
20260919T062932Z_97617a69,349,fault,1789799387.5657902,1789799387.5738928,8.367,0,8.367,pass,,read_secondary,"{""background_write_acknowledged"": true, ""reads"": [{""version"": 349, ""max_seen_before"": 348, ""violation"": false}, {""version"": 349, ""max_seen_before"": 349, ""violation"": false}]}"
20260919T062932Z_97617a69,350,fault,1789799387.5745552,1789799387.583582,9.039,0,9.039,pass,,read_secondary,"{""background_write_acknowledged"": true, ""reads"": [{""version"": 350, ""max_seen_before"": 349, ""violation"": false}, {""version"": 350, ""max_seen_before"": 350, ""violation"": false}]}"
20260919T062932Z_97617a69,351,fault,1789799387.583582,1789799387.5924351,9.039,0,9.039,pass,,read_secondary,"{""background_write_acknowledged"": true, ""reads"": [{""version"": 351, ""max_seen_before"": 350, ""violation"": false}, {""version"": 351, ""max_seen_before"": 351, ""violation"": false}]}"
20260919T062932Z_97617a69,352,fault,1789799387.5924351,1789799387.600974,8.901,0,8.901,pass,,read_secondary,"{""background_write_acknowledged"": true, ""reads"": [{""version"": 352, ""max_seen_before"": 351, ""violation"": false}, {""version"": 352, ""max_seen_before"": 352, ""violation"": false}]}"
20260919T062932Z_97617a69,353,fault,1789799387.6017475,1789799387.6101842,9.0,0,9.0,pass,,read_secondary,"{""background_write_acknowledged"": true, ""reads"": [{""version"": 353, ""max_seen_before"": 352, ""violation"": false}, {""version"": 353, ""max_seen_before"": 353, ""violation"": false}]}"
20260919T062932Z_97617a69,354,fault,1789799387.6108265,1789799387.617946,7.698,0,7.698,pass,,read_secondary,"{""background_write_acknowledged"": true, ""reads"": [{""version"": 354, ""max_seen_before"": 353, ""violation"": false}, {""version"": 354, ""max_seen_before"": 354, ""violation"": false}]}"
20260919T062932Z_97617a69,355,fault,1789799387.6186137,1789799387.626137,7.544,0,7.544,pass,,read_secondary,"{""background_write_acknowledged"": true, ""reads"": [{""version"": 355, ""max_seen_before"": 354, ""violation"": false}, {""version"": 355, ""max_seen_before"": 355, ""violation"": false}]}"
20260919T062932Z_97617a69,356,fault,1789799387.626137,1789799387.633493,7.705,0,7.705,pass,,read_secondary,"{""background_write_acknowledged"": true, ""reads"": [{""version"": 356, ""max_seen_before"": 355, ""violation"": false}, {""version"": 356, ""max_seen_before"": 356, ""violation"": false}]}"
20260919T062932Z_97617a69,357,fault,1789799387.633493,1789799387.643372,9.996,0,9.996,pass,,read_secondary,"{""background_write_acknowledged"": true, ""reads"": [{""version"": 357, ""max_seen_before"": 356, ""violation"": false}, {""version"": 357, ""max_seen_before"": 357, ""violation"": false}]}"
20260919T062932Z_97617a69,358,fault,1789799387.644122,1789799387.6525786,8.849,0,8.849,pass,,read_secondary,"{""background_write_acknowledged"": true, ""reads"": [{""version"": 358, ""max_seen_before"": 357, ""violation"": false}, {""version"": 358, ""max_seen_before"": 358, ""violation"": false}]}"
20260919T062932Z_97617a69,359,fault,1789799387.6531408,1789799387.6642103,11.183,0,11.183,pass,,read_secondary,"{""background_write_acknowledged"": true, ""reads"": [{""version"": 359, ""max_seen_before"": 358, ""violation"": false}, {""version"": 359, ""max_seen_before"": 359, ""violation"": false}]}"
20260919T062932Z_97617a69,360,fault,1789799387.6642103,1789799387.6736164,9.481,0,9.481,pass,,read_secondary,"{""background_write_acknowledged"": true, ""reads"": [{""version"": 360, ""max_seen_before"": 359, ""violation"": false}, {""version"": 360, ""max_seen_before"": 360, ""violation"": false}]}"
20260919T062932Z_97617a69,361,fault,1789799387.6736164,1789799387.6829336,9.101,0,9.101,pass,,read_secondary,"{""background_write_acknowledged"": true, ""reads"": [{""version"": 361, ""max_seen_before"": 360, ""violation"": false}, {""version"": 361, ""max_seen_before"": 361, ""violation"": false}]}"
20260919T062932Z_97617a69,362,fault,1789799387.6829336,1789799387.6907985,8.249,0,8.249,pass,,read_secondary,"{""background_write_acknowledged"": true, ""reads"": [{""version"": 362, ""max_seen_before"": 361, ""violation"": false}, {""version"": 362, ""max_seen_before"": 362, ""violation"": false}]}"
20260919T062932Z_97617a69,363,fault,1789799387.6915426,1789799387.700391,8.965,0,8.965,pass,,read_secondary,"{""background_write_acknowledged"": true, ""reads"": [{""version"": 363, ""max_seen_before"": 362, ""violation"": false}, {""version"": 363, ""max_seen_before"": 363, ""violation"": false}]}"
20260919T062932Z_97617a69,364,fault,1789799387.700391,1789799387.7095366,9.108,0,9.108,pass,,read_secondary,"{""background_write_acknowledged"": true, ""reads"": [{""version"": 364, ""max_seen_before"": 363, ""violation"": false}, {""version"": 364, ""max_seen_before"": 364, ""violation"": false}]}"
20260919T062932Z_97617a69,365,fault,1789799387.7095366,1789799387.7180283,8.434,0,8.434,pass,,read_secondary,"{""background_write_acknowledged"": true, ""reads"": [{""version"": 365, ""max_seen_before"": 364, ""violation"": false}, {""version"": 365, ""max_seen_before"": 365, ""violation"": false}]}"
20260919T062932Z_97617a69,366,fault,1789799387.7180283,1789799387.726236,7.945,0,7.945,pass,,read_secondary,"{""background_write_acknowledged"": true, ""reads"": [{""version"": 366, ""max_seen_before"": 365, ""violation"": false}, {""version"": 366, ""max_seen_before"": 366, ""violation"": false}]}"
20260919T062932Z_97617a69,367,fault,1789799387.726236,1789799387.7369907,11.143,0,11.143,pass,,read_secondary,"{""background_write_acknowledged"": true, ""reads"": [{""version"": 367, ""max_seen_before"": 366, ""violation"": false}, {""version"": 367, ""max_seen_before"": 367, ""violation"": false}]}"
20260919T062932Z_97617a69,368,fault,1789799387.7375853,1789799387.7466576,9.251,0,9.251,pass,,read_secondary,"{""background_write_acknowledged"": true, ""reads"": [{""version"": 368, ""max_seen_before"": 367, ""violation"": false}, {""version"": 368, ""max_seen_before"": 368, ""violation"": false}]}"
20260919T062932Z_97617a69,369,fault,1789799387.7466576,1789799387.7554393,8.867,0,8.867,pass,,read_secondary,"{""background_write_acknowledged"": true, ""reads"": [{""version"": 369, ""max_seen_before"": 368, ""violation"": false}, {""version"": 369, ""max_seen_before"": 369, ""violation"": false}]}"
20260919T062932Z_97617a69,370,fault,1789799387.7554393,1789799387.764715,8.842,0,8.842,pass,,read_secondary,"{""background_write_acknowledged"": true, ""reads"": [{""version"": 370, ""max_seen_before"": 369, ""violation"": false}, {""version"": 370, ""max_seen_before"": 370, ""violation"": false}]}"
20260919T062932Z_97617a69,371,fault,1789799387.764715,1789799387.772654,8.201,0,8.201,pass,,read_secondary,"{""background_write_acknowledged"": true, ""reads"": [{""version"": 371, ""max_seen_before"": 370, ""violation"": false}, {""version"": 371, ""max_seen_before"": 371, ""violation"": false}]}"
20260919T062932Z_97617a69,372,fault,1789799387.772654,1789799387.7807653,8.27,0,8.27,pass,,read_secondary,"{""background_write_acknowledged"": true, ""reads"": [{""version"": 372, ""max_seen_before"": 371, ""violation"": false}, {""version"": 372, ""max_seen_before"": 372, ""violation"": false}]}"
20260919T062932Z_97617a69,373,fault,1789799387.7807653,1789799387.789024,8.121,0,8.121,pass,,read_secondary,"{""background_write_acknowledged"": true, ""reads"": [{""version"": 373, ""max_seen_before"": 372, ""violation"": false}, {""version"": 373, ""max_seen_before"": 373, ""violation"": false}]}"
20260919T062932Z_97617a69,374,fault,1789799387.7895923,1789799387.7976902,8.495,0,8.495,pass,,read_secondary,"{""background_write_acknowledged"": true, ""reads"": [{""version"": 374, ""max_seen_before"": 373, ""violation"": false}, {""version"": 374, ""max_seen_before"": 374, ""violation"": false}]}"
20260919T062932Z_97617a69,375,fault,1789799387.7982125,1789799387.8102388,12.28,0,12.28,pass,,read_secondary,"{""background_write_acknowledged"": true, ""reads"": [{""version"": 375, ""max_seen_before"": 374, ""violation"": false}, {""version"": 375, ""max_seen_before"": 375, ""violation"": false}]}"
20260919T062932Z_97617a69,376,fault,1789799387.8102388,1789799387.8197007,9.121,0,9.121,pass,,read_secondary,"{""background_write_acknowledged"": true, ""reads"": [{""version"": 376, ""max_seen_before"": 375, ""violation"": false}, {""version"": 376, ""max_seen_before"": 376, ""violation"": false}]}"
20260919T062932Z_97617a69,377,fault,1789799387.8197007,1789799387.8299718,10.514,0,10.514,pass,,read_secondary,"{""background_write_acknowledged"": true, ""reads"": [{""version"": 377, ""max_seen_before"": 376, ""violation"": false}, {""version"": 377, ""max_seen_before"": 377, ""violation"": false}]}"
20260919T062932Z_97617a69,378,fault,1789799387.8299718,1789799387.8387725,8.784,0,8.784,pass,,read_secondary,"{""background_write_acknowledged"": true, ""reads"": [{""version"": 378, ""max_seen_before"": 377, ""violation"": false}, {""version"": 378, ""max_seen_before"": 378, ""violation"": false}]}"
20260919T062932Z_97617a69,379,fault,1789799387.8393776,1789799387.8497674,10.786,0,10.786,pass,,read_secondary,"{""background_write_acknowledged"": true, ""reads"": [{""version"": 379, ""max_seen_before"": 378, ""violation"": false}, {""version"": 379, ""max_seen_before"": 379, ""violation"": false}]}"
20260919T062932Z_97617a69,380,fault,1789799387.8497674,1789799387.86051,10.722,0,10.722,pass,,read_secondary,"{""background_write_acknowledged"": true, ""reads"": [{""version"": 380, ""max_seen_before"": 379, ""violation"": false}, {""version"": 380, ""max_seen_before"": 380, ""violation"": false}]}"
20260919T062932Z_97617a69,381,fault,1789799387.8611023,1789799387.8720846,11.102,0,11.102,pass,,read_secondary,"{""background_write_acknowledged"": true, ""reads"": [{""version"": 381, ""max_seen_before"": 380, ""violation"": false}, {""version"": 381, ""max_seen_before"": 381, ""violation"": false}]}"
20260919T062932Z_97617a69,382,fault,1789799387.8720846,1789799387.881681,9.677,0,9.677,pass,,read_secondary,"{""background_write_acknowledged"": true, ""reads"": [{""version"": 382, ""max_seen_before"": 381, ""violation"": false}, {""version"": 382, ""max_seen_before"": 382, ""violation"": false}]}"
20260919T062932Z_97617a69,383,fault,1789799387.881681,1789799387.8921802,10.874,0,10.874,pass,,read_secondary,"{""background_write_acknowledged"": true, ""reads"": [{""version"": 383, ""max_seen_before"": 382, ""violation"": false}, {""version"": 383, ""max_seen_before"": 383, ""violation"": false}]}"
20260919T062932Z_97617a69,384,fault,1789799387.8921802,1789799387.9029133,10.371,0,10.371,pass,,read_secondary,"{""background_write_acknowledged"": true, ""reads"": [{""version"": 384, ""max_seen_before"": 383, ""violation"": false}, {""version"": 384, ""max_seen_before"": 384, ""violation"": false}]}"
20260919T062932Z_97617a69,385,fault,1789799387.9029133,1789799387.9131265,9.642,0,9.642,pass,,read_secondary,"{""background_write_acknowledged"": true, ""reads"": [{""version"": 385, ""max_seen_before"": 384, ""violation"": false}, {""version"": 385, ""max_seen_before"": 385, ""violation"": false}]}"
20260919T062932Z_97617a69,386,fault,1789799387.9131265,1789799387.9231765,10.13,0,10.13,pass,,read_secondary,"{""background_write_acknowledged"": true, ""reads"": [{""version"": 386, ""max_seen_before"": 385, ""violation"": false}, {""version"": 386, ""max_seen_before"": 386, ""violation"": false}]}"
20260919T062932Z_97617a69,387,fault,1789799387.9231765,1789799387.9331653,10.114,0,10.114,pass,,read_secondary,"{""background_write_acknowledged"": true, ""reads"": [{""version"": 387, ""max_seen_before"": 386, ""violation"": false}, {""version"": 387, ""max_seen_before"": 387, ""violation"": false}]}"
20260919T062932Z_97617a69,388,fault,1789799387.9331653,1789799387.9446313,10.933,0,10.933,pass,,read_secondary,"{""background_write_acknowledged"": true, ""reads"": [{""version"": 388, ""max_seen_before"": 387, ""violation"": false}, {""version"": 388, ""max_seen_before"": 388, ""violation"": false}]}"
20260919T062932Z_97617a69,389,fault,1789799387.9446313,1789799387.9545965,10.347,0,10.347,pass,,read_secondary,"{""background_write_acknowledged"": true, ""reads"": [{""version"": 389, ""max_seen_before"": 388, ""violation"": false}, {""version"": 389, ""max_seen_before"": 389, ""violation"": false}]}"
20260919T062932Z_97617a69,390,fault,1789799387.9551985,1789799387.9648483,10.111,0,10.111,pass,,read_secondary,"{""background_write_acknowledged"": true, ""reads"": [{""version"": 390, ""max_seen_before"": 389, ""violation"": false}, {""version"": 390, ""max_seen_before"": 390, ""violation"": false}]}"
20260919T062932Z_97617a69,391,fault,1789799387.9648483,1789799387.97467,9.454,0,9.454,pass,,read_secondary,"{""background_write_acknowledged"": true, ""reads"": [{""version"": 391, ""max_seen_before"": 390, ""violation"": false}, {""version"": 391, ""max_seen_before"": 391, ""violation"": false}]}"
20260919T062932Z_97617a69,392,fault,1789799387.97467,1789799387.9838915,9.481,0,9.481,pass,,read_secondary,"{""background_write_acknowledged"": true, ""reads"": [{""version"": 392, ""max_seen_before"": 391, ""violation"": false}, {""version"": 392, ""max_seen_before"": 392, ""violation"": false}]}"
20260919T062932Z_97617a69,393,fault,1789799387.9844952,1789799387.995082,10.535,0,10.535,pass,,read_secondary,"{""background_write_acknowledged"": true, ""reads"": [{""version"": 393, ""max_seen_before"": 392, ""violation"": false}, {""version"": 393, ""max_seen_before"": 393, ""violation"": false}]}"
20260919T062932Z_97617a69,394,fault,1789799387.995082,1789799388.003837,8.886,0,8.886,pass,,read_secondary,"{""background_write_acknowledged"": true, ""reads"": [{""version"": 394, ""max_seen_before"": 393, ""violation"": false}, {""version"": 394, ""max_seen_before"": 394, ""violation"": false}]}"
20260919T062932Z_97617a69,395,fault,1789799388.003837,1789799388.0137675,9.629,0,9.629,pass,,read_secondary,"{""background_write_acknowledged"": true, ""reads"": [{""version"": 395, ""max_seen_before"": 394, ""violation"": false}, {""version"": 395, ""max_seen_before"": 395, ""violation"": false}]}"
20260919T062932Z_97617a69,396,fault,1789799388.0137675,1789799388.024302,10.339,0,10.339,pass,,read_secondary,"{""background_write_acknowledged"": true, ""reads"": [{""version"": 396, ""max_seen_before"": 395, ""violation"": false}, {""version"": 396, ""max_seen_before"": 396, ""violation"": false}]}"
20260919T062932Z_97617a69,397,fault,1789799388.024302,1789799388.034176,10.349,0,10.349,pass,,read_secondary,"{""background_write_acknowledged"": true, ""reads"": [{""version"": 397, ""max_seen_before"": 396, ""violation"": false}, {""version"": 397, ""max_seen_before"": 397, ""violation"": false}]}"
20260919T062932Z_97617a69,398,fault,1789799388.0348475,1789799388.0441773,9.835,0,9.835,pass,,read_secondary,"{""background_write_acknowledged"": true, ""reads"": [{""version"": 398, ""max_seen_before"": 397, ""violation"": false}, {""version"": 398, ""max_seen_before"": 398, ""violation"": false}]}"
20260919T062932Z_97617a69,399,fault,1789799388.0441773,1789799388.0553348,10.82,0,10.82,pass,,read_secondary,"{""background_write_acknowledged"": true, ""reads"": [{""version"": 399, ""max_seen_before"": 398, ""violation"": false}, {""version"": 399, ""max_seen_before"": 399, ""violation"": false}]}"
20260919T062932Z_97617a69,400,fault,1789799388.0553348,1789799388.0674188,12.288,0,12.288,pass,,read_secondary,"{""background_write_acknowledged"": true, ""reads"": [{""version"": 400, ""max_seen_before"": 399, ""violation"": false}, {""version"": 400, ""max_seen_before"": 400, ""violation"": false}]}"
20260919T062932Z_97617a69,401,fault,1789799388.070882,1789799388.0830328,11.805,0,11.805,pass,,read_secondary,"{""background_write_acknowledged"": true, ""reads"": [{""version"": 401, ""max_seen_before"": 400, ""violation"": false}, {""version"": 401, ""max_seen_before"": 401, ""violation"": false}]}"
20260919T062932Z_97617a69,402,fault,1789799388.0830328,1789799388.0930476,10.527,0,10.527,pass,,read_secondary,"{""background_write_acknowledged"": true, ""reads"": [{""version"": 402, ""max_seen_before"": 401, ""violation"": false}, {""version"": 402, ""max_seen_before"": 402, ""violation"": false}]}"
20260919T062932Z_97617a69,403,fault,1789799388.0938213,1789799388.1053612,11.854,0,11.854,pass,,read_secondary,"{""background_write_acknowledged"": true, ""reads"": [{""version"": 403, ""max_seen_before"": 402, ""violation"": false}, {""version"": 403, ""max_seen_before"": 403, ""violation"": false}]}"
20260919T062932Z_97617a69,404,fault,1789799388.1053612,1789799388.1170676,11.497,0,11.497,pass,,read_secondary,"{""background_write_acknowledged"": true, ""reads"": [{""version"": 404, ""max_seen_before"": 403, ""violation"": false}, {""version"": 404, ""max_seen_before"": 404, ""violation"": false}]}"
20260919T062932Z_97617a69,405,fault,1789799388.1170676,1789799388.1286583,11.292,0,11.292,pass,,read_secondary,"{""background_write_acknowledged"": true, ""reads"": [{""version"": 405, ""max_seen_before"": 404, ""violation"": false}, {""version"": 405, ""max_seen_before"": 405, ""violation"": false}]}"
20260919T062932Z_97617a69,406,fault,1789799388.1286583,1789799388.137961,9.644,0,9.644,pass,,read_secondary,"{""background_write_acknowledged"": true, ""reads"": [{""version"": 406, ""max_seen_before"": 405, ""violation"": false}, {""version"": 406, ""max_seen_before"": 406, ""violation"": false}]}"
20260919T062932Z_97617a69,407,fault,1789799388.1385727,1789799388.149653,11.447,0,11.447,pass,,read_secondary,"{""background_write_acknowledged"": true, ""reads"": [{""version"": 407, ""max_seen_before"": 406, ""violation"": false}, {""version"": 407, ""max_seen_before"": 407, ""violation"": false}]}"
20260919T062932Z_97617a69,408,fault,1789799388.149653,1789799388.1616645,11.492,0,11.492,pass,,read_secondary,"{""background_write_acknowledged"": true, ""reads"": [{""version"": 408, ""max_seen_before"": 407, ""violation"": false}, {""version"": 408, ""max_seen_before"": 408, ""violation"": false}]}"
20260919T062932Z_97617a69,409,fault,1789799388.1616645,1789799388.1731052,11.434,0,11.434,pass,,read_secondary,"{""background_write_acknowledged"": true, ""reads"": [{""version"": 409, ""max_seen_before"": 408, ""violation"": false}, {""version"": 409, ""max_seen_before"": 409, ""violation"": false}]}"
20260919T062932Z_97617a69,410,fault,1789799388.1731052,1789799388.185054,11.852,0,11.852,pass,,read_secondary,"{""background_write_acknowledged"": true, ""reads"": [{""version"": 410, ""max_seen_before"": 409, ""violation"": false}, {""version"": 410, ""max_seen_before"": 410, ""violation"": false}]}"
20260919T062932Z_97617a69,411,fault,1789799388.185054,1789799388.1973505,12.022,0,12.022,pass,,read_secondary,"{""background_write_acknowledged"": true, ""reads"": [{""version"": 411, ""max_seen_before"": 410, ""violation"": false}, {""version"": 411, ""max_seen_before"": 411, ""violation"": false}]}"
20260919T062932Z_97617a69,412,fault,1789799388.1973505,1789799388.2085733,11.156,0,11.156,pass,,read_secondary,"{""background_write_acknowledged"": true, ""reads"": [{""version"": 412, ""max_seen_before"": 411, ""violation"": false}, {""version"": 412, ""max_seen_before"": 412, ""violation"": false}]}"
20260919T062932Z_97617a69,413,fault,1789799388.2085733,1789799388.2194078,10.608,0,10.608,pass,,read_secondary,"{""background_write_acknowledged"": true, ""reads"": [{""version"": 413, ""max_seen_before"": 412, ""violation"": false}, {""version"": 413, ""max_seen_before"": 413, ""violation"": false}]}"
20260919T062932Z_97617a69,414,fault,1789799388.2194078,1789799388.2299893,10.434,0,10.434,pass,,read_secondary,"{""background_write_acknowledged"": true, ""reads"": [{""version"": 414, ""max_seen_before"": 413, ""violation"": false}, {""version"": 414, ""max_seen_before"": 414, ""violation"": false}]}"
20260919T062932Z_97617a69,415,fault,1789799388.2299893,1789799388.2395146,9.774,0,9.774,pass,,read_secondary,"{""background_write_acknowledged"": true, ""reads"": [{""version"": 415, ""max_seen_before"": 414, ""violation"": false}, {""version"": 415, ""max_seen_before"": 415, ""violation"": false}]}"
20260919T062932Z_97617a69,416,fault,1789799388.2395146,1789799388.2527707,12.748,0,12.748,pass,,read_secondary,"{""background_write_acknowledged"": true, ""reads"": [{""version"": 416, ""max_seen_before"": 415, ""violation"": false}, {""version"": 416, ""max_seen_before"": 416, ""violation"": false}]}"
20260919T062932Z_97617a69,417,fault,1789799388.2527707,1789799388.265569,13.143,0,13.143,pass,,read_secondary,"{""background_write_acknowledged"": true, ""reads"": [{""version"": 417, ""max_seen_before"": 416, ""violation"": false}, {""version"": 417, ""max_seen_before"": 417, ""violation"": false}]}"
20260919T062932Z_97617a69,418,fault,1789799388.265569,1789799388.278272,12.237,0,12.237,pass,,read_secondary,"{""background_write_acknowledged"": true, ""reads"": [{""version"": 418, ""max_seen_before"": 417, ""violation"": false}, {""version"": 418, ""max_seen_before"": 418, ""violation"": false}]}"
20260919T062932Z_97617a69,419,fault,1789799388.278272,1789799388.288382,11.126,0,11.126,pass,,read_secondary,"{""background_write_acknowledged"": true, ""reads"": [{""version"": 419, ""max_seen_before"": 418, ""violation"": false}, {""version"": 419, ""max_seen_before"": 419, ""violation"": false}]}"
20260919T062932Z_97617a69,420,fault,1789799388.288382,1789799388.2997115,9.983,0,9.983,pass,,read_secondary,"{""background_write_acknowledged"": true, ""reads"": [{""version"": 420, ""max_seen_before"": 419, ""violation"": false}, {""version"": 420, ""max_seen_before"": 420, ""violation"": false}]}"
20260919T062932Z_97617a69,421,fault,1789799388.2997115,1789799388.3087523,9.004,0,9.004,pass,,read_secondary,"{""background_write_acknowledged"": true, ""reads"": [{""version"": 421, ""max_seen_before"": 420, ""violation"": false}, {""version"": 421, ""max_seen_before"": 421, ""violation"": false}]}"
20260919T062932Z_97617a69,422,fault,1789799388.3087523,1789799388.3177063,9.059,0,9.059,pass,,read_secondary,"{""background_write_acknowledged"": true, ""reads"": [{""version"": 422, ""max_seen_before"": 421, ""violation"": false}, {""version"": 422, ""max_seen_before"": 422, ""violation"": false}]}"
20260919T062932Z_97617a69,423,fault,1789799388.3177063,1789799388.3268251,8.957,0,8.957,pass,,read_secondary,"{""background_write_acknowledged"": true, ""reads"": [{""version"": 423, ""max_seen_before"": 422, ""violation"": false}, {""version"": 423, ""max_seen_before"": 423, ""violation"": false}]}"
20260919T062932Z_97617a69,424,fault,1789799388.3268251,1789799388.3361862,9.136,0,9.136,pass,,read_secondary,"{""background_write_acknowledged"": true, ""reads"": [{""version"": 424, ""max_seen_before"": 423, ""violation"": false}, {""version"": 424, ""max_seen_before"": 424, ""violation"": false}]}"
20260919T062932Z_97617a69,425,fault,1789799388.3361862,1789799388.3467205,10.666,0,10.666,pass,,read_secondary,"{""background_write_acknowledged"": true, ""reads"": [{""version"": 425, ""max_seen_before"": 424, ""violation"": false}, {""version"": 425, ""max_seen_before"": 425, ""violation"": false}]}"
20260919T062932Z_97617a69,426,fault,1789799388.3467205,1789799388.357766,10.875,0,10.875,pass,,read_secondary,"{""background_write_acknowledged"": true, ""reads"": [{""version"": 426, ""max_seen_before"": 425, ""violation"": false}, {""version"": 426, ""max_seen_before"": 426, ""violation"": false}]}"
20260919T062932Z_97617a69,427,fault,1789799388.357766,1789799388.3701026,11.982,0,11.982,pass,,read_secondary,"{""background_write_acknowledged"": true, ""reads"": [{""version"": 427, ""max_seen_before"": 426, ""violation"": false}, {""version"": 427, ""max_seen_before"": 427, ""violation"": false}]}"
20260919T062932Z_97617a69,428,fault,1789799388.3701026,1789799388.3830454,13.077,0,13.077,pass,,read_secondary,"{""background_write_acknowledged"": true, ""reads"": [{""version"": 428, ""max_seen_before"": 427, ""violation"": false}, {""version"": 428, ""max_seen_before"": 428, ""violation"": false}]}"
20260919T062932Z_97617a69,429,fault,1789799388.3830454,1789799388.3941824,11.24,0,11.24,pass,,read_secondary,"{""background_write_acknowledged"": true, ""reads"": [{""version"": 429, ""max_seen_before"": 428, ""violation"": false}, {""version"": 429, ""max_seen_before"": 429, ""violation"": false}]}"
20260919T062932Z_97617a69,430,fault,1789799388.394787,1789799388.405928,11.405,0,11.405,pass,,read_secondary,"{""background_write_acknowledged"": true, ""reads"": [{""version"": 430, ""max_seen_before"": 429, ""violation"": false}, {""version"": 430, ""max_seen_before"": 430, ""violation"": false}]}"
20260919T062932Z_97617a69,431,fault,1789799388.405928,1789799388.416571,10.246,0,10.246,pass,,read_secondary,"{""background_write_acknowledged"": true, ""reads"": [{""version"": 431, ""max_seen_before"": 430, ""violation"": false}, {""version"": 431, ""max_seen_before"": 431, ""violation"": false}]}"
20260919T062932Z_97617a69,432,fault,1789799388.416571,1789799388.4259026,9.695,0,9.695,pass,,read_secondary,"{""background_write_acknowledged"": true, ""reads"": [{""version"": 432, ""max_seen_before"": 431, ""violation"": false}, {""version"": 432, ""max_seen_before"": 432, ""violation"": false}]}"
20260919T062932Z_97617a69,433,fault,1789799388.4259026,1789799388.4349709,8.606,0,8.606,pass,,read_secondary,"{""background_write_acknowledged"": true, ""reads"": [{""version"": 433, ""max_seen_before"": 432, ""violation"": false}, {""version"": 433, ""max_seen_before"": 433, ""violation"": false}]}"
20260919T062932Z_97617a69,434,fault,1789799388.4349709,1789799388.4433496,8.36,0,8.36,pass,,read_secondary,"{""background_write_acknowledged"": true, ""reads"": [{""version"": 434, ""max_seen_before"": 433, ""violation"": false}, {""version"": 434, ""max_seen_before"": 434, ""violation"": false}]}"
20260919T062932Z_97617a69,435,fault,1789799388.4433496,1789799388.4542873,10.528,0,10.528,pass,,read_secondary,"{""background_write_acknowledged"": true, ""reads"": [{""version"": 435, ""max_seen_before"": 434, ""violation"": false}, {""version"": 435, ""max_seen_before"": 435, ""violation"": false}]}"
20260919T062932Z_97617a69,436,fault,1789799388.4542873,1789799388.4628117,8.836,0,8.836,pass,,read_secondary,"{""background_write_acknowledged"": true, ""reads"": [{""version"": 436, ""max_seen_before"": 435, ""violation"": false}, {""version"": 436, ""max_seen_before"": 436, ""violation"": false}]}"
20260919T062932Z_97617a69,437,fault,1789799388.4628117,1789799388.4719908,8.783,0,8.783,pass,,read_secondary,"{""background_write_acknowledged"": true, ""reads"": [{""version"": 437, ""max_seen_before"": 436, ""violation"": false}, {""version"": 437, ""max_seen_before"": 437, ""violation"": false}]}"
20260919T062932Z_97617a69,438,fault,1789799388.4719908,1789799388.480895,8.891,0,8.891,pass,,read_secondary,"{""background_write_acknowledged"": true, ""reads"": [{""version"": 438, ""max_seen_before"": 437, ""violation"": false}, {""version"": 438, ""max_seen_before"": 438, ""violation"": false}]}"
20260919T062932Z_97617a69,439,fault,1789799388.480895,1789799388.4906785,9.899,0,9.899,pass,,read_secondary,"{""background_write_acknowledged"": true, ""reads"": [{""version"": 439, ""max_seen_before"": 438, ""violation"": false}, {""version"": 439, ""max_seen_before"": 439, ""violation"": false}]}"
20260919T062932Z_97617a69,440,fault,1789799388.4906785,1789799388.5004282,9.833,0,9.833,pass,,read_secondary,"{""background_write_acknowledged"": true, ""reads"": [{""version"": 440, ""max_seen_before"": 439, ""violation"": false}, {""version"": 440, ""max_seen_before"": 440, ""violation"": false}]}"
20260919T062932Z_97617a69,441,fault,1789799388.5004282,1789799388.5106158,9.962,0,9.962,pass,,read_secondary,"{""background_write_acknowledged"": true, ""reads"": [{""version"": 441, ""max_seen_before"": 440, ""violation"": false}, {""version"": 441, ""max_seen_before"": 441, ""violation"": false}]}"
20260919T062932Z_97617a69,442,fault,1789799388.5111856,1789799388.5199664,8.779,0,8.779,pass,,read_secondary,"{""background_write_acknowledged"": true, ""reads"": [{""version"": 442, ""max_seen_before"": 441, ""violation"": false}, {""version"": 442, ""max_seen_before"": 442, ""violation"": false}]}"
20260919T062932Z_97617a69,443,fault,1789799388.5199664,1789799388.5289066,8.947,0,8.947,pass,,read_secondary,"{""background_write_acknowledged"": true, ""reads"": [{""version"": 443, ""max_seen_before"": 442, ""violation"": false}, {""version"": 443, ""max_seen_before"": 443, ""violation"": false}]}"
20260919T062932Z_97617a69,444,fault,1789799388.5289066,1789799388.5375638,8.66,0,8.66,pass,,read_secondary,"{""background_write_acknowledged"": true, ""reads"": [{""version"": 444, ""max_seen_before"": 443, ""violation"": false}, {""version"": 444, ""max_seen_before"": 444, ""violation"": false}]}"
20260919T062932Z_97617a69,445,fault,1789799388.5375638,1789799388.5464203,8.607,0,8.607,pass,,read_secondary,"{""background_write_acknowledged"": true, ""reads"": [{""version"": 445, ""max_seen_before"": 444, ""violation"": false}, {""version"": 445, ""max_seen_before"": 445, ""violation"": false}]}"
20260919T062932Z_97617a69,446,fault,1789799388.5464203,1789799388.5546107,8.246,0,8.246,pass,,read_secondary,"{""background_write_acknowledged"": true, ""reads"": [{""version"": 446, ""max_seen_before"": 445, ""violation"": false}, {""version"": 446, ""max_seen_before"": 446, ""violation"": false}]}"
20260919T062932Z_97617a69,447,fault,1789799388.5546107,1789799388.56317,8.735,0,8.735,pass,,read_secondary,"{""background_write_acknowledged"": true, ""reads"": [{""version"": 447, ""max_seen_before"": 446, ""violation"": false}, {""version"": 447, ""max_seen_before"": 447, ""violation"": false}]}"
20260919T062932Z_97617a69,448,fault,1789799388.563723,1789799388.5722563,8.481,0,8.481,pass,,read_secondary,"{""background_write_acknowledged"": true, ""reads"": [{""version"": 448, ""max_seen_before"": 447, ""violation"": false}, {""version"": 448, ""max_seen_before"": 448, ""violation"": false}]}"
20260919T062932Z_97617a69,449,fault,1789799388.5722563,1789799388.5812924,8.944,0,8.944,pass,,read_secondary,"{""background_write_acknowledged"": true, ""reads"": [{""version"": 449, ""max_seen_before"": 448, ""violation"": false}, {""version"": 449, ""max_seen_before"": 449, ""violation"": false}]}"
20260919T062932Z_97617a69,450,fault,1789799388.5812924,1789799388.5903728,9.097,0,9.097,pass,,read_secondary,"{""background_write_acknowledged"": true, ""reads"": [{""version"": 450, ""max_seen_before"": 449, ""violation"": false}, {""version"": 450, ""max_seen_before"": 450, ""violation"": false}]}"
20260919T062932Z_97617a69,451,fault,1789799388.5903728,1789799388.599641,9.33,0,9.33,pass,,read_secondary,"{""background_write_acknowledged"": true, ""reads"": [{""version"": 451, ""max_seen_before"": 450, ""violation"": false}, {""version"": 451, ""max_seen_before"": 451, ""violation"": false}]}"
20260919T062932Z_97617a69,452,fault,1789799388.599641,1789799388.6082509,8.599,0,8.599,pass,,read_secondary,"{""background_write_acknowledged"": true, ""reads"": [{""version"": 452, ""max_seen_before"": 451, ""violation"": false}, {""version"": 452, ""max_seen_before"": 452, ""violation"": false}]}"
20260919T062932Z_97617a69,453,fault,1789799388.6082509,1789799388.6167183,8.484,0,8.484,pass,,read_secondary,"{""background_write_acknowledged"": true, ""reads"": [{""version"": 453, ""max_seen_before"": 452, ""violation"": false}, {""version"": 453, ""max_seen_before"": 453, ""violation"": false}]}"
20260919T062932Z_97617a69,454,fault,1789799388.6172817,1789799388.6271832,9.903,0,9.903,pass,,read_secondary,"{""background_write_acknowledged"": true, ""reads"": [{""version"": 454, ""max_seen_before"": 453, ""violation"": false}, {""version"": 454, ""max_seen_before"": 454, ""violation"": false}]}"
20260919T062932Z_97617a69,455,fault,1789799388.6271832,1789799388.6363425,9.288,0,9.288,pass,,read_secondary,"{""background_write_acknowledged"": true, ""reads"": [{""version"": 455, ""max_seen_before"": 454, ""violation"": false}, {""version"": 455, ""max_seen_before"": 455, ""violation"": false}]}"
20260919T062932Z_97617a69,456,fault,1789799388.6363425,1789799388.6458523,9.284,0,9.284,pass,,read_secondary,"{""background_write_acknowledged"": true, ""reads"": [{""version"": 456, ""max_seen_before"": 455, ""violation"": false}, {""version"": 456, ""max_seen_before"": 456, ""violation"": false}]}"
20260919T062932Z_97617a69,457,fault,1789799388.6458523,1789799388.6552186,9.293,0,9.293,pass,,read_secondary,"{""background_write_acknowledged"": true, ""reads"": [{""version"": 457, ""max_seen_before"": 456, ""violation"": false}, {""version"": 457, ""max_seen_before"": 457, ""violation"": false}]}"
20260919T062932Z_97617a69,458,fault,1789799388.6552186,1789799388.6652672,10.059,0,10.059,pass,,read_secondary,"{""background_write_acknowledged"": true, ""reads"": [{""version"": 458, ""max_seen_before"": 457, ""violation"": false}, {""version"": 458, ""max_seen_before"": 458, ""violation"": false}]}"
20260919T062932Z_97617a69,459,fault,1789799388.6652672,1789799388.67398,8.429,0,8.429,pass,,read_secondary,"{""background_write_acknowledged"": true, ""reads"": [{""version"": 459, ""max_seen_before"": 458, ""violation"": false}, {""version"": 459, ""max_seen_before"": 459, ""violation"": false}]}"
20260919T062932Z_97617a69,460,fault,1789799388.67398,1789799388.6843212,10.692,0,10.692,pass,,read_secondary,"{""background_write_acknowledged"": true, ""reads"": [{""version"": 460, ""max_seen_before"": 459, ""violation"": false}, {""version"": 460, ""max_seen_before"": 460, ""violation"": false}]}"
20260919T062932Z_97617a69,461,fault,1789799388.6849692,1789799388.6944356,9.4,0,9.4,pass,,read_secondary,"{""background_write_acknowledged"": true, ""reads"": [{""version"": 461, ""max_seen_before"": 460, ""violation"": false}, {""version"": 461, ""max_seen_before"": 461, ""violation"": false}]}"
20260919T062932Z_97617a69,462,fault,1789799388.6944356,1789799388.7028463,8.671,0,8.671,pass,,read_secondary,"{""background_write_acknowledged"": true, ""reads"": [{""version"": 462, ""max_seen_before"": 461, ""violation"": false}, {""version"": 462, ""max_seen_before"": 462, ""violation"": false}]}"
20260919T062932Z_97617a69,463,fault,1789799388.7033997,1789799388.712747,9.442,0,9.442,pass,,read_secondary,"{""background_write_acknowledged"": true, ""reads"": [{""version"": 463, ""max_seen_before"": 462, ""violation"": false}, {""version"": 463, ""max_seen_before"": 463, ""violation"": false}]}"
20260919T062932Z_97617a69,464,fault,1789799388.712747,1789799388.7228758,10.218,0,10.218,pass,,read_secondary,"{""background_write_acknowledged"": true, ""reads"": [{""version"": 464, ""max_seen_before"": 463, ""violation"": false}, {""version"": 464, ""max_seen_before"": 464, ""violation"": false}]}"
20260919T062932Z_97617a69,465,fault,1789799388.7228758,1789799388.733515,10.244,0,10.244,pass,,read_secondary,"{""background_write_acknowledged"": true, ""reads"": [{""version"": 465, ""max_seen_before"": 464, ""violation"": false}, {""version"": 465, ""max_seen_before"": 465, ""violation"": false}]}"
20260919T062932Z_97617a69,466,fault,1789799388.733515,1789799388.7446244,10.999,0,10.999,pass,,read_secondary,"{""background_write_acknowledged"": true, ""reads"": [{""version"": 466, ""max_seen_before"": 465, ""violation"": false}, {""version"": 466, ""max_seen_before"": 466, ""violation"": false}]}"
20260919T062932Z_97617a69,467,fault,1789799388.7446244,1789799388.7543561,9.867,0,9.867,pass,,read_secondary,"{""background_write_acknowledged"": true, ""reads"": [{""version"": 467, ""max_seen_before"": 466, ""violation"": false}, {""version"": 467, ""max_seen_before"": 467, ""violation"": false}]}"
20260919T062932Z_97617a69,468,fault,1789799388.7543561,1789799388.7632532,8.704,0,8.704,pass,,read_secondary,"{""background_write_acknowledged"": true, ""reads"": [{""version"": 468, ""max_seen_before"": 467, ""violation"": false}, {""version"": 468, ""max_seen_before"": 468, ""violation"": false}]}"
20260919T062932Z_97617a69,469,fault,1789799388.7632532,1789799388.7733228,10.616,0,10.616,pass,,read_secondary,"{""background_write_acknowledged"": true, ""reads"": [{""version"": 469, ""max_seen_before"": 468, ""violation"": false}, {""version"": 469, ""max_seen_before"": 469, ""violation"": false}]}"
20260919T062932Z_97617a69,470,fault,1789799388.7733228,1789799388.7839956,9.936,0,9.936,pass,,read_secondary,"{""background_write_acknowledged"": true, ""reads"": [{""version"": 470, ""max_seen_before"": 469, ""violation"": false}, {""version"": 470, ""max_seen_before"": 470, ""violation"": false}]}"
20260919T062932Z_97617a69,471,fault,1789799388.7839956,1789799388.795158,10.854,0,10.854,pass,,read_secondary,"{""background_write_acknowledged"": true, ""reads"": [{""version"": 471, ""max_seen_before"": 470, ""violation"": false}, {""version"": 471, ""max_seen_before"": 471, ""violation"": false}]}"
20260919T062932Z_97617a69,472,fault,1789799388.795158,1789799388.8071995,11.883,0,11.883,pass,,read_secondary,"{""background_write_acknowledged"": true, ""reads"": [{""version"": 472, ""max_seen_before"": 471, ""violation"": false}, {""version"": 472, ""max_seen_before"": 472, ""violation"": false}]}"
20260919T062932Z_97617a69,473,fault,1789799388.8071995,1789799388.8181481,10.944,0,10.944,pass,,read_secondary,"{""background_write_acknowledged"": true, ""reads"": [{""version"": 473, ""max_seen_before"": 472, ""violation"": false}, {""version"": 473, ""max_seen_before"": 473, ""violation"": false}]}"
20260919T062932Z_97617a69,474,fault,1789799388.8181481,1789799388.8285263,10.112,0,10.112,pass,,read_secondary,"{""background_write_acknowledged"": true, ""reads"": [{""version"": 474, ""max_seen_before"": 473, ""violation"": false}, {""version"": 474, ""max_seen_before"": 474, ""violation"": false}]}"
20260919T062932Z_97617a69,475,fault,1789799388.8285263,1789799388.838607,9.888,0,9.888,pass,,read_secondary,"{""background_write_acknowledged"": true, ""reads"": [{""version"": 475, ""max_seen_before"": 474, ""violation"": false}, {""version"": 475, ""max_seen_before"": 475, ""violation"": false}]}"
20260919T062932Z_97617a69,476,fault,1789799388.838607,1789799388.8487585,9.696,0,9.696,pass,,read_secondary,"{""background_write_acknowledged"": true, ""reads"": [{""version"": 476, ""max_seen_before"": 475, ""violation"": false}, {""version"": 476, ""max_seen_before"": 476, ""violation"": false}]}"
20260919T062932Z_97617a69,477,fault,1789799388.8487585,1789799388.8575375,9.424,0,9.424,pass,,read_secondary,"{""background_write_acknowledged"": true, ""reads"": [{""version"": 477, ""max_seen_before"": 476, ""violation"": false}, {""version"": 477, ""max_seen_before"": 477, ""violation"": false}]}"
20260919T062932Z_97617a69,478,fault,1789799388.8583243,1789799388.8677459,9.81,0,9.81,pass,,read_secondary,"{""background_write_acknowledged"": true, ""reads"": [{""version"": 478, ""max_seen_before"": 477, ""violation"": false}, {""version"": 478, ""max_seen_before"": 478, ""violation"": false}]}"
20260919T062932Z_97617a69,479,fault,1789799388.8677459,1789799388.877538,9.317,0,9.317,pass,,read_secondary,"{""background_write_acknowledged"": true, ""reads"": [{""version"": 479, ""max_seen_before"": 478, ""violation"": false}, {""version"": 479, ""max_seen_before"": 479, ""violation"": false}]}"
20260919T062932Z_97617a69,480,fault,1789799388.877538,1789799388.886902,9.518,0,9.518,pass,,read_secondary,"{""background_write_acknowledged"": true, ""reads"": [{""version"": 480, ""max_seen_before"": 479, ""violation"": false}, {""version"": 480, ""max_seen_before"": 480, ""violation"": false}]}"
20260919T062932Z_97617a69,481,fault,1789799388.886902,1789799388.89806,10.805,0,10.805,pass,,read_secondary,"{""background_write_acknowledged"": true, ""reads"": [{""version"": 481, ""max_seen_before"": 480, ""violation"": false}, {""version"": 481, ""max_seen_before"": 481, ""violation"": false}]}"
20260919T062932Z_97617a69,482,fault,1789799388.89806,1789799388.9085672,10.818,0,10.818,pass,,read_secondary,"{""background_write_acknowledged"": true, ""reads"": [{""version"": 482, ""max_seen_before"": 481, ""violation"": false}, {""version"": 482, ""max_seen_before"": 482, ""violation"": false}]}"
20260919T062932Z_97617a69,483,fault,1789799388.9085672,1789799388.9215147,12.55,0,12.55,pass,,read_secondary,"{""background_write_acknowledged"": true, ""reads"": [{""version"": 483, ""max_seen_before"": 482, ""violation"": false}, {""version"": 483, ""max_seen_before"": 483, ""violation"": false}]}"
20260919T062932Z_97617a69,484,fault,1789799388.9215147,1789799388.9309883,9.737,0,9.737,pass,,read_secondary,"{""background_write_acknowledged"": true, ""reads"": [{""version"": 484, ""max_seen_before"": 483, ""violation"": false}, {""version"": 484, ""max_seen_before"": 484, ""violation"": false}]}"
20260919T062932Z_97617a69,485,fault,1789799388.931639,1789799388.9406524,9.118,0,9.118,pass,,read_secondary,"{""background_write_acknowledged"": true, ""reads"": [{""version"": 485, ""max_seen_before"": 484, ""violation"": false}, {""version"": 485, ""max_seen_before"": 485, ""violation"": false}]}"
20260919T062932Z_97617a69,486,fault,1789799388.9406524,1789799388.9493225,8.836,0,8.836,pass,,read_secondary,"{""background_write_acknowledged"": true, ""reads"": [{""version"": 486, ""max_seen_before"": 485, ""violation"": false}, {""version"": 486, ""max_seen_before"": 486, ""violation"": false}]}"
20260919T062932Z_97617a69,487,fault,1789799388.9498386,1789799388.9593441,9.906,0,9.906,pass,,read_secondary,"{""background_write_acknowledged"": true, ""reads"": [{""version"": 487, ""max_seen_before"": 486, ""violation"": false}, {""version"": 487, ""max_seen_before"": 487, ""violation"": false}]}"
20260919T062932Z_97617a69,488,fault,1789799388.9593441,1789799388.968394,8.82,0,8.82,pass,,read_secondary,"{""background_write_acknowledged"": true, ""reads"": [{""version"": 488, ""max_seen_before"": 487, ""violation"": false}, {""version"": 488, ""max_seen_before"": 488, ""violation"": false}]}"
20260919T062932Z_97617a69,489,fault,1789799388.968394,1789799388.9774346,8.876,0,8.876,pass,,read_secondary,"{""background_write_acknowledged"": true, ""reads"": [{""version"": 489, ""max_seen_before"": 488, ""violation"": false}, {""version"": 489, ""max_seen_before"": 489, ""violation"": false}]}"
20260919T062932Z_97617a69,490,fault,1789799388.9774346,1789799388.9868364,9.103,0,9.103,pass,,read_secondary,"{""background_write_acknowledged"": true, ""reads"": [{""version"": 490, ""max_seen_before"": 489, ""violation"": false}, {""version"": 490, ""max_seen_before"": 490, ""violation"": false}]}"
20260919T062932Z_97617a69,491,fault,1789799388.9868364,1789799388.9947948,8.114,0,8.114,pass,,read_secondary,"{""background_write_acknowledged"": true, ""reads"": [{""version"": 491, ""max_seen_before"": 490, ""violation"": false}, {""version"": 491, ""max_seen_before"": 491, ""violation"": false}]}"
20260919T062932Z_97617a69,492,fault,1789799388.9947948,1789799389.0057251,11.003,0,11.003,pass,,read_secondary,"{""background_write_acknowledged"": true, ""reads"": [{""version"": 492, ""max_seen_before"": 491, ""violation"": false}, {""version"": 492, ""max_seen_before"": 492, ""violation"": false}]}"
20260919T062932Z_97617a69,493,fault,1789799389.0062997,1789799389.015089,8.91,0,8.91,pass,,read_secondary,"{""background_write_acknowledged"": true, ""reads"": [{""version"": 493, ""max_seen_before"": 492, ""violation"": false}, {""version"": 493, ""max_seen_before"": 493, ""violation"": false}]}"
20260919T062932Z_97617a69,494,fault,1789799389.015089,1789799389.023786,8.667,0,8.667,pass,,read_secondary,"{""background_write_acknowledged"": true, ""reads"": [{""version"": 494, ""max_seen_before"": 493, ""violation"": false}, {""version"": 494, ""max_seen_before"": 494, ""violation"": false}]}"
20260919T062932Z_97617a69,495,fault,1789799389.023786,1789799389.0329483,9.043,0,9.043,pass,,read_secondary,"{""background_write_acknowledged"": true, ""reads"": [{""version"": 495, ""max_seen_before"": 494, ""violation"": false}, {""version"": 495, ""max_seen_before"": 495, ""violation"": false}]}"
20260919T062932Z_97617a69,496,fault,1789799389.0329483,1789799389.0413926,8.546,0,8.546,pass,,read_secondary,"{""background_write_acknowledged"": true, ""reads"": [{""version"": 496, ""max_seen_before"": 495, ""violation"": false}, {""version"": 496, ""max_seen_before"": 496, ""violation"": false}]}"
20260919T062932Z_97617a69,497,fault,1789799389.0413926,1789799389.0498576,8.541,0,8.541,pass,,read_secondary,"{""background_write_acknowledged"": true, ""reads"": [{""version"": 497, ""max_seen_before"": 496, ""violation"": false}, {""version"": 497, ""max_seen_before"": 497, ""violation"": false}]}"
20260919T062932Z_97617a69,498,fault,1789799389.0504425,1789799389.0595217,9.019,0,9.019,pass,,read_secondary,"{""background_write_acknowledged"": true, ""reads"": [{""version"": 498, ""max_seen_before"": 497, ""violation"": false}, {""version"": 498, ""max_seen_before"": 498, ""violation"": false}]}"
20260919T062932Z_97617a69,499,fault,1789799389.0595217,1789799389.0686247,9.366,0,9.366,pass,,read_secondary,"{""background_write_acknowledged"": true, ""reads"": [{""version"": 499, ""max_seen_before"": 498, ""violation"": false}, {""version"": 499, ""max_seen_before"": 499, ""violation"": false}]}"
20260919T062932Z_97617a69,500,fault,1789799389.0686247,1789799389.0776947,9.015,0,9.015,pass,,read_secondary,"{""background_write_acknowledged"": true, ""reads"": [{""version"": 500, ""max_seen_before"": 499, ""violation"": false}, {""version"": 500, ""max_seen_before"": 500, ""violation"": false}]}"
20260919T062932Z_97617a69,501,fault,1789799389.081668,1789799389.0911808,9.679,0,9.679,pass,,read_secondary,"{""background_write_acknowledged"": true, ""reads"": [{""version"": 501, ""max_seen_before"": 500, ""violation"": false}, {""version"": 501, ""max_seen_before"": 501, ""violation"": false}]}"
20260919T062932Z_97617a69,502,fault,1789799389.0911808,1789799389.099953,9.11,0,9.11,pass,,read_secondary,"{""background_write_acknowledged"": true, ""reads"": [{""version"": 502, ""max_seen_before"": 501, ""violation"": false}, {""version"": 502, ""max_seen_before"": 502, ""violation"": false}]}"
20260919T062932Z_97617a69,503,fault,1789799389.1007583,1789799389.1095247,8.748,0,8.748,pass,,read_secondary,"{""background_write_acknowledged"": true, ""reads"": [{""version"": 503, ""max_seen_before"": 502, ""violation"": false}, {""version"": 503, ""max_seen_before"": 503, ""violation"": false}]}"
20260919T062932Z_97617a69,504,fault,1789799389.1095247,1789799389.1182284,8.689,0,8.689,pass,,read_secondary,"{""background_write_acknowledged"": true, ""reads"": [{""version"": 504, ""max_seen_before"": 503, ""violation"": false}, {""version"": 504, ""max_seen_before"": 504, ""violation"": false}]}"
20260919T062932Z_97617a69,505,fault,1789799389.1182284,1789799389.1276026,9.163,0,9.163,pass,,read_secondary,"{""background_write_acknowledged"": true, ""reads"": [{""version"": 505, ""max_seen_before"": 504, ""violation"": false}, {""version"": 505, ""max_seen_before"": 505, ""violation"": false}]}"
20260919T062932Z_97617a69,506,fault,1789799389.1276026,1789799389.1363578,8.736,0,8.736,pass,,read_secondary,"{""background_write_acknowledged"": true, ""reads"": [{""version"": 506, ""max_seen_before"": 505, ""violation"": false}, {""version"": 506, ""max_seen_before"": 506, ""violation"": false}]}"
20260919T062932Z_97617a69,507,fault,1789799389.1363578,1789799389.14654,10.078,0,10.078,pass,,read_secondary,"{""background_write_acknowledged"": true, ""reads"": [{""version"": 507, ""max_seen_before"": 506, ""violation"": false}, {""version"": 507, ""max_seen_before"": 507, ""violation"": false}]}"
20260919T062932Z_97617a69,508,fault,1789799389.14654,1789799389.1559103,9.535,0,9.535,pass,,read_secondary,"{""background_write_acknowledged"": true, ""reads"": [{""version"": 508, ""max_seen_before"": 507, ""violation"": false}, {""version"": 508, ""max_seen_before"": 508, ""violation"": false}]}"
20260919T062932Z_97617a69,509,fault,1789799389.1559103,1789799389.1652613,8.886,0,8.886,pass,,read_secondary,"{""background_write_acknowledged"": true, ""reads"": [{""version"": 509, ""max_seen_before"": 508, ""violation"": false}, {""version"": 509, ""max_seen_before"": 509, ""violation"": false}]}"
20260919T062932Z_97617a69,510,fault,1789799389.1652613,1789799389.1741595,8.908,0,8.908,pass,,read_secondary,"{""background_write_acknowledged"": true, ""reads"": [{""version"": 510, ""max_seen_before"": 509, ""violation"": false}, {""version"": 510, ""max_seen_before"": 510, ""violation"": false}]}"
20260919T062932Z_97617a69,511,fault,1789799389.1741595,1789799389.1833203,9.289,0,9.289,pass,,read_secondary,"{""background_write_acknowledged"": true, ""reads"": [{""version"": 511, ""max_seen_before"": 510, ""violation"": false}, {""version"": 511, ""max_seen_before"": 511, ""violation"": false}]}"
20260919T062932Z_97617a69,512,fault,1789799389.1833203,1789799389.1927383,9.245,0,9.245,pass,,read_secondary,"{""background_write_acknowledged"": true, ""reads"": [{""version"": 512, ""max_seen_before"": 511, ""violation"": false}, {""version"": 512, ""max_seen_before"": 512, ""violation"": false}]}"
20260919T062932Z_97617a69,513,fault,1789799389.1927383,1789799389.2030354,10.15,0,10.15,pass,,read_secondary,"{""background_write_acknowledged"": true, ""reads"": [{""version"": 513, ""max_seen_before"": 512, ""violation"": false}, {""version"": 513, ""max_seen_before"": 513, ""violation"": false}]}"
20260919T062932Z_97617a69,514,fault,1789799389.2030354,1789799389.2128084,9.851,0,9.851,pass,,read_secondary,"{""background_write_acknowledged"": true, ""reads"": [{""version"": 514, ""max_seen_before"": 513, ""violation"": false}, {""version"": 514, ""max_seen_before"": 514, ""violation"": false}]}"
20260919T062932Z_97617a69,515,fault,1789799389.2128084,1789799389.2232177,10.158,0,10.158,pass,,read_secondary,"{""background_write_acknowledged"": true, ""reads"": [{""version"": 515, ""max_seen_before"": 514, ""violation"": false}, {""version"": 515, ""max_seen_before"": 515, ""violation"": false}]}"
20260919T062932Z_97617a69,516,fault,1789799389.2232177,1789799389.2329311,9.861,0,9.861,pass,,read_secondary,"{""background_write_acknowledged"": true, ""reads"": [{""version"": 516, ""max_seen_before"": 515, ""violation"": false}, {""version"": 516, ""max_seen_before"": 516, ""violation"": false}]}"
20260919T062932Z_97617a69,517,fault,1789799389.233515,1789799389.242467,8.989,0,8.989,pass,,read_secondary,"{""background_write_acknowledged"": true, ""reads"": [{""version"": 517, ""max_seen_before"": 516, ""violation"": false}, {""version"": 517, ""max_seen_before"": 517, ""violation"": false}]}"
20260919T062932Z_97617a69,518,fault,1789799389.242467,1789799389.2519307,9.369,0,9.369,pass,,read_secondary,"{""background_write_acknowledged"": true, ""reads"": [{""version"": 518, ""max_seen_before"": 517, ""violation"": false}, {""version"": 518, ""max_seen_before"": 518, ""violation"": false}]}"
20260919T062932Z_97617a69,519,fault,1789799389.2519307,1789799389.2612917,9.311,0,9.311,pass,,read_secondary,"{""background_write_acknowledged"": true, ""reads"": [{""version"": 519, ""max_seen_before"": 518, ""violation"": false}, {""version"": 519, ""max_seen_before"": 519, ""violation"": false}]}"
20260919T062932Z_97617a69,520,fault,1789799389.2612917,1789799389.2711833,9.721,0,9.721,pass,,read_secondary,"{""background_write_acknowledged"": true, ""reads"": [{""version"": 520, ""max_seen_before"": 519, ""violation"": false}, {""version"": 520, ""max_seen_before"": 520, ""violation"": false}]}"
20260919T062932Z_97617a69,521,fault,1789799389.2711833,1789799389.2808769,9.826,0,9.826,pass,,read_secondary,"{""background_write_acknowledged"": true, ""reads"": [{""version"": 521, ""max_seen_before"": 520, ""violation"": false}, {""version"": 521, ""max_seen_before"": 521, ""violation"": false}]}"
20260919T062932Z_97617a69,522,fault,1789799389.2808769,1789799389.2912846,10.103,0,10.103,pass,,read_secondary,"{""background_write_acknowledged"": true, ""reads"": [{""version"": 522, ""max_seen_before"": 521, ""violation"": false}, {""version"": 522, ""max_seen_before"": 522, ""violation"": false}]}"
20260919T062932Z_97617a69,523,fault,1789799389.2912846,1789799389.301847,10.767,0,10.767,pass,,read_secondary,"{""background_write_acknowledged"": true, ""reads"": [{""version"": 523, ""max_seen_before"": 522, ""violation"": false}, {""version"": 523, ""max_seen_before"": 523, ""violation"": false}]}"
20260919T062932Z_97617a69,524,fault,1789799389.3024547,1789799389.3119318,10.061,0,10.061,pass,,read_secondary,"{""background_write_acknowledged"": true, ""reads"": [{""version"": 524, ""max_seen_before"": 523, ""violation"": false}, {""version"": 524, ""max_seen_before"": 524, ""violation"": false}]}"
20260919T062932Z_97617a69,525,fault,1789799389.3126047,1789799389.3225105,9.93,0,9.93,pass,,read_secondary,"{""background_write_acknowledged"": true, ""reads"": [{""version"": 525, ""max_seen_before"": 524, ""violation"": false}, {""version"": 525, ""max_seen_before"": 525, ""violation"": false}]}"
20260919T062932Z_97617a69,526,fault,1789799389.3225105,1789799389.3320978,9.651,0,9.651,pass,,read_secondary,"{""background_write_acknowledged"": true, ""reads"": [{""version"": 526, ""max_seen_before"": 525, ""violation"": false}, {""version"": 526, ""max_seen_before"": 526, ""violation"": false}]}"
20260919T062932Z_97617a69,527,fault,1789799389.3320978,1789799389.3423324,9.894,0,9.894,pass,,read_secondary,"{""background_write_acknowledged"": true, ""reads"": [{""version"": 527, ""max_seen_before"": 526, ""violation"": false}, {""version"": 527, ""max_seen_before"": 527, ""violation"": false}]}"
20260919T062932Z_97617a69,528,fault,1789799389.3423324,1789799389.3508992,9.136,0,9.136,pass,,read_secondary,"{""background_write_acknowledged"": true, ""reads"": [{""version"": 528, ""max_seen_before"": 527, ""violation"": false}, {""version"": 528, ""max_seen_before"": 528, ""violation"": false}]}"
20260919T062932Z_97617a69,529,fault,1789799389.3516006,1789799389.3600605,8.884,0,8.884,pass,,read_secondary,"{""background_write_acknowledged"": true, ""reads"": [{""version"": 529, ""max_seen_before"": 528, ""violation"": false}, {""version"": 529, ""max_seen_before"": 529, ""violation"": false}]}"
20260919T062932Z_97617a69,530,fault,1789799389.3606684,1789799389.3704047,10.118,0,10.118,pass,,read_secondary,"{""background_write_acknowledged"": true, ""reads"": [{""version"": 530, ""max_seen_before"": 529, ""violation"": false}, {""version"": 530, ""max_seen_before"": 530, ""violation"": false}]}"
20260919T062932Z_97617a69,531,fault,1789799389.3704047,1789799389.380394,9.828,0,9.828,pass,,read_secondary,"{""background_write_acknowledged"": true, ""reads"": [{""version"": 531, ""max_seen_before"": 530, ""violation"": false}, {""version"": 531, ""max_seen_before"": 531, ""violation"": false}]}"
20260919T062932Z_97617a69,532,fault,1789799389.380394,1789799389.390161,9.522,0,9.522,pass,,read_secondary,"{""background_write_acknowledged"": true, ""reads"": [{""version"": 532, ""max_seen_before"": 531, ""violation"": false}, {""version"": 532, ""max_seen_before"": 532, ""violation"": false}]}"
20260919T062932Z_97617a69,533,fault,1789799389.390161,1789799389.4004283,9.998,0,9.998,pass,,read_secondary,"{""background_write_acknowledged"": true, ""reads"": [{""version"": 533, ""max_seen_before"": 532, ""violation"": false}, {""version"": 533, ""max_seen_before"": 533, ""violation"": false}]}"
20260919T062932Z_97617a69,534,fault,1789799389.4004283,1789799389.4100244,9.476,0,9.476,pass,,read_secondary,"{""background_write_acknowledged"": true, ""reads"": [{""version"": 534, ""max_seen_before"": 533, ""violation"": false}, {""version"": 534, ""max_seen_before"": 534, ""violation"": false}]}"
20260919T062932Z_97617a69,535,fault,1789799389.4100244,1789799389.4213536,11.508,0,11.508,pass,,read_secondary,"{""background_write_acknowledged"": true, ""reads"": [{""version"": 535, ""max_seen_before"": 534, ""violation"": false}, {""version"": 535, ""max_seen_before"": 535, ""violation"": false}]}"
20260919T062932Z_97617a69,536,fault,1789799389.4213536,1789799389.4318147,10.323,0,10.323,pass,,read_secondary,"{""background_write_acknowledged"": true, ""reads"": [{""version"": 536, ""max_seen_before"": 535, ""violation"": false}, {""version"": 536, ""max_seen_before"": 536, ""violation"": false}]}"
20260919T062932Z_97617a69,537,fault,1789799389.4318147,1789799389.4413047,9.496,0,9.496,pass,,read_secondary,"{""background_write_acknowledged"": true, ""reads"": [{""version"": 537, ""max_seen_before"": 536, ""violation"": false}, {""version"": 537, ""max_seen_before"": 537, ""violation"": false}]}"
20260919T062932Z_97617a69,538,fault,1789799389.4413047,1789799389.4510307,9.74,0,9.74,pass,,read_secondary,"{""background_write_acknowledged"": true, ""reads"": [{""version"": 538, ""max_seen_before"": 537, ""violation"": false}, {""version"": 538, ""max_seen_before"": 538, ""violation"": false}]}"
20260919T062932Z_97617a69,539,fault,1789799389.4516394,1789799389.4608629,9.606,0,9.606,pass,,read_secondary,"{""background_write_acknowledged"": true, ""reads"": [{""version"": 539, ""max_seen_before"": 538, ""violation"": false}, {""version"": 539, ""max_seen_before"": 539, ""violation"": false}]}"
20260919T062932Z_97617a69,540,fault,1789799389.4608629,1789799389.4700203,9.03,0,9.03,pass,,read_secondary,"{""background_write_acknowledged"": true, ""reads"": [{""version"": 540, ""max_seen_before"": 539, ""violation"": false}, {""version"": 540, ""max_seen_before"": 540, ""violation"": false}]}"
20260919T062932Z_97617a69,541,fault,1789799389.4700203,1789799389.4792914,9.262,0,9.262,pass,,read_secondary,"{""background_write_acknowledged"": true, ""reads"": [{""version"": 541, ""max_seen_before"": 540, ""violation"": false}, {""version"": 541, ""max_seen_before"": 541, ""violation"": false}]}"
20260919T062932Z_97617a69,542,fault,1789799389.4792914,1789799389.489248,9.84,0,9.84,pass,,read_secondary,"{""background_write_acknowledged"": true, ""reads"": [{""version"": 542, ""max_seen_before"": 541, ""violation"": false}, {""version"": 542, ""max_seen_before"": 542, ""violation"": false}]}"
20260919T062932Z_97617a69,543,fault,1789799389.489803,1789799389.4990587,9.317,0,9.317,pass,,read_secondary,"{""background_write_acknowledged"": true, ""reads"": [{""version"": 543, ""max_seen_before"": 542, ""violation"": false}, {""version"": 543, ""max_seen_before"": 543, ""violation"": false}]}"
20260919T062932Z_97617a69,544,fault,1789799389.4990587,1789799389.5078974,9.056,0,9.056,pass,,read_secondary,"{""background_write_acknowledged"": true, ""reads"": [{""version"": 544, ""max_seen_before"": 543, ""violation"": false}, {""version"": 544, ""max_seen_before"": 544, ""violation"": false}]}"
20260919T062932Z_97617a69,545,fault,1789799389.5078974,1789799389.5182648,9.804,0,9.804,pass,,read_secondary,"{""background_write_acknowledged"": true, ""reads"": [{""version"": 545, ""max_seen_before"": 544, ""violation"": false}, {""version"": 545, ""max_seen_before"": 545, ""violation"": false}]}"
20260919T062932Z_97617a69,546,fault,1789799389.5182648,1789799389.5275295,9.683,0,9.683,pass,,read_secondary,"{""background_write_acknowledged"": true, ""reads"": [{""version"": 546, ""max_seen_before"": 545, ""violation"": false}, {""version"": 546, ""max_seen_before"": 546, ""violation"": false}]}"
20260919T062932Z_97617a69,547,fault,1789799389.5280986,1789799389.5376558,9.765,0,9.765,pass,,read_secondary,"{""background_write_acknowledged"": true, ""reads"": [{""version"": 547, ""max_seen_before"": 546, ""violation"": false}, {""version"": 547, ""max_seen_before"": 547, ""violation"": false}]}"
20260919T062932Z_97617a69,548,fault,1789799389.5376558,1789799389.546759,9.301,0,9.301,pass,,read_secondary,"{""background_write_acknowledged"": true, ""reads"": [{""version"": 548, ""max_seen_before"": 547, ""violation"": false}, {""version"": 548, ""max_seen_before"": 548, ""violation"": false}]}"
20260919T062932Z_97617a69,549,fault,1789799389.547379,1789799389.5563083,9.378,0,9.378,pass,,read_secondary,"{""background_write_acknowledged"": true, ""reads"": [{""version"": 549, ""max_seen_before"": 548, ""violation"": false}, {""version"": 549, ""max_seen_before"": 549, ""violation"": false}]}"
20260919T062932Z_97617a69,550,fault,1789799389.5569358,1789799389.5665774,10.069,0,10.069,pass,,read_secondary,"{""background_write_acknowledged"": true, ""reads"": [{""version"": 550, ""max_seen_before"": 549, ""violation"": false}, {""version"": 550, ""max_seen_before"": 550, ""violation"": false}]}"
20260919T062932Z_97617a69,551,fault,1789799389.5665774,1789799389.576343,9.79,0,9.79,pass,,read_secondary,"{""background_write_acknowledged"": true, ""reads"": [{""version"": 551, ""max_seen_before"": 550, ""violation"": false}, {""version"": 551, ""max_seen_before"": 551, ""violation"": false}]}"
20260919T062932Z_97617a69,552,fault,1789799389.5769591,1789799389.586478,9.523,0,9.523,pass,,read_secondary,"{""background_write_acknowledged"": true, ""reads"": [{""version"": 552, ""max_seen_before"": 551, ""violation"": false}, {""version"": 552, ""max_seen_before"": 552, ""violation"": false}]}"
20260919T062932Z_97617a69,553,fault,1789799389.586478,1789799389.5950577,8.685,0,8.685,pass,,read_secondary,"{""background_write_acknowledged"": true, ""reads"": [{""version"": 553, ""max_seen_before"": 552, ""violation"": false}, {""version"": 553, ""max_seen_before"": 553, ""violation"": false}]}"
20260919T062932Z_97617a69,554,fault,1789799389.5950577,1789799389.604347,9.417,0,9.417,pass,,read_secondary,"{""background_write_acknowledged"": true, ""reads"": [{""version"": 554, ""max_seen_before"": 553, ""violation"": false}, {""version"": 554, ""max_seen_before"": 554, ""violation"": false}]}"
20260919T062932Z_97617a69,555,fault,1789799389.6049204,1789799389.613345,8.857,0,8.857,pass,,read_secondary,"{""background_write_acknowledged"": true, ""reads"": [{""version"": 555, ""max_seen_before"": 554, ""violation"": false}, {""version"": 555, ""max_seen_before"": 555, ""violation"": false}]}"
20260919T062932Z_97617a69,556,fault,1789799389.613345,1789799389.6226146,9.228,0,9.228,pass,,read_secondary,"{""background_write_acknowledged"": true, ""reads"": [{""version"": 556, ""max_seen_before"": 555, ""violation"": false}, {""version"": 556, ""max_seen_before"": 556, ""violation"": false}]}"
20260919T062932Z_97617a69,557,fault,1789799389.623143,1789799389.6323392,9.514,0,9.514,pass,,read_secondary,"{""background_write_acknowledged"": true, ""reads"": [{""version"": 557, ""max_seen_before"": 556, ""violation"": false}, {""version"": 557, ""max_seen_before"": 557, ""violation"": false}]}"
20260919T062932Z_97617a69,558,fault,1789799389.6323392,1789799389.641244,8.698,0,8.698,pass,,read_secondary,"{""background_write_acknowledged"": true, ""reads"": [{""version"": 558, ""max_seen_before"": 557, ""violation"": false}, {""version"": 558, ""max_seen_before"": 558, ""violation"": false}]}"
20260919T062932Z_97617a69,559,fault,1789799389.641244,1789799389.6502168,8.643,0,8.643,pass,,read_secondary,"{""background_write_acknowledged"": true, ""reads"": [{""version"": 559, ""max_seen_before"": 558, ""violation"": false}, {""version"": 559, ""max_seen_before"": 559, ""violation"": false}]}"
20260919T062932Z_97617a69,560,fault,1789799389.6502168,1789799389.659804,9.58,0,9.58,pass,,read_secondary,"{""background_write_acknowledged"": true, ""reads"": [{""version"": 560, ""max_seen_before"": 559, ""violation"": false}, {""version"": 560, ""max_seen_before"": 560, ""violation"": false}]}"
20260919T062932Z_97617a69,561,fault,1789799389.659804,1789799389.6705394,10.527,0,10.527,pass,,read_secondary,"{""background_write_acknowledged"": true, ""reads"": [{""version"": 561, ""max_seen_before"": 560, ""violation"": false}, {""version"": 561, ""max_seen_before"": 561, ""violation"": false}]}"
20260919T062932Z_97617a69,562,fault,1789799389.6705394,1789799389.6808925,10.263,0,10.263,pass,,read_secondary,"{""background_write_acknowledged"": true, ""reads"": [{""version"": 562, ""max_seen_before"": 561, ""violation"": false}, {""version"": 562, ""max_seen_before"": 562, ""violation"": false}]}"
20260919T062932Z_97617a69,563,fault,1789799389.6808925,1789799389.6895413,8.651,0,8.651,pass,,read_secondary,"{""background_write_acknowledged"": true, ""reads"": [{""version"": 563, ""max_seen_before"": 562, ""violation"": false}, {""version"": 563, ""max_seen_before"": 563, ""violation"": false}]}"
20260919T062932Z_97617a69,564,fault,1789799389.6895413,1789799389.6992445,10.015,0,10.015,pass,,read_secondary,"{""background_write_acknowledged"": true, ""reads"": [{""version"": 564, ""max_seen_before"": 563, ""violation"": false}, {""version"": 564, ""max_seen_before"": 564, ""violation"": false}]}"
20260919T062932Z_97617a69,565,fault,1789799389.6998487,1789799389.7098641,9.952,0,9.952,pass,,read_secondary,"{""background_write_acknowledged"": true, ""reads"": [{""version"": 565, ""max_seen_before"": 564, ""violation"": false}, {""version"": 565, ""max_seen_before"": 565, ""violation"": false}]}"
20260919T062932Z_97617a69,566,fault,1789799389.7098641,1789799389.7179697,8.581,0,8.581,pass,,read_secondary,"{""background_write_acknowledged"": true, ""reads"": [{""version"": 566, ""max_seen_before"": 565, ""violation"": false}, {""version"": 566, ""max_seen_before"": 566, ""violation"": false}]}"
20260919T062932Z_97617a69,567,fault,1789799389.7185948,1789799389.7284656,10.098,0,10.098,pass,,read_secondary,"{""background_write_acknowledged"": true, ""reads"": [{""version"": 567, ""max_seen_before"": 566, ""violation"": false}, {""version"": 567, ""max_seen_before"": 567, ""violation"": false}]}"
20260919T062932Z_97617a69,568,fault,1789799389.7284656,1789799389.7380278,9.4,0,9.4,pass,,read_secondary,"{""background_write_acknowledged"": true, ""reads"": [{""version"": 568, ""max_seen_before"": 567, ""violation"": false}, {""version"": 568, ""max_seen_before"": 568, ""violation"": false}]}"
20260919T062932Z_97617a69,569,fault,1789799389.7380278,1789799389.7481945,9.969,0,9.969,pass,,read_secondary,"{""background_write_acknowledged"": true, ""reads"": [{""version"": 569, ""max_seen_before"": 568, ""violation"": false}, {""version"": 569, ""max_seen_before"": 569, ""violation"": false}]}"
20260919T062932Z_97617a69,570,fault,1789799389.7481945,1789799389.7584503,10.231,0,10.231,pass,,read_secondary,"{""background_write_acknowledged"": true, ""reads"": [{""version"": 570, ""max_seen_before"": 569, ""violation"": false}, {""version"": 570, ""max_seen_before"": 570, ""violation"": false}]}"
20260919T062932Z_97617a69,571,fault,1789799389.7584503,1789799389.7676275,9.66,0,9.66,pass,,read_secondary,"{""background_write_acknowledged"": true, ""reads"": [{""version"": 571, ""max_seen_before"": 570, ""violation"": false}, {""version"": 571, ""max_seen_before"": 571, ""violation"": false}]}"
20260919T062932Z_97617a69,572,fault,1789799389.7684498,1789799389.7776222,9.239,0,9.239,pass,,read_secondary,"{""background_write_acknowledged"": true, ""reads"": [{""version"": 572, ""max_seen_before"": 571, ""violation"": false}, {""version"": 572, ""max_seen_before"": 572, ""violation"": false}]}"
20260919T062932Z_97617a69,573,fault,1789799389.7776222,1789799389.7872093,9.779,0,9.779,pass,,read_secondary,"{""background_write_acknowledged"": true, ""reads"": [{""version"": 573, ""max_seen_before"": 572, ""violation"": false}, {""version"": 573, ""max_seen_before"": 573, ""violation"": false}]}"
20260919T062932Z_97617a69,574,fault,1789799389.7872093,1789799389.7964091,9.068,0,9.068,pass,,read_secondary,"{""background_write_acknowledged"": true, ""reads"": [{""version"": 574, ""max_seen_before"": 573, ""violation"": false}, {""version"": 574, ""max_seen_before"": 574, ""violation"": false}]}"
20260919T062932Z_97617a69,575,fault,1789799389.7964091,1789799389.8056867,9.025,0,9.025,pass,,read_secondary,"{""background_write_acknowledged"": true, ""reads"": [{""version"": 575, ""max_seen_before"": 574, ""violation"": false}, {""version"": 575, ""max_seen_before"": 575, ""violation"": false}]}"
20260919T062932Z_97617a69,576,fault,1789799389.8056867,1789799389.8175752,11.594,0,11.594,pass,,read_secondary,"{""background_write_acknowledged"": true, ""reads"": [{""version"": 576, ""max_seen_before"": 575, ""violation"": false}, {""version"": 576, ""max_seen_before"": 576, ""violation"": false}]}"
20260919T062932Z_97617a69,577,fault,1789799389.8175752,1789799389.8285835,11.333,0,11.333,pass,,read_secondary,"{""background_write_acknowledged"": true, ""reads"": [{""version"": 577, ""max_seen_before"": 576, ""violation"": false}, {""version"": 577, ""max_seen_before"": 577, ""violation"": false}]}"
20260919T062932Z_97617a69,578,fault,1789799389.829214,1789799389.8385348,9.265,0,9.265,pass,,read_secondary,"{""background_write_acknowledged"": true, ""reads"": [{""version"": 578, ""max_seen_before"": 577, ""violation"": false}, {""version"": 578, ""max_seen_before"": 578, ""violation"": false}]}"
20260919T062932Z_97617a69,579,fault,1789799389.8385348,1789799389.8469274,9.028,0,9.028,pass,,read_secondary,"{""background_write_acknowledged"": true, ""reads"": [{""version"": 579, ""max_seen_before"": 578, ""violation"": false}, {""version"": 579, ""max_seen_before"": 579, ""violation"": false}]}"
20260919T062932Z_97617a69,580,fault,1789799389.8477418,1789799389.8571475,9.427,0,9.427,pass,,read_secondary,"{""background_write_acknowledged"": true, ""reads"": [{""version"": 580, ""max_seen_before"": 579, ""violation"": false}, {""version"": 580, ""max_seen_before"": 580, ""violation"": false}]}"
20260919T062932Z_97617a69,581,fault,1789799389.8571475,1789799389.866585,9.467,0,9.467,pass,,read_secondary,"{""background_write_acknowledged"": true, ""reads"": [{""version"": 581, ""max_seen_before"": 580, ""violation"": false}, {""version"": 581, ""max_seen_before"": 581, ""violation"": false}]}"
20260919T062932Z_97617a69,582,fault,1789799389.866585,1789799389.8752906,8.855,0,8.855,pass,,read_secondary,"{""background_write_acknowledged"": true, ""reads"": [{""version"": 582, ""max_seen_before"": 581, ""violation"": false}, {""version"": 582, ""max_seen_before"": 582, ""violation"": false}]}"
20260919T062932Z_97617a69,583,fault,1789799389.8752906,1789799389.8845472,9.004,0,9.004,pass,,read_secondary,"{""background_write_acknowledged"": true, ""reads"": [{""version"": 583, ""max_seen_before"": 582, ""violation"": false}, {""version"": 583, ""max_seen_before"": 583, ""violation"": false}]}"
20260919T062932Z_97617a69,584,fault,1789799389.8845472,1789799389.8953018,10.397,0,10.397,pass,,read_secondary,"{""background_write_acknowledged"": true, ""reads"": [{""version"": 584, ""max_seen_before"": 583, ""violation"": false}, {""version"": 584, ""max_seen_before"": 584, ""violation"": false}]}"
20260919T062932Z_97617a69,585,fault,1789799389.8953018,1789799389.9040759,9.064,0,9.064,pass,,read_secondary,"{""background_write_acknowledged"": true, ""reads"": [{""version"": 585, ""max_seen_before"": 584, ""violation"": false}, {""version"": 585, ""max_seen_before"": 585, ""violation"": false}]}"
20260919T062932Z_97617a69,586,fault,1789799389.9040759,1789799389.915769,11.438,0,11.438,pass,,read_secondary,"{""background_write_acknowledged"": true, ""reads"": [{""version"": 586, ""max_seen_before"": 585, ""violation"": false}, {""version"": 586, ""max_seen_before"": 586, ""violation"": false}]}"
20260919T062932Z_97617a69,587,fault,1789799389.916317,1789799389.925839,10.211,0,10.211,pass,,read_secondary,"{""background_write_acknowledged"": true, ""reads"": [{""version"": 587, ""max_seen_before"": 586, ""violation"": false}, {""version"": 587, ""max_seen_before"": 587, ""violation"": false}]}"
20260919T062932Z_97617a69,588,fault,1789799389.926595,1789799389.9353435,8.998,0,8.998,pass,,read_secondary,"{""background_write_acknowledged"": true, ""reads"": [{""version"": 588, ""max_seen_before"": 587, ""violation"": false}, {""version"": 588, ""max_seen_before"": 588, ""violation"": false}]}"
20260919T062932Z_97617a69,589,fault,1789799389.9353435,1789799389.9447753,9.368,0,9.368,pass,,read_secondary,"{""background_write_acknowledged"": true, ""reads"": [{""version"": 589, ""max_seen_before"": 588, ""violation"": false}, {""version"": 589, ""max_seen_before"": 589, ""violation"": false}]}"
20260919T062932Z_97617a69,590,fault,1789799389.9447753,1789799389.9548814,10.165,0,10.165,pass,,read_secondary,"{""background_write_acknowledged"": true, ""reads"": [{""version"": 590, ""max_seen_before"": 589, ""violation"": false}, {""version"": 590, ""max_seen_before"": 590, ""violation"": false}]}"
20260919T062932Z_97617a69,591,fault,1789799389.955464,1789799389.9655597,10.16,0,10.16,pass,,read_secondary,"{""background_write_acknowledged"": true, ""reads"": [{""version"": 591, ""max_seen_before"": 590, ""violation"": false}, {""version"": 591, ""max_seen_before"": 591, ""violation"": false}]}"
20260919T062932Z_97617a69,592,fault,1789799389.9655597,1789799389.97437,8.646,0,8.646,pass,,read_secondary,"{""background_write_acknowledged"": true, ""reads"": [{""version"": 592, ""max_seen_before"": 591, ""violation"": false}, {""version"": 592, ""max_seen_before"": 592, ""violation"": false}]}"
20260919T062932Z_97617a69,593,fault,1789799389.97437,1789799389.9831052,9.088,0,9.088,pass,,read_secondary,"{""background_write_acknowledged"": true, ""reads"": [{""version"": 593, ""max_seen_before"": 592, ""violation"": false}, {""version"": 593, ""max_seen_before"": 593, ""violation"": false}]}"
20260919T062932Z_97617a69,594,fault,1789799389.9831052,1789799389.9921322,8.513,0,8.513,pass,,read_secondary,"{""background_write_acknowledged"": true, ""reads"": [{""version"": 594, ""max_seen_before"": 593, ""violation"": false}, {""version"": 594, ""max_seen_before"": 594, ""violation"": false}]}"
20260919T062932Z_97617a69,595,fault,1789799389.9921322,1789799390.0022883,10.477,0,10.477,pass,,read_secondary,"{""background_write_acknowledged"": true, ""reads"": [{""version"": 595, ""max_seen_before"": 594, ""violation"": false}, {""version"": 595, ""max_seen_before"": 595, ""violation"": false}]}"
20260919T062932Z_97617a69,596,fault,1789799390.0028925,1789799390.0121741,9.821,0,9.821,pass,,read_secondary,"{""background_write_acknowledged"": true, ""reads"": [{""version"": 596, ""max_seen_before"": 595, ""violation"": false}, {""version"": 596, ""max_seen_before"": 596, ""violation"": false}]}"
20260919T062932Z_97617a69,597,fault,1789799390.0127926,1789799390.021516,9.142,0,9.142,pass,,read_secondary,"{""background_write_acknowledged"": true, ""reads"": [{""version"": 597, ""max_seen_before"": 596, ""violation"": false}, {""version"": 597, ""max_seen_before"": 597, ""violation"": false}]}"
20260919T062932Z_97617a69,598,fault,1789799390.021516,1789799390.0311322,9.419,0,9.419,pass,,read_secondary,"{""background_write_acknowledged"": true, ""reads"": [{""version"": 598, ""max_seen_before"": 597, ""violation"": false}, {""version"": 598, ""max_seen_before"": 598, ""violation"": false}]}"
20260919T062932Z_97617a69,599,fault,1789799390.0311322,1789799390.0400782,8.741,0,8.741,pass,,read_secondary,"{""background_write_acknowledged"": true, ""reads"": [{""version"": 599, ""max_seen_before"": 598, ""violation"": false}, {""version"": 599, ""max_seen_before"": 599, ""violation"": false}]}"
20260919T062932Z_97617a69,600,recovery,1789799390.8786552,1789799390.8884165,9.261,0,9.261,pass,,read_secondary,"{""background_write_acknowledged"": true, ""reads"": [{""version"": 600, ""max_seen_before"": 599, ""violation"": false}, {""version"": 600, ""max_seen_before"": 600, ""violation"": false}]}"
20260919T062932Z_97617a69,601,recovery,1789799390.8928425,1789799390.9026399,9.545,0,9.545,pass,,read_secondary,"{""background_write_acknowledged"": true, ""reads"": [{""version"": 601, ""max_seen_before"": 600, ""violation"": false}, {""version"": 601, ""max_seen_before"": 601, ""violation"": false}]}"
20260919T062932Z_97617a69,602,recovery,1789799390.9026399,1789799390.911062,8.846,0,8.846,pass,,read_secondary,"{""background_write_acknowledged"": true, ""reads"": [{""version"": 602, ""max_seen_before"": 601, ""violation"": false}, {""version"": 602, ""max_seen_before"": 602, ""violation"": false}]}"
20260919T062932Z_97617a69,603,recovery,1789799390.9117107,1789799390.9222932,10.717,0,10.717,pass,,read_secondary,"{""background_write_acknowledged"": true, ""reads"": [{""version"": 603, ""max_seen_before"": 602, ""violation"": false}, {""version"": 603, ""max_seen_before"": 603, ""violation"": false}]}"
20260919T062932Z_97617a69,604,recovery,1789799390.9222932,1789799390.9314592,9.25,0,9.25,pass,,read_secondary,"{""background_write_acknowledged"": true, ""reads"": [{""version"": 604, ""max_seen_before"": 603, ""violation"": false}, {""version"": 604, ""max_seen_before"": 604, ""violation"": false}]}"
20260919T062932Z_97617a69,605,recovery,1789799390.9314592,1789799390.9417248,10.185,0,10.185,pass,,read_secondary,"{""background_write_acknowledged"": true, ""reads"": [{""version"": 605, ""max_seen_before"": 604, ""violation"": false}, {""version"": 605, ""max_seen_before"": 605, ""violation"": false}]}"
20260919T062932Z_97617a69,606,recovery,1789799390.942241,1789799390.952047,9.772,0,9.772,pass,,read_secondary,"{""background_write_acknowledged"": true, ""reads"": [{""version"": 606, ""max_seen_before"": 605, ""violation"": false}, {""version"": 606, ""max_seen_before"": 606, ""violation"": false}]}"
20260919T062932Z_97617a69,607,recovery,1789799390.952047,1789799390.961315,9.236,0,9.236,pass,,read_secondary,"{""background_write_acknowledged"": true, ""reads"": [{""version"": 607, ""max_seen_before"": 606, ""violation"": false}, {""version"": 607, ""max_seen_before"": 607, ""violation"": false}]}"
20260919T062932Z_97617a69,608,recovery,1789799390.961315,1789799390.9705482,9.439,0,9.439,pass,,read_secondary,"{""background_write_acknowledged"": true, ""reads"": [{""version"": 608, ""max_seen_before"": 607, ""violation"": false}, {""version"": 608, ""max_seen_before"": 608, ""violation"": false}]}"
20260919T062932Z_97617a69,609,recovery,1789799390.9705482,1789799390.9799426,9.238,0,9.238,pass,,read_secondary,"{""background_write_acknowledged"": true, ""reads"": [{""version"": 609, ""max_seen_before"": 608, ""violation"": false}, {""version"": 609, ""max_seen_before"": 609, ""violation"": false}]}"
20260919T062932Z_97617a69,610,recovery,1789799390.9799426,1789799390.9901984,9.862,0,9.862,pass,,read_secondary,"{""background_write_acknowledged"": true, ""reads"": [{""version"": 610, ""max_seen_before"": 609, ""violation"": false}, {""version"": 610, ""max_seen_before"": 610, ""violation"": false}]}"
20260919T062932Z_97617a69,611,recovery,1789799390.9901984,1789799391.000239,9.937,0,9.937,pass,,read_secondary,"{""background_write_acknowledged"": true, ""reads"": [{""version"": 611, ""max_seen_before"": 610, ""violation"": false}, {""version"": 611, ""max_seen_before"": 611, ""violation"": false}]}"
20260919T062932Z_97617a69,612,recovery,1789799391.000239,1789799391.010425,10.518,0,10.518,pass,,read_secondary,"{""background_write_acknowledged"": true, ""reads"": [{""version"": 612, ""max_seen_before"": 611, ""violation"": false}, {""version"": 612, ""max_seen_before"": 612, ""violation"": false}]}"
20260919T062932Z_97617a69,613,recovery,1789799391.0110216,1789799391.0198958,9.23,0,9.23,pass,,read_secondary,"{""background_write_acknowledged"": true, ""reads"": [{""version"": 613, ""max_seen_before"": 612, ""violation"": false}, {""version"": 613, ""max_seen_before"": 613, ""violation"": false}]}"
20260919T062932Z_97617a69,614,recovery,1789799391.0198958,1789799391.0287626,8.589,0,8.589,pass,,read_secondary,"{""background_write_acknowledged"": true, ""reads"": [{""version"": 614, ""max_seen_before"": 613, ""violation"": false}, {""version"": 614, ""max_seen_before"": 614, ""violation"": false}]}"
20260919T062932Z_97617a69,615,recovery,1789799391.0287626,1789799391.0373068,8.951,0,8.951,pass,,read_secondary,"{""background_write_acknowledged"": true, ""reads"": [{""version"": 615, ""max_seen_before"": 614, ""violation"": false}, {""version"": 615, ""max_seen_before"": 615, ""violation"": false}]}"
20260919T062932Z_97617a69,616,recovery,1789799391.0381083,1789799391.0461318,8.792,0,8.792,pass,,read_secondary,"{""background_write_acknowledged"": true, ""reads"": [{""version"": 616, ""max_seen_before"": 615, ""violation"": false}, {""version"": 616, ""max_seen_before"": 616, ""violation"": false}]}"
20260919T062932Z_97617a69,617,recovery,1789799391.0469124,1789799391.0556898,9.555,0,9.555,pass,,read_secondary,"{""background_write_acknowledged"": true, ""reads"": [{""version"": 617, ""max_seen_before"": 616, ""violation"": false}, {""version"": 617, ""max_seen_before"": 617, ""violation"": false}]}"
20260919T062932Z_97617a69,618,recovery,1789799391.0556898,1789799391.0651863,9.321,0,9.321,pass,,read_secondary,"{""background_write_acknowledged"": true, ""reads"": [{""version"": 618, ""max_seen_before"": 617, ""violation"": false}, {""version"": 618, ""max_seen_before"": 618, ""violation"": false}]}"
20260919T062932Z_97617a69,619,recovery,1789799391.0660026,1789799391.0749412,9.233,0,9.233,pass,,read_secondary,"{""background_write_acknowledged"": true, ""reads"": [{""version"": 619, ""max_seen_before"": 618, ""violation"": false}, {""version"": 619, ""max_seen_before"": 619, ""violation"": false}]}"
20260919T062932Z_97617a69,620,recovery,1789799391.0749412,1789799391.084304,9.061,0,9.061,pass,,read_secondary,"{""background_write_acknowledged"": true, ""reads"": [{""version"": 620, ""max_seen_before"": 619, ""violation"": false}, {""version"": 620, ""max_seen_before"": 620, ""violation"": false}]}"
20260919T062932Z_97617a69,621,recovery,1789799391.084304,1789799391.0930274,8.914,0,8.914,pass,,read_secondary,"{""background_write_acknowledged"": true, ""reads"": [{""version"": 621, ""max_seen_before"": 620, ""violation"": false}, {""version"": 621, ""max_seen_before"": 621, ""violation"": false}]}"
20260919T062932Z_97617a69,622,recovery,1789799391.0930274,1789799391.1024098,9.161,0,9.161,pass,,read_secondary,"{""background_write_acknowledged"": true, ""reads"": [{""version"": 622, ""max_seen_before"": 621, ""violation"": false}, {""version"": 622, ""max_seen_before"": 622, ""violation"": false}]}"
20260919T062932Z_97617a69,623,recovery,1789799391.1024098,1789799391.1132095,10.634,0,10.634,pass,,read_secondary,"{""background_write_acknowledged"": true, ""reads"": [{""version"": 623, ""max_seen_before"": 622, ""violation"": false}, {""version"": 623, ""max_seen_before"": 623, ""violation"": false}]}"
20260919T062932Z_97617a69,624,recovery,1789799391.1132095,1789799391.123244,9.905,0,9.905,pass,,read_secondary,"{""background_write_acknowledged"": true, ""reads"": [{""version"": 624, ""max_seen_before"": 623, ""violation"": false}, {""version"": 624, ""max_seen_before"": 624, ""violation"": false}]}"
20260919T062932Z_97617a69,625,recovery,1789799391.123244,1789799391.1328454,9.76,0,9.76,pass,,read_secondary,"{""background_write_acknowledged"": true, ""reads"": [{""version"": 625, ""max_seen_before"": 624, ""violation"": false}, {""version"": 625, ""max_seen_before"": 625, ""violation"": false}]}"
20260919T062932Z_97617a69,626,recovery,1789799391.1334314,1789799391.1425443,9.671,0,9.671,pass,,read_secondary,"{""background_write_acknowledged"": true, ""reads"": [{""version"": 626, ""max_seen_before"": 625, ""violation"": false}, {""version"": 626, ""max_seen_before"": 626, ""violation"": false}]}"
20260919T062932Z_97617a69,627,recovery,1789799391.1431978,1789799391.152739,9.684,0,9.684,pass,,read_secondary,"{""background_write_acknowledged"": true, ""reads"": [{""version"": 627, ""max_seen_before"": 626, ""violation"": false}, {""version"": 627, ""max_seen_before"": 627, ""violation"": false}]}"
20260919T062932Z_97617a69,628,recovery,1789799391.152739,1789799391.161851,8.996,0,8.996,pass,,read_secondary,"{""background_write_acknowledged"": true, ""reads"": [{""version"": 628, ""max_seen_before"": 627, ""violation"": false}, {""version"": 628, ""max_seen_before"": 628, ""violation"": false}]}"
20260919T062932Z_97617a69,629,recovery,1789799391.161851,1789799391.170866,9.215,0,9.215,pass,,read_secondary,"{""background_write_acknowledged"": true, ""reads"": [{""version"": 629, ""max_seen_before"": 628, ""violation"": false}, {""version"": 629, ""max_seen_before"": 629, ""violation"": false}]}"
20260919T062932Z_97617a69,630,recovery,1789799391.1714249,1789799391.18016,8.68,0,8.68,pass,,read_secondary,"{""background_write_acknowledged"": true, ""reads"": [{""version"": 630, ""max_seen_before"": 629, ""violation"": false}, {""version"": 630, ""max_seen_before"": 630, ""violation"": false}]}"
20260919T062932Z_97617a69,631,recovery,1789799391.18016,1789799391.1883554,8.601,0,8.601,pass,,read_secondary,"{""background_write_acknowledged"": true, ""reads"": [{""version"": 631, ""max_seen_before"": 630, ""violation"": false}, {""version"": 631, ""max_seen_before"": 631, ""violation"": false}]}"
20260919T062932Z_97617a69,632,recovery,1789799391.188953,1789799391.1984272,9.547,0,9.547,pass,,read_secondary,"{""background_write_acknowledged"": true, ""reads"": [{""version"": 632, ""max_seen_before"": 631, ""violation"": false}, {""version"": 632, ""max_seen_before"": 632, ""violation"": false}]}"
20260919T062932Z_97617a69,633,recovery,1789799391.1984272,1789799391.2076397,9.54,0,9.54,pass,,read_secondary,"{""background_write_acknowledged"": true, ""reads"": [{""version"": 633, ""max_seen_before"": 632, ""violation"": false}, {""version"": 633, ""max_seen_before"": 633, ""violation"": false}]}"
20260919T062932Z_97617a69,634,recovery,1789799391.2082217,1789799391.2180114,10.331,0,10.331,pass,,read_secondary,"{""background_write_acknowledged"": true, ""reads"": [{""version"": 634, ""max_seen_before"": 633, ""violation"": false}, {""version"": 634, ""max_seen_before"": 634, ""violation"": false}]}"
20260919T062932Z_97617a69,635,recovery,1789799391.218637,1789799391.2288504,10.552,0,10.552,pass,,read_secondary,"{""background_write_acknowledged"": true, ""reads"": [{""version"": 635, ""max_seen_before"": 634, ""violation"": false}, {""version"": 635, ""max_seen_before"": 635, ""violation"": false}]}"
20260919T062932Z_97617a69,636,recovery,1789799391.2288504,1789799391.2401378,11.003,0,11.003,pass,,read_secondary,"{""background_write_acknowledged"": true, ""reads"": [{""version"": 636, ""max_seen_before"": 635, ""violation"": false}, {""version"": 636, ""max_seen_before"": 636, ""violation"": false}]}"
20260919T062932Z_97617a69,637,recovery,1789799391.2401378,1789799391.2508864,10.68,0,10.68,pass,,read_secondary,"{""background_write_acknowledged"": true, ""reads"": [{""version"": 637, ""max_seen_before"": 636, ""violation"": false}, {""version"": 637, ""max_seen_before"": 637, ""violation"": false}]}"
20260919T062932Z_97617a69,638,recovery,1789799391.2508864,1789799391.2626395,11.731,0,11.731,pass,,read_secondary,"{""background_write_acknowledged"": true, ""reads"": [{""version"": 638, ""max_seen_before"": 637, ""violation"": false}, {""version"": 638, ""max_seen_before"": 638, ""violation"": false}]}"
20260919T062932Z_97617a69,639,recovery,1789799391.2626395,1789799391.273278,10.435,0,10.435,pass,,read_secondary,"{""background_write_acknowledged"": true, ""reads"": [{""version"": 639, ""max_seen_before"": 638, ""violation"": false}, {""version"": 639, ""max_seen_before"": 639, ""violation"": false}]}"
20260919T062932Z_97617a69,640,recovery,1789799391.273278,1789799391.283335,9.911,0,9.911,pass,,read_secondary,"{""background_write_acknowledged"": true, ""reads"": [{""version"": 640, ""max_seen_before"": 639, ""violation"": false}, {""version"": 640, ""max_seen_before"": 640, ""violation"": false}]}"
20260919T062932Z_97617a69,641,recovery,1789799391.283335,1789799391.2947676,11.206,0,11.206,pass,,read_secondary,"{""background_write_acknowledged"": true, ""reads"": [{""version"": 641, ""max_seen_before"": 640, ""violation"": false}, {""version"": 641, ""max_seen_before"": 641, ""violation"": false}]}"
20260919T062932Z_97617a69,642,recovery,1789799391.2947676,1789799391.305215,10.491,0,10.491,pass,,read_secondary,"{""background_write_acknowledged"": true, ""reads"": [{""version"": 642, ""max_seen_before"": 641, ""violation"": false}, {""version"": 642, ""max_seen_before"": 642, ""violation"": false}]}"
20260919T062932Z_97617a69,643,recovery,1789799391.305215,1789799391.3139772,8.89,0,8.89,pass,,read_secondary,"{""background_write_acknowledged"": true, ""reads"": [{""version"": 643, ""max_seen_before"": 642, ""violation"": false}, {""version"": 643, ""max_seen_before"": 643, ""violation"": false}]}"
20260919T062932Z_97617a69,644,recovery,1789799391.3146768,1789799391.3261812,11.593,0,11.593,pass,,read_secondary,"{""background_write_acknowledged"": true, ""reads"": [{""version"": 644, ""max_seen_before"": 643, ""violation"": false}, {""version"": 644, ""max_seen_before"": 644, ""violation"": false}]}"
20260919T062932Z_97617a69,645,recovery,1789799391.3261812,1789799391.3364236,10.497,0,10.497,pass,,read_secondary,"{""background_write_acknowledged"": true, ""reads"": [{""version"": 645, ""max_seen_before"": 644, ""violation"": false}, {""version"": 645, ""max_seen_before"": 645, ""violation"": false}]}"
20260919T062932Z_97617a69,646,recovery,1789799391.3364236,1789799391.3465927,9.56,0,9.56,pass,,read_secondary,"{""background_write_acknowledged"": true, ""reads"": [{""version"": 646, ""max_seen_before"": 645, ""violation"": false}, {""version"": 646, ""max_seen_before"": 646, ""violation"": false}]}"
20260919T062932Z_97617a69,647,recovery,1789799391.3465927,1789799391.3568747,10.599,0,10.599,pass,,read_secondary,"{""background_write_acknowledged"": true, ""reads"": [{""version"": 647, ""max_seen_before"": 646, ""violation"": false}, {""version"": 647, ""max_seen_before"": 647, ""violation"": false}]}"
20260919T062932Z_97617a69,648,recovery,1789799391.3574264,1789799391.3677459,10.366,0,10.366,pass,,read_secondary,"{""background_write_acknowledged"": true, ""reads"": [{""version"": 648, ""max_seen_before"": 647, ""violation"": false}, {""version"": 648, ""max_seen_before"": 648, ""violation"": false}]}"
20260919T062932Z_97617a69,649,recovery,1789799391.3677459,1789799391.3781667,10.365,0,10.365,pass,,read_secondary,"{""background_write_acknowledged"": true, ""reads"": [{""version"": 649, ""max_seen_before"": 648, ""violation"": false}, {""version"": 649, ""max_seen_before"": 649, ""violation"": false}]}"
20260919T062932Z_97617a69,650,recovery,1789799391.3781667,1789799391.3893127,11.179,0,11.179,pass,,read_secondary,"{""background_write_acknowledged"": true, ""reads"": [{""version"": 650, ""max_seen_before"": 649, ""violation"": false}, {""version"": 650, ""max_seen_before"": 650, ""violation"": false}]}"
20260919T062932Z_97617a69,651,recovery,1789799391.3893127,1789799391.3996053,10.024,0,10.024,pass,,read_secondary,"{""background_write_acknowledged"": true, ""reads"": [{""version"": 651, ""max_seen_before"": 650, ""violation"": false}, {""version"": 651, ""max_seen_before"": 651, ""violation"": false}]}"
20260919T062932Z_97617a69,652,recovery,1789799391.3996053,1789799391.4088778,9.146,0,9.146,pass,,read_secondary,"{""background_write_acknowledged"": true, ""reads"": [{""version"": 652, ""max_seen_before"": 651, ""violation"": false}, {""version"": 652, ""max_seen_before"": 652, ""violation"": false}]}"
20260919T062932Z_97617a69,653,recovery,1789799391.4088778,1789799391.4178264,9.207,0,9.207,pass,,read_secondary,"{""background_write_acknowledged"": true, ""reads"": [{""version"": 653, ""max_seen_before"": 652, ""violation"": false}, {""version"": 653, ""max_seen_before"": 653, ""violation"": false}]}"
20260919T062932Z_97617a69,654,recovery,1789799391.4178264,1789799391.427928,9.696,0,9.696,pass,,read_secondary,"{""background_write_acknowledged"": true, ""reads"": [{""version"": 654, ""max_seen_before"": 653, ""violation"": false}, {""version"": 654, ""max_seen_before"": 654, ""violation"": false}]}"
20260919T062932Z_97617a69,655,recovery,1789799391.427928,1789799391.4368377,8.762,0,8.762,pass,,read_secondary,"{""background_write_acknowledged"": true, ""reads"": [{""version"": 655, ""max_seen_before"": 654, ""violation"": false}, {""version"": 655, ""max_seen_before"": 655, ""violation"": false}]}"
20260919T062932Z_97617a69,656,recovery,1789799391.4368377,1789799391.446301,9.537,0,9.537,pass,,read_secondary,"{""background_write_acknowledged"": true, ""reads"": [{""version"": 656, ""max_seen_before"": 655, ""violation"": false}, {""version"": 656, ""max_seen_before"": 656, ""violation"": false}]}"
20260919T062932Z_97617a69,657,recovery,1789799391.446301,1789799391.455042,8.512,0,8.512,pass,,read_secondary,"{""background_write_acknowledged"": true, ""reads"": [{""version"": 657, ""max_seen_before"": 656, ""violation"": false}, {""version"": 657, ""max_seen_before"": 657, ""violation"": false}]}"
20260919T062932Z_97617a69,658,recovery,1789799391.455042,1789799391.4651146,9.878,0,9.878,pass,,read_secondary,"{""background_write_acknowledged"": true, ""reads"": [{""version"": 658, ""max_seen_before"": 657, ""violation"": false}, {""version"": 658, ""max_seen_before"": 658, ""violation"": false}]}"
20260919T062932Z_97617a69,659,recovery,1789799391.4651146,1789799391.4747167,9.618,0,9.618,pass,,read_secondary,"{""background_write_acknowledged"": true, ""reads"": [{""version"": 659, ""max_seen_before"": 658, ""violation"": false}, {""version"": 659, ""max_seen_before"": 659, ""violation"": false}]}"
20260919T062932Z_97617a69,660,recovery,1789799391.4747167,1789799391.4837933,8.952,0,8.952,pass,,read_secondary,"{""background_write_acknowledged"": true, ""reads"": [{""version"": 660, ""max_seen_before"": 659, ""violation"": false}, {""version"": 660, ""max_seen_before"": 660, ""violation"": false}]}"
20260919T062932Z_97617a69,661,recovery,1789799391.4837933,1789799391.4932957,9.382,0,9.382,pass,,read_secondary,"{""background_write_acknowledged"": true, ""reads"": [{""version"": 661, ""max_seen_before"": 660, ""violation"": false}, {""version"": 661, ""max_seen_before"": 661, ""violation"": false}]}"
20260919T062932Z_97617a69,662,recovery,1789799391.4932957,1789799391.5030472,9.504,0,9.504,pass,,read_secondary,"{""background_write_acknowledged"": true, ""reads"": [{""version"": 662, ""max_seen_before"": 661, ""violation"": false}, {""version"": 662, ""max_seen_before"": 662, ""violation"": false}]}"
20260919T062932Z_97617a69,663,recovery,1789799391.5030472,1789799391.5117338,9.09,0,9.09,pass,,read_secondary,"{""background_write_acknowledged"": true, ""reads"": [{""version"": 663, ""max_seen_before"": 662, ""violation"": false}, {""version"": 663, ""max_seen_before"": 663, ""violation"": false}]}"
20260919T062932Z_97617a69,664,recovery,1789799391.5123992,1789799391.5233948,11.024,0,11.024,pass,,read_secondary,"{""background_write_acknowledged"": true, ""reads"": [{""version"": 664, ""max_seen_before"": 663, ""violation"": false}, {""version"": 664, ""max_seen_before"": 664, ""violation"": false}]}"
20260919T062932Z_97617a69,665,recovery,1789799391.5233948,1789799391.53512,11.905,0,11.905,pass,,read_secondary,"{""background_write_acknowledged"": true, ""reads"": [{""version"": 665, ""max_seen_before"": 664, ""violation"": false}, {""version"": 665, ""max_seen_before"": 665, ""violation"": false}]}"
20260919T062932Z_97617a69,666,recovery,1789799391.53512,1789799391.546762,11.313,0,11.313,pass,,read_secondary,"{""background_write_acknowledged"": true, ""reads"": [{""version"": 666, ""max_seen_before"": 665, ""violation"": false}, {""version"": 666, ""max_seen_before"": 666, ""violation"": false}]}"
20260919T062932Z_97617a69,667,recovery,1789799391.546762,1789799391.5565045,9.963,0,9.963,pass,,read_secondary,"{""background_write_acknowledged"": true, ""reads"": [{""version"": 667, ""max_seen_before"": 666, ""violation"": false}, {""version"": 667, ""max_seen_before"": 667, ""violation"": false}]}"
20260919T062932Z_97617a69,668,recovery,1789799391.5570564,1789799391.5681245,11.055,0,11.055,pass,,read_secondary,"{""background_write_acknowledged"": true, ""reads"": [{""version"": 668, ""max_seen_before"": 667, ""violation"": false}, {""version"": 668, ""max_seen_before"": 668, ""violation"": false}]}"
20260919T062932Z_97617a69,669,recovery,1789799391.5681245,1789799391.57817,10.043,0,10.043,pass,,read_secondary,"{""background_write_acknowledged"": true, ""reads"": [{""version"": 669, ""max_seen_before"": 668, ""violation"": false}, {""version"": 669, ""max_seen_before"": 669, ""violation"": false}]}"
20260919T062932Z_97617a69,670,recovery,1789799391.57817,1789799391.588357,10.089,0,10.089,pass,,read_secondary,"{""background_write_acknowledged"": true, ""reads"": [{""version"": 670, ""max_seen_before"": 669, ""violation"": false}, {""version"": 670, ""max_seen_before"": 670, ""violation"": false}]}"
20260919T062932Z_97617a69,671,recovery,1789799391.588357,1789799391.5986528,10.196,0,10.196,pass,,read_secondary,"{""background_write_acknowledged"": true, ""reads"": [{""version"": 671, ""max_seen_before"": 670, ""violation"": false}, {""version"": 671, ""max_seen_before"": 671, ""violation"": false}]}"
20260919T062932Z_97617a69,672,recovery,1789799391.5986528,1789799391.6084452,9.55,0,9.55,pass,,read_secondary,"{""background_write_acknowledged"": true, ""reads"": [{""version"": 672, ""max_seen_before"": 671, ""violation"": false}, {""version"": 672, ""max_seen_before"": 672, ""violation"": false}]}"
20260919T062932Z_97617a69,673,recovery,1789799391.6084452,1789799391.617842,9.248,0,9.248,pass,,read_secondary,"{""background_write_acknowledged"": true, ""reads"": [{""version"": 673, ""max_seen_before"": 672, ""violation"": false}, {""version"": 673, ""max_seen_before"": 673, ""violation"": false}]}"
20260919T062932Z_97617a69,674,recovery,1789799391.617842,1789799391.6272237,9.267,0,9.267,pass,,read_secondary,"{""background_write_acknowledged"": true, ""reads"": [{""version"": 674, ""max_seen_before"": 673, ""violation"": false}, {""version"": 674, ""max_seen_before"": 674, ""violation"": false}]}"
20260919T062932Z_97617a69,675,recovery,1789799391.6272237,1789799391.6363134,9.193,0,9.193,pass,,read_secondary,"{""background_write_acknowledged"": true, ""reads"": [{""version"": 675, ""max_seen_before"": 674, ""violation"": false}, {""version"": 675, ""max_seen_before"": 675, ""violation"": false}]}"
20260919T062932Z_97617a69,676,recovery,1789799391.6363134,1789799391.6469212,10.324,0,10.324,pass,,read_secondary,"{""background_write_acknowledged"": true, ""reads"": [{""version"": 676, ""max_seen_before"": 675, ""violation"": false}, {""version"": 676, ""max_seen_before"": 676, ""violation"": false}]}"
20260919T062932Z_97617a69,677,recovery,1789799391.6469212,1789799391.6563106,9.686,0,9.686,pass,,read_secondary,"{""background_write_acknowledged"": true, ""reads"": [{""version"": 677, ""max_seen_before"": 676, ""violation"": false}, {""version"": 677, ""max_seen_before"": 677, ""violation"": false}]}"
20260919T062932Z_97617a69,678,recovery,1789799391.6563106,1789799391.6662846,9.562,0,9.562,pass,,read_secondary,"{""background_write_acknowledged"": true, ""reads"": [{""version"": 678, ""max_seen_before"": 677, ""violation"": false}, {""version"": 678, ""max_seen_before"": 678, ""violation"": false}]}"
20260919T062932Z_97617a69,679,recovery,1789799391.6662846,1789799391.675914,9.917,0,9.917,pass,,read_secondary,"{""background_write_acknowledged"": true, ""reads"": [{""version"": 679, ""max_seen_before"": 678, ""violation"": false}, {""version"": 679, ""max_seen_before"": 679, ""violation"": false}]}"
20260919T062932Z_97617a69,680,recovery,1789799391.675914,1789799391.6859891,9.552,0,9.552,pass,,read_secondary,"{""background_write_acknowledged"": true, ""reads"": [{""version"": 680, ""max_seen_before"": 679, ""violation"": false}, {""version"": 680, ""max_seen_before"": 680, ""violation"": false}]}"
20260919T062932Z_97617a69,681,recovery,1789799391.6859891,1789799391.6945496,8.7,0,8.7,pass,,read_secondary,"{""background_write_acknowledged"": true, ""reads"": [{""version"": 681, ""max_seen_before"": 680, ""violation"": false}, {""version"": 681, ""max_seen_before"": 681, ""violation"": false}]}"
20260919T062932Z_97617a69,682,recovery,1789799391.6945496,1789799391.704209,9.485,0,9.485,pass,,read_secondary,"{""background_write_acknowledged"": true, ""reads"": [{""version"": 682, ""max_seen_before"": 681, ""violation"": false}, {""version"": 682, ""max_seen_before"": 682, ""violation"": false}]}"
20260919T062932Z_97617a69,683,recovery,1789799391.704209,1789799391.7137008,9.227,0,9.227,pass,,read_secondary,"{""background_write_acknowledged"": true, ""reads"": [{""version"": 683, ""max_seen_before"": 682, ""violation"": false}, {""version"": 683, ""max_seen_before"": 683, ""violation"": false}]}"
20260919T062932Z_97617a69,684,recovery,1789799391.7137008,1789799391.7223597,8.489,0,8.489,pass,,read_secondary,"{""background_write_acknowledged"": true, ""reads"": [{""version"": 684, ""max_seen_before"": 683, ""violation"": false}, {""version"": 684, ""max_seen_before"": 684, ""violation"": false}]}"
20260919T062932Z_97617a69,685,recovery,1789799391.7223597,1789799391.7315724,9.452,0,9.452,pass,,read_secondary,"{""background_write_acknowledged"": true, ""reads"": [{""version"": 685, ""max_seen_before"": 684, ""violation"": false}, {""version"": 685, ""max_seen_before"": 685, ""violation"": false}]}"
20260919T062932Z_97617a69,686,recovery,1789799391.7315724,1789799391.7403078,8.557,0,8.557,pass,,read_secondary,"{""background_write_acknowledged"": true, ""reads"": [{""version"": 686, ""max_seen_before"": 685, ""violation"": false}, {""version"": 686, ""max_seen_before"": 686, ""violation"": false}]}"
20260919T062932Z_97617a69,687,recovery,1789799391.7403078,1789799391.7500246,9.534,0,9.534,pass,,read_secondary,"{""background_write_acknowledged"": true, ""reads"": [{""version"": 687, ""max_seen_before"": 686, ""violation"": false}, {""version"": 687, ""max_seen_before"": 687, ""violation"": false}]}"
20260919T062932Z_97617a69,688,recovery,1789799391.7500246,1789799391.7603152,10.212,0,10.212,pass,,read_secondary,"{""background_write_acknowledged"": true, ""reads"": [{""version"": 688, ""max_seen_before"": 687, ""violation"": false}, {""version"": 688, ""max_seen_before"": 688, ""violation"": false}]}"
20260919T062932Z_97617a69,689,recovery,1789799391.7603152,1789799391.770363,10.183,0,10.183,pass,,read_secondary,"{""background_write_acknowledged"": true, ""reads"": [{""version"": 689, ""max_seen_before"": 688, ""violation"": false}, {""version"": 689, ""max_seen_before"": 689, ""violation"": false}]}"
20260919T062932Z_97617a69,690,recovery,1789799391.7709482,1789799391.780326,9.849,0,9.849,pass,,read_secondary,"{""background_write_acknowledged"": true, ""reads"": [{""version"": 690, ""max_seen_before"": 689, ""violation"": false}, {""version"": 690, ""max_seen_before"": 690, ""violation"": false}]}"
20260919T062932Z_97617a69,691,recovery,1789799391.780326,1789799391.7911723,10.487,0,10.487,pass,,read_secondary,"{""background_write_acknowledged"": true, ""reads"": [{""version"": 691, ""max_seen_before"": 690, ""violation"": false}, {""version"": 691, ""max_seen_before"": 691, ""violation"": false}]}"
20260919T062932Z_97617a69,692,recovery,1789799391.7911723,1789799391.801982,10.758,0,10.758,pass,,read_secondary,"{""background_write_acknowledged"": true, ""reads"": [{""version"": 692, ""max_seen_before"": 691, ""violation"": false}, {""version"": 692, ""max_seen_before"": 692, ""violation"": false}]}"
20260919T062932Z_97617a69,693,recovery,1789799391.801982,1789799391.814027,12.245,0,12.245,pass,,read_secondary,"{""background_write_acknowledged"": true, ""reads"": [{""version"": 693, ""max_seen_before"": 692, ""violation"": false}, {""version"": 693, ""max_seen_before"": 693, ""violation"": false}]}"
20260919T062932Z_97617a69,694,recovery,1789799391.814742,1789799391.827021,12.51,0,12.51,pass,,read_secondary,"{""background_write_acknowledged"": true, ""reads"": [{""version"": 694, ""max_seen_before"": 693, ""violation"": false}, {""version"": 694, ""max_seen_before"": 694, ""violation"": false}]}"
20260919T062932Z_97617a69,695,recovery,1789799391.827021,1789799391.8382034,11.132,0,11.132,pass,,read_secondary,"{""background_write_acknowledged"": true, ""reads"": [{""version"": 695, ""max_seen_before"": 694, ""violation"": false}, {""version"": 695, ""max_seen_before"": 695, ""violation"": false}]}"
20260919T062932Z_97617a69,696,recovery,1789799391.8382034,1789799391.8502388,12.017,0,12.017,pass,,read_secondary,"{""background_write_acknowledged"": true, ""reads"": [{""version"": 696, ""max_seen_before"": 695, ""violation"": false}, {""version"": 696, ""max_seen_before"": 696, ""violation"": false}]}"
20260919T062932Z_97617a69,697,recovery,1789799391.8502388,1789799391.860369,9.996,0,9.996,pass,,read_secondary,"{""background_write_acknowledged"": true, ""reads"": [{""version"": 697, ""max_seen_before"": 696, ""violation"": false}, {""version"": 697, ""max_seen_before"": 697, ""violation"": false}]}"
20260919T062932Z_97617a69,698,recovery,1789799391.860978,1789799391.8711174,10.651,0,10.651,pass,,read_secondary,"{""background_write_acknowledged"": true, ""reads"": [{""version"": 698, ""max_seen_before"": 697, ""violation"": false}, {""version"": 698, ""max_seen_before"": 698, ""violation"": false}]}"
20260919T062932Z_97617a69,699,recovery,1789799391.8717642,1789799391.8818102,10.049,0,10.049,pass,,read_secondary,"{""background_write_acknowledged"": true, ""reads"": [{""version"": 699, ""max_seen_before"": 698, ""violation"": false}, {""version"": 699, ""max_seen_before"": 699, ""violation"": false}]}"
20260919T062932Z_97617a69,700,recovery,1789799391.8818102,1789799391.8929667,11.513,0,11.513,pass,,read_secondary,"{""background_write_acknowledged"": true, ""reads"": [{""version"": 700, ""max_seen_before"": 699, ""violation"": false}, {""version"": 700, ""max_seen_before"": 700, ""violation"": false}]}"
20260919T062932Z_97617a69,701,recovery,1789799391.8991356,1789799391.912192,12.393,0,12.393,pass,,read_secondary,"{""background_write_acknowledged"": true, ""reads"": [{""version"": 701, ""max_seen_before"": 700, ""violation"": false}, {""version"": 701, ""max_seen_before"": 701, ""violation"": false}]}"
20260919T062932Z_97617a69,702,recovery,1789799391.912192,1789799391.923275,11.32,0,11.32,pass,,read_secondary,"{""background_write_acknowledged"": true, ""reads"": [{""version"": 702, ""max_seen_before"": 701, ""violation"": false}, {""version"": 702, ""max_seen_before"": 702, ""violation"": false}]}"
20260919T062932Z_97617a69,703,recovery,1789799391.923275,1789799391.9349377,12.883,0,12.883,pass,,read_secondary,"{""background_write_acknowledged"": true, ""reads"": [{""version"": 703, ""max_seen_before"": 702, ""violation"": false}, {""version"": 703, ""max_seen_before"": 703, ""violation"": false}]}"
20260919T062932Z_97617a69,704,recovery,1789799391.9349377,1789799391.9477122,11.562,0,11.562,pass,,read_secondary,"{""background_write_acknowledged"": true, ""reads"": [{""version"": 704, ""max_seen_before"": 703, ""violation"": false}, {""version"": 704, ""max_seen_before"": 704, ""violation"": false}]}"
20260919T062932Z_97617a69,705,recovery,1789799391.9483812,1789799391.9599779,11.949,0,11.949,pass,,read_secondary,"{""background_write_acknowledged"": true, ""reads"": [{""version"": 705, ""max_seen_before"": 704, ""violation"": false}, {""version"": 705, ""max_seen_before"": 705, ""violation"": false}]}"
20260919T062932Z_97617a69,706,recovery,1789799391.9599779,1789799391.970532,10.071,0,10.071,pass,,read_secondary,"{""background_write_acknowledged"": true, ""reads"": [{""version"": 706, ""max_seen_before"": 705, ""violation"": false}, {""version"": 706, ""max_seen_before"": 706, ""violation"": false}]}"
20260919T062932Z_97617a69,707,recovery,1789799391.970532,1789799391.9824677,11.898,0,11.898,pass,,read_secondary,"{""background_write_acknowledged"": true, ""reads"": [{""version"": 707, ""max_seen_before"": 706, ""violation"": false}, {""version"": 707, ""max_seen_before"": 707, ""violation"": false}]}"
20260919T062932Z_97617a69,708,recovery,1789799391.9824677,1789799391.9931977,10.839,0,10.839,pass,,read_secondary,"{""background_write_acknowledged"": true, ""reads"": [{""version"": 708, ""max_seen_before"": 707, ""violation"": false}, {""version"": 708, ""max_seen_before"": 708, ""violation"": false}]}"
20260919T062932Z_97617a69,709,recovery,1789799391.9931977,1789799392.002319,9.166,0,9.166,pass,,read_secondary,"{""background_write_acknowledged"": true, ""reads"": [{""version"": 709, ""max_seen_before"": 708, ""violation"": false}, {""version"": 709, ""max_seen_before"": 709, ""violation"": false}]}"
20260919T062932Z_97617a69,710,recovery,1789799392.002319,1789799392.013068,10.792,0,10.792,pass,,read_secondary,"{""background_write_acknowledged"": true, ""reads"": [{""version"": 710, ""max_seen_before"": 709, ""violation"": false}, {""version"": 710, ""max_seen_before"": 710, ""violation"": false}]}"
20260919T062932Z_97617a69,711,recovery,1789799392.0137477,1789799392.0239213,10.295,0,10.295,pass,,read_secondary,"{""background_write_acknowledged"": true, ""reads"": [{""version"": 711, ""max_seen_before"": 710, ""violation"": false}, {""version"": 711, ""max_seen_before"": 711, ""violation"": false}]}"
20260919T062932Z_97617a69,712,recovery,1789799392.0239213,1789799392.0347285,10.67,0,10.67,pass,,read_secondary,"{""background_write_acknowledged"": true, ""reads"": [{""version"": 712, ""max_seen_before"": 711, ""violation"": false}, {""version"": 712, ""max_seen_before"": 712, ""violation"": false}]}"
20260919T062932Z_97617a69,713,recovery,1789799392.0347285,1789799392.0468755,12.267,0,12.267,pass,,read_secondary,"{""background_write_acknowledged"": true, ""reads"": [{""version"": 713, ""max_seen_before"": 712, ""violation"": false}, {""version"": 713, ""max_seen_before"": 713, ""violation"": false}]}"
20260919T062932Z_97617a69,714,recovery,1789799392.0468755,1789799392.0587683,11.865,0,11.865,pass,,read_secondary,"{""background_write_acknowledged"": true, ""reads"": [{""version"": 714, ""max_seen_before"": 713, ""violation"": false}, {""version"": 714, ""max_seen_before"": 714, ""violation"": false}]}"
20260919T062932Z_97617a69,715,recovery,1789799392.0587683,1789799392.0693095,10.301,0,10.301,pass,,read_secondary,"{""background_write_acknowledged"": true, ""reads"": [{""version"": 715, ""max_seen_before"": 714, ""violation"": false}, {""version"": 715, ""max_seen_before"": 715, ""violation"": false}]}"
20260919T062932Z_97617a69,716,recovery,1789799392.0693095,1789799392.0802302,10.698,0,10.698,pass,,read_secondary,"{""background_write_acknowledged"": true, ""reads"": [{""version"": 716, ""max_seen_before"": 715, ""violation"": false}, {""version"": 716, ""max_seen_before"": 716, ""violation"": false}]}"
20260919T062932Z_97617a69,717,recovery,1789799392.0802302,1789799392.0911222,10.61,0,10.61,pass,,read_secondary,"{""background_write_acknowledged"": true, ""reads"": [{""version"": 717, ""max_seen_before"": 716, ""violation"": false}, {""version"": 717, ""max_seen_before"": 717, ""violation"": false}]}"
20260919T062932Z_97617a69,718,recovery,1789799392.0911222,1789799392.1019084,10.82,0,10.82,pass,,read_secondary,"{""background_write_acknowledged"": true, ""reads"": [{""version"": 718, ""max_seen_before"": 717, ""violation"": false}, {""version"": 718, ""max_seen_before"": 718, ""violation"": false}]}"
20260919T062932Z_97617a69,719,recovery,1789799392.1019084,1789799392.1123362,10.237,0,10.237,pass,,read_secondary,"{""background_write_acknowledged"": true, ""reads"": [{""version"": 719, ""max_seen_before"": 718, ""violation"": false}, {""version"": 719, ""max_seen_before"": 719, ""violation"": false}]}"
20260919T062932Z_97617a69,720,recovery,1789799392.1123362,1789799392.123456,10.909,0,10.909,pass,,read_secondary,"{""background_write_acknowledged"": true, ""reads"": [{""version"": 720, ""max_seen_before"": 719, ""violation"": false}, {""version"": 720, ""max_seen_before"": 720, ""violation"": false}]}"
20260919T062932Z_97617a69,721,recovery,1789799392.123456,1789799392.1349397,11.299,0,11.299,pass,,read_secondary,"{""background_write_acknowledged"": true, ""reads"": [{""version"": 721, ""max_seen_before"": 720, ""violation"": false}, {""version"": 721, ""max_seen_before"": 721, ""violation"": false}]}"
20260919T062932Z_97617a69,722,recovery,1789799392.1349397,1789799392.1454751,10.772,0,10.772,pass,,read_secondary,"{""background_write_acknowledged"": true, ""reads"": [{""version"": 722, ""max_seen_before"": 721, ""violation"": false}, {""version"": 722, ""max_seen_before"": 722, ""violation"": false}]}"
20260919T062932Z_97617a69,723,recovery,1789799392.1454751,1789799392.156166,10.494,0,10.494,pass,,read_secondary,"{""background_write_acknowledged"": true, ""reads"": [{""version"": 723, ""max_seen_before"": 722, ""violation"": false}, {""version"": 723, ""max_seen_before"": 723, ""violation"": false}]}"
20260919T062932Z_97617a69,724,recovery,1789799392.156166,1789799392.1679122,11.386,0,11.386,pass,,read_secondary,"{""background_write_acknowledged"": true, ""reads"": [{""version"": 724, ""max_seen_before"": 723, ""violation"": false}, {""version"": 724, ""max_seen_before"": 724, ""violation"": false}]}"
20260919T062932Z_97617a69,725,recovery,1789799392.1679122,1789799392.1779847,10.467,0,10.467,pass,,read_secondary,"{""background_write_acknowledged"": true, ""reads"": [{""version"": 725, ""max_seen_before"": 724, ""violation"": false}, {""version"": 725, ""max_seen_before"": 725, ""violation"": false}]}"
20260919T062932Z_97617a69,726,recovery,1789799392.1785667,1789799392.188276,10.386,0,10.386,pass,,read_secondary,"{""background_write_acknowledged"": true, ""reads"": [{""version"": 726, ""max_seen_before"": 725, ""violation"": false}, {""version"": 726, ""max_seen_before"": 726, ""violation"": false}]}"
20260919T062932Z_97617a69,727,recovery,1789799392.1890519,1789799392.2009907,12.444,0,12.444,pass,,read_secondary,"{""background_write_acknowledged"": true, ""reads"": [{""version"": 727, ""max_seen_before"": 726, ""violation"": false}, {""version"": 727, ""max_seen_before"": 727, ""violation"": false}]}"
20260919T062932Z_97617a69,728,recovery,1789799392.201608,1789799392.2117643,10.534,0,10.534,pass,,read_secondary,"{""background_write_acknowledged"": true, ""reads"": [{""version"": 728, ""max_seen_before"": 727, ""violation"": false}, {""version"": 728, ""max_seen_before"": 728, ""violation"": false}]}"
20260919T062932Z_97617a69,729,recovery,1789799392.2117643,1789799392.2215667,9.772,0,9.772,pass,,read_secondary,"{""background_write_acknowledged"": true, ""reads"": [{""version"": 729, ""max_seen_before"": 728, ""violation"": false}, {""version"": 729, ""max_seen_before"": 729, ""violation"": false}]}"
20260919T062932Z_97617a69,730,recovery,1789799392.222222,1789799392.2319396,10.047,0,10.047,pass,,read_secondary,"{""background_write_acknowledged"": true, ""reads"": [{""version"": 730, ""max_seen_before"": 729, ""violation"": false}, {""version"": 730, ""max_seen_before"": 730, ""violation"": false}]}"
20260919T062932Z_97617a69,731,recovery,1789799392.2319396,1789799392.2430556,10.882,0,10.882,pass,,read_secondary,"{""background_write_acknowledged"": true, ""reads"": [{""version"": 731, ""max_seen_before"": 730, ""violation"": false}, {""version"": 731, ""max_seen_before"": 731, ""violation"": false}]}"
20260919T062932Z_97617a69,732,recovery,1789799392.2430556,1789799392.2538745,10.67,0,10.67,pass,,read_secondary,"{""background_write_acknowledged"": true, ""reads"": [{""version"": 732, ""max_seen_before"": 731, ""violation"": false}, {""version"": 732, ""max_seen_before"": 732, ""violation"": false}]}"
20260919T062932Z_97617a69,733,recovery,1789799392.2538745,1789799392.2624655,8.827,0,8.827,pass,,read_secondary,"{""background_write_acknowledged"": true, ""reads"": [{""version"": 733, ""max_seen_before"": 732, ""violation"": false}, {""version"": 733, ""max_seen_before"": 733, ""violation"": false}]}"
20260919T062932Z_97617a69,734,recovery,1789799392.2630405,1789799392.2739875,11.278,0,11.278,pass,,read_secondary,"{""background_write_acknowledged"": true, ""reads"": [{""version"": 734, ""max_seen_before"": 733, ""violation"": false}, {""version"": 734, ""max_seen_before"": 734, ""violation"": false}]}"
20260919T062932Z_97617a69,735,recovery,1789799392.2739875,1789799392.2852728,11.11,0,11.11,pass,,read_secondary,"{""background_write_acknowledged"": true, ""reads"": [{""version"": 735, ""max_seen_before"": 734, ""violation"": false}, {""version"": 735, ""max_seen_before"": 735, ""violation"": false}]}"
20260919T062932Z_97617a69,736,recovery,1789799392.2852728,1789799392.2961903,10.672,0,10.672,pass,,read_secondary,"{""background_write_acknowledged"": true, ""reads"": [{""version"": 736, ""max_seen_before"": 735, ""violation"": false}, {""version"": 736, ""max_seen_before"": 736, ""violation"": false}]}"
20260919T062932Z_97617a69,737,recovery,1789799392.2961903,1789799392.3061614,9.847,0,9.847,pass,,read_secondary,"{""background_write_acknowledged"": true, ""reads"": [{""version"": 737, ""max_seen_before"": 736, ""violation"": false}, {""version"": 737, ""max_seen_before"": 737, ""violation"": false}]}"
20260919T062932Z_97617a69,738,recovery,1789799392.3061614,1789799392.3152535,9.32,0,9.32,pass,,read_secondary,"{""background_write_acknowledged"": true, ""reads"": [{""version"": 738, ""max_seen_before"": 737, ""violation"": false}, {""version"": 738, ""max_seen_before"": 738, ""violation"": false}]}"
20260919T062932Z_97617a69,739,recovery,1789799392.3158405,1789799392.3256462,9.91,0,9.91,pass,,read_secondary,"{""background_write_acknowledged"": true, ""reads"": [{""version"": 739, ""max_seen_before"": 738, ""violation"": false}, {""version"": 739, ""max_seen_before"": 739, ""violation"": false}]}"
20260919T062932Z_97617a69,740,recovery,1789799392.3256462,1789799392.3355713,10.049,0,10.049,pass,,read_secondary,"{""background_write_acknowledged"": true, ""reads"": [{""version"": 740, ""max_seen_before"": 739, ""violation"": false}, {""version"": 740, ""max_seen_before"": 740, ""violation"": false}]}"
20260919T062932Z_97617a69,741,recovery,1789799392.3355713,1789799392.3455598,9.73,0,9.73,pass,,read_secondary,"{""background_write_acknowledged"": true, ""reads"": [{""version"": 741, ""max_seen_before"": 740, ""violation"": false}, {""version"": 741, ""max_seen_before"": 741, ""violation"": false}]}"
20260919T062932Z_97617a69,742,recovery,1789799392.3455598,1789799392.3550103,9.669,0,9.669,pass,,read_secondary,"{""background_write_acknowledged"": true, ""reads"": [{""version"": 742, ""max_seen_before"": 741, ""violation"": false}, {""version"": 742, ""max_seen_before"": 742, ""violation"": false}]}"
20260919T062932Z_97617a69,743,recovery,1789799392.355623,1789799392.3650417,9.406,0,9.406,pass,,read_secondary,"{""background_write_acknowledged"": true, ""reads"": [{""version"": 743, ""max_seen_before"": 742, ""violation"": false}, {""version"": 743, ""max_seen_before"": 743, ""violation"": false}]}"
20260919T062932Z_97617a69,744,recovery,1789799392.3650417,1789799392.3743694,9.194,0,9.194,pass,,read_secondary,"{""background_write_acknowledged"": true, ""reads"": [{""version"": 744, ""max_seen_before"": 743, ""violation"": false}, {""version"": 744, ""max_seen_before"": 744, ""violation"": false}]}"
20260919T062932Z_97617a69,745,recovery,1789799392.3743694,1789799392.3845332,10.164,0,10.164,pass,,read_secondary,"{""background_write_acknowledged"": true, ""reads"": [{""version"": 745, ""max_seen_before"": 744, ""violation"": false}, {""version"": 745, ""max_seen_before"": 745, ""violation"": false}]}"
20260919T062932Z_97617a69,746,recovery,1789799392.3845332,1789799392.3950267,10.795,0,10.795,pass,,read_secondary,"{""background_write_acknowledged"": true, ""reads"": [{""version"": 746, ""max_seen_before"": 745, ""violation"": false}, {""version"": 746, ""max_seen_before"": 746, ""violation"": false}]}"
20260919T062932Z_97617a69,747,recovery,1789799392.3956044,1789799392.406928,11.338,0,11.338,pass,,read_secondary,"{""background_write_acknowledged"": true, ""reads"": [{""version"": 747, ""max_seen_before"": 746, ""violation"": false}, {""version"": 747, ""max_seen_before"": 747, ""violation"": false}]}"
20260919T062932Z_97617a69,748,recovery,1789799392.406928,1789799392.4172897,10.633,0,10.633,pass,,read_secondary,"{""background_write_acknowledged"": true, ""reads"": [{""version"": 748, ""max_seen_before"": 747, ""violation"": false}, {""version"": 748, ""max_seen_before"": 748, ""violation"": false}]}"
20260919T062932Z_97617a69,749,recovery,1789799392.4178684,1789799392.4289844,11.547,0,11.547,pass,,read_secondary,"{""background_write_acknowledged"": true, ""reads"": [{""version"": 749, ""max_seen_before"": 748, ""violation"": false}, {""version"": 749, ""max_seen_before"": 749, ""violation"": false}]}"
20260919T062932Z_97617a69,750,recovery,1789799392.4289844,1789799392.4404852,11.24,0,11.24,pass,,read_secondary,"{""background_write_acknowledged"": true, ""reads"": [{""version"": 750, ""max_seen_before"": 749, ""violation"": false}, {""version"": 750, ""max_seen_before"": 750, ""violation"": false}]}"
20260919T062932Z_97617a69,751,recovery,1789799392.4404852,1789799392.4514673,10.589,0,10.589,pass,,read_secondary,"{""background_write_acknowledged"": true, ""reads"": [{""version"": 751, ""max_seen_before"": 750, ""violation"": false}, {""version"": 751, ""max_seen_before"": 751, ""violation"": false}]}"
20260919T062932Z_97617a69,752,recovery,1789799392.4514673,1789799392.4633152,11.806,0,11.806,pass,,read_secondary,"{""background_write_acknowledged"": true, ""reads"": [{""version"": 752, ""max_seen_before"": 751, ""violation"": false}, {""version"": 752, ""max_seen_before"": 752, ""violation"": false}]}"
20260919T062932Z_97617a69,753,recovery,1789799392.4633152,1789799392.4742277,10.908,0,10.908,pass,,read_secondary,"{""background_write_acknowledged"": true, ""reads"": [{""version"": 753, ""max_seen_before"": 752, ""violation"": false}, {""version"": 753, ""max_seen_before"": 753, ""violation"": false}]}"
20260919T062932Z_97617a69,754,recovery,1789799392.4742277,1789799392.4855938,10.955,0,10.955,pass,,read_secondary,"{""background_write_acknowledged"": true, ""reads"": [{""version"": 754, ""max_seen_before"": 753, ""violation"": false}, {""version"": 754, ""max_seen_before"": 754, ""violation"": false}]}"
20260919T062932Z_97617a69,755,recovery,1789799392.4855938,1789799392.495578,10.061,0,10.061,pass,,read_secondary,"{""background_write_acknowledged"": true, ""reads"": [{""version"": 755, ""max_seen_before"": 754, ""violation"": false}, {""version"": 755, ""max_seen_before"": 755, ""violation"": false}]}"
20260919T062932Z_97617a69,756,recovery,1789799392.495578,1789799392.506643,10.648,0,10.648,pass,,read_secondary,"{""background_write_acknowledged"": true, ""reads"": [{""version"": 756, ""max_seen_before"": 755, ""violation"": false}, {""version"": 756, ""max_seen_before"": 756, ""violation"": false}]}"
20260919T062932Z_97617a69,757,recovery,1789799392.506643,1789799392.5176194,10.825,0,10.825,pass,,read_secondary,"{""background_write_acknowledged"": true, ""reads"": [{""version"": 757, ""max_seen_before"": 756, ""violation"": false}, {""version"": 757, ""max_seen_before"": 757, ""violation"": false}]}"
20260919T062932Z_97617a69,758,recovery,1789799392.5176194,1789799392.5277312,10.291,0,10.291,pass,,read_secondary,"{""background_write_acknowledged"": true, ""reads"": [{""version"": 758, ""max_seen_before"": 757, ""violation"": false}, {""version"": 758, ""max_seen_before"": 758, ""violation"": false}]}"
20260919T062932Z_97617a69,759,recovery,1789799392.5277312,1789799392.5374918,9.548,0,9.548,pass,,read_secondary,"{""background_write_acknowledged"": true, ""reads"": [{""version"": 759, ""max_seen_before"": 758, ""violation"": false}, {""version"": 759, ""max_seen_before"": 759, ""violation"": false}]}"
20260919T062932Z_97617a69,760,recovery,1789799392.5374918,1789799392.547351,10.175,0,10.175,pass,,read_secondary,"{""background_write_acknowledged"": true, ""reads"": [{""version"": 760, ""max_seen_before"": 759, ""violation"": false}, {""version"": 760, ""max_seen_before"": 760, ""violation"": false}]}"
20260919T062932Z_97617a69,761,recovery,1789799392.5480525,1789799392.5584176,10.528,0,10.528,pass,,read_secondary,"{""background_write_acknowledged"": true, ""reads"": [{""version"": 761, ""max_seen_before"": 760, ""violation"": false}, {""version"": 761, ""max_seen_before"": 761, ""violation"": false}]}"
20260919T062932Z_97617a69,762,recovery,1789799392.5584176,1789799392.569744,11.072,0,11.072,pass,,read_secondary,"{""background_write_acknowledged"": true, ""reads"": [{""version"": 762, ""max_seen_before"": 761, ""violation"": false}, {""version"": 762, ""max_seen_before"": 762, ""violation"": false}]}"
20260919T062932Z_97617a69,763,recovery,1789799392.569744,1789799392.5812154,11.334,0,11.334,pass,,read_secondary,"{""background_write_acknowledged"": true, ""reads"": [{""version"": 763, ""max_seen_before"": 762, ""violation"": false}, {""version"": 763, ""max_seen_before"": 763, ""violation"": false}]}"
20260919T062932Z_97617a69,764,recovery,1789799392.5812154,1789799392.5915995,10.428,0,10.428,pass,,read_secondary,"{""background_write_acknowledged"": true, ""reads"": [{""version"": 764, ""max_seen_before"": 763, ""violation"": false}, {""version"": 764, ""max_seen_before"": 764, ""violation"": false}]}"
20260919T062932Z_97617a69,765,recovery,1789799392.5915995,1789799392.600513,8.935,0,8.935,pass,,read_secondary,"{""background_write_acknowledged"": true, ""reads"": [{""version"": 765, ""max_seen_before"": 764, ""violation"": false}, {""version"": 765, ""max_seen_before"": 765, ""violation"": false}]}"
20260919T062932Z_97617a69,766,recovery,1789799392.600513,1789799392.6092494,8.834,0,8.834,pass,,read_secondary,"{""background_write_acknowledged"": true, ""reads"": [{""version"": 766, ""max_seen_before"": 765, ""violation"": false}, {""version"": 766, ""max_seen_before"": 766, ""violation"": false}]}"
20260919T062932Z_97617a69,767,recovery,1789799392.6098685,1789799392.6192627,9.597,0,9.597,pass,,read_secondary,"{""background_write_acknowledged"": true, ""reads"": [{""version"": 767, ""max_seen_before"": 766, ""violation"": false}, {""version"": 767, ""max_seen_before"": 767, ""violation"": false}]}"
20260919T062932Z_97617a69,768,recovery,1789799392.6196034,1789799392.6296966,10.241,0,10.241,pass,,read_secondary,"{""background_write_acknowledged"": true, ""reads"": [{""version"": 768, ""max_seen_before"": 767, ""violation"": false}, {""version"": 768, ""max_seen_before"": 768, ""violation"": false}]}"
20260919T062932Z_97617a69,769,recovery,1789799392.6296966,1789799392.639335,9.489,0,9.489,pass,,read_secondary,"{""background_write_acknowledged"": true, ""reads"": [{""version"": 769, ""max_seen_before"": 768, ""violation"": false}, {""version"": 769, ""max_seen_before"": 769, ""violation"": false}]}"
20260919T062932Z_97617a69,770,recovery,1789799392.639335,1789799392.6484952,9.419,0,9.419,pass,,read_secondary,"{""background_write_acknowledged"": true, ""reads"": [{""version"": 770, ""max_seen_before"": 769, ""violation"": false}, {""version"": 770, ""max_seen_before"": 770, ""violation"": false}]}"
20260919T062932Z_97617a69,771,recovery,1789799392.6491365,1789799392.659537,10.577,0,10.577,pass,,read_secondary,"{""background_write_acknowledged"": true, ""reads"": [{""version"": 771, ""max_seen_before"": 770, ""violation"": false}, {""version"": 771, ""max_seen_before"": 771, ""violation"": false}]}"
20260919T062932Z_97617a69,772,recovery,1789799392.659537,1789799392.6698868,10.058,0,10.058,pass,,read_secondary,"{""background_write_acknowledged"": true, ""reads"": [{""version"": 772, ""max_seen_before"": 771, ""violation"": false}, {""version"": 772, ""max_seen_before"": 772, ""violation"": false}]}"
20260919T062932Z_97617a69,773,recovery,1789799392.6698868,1789799392.6787982,9.249,0,9.249,pass,,read_secondary,"{""background_write_acknowledged"": true, ""reads"": [{""version"": 773, ""max_seen_before"": 772, ""violation"": false}, {""version"": 773, ""max_seen_before"": 773, ""violation"": false}]}"
20260919T062932Z_97617a69,774,recovery,1789799392.6787982,1789799392.6898468,10.796,0,10.796,pass,,read_secondary,"{""background_write_acknowledged"": true, ""reads"": [{""version"": 774, ""max_seen_before"": 773, ""violation"": false}, {""version"": 774, ""max_seen_before"": 774, ""violation"": false}]}"
20260919T062932Z_97617a69,775,recovery,1789799392.6898468,1789799392.7007787,10.674,0,10.674,pass,,read_secondary,"{""background_write_acknowledged"": true, ""reads"": [{""version"": 775, ""max_seen_before"": 774, ""violation"": false}, {""version"": 775, ""max_seen_before"": 775, ""violation"": false}]}"
20260919T062932Z_97617a69,776,recovery,1789799392.7007787,1789799392.7111385,10.281,0,10.281,pass,,read_secondary,"{""background_write_acknowledged"": true, ""reads"": [{""version"": 776, ""max_seen_before"": 775, ""violation"": false}, {""version"": 776, ""max_seen_before"": 776, ""violation"": false}]}"
20260919T062932Z_97617a69,777,recovery,1789799392.7111385,1789799392.7224164,11.079,0,11.079,pass,,read_secondary,"{""background_write_acknowledged"": true, ""reads"": [{""version"": 777, ""max_seen_before"": 776, ""violation"": false}, {""version"": 777, ""max_seen_before"": 777, ""violation"": false}]}"
20260919T062932Z_97617a69,778,recovery,1789799392.7224164,1789799392.7326021,10.454,0,10.454,pass,,read_secondary,"{""background_write_acknowledged"": true, ""reads"": [{""version"": 778, ""max_seen_before"": 777, ""violation"": false}, {""version"": 778, ""max_seen_before"": 778, ""violation"": false}]}"
20260919T062932Z_97617a69,779,recovery,1789799392.7331777,1789799392.7446334,11.567,0,11.567,pass,,read_secondary,"{""background_write_acknowledged"": true, ""reads"": [{""version"": 779, ""max_seen_before"": 778, ""violation"": false}, {""version"": 779, ""max_seen_before"": 779, ""violation"": false}]}"
20260919T062932Z_97617a69,780,recovery,1789799392.7446334,1789799392.7567334,11.88,0,11.88,pass,,read_secondary,"{""background_write_acknowledged"": true, ""reads"": [{""version"": 780, ""max_seen_before"": 779, ""violation"": false}, {""version"": 780, ""max_seen_before"": 780, ""violation"": false}]}"
20260919T062932Z_97617a69,781,recovery,1789799392.7567334,1789799392.7684066,11.687,0,11.687,pass,,read_secondary,"{""background_write_acknowledged"": true, ""reads"": [{""version"": 781, ""max_seen_before"": 780, ""violation"": false}, {""version"": 781, ""max_seen_before"": 781, ""violation"": false}]}"
20260919T062932Z_97617a69,782,recovery,1789799392.7684066,1789799392.7795553,11.266,0,11.266,pass,,read_secondary,"{""background_write_acknowledged"": true, ""reads"": [{""version"": 782, ""max_seen_before"": 781, ""violation"": false}, {""version"": 782, ""max_seen_before"": 782, ""violation"": false}]}"
20260919T062932Z_97617a69,783,recovery,1789799392.7801359,1789799392.7904027,10.396,0,10.396,pass,,read_secondary,"{""background_write_acknowledged"": true, ""reads"": [{""version"": 783, ""max_seen_before"": 782, ""violation"": false}, {""version"": 783, ""max_seen_before"": 783, ""violation"": false}]}"
20260919T062932Z_97617a69,784,recovery,1789799392.7904027,1789799392.801586,11.169,0,11.169,pass,,read_secondary,"{""background_write_acknowledged"": true, ""reads"": [{""version"": 784, ""max_seen_before"": 783, ""violation"": false}, {""version"": 784, ""max_seen_before"": 784, ""violation"": false}]}"
20260919T062932Z_97617a69,785,recovery,1789799392.801586,1789799392.8122444,10.788,0,10.788,pass,,read_secondary,"{""background_write_acknowledged"": true, ""reads"": [{""version"": 785, ""max_seen_before"": 784, ""violation"": false}, {""version"": 785, ""max_seen_before"": 785, ""violation"": false}]}"
20260919T062932Z_97617a69,786,recovery,1789799392.8122444,1789799392.8246934,11.815,0,11.815,pass,,read_secondary,"{""background_write_acknowledged"": true, ""reads"": [{""version"": 786, ""max_seen_before"": 785, ""violation"": false}, {""version"": 786, ""max_seen_before"": 786, ""violation"": false}]}"
20260919T062932Z_97617a69,787,recovery,1789799392.8246934,1789799392.8372152,12.525,0,12.525,pass,,read_secondary,"{""background_write_acknowledged"": true, ""reads"": [{""version"": 787, ""max_seen_before"": 786, ""violation"": false}, {""version"": 787, ""max_seen_before"": 787, ""violation"": false}]}"
20260919T062932Z_97617a69,788,recovery,1789799392.8372152,1789799392.8488371,11.731,0,11.731,pass,,read_secondary,"{""background_write_acknowledged"": true, ""reads"": [{""version"": 788, ""max_seen_before"": 787, ""violation"": false}, {""version"": 788, ""max_seen_before"": 788, ""violation"": false}]}"
20260919T062932Z_97617a69,789,recovery,1789799392.8488371,1789799392.8608787,11.748,0,11.748,pass,,read_secondary,"{""background_write_acknowledged"": true, ""reads"": [{""version"": 789, ""max_seen_before"": 788, ""violation"": false}, {""version"": 789, ""max_seen_before"": 789, ""violation"": false}]}"
20260919T062932Z_97617a69,790,recovery,1789799392.8608787,1789799392.8727174,11.587,0,11.587,pass,,read_secondary,"{""background_write_acknowledged"": true, ""reads"": [{""version"": 790, ""max_seen_before"": 789, ""violation"": false}, {""version"": 790, ""max_seen_before"": 790, ""violation"": false}]}"
20260919T062932Z_97617a69,791,recovery,1789799392.8727174,1789799392.8844206,11.538,0,11.538,pass,,read_secondary,"{""background_write_acknowledged"": true, ""reads"": [{""version"": 791, ""max_seen_before"": 790, ""violation"": false}, {""version"": 791, ""max_seen_before"": 791, ""violation"": false}]}"
20260919T062932Z_97617a69,792,recovery,1789799392.8844206,1789799392.8942575,9.771,0,9.771,pass,,read_secondary,"{""background_write_acknowledged"": true, ""reads"": [{""version"": 792, ""max_seen_before"": 791, ""violation"": false}, {""version"": 792, ""max_seen_before"": 792, ""violation"": false}]}"
20260919T062932Z_97617a69,793,recovery,1789799392.8942575,1789799392.9038646,9.872,0,9.872,pass,,read_secondary,"{""background_write_acknowledged"": true, ""reads"": [{""version"": 793, ""max_seen_before"": 792, ""violation"": false}, {""version"": 793, ""max_seen_before"": 793, ""violation"": false}]}"
20260919T062932Z_97617a69,794,recovery,1789799392.9044445,1789799392.913232,8.782,0,8.782,pass,,read_secondary,"{""background_write_acknowledged"": true, ""reads"": [{""version"": 794, ""max_seen_before"": 793, ""violation"": false}, {""version"": 794, ""max_seen_before"": 794, ""violation"": false}]}"
20260919T062932Z_97617a69,795,recovery,1789799392.913232,1789799392.9231436,10.154,0,10.154,pass,,read_secondary,"{""background_write_acknowledged"": true, ""reads"": [{""version"": 795, ""max_seen_before"": 794, ""violation"": false}, {""version"": 795, ""max_seen_before"": 795, ""violation"": false}]}"
20260919T062932Z_97617a69,796,recovery,1789799392.9231436,1789799392.933525,10.218,0,10.218,pass,,read_secondary,"{""background_write_acknowledged"": true, ""reads"": [{""version"": 796, ""max_seen_before"": 795, ""violation"": false}, {""version"": 796, ""max_seen_before"": 796, ""violation"": false}]}"
20260919T062932Z_97617a69,797,recovery,1789799392.933525,1789799392.944836,11.186,0,11.186,pass,,read_secondary,"{""background_write_acknowledged"": true, ""reads"": [{""version"": 797, ""max_seen_before"": 796, ""violation"": false}, {""version"": 797, ""max_seen_before"": 797, ""violation"": false}]}"
20260919T062932Z_97617a69,798,recovery,1789799392.944836,1789799392.956383,11.515,0,11.515,pass,,read_secondary,"{""background_write_acknowledged"": true, ""reads"": [{""version"": 798, ""max_seen_before"": 797, ""violation"": false}, {""version"": 798, ""max_seen_before"": 798, ""violation"": false}]}"
20260919T062932Z_97617a69,799,recovery,1789799392.9569888,1789799392.9672294,10.485,0,10.485,pass,,read_secondary,"{""background_write_acknowledged"": true, ""reads"": [{""version"": 799, ""max_seen_before"": 798, ""violation"": false}, {""version"": 799, ""max_seen_before"": 799, ""violation"": false}]}"
20260919T062932Z_97617a69,800,recovery,1789799392.9672294,1789799392.9775689,10.087,0,10.087,pass,,read_secondary,"{""background_write_acknowledged"": true, ""reads"": [{""version"": 800, ""max_seen_before"": 799, ""violation"": false}, {""version"": 800, ""max_seen_before"": 800, ""violation"": false}]}"
20260919T062932Z_97617a69,801,recovery,1789799392.9855695,1789799392.997227,11.568,0,11.568,pass,,read_secondary,"{""background_write_acknowledged"": true, ""reads"": [{""version"": 801, ""max_seen_before"": 800, ""violation"": false}, {""version"": 801, ""max_seen_before"": 801, ""violation"": false}]}"
20260919T062932Z_97617a69,802,recovery,1789799392.997227,1789799393.0085514,11.022,0,11.022,pass,,read_secondary,"{""background_write_acknowledged"": true, ""reads"": [{""version"": 802, ""max_seen_before"": 801, ""violation"": false}, {""version"": 802, ""max_seen_before"": 802, ""violation"": false}]}"
20260919T062932Z_97617a69,803,recovery,1789799393.0085514,1789799393.018642,10.197,0,10.197,pass,,read_secondary,"{""background_write_acknowledged"": true, ""reads"": [{""version"": 803, ""max_seen_before"": 802, ""violation"": false}, {""version"": 803, ""max_seen_before"": 803, ""violation"": false}]}"
20260919T062932Z_97617a69,804,recovery,1789799393.018642,1789799393.0303135,11.478,0,11.478,pass,,read_secondary,"{""background_write_acknowledged"": true, ""reads"": [{""version"": 804, ""max_seen_before"": 803, ""violation"": false}, {""version"": 804, ""max_seen_before"": 804, ""violation"": false}]}"
20260919T062932Z_97617a69,805,recovery,1789799393.0303135,1789799393.0416462,10.898,0,10.898,pass,,read_secondary,"{""background_write_acknowledged"": true, ""reads"": [{""version"": 805, ""max_seen_before"": 804, ""violation"": false}, {""version"": 805, ""max_seen_before"": 805, ""violation"": false}]}"
20260919T062932Z_97617a69,806,recovery,1789799393.0416462,1789799393.0512722,9.941,0,9.941,pass,,read_secondary,"{""background_write_acknowledged"": true, ""reads"": [{""version"": 806, ""max_seen_before"": 805, ""violation"": false}, {""version"": 806, ""max_seen_before"": 806, ""violation"": false}]}"
20260919T062932Z_97617a69,807,recovery,1789799393.0512722,1789799393.0619955,10.627,0,10.627,pass,,read_secondary,"{""background_write_acknowledged"": true, ""reads"": [{""version"": 807, ""max_seen_before"": 806, ""violation"": false}, {""version"": 807, ""max_seen_before"": 807, ""violation"": false}]}"
20260919T062932Z_97617a69,808,recovery,1789799393.0625846,1789799393.0725162,10.335,0,10.335,pass,,read_secondary,"{""background_write_acknowledged"": true, ""reads"": [{""version"": 808, ""max_seen_before"": 807, ""violation"": false}, {""version"": 808, ""max_seen_before"": 808, ""violation"": false}]}"
20260919T062932Z_97617a69,809,recovery,1789799393.0725162,1789799393.0836754,10.785,0,10.785,pass,,read_secondary,"{""background_write_acknowledged"": true, ""reads"": [{""version"": 809, ""max_seen_before"": 808, ""violation"": false}, {""version"": 809, ""max_seen_before"": 809, ""violation"": false}]}"
20260919T062932Z_97617a69,810,recovery,1789799393.0836754,1789799393.0939715,10.138,0,10.138,pass,,read_secondary,"{""background_write_acknowledged"": true, ""reads"": [{""version"": 810, ""max_seen_before"": 809, ""violation"": false}, {""version"": 810, ""max_seen_before"": 810, ""violation"": false}]}"
20260919T062932Z_97617a69,811,recovery,1789799393.0939715,1789799393.1051612,11.252,0,11.252,pass,,read_secondary,"{""background_write_acknowledged"": true, ""reads"": [{""version"": 811, ""max_seen_before"": 810, ""violation"": false}, {""version"": 811, ""max_seen_before"": 811, ""violation"": false}]}"
20260919T062932Z_97617a69,812,recovery,1789799393.1051612,1789799393.1159859,10.557,0,10.557,pass,,read_secondary,"{""background_write_acknowledged"": true, ""reads"": [{""version"": 812, ""max_seen_before"": 811, ""violation"": false}, {""version"": 812, ""max_seen_before"": 812, ""violation"": false}]}"
20260919T062932Z_97617a69,813,recovery,1789799393.1159859,1789799393.1263523,10.276,0,10.276,pass,,read_secondary,"{""background_write_acknowledged"": true, ""reads"": [{""version"": 813, ""max_seen_before"": 812, ""violation"": false}, {""version"": 813, ""max_seen_before"": 813, ""violation"": false}]}"
20260919T062932Z_97617a69,814,recovery,1789799393.1263523,1789799393.136217,9.717,0,9.717,pass,,read_secondary,"{""background_write_acknowledged"": true, ""reads"": [{""version"": 814, ""max_seen_before"": 813, ""violation"": false}, {""version"": 814, ""max_seen_before"": 814, ""violation"": false}]}"
20260919T062932Z_97617a69,815,recovery,1789799393.136217,1789799393.1463737,10.093,0,10.093,pass,,read_secondary,"{""background_write_acknowledged"": true, ""reads"": [{""version"": 815, ""max_seen_before"": 814, ""violation"": false}, {""version"": 815, ""max_seen_before"": 815, ""violation"": false}]}"
20260919T062932Z_97617a69,816,recovery,1789799393.1463737,1789799393.1560173,9.721,0,9.721,pass,,read_secondary,"{""background_write_acknowledged"": true, ""reads"": [{""version"": 816, ""max_seen_before"": 815, ""violation"": false}, {""version"": 816, ""max_seen_before"": 816, ""violation"": false}]}"
20260919T062932Z_97617a69,817,recovery,1789799393.1565228,1789799393.166507,10.051,0,10.051,pass,,read_secondary,"{""background_write_acknowledged"": true, ""reads"": [{""version"": 817, ""max_seen_before"": 816, ""violation"": false}, {""version"": 817, ""max_seen_before"": 817, ""violation"": false}]}"
20260919T062932Z_97617a69,818,recovery,1789799393.166507,1789799393.1766965,10.395,0,10.395,pass,,read_secondary,"{""background_write_acknowledged"": true, ""reads"": [{""version"": 818, ""max_seen_before"": 817, ""violation"": false}, {""version"": 818, ""max_seen_before"": 818, ""violation"": false}]}"
20260919T062932Z_97617a69,819,recovery,1789799393.177266,1789799393.1864207,9.303,0,9.303,pass,,read_secondary,"{""background_write_acknowledged"": true, ""reads"": [{""version"": 819, ""max_seen_before"": 818, ""violation"": false}, {""version"": 819, ""max_seen_before"": 819, ""violation"": false}]}"
20260919T062932Z_97617a69,820,recovery,1789799393.1864207,1789799393.1960394,9.909,0,9.909,pass,,read_secondary,"{""background_write_acknowledged"": true, ""reads"": [{""version"": 820, ""max_seen_before"": 819, ""violation"": false}, {""version"": 820, ""max_seen_before"": 820, ""violation"": false}]}"
20260919T062932Z_97617a69,821,recovery,1789799393.1967022,1789799393.207299,10.987,0,10.987,pass,,read_secondary,"{""background_write_acknowledged"": true, ""reads"": [{""version"": 821, ""max_seen_before"": 820, ""violation"": false}, {""version"": 821, ""max_seen_before"": 821, ""violation"": false}]}"
20260919T062932Z_97617a69,822,recovery,1789799393.207299,1789799393.2182188,10.949,0,10.949,pass,,read_secondary,"{""background_write_acknowledged"": true, ""reads"": [{""version"": 822, ""max_seen_before"": 821, ""violation"": false}, {""version"": 822, ""max_seen_before"": 822, ""violation"": false}]}"
20260919T062932Z_97617a69,823,recovery,1789799393.2187996,1789799393.2291625,10.652,0,10.652,pass,,read_secondary,"{""background_write_acknowledged"": true, ""reads"": [{""version"": 823, ""max_seen_before"": 822, ""violation"": false}, {""version"": 823, ""max_seen_before"": 823, ""violation"": false}]}"
20260919T062932Z_97617a69,824,recovery,1789799393.2291625,1789799393.2403188,11.003,0,11.003,pass,,read_secondary,"{""background_write_acknowledged"": true, ""reads"": [{""version"": 824, ""max_seen_before"": 823, ""violation"": false}, {""version"": 824, ""max_seen_before"": 824, ""violation"": false}]}"
20260919T062932Z_97617a69,825,recovery,1789799393.2403188,1789799393.2515938,11.034,0,11.034,pass,,read_secondary,"{""background_write_acknowledged"": true, ""reads"": [{""version"": 825, ""max_seen_before"": 824, ""violation"": false}, {""version"": 825, ""max_seen_before"": 825, ""violation"": false}]}"
20260919T062932Z_97617a69,826,recovery,1789799393.2515938,1789799393.2626734,11.104,0,11.104,pass,,read_secondary,"{""background_write_acknowledged"": true, ""reads"": [{""version"": 826, ""max_seen_before"": 825, ""violation"": false}, {""version"": 826, ""max_seen_before"": 826, ""violation"": false}]}"
20260919T062932Z_97617a69,827,recovery,1789799393.2631276,1789799393.2741172,11.343,0,11.343,pass,,read_secondary,"{""background_write_acknowledged"": true, ""reads"": [{""version"": 827, ""max_seen_before"": 826, ""violation"": false}, {""version"": 827, ""max_seen_before"": 827, ""violation"": false}]}"
20260919T062932Z_97617a69,828,recovery,1789799393.2747316,1789799393.2856028,11.324,0,11.324,pass,,read_secondary,"{""background_write_acknowledged"": true, ""reads"": [{""version"": 828, ""max_seen_before"": 827, ""violation"": false}, {""version"": 828, ""max_seen_before"": 828, ""violation"": false}]}"
20260919T062932Z_97617a69,829,recovery,1789799393.2856028,1789799393.2967963,10.858,0,10.858,pass,,read_secondary,"{""background_write_acknowledged"": true, ""reads"": [{""version"": 829, ""max_seen_before"": 828, ""violation"": false}, {""version"": 829, ""max_seen_before"": 829, ""violation"": false}]}"
20260919T062932Z_97617a69,830,recovery,1789799393.2967963,1789799393.3070884,10.314,0,10.314,pass,,read_secondary,"{""background_write_acknowledged"": true, ""reads"": [{""version"": 830, ""max_seen_before"": 829, ""violation"": false}, {""version"": 830, ""max_seen_before"": 830, ""violation"": false}]}"
20260919T062932Z_97617a69,831,recovery,1789799393.3070884,1789799393.317535,10.318,0,10.318,pass,,read_secondary,"{""background_write_acknowledged"": true, ""reads"": [{""version"": 831, ""max_seen_before"": 830, ""violation"": false}, {""version"": 831, ""max_seen_before"": 831, ""violation"": false}]}"
20260919T062932Z_97617a69,832,recovery,1789799393.317535,1789799393.3283355,10.909,0,10.909,pass,,read_secondary,"{""background_write_acknowledged"": true, ""reads"": [{""version"": 832, ""max_seen_before"": 831, ""violation"": false}, {""version"": 832, ""max_seen_before"": 832, ""violation"": false}]}"
20260919T062932Z_97617a69,833,recovery,1789799393.3290224,1789799393.3383408,9.765,0,9.765,pass,,read_secondary,"{""background_write_acknowledged"": true, ""reads"": [{""version"": 833, ""max_seen_before"": 832, ""violation"": false}, {""version"": 833, ""max_seen_before"": 833, ""violation"": false}]}"
20260919T062932Z_97617a69,834,recovery,1789799393.3389614,1789799393.348875,10.245,0,10.245,pass,,read_secondary,"{""background_write_acknowledged"": true, ""reads"": [{""version"": 834, ""max_seen_before"": 833, ""violation"": false}, {""version"": 834, ""max_seen_before"": 834, ""violation"": false}]}"
20260919T062932Z_97617a69,835,recovery,1789799393.348875,1789799393.3579757,9.201,0,9.201,pass,,read_secondary,"{""background_write_acknowledged"": true, ""reads"": [{""version"": 835, ""max_seen_before"": 834, ""violation"": false}, {""version"": 835, ""max_seen_before"": 835, ""violation"": false}]}"
20260919T062932Z_97617a69,836,recovery,1789799393.3585565,1789799393.3678527,9.271,0,9.271,pass,,read_secondary,"{""background_write_acknowledged"": true, ""reads"": [{""version"": 836, ""max_seen_before"": 835, ""violation"": false}, {""version"": 836, ""max_seen_before"": 836, ""violation"": false}]}"
20260919T062932Z_97617a69,837,recovery,1789799393.3678527,1789799393.3770013,9.466,0,9.466,pass,,read_secondary,"{""background_write_acknowledged"": true, ""reads"": [{""version"": 837, ""max_seen_before"": 836, ""violation"": false}, {""version"": 837, ""max_seen_before"": 837, ""violation"": false}]}"
20260919T062932Z_97617a69,838,recovery,1789799393.3770013,1789799393.3866699,9.184,0,9.184,pass,,read_secondary,"{""background_write_acknowledged"": true, ""reads"": [{""version"": 838, ""max_seen_before"": 837, ""violation"": false}, {""version"": 838, ""max_seen_before"": 838, ""violation"": false}]}"
20260919T062932Z_97617a69,839,recovery,1789799393.3866699,1789799393.3972747,10.614,0,10.614,pass,,read_secondary,"{""background_write_acknowledged"": true, ""reads"": [{""version"": 839, ""max_seen_before"": 838, ""violation"": false}, {""version"": 839, ""max_seen_before"": 839, ""violation"": false}]}"
20260919T062932Z_97617a69,840,recovery,1789799393.3972747,1789799393.4069068,9.43,0,9.43,pass,,read_secondary,"{""background_write_acknowledged"": true, ""reads"": [{""version"": 840, ""max_seen_before"": 839, ""violation"": false}, {""version"": 840, ""max_seen_before"": 840, ""violation"": false}]}"
20260919T062932Z_97617a69,841,recovery,1789799393.4069068,1789799393.4178672,10.97,0,10.97,pass,,read_secondary,"{""background_write_acknowledged"": true, ""reads"": [{""version"": 841, ""max_seen_before"": 840, ""violation"": false}, {""version"": 841, ""max_seen_before"": 841, ""violation"": false}]}"
20260919T062932Z_97617a69,842,recovery,1789799393.4178672,1789799393.427177,9.294,0,9.294,pass,,read_secondary,"{""background_write_acknowledged"": true, ""reads"": [{""version"": 842, ""max_seen_before"": 841, ""violation"": false}, {""version"": 842, ""max_seen_before"": 842, ""violation"": false}]}"
20260919T062932Z_97617a69,843,recovery,1789799393.427177,1789799393.4363759,9.221,0,9.221,pass,,read_secondary,"{""background_write_acknowledged"": true, ""reads"": [{""version"": 843, ""max_seen_before"": 842, ""violation"": false}, {""version"": 843, ""max_seen_before"": 843, ""violation"": false}]}"
20260919T062932Z_97617a69,844,recovery,1789799393.4369621,1789799393.4457083,9.001,0,9.001,pass,,read_secondary,"{""background_write_acknowledged"": true, ""reads"": [{""version"": 844, ""max_seen_before"": 843, ""violation"": false}, {""version"": 844, ""max_seen_before"": 844, ""violation"": false}]}"
20260919T062932Z_97617a69,845,recovery,1789799393.4457083,1789799393.4553995,9.762,0,9.762,pass,,read_secondary,"{""background_write_acknowledged"": true, ""reads"": [{""version"": 845, ""max_seen_before"": 844, ""violation"": false}, {""version"": 845, ""max_seen_before"": 845, ""violation"": false}]}"
20260919T062932Z_97617a69,846,recovery,1789799393.4553995,1789799393.4653733,9.5,0,9.5,pass,,read_secondary,"{""background_write_acknowledged"": true, ""reads"": [{""version"": 846, ""max_seen_before"": 845, ""violation"": false}, {""version"": 846, ""max_seen_before"": 846, ""violation"": false}]}"
20260919T062932Z_97617a69,847,recovery,1789799393.4653733,1789799393.4744887,9.422,0,9.422,pass,,read_secondary,"{""background_write_acknowledged"": true, ""reads"": [{""version"": 847, ""max_seen_before"": 846, ""violation"": false}, {""version"": 847, ""max_seen_before"": 847, ""violation"": false}]}"
20260919T062932Z_97617a69,848,recovery,1789799393.4750533,1789799393.484591,9.912,0,9.912,pass,,read_secondary,"{""background_write_acknowledged"": true, ""reads"": [{""version"": 848, ""max_seen_before"": 847, ""violation"": false}, {""version"": 848, ""max_seen_before"": 848, ""violation"": false}]}"
20260919T062932Z_97617a69,849,recovery,1789799393.484591,1789799393.4952638,10.123,0,10.123,pass,,read_secondary,"{""background_write_acknowledged"": true, ""reads"": [{""version"": 849, ""max_seen_before"": 848, ""violation"": false}, {""version"": 849, ""max_seen_before"": 849, ""violation"": false}]}"
20260919T062932Z_97617a69,850,recovery,1789799393.4952638,1789799393.5048003,9.463,0,9.463,pass,,read_secondary,"{""background_write_acknowledged"": true, ""reads"": [{""version"": 850, ""max_seen_before"": 849, ""violation"": false}, {""version"": 850, ""max_seen_before"": 850, ""violation"": false}]}"
20260919T062932Z_97617a69,851,recovery,1789799393.5048003,1789799393.5152237,10.237,0,10.237,pass,,read_secondary,"{""background_write_acknowledged"": true, ""reads"": [{""version"": 851, ""max_seen_before"": 850, ""violation"": false}, {""version"": 851, ""max_seen_before"": 851, ""violation"": false}]}"
20260919T062932Z_97617a69,852,recovery,1789799393.5152237,1789799393.5245938,9.62,0,9.62,pass,,read_secondary,"{""background_write_acknowledged"": true, ""reads"": [{""version"": 852, ""max_seen_before"": 851, ""violation"": false}, {""version"": 852, ""max_seen_before"": 852, ""violation"": false}]}"
20260919T062932Z_97617a69,853,recovery,1789799393.5245938,1789799393.534222,9.316,0,9.316,pass,,read_secondary,"{""background_write_acknowledged"": true, ""reads"": [{""version"": 853, ""max_seen_before"": 852, ""violation"": false}, {""version"": 853, ""max_seen_before"": 853, ""violation"": false}]}"
20260919T062932Z_97617a69,854,recovery,1789799393.534222,1789799393.5437002,9.206,0,9.206,pass,,read_secondary,"{""background_write_acknowledged"": true, ""reads"": [{""version"": 854, ""max_seen_before"": 853, ""violation"": false}, {""version"": 854, ""max_seen_before"": 854, ""violation"": false}]}"
20260919T062932Z_97617a69,855,recovery,1789799393.5437002,1789799393.5529962,9.233,0,9.233,pass,,read_secondary,"{""background_write_acknowledged"": true, ""reads"": [{""version"": 855, ""max_seen_before"": 854, ""violation"": false}, {""version"": 855, ""max_seen_before"": 855, ""violation"": false}]}"
20260919T062932Z_97617a69,856,recovery,1789799393.5529962,1789799393.5631325,10.039,0,10.039,pass,,read_secondary,"{""background_write_acknowledged"": true, ""reads"": [{""version"": 856, ""max_seen_before"": 855, ""violation"": false}, {""version"": 856, ""max_seen_before"": 856, ""violation"": false}]}"
20260919T062932Z_97617a69,857,recovery,1789799393.5631325,1789799393.5730104,10.104,0,10.104,pass,,read_secondary,"{""background_write_acknowledged"": true, ""reads"": [{""version"": 857, ""max_seen_before"": 856, ""violation"": false}, {""version"": 857, ""max_seen_before"": 857, ""violation"": false}]}"
20260919T062932Z_97617a69,858,recovery,1789799393.5730104,1789799393.5830133,9.49,0,9.49,pass,,read_secondary,"{""background_write_acknowledged"": true, ""reads"": [{""version"": 858, ""max_seen_before"": 857, ""violation"": false}, {""version"": 858, ""max_seen_before"": 858, ""violation"": false}]}"
20260919T062932Z_97617a69,859,recovery,1789799393.5830133,1789799393.5927439,9.726,0,9.726,pass,,read_secondary,"{""background_write_acknowledged"": true, ""reads"": [{""version"": 859, ""max_seen_before"": 858, ""violation"": false}, {""version"": 859, ""max_seen_before"": 859, ""violation"": false}]}"
20260919T062932Z_97617a69,860,recovery,1789799393.5927439,1789799393.6023984,9.628,0,9.628,pass,,read_secondary,"{""background_write_acknowledged"": true, ""reads"": [{""version"": 860, ""max_seen_before"": 859, ""violation"": false}, {""version"": 860, ""max_seen_before"": 860, ""violation"": false}]}"
20260919T062932Z_97617a69,861,recovery,1789799393.6023984,1789799393.61231,9.698,0,9.698,pass,,read_secondary,"{""background_write_acknowledged"": true, ""reads"": [{""version"": 861, ""max_seen_before"": 860, ""violation"": false}, {""version"": 861, ""max_seen_before"": 861, ""violation"": false}]}"
20260919T062932Z_97617a69,862,recovery,1789799393.61231,1789799393.623199,10.796,0,10.796,pass,,read_secondary,"{""background_write_acknowledged"": true, ""reads"": [{""version"": 862, ""max_seen_before"": 861, ""violation"": false}, {""version"": 862, ""max_seen_before"": 862, ""violation"": false}]}"
20260919T062932Z_97617a69,863,recovery,1789799393.623199,1789799393.632907,9.893,0,9.893,pass,,read_secondary,"{""background_write_acknowledged"": true, ""reads"": [{""version"": 863, ""max_seen_before"": 862, ""violation"": false}, {""version"": 863, ""max_seen_before"": 863, ""violation"": false}]}"
20260919T062932Z_97617a69,864,recovery,1789799393.632907,1789799393.6429052,9.419,0,9.419,pass,,read_secondary,"{""background_write_acknowledged"": true, ""reads"": [{""version"": 864, ""max_seen_before"": 863, ""violation"": false}, {""version"": 864, ""max_seen_before"": 864, ""violation"": false}]}"
20260919T062932Z_97617a69,865,recovery,1789799393.6429052,1789799393.652486,9.344,0,9.344,pass,,read_secondary,"{""background_write_acknowledged"": true, ""reads"": [{""version"": 865, ""max_seen_before"": 864, ""violation"": false}, {""version"": 865, ""max_seen_before"": 865, ""violation"": false}]}"
20260919T062932Z_97617a69,866,recovery,1789799393.652486,1789799393.661727,9.179,0,9.179,pass,,read_secondary,"{""background_write_acknowledged"": true, ""reads"": [{""version"": 866, ""max_seen_before"": 865, ""violation"": false}, {""version"": 866, ""max_seen_before"": 866, ""violation"": false}]}"
20260919T062932Z_97617a69,867,recovery,1789799393.661727,1789799393.67087,9.42,0,9.42,pass,,read_secondary,"{""background_write_acknowledged"": true, ""reads"": [{""version"": 867, ""max_seen_before"": 866, ""violation"": false}, {""version"": 867, ""max_seen_before"": 867, ""violation"": false}]}"
20260919T062932Z_97617a69,868,recovery,1789799393.67087,1789799393.6806705,9.177,0,9.177,pass,,read_secondary,"{""background_write_acknowledged"": true, ""reads"": [{""version"": 868, ""max_seen_before"": 867, ""violation"": false}, {""version"": 868, ""max_seen_before"": 868, ""violation"": false}]}"
20260919T062932Z_97617a69,869,recovery,1789799393.6806705,1789799393.6894014,8.975,0,8.975,pass,,read_secondary,"{""background_write_acknowledged"": true, ""reads"": [{""version"": 869, ""max_seen_before"": 868, ""violation"": false}, {""version"": 869, ""max_seen_before"": 869, ""violation"": false}]}"
20260919T062932Z_97617a69,870,recovery,1789799393.6894014,1789799393.70012,10.459,0,10.459,pass,,read_secondary,"{""background_write_acknowledged"": true, ""reads"": [{""version"": 870, ""max_seen_before"": 869, ""violation"": false}, {""version"": 870, ""max_seen_before"": 870, ""violation"": false}]}"
20260919T062932Z_97617a69,871,recovery,1789799393.70012,1789799393.7113268,11.026,0,11.026,pass,,read_secondary,"{""background_write_acknowledged"": true, ""reads"": [{""version"": 871, ""max_seen_before"": 870, ""violation"": false}, {""version"": 871, ""max_seen_before"": 871, ""violation"": false}]}"
20260919T062932Z_97617a69,872,recovery,1789799393.7113268,1789799393.722916,11.333,0,11.333,pass,,read_secondary,"{""background_write_acknowledged"": true, ""reads"": [{""version"": 872, ""max_seen_before"": 871, ""violation"": false}, {""version"": 872, ""max_seen_before"": 872, ""violation"": false}]}"
20260919T062932Z_97617a69,873,recovery,1789799393.722916,1789799393.7338657,11.015,0,11.015,pass,,read_secondary,"{""background_write_acknowledged"": true, ""reads"": [{""version"": 873, ""max_seen_before"": 872, ""violation"": false}, {""version"": 873, ""max_seen_before"": 873, ""violation"": false}]}"
20260919T062932Z_97617a69,874,recovery,1789799393.7338657,1789799393.7445602,10.416,0,10.416,pass,,read_secondary,"{""background_write_acknowledged"": true, ""reads"": [{""version"": 874, ""max_seen_before"": 873, ""violation"": false}, {""version"": 874, ""max_seen_before"": 874, ""violation"": false}]}"
20260919T062932Z_97617a69,875,recovery,1789799393.7445602,1789799393.755641,11.193,0,11.193,pass,,read_secondary,"{""background_write_acknowledged"": true, ""reads"": [{""version"": 875, ""max_seen_before"": 874, ""violation"": false}, {""version"": 875, ""max_seen_before"": 875, ""violation"": false}]}"
20260919T062932Z_97617a69,876,recovery,1789799393.755641,1789799393.7667575,10.708,0,10.708,pass,,read_secondary,"{""background_write_acknowledged"": true, ""reads"": [{""version"": 876, ""max_seen_before"": 875, ""violation"": false}, {""version"": 876, ""max_seen_before"": 876, ""violation"": false}]}"
20260919T062932Z_97617a69,877,recovery,1789799393.7667575,1789799393.7767801,10.381,0,10.381,pass,,read_secondary,"{""background_write_acknowledged"": true, ""reads"": [{""version"": 877, ""max_seen_before"": 876, ""violation"": false}, {""version"": 877, ""max_seen_before"": 877, ""violation"": false}]}"
20260919T062932Z_97617a69,878,recovery,1789799393.7767801,1789799393.7872388,10.119,0,10.119,pass,,read_secondary,"{""background_write_acknowledged"": true, ""reads"": [{""version"": 878, ""max_seen_before"": 877, ""violation"": false}, {""version"": 878, ""max_seen_before"": 878, ""violation"": false}]}"
20260919T062932Z_97617a69,879,recovery,1789799393.7872388,1789799393.7976131,10.111,0,10.111,pass,,read_secondary,"{""background_write_acknowledged"": true, ""reads"": [{""version"": 879, ""max_seen_before"": 878, ""violation"": false}, {""version"": 879, ""max_seen_before"": 879, ""violation"": false}]}"
20260919T062932Z_97617a69,880,recovery,1789799393.7976131,1789799393.8088808,11.417,0,11.417,pass,,read_secondary,"{""background_write_acknowledged"": true, ""reads"": [{""version"": 880, ""max_seen_before"": 879, ""violation"": false}, {""version"": 880, ""max_seen_before"": 880, ""violation"": false}]}"
20260919T062932Z_97617a69,881,recovery,1789799393.8088808,1789799393.8211055,12.074,0,12.074,pass,,read_secondary,"{""background_write_acknowledged"": true, ""reads"": [{""version"": 881, ""max_seen_before"": 880, ""violation"": false}, {""version"": 881, ""max_seen_before"": 881, ""violation"": false}]}"
20260919T062932Z_97617a69,882,recovery,1789799393.8211055,1789799393.8305943,9.278,0,9.278,pass,,read_secondary,"{""background_write_acknowledged"": true, ""reads"": [{""version"": 882, ""max_seen_before"": 881, ""violation"": false}, {""version"": 882, ""max_seen_before"": 882, ""violation"": false}]}"
20260919T062932Z_97617a69,883,recovery,1789799393.8305943,1789799393.840402,9.617,0,9.617,pass,,read_secondary,"{""background_write_acknowledged"": true, ""reads"": [{""version"": 883, ""max_seen_before"": 882, ""violation"": false}, {""version"": 883, ""max_seen_before"": 883, ""violation"": false}]}"
20260919T062932Z_97617a69,884,recovery,1789799393.840402,1789799393.8500068,9.568,0,9.568,pass,,read_secondary,"{""background_write_acknowledged"": true, ""reads"": [{""version"": 884, ""max_seen_before"": 883, ""violation"": false}, {""version"": 884, ""max_seen_before"": 884, ""violation"": false}]}"
20260919T062932Z_97617a69,885,recovery,1789799393.8500068,1789799393.8594985,9.458,0,9.458,pass,,read_secondary,"{""background_write_acknowledged"": true, ""reads"": [{""version"": 885, ""max_seen_before"": 884, ""violation"": false}, {""version"": 885, ""max_seen_before"": 885, ""violation"": false}]}"
20260919T062932Z_97617a69,886,recovery,1789799393.8594985,1789799393.869837,9.82,0,9.82,pass,,read_secondary,"{""background_write_acknowledged"": true, ""reads"": [{""version"": 886, ""max_seen_before"": 885, ""violation"": false}, {""version"": 886, ""max_seen_before"": 886, ""violation"": false}]}"
20260919T062932Z_97617a69,887,recovery,1789799393.869837,1789799393.8791504,9.64,0,9.64,pass,,read_secondary,"{""background_write_acknowledged"": true, ""reads"": [{""version"": 887, ""max_seen_before"": 886, ""violation"": false}, {""version"": 887, ""max_seen_before"": 887, ""violation"": false}]}"
20260919T062932Z_97617a69,888,recovery,1789799393.8797243,1789799393.888918,9.196,0,9.196,pass,,read_secondary,"{""background_write_acknowledged"": true, ""reads"": [{""version"": 888, ""max_seen_before"": 887, ""violation"": false}, {""version"": 888, ""max_seen_before"": 888, ""violation"": false}]}"
20260919T062932Z_97617a69,889,recovery,1789799393.888918,1789799393.8994002,10.424,0,10.424,pass,,read_secondary,"{""background_write_acknowledged"": true, ""reads"": [{""version"": 889, ""max_seen_before"": 888, ""violation"": false}, {""version"": 889, ""max_seen_before"": 889, ""violation"": false}]}"
20260919T062932Z_97617a69,890,recovery,1789799393.8994002,1789799393.909561,10.201,0,10.201,pass,,read_secondary,"{""background_write_acknowledged"": true, ""reads"": [{""version"": 890, ""max_seen_before"": 889, ""violation"": false}, {""version"": 890, ""max_seen_before"": 890, ""violation"": false}]}"
20260919T062932Z_97617a69,891,recovery,1789799393.909561,1789799393.9201481,10.799,0,10.799,pass,,read_secondary,"{""background_write_acknowledged"": true, ""reads"": [{""version"": 891, ""max_seen_before"": 890, ""violation"": false}, {""version"": 891, ""max_seen_before"": 891, ""violation"": false}]}"
20260919T062932Z_97617a69,892,recovery,1789799393.920766,1789799393.9308276,10.171,0,10.171,pass,,read_secondary,"{""background_write_acknowledged"": true, ""reads"": [{""version"": 892, ""max_seen_before"": 891, ""violation"": false}, {""version"": 892, ""max_seen_before"": 892, ""violation"": false}]}"
20260919T062932Z_97617a69,893,recovery,1789799393.9308276,1789799393.9423475,11.292,0,11.292,pass,,read_secondary,"{""background_write_acknowledged"": true, ""reads"": [{""version"": 893, ""max_seen_before"": 892, ""violation"": false}, {""version"": 893, ""max_seen_before"": 893, ""violation"": false}]}"
20260919T062932Z_97617a69,894,recovery,1789799393.9423475,1789799393.9520338,9.805,0,9.805,pass,,read_secondary,"{""background_write_acknowledged"": true, ""reads"": [{""version"": 894, ""max_seen_before"": 893, ""violation"": false}, {""version"": 894, ""max_seen_before"": 894, ""violation"": false}]}"
20260919T062932Z_97617a69,895,recovery,1789799393.9520338,1789799393.9611452,9.221,0,9.221,pass,,read_secondary,"{""background_write_acknowledged"": true, ""reads"": [{""version"": 895, ""max_seen_before"": 894, ""violation"": false}, {""version"": 895, ""max_seen_before"": 895, ""violation"": false}]}"
20260919T062932Z_97617a69,896,recovery,1789799393.9617865,1789799393.9716618,10.051,0,10.051,pass,,read_secondary,"{""background_write_acknowledged"": true, ""reads"": [{""version"": 896, ""max_seen_before"": 895, ""violation"": false}, {""version"": 896, ""max_seen_before"": 896, ""violation"": false}]}"
20260919T062932Z_97617a69,897,recovery,1789799393.9716618,1789799393.9809928,9.72,0,9.72,pass,,read_secondary,"{""background_write_acknowledged"": true, ""reads"": [{""version"": 897, ""max_seen_before"": 896, ""violation"": false}, {""version"": 897, ""max_seen_before"": 897, ""violation"": false}]}"
20260919T062932Z_97617a69,898,recovery,1789799393.9817526,1789799393.9910166,9.657,0,9.657,pass,,read_secondary,"{""background_write_acknowledged"": true, ""reads"": [{""version"": 898, ""max_seen_before"": 897, ""violation"": false}, {""version"": 898, ""max_seen_before"": 898, ""violation"": false}]}"
20260919T062932Z_97617a69,899,recovery,1789799393.9910166,1789799394.0016637,10.387,0,10.387,pass,,read_secondary,"{""background_write_acknowledged"": true, ""reads"": [{""version"": 899, ""max_seen_before"": 898, ""violation"": false}, {""version"": 899, ""max_seen_before"": 899, ""violation"": false}]}"
20260919T062932Z_97617a69,900,recovery,1789799394.0016637,1789799394.013169,11.362,0,11.362,pass,,read_secondary,"{""background_write_acknowledged"": true, ""reads"": [{""version"": 900, ""max_seen_before"": 899, ""violation"": false}, {""version"": 900, ""max_seen_before"": 900, ""violation"": false}]}"
20260919T062932Z_97617a69,901,recovery,1789799394.0217922,1789799394.032338,10.78,0,10.78,pass,,read_secondary,"{""background_write_acknowledged"": true, ""reads"": [{""version"": 901, ""max_seen_before"": 900, ""violation"": false}, {""version"": 901, ""max_seen_before"": 901, ""violation"": false}]}"
20260919T062932Z_97617a69,902,recovery,1789799394.032338,1789799394.044302,11.836,0,11.836,pass,,read_secondary,"{""background_write_acknowledged"": true, ""reads"": [{""version"": 902, ""max_seen_before"": 901, ""violation"": false}, {""version"": 902, ""max_seen_before"": 902, ""violation"": false}]}"
20260919T062932Z_97617a69,903,recovery,1789799394.044302,1789799394.0542145,9.94,0,9.94,pass,,read_secondary,"{""background_write_acknowledged"": true, ""reads"": [{""version"": 903, ""max_seen_before"": 902, ""violation"": false}, {""version"": 903, ""max_seen_before"": 903, ""violation"": false}]}"
20260919T062932Z_97617a69,904,recovery,1789799394.0542145,1789799394.0657644,11.067,0,11.067,pass,,read_secondary,"{""background_write_acknowledged"": true, ""reads"": [{""version"": 904, ""max_seen_before"": 903, ""violation"": false}, {""version"": 904, ""max_seen_before"": 904, ""violation"": false}]}"
20260919T062932Z_97617a69,905,recovery,1789799394.0657644,1789799394.0764072,10.719,0,10.719,pass,,read_secondary,"{""background_write_acknowledged"": true, ""reads"": [{""version"": 905, ""max_seen_before"": 904, ""violation"": false}, {""version"": 905, ""max_seen_before"": 905, ""violation"": false}]}"
20260919T062932Z_97617a69,906,recovery,1789799394.0764072,1789799394.0865965,10.003,0,10.003,pass,,read_secondary,"{""background_write_acknowledged"": true, ""reads"": [{""version"": 906, ""max_seen_before"": 905, ""violation"": false}, {""version"": 906, ""max_seen_before"": 906, ""violation"": false}]}"
20260919T062932Z_97617a69,907,recovery,1789799394.0865965,1789799394.0971632,10.545,0,10.545,pass,,read_secondary,"{""background_write_acknowledged"": true, ""reads"": [{""version"": 907, ""max_seen_before"": 906, ""violation"": false}, {""version"": 907, ""max_seen_before"": 907, ""violation"": false}]}"
20260919T062932Z_97617a69,908,recovery,1789799394.0971632,1789799394.1079428,10.306,0,10.306,pass,,read_secondary,"{""background_write_acknowledged"": true, ""reads"": [{""version"": 908, ""max_seen_before"": 907, ""violation"": false}, {""version"": 908, ""max_seen_before"": 908, ""violation"": false}]}"
20260919T062932Z_97617a69,909,recovery,1789799394.1079428,1789799394.1201053,12.151,0,12.151,pass,,read_secondary,"{""background_write_acknowledged"": true, ""reads"": [{""version"": 909, ""max_seen_before"": 908, ""violation"": false}, {""version"": 909, ""max_seen_before"": 909, ""violation"": false}]}"
20260919T062932Z_97617a69,910,recovery,1789799394.1201053,1789799394.130809,10.792,0,10.792,pass,,read_secondary,"{""background_write_acknowledged"": true, ""reads"": [{""version"": 910, ""max_seen_before"": 909, ""violation"": false}, {""version"": 910, ""max_seen_before"": 910, ""violation"": false}]}"
20260919T062932Z_97617a69,911,recovery,1789799394.130809,1789799394.1415942,10.347,0,10.347,pass,,read_secondary,"{""background_write_acknowledged"": true, ""reads"": [{""version"": 911, ""max_seen_before"": 910, ""violation"": false}, {""version"": 911, ""max_seen_before"": 911, ""violation"": false}]}"
20260919T062932Z_97617a69,912,recovery,1789799394.1415942,1789799394.1526322,11.089,0,11.089,pass,,read_secondary,"{""background_write_acknowledged"": true, ""reads"": [{""version"": 912, ""max_seen_before"": 911, ""violation"": false}, {""version"": 912, ""max_seen_before"": 912, ""violation"": false}]}"
20260919T062932Z_97617a69,913,recovery,1789799394.1526322,1789799394.1631176,10.193,0,10.193,pass,,read_secondary,"{""background_write_acknowledged"": true, ""reads"": [{""version"": 913, ""max_seen_before"": 912, ""violation"": false}, {""version"": 913, ""max_seen_before"": 913, ""violation"": false}]}"
20260919T062932Z_97617a69,914,recovery,1789799394.1631176,1789799394.1726134,9.305,0,9.305,pass,,read_secondary,"{""background_write_acknowledged"": true, ""reads"": [{""version"": 914, ""max_seen_before"": 913, ""violation"": false}, {""version"": 914, ""max_seen_before"": 914, ""violation"": false}]}"
20260919T062932Z_97617a69,915,recovery,1789799394.1726134,1789799394.1821895,9.358,0,9.358,pass,,read_secondary,"{""background_write_acknowledged"": true, ""reads"": [{""version"": 915, ""max_seen_before"": 914, ""violation"": false}, {""version"": 915, ""max_seen_before"": 915, ""violation"": false}]}"
20260919T062932Z_97617a69,916,recovery,1789799394.1821895,1789799394.1921833,10.254,0,10.254,pass,,read_secondary,"{""background_write_acknowledged"": true, ""reads"": [{""version"": 916, ""max_seen_before"": 915, ""violation"": false}, {""version"": 916, ""max_seen_before"": 916, ""violation"": false}]}"
20260919T062932Z_97617a69,917,recovery,1789799394.1921833,1789799394.2023325,9.758,0,9.758,pass,,read_secondary,"{""background_write_acknowledged"": true, ""reads"": [{""version"": 917, ""max_seen_before"": 916, ""violation"": false}, {""version"": 917, ""max_seen_before"": 917, ""violation"": false}]}"
20260919T062932Z_97617a69,918,recovery,1789799394.2023325,1789799394.2122607,9.851,0,9.851,pass,,read_secondary,"{""background_write_acknowledged"": true, ""reads"": [{""version"": 918, ""max_seen_before"": 917, ""violation"": false}, {""version"": 918, ""max_seen_before"": 918, ""violation"": false}]}"
20260919T062932Z_97617a69,919,recovery,1789799394.2122607,1789799394.2217507,9.744,0,9.744,pass,,read_secondary,"{""background_write_acknowledged"": true, ""reads"": [{""version"": 919, ""max_seen_before"": 918, ""violation"": false}, {""version"": 919, ""max_seen_before"": 919, ""violation"": false}]}"
20260919T062932Z_97617a69,920,recovery,1789799394.2217507,1789799394.2317386,9.505,0,9.505,pass,,read_secondary,"{""background_write_acknowledged"": true, ""reads"": [{""version"": 920, ""max_seen_before"": 919, ""violation"": false}, {""version"": 920, ""max_seen_before"": 920, ""violation"": false}]}"
20260919T062932Z_97617a69,921,recovery,1789799394.2317386,1789799394.2410703,9.421,0,9.421,pass,,read_secondary,"{""background_write_acknowledged"": true, ""reads"": [{""version"": 921, ""max_seen_before"": 920, ""violation"": false}, {""version"": 921, ""max_seen_before"": 921, ""violation"": false}]}"
20260919T062932Z_97617a69,922,recovery,1789799394.2410703,1789799394.2513773,10.162,0,10.162,pass,,read_secondary,"{""background_write_acknowledged"": true, ""reads"": [{""version"": 922, ""max_seen_before"": 921, ""violation"": false}, {""version"": 922, ""max_seen_before"": 922, ""violation"": false}]}"
20260919T062932Z_97617a69,923,recovery,1789799394.2513773,1789799394.2615864,9.813,0,9.813,pass,,read_secondary,"{""background_write_acknowledged"": true, ""reads"": [{""version"": 923, ""max_seen_before"": 922, ""violation"": false}, {""version"": 923, ""max_seen_before"": 923, ""violation"": false}]}"
20260919T062932Z_97617a69,924,recovery,1789799394.2615864,1789799394.2711604,9.762,0,9.762,pass,,read_secondary,"{""background_write_acknowledged"": true, ""reads"": [{""version"": 924, ""max_seen_before"": 923, ""violation"": false}, {""version"": 924, ""max_seen_before"": 924, ""violation"": false}]}"
20260919T062932Z_97617a69,925,recovery,1789799394.2711604,1789799394.280563,9.382,0,9.382,pass,,read_secondary,"{""background_write_acknowledged"": true, ""reads"": [{""version"": 925, ""max_seen_before"": 924, ""violation"": false}, {""version"": 925, ""max_seen_before"": 925, ""violation"": false}]}"
20260919T062932Z_97617a69,926,recovery,1789799394.280563,1789799394.289922,8.996,0,8.996,pass,,read_secondary,"{""background_write_acknowledged"": true, ""reads"": [{""version"": 926, ""max_seen_before"": 925, ""violation"": false}, {""version"": 926, ""max_seen_before"": 926, ""violation"": false}]}"
20260919T062932Z_97617a69,927,recovery,1789799394.289922,1789799394.300279,10.106,0,10.106,pass,,read_secondary,"{""background_write_acknowledged"": true, ""reads"": [{""version"": 927, ""max_seen_before"": 926, ""violation"": false}, {""version"": 927, ""max_seen_before"": 927, ""violation"": false}]}"
20260919T062932Z_97617a69,928,recovery,1789799394.300279,1789799394.3103738,9.85,0,9.85,pass,,read_secondary,"{""background_write_acknowledged"": true, ""reads"": [{""version"": 928, ""max_seen_before"": 927, ""violation"": false}, {""version"": 928, ""max_seen_before"": 928, ""violation"": false}]}"
20260919T062932Z_97617a69,929,recovery,1789799394.3103738,1789799394.320597,10.256,0,10.256,pass,,read_secondary,"{""background_write_acknowledged"": true, ""reads"": [{""version"": 929, ""max_seen_before"": 928, ""violation"": false}, {""version"": 929, ""max_seen_before"": 929, ""violation"": false}]}"
20260919T062932Z_97617a69,930,recovery,1789799394.320597,1789799394.3316522,10.991,0,10.991,pass,,read_secondary,"{""background_write_acknowledged"": true, ""reads"": [{""version"": 930, ""max_seen_before"": 929, ""violation"": false}, {""version"": 930, ""max_seen_before"": 930, ""violation"": false}]}"
20260919T062932Z_97617a69,931,recovery,1789799394.3316522,1789799394.3424525,10.714,0,10.714,pass,,read_secondary,"{""background_write_acknowledged"": true, ""reads"": [{""version"": 931, ""max_seen_before"": 930, ""violation"": false}, {""version"": 931, ""max_seen_before"": 931, ""violation"": false}]}"
20260919T062932Z_97617a69,932,recovery,1789799394.3424525,1789799394.3526957,10.313,0,10.313,pass,,read_secondary,"{""background_write_acknowledged"": true, ""reads"": [{""version"": 932, ""max_seen_before"": 931, ""violation"": false}, {""version"": 932, ""max_seen_before"": 932, ""violation"": false}]}"
20260919T062932Z_97617a69,933,recovery,1789799394.3526957,1789799394.3636925,10.998,0,10.998,pass,,read_secondary,"{""background_write_acknowledged"": true, ""reads"": [{""version"": 933, ""max_seen_before"": 932, ""violation"": false}, {""version"": 933, ""max_seen_before"": 933, ""violation"": false}]}"
20260919T062932Z_97617a69,934,recovery,1789799394.3643625,1789799394.374646,10.256,0,10.256,pass,,read_secondary,"{""background_write_acknowledged"": true, ""reads"": [{""version"": 934, ""max_seen_before"": 933, ""violation"": false}, {""version"": 934, ""max_seen_before"": 934, ""violation"": false}]}"
20260919T062932Z_97617a69,935,recovery,1789799394.374646,1789799394.3848329,10.131,0,10.131,pass,,read_secondary,"{""background_write_acknowledged"": true, ""reads"": [{""version"": 935, ""max_seen_before"": 934, ""violation"": false}, {""version"": 935, ""max_seen_before"": 935, ""violation"": false}]}"
20260919T062932Z_97617a69,936,recovery,1789799394.3848329,1789799394.3939269,9.268,0,9.268,pass,,read_secondary,"{""background_write_acknowledged"": true, ""reads"": [{""version"": 936, ""max_seen_before"": 935, ""violation"": false}, {""version"": 936, ""max_seen_before"": 936, ""violation"": false}]}"
20260919T062932Z_97617a69,937,recovery,1789799394.3939269,1789799394.404263,10.136,0,10.136,pass,,read_secondary,"{""background_write_acknowledged"": true, ""reads"": [{""version"": 937, ""max_seen_before"": 936, ""violation"": false}, {""version"": 937, ""max_seen_before"": 937, ""violation"": false}]}"
20260919T062932Z_97617a69,938,recovery,1789799394.404263,1789799394.4140425,9.896,0,9.896,pass,,read_secondary,"{""background_write_acknowledged"": true, ""reads"": [{""version"": 938, ""max_seen_before"": 937, ""violation"": false}, {""version"": 938, ""max_seen_before"": 938, ""violation"": false}]}"
20260919T062932Z_97617a69,939,recovery,1789799394.4146917,1789799394.4246025,9.972,0,9.972,pass,,read_secondary,"{""background_write_acknowledged"": true, ""reads"": [{""version"": 939, ""max_seen_before"": 938, ""violation"": false}, {""version"": 939, ""max_seen_before"": 939, ""violation"": false}]}"
20260919T062932Z_97617a69,940,recovery,1789799394.4246025,1789799394.4357316,11.001,0,11.001,pass,,read_secondary,"{""background_write_acknowledged"": true, ""reads"": [{""version"": 940, ""max_seen_before"": 939, ""violation"": false}, {""version"": 940, ""max_seen_before"": 940, ""violation"": false}]}"
20260919T062932Z_97617a69,941,recovery,1789799394.4357316,1789799394.4459293,10.304,0,10.304,pass,,read_secondary,"{""background_write_acknowledged"": true, ""reads"": [{""version"": 941, ""max_seen_before"": 940, ""violation"": false}, {""version"": 941, ""max_seen_before"": 941, ""violation"": false}]}"
20260919T062932Z_97617a69,942,recovery,1789799394.4459293,1789799394.4565957,10.659,0,10.659,pass,,read_secondary,"{""background_write_acknowledged"": true, ""reads"": [{""version"": 942, ""max_seen_before"": 941, ""violation"": false}, {""version"": 942, ""max_seen_before"": 942, ""violation"": false}]}"
20260919T062932Z_97617a69,943,recovery,1789799394.4565957,1789799394.4677722,11.138,0,11.138,pass,,read_secondary,"{""background_write_acknowledged"": true, ""reads"": [{""version"": 943, ""max_seen_before"": 942, ""violation"": false}, {""version"": 943, ""max_seen_before"": 943, ""violation"": false}]}"
20260919T062932Z_97617a69,944,recovery,1789799394.4677722,1789799394.4778204,9.932,0,9.932,pass,,read_secondary,"{""background_write_acknowledged"": true, ""reads"": [{""version"": 944, ""max_seen_before"": 943, ""violation"": false}, {""version"": 944, ""max_seen_before"": 944, ""violation"": false}]}"
20260919T062932Z_97617a69,945,recovery,1789799394.4778204,1789799394.4884942,10.319,0,10.319,pass,,read_secondary,"{""background_write_acknowledged"": true, ""reads"": [{""version"": 945, ""max_seen_before"": 944, ""violation"": false}, {""version"": 945, ""max_seen_before"": 945, ""violation"": false}]}"
20260919T062932Z_97617a69,946,recovery,1789799394.4884942,1789799394.4996402,10.94,0,10.94,pass,,read_secondary,"{""background_write_acknowledged"": true, ""reads"": [{""version"": 946, ""max_seen_before"": 945, ""violation"": false}, {""version"": 946, ""max_seen_before"": 946, ""violation"": false}]}"
20260919T062932Z_97617a69,947,recovery,1789799394.4996402,1789799394.509969,10.559,0,10.559,pass,,read_secondary,"{""background_write_acknowledged"": true, ""reads"": [{""version"": 947, ""max_seen_before"": 946, ""violation"": false}, {""version"": 947, ""max_seen_before"": 947, ""violation"": false}]}"
20260919T062932Z_97617a69,948,recovery,1789799394.509969,1789799394.5204022,10.357,0,10.357,pass,,read_secondary,"{""background_write_acknowledged"": true, ""reads"": [{""version"": 948, ""max_seen_before"": 947, ""violation"": false}, {""version"": 948, ""max_seen_before"": 948, ""violation"": false}]}"
20260919T062932Z_97617a69,949,recovery,1789799394.520949,1789799394.5318696,11.313,0,11.313,pass,,read_secondary,"{""background_write_acknowledged"": true, ""reads"": [{""version"": 949, ""max_seen_before"": 948, ""violation"": false}, {""version"": 949, ""max_seen_before"": 949, ""violation"": false}]}"
20260919T062932Z_97617a69,950,recovery,1789799394.5318696,1789799394.5417526,9.826,0,9.826,pass,,read_secondary,"{""background_write_acknowledged"": true, ""reads"": [{""version"": 950, ""max_seen_before"": 949, ""violation"": false}, {""version"": 950, ""max_seen_before"": 950, ""violation"": false}]}"
20260919T062932Z_97617a69,951,recovery,1789799394.5423489,1789799394.5523317,10.214,0,10.214,pass,,read_secondary,"{""background_write_acknowledged"": true, ""reads"": [{""version"": 951, ""max_seen_before"": 950, ""violation"": false}, {""version"": 951, ""max_seen_before"": 951, ""violation"": false}]}"
20260919T062932Z_97617a69,952,recovery,1789799394.5523317,1789799394.5615623,9.318,0,9.318,pass,,read_secondary,"{""background_write_acknowledged"": true, ""reads"": [{""version"": 952, ""max_seen_before"": 951, ""violation"": false}, {""version"": 952, ""max_seen_before"": 952, ""violation"": false}]}"
20260919T062932Z_97617a69,953,recovery,1789799394.5615623,1789799394.5715885,9.566,0,9.566,pass,,read_secondary,"{""background_write_acknowledged"": true, ""reads"": [{""version"": 953, ""max_seen_before"": 952, ""violation"": false}, {""version"": 953, ""max_seen_before"": 953, ""violation"": false}]}"
20260919T062932Z_97617a69,954,recovery,1789799394.5715885,1789799394.5810857,9.533,0,9.533,pass,,read_secondary,"{""background_write_acknowledged"": true, ""reads"": [{""version"": 954, ""max_seen_before"": 953, ""violation"": false}, {""version"": 954, ""max_seen_before"": 954, ""violation"": false}]}"
20260919T062932Z_97617a69,955,recovery,1789799394.5810857,1789799394.5914876,10.109,0,10.109,pass,,read_secondary,"{""background_write_acknowledged"": true, ""reads"": [{""version"": 955, ""max_seen_before"": 954, ""violation"": false}, {""version"": 955, ""max_seen_before"": 955, ""violation"": false}]}"
20260919T062932Z_97617a69,956,recovery,1789799394.5914876,1789799394.6010482,9.481,0,9.481,pass,,read_secondary,"{""background_write_acknowledged"": true, ""reads"": [{""version"": 956, ""max_seen_before"": 955, ""violation"": false}, {""version"": 956, ""max_seen_before"": 956, ""violation"": false}]}"
20260919T062932Z_97617a69,957,recovery,1789799394.6010482,1789799394.6120977,11.121,0,11.121,pass,,read_secondary,"{""background_write_acknowledged"": true, ""reads"": [{""version"": 957, ""max_seen_before"": 956, ""violation"": false}, {""version"": 957, ""max_seen_before"": 957, ""violation"": false}]}"
20260919T062932Z_97617a69,958,recovery,1789799394.6120977,1789799394.6227043,10.753,0,10.753,pass,,read_secondary,"{""background_write_acknowledged"": true, ""reads"": [{""version"": 958, ""max_seen_before"": 957, ""violation"": false}, {""version"": 958, ""max_seen_before"": 958, ""violation"": false}]}"
20260919T062932Z_97617a69,959,recovery,1789799394.6227043,1789799394.6342888,10.998,0,10.998,pass,,read_secondary,"{""background_write_acknowledged"": true, ""reads"": [{""version"": 959, ""max_seen_before"": 958, ""violation"": false}, {""version"": 959, ""max_seen_before"": 959, ""violation"": false}]}"
20260919T062932Z_97617a69,960,recovery,1789799394.6342888,1789799394.6459506,11.497,0,11.497,pass,,read_secondary,"{""background_write_acknowledged"": true, ""reads"": [{""version"": 960, ""max_seen_before"": 959, ""violation"": false}, {""version"": 960, ""max_seen_before"": 960, ""violation"": false}]}"
20260919T062932Z_97617a69,961,recovery,1789799394.6459506,1789799394.6591418,13.003,0,13.003,pass,,read_secondary,"{""background_write_acknowledged"": true, ""reads"": [{""version"": 961, ""max_seen_before"": 960, ""violation"": false}, {""version"": 961, ""max_seen_before"": 961, ""violation"": false}]}"
20260919T062932Z_97617a69,962,recovery,1789799394.6591418,1789799394.6715374,12.373,0,12.373,pass,,read_secondary,"{""background_write_acknowledged"": true, ""reads"": [{""version"": 962, ""max_seen_before"": 961, ""violation"": false}, {""version"": 962, ""max_seen_before"": 962, ""violation"": false}]}"
20260919T062932Z_97617a69,963,recovery,1789799394.6715374,1789799394.6819453,10.557,0,10.557,pass,,read_secondary,"{""background_write_acknowledged"": true, ""reads"": [{""version"": 963, ""max_seen_before"": 962, ""violation"": false}, {""version"": 963, ""max_seen_before"": 963, ""violation"": false}]}"
20260919T062932Z_97617a69,964,recovery,1789799394.682562,1789799394.6948411,12.232,0,12.232,pass,,read_secondary,"{""background_write_acknowledged"": true, ""reads"": [{""version"": 964, ""max_seen_before"": 963, ""violation"": false}, {""version"": 964, ""max_seen_before"": 964, ""violation"": false}]}"
20260919T062932Z_97617a69,965,recovery,1789799394.6948411,1789799394.7057705,10.88,0,10.88,pass,,read_secondary,"{""background_write_acknowledged"": true, ""reads"": [{""version"": 965, ""max_seen_before"": 964, ""violation"": false}, {""version"": 965, ""max_seen_before"": 965, ""violation"": false}]}"
20260919T062932Z_97617a69,966,recovery,1789799394.7057705,1789799394.717069,11.101,0,11.101,pass,,read_secondary,"{""background_write_acknowledged"": true, ""reads"": [{""version"": 966, ""max_seen_before"": 965, ""violation"": false}, {""version"": 966, ""max_seen_before"": 966, ""violation"": false}]}"
20260919T062932Z_97617a69,967,recovery,1789799394.717069,1789799394.729376,12.439,0,12.439,pass,,read_secondary,"{""background_write_acknowledged"": true, ""reads"": [{""version"": 967, ""max_seen_before"": 966, ""violation"": false}, {""version"": 967, ""max_seen_before"": 967, ""violation"": false}]}"
20260919T062932Z_97617a69,968,recovery,1789799394.729376,1789799394.7403834,10.795,0,10.795,pass,,read_secondary,"{""background_write_acknowledged"": true, ""reads"": [{""version"": 968, ""max_seen_before"": 967, ""violation"": false}, {""version"": 968, ""max_seen_before"": 968, ""violation"": false}]}"
20260919T062932Z_97617a69,969,recovery,1789799394.7403834,1789799394.7505455,9.839,0,9.839,pass,,read_secondary,"{""background_write_acknowledged"": true, ""reads"": [{""version"": 969, ""max_seen_before"": 968, ""violation"": false}, {""version"": 969, ""max_seen_before"": 969, ""violation"": false}]}"
20260919T062932Z_97617a69,970,recovery,1789799394.7505455,1789799394.760953,10.552,0,10.552,pass,,read_secondary,"{""background_write_acknowledged"": true, ""reads"": [{""version"": 970, ""max_seen_before"": 969, ""violation"": false}, {""version"": 970, ""max_seen_before"": 970, ""violation"": false}]}"
20260919T062932Z_97617a69,971,recovery,1789799394.760953,1789799394.7709448,9.911,0,9.911,pass,,read_secondary,"{""background_write_acknowledged"": true, ""reads"": [{""version"": 971, ""max_seen_before"": 970, ""violation"": false}, {""version"": 971, ""max_seen_before"": 971, ""violation"": false}]}"
20260919T062932Z_97617a69,972,recovery,1789799394.7709448,1789799394.780624,9.728,0,9.728,pass,,read_secondary,"{""background_write_acknowledged"": true, ""reads"": [{""version"": 972, ""max_seen_before"": 971, ""violation"": false}, {""version"": 972, ""max_seen_before"": 972, ""violation"": false}]}"
20260919T062932Z_97617a69,973,recovery,1789799394.781201,1789799394.79045,9.416,0,9.416,pass,,read_secondary,"{""background_write_acknowledged"": true, ""reads"": [{""version"": 973, ""max_seen_before"": 972, ""violation"": false}, {""version"": 973, ""max_seen_before"": 973, ""violation"": false}]}"
20260919T062932Z_97617a69,974,recovery,1789799394.79045,1789799394.800192,9.431,0,9.431,pass,,read_secondary,"{""background_write_acknowledged"": true, ""reads"": [{""version"": 974, ""max_seen_before"": 973, ""violation"": false}, {""version"": 974, ""max_seen_before"": 974, ""violation"": false}]}"
20260919T062932Z_97617a69,975,recovery,1789799394.800192,1789799394.8084538,8.896,0,8.896,pass,,read_secondary,"{""background_write_acknowledged"": true, ""reads"": [{""version"": 975, ""max_seen_before"": 974, ""violation"": false}, {""version"": 975, ""max_seen_before"": 975, ""violation"": false}]}"
20260919T062932Z_97617a69,976,recovery,1789799394.8092306,1789799394.8199816,10.904,0,10.904,pass,,read_secondary,"{""background_write_acknowledged"": true, ""reads"": [{""version"": 976, ""max_seen_before"": 975, ""violation"": false}, {""version"": 976, ""max_seen_before"": 976, ""violation"": false}]}"
20260919T062932Z_97617a69,977,recovery,1789799394.8199816,1789799394.8307354,10.503,0,10.503,pass,,read_secondary,"{""background_write_acknowledged"": true, ""reads"": [{""version"": 977, ""max_seen_before"": 976, ""violation"": false}, {""version"": 977, ""max_seen_before"": 977, ""violation"": false}]}"
20260919T062932Z_97617a69,978,recovery,1789799394.8307354,1789799394.8407292,9.864,0,9.864,pass,,read_secondary,"{""background_write_acknowledged"": true, ""reads"": [{""version"": 978, ""max_seen_before"": 977, ""violation"": false}, {""version"": 978, ""max_seen_before"": 978, ""violation"": false}]}"
20260919T062932Z_97617a69,979,recovery,1789799394.8407292,1789799394.8515763,11.082,0,11.082,pass,,read_secondary,"{""background_write_acknowledged"": true, ""reads"": [{""version"": 979, ""max_seen_before"": 978, ""violation"": false}, {""version"": 979, ""max_seen_before"": 979, ""violation"": false}]}"
20260919T062932Z_97617a69,980,recovery,1789799394.8515763,1789799394.86287,11.137,0,11.137,pass,,read_secondary,"{""background_write_acknowledged"": true, ""reads"": [{""version"": 980, ""max_seen_before"": 979, ""violation"": false}, {""version"": 980, ""max_seen_before"": 980, ""violation"": false}]}"
20260919T062932Z_97617a69,981,recovery,1789799394.86287,1789799394.8737516,10.909,0,10.909,pass,,read_secondary,"{""background_write_acknowledged"": true, ""reads"": [{""version"": 981, ""max_seen_before"": 980, ""violation"": false}, {""version"": 981, ""max_seen_before"": 981, ""violation"": false}]}"
20260919T062932Z_97617a69,982,recovery,1789799394.8743546,1789799394.8854861,11.069,0,11.069,pass,,read_secondary,"{""background_write_acknowledged"": true, ""reads"": [{""version"": 982, ""max_seen_before"": 981, ""violation"": false}, {""version"": 982, ""max_seen_before"": 982, ""violation"": false}]}"
20260919T062932Z_97617a69,983,recovery,1789799394.8854861,1789799394.895776,10.787,0,10.787,pass,,read_secondary,"{""background_write_acknowledged"": true, ""reads"": [{""version"": 983, ""max_seen_before"": 982, ""violation"": false}, {""version"": 983, ""max_seen_before"": 983, ""violation"": false}]}"
20260919T062932Z_97617a69,984,recovery,1789799394.895776,1789799394.9072278,11.037,0,11.037,pass,,read_secondary,"{""background_write_acknowledged"": true, ""reads"": [{""version"": 984, ""max_seen_before"": 983, ""violation"": false}, {""version"": 984, ""max_seen_before"": 984, ""violation"": false}]}"
20260919T062932Z_97617a69,985,recovery,1789799394.9072278,1789799394.9188013,11.19,0,11.19,pass,,read_secondary,"{""background_write_acknowledged"": true, ""reads"": [{""version"": 985, ""max_seen_before"": 984, ""violation"": false}, {""version"": 985, ""max_seen_before"": 985, ""violation"": false}]}"
20260919T062932Z_97617a69,986,recovery,1789799394.9188013,1789799394.9283924,9.813,0,9.813,pass,,read_secondary,"{""background_write_acknowledged"": true, ""reads"": [{""version"": 986, ""max_seen_before"": 985, ""violation"": false}, {""version"": 986, ""max_seen_before"": 986, ""violation"": false}]}"
20260919T062932Z_97617a69,987,recovery,1789799394.9283924,1789799394.938426,9.94,0,9.94,pass,,read_secondary,"{""background_write_acknowledged"": true, ""reads"": [{""version"": 987, ""max_seen_before"": 986, ""violation"": false}, {""version"": 987, ""max_seen_before"": 987, ""violation"": false}]}"
20260919T062932Z_97617a69,988,recovery,1789799394.938426,1789799394.9484727,9.584,0,9.584,pass,,read_secondary,"{""background_write_acknowledged"": true, ""reads"": [{""version"": 988, ""max_seen_before"": 987, ""violation"": false}, {""version"": 988, ""max_seen_before"": 988, ""violation"": false}]}"
20260919T062932Z_97617a69,989,recovery,1789799394.9484727,1789799394.958556,10.153,0,10.153,pass,,read_secondary,"{""background_write_acknowledged"": true, ""reads"": [{""version"": 989, ""max_seen_before"": 988, ""violation"": false}, {""version"": 989, ""max_seen_before"": 989, ""violation"": false}]}"
20260919T062932Z_97617a69,990,recovery,1789799394.958556,1789799394.9690113,10.426,0,10.426,pass,,read_secondary,"{""background_write_acknowledged"": true, ""reads"": [{""version"": 990, ""max_seen_before"": 989, ""violation"": false}, {""version"": 990, ""max_seen_before"": 990, ""violation"": false}]}"
20260919T062932Z_97617a69,991,recovery,1789799394.9690113,1789799394.9798312,11.091,0,11.091,pass,,read_secondary,"{""background_write_acknowledged"": true, ""reads"": [{""version"": 991, ""max_seen_before"": 990, ""violation"": false}, {""version"": 991, ""max_seen_before"": 991, ""violation"": false}]}"
20260919T062932Z_97617a69,992,recovery,1789799394.980619,1789799394.9906173,10.499,0,10.499,pass,,read_secondary,"{""background_write_acknowledged"": true, ""reads"": [{""version"": 992, ""max_seen_before"": 991, ""violation"": false}, {""version"": 992, ""max_seen_before"": 992, ""violation"": false}]}"
20260919T062932Z_97617a69,993,recovery,1789799394.9912362,1789799395.0016913,10.523,0,10.523,pass,,read_secondary,"{""background_write_acknowledged"": true, ""reads"": [{""version"": 993, ""max_seen_before"": 992, ""violation"": false}, {""version"": 993, ""max_seen_before"": 993, ""violation"": false}]}"
20260919T062932Z_97617a69,994,recovery,1789799395.0016913,1789799395.010973,9.242,0,9.242,pass,,read_secondary,"{""background_write_acknowledged"": true, ""reads"": [{""version"": 994, ""max_seen_before"": 993, ""violation"": false}, {""version"": 994, ""max_seen_before"": 994, ""violation"": false}]}"
20260919T062932Z_97617a69,995,recovery,1789799395.010973,1789799395.020156,9.179,0,9.179,pass,,read_secondary,"{""background_write_acknowledged"": true, ""reads"": [{""version"": 995, ""max_seen_before"": 994, ""violation"": false}, {""version"": 995, ""max_seen_before"": 995, ""violation"": false}]}"
20260919T062932Z_97617a69,996,recovery,1789799395.020156,1789799395.0303917,9.817,0,9.817,pass,,read_secondary,"{""background_write_acknowledged"": true, ""reads"": [{""version"": 996, ""max_seen_before"": 995, ""violation"": false}, {""version"": 996, ""max_seen_before"": 996, ""violation"": false}]}"
20260919T062932Z_97617a69,997,recovery,1789799395.0303917,1789799395.0404072,10.294,0,10.294,pass,,read_secondary,"{""background_write_acknowledged"": true, ""reads"": [{""version"": 997, ""max_seen_before"": 996, ""violation"": false}, {""version"": 997, ""max_seen_before"": 997, ""violation"": false}]}"
20260919T062932Z_97617a69,998,recovery,1789799395.0404072,1789799395.0514407,10.993,0,10.993,pass,,read_secondary,"{""background_write_acknowledged"": true, ""reads"": [{""version"": 998, ""max_seen_before"": 997, ""violation"": false}, {""version"": 998, ""max_seen_before"": 998, ""violation"": false}]}"
20260919T062932Z_97617a69,999,recovery,1789799395.051986,1789799395.061741,10.183,0,10.183,pass,,read_secondary,"{""background_write_acknowledged"": true, ""reads"": [{""version"": 999, ""max_seen_before"": 998, ""violation"": false}, {""version"": 999, ""max_seen_before"": 999, ""violation"": false}]}"
20260919T062932Z_97617a69,1000,recovery,1789799395.0622947,1789799395.0719922,9.757,0,9.757,pass,,read_secondary,"{""background_write_acknowledged"": true, ""reads"": [{""version"": 1000, ""max_seen_before"": 999, ""violation"": false}, {""version"": 1000, ""max_seen_before"": 1000, ""violation"": false}]}"
