run_id,iteration,phase,start_time,end_time,latency_ms,management_ms,workload_ms,verdict,error,last_stage,details_json
20260918T142903Z_be5aa8ad,1,normal,1789741744.6962378,1789741744.751188,54.73,0,54.73,pass,,independent_snapshot,"{""prerequisite_acknowledged"": true, ""client_b_read_v1"": true, ""dependent_acknowledged"": true, ""visible_ids"": [""v1:1"", ""v2:1""], ""snapshot_polls"": 1}"
20260918T142903Z_be5aa8ad,2,normal,1789741744.7517836,1789741744.7731483,21.419,0,21.419,pass,,independent_snapshot,"{""prerequisite_acknowledged"": true, ""client_b_read_v1"": true, ""dependent_acknowledged"": true, ""visible_ids"": [""v1:2"", ""v2:2""], ""snapshot_polls"": 1}"
20260918T142903Z_be5aa8ad,3,normal,1789741744.7737117,1789741744.791696,18.458,0,18.458,pass,,independent_snapshot,"{""prerequisite_acknowledged"": true, ""client_b_read_v1"": true, ""dependent_acknowledged"": true, ""visible_ids"": [""v1:3"", ""v2:3""], ""snapshot_polls"": 1}"
20260918T142903Z_be5aa8ad,4,normal,1789741744.7923975,1789741744.8117545,19.457,0,19.457,pass,,independent_snapshot,"{""prerequisite_acknowledged"": true, ""client_b_read_v1"": true, ""dependent_acknowledged"": true, ""visible_ids"": [""v1:4"", ""v2:4""], ""snapshot_polls"": 1}"
20260918T142903Z_be5aa8ad,5,normal,1789741744.8117545,1789741744.860081,48.458,0,48.458,pass,,independent_snapshot,"{""prerequisite_acknowledged"": true, ""client_b_read_v1"": true, ""dependent_acknowledged"": true, ""visible_ids"": [""v1:5"", ""v2:5""], ""snapshot_polls"": 1}"
20260918T142903Z_be5aa8ad,6,normal,1789741744.860081,1789741744.880099,19.976,0,19.976,pass,,independent_snapshot,"{""prerequisite_acknowledged"": true, ""client_b_read_v1"": true, ""dependent_acknowledged"": true, ""visible_ids"": [""v1:6"", ""v2:6""], ""snapshot_polls"": 1}"
20260918T142903Z_be5aa8ad,7,normal,1789741744.880099,1789741744.8992708,18.87,0,18.87,pass,,independent_snapshot,"{""prerequisite_acknowledged"": true, ""client_b_read_v1"": true, ""dependent_acknowledged"": true, ""visible_ids"": [""v1:7"", ""v2:7""], ""snapshot_polls"": 1}"
20260918T142903Z_be5aa8ad,8,normal,1789741744.8992708,1789741744.9181616,19.012,0,19.012,pass,,independent_snapshot,"{""prerequisite_acknowledged"": true, ""client_b_read_v1"": true, ""dependent_acknowledged"": true, ""visible_ids"": [""v1:8"", ""v2:8""], ""snapshot_polls"": 1}"
20260918T142903Z_be5aa8ad,9,normal,1789741744.9187443,1789741744.9373238,18.745,0,18.745,pass,,independent_snapshot,"{""prerequisite_acknowledged"": true, ""client_b_read_v1"": true, ""dependent_acknowledged"": true, ""visible_ids"": [""v1:9"", ""v2:9""], ""snapshot_polls"": 1}"
20260918T142903Z_be5aa8ad,10,normal,1789741744.9373238,1789741744.9590082,21.417,0,21.417,pass,,independent_snapshot,"{""prerequisite_acknowledged"": true, ""client_b_read_v1"": true, ""dependent_acknowledged"": true, ""visible_ids"": [""v1:10"", ""v2:10""], ""snapshot_polls"": 1}"
20260918T142903Z_be5aa8ad,11,normal,1789741744.9590082,1789741744.981863,22.774,0,22.774,pass,,independent_snapshot,"{""prerequisite_acknowledged"": true, ""client_b_read_v1"": true, ""dependent_acknowledged"": true, ""visible_ids"": [""v1:11"", ""v2:11""], ""snapshot_polls"": 1}"
20260918T142903Z_be5aa8ad,12,normal,1789741744.981863,1789741745.0017939,20.018,0,20.018,pass,,independent_snapshot,"{""prerequisite_acknowledged"": true, ""client_b_read_v1"": true, ""dependent_acknowledged"": true, ""visible_ids"": [""v1:12"", ""v2:12""], ""snapshot_polls"": 1}"
20260918T142903Z_be5aa8ad,13,normal,1789741745.0017939,1789741745.0221257,20.446,0,20.446,pass,,independent_snapshot,"{""prerequisite_acknowledged"": true, ""client_b_read_v1"": true, ""dependent_acknowledged"": true, ""visible_ids"": [""v1:13"", ""v2:13""], ""snapshot_polls"": 1}"
20260918T142903Z_be5aa8ad,14,normal,1789741745.0226772,1789741745.0405695,18.0,0,18.0,pass,,independent_snapshot,"{""prerequisite_acknowledged"": true, ""client_b_read_v1"": true, ""dependent_acknowledged"": true, ""visible_ids"": [""v1:14"", ""v2:14""], ""snapshot_polls"": 1}"
20260918T142903Z_be5aa8ad,15,normal,1789741745.0405695,1789741745.06042,19.793,0,19.793,pass,,independent_snapshot,"{""prerequisite_acknowledged"": true, ""client_b_read_v1"": true, ""dependent_acknowledged"": true, ""visible_ids"": [""v1:15"", ""v2:15""], ""snapshot_polls"": 1}"
20260918T142903Z_be5aa8ad,16,normal,1789741745.06042,1789741745.0838542,23.315,0,23.315,pass,,independent_snapshot,"{""prerequisite_acknowledged"": true, ""client_b_read_v1"": true, ""dependent_acknowledged"": true, ""visible_ids"": [""v1:16"", ""v2:16""], ""snapshot_polls"": 1}"
20260918T142903Z_be5aa8ad,17,normal,1789741745.0838542,1789741745.1031806,19.201,0,19.201,pass,,independent_snapshot,"{""prerequisite_acknowledged"": true, ""client_b_read_v1"": true, ""dependent_acknowledged"": true, ""visible_ids"": [""v1:17"", ""v2:17""], ""snapshot_polls"": 1}"
20260918T142903Z_be5aa8ad,18,normal,1789741745.1031806,1789741745.1233962,20.006,0,20.006,pass,,independent_snapshot,"{""prerequisite_acknowledged"": true, ""client_b_read_v1"": true, ""dependent_acknowledged"": true, ""visible_ids"": [""v1:18"", ""v2:18""], ""snapshot_polls"": 1}"
20260918T142903Z_be5aa8ad,19,normal,1789741745.1233962,1789741745.1430376,19.662,0,19.662,pass,,independent_snapshot,"{""prerequisite_acknowledged"": true, ""client_b_read_v1"": true, ""dependent_acknowledged"": true, ""visible_ids"": [""v1:19"", ""v2:19""], ""snapshot_polls"": 1}"
20260918T142903Z_be5aa8ad,20,normal,1789741745.1430376,1789741745.1629095,19.821,0,19.821,pass,,independent_snapshot,"{""prerequisite_acknowledged"": true, ""client_b_read_v1"": true, ""dependent_acknowledged"": true, ""visible_ids"": [""v1:20"", ""v2:20""], ""snapshot_polls"": 1}"
20260918T142903Z_be5aa8ad,21,normal,1789741745.1629095,1789741745.1832025,20.194,0,20.194,pass,,independent_snapshot,"{""prerequisite_acknowledged"": true, ""client_b_read_v1"": true, ""dependent_acknowledged"": true, ""visible_ids"": [""v1:21"", ""v2:21""], ""snapshot_polls"": 1}"
20260918T142903Z_be5aa8ad,22,normal,1789741745.1832025,1789741745.203417,19.796,0,19.796,pass,,independent_snapshot,"{""prerequisite_acknowledged"": true, ""client_b_read_v1"": true, ""dependent_acknowledged"": true, ""visible_ids"": [""v1:22"", ""v2:22""], ""snapshot_polls"": 1}"
20260918T142903Z_be5aa8ad,23,normal,1789741745.203417,1789741745.223734,20.636,0,20.636,pass,,independent_snapshot,"{""prerequisite_acknowledged"": true, ""client_b_read_v1"": true, ""dependent_acknowledged"": true, ""visible_ids"": [""v1:23"", ""v2:23""], ""snapshot_polls"": 1}"
20260918T142903Z_be5aa8ad,24,normal,1789741745.223734,1789741745.244411,20.208,0,20.208,pass,,independent_snapshot,"{""prerequisite_acknowledged"": true, ""client_b_read_v1"": true, ""dependent_acknowledged"": true, ""visible_ids"": [""v1:24"", ""v2:24""], ""snapshot_polls"": 1}"
20260918T142903Z_be5aa8ad,25,normal,1789741745.244411,1789741745.2662723,21.755,0,21.755,pass,,independent_snapshot,"{""prerequisite_acknowledged"": true, ""client_b_read_v1"": true, ""dependent_acknowledged"": true, ""visible_ids"": [""v1:25"", ""v2:25""], ""snapshot_polls"": 1}"
20260918T142903Z_be5aa8ad,26,normal,1789741745.2662723,1789741745.2879775,22.102,0,22.102,pass,,independent_snapshot,"{""prerequisite_acknowledged"": true, ""client_b_read_v1"": true, ""dependent_acknowledged"": true, ""visible_ids"": [""v1:26"", ""v2:26""], ""snapshot_polls"": 1}"
20260918T142903Z_be5aa8ad,27,normal,1789741745.2885742,1789741745.30691,18.508,0,18.508,pass,,independent_snapshot,"{""prerequisite_acknowledged"": true, ""client_b_read_v1"": true, ""dependent_acknowledged"": true, ""visible_ids"": [""v1:27"", ""v2:27""], ""snapshot_polls"": 1}"
20260918T142903Z_be5aa8ad,28,normal,1789741745.30691,1789741745.3283086,21.171,0,21.171,pass,,independent_snapshot,"{""prerequisite_acknowledged"": true, ""client_b_read_v1"": true, ""dependent_acknowledged"": true, ""visible_ids"": [""v1:28"", ""v2:28""], ""snapshot_polls"": 1}"
20260918T142903Z_be5aa8ad,29,normal,1789741745.3283086,1789741745.3471844,18.948,0,18.948,pass,,independent_snapshot,"{""prerequisite_acknowledged"": true, ""client_b_read_v1"": true, ""dependent_acknowledged"": true, ""visible_ids"": [""v1:29"", ""v2:29""], ""snapshot_polls"": 1}"
20260918T142903Z_be5aa8ad,30,normal,1789741745.3471844,1789741745.3684359,20.742,0,20.742,pass,,independent_snapshot,"{""prerequisite_acknowledged"": true, ""client_b_read_v1"": true, ""dependent_acknowledged"": true, ""visible_ids"": [""v1:30"", ""v2:30""], ""snapshot_polls"": 1}"
20260918T142903Z_be5aa8ad,31,normal,1789741745.3684359,1789741745.389846,21.35,0,21.35,pass,,independent_snapshot,"{""prerequisite_acknowledged"": true, ""client_b_read_v1"": true, ""dependent_acknowledged"": true, ""visible_ids"": [""v1:31"", ""v2:31""], ""snapshot_polls"": 1}"
20260918T142903Z_be5aa8ad,32,normal,1789741745.389846,1789741745.4099712,20.162,0,20.162,pass,,independent_snapshot,"{""prerequisite_acknowledged"": true, ""client_b_read_v1"": true, ""dependent_acknowledged"": true, ""visible_ids"": [""v1:32"", ""v2:32""], ""snapshot_polls"": 1}"
20260918T142903Z_be5aa8ad,33,normal,1789741745.4099712,1789741745.4286613,19.017,0,19.017,pass,,independent_snapshot,"{""prerequisite_acknowledged"": true, ""client_b_read_v1"": true, ""dependent_acknowledged"": true, ""visible_ids"": [""v1:33"", ""v2:33""], ""snapshot_polls"": 1}"
20260918T142903Z_be5aa8ad,34,normal,1789741745.4293106,1789741745.4526825,23.55,0,23.55,pass,,independent_snapshot,"{""prerequisite_acknowledged"": true, ""client_b_read_v1"": true, ""dependent_acknowledged"": true, ""visible_ids"": [""v1:34"", ""v2:34""], ""snapshot_polls"": 1}"
20260918T142903Z_be5aa8ad,35,normal,1789741745.4526825,1789741745.4723864,19.5,0,19.5,pass,,independent_snapshot,"{""prerequisite_acknowledged"": true, ""client_b_read_v1"": true, ""dependent_acknowledged"": true, ""visible_ids"": [""v1:35"", ""v2:35""], ""snapshot_polls"": 1}"
20260918T142903Z_be5aa8ad,36,normal,1789741745.4723864,1789741745.4947402,22.655,0,22.655,pass,,independent_snapshot,"{""prerequisite_acknowledged"": true, ""client_b_read_v1"": true, ""dependent_acknowledged"": true, ""visible_ids"": [""v1:36"", ""v2:36""], ""snapshot_polls"": 1}"
20260918T142903Z_be5aa8ad,37,normal,1789741745.4953485,1789741745.5163689,21.24,0,21.24,pass,,independent_snapshot,"{""prerequisite_acknowledged"": true, ""client_b_read_v1"": true, ""dependent_acknowledged"": true, ""visible_ids"": [""v1:37"", ""v2:37""], ""snapshot_polls"": 1}"
20260918T142903Z_be5aa8ad,38,normal,1789741745.5163689,1789741745.5401387,23.426,0,23.426,pass,,independent_snapshot,"{""prerequisite_acknowledged"": true, ""client_b_read_v1"": true, ""dependent_acknowledged"": true, ""visible_ids"": [""v1:38"", ""v2:38""], ""snapshot_polls"": 1}"
20260918T142903Z_be5aa8ad,39,normal,1789741745.5401387,1789741745.5613952,21.177,0,21.177,pass,,independent_snapshot,"{""prerequisite_acknowledged"": true, ""client_b_read_v1"": true, ""dependent_acknowledged"": true, ""visible_ids"": [""v1:39"", ""v2:39""], ""snapshot_polls"": 1}"
20260918T142903Z_be5aa8ad,40,normal,1789741745.5613952,1789741745.5823634,21.354,0,21.354,pass,,independent_snapshot,"{""prerequisite_acknowledged"": true, ""client_b_read_v1"": true, ""dependent_acknowledged"": true, ""visible_ids"": [""v1:40"", ""v2:40""], ""snapshot_polls"": 1}"
20260918T142903Z_be5aa8ad,41,normal,1789741745.5829902,1789741745.604591,21.719,0,21.719,pass,,independent_snapshot,"{""prerequisite_acknowledged"": true, ""client_b_read_v1"": true, ""dependent_acknowledged"": true, ""visible_ids"": [""v1:41"", ""v2:41""], ""snapshot_polls"": 1}"
20260918T142903Z_be5aa8ad,42,normal,1789741745.604591,1789741745.6285596,24.078,0,24.078,pass,,independent_snapshot,"{""prerequisite_acknowledged"": true, ""client_b_read_v1"": true, ""dependent_acknowledged"": true, ""visible_ids"": [""v1:42"", ""v2:42""], ""snapshot_polls"": 1}"
20260918T142903Z_be5aa8ad,43,normal,1789741745.6285596,1789741745.6489677,20.092,0,20.092,pass,,independent_snapshot,"{""prerequisite_acknowledged"": true, ""client_b_read_v1"": true, ""dependent_acknowledged"": true, ""visible_ids"": [""v1:43"", ""v2:43""], ""snapshot_polls"": 1}"
20260918T142903Z_be5aa8ad,44,normal,1789741745.6489677,1789741745.6687877,19.617,0,19.617,pass,,independent_snapshot,"{""prerequisite_acknowledged"": true, ""client_b_read_v1"": true, ""dependent_acknowledged"": true, ""visible_ids"": [""v1:44"", ""v2:44""], ""snapshot_polls"": 1}"
20260918T142903Z_be5aa8ad,45,normal,1789741745.6687877,1789741745.6898236,21.033,0,21.033,pass,,independent_snapshot,"{""prerequisite_acknowledged"": true, ""client_b_read_v1"": true, ""dependent_acknowledged"": true, ""visible_ids"": [""v1:45"", ""v2:45""], ""snapshot_polls"": 1}"
20260918T142903Z_be5aa8ad,46,normal,1789741745.6898236,1789741745.7101443,20.361,0,20.361,pass,,independent_snapshot,"{""prerequisite_acknowledged"": true, ""client_b_read_v1"": true, ""dependent_acknowledged"": true, ""visible_ids"": [""v1:46"", ""v2:46""], ""snapshot_polls"": 1}"
20260918T142903Z_be5aa8ad,47,normal,1789741745.7101443,1789741745.732034,21.483,0,21.483,pass,,independent_snapshot,"{""prerequisite_acknowledged"": true, ""client_b_read_v1"": true, ""dependent_acknowledged"": true, ""visible_ids"": [""v1:47"", ""v2:47""], ""snapshot_polls"": 1}"
20260918T142903Z_be5aa8ad,48,normal,1789741745.732034,1789741745.7519686,19.726,0,19.726,pass,,independent_snapshot,"{""prerequisite_acknowledged"": true, ""client_b_read_v1"": true, ""dependent_acknowledged"": true, ""visible_ids"": [""v1:48"", ""v2:48""], ""snapshot_polls"": 1}"
20260918T142903Z_be5aa8ad,49,normal,1789741745.7519686,1789741745.7728179,21.241,0,21.241,pass,,independent_snapshot,"{""prerequisite_acknowledged"": true, ""client_b_read_v1"": true, ""dependent_acknowledged"": true, ""visible_ids"": [""v1:49"", ""v2:49""], ""snapshot_polls"": 1}"
20260918T142903Z_be5aa8ad,50,normal,1789741745.7728179,1789741745.7970114,23.948,0,23.948,pass,,independent_snapshot,"{""prerequisite_acknowledged"": true, ""client_b_read_v1"": true, ""dependent_acknowledged"": true, ""visible_ids"": [""v1:50"", ""v2:50""], ""snapshot_polls"": 1}"
20260918T142903Z_be5aa8ad,51,normal,1789741745.7970114,1789741745.8159788,18.919,0,18.919,pass,,independent_snapshot,"{""prerequisite_acknowledged"": true, ""client_b_read_v1"": true, ""dependent_acknowledged"": true, ""visible_ids"": [""v1:51"", ""v2:51""], ""snapshot_polls"": 1}"
20260918T142903Z_be5aa8ad,52,normal,1789741745.8165522,1789741745.83713,20.775,0,20.775,pass,,independent_snapshot,"{""prerequisite_acknowledged"": true, ""client_b_read_v1"": true, ""dependent_acknowledged"": true, ""visible_ids"": [""v1:52"", ""v2:52""], ""snapshot_polls"": 1}"
20260918T142903Z_be5aa8ad,53,normal,1789741745.83713,1789741745.8564205,19.212,0,19.212,pass,,independent_snapshot,"{""prerequisite_acknowledged"": true, ""client_b_read_v1"": true, ""dependent_acknowledged"": true, ""visible_ids"": [""v1:53"", ""v2:53""], ""snapshot_polls"": 1}"
20260918T142903Z_be5aa8ad,54,normal,1789741745.8564205,1789741745.8764164,19.95,0,19.95,pass,,independent_snapshot,"{""prerequisite_acknowledged"": true, ""client_b_read_v1"": true, ""dependent_acknowledged"": true, ""visible_ids"": [""v1:54"", ""v2:54""], ""snapshot_polls"": 1}"
20260918T142903Z_be5aa8ad,55,normal,1789741745.8764164,1789741745.8957047,18.938,0,18.938,pass,,independent_snapshot,"{""prerequisite_acknowledged"": true, ""client_b_read_v1"": true, ""dependent_acknowledged"": true, ""visible_ids"": [""v1:55"", ""v2:55""], ""snapshot_polls"": 1}"
20260918T142903Z_be5aa8ad,56,normal,1789741745.8957047,1789741745.917624,22.32,0,22.32,pass,,independent_snapshot,"{""prerequisite_acknowledged"": true, ""client_b_read_v1"": true, ""dependent_acknowledged"": true, ""visible_ids"": [""v1:56"", ""v2:56""], ""snapshot_polls"": 1}"
20260918T142903Z_be5aa8ad,57,normal,1789741745.917624,1789741745.9395437,21.276,0,21.276,pass,,independent_snapshot,"{""prerequisite_acknowledged"": true, ""client_b_read_v1"": true, ""dependent_acknowledged"": true, ""visible_ids"": [""v1:57"", ""v2:57""], ""snapshot_polls"": 1}"
20260918T142903Z_be5aa8ad,58,normal,1789741745.9395437,1789741745.9600646,21.282,0,21.282,pass,,independent_snapshot,"{""prerequisite_acknowledged"": true, ""client_b_read_v1"": true, ""dependent_acknowledged"": true, ""visible_ids"": [""v1:58"", ""v2:58""], ""snapshot_polls"": 1}"
20260918T142903Z_be5aa8ad,59,normal,1789741745.9610744,1789741745.978951,17.929,0,17.929,pass,,independent_snapshot,"{""prerequisite_acknowledged"": true, ""client_b_read_v1"": true, ""dependent_acknowledged"": true, ""visible_ids"": [""v1:59"", ""v2:59""], ""snapshot_polls"": 1}"
20260918T142903Z_be5aa8ad,60,normal,1789741745.978951,1789741745.9991024,20.408,0,20.408,pass,,independent_snapshot,"{""prerequisite_acknowledged"": true, ""client_b_read_v1"": true, ""dependent_acknowledged"": true, ""visible_ids"": [""v1:60"", ""v2:60""], ""snapshot_polls"": 1}"
20260918T142903Z_be5aa8ad,61,normal,1789741745.9997144,1789741746.0168161,17.274,0,17.274,pass,,independent_snapshot,"{""prerequisite_acknowledged"": true, ""client_b_read_v1"": true, ""dependent_acknowledged"": true, ""visible_ids"": [""v1:61"", ""v2:61""], ""snapshot_polls"": 1}"
20260918T142903Z_be5aa8ad,62,normal,1789741746.0168161,1789741746.0356882,18.803,0,18.803,pass,,independent_snapshot,"{""prerequisite_acknowledged"": true, ""client_b_read_v1"": true, ""dependent_acknowledged"": true, ""visible_ids"": [""v1:62"", ""v2:62""], ""snapshot_polls"": 1}"
20260918T142903Z_be5aa8ad,63,normal,1789741746.0359936,1789741746.0547388,18.808,0,18.808,pass,,independent_snapshot,"{""prerequisite_acknowledged"": true, ""client_b_read_v1"": true, ""dependent_acknowledged"": true, ""visible_ids"": [""v1:63"", ""v2:63""], ""snapshot_polls"": 1}"
20260918T142903Z_be5aa8ad,64,normal,1789741746.0547388,1789741746.0734434,18.567,0,18.567,pass,,independent_snapshot,"{""prerequisite_acknowledged"": true, ""client_b_read_v1"": true, ""dependent_acknowledged"": true, ""visible_ids"": [""v1:64"", ""v2:64""], ""snapshot_polls"": 1}"
20260918T142903Z_be5aa8ad,65,normal,1789741746.0734434,1789741746.0912812,17.796,0,17.796,pass,,independent_snapshot,"{""prerequisite_acknowledged"": true, ""client_b_read_v1"": true, ""dependent_acknowledged"": true, ""visible_ids"": [""v1:65"", ""v2:65""], ""snapshot_polls"": 1}"
20260918T142903Z_be5aa8ad,66,normal,1789741746.0912812,1789741746.1123095,20.874,0,20.874,pass,,independent_snapshot,"{""prerequisite_acknowledged"": true, ""client_b_read_v1"": true, ""dependent_acknowledged"": true, ""visible_ids"": [""v1:66"", ""v2:66""], ""snapshot_polls"": 1}"
20260918T142903Z_be5aa8ad,67,normal,1789741746.1123095,1789741746.1313887,19.007,0,19.007,pass,,independent_snapshot,"{""prerequisite_acknowledged"": true, ""client_b_read_v1"": true, ""dependent_acknowledged"": true, ""visible_ids"": [""v1:67"", ""v2:67""], ""snapshot_polls"": 1}"
20260918T142903Z_be5aa8ad,68,normal,1789741746.1313887,1789741746.1520057,20.817,0,20.817,pass,,independent_snapshot,"{""prerequisite_acknowledged"": true, ""client_b_read_v1"": true, ""dependent_acknowledged"": true, ""visible_ids"": [""v1:68"", ""v2:68""], ""snapshot_polls"": 1}"
20260918T142903Z_be5aa8ad,69,normal,1789741746.1520057,1789741746.1696315,17.562,0,17.562,pass,,independent_snapshot,"{""prerequisite_acknowledged"": true, ""client_b_read_v1"": true, ""dependent_acknowledged"": true, ""visible_ids"": [""v1:69"", ""v2:69""], ""snapshot_polls"": 1}"
20260918T142903Z_be5aa8ad,70,normal,1789741746.1702423,1789741746.188106,17.956,0,17.956,pass,,independent_snapshot,"{""prerequisite_acknowledged"": true, ""client_b_read_v1"": true, ""dependent_acknowledged"": true, ""visible_ids"": [""v1:70"", ""v2:70""], ""snapshot_polls"": 1}"
20260918T142903Z_be5aa8ad,71,normal,1789741746.188106,1789741746.2069173,19.001,0,19.001,pass,,independent_snapshot,"{""prerequisite_acknowledged"": true, ""client_b_read_v1"": true, ""dependent_acknowledged"": true, ""visible_ids"": [""v1:71"", ""v2:71""], ""snapshot_polls"": 1}"
20260918T142903Z_be5aa8ad,72,normal,1789741746.2069173,1789741746.226105,19.314,0,19.314,pass,,independent_snapshot,"{""prerequisite_acknowledged"": true, ""client_b_read_v1"": true, ""dependent_acknowledged"": true, ""visible_ids"": [""v1:72"", ""v2:72""], ""snapshot_polls"": 1}"
20260918T142903Z_be5aa8ad,73,normal,1789741746.226105,1789741746.2463942,19.586,0,19.586,pass,,independent_snapshot,"{""prerequisite_acknowledged"": true, ""client_b_read_v1"": true, ""dependent_acknowledged"": true, ""visible_ids"": [""v1:73"", ""v2:73""], ""snapshot_polls"": 1}"
20260918T142903Z_be5aa8ad,74,normal,1789741746.2463942,1789741746.2681851,21.74,0,21.74,pass,,independent_snapshot,"{""prerequisite_acknowledged"": true, ""client_b_read_v1"": true, ""dependent_acknowledged"": true, ""visible_ids"": [""v1:74"", ""v2:74""], ""snapshot_polls"": 1}"
20260918T142903Z_be5aa8ad,75,normal,1789741746.2681851,1789741746.287188,19.052,0,19.052,pass,,independent_snapshot,"{""prerequisite_acknowledged"": true, ""client_b_read_v1"": true, ""dependent_acknowledged"": true, ""visible_ids"": [""v1:75"", ""v2:75""], ""snapshot_polls"": 1}"
20260918T142903Z_be5aa8ad,76,normal,1789741746.287188,1789741746.3059213,18.543,0,18.543,pass,,independent_snapshot,"{""prerequisite_acknowledged"": true, ""client_b_read_v1"": true, ""dependent_acknowledged"": true, ""visible_ids"": [""v1:76"", ""v2:76""], ""snapshot_polls"": 1}"
20260918T142903Z_be5aa8ad,77,normal,1789741746.3059213,1789741746.3243935,18.186,0,18.186,pass,,independent_snapshot,"{""prerequisite_acknowledged"": true, ""client_b_read_v1"": true, ""dependent_acknowledged"": true, ""visible_ids"": [""v1:77"", ""v2:77""], ""snapshot_polls"": 1}"
20260918T142903Z_be5aa8ad,78,normal,1789741746.3243935,1789741746.3415518,17.534,0,17.534,pass,,independent_snapshot,"{""prerequisite_acknowledged"": true, ""client_b_read_v1"": true, ""dependent_acknowledged"": true, ""visible_ids"": [""v1:78"", ""v2:78""], ""snapshot_polls"": 1}"
20260918T142903Z_be5aa8ad,79,normal,1789741746.3415518,1789741746.363437,21.616,0,21.616,pass,,independent_snapshot,"{""prerequisite_acknowledged"": true, ""client_b_read_v1"": true, ""dependent_acknowledged"": true, ""visible_ids"": [""v1:79"", ""v2:79""], ""snapshot_polls"": 1}"
20260918T142903Z_be5aa8ad,80,normal,1789741746.363437,1789741746.3825717,19.017,0,19.017,pass,,independent_snapshot,"{""prerequisite_acknowledged"": true, ""client_b_read_v1"": true, ""dependent_acknowledged"": true, ""visible_ids"": [""v1:80"", ""v2:80""], ""snapshot_polls"": 1}"
20260918T142903Z_be5aa8ad,81,normal,1789741746.3825717,1789741746.408205,25.566,0,25.566,pass,,independent_snapshot,"{""prerequisite_acknowledged"": true, ""client_b_read_v1"": true, ""dependent_acknowledged"": true, ""visible_ids"": [""v1:81"", ""v2:81""], ""snapshot_polls"": 1}"
20260918T142903Z_be5aa8ad,82,normal,1789741746.408205,1789741746.431162,22.772,0,22.772,pass,,independent_snapshot,"{""prerequisite_acknowledged"": true, ""client_b_read_v1"": true, ""dependent_acknowledged"": true, ""visible_ids"": [""v1:82"", ""v2:82""], ""snapshot_polls"": 1}"
20260918T142903Z_be5aa8ad,83,normal,1789741746.431162,1789741746.4516382,20.411,0,20.411,pass,,independent_snapshot,"{""prerequisite_acknowledged"": true, ""client_b_read_v1"": true, ""dependent_acknowledged"": true, ""visible_ids"": [""v1:83"", ""v2:83""], ""snapshot_polls"": 1}"
20260918T142903Z_be5aa8ad,84,normal,1789741746.4516382,1789741746.4736462,22.101,0,22.101,pass,,independent_snapshot,"{""prerequisite_acknowledged"": true, ""client_b_read_v1"": true, ""dependent_acknowledged"": true, ""visible_ids"": [""v1:84"", ""v2:84""], ""snapshot_polls"": 1}"
20260918T142903Z_be5aa8ad,85,normal,1789741746.4736462,1789741746.4927242,19.032,0,19.032,pass,,independent_snapshot,"{""prerequisite_acknowledged"": true, ""client_b_read_v1"": true, ""dependent_acknowledged"": true, ""visible_ids"": [""v1:85"", ""v2:85""], ""snapshot_polls"": 1}"
20260918T142903Z_be5aa8ad,86,normal,1789741746.4927242,1789741746.5170789,23.767,0,23.767,pass,,independent_snapshot,"{""prerequisite_acknowledged"": true, ""client_b_read_v1"": true, ""dependent_acknowledged"": true, ""visible_ids"": [""v1:86"", ""v2:86""], ""snapshot_polls"": 1}"
20260918T142903Z_be5aa8ad,87,normal,1789741746.5170789,1789741746.5364022,19.571,0,19.571,pass,,independent_snapshot,"{""prerequisite_acknowledged"": true, ""client_b_read_v1"": true, ""dependent_acknowledged"": true, ""visible_ids"": [""v1:87"", ""v2:87""], ""snapshot_polls"": 1}"
20260918T142903Z_be5aa8ad,88,normal,1789741746.5364022,1789741746.559343,23.043,0,23.043,pass,,independent_snapshot,"{""prerequisite_acknowledged"": true, ""client_b_read_v1"": true, ""dependent_acknowledged"": true, ""visible_ids"": [""v1:88"", ""v2:88""], ""snapshot_polls"": 1}"
20260918T142903Z_be5aa8ad,89,normal,1789741746.559986,1789741746.5799584,19.997,0,19.997,pass,,independent_snapshot,"{""prerequisite_acknowledged"": true, ""client_b_read_v1"": true, ""dependent_acknowledged"": true, ""visible_ids"": [""v1:89"", ""v2:89""], ""snapshot_polls"": 1}"
20260918T142903Z_be5aa8ad,90,normal,1789741746.5799584,1789741746.6005995,20.646,0,20.646,pass,,independent_snapshot,"{""prerequisite_acknowledged"": true, ""client_b_read_v1"": true, ""dependent_acknowledged"": true, ""visible_ids"": [""v1:90"", ""v2:90""], ""snapshot_polls"": 1}"
20260918T142903Z_be5aa8ad,91,normal,1789741746.6005995,1789741746.621636,21.045,0,21.045,pass,,independent_snapshot,"{""prerequisite_acknowledged"": true, ""client_b_read_v1"": true, ""dependent_acknowledged"": true, ""visible_ids"": [""v1:91"", ""v2:91""], ""snapshot_polls"": 1}"
20260918T142903Z_be5aa8ad,92,normal,1789741746.621636,1789741746.6412854,19.471,0,19.471,pass,,independent_snapshot,"{""prerequisite_acknowledged"": true, ""client_b_read_v1"": true, ""dependent_acknowledged"": true, ""visible_ids"": [""v1:92"", ""v2:92""], ""snapshot_polls"": 1}"
20260918T142903Z_be5aa8ad,93,normal,1789741746.6412854,1789741746.6642776,22.769,0,22.769,pass,,independent_snapshot,"{""prerequisite_acknowledged"": true, ""client_b_read_v1"": true, ""dependent_acknowledged"": true, ""visible_ids"": [""v1:93"", ""v2:93""], ""snapshot_polls"": 1}"
20260918T142903Z_be5aa8ad,94,normal,1789741746.6642776,1789741746.6886742,24.56,0,24.56,pass,,independent_snapshot,"{""prerequisite_acknowledged"": true, ""client_b_read_v1"": true, ""dependent_acknowledged"": true, ""visible_ids"": [""v1:94"", ""v2:94""], ""snapshot_polls"": 1}"
20260918T142903Z_be5aa8ad,95,normal,1789741746.6886742,1789741746.7111487,22.379,0,22.379,pass,,independent_snapshot,"{""prerequisite_acknowledged"": true, ""client_b_read_v1"": true, ""dependent_acknowledged"": true, ""visible_ids"": [""v1:95"", ""v2:95""], ""snapshot_polls"": 1}"
20260918T142903Z_be5aa8ad,96,normal,1789741746.7116585,1789741746.7309885,19.369,0,19.369,pass,,independent_snapshot,"{""prerequisite_acknowledged"": true, ""client_b_read_v1"": true, ""dependent_acknowledged"": true, ""visible_ids"": [""v1:96"", ""v2:96""], ""snapshot_polls"": 1}"
20260918T142903Z_be5aa8ad,97,normal,1789741746.7309885,1789741746.751275,20.241,0,20.241,pass,,independent_snapshot,"{""prerequisite_acknowledged"": true, ""client_b_read_v1"": true, ""dependent_acknowledged"": true, ""visible_ids"": [""v1:97"", ""v2:97""], ""snapshot_polls"": 1}"
20260918T142903Z_be5aa8ad,98,normal,1789741746.751275,1789741746.772798,21.719,0,21.719,pass,,independent_snapshot,"{""prerequisite_acknowledged"": true, ""client_b_read_v1"": true, ""dependent_acknowledged"": true, ""visible_ids"": [""v1:98"", ""v2:98""], ""snapshot_polls"": 1}"
20260918T142903Z_be5aa8ad,99,normal,1789741746.7734303,1789741746.7942307,21.053,0,21.053,pass,,independent_snapshot,"{""prerequisite_acknowledged"": true, ""client_b_read_v1"": true, ""dependent_acknowledged"": true, ""visible_ids"": [""v1:99"", ""v2:99""], ""snapshot_polls"": 1}"
20260918T142903Z_be5aa8ad,100,normal,1789741746.7942307,1789741746.8161721,21.762,0,21.762,pass,,independent_snapshot,"{""prerequisite_acknowledged"": true, ""client_b_read_v1"": true, ""dependent_acknowledged"": true, ""visible_ids"": [""v1:100"", ""v2:100""], ""snapshot_polls"": 1}"
20260918T142903Z_be5aa8ad,101,normal,1789741746.8167639,1789741746.838055,20.843,0,20.843,pass,,independent_snapshot,"{""prerequisite_acknowledged"": true, ""client_b_read_v1"": true, ""dependent_acknowledged"": true, ""visible_ids"": [""v1:101"", ""v2:101""], ""snapshot_polls"": 1}"
20260918T142903Z_be5aa8ad,102,normal,1789741746.838055,1789741746.8613927,23.305,0,23.305,pass,,independent_snapshot,"{""prerequisite_acknowledged"": true, ""client_b_read_v1"": true, ""dependent_acknowledged"": true, ""visible_ids"": [""v1:102"", ""v2:102""], ""snapshot_polls"": 1}"
20260918T142903Z_be5aa8ad,103,normal,1789741746.8613927,1789741746.8833368,22.14,0,22.14,pass,,independent_snapshot,"{""prerequisite_acknowledged"": true, ""client_b_read_v1"": true, ""dependent_acknowledged"": true, ""visible_ids"": [""v1:103"", ""v2:103""], ""snapshot_polls"": 1}"
20260918T142903Z_be5aa8ad,104,normal,1789741746.8833368,1789741746.905157,21.604,0,21.604,pass,,independent_snapshot,"{""prerequisite_acknowledged"": true, ""client_b_read_v1"": true, ""dependent_acknowledged"": true, ""visible_ids"": [""v1:104"", ""v2:104""], ""snapshot_polls"": 1}"
20260918T142903Z_be5aa8ad,105,normal,1789741746.905157,1789741746.927242,21.961,0,21.961,pass,,independent_snapshot,"{""prerequisite_acknowledged"": true, ""client_b_read_v1"": true, ""dependent_acknowledged"": true, ""visible_ids"": [""v1:105"", ""v2:105""], ""snapshot_polls"": 1}"
20260918T142903Z_be5aa8ad,106,normal,1789741746.927242,1789741746.9483237,20.867,0,20.867,pass,,independent_snapshot,"{""prerequisite_acknowledged"": true, ""client_b_read_v1"": true, ""dependent_acknowledged"": true, ""visible_ids"": [""v1:106"", ""v2:106""], ""snapshot_polls"": 1}"
20260918T142903Z_be5aa8ad,107,normal,1789741746.9483237,1789741746.9698322,21.611,0,21.611,pass,,independent_snapshot,"{""prerequisite_acknowledged"": true, ""client_b_read_v1"": true, ""dependent_acknowledged"": true, ""visible_ids"": [""v1:107"", ""v2:107""], ""snapshot_polls"": 1}"
20260918T142903Z_be5aa8ad,108,normal,1789741746.9698322,1789741746.9912646,21.163,0,21.163,pass,,independent_snapshot,"{""prerequisite_acknowledged"": true, ""client_b_read_v1"": true, ""dependent_acknowledged"": true, ""visible_ids"": [""v1:108"", ""v2:108""], ""snapshot_polls"": 1}"
20260918T142903Z_be5aa8ad,109,normal,1789741746.9912646,1789741747.0143774,23.012,0,23.012,pass,,independent_snapshot,"{""prerequisite_acknowledged"": true, ""client_b_read_v1"": true, ""dependent_acknowledged"": true, ""visible_ids"": [""v1:109"", ""v2:109""], ""snapshot_polls"": 1}"
20260918T142903Z_be5aa8ad,110,normal,1789741747.0143774,1789741747.0381253,23.51,0,23.51,pass,,independent_snapshot,"{""prerequisite_acknowledged"": true, ""client_b_read_v1"": true, ""dependent_acknowledged"": true, ""visible_ids"": [""v1:110"", ""v2:110""], ""snapshot_polls"": 1}"
20260918T142903Z_be5aa8ad,111,normal,1789741747.0381253,1789741747.0601482,21.685,0,21.685,pass,,independent_snapshot,"{""prerequisite_acknowledged"": true, ""client_b_read_v1"": true, ""dependent_acknowledged"": true, ""visible_ids"": [""v1:111"", ""v2:111""], ""snapshot_polls"": 1}"
20260918T142903Z_be5aa8ad,112,normal,1789741747.0601482,1789741747.080301,20.298,0,20.298,pass,,independent_snapshot,"{""prerequisite_acknowledged"": true, ""client_b_read_v1"": true, ""dependent_acknowledged"": true, ""visible_ids"": [""v1:112"", ""v2:112""], ""snapshot_polls"": 1}"
20260918T142903Z_be5aa8ad,113,normal,1789741747.080301,1789741747.1025906,21.845,0,21.845,pass,,independent_snapshot,"{""prerequisite_acknowledged"": true, ""client_b_read_v1"": true, ""dependent_acknowledged"": true, ""visible_ids"": [""v1:113"", ""v2:113""], ""snapshot_polls"": 1}"
20260918T142903Z_be5aa8ad,114,normal,1789741747.1025906,1789741747.1233673,21.216,0,21.216,pass,,independent_snapshot,"{""prerequisite_acknowledged"": true, ""client_b_read_v1"": true, ""dependent_acknowledged"": true, ""visible_ids"": [""v1:114"", ""v2:114""], ""snapshot_polls"": 1}"
20260918T142903Z_be5aa8ad,115,normal,1789741747.1240144,1789741747.1426957,18.828,0,18.828,pass,,independent_snapshot,"{""prerequisite_acknowledged"": true, ""client_b_read_v1"": true, ""dependent_acknowledged"": true, ""visible_ids"": [""v1:115"", ""v2:115""], ""snapshot_polls"": 1}"
20260918T142903Z_be5aa8ad,116,normal,1789741747.1426957,1789741747.1599898,17.558,0,17.558,pass,,independent_snapshot,"{""prerequisite_acknowledged"": true, ""client_b_read_v1"": true, ""dependent_acknowledged"": true, ""visible_ids"": [""v1:116"", ""v2:116""], ""snapshot_polls"": 1}"
20260918T142903Z_be5aa8ad,117,normal,1789741747.1599898,1789741747.1783192,18.108,0,18.108,pass,,independent_snapshot,"{""prerequisite_acknowledged"": true, ""client_b_read_v1"": true, ""dependent_acknowledged"": true, ""visible_ids"": [""v1:117"", ""v2:117""], ""snapshot_polls"": 1}"
20260918T142903Z_be5aa8ad,118,normal,1789741747.1783192,1789741747.199339,20.936,0,20.936,pass,,independent_snapshot,"{""prerequisite_acknowledged"": true, ""client_b_read_v1"": true, ""dependent_acknowledged"": true, ""visible_ids"": [""v1:118"", ""v2:118""], ""snapshot_polls"": 1}"
20260918T142903Z_be5aa8ad,119,normal,1789741747.1999512,1789741747.2196999,20.122,0,20.122,pass,,independent_snapshot,"{""prerequisite_acknowledged"": true, ""client_b_read_v1"": true, ""dependent_acknowledged"": true, ""visible_ids"": [""v1:119"", ""v2:119""], ""snapshot_polls"": 1}"
20260918T142903Z_be5aa8ad,120,normal,1789741747.2196999,1789741747.239826,19.94,0,19.94,pass,,independent_snapshot,"{""prerequisite_acknowledged"": true, ""client_b_read_v1"": true, ""dependent_acknowledged"": true, ""visible_ids"": [""v1:120"", ""v2:120""], ""snapshot_polls"": 1}"
20260918T142903Z_be5aa8ad,121,normal,1789741747.239826,1789741747.259075,19.009,0,19.009,pass,,independent_snapshot,"{""prerequisite_acknowledged"": true, ""client_b_read_v1"": true, ""dependent_acknowledged"": true, ""visible_ids"": [""v1:121"", ""v2:121""], ""snapshot_polls"": 1}"
20260918T142903Z_be5aa8ad,122,normal,1789741747.259075,1789741747.2772431,17.94,0,17.94,pass,,independent_snapshot,"{""prerequisite_acknowledged"": true, ""client_b_read_v1"": true, ""dependent_acknowledged"": true, ""visible_ids"": [""v1:122"", ""v2:122""], ""snapshot_polls"": 1}"
20260918T142903Z_be5aa8ad,123,normal,1789741747.2772431,1789741747.2961802,19.147,0,19.147,pass,,independent_snapshot,"{""prerequisite_acknowledged"": true, ""client_b_read_v1"": true, ""dependent_acknowledged"": true, ""visible_ids"": [""v1:123"", ""v2:123""], ""snapshot_polls"": 1}"
20260918T142903Z_be5aa8ad,124,normal,1789741747.2961802,1789741747.3159418,19.757,0,19.757,pass,,independent_snapshot,"{""prerequisite_acknowledged"": true, ""client_b_read_v1"": true, ""dependent_acknowledged"": true, ""visible_ids"": [""v1:124"", ""v2:124""], ""snapshot_polls"": 1}"
20260918T142903Z_be5aa8ad,125,normal,1789741747.3165433,1789741747.3365383,20.474,0,20.474,pass,,independent_snapshot,"{""prerequisite_acknowledged"": true, ""client_b_read_v1"": true, ""dependent_acknowledged"": true, ""visible_ids"": [""v1:125"", ""v2:125""], ""snapshot_polls"": 1}"
20260918T142903Z_be5aa8ad,126,normal,1789741747.3371124,1789741747.359139,22.069,0,22.069,pass,,independent_snapshot,"{""prerequisite_acknowledged"": true, ""client_b_read_v1"": true, ""dependent_acknowledged"": true, ""visible_ids"": [""v1:126"", ""v2:126""], ""snapshot_polls"": 1}"
20260918T142903Z_be5aa8ad,127,normal,1789741747.359139,1789741747.3781552,19.048,0,19.048,pass,,independent_snapshot,"{""prerequisite_acknowledged"": true, ""client_b_read_v1"": true, ""dependent_acknowledged"": true, ""visible_ids"": [""v1:127"", ""v2:127""], ""snapshot_polls"": 1}"
20260918T142903Z_be5aa8ad,128,normal,1789741747.3781552,1789741747.3987,20.225,0,20.225,pass,,independent_snapshot,"{""prerequisite_acknowledged"": true, ""client_b_read_v1"": true, ""dependent_acknowledged"": true, ""visible_ids"": [""v1:128"", ""v2:128""], ""snapshot_polls"": 1}"
20260918T142903Z_be5aa8ad,129,normal,1789741747.3987,1789741747.4179509,19.338,0,19.338,pass,,independent_snapshot,"{""prerequisite_acknowledged"": true, ""client_b_read_v1"": true, ""dependent_acknowledged"": true, ""visible_ids"": [""v1:129"", ""v2:129""], ""snapshot_polls"": 1}"
20260918T142903Z_be5aa8ad,130,normal,1789741747.4179509,1789741747.441442,23.282,0,23.282,pass,,independent_snapshot,"{""prerequisite_acknowledged"": true, ""client_b_read_v1"": true, ""dependent_acknowledged"": true, ""visible_ids"": [""v1:130"", ""v2:130""], ""snapshot_polls"": 1}"
20260918T142903Z_be5aa8ad,131,normal,1789741747.441442,1789741747.4597154,18.974,0,18.974,pass,,independent_snapshot,"{""prerequisite_acknowledged"": true, ""client_b_read_v1"": true, ""dependent_acknowledged"": true, ""visible_ids"": [""v1:131"", ""v2:131""], ""snapshot_polls"": 1}"
20260918T142903Z_be5aa8ad,132,normal,1789741747.4597154,1789741747.4798799,19.213,0,19.213,pass,,independent_snapshot,"{""prerequisite_acknowledged"": true, ""client_b_read_v1"": true, ""dependent_acknowledged"": true, ""visible_ids"": [""v1:132"", ""v2:132""], ""snapshot_polls"": 1}"
20260918T142903Z_be5aa8ad,133,normal,1789741747.4798799,1789741747.4992883,19.423,0,19.423,pass,,independent_snapshot,"{""prerequisite_acknowledged"": true, ""client_b_read_v1"": true, ""dependent_acknowledged"": true, ""visible_ids"": [""v1:133"", ""v2:133""], ""snapshot_polls"": 1}"
20260918T142903Z_be5aa8ad,134,normal,1789741747.4992883,1789741747.5217793,22.316,0,22.316,pass,,independent_snapshot,"{""prerequisite_acknowledged"": true, ""client_b_read_v1"": true, ""dependent_acknowledged"": true, ""visible_ids"": [""v1:134"", ""v2:134""], ""snapshot_polls"": 1}"
20260918T142903Z_be5aa8ad,135,normal,1789741747.5217793,1789741747.5421324,20.284,0,20.284,pass,,independent_snapshot,"{""prerequisite_acknowledged"": true, ""client_b_read_v1"": true, ""dependent_acknowledged"": true, ""visible_ids"": [""v1:135"", ""v2:135""], ""snapshot_polls"": 1}"
20260918T142903Z_be5aa8ad,136,normal,1789741747.5421324,1789741747.562826,20.919,0,20.919,pass,,independent_snapshot,"{""prerequisite_acknowledged"": true, ""client_b_read_v1"": true, ""dependent_acknowledged"": true, ""visible_ids"": [""v1:136"", ""v2:136""], ""snapshot_polls"": 1}"
20260918T142903Z_be5aa8ad,137,normal,1789741747.563382,1789741747.5826895,19.386,0,19.386,pass,,independent_snapshot,"{""prerequisite_acknowledged"": true, ""client_b_read_v1"": true, ""dependent_acknowledged"": true, ""visible_ids"": [""v1:137"", ""v2:137""], ""snapshot_polls"": 1}"
20260918T142903Z_be5aa8ad,138,normal,1789741747.5826895,1789741747.600411,18.065,0,18.065,pass,,independent_snapshot,"{""prerequisite_acknowledged"": true, ""client_b_read_v1"": true, ""dependent_acknowledged"": true, ""visible_ids"": [""v1:138"", ""v2:138""], ""snapshot_polls"": 1}"
20260918T142903Z_be5aa8ad,139,normal,1789741747.6011052,1789741747.6198976,19.212,0,19.212,pass,,independent_snapshot,"{""prerequisite_acknowledged"": true, ""client_b_read_v1"": true, ""dependent_acknowledged"": true, ""visible_ids"": [""v1:139"", ""v2:139""], ""snapshot_polls"": 1}"
20260918T142903Z_be5aa8ad,140,normal,1789741747.6198976,1789741747.6392822,19.297,0,19.297,pass,,independent_snapshot,"{""prerequisite_acknowledged"": true, ""client_b_read_v1"": true, ""dependent_acknowledged"": true, ""visible_ids"": [""v1:140"", ""v2:140""], ""snapshot_polls"": 1}"
20260918T142903Z_be5aa8ad,141,normal,1789741747.6392822,1789741747.6596124,19.845,0,19.845,pass,,independent_snapshot,"{""prerequisite_acknowledged"": true, ""client_b_read_v1"": true, ""dependent_acknowledged"": true, ""visible_ids"": [""v1:141"", ""v2:141""], ""snapshot_polls"": 1}"
20260918T142903Z_be5aa8ad,142,normal,1789741747.6596124,1789741747.6791358,19.884,0,19.884,pass,,independent_snapshot,"{""prerequisite_acknowledged"": true, ""client_b_read_v1"": true, ""dependent_acknowledged"": true, ""visible_ids"": [""v1:142"", ""v2:142""], ""snapshot_polls"": 1}"
20260918T142903Z_be5aa8ad,143,normal,1789741747.67972,1789741747.6991928,19.437,0,19.437,pass,,independent_snapshot,"{""prerequisite_acknowledged"": true, ""client_b_read_v1"": true, ""dependent_acknowledged"": true, ""visible_ids"": [""v1:143"", ""v2:143""], ""snapshot_polls"": 1}"
20260918T142903Z_be5aa8ad,144,normal,1789741747.6991928,1789741747.7188697,19.69,0,19.69,pass,,independent_snapshot,"{""prerequisite_acknowledged"": true, ""client_b_read_v1"": true, ""dependent_acknowledged"": true, ""visible_ids"": [""v1:144"", ""v2:144""], ""snapshot_polls"": 1}"
20260918T142903Z_be5aa8ad,145,normal,1789741747.7188697,1789741747.7376509,18.871,0,18.871,pass,,independent_snapshot,"{""prerequisite_acknowledged"": true, ""client_b_read_v1"": true, ""dependent_acknowledged"": true, ""visible_ids"": [""v1:145"", ""v2:145""], ""snapshot_polls"": 1}"
20260918T142903Z_be5aa8ad,146,normal,1789741747.7376509,1789741747.7584796,20.535,0,20.535,pass,,independent_snapshot,"{""prerequisite_acknowledged"": true, ""client_b_read_v1"": true, ""dependent_acknowledged"": true, ""visible_ids"": [""v1:146"", ""v2:146""], ""snapshot_polls"": 1}"
20260918T142903Z_be5aa8ad,147,normal,1789741747.7584796,1789741747.7781947,19.511,0,19.511,pass,,independent_snapshot,"{""prerequisite_acknowledged"": true, ""client_b_read_v1"": true, ""dependent_acknowledged"": true, ""visible_ids"": [""v1:147"", ""v2:147""], ""snapshot_polls"": 1}"
20260918T142903Z_be5aa8ad,148,normal,1789741747.7781947,1789741747.797372,19.076,0,19.076,pass,,independent_snapshot,"{""prerequisite_acknowledged"": true, ""client_b_read_v1"": true, ""dependent_acknowledged"": true, ""visible_ids"": [""v1:148"", ""v2:148""], ""snapshot_polls"": 1}"
20260918T142903Z_be5aa8ad,149,normal,1789741747.797372,1789741747.816906,19.705,0,19.705,pass,,independent_snapshot,"{""prerequisite_acknowledged"": true, ""client_b_read_v1"": true, ""dependent_acknowledged"": true, ""visible_ids"": [""v1:149"", ""v2:149""], ""snapshot_polls"": 1}"
20260918T142903Z_be5aa8ad,150,normal,1789741747.817466,1789741747.8385646,21.731,0,21.731,pass,,independent_snapshot,"{""prerequisite_acknowledged"": true, ""client_b_read_v1"": true, ""dependent_acknowledged"": true, ""visible_ids"": [""v1:150"", ""v2:150""], ""snapshot_polls"": 1}"
20260918T142903Z_be5aa8ad,151,normal,1789741747.8392727,1789741747.8587205,19.411,0,19.411,pass,,independent_snapshot,"{""prerequisite_acknowledged"": true, ""client_b_read_v1"": true, ""dependent_acknowledged"": true, ""visible_ids"": [""v1:151"", ""v2:151""], ""snapshot_polls"": 1}"
20260918T142903Z_be5aa8ad,152,normal,1789741747.8587205,1789741747.8804939,21.705,0,21.705,pass,,independent_snapshot,"{""prerequisite_acknowledged"": true, ""client_b_read_v1"": true, ""dependent_acknowledged"": true, ""visible_ids"": [""v1:152"", ""v2:152""], ""snapshot_polls"": 1}"
20260918T142903Z_be5aa8ad,153,normal,1789741747.8804939,1789741747.9005294,20.037,0,20.037,pass,,independent_snapshot,"{""prerequisite_acknowledged"": true, ""client_b_read_v1"": true, ""dependent_acknowledged"": true, ""visible_ids"": [""v1:153"", ""v2:153""], ""snapshot_polls"": 1}"
20260918T142903Z_be5aa8ad,154,normal,1789741747.9005294,1789741747.9202745,20.0,0,20.0,pass,,independent_snapshot,"{""prerequisite_acknowledged"": true, ""client_b_read_v1"": true, ""dependent_acknowledged"": true, ""visible_ids"": [""v1:154"", ""v2:154""], ""snapshot_polls"": 1}"
20260918T142903Z_be5aa8ad,155,normal,1789741747.9202745,1789741747.9396813,19.211,0,19.211,pass,,independent_snapshot,"{""prerequisite_acknowledged"": true, ""client_b_read_v1"": true, ""dependent_acknowledged"": true, ""visible_ids"": [""v1:155"", ""v2:155""], ""snapshot_polls"": 1}"
20260918T142903Z_be5aa8ad,156,normal,1789741747.9396813,1789741747.9591138,19.339,0,19.339,pass,,independent_snapshot,"{""prerequisite_acknowledged"": true, ""client_b_read_v1"": true, ""dependent_acknowledged"": true, ""visible_ids"": [""v1:156"", ""v2:156""], ""snapshot_polls"": 1}"
20260918T142903Z_be5aa8ad,157,normal,1789741747.9597197,1789741747.9812462,21.761,0,21.761,pass,,independent_snapshot,"{""prerequisite_acknowledged"": true, ""client_b_read_v1"": true, ""dependent_acknowledged"": true, ""visible_ids"": [""v1:157"", ""v2:157""], ""snapshot_polls"": 1}"
20260918T142903Z_be5aa8ad,158,normal,1789741747.9812462,1789741748.0024192,20.886,0,20.886,pass,,independent_snapshot,"{""prerequisite_acknowledged"": true, ""client_b_read_v1"": true, ""dependent_acknowledged"": true, ""visible_ids"": [""v1:158"", ""v2:158""], ""snapshot_polls"": 1}"
20260918T142903Z_be5aa8ad,159,normal,1789741748.0024192,1789741748.0231924,20.686,0,20.686,pass,,independent_snapshot,"{""prerequisite_acknowledged"": true, ""client_b_read_v1"": true, ""dependent_acknowledged"": true, ""visible_ids"": [""v1:159"", ""v2:159""], ""snapshot_polls"": 1}"
20260918T142903Z_be5aa8ad,160,normal,1789741748.0231924,1789741748.0427432,19.789,0,19.789,pass,,independent_snapshot,"{""prerequisite_acknowledged"": true, ""client_b_read_v1"": true, ""dependent_acknowledged"": true, ""visible_ids"": [""v1:160"", ""v2:160""], ""snapshot_polls"": 1}"
20260918T142903Z_be5aa8ad,161,normal,1789741748.0433066,1789741748.0626962,19.395,0,19.395,pass,,independent_snapshot,"{""prerequisite_acknowledged"": true, ""client_b_read_v1"": true, ""dependent_acknowledged"": true, ""visible_ids"": [""v1:161"", ""v2:161""], ""snapshot_polls"": 1}"
20260918T142903Z_be5aa8ad,162,normal,1789741748.0626962,1789741748.0844247,21.665,0,21.665,pass,,independent_snapshot,"{""prerequisite_acknowledged"": true, ""client_b_read_v1"": true, ""dependent_acknowledged"": true, ""visible_ids"": [""v1:162"", ""v2:162""], ""snapshot_polls"": 1}"
20260918T142903Z_be5aa8ad,163,normal,1789741748.0844247,1789741748.10331,18.94,0,18.94,pass,,independent_snapshot,"{""prerequisite_acknowledged"": true, ""client_b_read_v1"": true, ""dependent_acknowledged"": true, ""visible_ids"": [""v1:163"", ""v2:163""], ""snapshot_polls"": 1}"
20260918T142903Z_be5aa8ad,164,normal,1789741748.1036375,1789741748.1225572,19.363,0,19.363,pass,,independent_snapshot,"{""prerequisite_acknowledged"": true, ""client_b_read_v1"": true, ""dependent_acknowledged"": true, ""visible_ids"": [""v1:164"", ""v2:164""], ""snapshot_polls"": 1}"
20260918T142903Z_be5aa8ad,165,normal,1789741748.1225572,1789741748.1419356,19.309,0,19.309,pass,,independent_snapshot,"{""prerequisite_acknowledged"": true, ""client_b_read_v1"": true, ""dependent_acknowledged"": true, ""visible_ids"": [""v1:165"", ""v2:165""], ""snapshot_polls"": 1}"
20260918T142903Z_be5aa8ad,166,normal,1789741748.142507,1789741748.1646485,22.381,0,22.381,pass,,independent_snapshot,"{""prerequisite_acknowledged"": true, ""client_b_read_v1"": true, ""dependent_acknowledged"": true, ""visible_ids"": [""v1:166"", ""v2:166""], ""snapshot_polls"": 1}"
20260918T142903Z_be5aa8ad,167,normal,1789741748.1646485,1789741748.186231,21.604,0,21.604,pass,,independent_snapshot,"{""prerequisite_acknowledged"": true, ""client_b_read_v1"": true, ""dependent_acknowledged"": true, ""visible_ids"": [""v1:167"", ""v2:167""], ""snapshot_polls"": 1}"
20260918T142903Z_be5aa8ad,168,normal,1789741748.186231,1789741748.2070212,20.522,0,20.522,pass,,independent_snapshot,"{""prerequisite_acknowledged"": true, ""client_b_read_v1"": true, ""dependent_acknowledged"": true, ""visible_ids"": [""v1:168"", ""v2:168""], ""snapshot_polls"": 1}"
20260918T142903Z_be5aa8ad,169,normal,1789741748.2070212,1789741748.2270281,19.888,0,19.888,pass,,independent_snapshot,"{""prerequisite_acknowledged"": true, ""client_b_read_v1"": true, ""dependent_acknowledged"": true, ""visible_ids"": [""v1:169"", ""v2:169""], ""snapshot_polls"": 1}"
20260918T142903Z_be5aa8ad,170,normal,1789741748.2270281,1789741748.249253,21.93,0,21.93,pass,,independent_snapshot,"{""prerequisite_acknowledged"": true, ""client_b_read_v1"": true, ""dependent_acknowledged"": true, ""visible_ids"": [""v1:170"", ""v2:170""], ""snapshot_polls"": 1}"
20260918T142903Z_be5aa8ad,171,normal,1789741748.249253,1789741748.269963,20.668,0,20.668,pass,,independent_snapshot,"{""prerequisite_acknowledged"": true, ""client_b_read_v1"": true, ""dependent_acknowledged"": true, ""visible_ids"": [""v1:171"", ""v2:171""], ""snapshot_polls"": 1}"
20260918T142903Z_be5aa8ad,172,normal,1789741748.269963,1789741748.2893722,19.333,0,19.333,pass,,independent_snapshot,"{""prerequisite_acknowledged"": true, ""client_b_read_v1"": true, ""dependent_acknowledged"": true, ""visible_ids"": [""v1:172"", ""v2:172""], ""snapshot_polls"": 1}"
20260918T142903Z_be5aa8ad,173,normal,1789741748.2893722,1789741748.3091857,19.913,0,19.913,pass,,independent_snapshot,"{""prerequisite_acknowledged"": true, ""client_b_read_v1"": true, ""dependent_acknowledged"": true, ""visible_ids"": [""v1:173"", ""v2:173""], ""snapshot_polls"": 1}"
20260918T142903Z_be5aa8ad,174,normal,1789741748.3091857,1789741748.3298757,20.737,0,20.737,pass,,independent_snapshot,"{""prerequisite_acknowledged"": true, ""client_b_read_v1"": true, ""dependent_acknowledged"": true, ""visible_ids"": [""v1:174"", ""v2:174""], ""snapshot_polls"": 1}"
20260918T142903Z_be5aa8ad,175,normal,1789741748.3305223,1789741748.349014,18.927,0,18.927,pass,,independent_snapshot,"{""prerequisite_acknowledged"": true, ""client_b_read_v1"": true, ""dependent_acknowledged"": true, ""visible_ids"": [""v1:175"", ""v2:175""], ""snapshot_polls"": 1}"
20260918T142903Z_be5aa8ad,176,normal,1789741748.3495688,1789741748.370704,21.23,0,21.23,pass,,independent_snapshot,"{""prerequisite_acknowledged"": true, ""client_b_read_v1"": true, ""dependent_acknowledged"": true, ""visible_ids"": [""v1:176"", ""v2:176""], ""snapshot_polls"": 1}"
20260918T142903Z_be5aa8ad,177,normal,1789741748.370704,1789741748.3897216,18.821,0,18.821,pass,,independent_snapshot,"{""prerequisite_acknowledged"": true, ""client_b_read_v1"": true, ""dependent_acknowledged"": true, ""visible_ids"": [""v1:177"", ""v2:177""], ""snapshot_polls"": 1}"
20260918T142903Z_be5aa8ad,178,normal,1789741748.3897216,1789741748.411909,22.244,0,22.244,pass,,independent_snapshot,"{""prerequisite_acknowledged"": true, ""client_b_read_v1"": true, ""dependent_acknowledged"": true, ""visible_ids"": [""v1:178"", ""v2:178""], ""snapshot_polls"": 1}"
20260918T142903Z_be5aa8ad,179,normal,1789741748.411909,1789741748.4344113,22.397,0,22.397,pass,,independent_snapshot,"{""prerequisite_acknowledged"": true, ""client_b_read_v1"": true, ""dependent_acknowledged"": true, ""visible_ids"": [""v1:179"", ""v2:179""], ""snapshot_polls"": 1}"
20260918T142903Z_be5aa8ad,180,normal,1789741748.4344113,1789741748.4558396,21.471,0,21.471,pass,,independent_snapshot,"{""prerequisite_acknowledged"": true, ""client_b_read_v1"": true, ""dependent_acknowledged"": true, ""visible_ids"": [""v1:180"", ""v2:180""], ""snapshot_polls"": 1}"
20260918T142903Z_be5aa8ad,181,normal,1789741748.4558396,1789741748.4778025,21.897,0,21.897,pass,,independent_snapshot,"{""prerequisite_acknowledged"": true, ""client_b_read_v1"": true, ""dependent_acknowledged"": true, ""visible_ids"": [""v1:181"", ""v2:181""], ""snapshot_polls"": 1}"
20260918T142903Z_be5aa8ad,182,normal,1789741748.4783535,1789741748.499173,20.878,0,20.878,pass,,independent_snapshot,"{""prerequisite_acknowledged"": true, ""client_b_read_v1"": true, ""dependent_acknowledged"": true, ""visible_ids"": [""v1:182"", ""v2:182""], ""snapshot_polls"": 1}"
20260918T142903Z_be5aa8ad,183,normal,1789741748.499173,1789741748.5189023,19.766,0,19.766,pass,,independent_snapshot,"{""prerequisite_acknowledged"": true, ""client_b_read_v1"": true, ""dependent_acknowledged"": true, ""visible_ids"": [""v1:183"", ""v2:183""], ""snapshot_polls"": 1}"
20260918T142903Z_be5aa8ad,184,normal,1789741748.5189023,1789741748.5397787,20.763,0,20.763,pass,,independent_snapshot,"{""prerequisite_acknowledged"": true, ""client_b_read_v1"": true, ""dependent_acknowledged"": true, ""visible_ids"": [""v1:184"", ""v2:184""], ""snapshot_polls"": 1}"
20260918T142903Z_be5aa8ad,185,normal,1789741748.5397787,1789741748.5602002,20.249,0,20.249,pass,,independent_snapshot,"{""prerequisite_acknowledged"": true, ""client_b_read_v1"": true, ""dependent_acknowledged"": true, ""visible_ids"": [""v1:185"", ""v2:185""], ""snapshot_polls"": 1}"
20260918T142903Z_be5aa8ad,186,normal,1789741748.5602002,1789741748.5789242,18.898,0,18.898,pass,,independent_snapshot,"{""prerequisite_acknowledged"": true, ""client_b_read_v1"": true, ""dependent_acknowledged"": true, ""visible_ids"": [""v1:186"", ""v2:186""], ""snapshot_polls"": 1}"
20260918T142903Z_be5aa8ad,187,normal,1789741748.5789242,1789741748.596043,16.676,0,16.676,pass,,independent_snapshot,"{""prerequisite_acknowledged"": true, ""client_b_read_v1"": true, ""dependent_acknowledged"": true, ""visible_ids"": [""v1:187"", ""v2:187""], ""snapshot_polls"": 1}"
20260918T142903Z_be5aa8ad,188,normal,1789741748.596043,1789741748.6130075,16.769,0,16.769,pass,,independent_snapshot,"{""prerequisite_acknowledged"": true, ""client_b_read_v1"": true, ""dependent_acknowledged"": true, ""visible_ids"": [""v1:188"", ""v2:188""], ""snapshot_polls"": 1}"
20260918T142903Z_be5aa8ad,189,normal,1789741748.6130075,1789741748.6316242,18.733,0,18.733,pass,,independent_snapshot,"{""prerequisite_acknowledged"": true, ""client_b_read_v1"": true, ""dependent_acknowledged"": true, ""visible_ids"": [""v1:189"", ""v2:189""], ""snapshot_polls"": 1}"
20260918T142903Z_be5aa8ad,190,normal,1789741748.6316242,1789741748.6524115,20.878,0,20.878,pass,,independent_snapshot,"{""prerequisite_acknowledged"": true, ""client_b_read_v1"": true, ""dependent_acknowledged"": true, ""visible_ids"": [""v1:190"", ""v2:190""], ""snapshot_polls"": 1}"
20260918T142903Z_be5aa8ad,191,normal,1789741748.6524115,1789741748.6714125,18.995,0,18.995,pass,,independent_snapshot,"{""prerequisite_acknowledged"": true, ""client_b_read_v1"": true, ""dependent_acknowledged"": true, ""visible_ids"": [""v1:191"", ""v2:191""], ""snapshot_polls"": 1}"
20260918T142903Z_be5aa8ad,192,normal,1789741748.671977,1789741748.688448,16.579,0,16.579,pass,,independent_snapshot,"{""prerequisite_acknowledged"": true, ""client_b_read_v1"": true, ""dependent_acknowledged"": true, ""visible_ids"": [""v1:192"", ""v2:192""], ""snapshot_polls"": 1}"
20260918T142903Z_be5aa8ad,193,normal,1789741748.688448,1789741748.7064922,18.192,0,18.192,pass,,independent_snapshot,"{""prerequisite_acknowledged"": true, ""client_b_read_v1"": true, ""dependent_acknowledged"": true, ""visible_ids"": [""v1:193"", ""v2:193""], ""snapshot_polls"": 1}"
20260918T142903Z_be5aa8ad,194,normal,1789741748.7064922,1789741748.7253544,18.58,0,18.58,pass,,independent_snapshot,"{""prerequisite_acknowledged"": true, ""client_b_read_v1"": true, ""dependent_acknowledged"": true, ""visible_ids"": [""v1:194"", ""v2:194""], ""snapshot_polls"": 1}"
20260918T142903Z_be5aa8ad,195,normal,1789741748.7253544,1789741748.7429051,17.598,0,17.598,pass,,independent_snapshot,"{""prerequisite_acknowledged"": true, ""client_b_read_v1"": true, ""dependent_acknowledged"": true, ""visible_ids"": [""v1:195"", ""v2:195""], ""snapshot_polls"": 1}"
20260918T142903Z_be5aa8ad,196,normal,1789741748.7429051,1789741748.7631092,19.788,0,19.788,pass,,independent_snapshot,"{""prerequisite_acknowledged"": true, ""client_b_read_v1"": true, ""dependent_acknowledged"": true, ""visible_ids"": [""v1:196"", ""v2:196""], ""snapshot_polls"": 1}"
20260918T142903Z_be5aa8ad,197,normal,1789741748.7631092,1789741748.7812283,18.44,0,18.44,pass,,independent_snapshot,"{""prerequisite_acknowledged"": true, ""client_b_read_v1"": true, ""dependent_acknowledged"": true, ""visible_ids"": [""v1:197"", ""v2:197""], ""snapshot_polls"": 1}"
20260918T142903Z_be5aa8ad,198,normal,1789741748.7812283,1789741748.8036172,21.757,0,21.757,pass,,independent_snapshot,"{""prerequisite_acknowledged"": true, ""client_b_read_v1"": true, ""dependent_acknowledged"": true, ""visible_ids"": [""v1:198"", ""v2:198""], ""snapshot_polls"": 1}"
20260918T142903Z_be5aa8ad,199,normal,1789741748.8036172,1789741748.82292,19.628,0,19.628,pass,,independent_snapshot,"{""prerequisite_acknowledged"": true, ""client_b_read_v1"": true, ""dependent_acknowledged"": true, ""visible_ids"": [""v1:199"", ""v2:199""], ""snapshot_polls"": 1}"
20260918T142903Z_be5aa8ad,200,transition,1789741748.8234587,1789741755.8322861,7009.175,6448.321,560.854,pass,,independent_snapshot,"{""prerequisite_acknowledged"": true, ""client_b_read_v1"": true, ""dependent_acknowledged"": true, ""visible_ids"": [""v1:200"", ""v2:200""], ""snapshot_polls"": 1}"
20260918T142903Z_be5aa8ad,201,fault,1789741755.8347368,1789741755.8740013,39.101,0,39.101,pass,,independent_snapshot,"{""prerequisite_acknowledged"": true, ""client_b_read_v1"": true, ""dependent_acknowledged"": true, ""visible_ids"": [""v1:201"", ""v2:201""], ""snapshot_polls"": 1}"
20260918T142903Z_be5aa8ad,202,fault,1789741755.8740013,1789741755.8957074,21.855,0,21.855,pass,,independent_snapshot,"{""prerequisite_acknowledged"": true, ""client_b_read_v1"": true, ""dependent_acknowledged"": true, ""visible_ids"": [""v1:202"", ""v2:202""], ""snapshot_polls"": 1}"
20260918T142903Z_be5aa8ad,203,fault,1789741755.8957074,1789741755.9168904,20.685,0,20.685,pass,,independent_snapshot,"{""prerequisite_acknowledged"": true, ""client_b_read_v1"": true, ""dependent_acknowledged"": true, ""visible_ids"": [""v1:203"", ""v2:203""], ""snapshot_polls"": 1}"
20260918T142903Z_be5aa8ad,204,fault,1789741755.9168904,1789741755.9457989,28.869,0,28.869,pass,,independent_snapshot,"{""prerequisite_acknowledged"": true, ""client_b_read_v1"": true, ""dependent_acknowledged"": true, ""visible_ids"": [""v1:204"", ""v2:204""], ""snapshot_polls"": 1}"
20260918T142903Z_be5aa8ad,205,fault,1789741755.9457989,1789741755.965169,19.365,0,19.365,pass,,independent_snapshot,"{""prerequisite_acknowledged"": true, ""client_b_read_v1"": true, ""dependent_acknowledged"": true, ""visible_ids"": [""v1:205"", ""v2:205""], ""snapshot_polls"": 1}"
20260918T142903Z_be5aa8ad,206,fault,1789741755.965169,1789741755.986978,21.92,0,21.92,pass,,independent_snapshot,"{""prerequisite_acknowledged"": true, ""client_b_read_v1"": true, ""dependent_acknowledged"": true, ""visible_ids"": [""v1:206"", ""v2:206""], ""snapshot_polls"": 1}"
20260918T142903Z_be5aa8ad,207,fault,1789741755.986978,1789741756.0085366,21.257,0,21.257,pass,,independent_snapshot,"{""prerequisite_acknowledged"": true, ""client_b_read_v1"": true, ""dependent_acknowledged"": true, ""visible_ids"": [""v1:207"", ""v2:207""], ""snapshot_polls"": 1}"
20260918T142903Z_be5aa8ad,208,fault,1789741756.0085366,1789741756.028245,19.774,0,19.774,pass,,independent_snapshot,"{""prerequisite_acknowledged"": true, ""client_b_read_v1"": true, ""dependent_acknowledged"": true, ""visible_ids"": [""v1:208"", ""v2:208""], ""snapshot_polls"": 1}"
20260918T142903Z_be5aa8ad,209,fault,1789741756.028245,1789741756.05111,22.597,0,22.597,pass,,independent_snapshot,"{""prerequisite_acknowledged"": true, ""client_b_read_v1"": true, ""dependent_acknowledged"": true, ""visible_ids"": [""v1:209"", ""v2:209""], ""snapshot_polls"": 1}"
20260918T142903Z_be5aa8ad,210,fault,1789741756.05111,1789741756.0722613,20.936,0,20.936,pass,,independent_snapshot,"{""prerequisite_acknowledged"": true, ""client_b_read_v1"": true, ""dependent_acknowledged"": true, ""visible_ids"": [""v1:210"", ""v2:210""], ""snapshot_polls"": 1}"
20260918T142903Z_be5aa8ad,211,fault,1789741756.0722613,1789741756.0940142,21.988,0,21.988,pass,,independent_snapshot,"{""prerequisite_acknowledged"": true, ""client_b_read_v1"": true, ""dependent_acknowledged"": true, ""visible_ids"": [""v1:211"", ""v2:211""], ""snapshot_polls"": 1}"
20260918T142903Z_be5aa8ad,212,fault,1789741756.0946083,1789741756.1183624,24.185,0,24.185,pass,,independent_snapshot,"{""prerequisite_acknowledged"": true, ""client_b_read_v1"": true, ""dependent_acknowledged"": true, ""visible_ids"": [""v1:212"", ""v2:212""], ""snapshot_polls"": 1}"
20260918T142903Z_be5aa8ad,213,fault,1789741756.1189325,1789741756.1400251,21.306,0,21.306,pass,,independent_snapshot,"{""prerequisite_acknowledged"": true, ""client_b_read_v1"": true, ""dependent_acknowledged"": true, ""visible_ids"": [""v1:213"", ""v2:213""], ""snapshot_polls"": 1}"
20260918T142903Z_be5aa8ad,214,fault,1789741756.1400251,1789741756.1607766,20.822,0,20.822,pass,,independent_snapshot,"{""prerequisite_acknowledged"": true, ""client_b_read_v1"": true, ""dependent_acknowledged"": true, ""visible_ids"": [""v1:214"", ""v2:214""], ""snapshot_polls"": 1}"
20260918T142903Z_be5aa8ad,215,fault,1789741756.1607766,1789741756.1833105,22.119,0,22.119,pass,,independent_snapshot,"{""prerequisite_acknowledged"": true, ""client_b_read_v1"": true, ""dependent_acknowledged"": true, ""visible_ids"": [""v1:215"", ""v2:215""], ""snapshot_polls"": 1}"
20260918T142903Z_be5aa8ad,216,fault,1789741756.1833105,1789741756.2031965,20.126,0,20.126,pass,,independent_snapshot,"{""prerequisite_acknowledged"": true, ""client_b_read_v1"": true, ""dependent_acknowledged"": true, ""visible_ids"": [""v1:216"", ""v2:216""], ""snapshot_polls"": 1}"
20260918T142903Z_be5aa8ad,217,fault,1789741756.2038307,1789741756.2236235,20.328,0,20.328,pass,,independent_snapshot,"{""prerequisite_acknowledged"": true, ""client_b_read_v1"": true, ""dependent_acknowledged"": true, ""visible_ids"": [""v1:217"", ""v2:217""], ""snapshot_polls"": 1}"
20260918T142903Z_be5aa8ad,218,fault,1789741756.2236235,1789741756.2453792,21.429,0,21.429,pass,,independent_snapshot,"{""prerequisite_acknowledged"": true, ""client_b_read_v1"": true, ""dependent_acknowledged"": true, ""visible_ids"": [""v1:218"", ""v2:218""], ""snapshot_polls"": 1}"
20260918T142903Z_be5aa8ad,219,fault,1789741756.2453792,1789741756.2663243,21.015,0,21.015,pass,,independent_snapshot,"{""prerequisite_acknowledged"": true, ""client_b_read_v1"": true, ""dependent_acknowledged"": true, ""visible_ids"": [""v1:219"", ""v2:219""], ""snapshot_polls"": 1}"
20260918T142903Z_be5aa8ad,220,fault,1789741756.2670414,1789741756.2918017,25.182,0,25.182,pass,,independent_snapshot,"{""prerequisite_acknowledged"": true, ""client_b_read_v1"": true, ""dependent_acknowledged"": true, ""visible_ids"": [""v1:220"", ""v2:220""], ""snapshot_polls"": 1}"
20260918T142903Z_be5aa8ad,221,fault,1789741756.2923481,1789741756.3144884,22.301,0,22.301,pass,,independent_snapshot,"{""prerequisite_acknowledged"": true, ""client_b_read_v1"": true, ""dependent_acknowledged"": true, ""visible_ids"": [""v1:221"", ""v2:221""], ""snapshot_polls"": 1}"
20260918T142903Z_be5aa8ad,222,fault,1789741756.3144884,1789741756.3350298,20.325,0,20.325,pass,,independent_snapshot,"{""prerequisite_acknowledged"": true, ""client_b_read_v1"": true, ""dependent_acknowledged"": true, ""visible_ids"": [""v1:222"", ""v2:222""], ""snapshot_polls"": 1}"
20260918T142903Z_be5aa8ad,223,fault,1789741756.3350298,1789741756.3559716,20.824,0,20.824,pass,,independent_snapshot,"{""prerequisite_acknowledged"": true, ""client_b_read_v1"": true, ""dependent_acknowledged"": true, ""visible_ids"": [""v1:223"", ""v2:223""], ""snapshot_polls"": 1}"
20260918T142903Z_be5aa8ad,224,fault,1789741756.3559716,1789741756.3777092,21.562,0,21.562,pass,,independent_snapshot,"{""prerequisite_acknowledged"": true, ""client_b_read_v1"": true, ""dependent_acknowledged"": true, ""visible_ids"": [""v1:224"", ""v2:224""], ""snapshot_polls"": 1}"
20260918T142903Z_be5aa8ad,225,fault,1789741756.3777092,1789741756.3995314,21.676,0,21.676,pass,,independent_snapshot,"{""prerequisite_acknowledged"": true, ""client_b_read_v1"": true, ""dependent_acknowledged"": true, ""visible_ids"": [""v1:225"", ""v2:225""], ""snapshot_polls"": 1}"
20260918T142903Z_be5aa8ad,226,fault,1789741756.3995314,1789741756.4195776,19.783,0,19.783,pass,,independent_snapshot,"{""prerequisite_acknowledged"": true, ""client_b_read_v1"": true, ""dependent_acknowledged"": true, ""visible_ids"": [""v1:226"", ""v2:226""], ""snapshot_polls"": 1}"
20260918T142903Z_be5aa8ad,227,fault,1789741756.4195776,1789741756.4396813,20.296,0,20.296,pass,,independent_snapshot,"{""prerequisite_acknowledged"": true, ""client_b_read_v1"": true, ""dependent_acknowledged"": true, ""visible_ids"": [""v1:227"", ""v2:227""], ""snapshot_polls"": 1}"
20260918T142903Z_be5aa8ad,228,fault,1789741756.4396813,1789741756.4623582,22.505,0,22.505,pass,,independent_snapshot,"{""prerequisite_acknowledged"": true, ""client_b_read_v1"": true, ""dependent_acknowledged"": true, ""visible_ids"": [""v1:228"", ""v2:228""], ""snapshot_polls"": 1}"
20260918T142903Z_be5aa8ad,229,fault,1789741756.4623582,1789741756.482928,20.232,0,20.232,pass,,independent_snapshot,"{""prerequisite_acknowledged"": true, ""client_b_read_v1"": true, ""dependent_acknowledged"": true, ""visible_ids"": [""v1:229"", ""v2:229""], ""snapshot_polls"": 1}"
20260918T142903Z_be5aa8ad,230,fault,1789741756.482928,1789741756.5032256,20.244,0,20.244,pass,,independent_snapshot,"{""prerequisite_acknowledged"": true, ""client_b_read_v1"": true, ""dependent_acknowledged"": true, ""visible_ids"": [""v1:230"", ""v2:230""], ""snapshot_polls"": 1}"
20260918T142903Z_be5aa8ad,231,fault,1789741756.5032256,1789741756.5271106,23.548,0,23.548,pass,,independent_snapshot,"{""prerequisite_acknowledged"": true, ""client_b_read_v1"": true, ""dependent_acknowledged"": true, ""visible_ids"": [""v1:231"", ""v2:231""], ""snapshot_polls"": 1}"
20260918T142903Z_be5aa8ad,232,fault,1789741756.5271106,1789741756.5485437,21.445,0,21.445,pass,,independent_snapshot,"{""prerequisite_acknowledged"": true, ""client_b_read_v1"": true, ""dependent_acknowledged"": true, ""visible_ids"": [""v1:232"", ""v2:232""], ""snapshot_polls"": 1}"
20260918T142903Z_be5aa8ad,233,fault,1789741756.5485437,1789741756.5695941,20.851,0,20.851,pass,,independent_snapshot,"{""prerequisite_acknowledged"": true, ""client_b_read_v1"": true, ""dependent_acknowledged"": true, ""visible_ids"": [""v1:233"", ""v2:233""], ""snapshot_polls"": 1}"
20260918T142903Z_be5aa8ad,234,fault,1789741756.5695941,1789741756.591497,21.852,0,21.852,pass,,independent_snapshot,"{""prerequisite_acknowledged"": true, ""client_b_read_v1"": true, ""dependent_acknowledged"": true, ""visible_ids"": [""v1:234"", ""v2:234""], ""snapshot_polls"": 1}"
20260918T142903Z_be5aa8ad,235,fault,1789741756.591497,1789741756.612983,21.576,0,21.576,pass,,independent_snapshot,"{""prerequisite_acknowledged"": true, ""client_b_read_v1"": true, ""dependent_acknowledged"": true, ""visible_ids"": [""v1:235"", ""v2:235""], ""snapshot_polls"": 1}"
20260918T142903Z_be5aa8ad,236,fault,1789741756.612983,1789741756.6371765,23.915,0,23.915,pass,,independent_snapshot,"{""prerequisite_acknowledged"": true, ""client_b_read_v1"": true, ""dependent_acknowledged"": true, ""visible_ids"": [""v1:236"", ""v2:236""], ""snapshot_polls"": 1}"
20260918T142903Z_be5aa8ad,237,fault,1789741756.6371765,1789741756.6581872,21.005,0,21.005,pass,,independent_snapshot,"{""prerequisite_acknowledged"": true, ""client_b_read_v1"": true, ""dependent_acknowledged"": true, ""visible_ids"": [""v1:237"", ""v2:237""], ""snapshot_polls"": 1}"
20260918T142903Z_be5aa8ad,238,fault,1789741756.6581872,1789741756.6819265,23.602,0,23.602,pass,,independent_snapshot,"{""prerequisite_acknowledged"": true, ""client_b_read_v1"": true, ""dependent_acknowledged"": true, ""visible_ids"": [""v1:238"", ""v2:238""], ""snapshot_polls"": 1}"
20260918T142903Z_be5aa8ad,239,fault,1789741756.6819265,1789741756.7033477,20.967,0,20.967,pass,,independent_snapshot,"{""prerequisite_acknowledged"": true, ""client_b_read_v1"": true, ""dependent_acknowledged"": true, ""visible_ids"": [""v1:239"", ""v2:239""], ""snapshot_polls"": 1}"
20260918T142903Z_be5aa8ad,240,fault,1789741756.7033477,1789741756.7252214,22.087,0,22.087,pass,,independent_snapshot,"{""prerequisite_acknowledged"": true, ""client_b_read_v1"": true, ""dependent_acknowledged"": true, ""visible_ids"": [""v1:240"", ""v2:240""], ""snapshot_polls"": 1}"
20260918T142903Z_be5aa8ad,241,fault,1789741756.7252214,1789741756.7479508,22.548,0,22.548,pass,,independent_snapshot,"{""prerequisite_acknowledged"": true, ""client_b_read_v1"": true, ""dependent_acknowledged"": true, ""visible_ids"": [""v1:241"", ""v2:241""], ""snapshot_polls"": 1}"
20260918T142903Z_be5aa8ad,242,fault,1789741756.7479508,1789741756.7691996,21.161,0,21.161,pass,,independent_snapshot,"{""prerequisite_acknowledged"": true, ""client_b_read_v1"": true, ""dependent_acknowledged"": true, ""visible_ids"": [""v1:242"", ""v2:242""], ""snapshot_polls"": 1}"
20260918T142903Z_be5aa8ad,243,fault,1789741756.7691996,1789741756.7894282,20.25,0,20.25,pass,,independent_snapshot,"{""prerequisite_acknowledged"": true, ""client_b_read_v1"": true, ""dependent_acknowledged"": true, ""visible_ids"": [""v1:243"", ""v2:243""], ""snapshot_polls"": 1}"
20260918T142903Z_be5aa8ad,244,fault,1789741756.7894282,1789741756.8131588,23.452,0,23.452,pass,,independent_snapshot,"{""prerequisite_acknowledged"": true, ""client_b_read_v1"": true, ""dependent_acknowledged"": true, ""visible_ids"": [""v1:244"", ""v2:244""], ""snapshot_polls"": 1}"
20260918T142903Z_be5aa8ad,245,fault,1789741756.8131588,1789741756.8338163,20.316,0,20.316,pass,,independent_snapshot,"{""prerequisite_acknowledged"": true, ""client_b_read_v1"": true, ""dependent_acknowledged"": true, ""visible_ids"": [""v1:245"", ""v2:245""], ""snapshot_polls"": 1}"
20260918T142903Z_be5aa8ad,246,fault,1789741756.8338163,1789741756.8543391,20.805,0,20.805,pass,,independent_snapshot,"{""prerequisite_acknowledged"": true, ""client_b_read_v1"": true, ""dependent_acknowledged"": true, ""visible_ids"": [""v1:246"", ""v2:246""], ""snapshot_polls"": 1}"
20260918T142903Z_be5aa8ad,247,fault,1789741756.8543391,1789741756.8767421,21.908,0,21.908,pass,,independent_snapshot,"{""prerequisite_acknowledged"": true, ""client_b_read_v1"": true, ""dependent_acknowledged"": true, ""visible_ids"": [""v1:247"", ""v2:247""], ""snapshot_polls"": 1}"
20260918T142903Z_be5aa8ad,248,fault,1789741756.8767421,1789741756.8969433,20.51,0,20.51,pass,,independent_snapshot,"{""prerequisite_acknowledged"": true, ""client_b_read_v1"": true, ""dependent_acknowledged"": true, ""visible_ids"": [""v1:248"", ""v2:248""], ""snapshot_polls"": 1}"
20260918T142903Z_be5aa8ad,249,fault,1789741756.8975048,1789741756.917879,20.322,0,20.322,pass,,independent_snapshot,"{""prerequisite_acknowledged"": true, ""client_b_read_v1"": true, ""dependent_acknowledged"": true, ""visible_ids"": [""v1:249"", ""v2:249""], ""snapshot_polls"": 1}"
20260918T142903Z_be5aa8ad,250,fault,1789741756.917879,1789741756.9380643,20.695,0,20.695,pass,,independent_snapshot,"{""prerequisite_acknowledged"": true, ""client_b_read_v1"": true, ""dependent_acknowledged"": true, ""visible_ids"": [""v1:250"", ""v2:250""], ""snapshot_polls"": 1}"
20260918T142903Z_be5aa8ad,251,fault,1789741756.93886,1789741756.9603174,21.916,0,21.916,pass,,independent_snapshot,"{""prerequisite_acknowledged"": true, ""client_b_read_v1"": true, ""dependent_acknowledged"": true, ""visible_ids"": [""v1:251"", ""v2:251""], ""snapshot_polls"": 1}"
20260918T142903Z_be5aa8ad,252,fault,1789741756.9608727,1789741756.9855769,24.735,0,24.735,pass,,independent_snapshot,"{""prerequisite_acknowledged"": true, ""client_b_read_v1"": true, ""dependent_acknowledged"": true, ""visible_ids"": [""v1:252"", ""v2:252""], ""snapshot_polls"": 1}"
20260918T142903Z_be5aa8ad,253,fault,1789741756.9855769,1789741757.0066226,20.969,0,20.969,pass,,independent_snapshot,"{""prerequisite_acknowledged"": true, ""client_b_read_v1"": true, ""dependent_acknowledged"": true, ""visible_ids"": [""v1:253"", ""v2:253""], ""snapshot_polls"": 1}"
20260918T142903Z_be5aa8ad,254,fault,1789741757.0066226,1789741757.0265226,19.67,0,19.67,pass,,independent_snapshot,"{""prerequisite_acknowledged"": true, ""client_b_read_v1"": true, ""dependent_acknowledged"": true, ""visible_ids"": [""v1:254"", ""v2:254""], ""snapshot_polls"": 1}"
20260918T142903Z_be5aa8ad,255,fault,1789741757.0265226,1789741757.0474787,21.161,0,21.161,pass,,independent_snapshot,"{""prerequisite_acknowledged"": true, ""client_b_read_v1"": true, ""dependent_acknowledged"": true, ""visible_ids"": [""v1:255"", ""v2:255""], ""snapshot_polls"": 1}"
20260918T142903Z_be5aa8ad,256,fault,1789741757.0474787,1789741757.068834,21.13,0,21.13,pass,,independent_snapshot,"{""prerequisite_acknowledged"": true, ""client_b_read_v1"": true, ""dependent_acknowledged"": true, ""visible_ids"": [""v1:256"", ""v2:256""], ""snapshot_polls"": 1}"
20260918T142903Z_be5aa8ad,257,fault,1789741757.068834,1789741757.0901806,21.183,0,21.183,pass,,independent_snapshot,"{""prerequisite_acknowledged"": true, ""client_b_read_v1"": true, ""dependent_acknowledged"": true, ""visible_ids"": [""v1:257"", ""v2:257""], ""snapshot_polls"": 1}"
20260918T142903Z_be5aa8ad,258,fault,1789741757.0901806,1789741757.113183,23.033,0,23.033,pass,,independent_snapshot,"{""prerequisite_acknowledged"": true, ""client_b_read_v1"": true, ""dependent_acknowledged"": true, ""visible_ids"": [""v1:258"", ""v2:258""], ""snapshot_polls"": 1}"
20260918T142903Z_be5aa8ad,259,fault,1789741757.1137714,1789741757.1350472,21.295,0,21.295,pass,,independent_snapshot,"{""prerequisite_acknowledged"": true, ""client_b_read_v1"": true, ""dependent_acknowledged"": true, ""visible_ids"": [""v1:259"", ""v2:259""], ""snapshot_polls"": 1}"
20260918T142903Z_be5aa8ad,260,fault,1789741757.1350472,1789741757.1588967,23.9,0,23.9,pass,,independent_snapshot,"{""prerequisite_acknowledged"": true, ""client_b_read_v1"": true, ""dependent_acknowledged"": true, ""visible_ids"": [""v1:260"", ""v2:260""], ""snapshot_polls"": 1}"
20260918T142903Z_be5aa8ad,261,fault,1789741757.1588967,1789741757.1792047,20.176,0,20.176,pass,,independent_snapshot,"{""prerequisite_acknowledged"": true, ""client_b_read_v1"": true, ""dependent_acknowledged"": true, ""visible_ids"": [""v1:261"", ""v2:261""], ""snapshot_polls"": 1}"
20260918T142903Z_be5aa8ad,262,fault,1789741757.1792047,1789741757.20166,22.56,0,22.56,pass,,independent_snapshot,"{""prerequisite_acknowledged"": true, ""client_b_read_v1"": true, ""dependent_acknowledged"": true, ""visible_ids"": [""v1:262"", ""v2:262""], ""snapshot_polls"": 1}"
20260918T142903Z_be5aa8ad,263,fault,1789741757.20166,1789741757.2241938,22.54,0,22.54,pass,,independent_snapshot,"{""prerequisite_acknowledged"": true, ""client_b_read_v1"": true, ""dependent_acknowledged"": true, ""visible_ids"": [""v1:263"", ""v2:263""], ""snapshot_polls"": 1}"
20260918T142903Z_be5aa8ad,264,fault,1789741757.2248142,1789741757.2448728,20.431,0,20.431,pass,,independent_snapshot,"{""prerequisite_acknowledged"": true, ""client_b_read_v1"": true, ""dependent_acknowledged"": true, ""visible_ids"": [""v1:264"", ""v2:264""], ""snapshot_polls"": 1}"
20260918T142903Z_be5aa8ad,265,fault,1789741757.2454596,1789741757.2660503,21.287,0,21.287,pass,,independent_snapshot,"{""prerequisite_acknowledged"": true, ""client_b_read_v1"": true, ""dependent_acknowledged"": true, ""visible_ids"": [""v1:265"", ""v2:265""], ""snapshot_polls"": 1}"
20260918T142903Z_be5aa8ad,266,fault,1789741757.2668047,1789741757.2879126,21.479,0,21.479,pass,,independent_snapshot,"{""prerequisite_acknowledged"": true, ""client_b_read_v1"": true, ""dependent_acknowledged"": true, ""visible_ids"": [""v1:266"", ""v2:266""], ""snapshot_polls"": 1}"
20260918T142903Z_be5aa8ad,267,fault,1789741757.288483,1789741757.3096757,21.366,0,21.366,pass,,independent_snapshot,"{""prerequisite_acknowledged"": true, ""client_b_read_v1"": true, ""dependent_acknowledged"": true, ""visible_ids"": [""v1:267"", ""v2:267""], ""snapshot_polls"": 1}"
20260918T142903Z_be5aa8ad,268,fault,1789741757.3096757,1789741757.3325794,22.885,0,22.885,pass,,independent_snapshot,"{""prerequisite_acknowledged"": true, ""client_b_read_v1"": true, ""dependent_acknowledged"": true, ""visible_ids"": [""v1:268"", ""v2:268""], ""snapshot_polls"": 1}"
20260918T142903Z_be5aa8ad,269,fault,1789741757.3325794,1789741757.3535943,20.912,0,20.912,pass,,independent_snapshot,"{""prerequisite_acknowledged"": true, ""client_b_read_v1"": true, ""dependent_acknowledged"": true, ""visible_ids"": [""v1:269"", ""v2:269""], ""snapshot_polls"": 1}"
20260918T142903Z_be5aa8ad,270,fault,1789741757.3535943,1789741757.373989,20.536,0,20.536,pass,,independent_snapshot,"{""prerequisite_acknowledged"": true, ""client_b_read_v1"": true, ""dependent_acknowledged"": true, ""visible_ids"": [""v1:270"", ""v2:270""], ""snapshot_polls"": 1}"
20260918T142903Z_be5aa8ad,271,fault,1789741757.3746006,1789741757.3949225,20.57,0,20.57,pass,,independent_snapshot,"{""prerequisite_acknowledged"": true, ""client_b_read_v1"": true, ""dependent_acknowledged"": true, ""visible_ids"": [""v1:271"", ""v2:271""], ""snapshot_polls"": 1}"
20260918T142903Z_be5aa8ad,272,fault,1789741757.3949225,1789741757.4149923,19.92,0,19.92,pass,,independent_snapshot,"{""prerequisite_acknowledged"": true, ""client_b_read_v1"": true, ""dependent_acknowledged"": true, ""visible_ids"": [""v1:272"", ""v2:272""], ""snapshot_polls"": 1}"
20260918T142903Z_be5aa8ad,273,fault,1789741757.4149923,1789741757.436155,21.286,0,21.286,pass,,independent_snapshot,"{""prerequisite_acknowledged"": true, ""client_b_read_v1"": true, ""dependent_acknowledged"": true, ""visible_ids"": [""v1:273"", ""v2:273""], ""snapshot_polls"": 1}"
20260918T142903Z_be5aa8ad,274,fault,1789741757.4367466,1789741757.457878,21.258,0,21.258,pass,,independent_snapshot,"{""prerequisite_acknowledged"": true, ""client_b_read_v1"": true, ""dependent_acknowledged"": true, ""visible_ids"": [""v1:274"", ""v2:274""], ""snapshot_polls"": 1}"
20260918T142903Z_be5aa8ad,275,fault,1789741757.457878,1789741757.4774437,19.747,0,19.747,pass,,independent_snapshot,"{""prerequisite_acknowledged"": true, ""client_b_read_v1"": true, ""dependent_acknowledged"": true, ""visible_ids"": [""v1:275"", ""v2:275""], ""snapshot_polls"": 1}"
20260918T142903Z_be5aa8ad,276,fault,1789741757.4774437,1789741757.5030465,25.412,0,25.412,pass,,independent_snapshot,"{""prerequisite_acknowledged"": true, ""client_b_read_v1"": true, ""dependent_acknowledged"": true, ""visible_ids"": [""v1:276"", ""v2:276""], ""snapshot_polls"": 1}"
20260918T142903Z_be5aa8ad,277,fault,1789741757.5030465,1789741757.5257084,22.276,0,22.276,pass,,independent_snapshot,"{""prerequisite_acknowledged"": true, ""client_b_read_v1"": true, ""dependent_acknowledged"": true, ""visible_ids"": [""v1:277"", ""v2:277""], ""snapshot_polls"": 1}"
20260918T142903Z_be5aa8ad,278,fault,1789741757.5257084,1789741757.547787,21.802,0,21.802,pass,,independent_snapshot,"{""prerequisite_acknowledged"": true, ""client_b_read_v1"": true, ""dependent_acknowledged"": true, ""visible_ids"": [""v1:278"", ""v2:278""], ""snapshot_polls"": 1}"
20260918T142903Z_be5aa8ad,279,fault,1789741757.547787,1789741757.5682745,20.605,0,20.605,pass,,independent_snapshot,"{""prerequisite_acknowledged"": true, ""client_b_read_v1"": true, ""dependent_acknowledged"": true, ""visible_ids"": [""v1:279"", ""v2:279""], ""snapshot_polls"": 1}"
20260918T142903Z_be5aa8ad,280,fault,1789741757.5682745,1789741757.5899005,21.76,0,21.76,pass,,independent_snapshot,"{""prerequisite_acknowledged"": true, ""client_b_read_v1"": true, ""dependent_acknowledged"": true, ""visible_ids"": [""v1:280"", ""v2:280""], ""snapshot_polls"": 1}"
20260918T142903Z_be5aa8ad,281,fault,1789741757.5905693,1789741757.6110818,21.034,0,21.034,pass,,independent_snapshot,"{""prerequisite_acknowledged"": true, ""client_b_read_v1"": true, ""dependent_acknowledged"": true, ""visible_ids"": [""v1:281"", ""v2:281""], ""snapshot_polls"": 1}"
20260918T142903Z_be5aa8ad,282,fault,1789741757.6116562,1789741757.6323721,21.249,0,21.249,pass,,independent_snapshot,"{""prerequisite_acknowledged"": true, ""client_b_read_v1"": true, ""dependent_acknowledged"": true, ""visible_ids"": [""v1:282"", ""v2:282""], ""snapshot_polls"": 1}"
20260918T142903Z_be5aa8ad,283,fault,1789741757.6323721,1789741757.655399,22.551,0,22.551,pass,,independent_snapshot,"{""prerequisite_acknowledged"": true, ""client_b_read_v1"": true, ""dependent_acknowledged"": true, ""visible_ids"": [""v1:283"", ""v2:283""], ""snapshot_polls"": 1}"
20260918T142903Z_be5aa8ad,284,fault,1789741757.655399,1789741757.6816244,26.162,0,26.162,pass,,independent_snapshot,"{""prerequisite_acknowledged"": true, ""client_b_read_v1"": true, ""dependent_acknowledged"": true, ""visible_ids"": [""v1:284"", ""v2:284""], ""snapshot_polls"": 1}"
20260918T142903Z_be5aa8ad,285,fault,1789741757.6816244,1789741757.7021265,20.298,0,20.298,pass,,independent_snapshot,"{""prerequisite_acknowledged"": true, ""client_b_read_v1"": true, ""dependent_acknowledged"": true, ""visible_ids"": [""v1:285"", ""v2:285""], ""snapshot_polls"": 1}"
20260918T142903Z_be5aa8ad,286,fault,1789741757.7021265,1789741757.7229884,20.821,0,20.821,pass,,independent_snapshot,"{""prerequisite_acknowledged"": true, ""client_b_read_v1"": true, ""dependent_acknowledged"": true, ""visible_ids"": [""v1:286"", ""v2:286""], ""snapshot_polls"": 1}"
20260918T142903Z_be5aa8ad,287,fault,1789741757.7229884,1789741757.7431343,20.304,0,20.304,pass,,independent_snapshot,"{""prerequisite_acknowledged"": true, ""client_b_read_v1"": true, ""dependent_acknowledged"": true, ""visible_ids"": [""v1:287"", ""v2:287""], ""snapshot_polls"": 1}"
20260918T142903Z_be5aa8ad,288,fault,1789741757.7431343,1789741757.7635543,19.772,0,19.772,pass,,independent_snapshot,"{""prerequisite_acknowledged"": true, ""client_b_read_v1"": true, ""dependent_acknowledged"": true, ""visible_ids"": [""v1:288"", ""v2:288""], ""snapshot_polls"": 1}"
20260918T142903Z_be5aa8ad,289,fault,1789741757.7635543,1789741757.7858803,22.229,0,22.229,pass,,independent_snapshot,"{""prerequisite_acknowledged"": true, ""client_b_read_v1"": true, ""dependent_acknowledged"": true, ""visible_ids"": [""v1:289"", ""v2:289""], ""snapshot_polls"": 1}"
20260918T142903Z_be5aa8ad,290,fault,1789741757.7858803,1789741757.808549,22.442,0,22.442,pass,,independent_snapshot,"{""prerequisite_acknowledged"": true, ""client_b_read_v1"": true, ""dependent_acknowledged"": true, ""visible_ids"": [""v1:290"", ""v2:290""], ""snapshot_polls"": 1}"
20260918T142903Z_be5aa8ad,291,fault,1789741757.808549,1789741757.830517,21.887,0,21.887,pass,,independent_snapshot,"{""prerequisite_acknowledged"": true, ""client_b_read_v1"": true, ""dependent_acknowledged"": true, ""visible_ids"": [""v1:291"", ""v2:291""], ""snapshot_polls"": 1}"
20260918T142903Z_be5aa8ad,292,fault,1789741757.830517,1789741757.8535626,23.01,0,23.01,pass,,independent_snapshot,"{""prerequisite_acknowledged"": true, ""client_b_read_v1"": true, ""dependent_acknowledged"": true, ""visible_ids"": [""v1:292"", ""v2:292""], ""snapshot_polls"": 1}"
20260918T142903Z_be5aa8ad,293,fault,1789741757.8535626,1789741757.8750849,21.068,0,21.068,pass,,independent_snapshot,"{""prerequisite_acknowledged"": true, ""client_b_read_v1"": true, ""dependent_acknowledged"": true, ""visible_ids"": [""v1:293"", ""v2:293""], ""snapshot_polls"": 1}"
20260918T142903Z_be5aa8ad,294,fault,1789741757.8750849,1789741757.894325,19.485,0,19.485,pass,,independent_snapshot,"{""prerequisite_acknowledged"": true, ""client_b_read_v1"": true, ""dependent_acknowledged"": true, ""visible_ids"": [""v1:294"", ""v2:294""], ""snapshot_polls"": 1}"
20260918T142903Z_be5aa8ad,295,fault,1789741757.894325,1789741757.916504,22.075,0,22.075,pass,,independent_snapshot,"{""prerequisite_acknowledged"": true, ""client_b_read_v1"": true, ""dependent_acknowledged"": true, ""visible_ids"": [""v1:295"", ""v2:295""], ""snapshot_polls"": 1}"
20260918T142903Z_be5aa8ad,296,fault,1789741757.916504,1789741757.936155,19.62,0,19.62,pass,,independent_snapshot,"{""prerequisite_acknowledged"": true, ""client_b_read_v1"": true, ""dependent_acknowledged"": true, ""visible_ids"": [""v1:296"", ""v2:296""], ""snapshot_polls"": 1}"
20260918T142903Z_be5aa8ad,297,fault,1789741757.936155,1789741757.9569876,20.543,0,20.543,pass,,independent_snapshot,"{""prerequisite_acknowledged"": true, ""client_b_read_v1"": true, ""dependent_acknowledged"": true, ""visible_ids"": [""v1:297"", ""v2:297""], ""snapshot_polls"": 1}"
20260918T142903Z_be5aa8ad,298,fault,1789741757.9569876,1789741757.9788423,21.728,0,21.728,pass,,independent_snapshot,"{""prerequisite_acknowledged"": true, ""client_b_read_v1"": true, ""dependent_acknowledged"": true, ""visible_ids"": [""v1:298"", ""v2:298""], ""snapshot_polls"": 1}"
20260918T142903Z_be5aa8ad,299,fault,1789741757.9788423,1789741758.0008705,21.861,0,21.861,pass,,independent_snapshot,"{""prerequisite_acknowledged"": true, ""client_b_read_v1"": true, ""dependent_acknowledged"": true, ""visible_ids"": [""v1:299"", ""v2:299""], ""snapshot_polls"": 1}"
20260918T142903Z_be5aa8ad,300,fault,1789741758.0008705,1789741758.0279682,27.066,0,27.066,pass,,independent_snapshot,"{""prerequisite_acknowledged"": true, ""client_b_read_v1"": true, ""dependent_acknowledged"": true, ""visible_ids"": [""v1:300"", ""v2:300""], ""snapshot_polls"": 1}"
20260918T142903Z_be5aa8ad,301,fault,1789741758.0300386,1789741758.0516987,21.762,0,21.762,pass,,independent_snapshot,"{""prerequisite_acknowledged"": true, ""client_b_read_v1"": true, ""dependent_acknowledged"": true, ""visible_ids"": [""v1:301"", ""v2:301""], ""snapshot_polls"": 1}"
20260918T142903Z_be5aa8ad,302,fault,1789741758.0516987,1789741758.073764,22.137,0,22.137,pass,,independent_snapshot,"{""prerequisite_acknowledged"": true, ""client_b_read_v1"": true, ""dependent_acknowledged"": true, ""visible_ids"": [""v1:302"", ""v2:302""], ""snapshot_polls"": 1}"
20260918T142903Z_be5aa8ad,303,fault,1789741758.073764,1789741758.0954618,21.709,0,21.709,pass,,independent_snapshot,"{""prerequisite_acknowledged"": true, ""client_b_read_v1"": true, ""dependent_acknowledged"": true, ""visible_ids"": [""v1:303"", ""v2:303""], ""snapshot_polls"": 1}"
20260918T142903Z_be5aa8ad,304,fault,1789741758.0960748,1789741758.1185675,22.877,0,22.877,pass,,independent_snapshot,"{""prerequisite_acknowledged"": true, ""client_b_read_v1"": true, ""dependent_acknowledged"": true, ""visible_ids"": [""v1:304"", ""v2:304""], ""snapshot_polls"": 1}"
20260918T142903Z_be5aa8ad,305,fault,1789741758.1191576,1789741758.1420298,23.118,0,23.118,pass,,independent_snapshot,"{""prerequisite_acknowledged"": true, ""client_b_read_v1"": true, ""dependent_acknowledged"": true, ""visible_ids"": [""v1:305"", ""v2:305""], ""snapshot_polls"": 1}"
20260918T142903Z_be5aa8ad,306,fault,1789741758.1420298,1789741758.1628423,20.715,0,20.715,pass,,independent_snapshot,"{""prerequisite_acknowledged"": true, ""client_b_read_v1"": true, ""dependent_acknowledged"": true, ""visible_ids"": [""v1:306"", ""v2:306""], ""snapshot_polls"": 1}"
20260918T142903Z_be5aa8ad,307,fault,1789741758.1628423,1789741758.1836612,20.777,0,20.777,pass,,independent_snapshot,"{""prerequisite_acknowledged"": true, ""client_b_read_v1"": true, ""dependent_acknowledged"": true, ""visible_ids"": [""v1:307"", ""v2:307""], ""snapshot_polls"": 1}"
20260918T142903Z_be5aa8ad,308,fault,1789741758.1836612,1789741758.2079535,24.041,0,24.041,pass,,independent_snapshot,"{""prerequisite_acknowledged"": true, ""client_b_read_v1"": true, ""dependent_acknowledged"": true, ""visible_ids"": [""v1:308"", ""v2:308""], ""snapshot_polls"": 1}"
20260918T142903Z_be5aa8ad,309,fault,1789741758.2079535,1789741758.2285373,20.518,0,20.518,pass,,independent_snapshot,"{""prerequisite_acknowledged"": true, ""client_b_read_v1"": true, ""dependent_acknowledged"": true, ""visible_ids"": [""v1:309"", ""v2:309""], ""snapshot_polls"": 1}"
20260918T142903Z_be5aa8ad,310,fault,1789741758.2285373,1789741758.2493777,20.76,0,20.76,pass,,independent_snapshot,"{""prerequisite_acknowledged"": true, ""client_b_read_v1"": true, ""dependent_acknowledged"": true, ""visible_ids"": [""v1:310"", ""v2:310""], ""snapshot_polls"": 1}"
20260918T142903Z_be5aa8ad,311,fault,1789741758.2493777,1789741758.2725515,22.833,0,22.833,pass,,independent_snapshot,"{""prerequisite_acknowledged"": true, ""client_b_read_v1"": true, ""dependent_acknowledged"": true, ""visible_ids"": [""v1:311"", ""v2:311""], ""snapshot_polls"": 1}"
20260918T142903Z_be5aa8ad,312,fault,1789741758.2725515,1789741758.2956283,23.408,0,23.408,pass,,independent_snapshot,"{""prerequisite_acknowledged"": true, ""client_b_read_v1"": true, ""dependent_acknowledged"": true, ""visible_ids"": [""v1:312"", ""v2:312""], ""snapshot_polls"": 1}"
20260918T142903Z_be5aa8ad,313,fault,1789741758.2956283,1789741758.3168635,21.248,0,21.248,pass,,independent_snapshot,"{""prerequisite_acknowledged"": true, ""client_b_read_v1"": true, ""dependent_acknowledged"": true, ""visible_ids"": [""v1:313"", ""v2:313""], ""snapshot_polls"": 1}"
20260918T142903Z_be5aa8ad,314,fault,1789741758.3175356,1789741758.3378918,20.423,0,20.423,pass,,independent_snapshot,"{""prerequisite_acknowledged"": true, ""client_b_read_v1"": true, ""dependent_acknowledged"": true, ""visible_ids"": [""v1:314"", ""v2:314""], ""snapshot_polls"": 1}"
20260918T142903Z_be5aa8ad,315,fault,1789741758.3378918,1789741758.3585846,20.725,0,20.725,pass,,independent_snapshot,"{""prerequisite_acknowledged"": true, ""client_b_read_v1"": true, ""dependent_acknowledged"": true, ""visible_ids"": [""v1:315"", ""v2:315""], ""snapshot_polls"": 1}"
20260918T142903Z_be5aa8ad,316,fault,1789741758.3585846,1789741758.3926866,34.055,0,34.055,pass,,independent_snapshot,"{""prerequisite_acknowledged"": true, ""client_b_read_v1"": true, ""dependent_acknowledged"": true, ""visible_ids"": [""v1:316"", ""v2:316""], ""snapshot_polls"": 1}"
20260918T142903Z_be5aa8ad,317,fault,1789741758.3926866,1789741758.4149826,21.931,0,21.931,pass,,independent_snapshot,"{""prerequisite_acknowledged"": true, ""client_b_read_v1"": true, ""dependent_acknowledged"": true, ""visible_ids"": [""v1:317"", ""v2:317""], ""snapshot_polls"": 1}"
20260918T142903Z_be5aa8ad,318,fault,1789741758.4149826,1789741758.433847,18.821,0,18.821,pass,,independent_snapshot,"{""prerequisite_acknowledged"": true, ""client_b_read_v1"": true, ""dependent_acknowledged"": true, ""visible_ids"": [""v1:318"", ""v2:318""], ""snapshot_polls"": 1}"
20260918T142903Z_be5aa8ad,319,fault,1789741758.433847,1789741758.4555533,21.599,0,21.599,pass,,independent_snapshot,"{""prerequisite_acknowledged"": true, ""client_b_read_v1"": true, ""dependent_acknowledged"": true, ""visible_ids"": [""v1:319"", ""v2:319""], ""snapshot_polls"": 1}"
20260918T142903Z_be5aa8ad,320,fault,1789741758.4555533,1789741758.4758413,20.059,0,20.059,pass,,independent_snapshot,"{""prerequisite_acknowledged"": true, ""client_b_read_v1"": true, ""dependent_acknowledged"": true, ""visible_ids"": [""v1:320"", ""v2:320""], ""snapshot_polls"": 1}"
20260918T142903Z_be5aa8ad,321,fault,1789741758.4758413,1789741758.49578,20.005,0,20.005,pass,,independent_snapshot,"{""prerequisite_acknowledged"": true, ""client_b_read_v1"": true, ""dependent_acknowledged"": true, ""visible_ids"": [""v1:321"", ""v2:321""], ""snapshot_polls"": 1}"
20260918T142903Z_be5aa8ad,322,fault,1789741758.49578,1789741758.5141773,18.448,0,18.448,pass,,independent_snapshot,"{""prerequisite_acknowledged"": true, ""client_b_read_v1"": true, ""dependent_acknowledged"": true, ""visible_ids"": [""v1:322"", ""v2:322""], ""snapshot_polls"": 1}"
20260918T142903Z_be5aa8ad,323,fault,1789741758.5147586,1789741758.535492,21.232,0,21.232,pass,,independent_snapshot,"{""prerequisite_acknowledged"": true, ""client_b_read_v1"": true, ""dependent_acknowledged"": true, ""visible_ids"": [""v1:323"", ""v2:323""], ""snapshot_polls"": 1}"
20260918T142903Z_be5aa8ad,324,fault,1789741758.5360878,1789741758.5575879,21.523,0,21.523,pass,,independent_snapshot,"{""prerequisite_acknowledged"": true, ""client_b_read_v1"": true, ""dependent_acknowledged"": true, ""visible_ids"": [""v1:324"", ""v2:324""], ""snapshot_polls"": 1}"
20260918T142903Z_be5aa8ad,325,fault,1789741758.5575879,1789741758.5768552,19.638,0,19.638,pass,,independent_snapshot,"{""prerequisite_acknowledged"": true, ""client_b_read_v1"": true, ""dependent_acknowledged"": true, ""visible_ids"": [""v1:325"", ""v2:325""], ""snapshot_polls"": 1}"
20260918T142903Z_be5aa8ad,326,fault,1789741758.5774193,1789741758.5948677,17.814,0,17.814,pass,,independent_snapshot,"{""prerequisite_acknowledged"": true, ""client_b_read_v1"": true, ""dependent_acknowledged"": true, ""visible_ids"": [""v1:326"", ""v2:326""], ""snapshot_polls"": 1}"
20260918T142903Z_be5aa8ad,327,fault,1789741758.5954344,1789741758.6139934,18.769,0,18.769,pass,,independent_snapshot,"{""prerequisite_acknowledged"": true, ""client_b_read_v1"": true, ""dependent_acknowledged"": true, ""visible_ids"": [""v1:327"", ""v2:327""], ""snapshot_polls"": 1}"
20260918T142903Z_be5aa8ad,328,fault,1789741758.6139934,1789741758.631401,17.461,0,17.461,pass,,independent_snapshot,"{""prerequisite_acknowledged"": true, ""client_b_read_v1"": true, ""dependent_acknowledged"": true, ""visible_ids"": [""v1:328"", ""v2:328""], ""snapshot_polls"": 1}"
20260918T142903Z_be5aa8ad,329,fault,1789741758.631976,1789741758.6495757,17.895,0,17.895,pass,,independent_snapshot,"{""prerequisite_acknowledged"": true, ""client_b_read_v1"": true, ""dependent_acknowledged"": true, ""visible_ids"": [""v1:329"", ""v2:329""], ""snapshot_polls"": 1}"
20260918T142903Z_be5aa8ad,330,fault,1789741758.6495757,1789741758.6684973,18.933,0,18.933,pass,,independent_snapshot,"{""prerequisite_acknowledged"": true, ""client_b_read_v1"": true, ""dependent_acknowledged"": true, ""visible_ids"": [""v1:330"", ""v2:330""], ""snapshot_polls"": 1}"
20260918T142903Z_be5aa8ad,331,fault,1789741758.6684973,1789741758.6849053,16.475,0,16.475,pass,,independent_snapshot,"{""prerequisite_acknowledged"": true, ""client_b_read_v1"": true, ""dependent_acknowledged"": true, ""visible_ids"": [""v1:331"", ""v2:331""], ""snapshot_polls"": 1}"
20260918T142903Z_be5aa8ad,332,fault,1789741758.6855268,1789741758.704892,19.784,0,19.784,pass,,independent_snapshot,"{""prerequisite_acknowledged"": true, ""client_b_read_v1"": true, ""dependent_acknowledged"": true, ""visible_ids"": [""v1:332"", ""v2:332""], ""snapshot_polls"": 1}"
20260918T142903Z_be5aa8ad,333,fault,1789741758.705463,1789741758.7224128,17.372,0,17.372,pass,,independent_snapshot,"{""prerequisite_acknowledged"": true, ""client_b_read_v1"": true, ""dependent_acknowledged"": true, ""visible_ids"": [""v1:333"", ""v2:333""], ""snapshot_polls"": 1}"
20260918T142903Z_be5aa8ad,334,fault,1789741758.7229989,1789741758.7395313,16.892,0,16.892,pass,,independent_snapshot,"{""prerequisite_acknowledged"": true, ""client_b_read_v1"": true, ""dependent_acknowledged"": true, ""visible_ids"": [""v1:334"", ""v2:334""], ""snapshot_polls"": 1}"
20260918T142903Z_be5aa8ad,335,fault,1789741758.7395313,1789741758.7593646,19.497,0,19.497,pass,,independent_snapshot,"{""prerequisite_acknowledged"": true, ""client_b_read_v1"": true, ""dependent_acknowledged"": true, ""visible_ids"": [""v1:335"", ""v2:335""], ""snapshot_polls"": 1}"
20260918T142903Z_be5aa8ad,336,fault,1789741758.7593646,1789741758.7783844,19.286,0,19.286,pass,,independent_snapshot,"{""prerequisite_acknowledged"": true, ""client_b_read_v1"": true, ""dependent_acknowledged"": true, ""visible_ids"": [""v1:336"", ""v2:336""], ""snapshot_polls"": 1}"
20260918T142903Z_be5aa8ad,337,fault,1789741758.778942,1789741758.799534,20.404,0,20.404,pass,,independent_snapshot,"{""prerequisite_acknowledged"": true, ""client_b_read_v1"": true, ""dependent_acknowledged"": true, ""visible_ids"": [""v1:337"", ""v2:337""], ""snapshot_polls"": 1}"
20260918T142903Z_be5aa8ad,338,fault,1789741758.799534,1789741758.8204248,20.848,0,20.848,pass,,independent_snapshot,"{""prerequisite_acknowledged"": true, ""client_b_read_v1"": true, ""dependent_acknowledged"": true, ""visible_ids"": [""v1:338"", ""v2:338""], ""snapshot_polls"": 1}"
20260918T142903Z_be5aa8ad,339,fault,1789741758.8204248,1789741758.840704,20.297,0,20.297,pass,,independent_snapshot,"{""prerequisite_acknowledged"": true, ""client_b_read_v1"": true, ""dependent_acknowledged"": true, ""visible_ids"": [""v1:339"", ""v2:339""], ""snapshot_polls"": 1}"
20260918T142903Z_be5aa8ad,340,fault,1789741758.840704,1789741758.8624914,21.541,0,21.541,pass,,independent_snapshot,"{""prerequisite_acknowledged"": true, ""client_b_read_v1"": true, ""dependent_acknowledged"": true, ""visible_ids"": [""v1:340"", ""v2:340""], ""snapshot_polls"": 1}"
20260918T142903Z_be5aa8ad,341,fault,1789741758.8624914,1789741758.879534,17.339,0,17.339,pass,,independent_snapshot,"{""prerequisite_acknowledged"": true, ""client_b_read_v1"": true, ""dependent_acknowledged"": true, ""visible_ids"": [""v1:341"", ""v2:341""], ""snapshot_polls"": 1}"
20260918T142903Z_be5aa8ad,342,fault,1789741758.8801017,1789741758.897,17.141,0,17.141,pass,,independent_snapshot,"{""prerequisite_acknowledged"": true, ""client_b_read_v1"": true, ""dependent_acknowledged"": true, ""visible_ids"": [""v1:342"", ""v2:342""], ""snapshot_polls"": 1}"
20260918T142903Z_be5aa8ad,343,fault,1789741758.897,1789741758.9138236,16.924,0,16.924,pass,,independent_snapshot,"{""prerequisite_acknowledged"": true, ""client_b_read_v1"": true, ""dependent_acknowledged"": true, ""visible_ids"": [""v1:343"", ""v2:343""], ""snapshot_polls"": 1}"
20260918T142903Z_be5aa8ad,344,fault,1789741758.9143853,1789741758.9321547,17.871,0,17.871,pass,,independent_snapshot,"{""prerequisite_acknowledged"": true, ""client_b_read_v1"": true, ""dependent_acknowledged"": true, ""visible_ids"": [""v1:344"", ""v2:344""], ""snapshot_polls"": 1}"
20260918T142903Z_be5aa8ad,345,fault,1789741758.9321547,1789741758.951315,19.386,0,19.386,pass,,independent_snapshot,"{""prerequisite_acknowledged"": true, ""client_b_read_v1"": true, ""dependent_acknowledged"": true, ""visible_ids"": [""v1:345"", ""v2:345""], ""snapshot_polls"": 1}"
20260918T142903Z_be5aa8ad,346,fault,1789741758.951315,1789741758.9709709,19.056,0,19.056,pass,,independent_snapshot,"{""prerequisite_acknowledged"": true, ""client_b_read_v1"": true, ""dependent_acknowledged"": true, ""visible_ids"": [""v1:346"", ""v2:346""], ""snapshot_polls"": 1}"
20260918T142903Z_be5aa8ad,347,fault,1789741758.9709709,1789741758.9910865,20.404,0,20.404,pass,,independent_snapshot,"{""prerequisite_acknowledged"": true, ""client_b_read_v1"": true, ""dependent_acknowledged"": true, ""visible_ids"": [""v1:347"", ""v2:347""], ""snapshot_polls"": 1}"
20260918T142903Z_be5aa8ad,348,fault,1789741758.9910865,1789741759.015396,23.819,0,23.819,pass,,independent_snapshot,"{""prerequisite_acknowledged"": true, ""client_b_read_v1"": true, ""dependent_acknowledged"": true, ""visible_ids"": [""v1:348"", ""v2:348""], ""snapshot_polls"": 1}"
20260918T142903Z_be5aa8ad,349,fault,1789741759.015396,1789741759.033511,18.061,0,18.061,pass,,independent_snapshot,"{""prerequisite_acknowledged"": true, ""client_b_read_v1"": true, ""dependent_acknowledged"": true, ""visible_ids"": [""v1:349"", ""v2:349""], ""snapshot_polls"": 1}"
20260918T142903Z_be5aa8ad,350,fault,1789741759.033511,1789741759.055,21.241,0,21.241,pass,,independent_snapshot,"{""prerequisite_acknowledged"": true, ""client_b_read_v1"": true, ""dependent_acknowledged"": true, ""visible_ids"": [""v1:350"", ""v2:350""], ""snapshot_polls"": 1}"
20260918T142903Z_be5aa8ad,351,fault,1789741759.055,1789741759.0757573,20.977,0,20.977,pass,,independent_snapshot,"{""prerequisite_acknowledged"": true, ""client_b_read_v1"": true, ""dependent_acknowledged"": true, ""visible_ids"": [""v1:351"", ""v2:351""], ""snapshot_polls"": 1}"
20260918T142903Z_be5aa8ad,352,fault,1789741759.0757573,1789741759.0949633,19.185,0,19.185,pass,,independent_snapshot,"{""prerequisite_acknowledged"": true, ""client_b_read_v1"": true, ""dependent_acknowledged"": true, ""visible_ids"": [""v1:352"", ""v2:352""], ""snapshot_polls"": 1}"
20260918T142903Z_be5aa8ad,353,fault,1789741759.0949633,1789741759.1155424,20.293,0,20.293,pass,,independent_snapshot,"{""prerequisite_acknowledged"": true, ""client_b_read_v1"": true, ""dependent_acknowledged"": true, ""visible_ids"": [""v1:353"", ""v2:353""], ""snapshot_polls"": 1}"
20260918T142903Z_be5aa8ad,354,fault,1789741759.1155424,1789741759.1342828,18.736,0,18.736,pass,,independent_snapshot,"{""prerequisite_acknowledged"": true, ""client_b_read_v1"": true, ""dependent_acknowledged"": true, ""visible_ids"": [""v1:354"", ""v2:354""], ""snapshot_polls"": 1}"
20260918T142903Z_be5aa8ad,355,fault,1789741759.1342828,1789741759.1533644,19.08,0,19.08,pass,,independent_snapshot,"{""prerequisite_acknowledged"": true, ""client_b_read_v1"": true, ""dependent_acknowledged"": true, ""visible_ids"": [""v1:355"", ""v2:355""], ""snapshot_polls"": 1}"
20260918T142903Z_be5aa8ad,356,fault,1789741759.1533644,1789741759.1766074,22.889,0,22.889,pass,,independent_snapshot,"{""prerequisite_acknowledged"": true, ""client_b_read_v1"": true, ""dependent_acknowledged"": true, ""visible_ids"": [""v1:356"", ""v2:356""], ""snapshot_polls"": 1}"
20260918T142903Z_be5aa8ad,357,fault,1789741759.1766074,1789741759.1964188,19.683,0,19.683,pass,,independent_snapshot,"{""prerequisite_acknowledged"": true, ""client_b_read_v1"": true, ""dependent_acknowledged"": true, ""visible_ids"": [""v1:357"", ""v2:357""], ""snapshot_polls"": 1}"
20260918T142903Z_be5aa8ad,358,fault,1789741759.1964188,1789741759.2166424,20.42,0,20.42,pass,,independent_snapshot,"{""prerequisite_acknowledged"": true, ""client_b_read_v1"": true, ""dependent_acknowledged"": true, ""visible_ids"": [""v1:358"", ""v2:358""], ""snapshot_polls"": 1}"
20260918T142903Z_be5aa8ad,359,fault,1789741759.2166424,1789741759.23999,22.915,0,22.915,pass,,independent_snapshot,"{""prerequisite_acknowledged"": true, ""client_b_read_v1"": true, ""dependent_acknowledged"": true, ""visible_ids"": [""v1:359"", ""v2:359""], ""snapshot_polls"": 1}"
20260918T142903Z_be5aa8ad,360,fault,1789741759.23999,1789741759.2589748,19.158,0,19.158,pass,,independent_snapshot,"{""prerequisite_acknowledged"": true, ""client_b_read_v1"": true, ""dependent_acknowledged"": true, ""visible_ids"": [""v1:360"", ""v2:360""], ""snapshot_polls"": 1}"
20260918T142903Z_be5aa8ad,361,fault,1789741759.2589748,1789741759.2787263,19.343,0,19.343,pass,,independent_snapshot,"{""prerequisite_acknowledged"": true, ""client_b_read_v1"": true, ""dependent_acknowledged"": true, ""visible_ids"": [""v1:361"", ""v2:361""], ""snapshot_polls"": 1}"
20260918T142903Z_be5aa8ad,362,fault,1789741759.2787263,1789741759.297237,18.204,0,18.204,pass,,independent_snapshot,"{""prerequisite_acknowledged"": true, ""client_b_read_v1"": true, ""dependent_acknowledged"": true, ""visible_ids"": [""v1:362"", ""v2:362""], ""snapshot_polls"": 1}"
20260918T142903Z_be5aa8ad,363,fault,1789741759.297237,1789741759.3156154,18.392,0,18.392,pass,,independent_snapshot,"{""prerequisite_acknowledged"": true, ""client_b_read_v1"": true, ""dependent_acknowledged"": true, ""visible_ids"": [""v1:363"", ""v2:363""], ""snapshot_polls"": 1}"
20260918T142903Z_be5aa8ad,364,fault,1789741759.3156154,1789741759.337901,22.048,0,22.048,pass,,independent_snapshot,"{""prerequisite_acknowledged"": true, ""client_b_read_v1"": true, ""dependent_acknowledged"": true, ""visible_ids"": [""v1:364"", ""v2:364""], ""snapshot_polls"": 1}"
20260918T142903Z_be5aa8ad,365,fault,1789741759.337901,1789741759.3579233,20.074,0,20.074,pass,,independent_snapshot,"{""prerequisite_acknowledged"": true, ""client_b_read_v1"": true, ""dependent_acknowledged"": true, ""visible_ids"": [""v1:365"", ""v2:365""], ""snapshot_polls"": 1}"
20260918T142903Z_be5aa8ad,366,fault,1789741759.3579233,1789741759.3776243,19.649,0,19.649,pass,,independent_snapshot,"{""prerequisite_acknowledged"": true, ""client_b_read_v1"": true, ""dependent_acknowledged"": true, ""visible_ids"": [""v1:366"", ""v2:366""], ""snapshot_polls"": 1}"
20260918T142903Z_be5aa8ad,367,fault,1789741759.3776243,1789741759.3989568,20.995,0,20.995,pass,,independent_snapshot,"{""prerequisite_acknowledged"": true, ""client_b_read_v1"": true, ""dependent_acknowledged"": true, ""visible_ids"": [""v1:367"", ""v2:367""], ""snapshot_polls"": 1}"
20260918T142903Z_be5aa8ad,368,fault,1789741759.3989568,1789741759.4191358,20.182,0,20.182,pass,,independent_snapshot,"{""prerequisite_acknowledged"": true, ""client_b_read_v1"": true, ""dependent_acknowledged"": true, ""visible_ids"": [""v1:368"", ""v2:368""], ""snapshot_polls"": 1}"
20260918T142903Z_be5aa8ad,369,fault,1789741759.4191358,1789741759.441772,22.406,0,22.406,pass,,independent_snapshot,"{""prerequisite_acknowledged"": true, ""client_b_read_v1"": true, ""dependent_acknowledged"": true, ""visible_ids"": [""v1:369"", ""v2:369""], ""snapshot_polls"": 1}"
20260918T142903Z_be5aa8ad,370,fault,1789741759.441772,1789741759.469991,28.151,0,28.151,pass,,independent_snapshot,"{""prerequisite_acknowledged"": true, ""client_b_read_v1"": true, ""dependent_acknowledged"": true, ""visible_ids"": [""v1:370"", ""v2:370""], ""snapshot_polls"": 1}"
20260918T142903Z_be5aa8ad,371,fault,1789741759.469991,1789741759.49452,25.274,0,25.274,pass,,independent_snapshot,"{""prerequisite_acknowledged"": true, ""client_b_read_v1"": true, ""dependent_acknowledged"": true, ""visible_ids"": [""v1:371"", ""v2:371""], ""snapshot_polls"": 1}"
20260918T142903Z_be5aa8ad,372,fault,1789741759.4955318,1789741759.521139,25.962,0,25.962,pass,,independent_snapshot,"{""prerequisite_acknowledged"": true, ""client_b_read_v1"": true, ""dependent_acknowledged"": true, ""visible_ids"": [""v1:372"", ""v2:372""], ""snapshot_polls"": 1}"
20260918T142903Z_be5aa8ad,373,fault,1789741759.521696,1789741759.543115,21.554,0,21.554,pass,,independent_snapshot,"{""prerequisite_acknowledged"": true, ""client_b_read_v1"": true, ""dependent_acknowledged"": true, ""visible_ids"": [""v1:373"", ""v2:373""], ""snapshot_polls"": 1}"
20260918T142903Z_be5aa8ad,374,fault,1789741759.543115,1789741759.5776472,34.91,0,34.91,pass,,independent_snapshot,"{""prerequisite_acknowledged"": true, ""client_b_read_v1"": true, ""dependent_acknowledged"": true, ""visible_ids"": [""v1:374"", ""v2:374""], ""snapshot_polls"": 1}"
20260918T142903Z_be5aa8ad,375,fault,1789741759.5776472,1789741759.6162605,37.798,0,37.798,pass,,independent_snapshot,"{""prerequisite_acknowledged"": true, ""client_b_read_v1"": true, ""dependent_acknowledged"": true, ""visible_ids"": [""v1:375"", ""v2:375""], ""snapshot_polls"": 1}"
20260918T142903Z_be5aa8ad,376,fault,1789741759.6162605,1789741759.6445935,28.712,0,28.712,pass,,independent_snapshot,"{""prerequisite_acknowledged"": true, ""client_b_read_v1"": true, ""dependent_acknowledged"": true, ""visible_ids"": [""v1:376"", ""v2:376""], ""snapshot_polls"": 1}"
20260918T142903Z_be5aa8ad,377,fault,1789741759.6451015,1789741759.6749492,30.183,0,30.183,pass,,independent_snapshot,"{""prerequisite_acknowledged"": true, ""client_b_read_v1"": true, ""dependent_acknowledged"": true, ""visible_ids"": [""v1:377"", ""v2:377""], ""snapshot_polls"": 1}"
20260918T142903Z_be5aa8ad,378,fault,1789741759.6749492,1789741759.7129967,37.974,0,37.974,pass,,independent_snapshot,"{""prerequisite_acknowledged"": true, ""client_b_read_v1"": true, ""dependent_acknowledged"": true, ""visible_ids"": [""v1:378"", ""v2:378""], ""snapshot_polls"": 1}"
20260918T142903Z_be5aa8ad,379,fault,1789741759.7129967,1789741759.7581692,44.969,0,44.969,pass,,independent_snapshot,"{""prerequisite_acknowledged"": true, ""client_b_read_v1"": true, ""dependent_acknowledged"": true, ""visible_ids"": [""v1:379"", ""v2:379""], ""snapshot_polls"": 1}"
20260918T142903Z_be5aa8ad,380,fault,1789741759.7581692,1789741759.8037152,46.487,0,46.487,pass,,independent_snapshot,"{""prerequisite_acknowledged"": true, ""client_b_read_v1"": true, ""dependent_acknowledged"": true, ""visible_ids"": [""v1:380"", ""v2:380""], ""snapshot_polls"": 1}"
20260918T142903Z_be5aa8ad,381,fault,1789741759.805226,1789741759.8533273,48.774,0,48.774,pass,,independent_snapshot,"{""prerequisite_acknowledged"": true, ""client_b_read_v1"": true, ""dependent_acknowledged"": true, ""visible_ids"": [""v1:381"", ""v2:381""], ""snapshot_polls"": 1}"
20260918T142903Z_be5aa8ad,382,fault,1789741759.8533273,1789741759.9132617,59.367,0,59.367,pass,,independent_snapshot,"{""prerequisite_acknowledged"": true, ""client_b_read_v1"": true, ""dependent_acknowledged"": true, ""visible_ids"": [""v1:382"", ""v2:382""], ""snapshot_polls"": 1}"
20260918T142903Z_be5aa8ad,383,fault,1789741759.9132617,1789741759.9607801,47.441,0,47.441,pass,,independent_snapshot,"{""prerequisite_acknowledged"": true, ""client_b_read_v1"": true, ""dependent_acknowledged"": true, ""visible_ids"": [""v1:383"", ""v2:383""], ""snapshot_polls"": 1}"
20260918T142903Z_be5aa8ad,384,fault,1789741759.9613056,1789741759.9995818,38.907,0,38.907,pass,,independent_snapshot,"{""prerequisite_acknowledged"": true, ""client_b_read_v1"": true, ""dependent_acknowledged"": true, ""visible_ids"": [""v1:384"", ""v2:384""], ""snapshot_polls"": 1}"
20260918T142903Z_be5aa8ad,385,fault,1789741759.9995818,1789741760.0270197,26.784,0,26.784,pass,,independent_snapshot,"{""prerequisite_acknowledged"": true, ""client_b_read_v1"": true, ""dependent_acknowledged"": true, ""visible_ids"": [""v1:385"", ""v2:385""], ""snapshot_polls"": 1}"
20260918T142903Z_be5aa8ad,386,fault,1789741760.0270197,1789741760.056845,29.615,0,29.615,pass,,independent_snapshot,"{""prerequisite_acknowledged"": true, ""client_b_read_v1"": true, ""dependent_acknowledged"": true, ""visible_ids"": [""v1:386"", ""v2:386""], ""snapshot_polls"": 1}"
20260918T142903Z_be5aa8ad,387,fault,1789741760.056845,1789741760.0890746,32.373,0,32.373,pass,,independent_snapshot,"{""prerequisite_acknowledged"": true, ""client_b_read_v1"": true, ""dependent_acknowledged"": true, ""visible_ids"": [""v1:387"", ""v2:387""], ""snapshot_polls"": 1}"
20260918T142903Z_be5aa8ad,388,fault,1789741760.089531,1789741760.1243756,35.265,0,35.265,pass,,independent_snapshot,"{""prerequisite_acknowledged"": true, ""client_b_read_v1"": true, ""dependent_acknowledged"": true, ""visible_ids"": [""v1:388"", ""v2:388""], ""snapshot_polls"": 1}"
20260918T142903Z_be5aa8ad,389,fault,1789741760.1243756,1789741760.171135,46.522,0,46.522,pass,,independent_snapshot,"{""prerequisite_acknowledged"": true, ""client_b_read_v1"": true, ""dependent_acknowledged"": true, ""visible_ids"": [""v1:389"", ""v2:389""], ""snapshot_polls"": 1}"
20260918T142903Z_be5aa8ad,390,fault,1789741760.171135,1789741760.2249372,53.462,0,53.462,pass,,independent_snapshot,"{""prerequisite_acknowledged"": true, ""client_b_read_v1"": true, ""dependent_acknowledged"": true, ""visible_ids"": [""v1:390"", ""v2:390""], ""snapshot_polls"": 1}"
20260918T142903Z_be5aa8ad,391,fault,1789741760.2249372,1789741760.2498562,24.772,0,24.772,pass,,independent_snapshot,"{""prerequisite_acknowledged"": true, ""client_b_read_v1"": true, ""dependent_acknowledged"": true, ""visible_ids"": [""v1:391"", ""v2:391""], ""snapshot_polls"": 1}"
20260918T142903Z_be5aa8ad,392,fault,1789741760.2498562,1789741760.2679265,18.292,0,18.292,pass,,independent_snapshot,"{""prerequisite_acknowledged"": true, ""client_b_read_v1"": true, ""dependent_acknowledged"": true, ""visible_ids"": [""v1:392"", ""v2:392""], ""snapshot_polls"": 1}"
20260918T142903Z_be5aa8ad,393,fault,1789741760.2679265,1789741760.287558,19.62,0,19.62,pass,,independent_snapshot,"{""prerequisite_acknowledged"": true, ""client_b_read_v1"": true, ""dependent_acknowledged"": true, ""visible_ids"": [""v1:393"", ""v2:393""], ""snapshot_polls"": 1}"
20260918T142903Z_be5aa8ad,394,fault,1789741760.2881377,1789741760.3076952,20.069,0,20.069,pass,,independent_snapshot,"{""prerequisite_acknowledged"": true, ""client_b_read_v1"": true, ""dependent_acknowledged"": true, ""visible_ids"": [""v1:394"", ""v2:394""], ""snapshot_polls"": 1}"
20260918T142903Z_be5aa8ad,395,fault,1789741760.3083339,1789741760.328117,19.957,0,19.957,pass,,independent_snapshot,"{""prerequisite_acknowledged"": true, ""client_b_read_v1"": true, ""dependent_acknowledged"": true, ""visible_ids"": [""v1:395"", ""v2:395""], ""snapshot_polls"": 1}"
20260918T142903Z_be5aa8ad,396,fault,1789741760.328117,1789741760.349894,21.916,0,21.916,pass,,independent_snapshot,"{""prerequisite_acknowledged"": true, ""client_b_read_v1"": true, ""dependent_acknowledged"": true, ""visible_ids"": [""v1:396"", ""v2:396""], ""snapshot_polls"": 1}"
20260918T142903Z_be5aa8ad,397,fault,1789741760.349894,1789741760.368778,18.505,0,18.505,pass,,independent_snapshot,"{""prerequisite_acknowledged"": true, ""client_b_read_v1"": true, ""dependent_acknowledged"": true, ""visible_ids"": [""v1:397"", ""v2:397""], ""snapshot_polls"": 1}"
20260918T142903Z_be5aa8ad,398,fault,1789741760.368778,1789741760.3889344,19.945,0,19.945,pass,,independent_snapshot,"{""prerequisite_acknowledged"": true, ""client_b_read_v1"": true, ""dependent_acknowledged"": true, ""visible_ids"": [""v1:398"", ""v2:398""], ""snapshot_polls"": 1}"
20260918T142903Z_be5aa8ad,399,fault,1789741760.3889344,1789741760.4071066,18.032,0,18.032,pass,,independent_snapshot,"{""prerequisite_acknowledged"": true, ""client_b_read_v1"": true, ""dependent_acknowledged"": true, ""visible_ids"": [""v1:399"", ""v2:399""], ""snapshot_polls"": 1}"
20260918T142903Z_be5aa8ad,400,fault,1789741760.4071066,1789741760.4261556,19.346,0,19.346,pass,,independent_snapshot,"{""prerequisite_acknowledged"": true, ""client_b_read_v1"": true, ""dependent_acknowledged"": true, ""visible_ids"": [""v1:400"", ""v2:400""], ""snapshot_polls"": 1}"
20260918T142903Z_be5aa8ad,401,fault,1789741760.4287534,1789741760.4495473,20.367,0,20.367,pass,,independent_snapshot,"{""prerequisite_acknowledged"": true, ""client_b_read_v1"": true, ""dependent_acknowledged"": true, ""visible_ids"": [""v1:401"", ""v2:401""], ""snapshot_polls"": 1}"
20260918T142903Z_be5aa8ad,402,fault,1789741760.4495473,1789741760.469246,19.594,0,19.594,pass,,independent_snapshot,"{""prerequisite_acknowledged"": true, ""client_b_read_v1"": true, ""dependent_acknowledged"": true, ""visible_ids"": [""v1:402"", ""v2:402""], ""snapshot_polls"": 1}"
20260918T142903Z_be5aa8ad,403,fault,1789741760.469246,1789741760.489002,20.145,0,20.145,pass,,independent_snapshot,"{""prerequisite_acknowledged"": true, ""client_b_read_v1"": true, ""dependent_acknowledged"": true, ""visible_ids"": [""v1:403"", ""v2:403""], ""snapshot_polls"": 1}"
20260918T142903Z_be5aa8ad,404,fault,1789741760.4896283,1789741760.5124872,22.984,0,22.984,pass,,independent_snapshot,"{""prerequisite_acknowledged"": true, ""client_b_read_v1"": true, ""dependent_acknowledged"": true, ""visible_ids"": [""v1:404"", ""v2:404""], ""snapshot_polls"": 1}"
20260918T142903Z_be5aa8ad,405,fault,1789741760.5124872,1789741760.531709,19.002,0,19.002,pass,,independent_snapshot,"{""prerequisite_acknowledged"": true, ""client_b_read_v1"": true, ""dependent_acknowledged"": true, ""visible_ids"": [""v1:405"", ""v2:405""], ""snapshot_polls"": 1}"
20260918T142903Z_be5aa8ad,406,fault,1789741760.531709,1789741760.5504937,18.966,0,18.966,pass,,independent_snapshot,"{""prerequisite_acknowledged"": true, ""client_b_read_v1"": true, ""dependent_acknowledged"": true, ""visible_ids"": [""v1:406"", ""v2:406""], ""snapshot_polls"": 1}"
20260918T142903Z_be5aa8ad,407,fault,1789741760.5504937,1789741760.5693734,18.468,0,18.468,pass,,independent_snapshot,"{""prerequisite_acknowledged"": true, ""client_b_read_v1"": true, ""dependent_acknowledged"": true, ""visible_ids"": [""v1:407"", ""v2:407""], ""snapshot_polls"": 1}"
20260918T142903Z_be5aa8ad,408,fault,1789741760.5693734,1789741760.587155,17.803,0,17.803,pass,,independent_snapshot,"{""prerequisite_acknowledged"": true, ""client_b_read_v1"": true, ""dependent_acknowledged"": true, ""visible_ids"": [""v1:408"", ""v2:408""], ""snapshot_polls"": 1}"
20260918T142903Z_be5aa8ad,409,fault,1789741760.587155,1789741760.6070483,19.949,0,19.949,pass,,independent_snapshot,"{""prerequisite_acknowledged"": true, ""client_b_read_v1"": true, ""dependent_acknowledged"": true, ""visible_ids"": [""v1:409"", ""v2:409""], ""snapshot_polls"": 1}"
20260918T142903Z_be5aa8ad,410,fault,1789741760.6070483,1789741760.6285622,21.538,0,21.538,pass,,independent_snapshot,"{""prerequisite_acknowledged"": true, ""client_b_read_v1"": true, ""dependent_acknowledged"": true, ""visible_ids"": [""v1:410"", ""v2:410""], ""snapshot_polls"": 1}"
20260918T142903Z_be5aa8ad,411,fault,1789741760.629199,1789741760.6495001,20.499,0,20.499,pass,,independent_snapshot,"{""prerequisite_acknowledged"": true, ""client_b_read_v1"": true, ""dependent_acknowledged"": true, ""visible_ids"": [""v1:411"", ""v2:411""], ""snapshot_polls"": 1}"
20260918T142903Z_be5aa8ad,412,fault,1789741760.6495001,1789741760.6742227,24.634,0,24.634,pass,,independent_snapshot,"{""prerequisite_acknowledged"": true, ""client_b_read_v1"": true, ""dependent_acknowledged"": true, ""visible_ids"": [""v1:412"", ""v2:412""], ""snapshot_polls"": 1}"
20260918T142903Z_be5aa8ad,413,fault,1789741760.6742227,1789741760.6934903,19.516,0,19.516,pass,,independent_snapshot,"{""prerequisite_acknowledged"": true, ""client_b_read_v1"": true, ""dependent_acknowledged"": true, ""visible_ids"": [""v1:413"", ""v2:413""], ""snapshot_polls"": 1}"
20260918T142903Z_be5aa8ad,414,fault,1789741760.6934903,1789741760.7143354,20.188,0,20.188,pass,,independent_snapshot,"{""prerequisite_acknowledged"": true, ""client_b_read_v1"": true, ""dependent_acknowledged"": true, ""visible_ids"": [""v1:414"", ""v2:414""], ""snapshot_polls"": 1}"
20260918T142903Z_be5aa8ad,415,fault,1789741760.7143354,1789741760.7344778,20.525,0,20.525,pass,,independent_snapshot,"{""prerequisite_acknowledged"": true, ""client_b_read_v1"": true, ""dependent_acknowledged"": true, ""visible_ids"": [""v1:415"", ""v2:415""], ""snapshot_polls"": 1}"
20260918T142903Z_be5aa8ad,416,fault,1789741760.7344778,1789741760.7545316,19.432,0,19.432,pass,,independent_snapshot,"{""prerequisite_acknowledged"": true, ""client_b_read_v1"": true, ""dependent_acknowledged"": true, ""visible_ids"": [""v1:416"", ""v2:416""], ""snapshot_polls"": 1}"
20260918T142903Z_be5aa8ad,417,fault,1789741760.7545316,1789741760.7762377,21.853,0,21.853,pass,,independent_snapshot,"{""prerequisite_acknowledged"": true, ""client_b_read_v1"": true, ""dependent_acknowledged"": true, ""visible_ids"": [""v1:417"", ""v2:417""], ""snapshot_polls"": 1}"
20260918T142903Z_be5aa8ad,418,fault,1789741760.7762377,1789741760.7970548,20.911,0,20.911,pass,,independent_snapshot,"{""prerequisite_acknowledged"": true, ""client_b_read_v1"": true, ""dependent_acknowledged"": true, ""visible_ids"": [""v1:418"", ""v2:418""], ""snapshot_polls"": 1}"
20260918T142903Z_be5aa8ad,419,fault,1789741760.7970548,1789741760.8183339,20.722,0,20.722,pass,,independent_snapshot,"{""prerequisite_acknowledged"": true, ""client_b_read_v1"": true, ""dependent_acknowledged"": true, ""visible_ids"": [""v1:419"", ""v2:419""], ""snapshot_polls"": 1}"
20260918T142903Z_be5aa8ad,420,fault,1789741760.8183339,1789741760.8399763,21.926,0,21.926,pass,,independent_snapshot,"{""prerequisite_acknowledged"": true, ""client_b_read_v1"": true, ""dependent_acknowledged"": true, ""visible_ids"": [""v1:420"", ""v2:420""], ""snapshot_polls"": 1}"
20260918T142903Z_be5aa8ad,421,fault,1789741760.8399763,1789741760.8580487,17.599,0,17.599,pass,,independent_snapshot,"{""prerequisite_acknowledged"": true, ""client_b_read_v1"": true, ""dependent_acknowledged"": true, ""visible_ids"": [""v1:421"", ""v2:421""], ""snapshot_polls"": 1}"
20260918T142903Z_be5aa8ad,422,fault,1789741760.8580487,1789741760.8782587,20.088,0,20.088,pass,,independent_snapshot,"{""prerequisite_acknowledged"": true, ""client_b_read_v1"": true, ""dependent_acknowledged"": true, ""visible_ids"": [""v1:422"", ""v2:422""], ""snapshot_polls"": 1}"
20260918T142903Z_be5aa8ad,423,fault,1789741760.8782587,1789741760.8990538,21.12,0,21.12,pass,,independent_snapshot,"{""prerequisite_acknowledged"": true, ""client_b_read_v1"": true, ""dependent_acknowledged"": true, ""visible_ids"": [""v1:423"", ""v2:423""], ""snapshot_polls"": 1}"
20260918T142903Z_be5aa8ad,424,fault,1789741760.8990538,1789741760.9197023,20.291,0,20.291,pass,,independent_snapshot,"{""prerequisite_acknowledged"": true, ""client_b_read_v1"": true, ""dependent_acknowledged"": true, ""visible_ids"": [""v1:424"", ""v2:424""], ""snapshot_polls"": 1}"
20260918T142903Z_be5aa8ad,425,fault,1789741760.9197023,1789741760.938419,18.994,0,18.994,pass,,independent_snapshot,"{""prerequisite_acknowledged"": true, ""client_b_read_v1"": true, ""dependent_acknowledged"": true, ""visible_ids"": [""v1:425"", ""v2:425""], ""snapshot_polls"": 1}"
20260918T142903Z_be5aa8ad,426,fault,1789741760.9390523,1789741760.9579244,19.347,0,19.347,pass,,independent_snapshot,"{""prerequisite_acknowledged"": true, ""client_b_read_v1"": true, ""dependent_acknowledged"": true, ""visible_ids"": [""v1:426"", ""v2:426""], ""snapshot_polls"": 1}"
20260918T142903Z_be5aa8ad,427,fault,1789741760.958518,1789741760.9777153,19.431,0,19.431,pass,,independent_snapshot,"{""prerequisite_acknowledged"": true, ""client_b_read_v1"": true, ""dependent_acknowledged"": true, ""visible_ids"": [""v1:427"", ""v2:427""], ""snapshot_polls"": 1}"
20260918T142903Z_be5aa8ad,428,fault,1789741760.9777153,1789741761.0011532,23.254,0,23.254,pass,,independent_snapshot,"{""prerequisite_acknowledged"": true, ""client_b_read_v1"": true, ""dependent_acknowledged"": true, ""visible_ids"": [""v1:428"", ""v2:428""], ""snapshot_polls"": 1}"
20260918T142903Z_be5aa8ad,429,fault,1789741761.0014768,1789741761.0208964,19.639,0,19.639,pass,,independent_snapshot,"{""prerequisite_acknowledged"": true, ""client_b_read_v1"": true, ""dependent_acknowledged"": true, ""visible_ids"": [""v1:429"", ""v2:429""], ""snapshot_polls"": 1}"
20260918T142903Z_be5aa8ad,430,fault,1789741761.0208964,1789741761.0422468,21.304,0,21.304,pass,,independent_snapshot,"{""prerequisite_acknowledged"": true, ""client_b_read_v1"": true, ""dependent_acknowledged"": true, ""visible_ids"": [""v1:430"", ""v2:430""], ""snapshot_polls"": 1}"
20260918T142903Z_be5aa8ad,431,fault,1789741761.0422468,1789741761.0615406,19.468,0,19.468,pass,,independent_snapshot,"{""prerequisite_acknowledged"": true, ""client_b_read_v1"": true, ""dependent_acknowledged"": true, ""visible_ids"": [""v1:431"", ""v2:431""], ""snapshot_polls"": 1}"
20260918T142903Z_be5aa8ad,432,fault,1789741761.0622325,1789741761.0815191,19.544,0,19.544,pass,,independent_snapshot,"{""prerequisite_acknowledged"": true, ""client_b_read_v1"": true, ""dependent_acknowledged"": true, ""visible_ids"": [""v1:432"", ""v2:432""], ""snapshot_polls"": 1}"
20260918T142903Z_be5aa8ad,433,fault,1789741761.0815191,1789741761.104088,22.222,0,22.222,pass,,independent_snapshot,"{""prerequisite_acknowledged"": true, ""client_b_read_v1"": true, ""dependent_acknowledged"": true, ""visible_ids"": [""v1:433"", ""v2:433""], ""snapshot_polls"": 1}"
20260918T142903Z_be5aa8ad,434,fault,1789741761.104088,1789741761.124256,20.401,0,20.401,pass,,independent_snapshot,"{""prerequisite_acknowledged"": true, ""client_b_read_v1"": true, ""dependent_acknowledged"": true, ""visible_ids"": [""v1:434"", ""v2:434""], ""snapshot_polls"": 1}"
20260918T142903Z_be5aa8ad,435,fault,1789741761.124764,1789741761.1441236,19.729,0,19.729,pass,,independent_snapshot,"{""prerequisite_acknowledged"": true, ""client_b_read_v1"": true, ""dependent_acknowledged"": true, ""visible_ids"": [""v1:435"", ""v2:435""], ""snapshot_polls"": 1}"
20260918T142903Z_be5aa8ad,436,fault,1789741761.1441236,1789741761.1664479,22.435,0,22.435,pass,,independent_snapshot,"{""prerequisite_acknowledged"": true, ""client_b_read_v1"": true, ""dependent_acknowledged"": true, ""visible_ids"": [""v1:436"", ""v2:436""], ""snapshot_polls"": 1}"
20260918T142903Z_be5aa8ad,437,fault,1789741761.1671662,1789741761.1870244,19.96,0,19.96,pass,,independent_snapshot,"{""prerequisite_acknowledged"": true, ""client_b_read_v1"": true, ""dependent_acknowledged"": true, ""visible_ids"": [""v1:437"", ""v2:437""], ""snapshot_polls"": 1}"
20260918T142903Z_be5aa8ad,438,fault,1789741761.1870244,1789741761.2077503,20.583,0,20.583,pass,,independent_snapshot,"{""prerequisite_acknowledged"": true, ""client_b_read_v1"": true, ""dependent_acknowledged"": true, ""visible_ids"": [""v1:438"", ""v2:438""], ""snapshot_polls"": 1}"
20260918T142903Z_be5aa8ad,439,fault,1789741761.2077503,1789741761.2282438,20.601,0,20.601,pass,,independent_snapshot,"{""prerequisite_acknowledged"": true, ""client_b_read_v1"": true, ""dependent_acknowledged"": true, ""visible_ids"": [""v1:439"", ""v2:439""], ""snapshot_polls"": 1}"
20260918T142903Z_be5aa8ad,440,fault,1789741761.2282438,1789741761.2482283,19.575,0,19.575,pass,,independent_snapshot,"{""prerequisite_acknowledged"": true, ""client_b_read_v1"": true, ""dependent_acknowledged"": true, ""visible_ids"": [""v1:440"", ""v2:440""], ""snapshot_polls"": 1}"
20260918T142903Z_be5aa8ad,441,fault,1789741761.2482283,1789741761.26912,20.689,0,20.689,pass,,independent_snapshot,"{""prerequisite_acknowledged"": true, ""client_b_read_v1"": true, ""dependent_acknowledged"": true, ""visible_ids"": [""v1:441"", ""v2:441""], ""snapshot_polls"": 1}"
20260918T142903Z_be5aa8ad,442,fault,1789741761.26912,1789741761.2893643,20.106,0,20.106,pass,,independent_snapshot,"{""prerequisite_acknowledged"": true, ""client_b_read_v1"": true, ""dependent_acknowledged"": true, ""visible_ids"": [""v1:442"", ""v2:442""], ""snapshot_polls"": 1}"
20260918T142903Z_be5aa8ad,443,fault,1789741761.2893643,1789741761.3076134,18.577,0,18.577,pass,,independent_snapshot,"{""prerequisite_acknowledged"": true, ""client_b_read_v1"": true, ""dependent_acknowledged"": true, ""visible_ids"": [""v1:443"", ""v2:443""], ""snapshot_polls"": 1}"
20260918T142903Z_be5aa8ad,444,fault,1789741761.3076134,1789741761.331925,24.297,0,24.297,pass,,independent_snapshot,"{""prerequisite_acknowledged"": true, ""client_b_read_v1"": true, ""dependent_acknowledged"": true, ""visible_ids"": [""v1:444"", ""v2:444""], ""snapshot_polls"": 1}"
20260918T142903Z_be5aa8ad,445,fault,1789741761.3325381,1789741761.3499532,18.877,0,18.877,pass,,independent_snapshot,"{""prerequisite_acknowledged"": true, ""client_b_read_v1"": true, ""dependent_acknowledged"": true, ""visible_ids"": [""v1:445"", ""v2:445""], ""snapshot_polls"": 1}"
20260918T142903Z_be5aa8ad,446,fault,1789741761.3499532,1789741761.3710392,19.562,0,19.562,pass,,independent_snapshot,"{""prerequisite_acknowledged"": true, ""client_b_read_v1"": true, ""dependent_acknowledged"": true, ""visible_ids"": [""v1:446"", ""v2:446""], ""snapshot_polls"": 1}"
20260918T142903Z_be5aa8ad,447,fault,1789741761.3710392,1789741761.3902326,19.439,0,19.439,pass,,independent_snapshot,"{""prerequisite_acknowledged"": true, ""client_b_read_v1"": true, ""dependent_acknowledged"": true, ""visible_ids"": [""v1:447"", ""v2:447""], ""snapshot_polls"": 1}"
20260918T142903Z_be5aa8ad,448,fault,1789741761.3902326,1789741761.410313,20.095,0,20.095,pass,,independent_snapshot,"{""prerequisite_acknowledged"": true, ""client_b_read_v1"": true, ""dependent_acknowledged"": true, ""visible_ids"": [""v1:448"", ""v2:448""], ""snapshot_polls"": 1}"
20260918T142903Z_be5aa8ad,449,fault,1789741761.41091,1789741761.4321792,21.706,0,21.706,pass,,independent_snapshot,"{""prerequisite_acknowledged"": true, ""client_b_read_v1"": true, ""dependent_acknowledged"": true, ""visible_ids"": [""v1:449"", ""v2:449""], ""snapshot_polls"": 1}"
20260918T142903Z_be5aa8ad,450,fault,1789741761.4321792,1789741761.451452,19.296,0,19.296,pass,,independent_snapshot,"{""prerequisite_acknowledged"": true, ""client_b_read_v1"": true, ""dependent_acknowledged"": true, ""visible_ids"": [""v1:450"", ""v2:450""], ""snapshot_polls"": 1}"
20260918T142903Z_be5aa8ad,451,fault,1789741761.451452,1789741761.470968,19.271,0,19.271,pass,,independent_snapshot,"{""prerequisite_acknowledged"": true, ""client_b_read_v1"": true, ""dependent_acknowledged"": true, ""visible_ids"": [""v1:451"", ""v2:451""], ""snapshot_polls"": 1}"
20260918T142903Z_be5aa8ad,452,fault,1789741761.470968,1789741761.494328,23.086,0,23.086,pass,,independent_snapshot,"{""prerequisite_acknowledged"": true, ""client_b_read_v1"": true, ""dependent_acknowledged"": true, ""visible_ids"": [""v1:452"", ""v2:452""], ""snapshot_polls"": 1}"
20260918T142903Z_be5aa8ad,453,fault,1789741761.494328,1789741761.514716,20.566,0,20.566,pass,,independent_snapshot,"{""prerequisite_acknowledged"": true, ""client_b_read_v1"": true, ""dependent_acknowledged"": true, ""visible_ids"": [""v1:453"", ""v2:453""], ""snapshot_polls"": 1}"
20260918T142903Z_be5aa8ad,454,fault,1789741761.51539,1789741761.5356834,20.348,0,20.348,pass,,independent_snapshot,"{""prerequisite_acknowledged"": true, ""client_b_read_v1"": true, ""dependent_acknowledged"": true, ""visible_ids"": [""v1:454"", ""v2:454""], ""snapshot_polls"": 1}"
20260918T142903Z_be5aa8ad,455,fault,1789741761.5356834,1789741761.5565388,21.191,0,21.191,pass,,independent_snapshot,"{""prerequisite_acknowledged"": true, ""client_b_read_v1"": true, ""dependent_acknowledged"": true, ""visible_ids"": [""v1:455"", ""v2:455""], ""snapshot_polls"": 1}"
20260918T142903Z_be5aa8ad,456,fault,1789741761.5570948,1789741761.5776916,20.659,0,20.659,pass,,independent_snapshot,"{""prerequisite_acknowledged"": true, ""client_b_read_v1"": true, ""dependent_acknowledged"": true, ""visible_ids"": [""v1:456"", ""v2:456""], ""snapshot_polls"": 1}"
20260918T142903Z_be5aa8ad,457,fault,1789741761.5776916,1789741761.5991967,21.326,0,21.326,pass,,independent_snapshot,"{""prerequisite_acknowledged"": true, ""client_b_read_v1"": true, ""dependent_acknowledged"": true, ""visible_ids"": [""v1:457"", ""v2:457""], ""snapshot_polls"": 1}"
20260918T142903Z_be5aa8ad,458,fault,1789741761.5991967,1789741761.6179817,18.975,0,18.975,pass,,independent_snapshot,"{""prerequisite_acknowledged"": true, ""client_b_read_v1"": true, ""dependent_acknowledged"": true, ""visible_ids"": [""v1:458"", ""v2:458""], ""snapshot_polls"": 1}"
20260918T142903Z_be5aa8ad,459,fault,1789741761.6179817,1789741761.636737,18.931,0,18.931,pass,,independent_snapshot,"{""prerequisite_acknowledged"": true, ""client_b_read_v1"": true, ""dependent_acknowledged"": true, ""visible_ids"": [""v1:459"", ""v2:459""], ""snapshot_polls"": 1}"
20260918T142903Z_be5aa8ad,460,fault,1789741761.636737,1789741761.6591551,21.858,0,21.858,pass,,independent_snapshot,"{""prerequisite_acknowledged"": true, ""client_b_read_v1"": true, ""dependent_acknowledged"": true, ""visible_ids"": [""v1:460"", ""v2:460""], ""snapshot_polls"": 1}"
20260918T142903Z_be5aa8ad,461,fault,1789741761.6591551,1789741761.6785116,19.121,0,19.121,pass,,independent_snapshot,"{""prerequisite_acknowledged"": true, ""client_b_read_v1"": true, ""dependent_acknowledged"": true, ""visible_ids"": [""v1:461"", ""v2:461""], ""snapshot_polls"": 1}"
20260918T142903Z_be5aa8ad,462,fault,1789741761.6785116,1789741761.6986234,20.058,0,20.058,pass,,independent_snapshot,"{""prerequisite_acknowledged"": true, ""client_b_read_v1"": true, ""dependent_acknowledged"": true, ""visible_ids"": [""v1:462"", ""v2:462""], ""snapshot_polls"": 1}"
20260918T142903Z_be5aa8ad,463,fault,1789741761.6986234,1789741761.718847,20.006,0,20.006,pass,,independent_snapshot,"{""prerequisite_acknowledged"": true, ""client_b_read_v1"": true, ""dependent_acknowledged"": true, ""visible_ids"": [""v1:463"", ""v2:463""], ""snapshot_polls"": 1}"
20260918T142903Z_be5aa8ad,464,fault,1789741761.718847,1789741761.7398686,21.122,0,21.122,pass,,independent_snapshot,"{""prerequisite_acknowledged"": true, ""client_b_read_v1"": true, ""dependent_acknowledged"": true, ""visible_ids"": [""v1:464"", ""v2:464""], ""snapshot_polls"": 1}"
20260918T142903Z_be5aa8ad,465,fault,1789741761.7398686,1789741761.7608523,20.776,0,20.776,pass,,independent_snapshot,"{""prerequisite_acknowledged"": true, ""client_b_read_v1"": true, ""dependent_acknowledged"": true, ""visible_ids"": [""v1:465"", ""v2:465""], ""snapshot_polls"": 1}"
20260918T142903Z_be5aa8ad,466,fault,1789741761.7608523,1789741761.7796178,18.614,0,18.614,pass,,independent_snapshot,"{""prerequisite_acknowledged"": true, ""client_b_read_v1"": true, ""dependent_acknowledged"": true, ""visible_ids"": [""v1:466"", ""v2:466""], ""snapshot_polls"": 1}"
20260918T142903Z_be5aa8ad,467,fault,1789741761.7796178,1789741761.7993002,19.878,0,19.878,pass,,independent_snapshot,"{""prerequisite_acknowledged"": true, ""client_b_read_v1"": true, ""dependent_acknowledged"": true, ""visible_ids"": [""v1:467"", ""v2:467""], ""snapshot_polls"": 1}"
20260918T142903Z_be5aa8ad,468,fault,1789741761.7993002,1789741761.8243449,24.547,0,24.547,pass,,independent_snapshot,"{""prerequisite_acknowledged"": true, ""client_b_read_v1"": true, ""dependent_acknowledged"": true, ""visible_ids"": [""v1:468"", ""v2:468""], ""snapshot_polls"": 1}"
20260918T142903Z_be5aa8ad,469,fault,1789741761.8243449,1789741761.8443036,19.948,0,19.948,pass,,independent_snapshot,"{""prerequisite_acknowledged"": true, ""client_b_read_v1"": true, ""dependent_acknowledged"": true, ""visible_ids"": [""v1:469"", ""v2:469""], ""snapshot_polls"": 1}"
20260918T142903Z_be5aa8ad,470,fault,1789741761.8443036,1789741761.864974,21.139,0,21.139,pass,,independent_snapshot,"{""prerequisite_acknowledged"": true, ""client_b_read_v1"": true, ""dependent_acknowledged"": true, ""visible_ids"": [""v1:470"", ""v2:470""], ""snapshot_polls"": 1}"
20260918T142903Z_be5aa8ad,471,fault,1789741761.864974,1789741761.8872342,21.49,0,21.49,pass,,independent_snapshot,"{""prerequisite_acknowledged"": true, ""client_b_read_v1"": true, ""dependent_acknowledged"": true, ""visible_ids"": [""v1:471"", ""v2:471""], ""snapshot_polls"": 1}"
20260918T142903Z_be5aa8ad,472,fault,1789741761.8872342,1789741761.9085245,21.537,0,21.537,pass,,independent_snapshot,"{""prerequisite_acknowledged"": true, ""client_b_read_v1"": true, ""dependent_acknowledged"": true, ""visible_ids"": [""v1:472"", ""v2:472""], ""snapshot_polls"": 1}"
20260918T142903Z_be5aa8ad,473,fault,1789741761.9085245,1789741761.9297981,20.88,0,20.88,pass,,independent_snapshot,"{""prerequisite_acknowledged"": true, ""client_b_read_v1"": true, ""dependent_acknowledged"": true, ""visible_ids"": [""v1:473"", ""v2:473""], ""snapshot_polls"": 1}"
20260918T142903Z_be5aa8ad,474,fault,1789741761.9297981,1789741761.9507442,20.781,0,20.781,pass,,independent_snapshot,"{""prerequisite_acknowledged"": true, ""client_b_read_v1"": true, ""dependent_acknowledged"": true, ""visible_ids"": [""v1:474"", ""v2:474""], ""snapshot_polls"": 1}"
20260918T142903Z_be5aa8ad,475,fault,1789741761.9507442,1789741761.9698775,19.412,0,19.412,pass,,independent_snapshot,"{""prerequisite_acknowledged"": true, ""client_b_read_v1"": true, ""dependent_acknowledged"": true, ""visible_ids"": [""v1:475"", ""v2:475""], ""snapshot_polls"": 1}"
20260918T142903Z_be5aa8ad,476,fault,1789741761.970475,1789741761.9934573,23.323,0,23.323,pass,,independent_snapshot,"{""prerequisite_acknowledged"": true, ""client_b_read_v1"": true, ""dependent_acknowledged"": true, ""visible_ids"": [""v1:476"", ""v2:476""], ""snapshot_polls"": 1}"
20260918T142903Z_be5aa8ad,477,fault,1789741761.9934573,1789741762.0123484,18.624,0,18.624,pass,,independent_snapshot,"{""prerequisite_acknowledged"": true, ""client_b_read_v1"": true, ""dependent_acknowledged"": true, ""visible_ids"": [""v1:477"", ""v2:477""], ""snapshot_polls"": 1}"
20260918T142903Z_be5aa8ad,478,fault,1789741762.0123484,1789741762.031758,19.526,0,19.526,pass,,independent_snapshot,"{""prerequisite_acknowledged"": true, ""client_b_read_v1"": true, ""dependent_acknowledged"": true, ""visible_ids"": [""v1:478"", ""v2:478""], ""snapshot_polls"": 1}"
20260918T142903Z_be5aa8ad,479,fault,1789741762.031758,1789741762.0512288,19.022,0,19.022,pass,,independent_snapshot,"{""prerequisite_acknowledged"": true, ""client_b_read_v1"": true, ""dependent_acknowledged"": true, ""visible_ids"": [""v1:479"", ""v2:479""], ""snapshot_polls"": 1}"
20260918T142903Z_be5aa8ad,480,fault,1789741762.0512288,1789741762.072238,20.769,0,20.769,pass,,independent_snapshot,"{""prerequisite_acknowledged"": true, ""client_b_read_v1"": true, ""dependent_acknowledged"": true, ""visible_ids"": [""v1:480"", ""v2:480""], ""snapshot_polls"": 1}"
20260918T142903Z_be5aa8ad,481,fault,1789741762.072238,1789741762.0949142,23.257,0,23.257,pass,,independent_snapshot,"{""prerequisite_acknowledged"": true, ""client_b_read_v1"": true, ""dependent_acknowledged"": true, ""visible_ids"": [""v1:481"", ""v2:481""], ""snapshot_polls"": 1}"
20260918T142903Z_be5aa8ad,482,fault,1789741762.0949142,1789741762.1154985,20.026,0,20.026,pass,,independent_snapshot,"{""prerequisite_acknowledged"": true, ""client_b_read_v1"": true, ""dependent_acknowledged"": true, ""visible_ids"": [""v1:482"", ""v2:482""], ""snapshot_polls"": 1}"
20260918T142903Z_be5aa8ad,483,fault,1789741762.1154985,1789741762.1350505,19.407,0,19.407,pass,,independent_snapshot,"{""prerequisite_acknowledged"": true, ""client_b_read_v1"": true, ""dependent_acknowledged"": true, ""visible_ids"": [""v1:483"", ""v2:483""], ""snapshot_polls"": 1}"
20260918T142903Z_be5aa8ad,484,fault,1789741762.1350505,1789741762.156673,21.721,0,21.721,pass,,independent_snapshot,"{""prerequisite_acknowledged"": true, ""client_b_read_v1"": true, ""dependent_acknowledged"": true, ""visible_ids"": [""v1:484"", ""v2:484""], ""snapshot_polls"": 1}"
20260918T142903Z_be5aa8ad,485,fault,1789741762.156673,1789741762.1760309,18.892,0,18.892,pass,,independent_snapshot,"{""prerequisite_acknowledged"": true, ""client_b_read_v1"": true, ""dependent_acknowledged"": true, ""visible_ids"": [""v1:485"", ""v2:485""], ""snapshot_polls"": 1}"
20260918T142903Z_be5aa8ad,486,fault,1789741762.1760309,1789741762.194635,18.544,0,18.544,pass,,independent_snapshot,"{""prerequisite_acknowledged"": true, ""client_b_read_v1"": true, ""dependent_acknowledged"": true, ""visible_ids"": [""v1:486"", ""v2:486""], ""snapshot_polls"": 1}"
20260918T142903Z_be5aa8ad,487,fault,1789741762.194635,1789741762.2154012,20.758,0,20.758,pass,,independent_snapshot,"{""prerequisite_acknowledged"": true, ""client_b_read_v1"": true, ""dependent_acknowledged"": true, ""visible_ids"": [""v1:487"", ""v2:487""], ""snapshot_polls"": 1}"
20260918T142903Z_be5aa8ad,488,fault,1789741762.2154012,1789741762.234195,18.537,0,18.537,pass,,independent_snapshot,"{""prerequisite_acknowledged"": true, ""client_b_read_v1"": true, ""dependent_acknowledged"": true, ""visible_ids"": [""v1:488"", ""v2:488""], ""snapshot_polls"": 1}"
20260918T142903Z_be5aa8ad,489,fault,1789741762.234195,1789741762.2522163,18.32,0,18.32,pass,,independent_snapshot,"{""prerequisite_acknowledged"": true, ""client_b_read_v1"": true, ""dependent_acknowledged"": true, ""visible_ids"": [""v1:489"", ""v2:489""], ""snapshot_polls"": 1}"
20260918T142903Z_be5aa8ad,490,fault,1789741762.2522163,1789741762.2703621,17.772,0,17.772,pass,,independent_snapshot,"{""prerequisite_acknowledged"": true, ""client_b_read_v1"": true, ""dependent_acknowledged"": true, ""visible_ids"": [""v1:490"", ""v2:490""], ""snapshot_polls"": 1}"
20260918T142903Z_be5aa8ad,491,fault,1789741762.2703621,1789741762.2875493,17.264,0,17.264,pass,,independent_snapshot,"{""prerequisite_acknowledged"": true, ""client_b_read_v1"": true, ""dependent_acknowledged"": true, ""visible_ids"": [""v1:491"", ""v2:491""], ""snapshot_polls"": 1}"
20260918T142903Z_be5aa8ad,492,fault,1789741762.2875493,1789741762.309797,22.137,0,22.137,pass,,independent_snapshot,"{""prerequisite_acknowledged"": true, ""client_b_read_v1"": true, ""dependent_acknowledged"": true, ""visible_ids"": [""v1:492"", ""v2:492""], ""snapshot_polls"": 1}"
20260918T142903Z_be5aa8ad,493,fault,1789741762.309797,1789741762.3280644,17.97,0,17.97,pass,,independent_snapshot,"{""prerequisite_acknowledged"": true, ""client_b_read_v1"": true, ""dependent_acknowledged"": true, ""visible_ids"": [""v1:493"", ""v2:493""], ""snapshot_polls"": 1}"
20260918T142903Z_be5aa8ad,494,fault,1789741762.3280644,1789741762.345616,17.558,0,17.558,pass,,independent_snapshot,"{""prerequisite_acknowledged"": true, ""client_b_read_v1"": true, ""dependent_acknowledged"": true, ""visible_ids"": [""v1:494"", ""v2:494""], ""snapshot_polls"": 1}"
20260918T142903Z_be5aa8ad,495,fault,1789741762.345616,1789741762.3649678,18.987,0,18.987,pass,,independent_snapshot,"{""prerequisite_acknowledged"": true, ""client_b_read_v1"": true, ""dependent_acknowledged"": true, ""visible_ids"": [""v1:495"", ""v2:495""], ""snapshot_polls"": 1}"
20260918T142903Z_be5aa8ad,496,fault,1789741762.3649678,1789741762.3836722,18.967,0,18.967,pass,,independent_snapshot,"{""prerequisite_acknowledged"": true, ""client_b_read_v1"": true, ""dependent_acknowledged"": true, ""visible_ids"": [""v1:496"", ""v2:496""], ""snapshot_polls"": 1}"
20260918T142903Z_be5aa8ad,497,fault,1789741762.3836722,1789741762.405852,22.322,0,22.322,pass,,independent_snapshot,"{""prerequisite_acknowledged"": true, ""client_b_read_v1"": true, ""dependent_acknowledged"": true, ""visible_ids"": [""v1:497"", ""v2:497""], ""snapshot_polls"": 1}"
20260918T142903Z_be5aa8ad,498,fault,1789741762.405852,1789741762.426403,20.038,0,20.038,pass,,independent_snapshot,"{""prerequisite_acknowledged"": true, ""client_b_read_v1"": true, ""dependent_acknowledged"": true, ""visible_ids"": [""v1:498"", ""v2:498""], ""snapshot_polls"": 1}"
20260918T142903Z_be5aa8ad,499,fault,1789741762.426403,1789741762.4461973,20.002,0,20.002,pass,,independent_snapshot,"{""prerequisite_acknowledged"": true, ""client_b_read_v1"": true, ""dependent_acknowledged"": true, ""visible_ids"": [""v1:499"", ""v2:499""], ""snapshot_polls"": 1}"
20260918T142903Z_be5aa8ad,500,fault,1789741762.4461973,1789741762.4673676,21.114,0,21.114,pass,,independent_snapshot,"{""prerequisite_acknowledged"": true, ""client_b_read_v1"": true, ""dependent_acknowledged"": true, ""visible_ids"": [""v1:500"", ""v2:500""], ""snapshot_polls"": 1}"
20260918T142903Z_be5aa8ad,501,fault,1789741762.4705935,1789741762.4893053,18.423,0,18.423,pass,,independent_snapshot,"{""prerequisite_acknowledged"": true, ""client_b_read_v1"": true, ""dependent_acknowledged"": true, ""visible_ids"": [""v1:501"", ""v2:501""], ""snapshot_polls"": 1}"
20260918T142903Z_be5aa8ad,502,fault,1789741762.4893053,1789741762.506921,17.864,0,17.864,pass,,independent_snapshot,"{""prerequisite_acknowledged"": true, ""client_b_read_v1"": true, ""dependent_acknowledged"": true, ""visible_ids"": [""v1:502"", ""v2:502""], ""snapshot_polls"": 1}"
20260918T142903Z_be5aa8ad,503,fault,1789741762.5075681,1789741762.5283177,20.923,0,20.923,pass,,independent_snapshot,"{""prerequisite_acknowledged"": true, ""client_b_read_v1"": true, ""dependent_acknowledged"": true, ""visible_ids"": [""v1:503"", ""v2:503""], ""snapshot_polls"": 1}"
20260918T142903Z_be5aa8ad,504,fault,1789741762.5283177,1789741762.5469127,18.543,0,18.543,pass,,independent_snapshot,"{""prerequisite_acknowledged"": true, ""client_b_read_v1"": true, ""dependent_acknowledged"": true, ""visible_ids"": [""v1:504"", ""v2:504""], ""snapshot_polls"": 1}"
20260918T142903Z_be5aa8ad,505,fault,1789741762.5469127,1789741762.5668867,19.862,0,19.862,pass,,independent_snapshot,"{""prerequisite_acknowledged"": true, ""client_b_read_v1"": true, ""dependent_acknowledged"": true, ""visible_ids"": [""v1:505"", ""v2:505""], ""snapshot_polls"": 1}"
20260918T142903Z_be5aa8ad,506,fault,1789741762.5668867,1789741762.5861318,19.256,0,19.256,pass,,independent_snapshot,"{""prerequisite_acknowledged"": true, ""client_b_read_v1"": true, ""dependent_acknowledged"": true, ""visible_ids"": [""v1:506"", ""v2:506""], ""snapshot_polls"": 1}"
20260918T142903Z_be5aa8ad,507,fault,1789741762.5861318,1789741762.6056201,19.533,0,19.533,pass,,independent_snapshot,"{""prerequisite_acknowledged"": true, ""client_b_read_v1"": true, ""dependent_acknowledged"": true, ""visible_ids"": [""v1:507"", ""v2:507""], ""snapshot_polls"": 1}"
20260918T142903Z_be5aa8ad,508,fault,1789741762.6061895,1789741762.7203927,115.06,0,115.06,pass,,independent_snapshot,"{""prerequisite_acknowledged"": true, ""client_b_read_v1"": true, ""dependent_acknowledged"": true, ""visible_ids"": [""v1:508"", ""v2:508""], ""snapshot_polls"": 1}"
20260918T142903Z_be5aa8ad,509,fault,1789741762.721393,1789741762.7509577,30.143,0,30.143,pass,,independent_snapshot,"{""prerequisite_acknowledged"": true, ""client_b_read_v1"": true, ""dependent_acknowledged"": true, ""visible_ids"": [""v1:509"", ""v2:509""], ""snapshot_polls"": 1}"
20260918T142903Z_be5aa8ad,510,fault,1789741762.7509577,1789741762.7727246,21.225,0,21.225,pass,,independent_snapshot,"{""prerequisite_acknowledged"": true, ""client_b_read_v1"": true, ""dependent_acknowledged"": true, ""visible_ids"": [""v1:510"", ""v2:510""], ""snapshot_polls"": 1}"
20260918T142903Z_be5aa8ad,511,fault,1789741762.7727246,1789741762.7936347,20.91,0,20.91,pass,,independent_snapshot,"{""prerequisite_acknowledged"": true, ""client_b_read_v1"": true, ""dependent_acknowledged"": true, ""visible_ids"": [""v1:511"", ""v2:511""], ""snapshot_polls"": 1}"
20260918T142903Z_be5aa8ad,512,fault,1789741762.7936347,1789741762.815663,21.843,0,21.843,pass,,independent_snapshot,"{""prerequisite_acknowledged"": true, ""client_b_read_v1"": true, ""dependent_acknowledged"": true, ""visible_ids"": [""v1:512"", ""v2:512""], ""snapshot_polls"": 1}"
20260918T142903Z_be5aa8ad,513,fault,1789741762.815663,1789741762.8444898,28.829,0,28.829,pass,,independent_snapshot,"{""prerequisite_acknowledged"": true, ""client_b_read_v1"": true, ""dependent_acknowledged"": true, ""visible_ids"": [""v1:513"", ""v2:513""], ""snapshot_polls"": 1}"
20260918T142903Z_be5aa8ad,514,fault,1789741762.845027,1789741762.88127,36.592,0,36.592,pass,,independent_snapshot,"{""prerequisite_acknowledged"": true, ""client_b_read_v1"": true, ""dependent_acknowledged"": true, ""visible_ids"": [""v1:514"", ""v2:514""], ""snapshot_polls"": 1}"
20260918T142903Z_be5aa8ad,515,fault,1789741762.88127,1789741762.9285805,47.077,0,47.077,pass,,independent_snapshot,"{""prerequisite_acknowledged"": true, ""client_b_read_v1"": true, ""dependent_acknowledged"": true, ""visible_ids"": [""v1:515"", ""v2:515""], ""snapshot_polls"": 1}"
20260918T142903Z_be5aa8ad,516,fault,1789741762.9285805,1789741763.0057383,77.125,0,77.125,pass,,independent_snapshot,"{""prerequisite_acknowledged"": true, ""client_b_read_v1"": true, ""dependent_acknowledged"": true, ""visible_ids"": [""v1:516"", ""v2:516""], ""snapshot_polls"": 1}"
20260918T142903Z_be5aa8ad,517,fault,1789741763.0057383,1789741763.0464036,40.999,0,40.999,pass,,independent_snapshot,"{""prerequisite_acknowledged"": true, ""client_b_read_v1"": true, ""dependent_acknowledged"": true, ""visible_ids"": [""v1:517"", ""v2:517""], ""snapshot_polls"": 1}"
20260918T142903Z_be5aa8ad,518,fault,1789741763.0464036,1789741763.1277957,80.691,0,80.691,pass,,independent_snapshot,"{""prerequisite_acknowledged"": true, ""client_b_read_v1"": true, ""dependent_acknowledged"": true, ""visible_ids"": [""v1:518"", ""v2:518""], ""snapshot_polls"": 1}"
20260918T142903Z_be5aa8ad,519,fault,1789741763.1277957,1789741763.1807725,53.096,0,53.096,pass,,independent_snapshot,"{""prerequisite_acknowledged"": true, ""client_b_read_v1"": true, ""dependent_acknowledged"": true, ""visible_ids"": [""v1:519"", ""v2:519""], ""snapshot_polls"": 1}"
20260918T142903Z_be5aa8ad,520,fault,1789741763.1807725,1789741763.2173164,36.535,0,36.535,pass,,independent_snapshot,"{""prerequisite_acknowledged"": true, ""client_b_read_v1"": true, ""dependent_acknowledged"": true, ""visible_ids"": [""v1:520"", ""v2:520""], ""snapshot_polls"": 1}"
20260918T142903Z_be5aa8ad,521,fault,1789741763.2173164,1789741763.2493393,31.878,0,31.878,pass,,independent_snapshot,"{""prerequisite_acknowledged"": true, ""client_b_read_v1"": true, ""dependent_acknowledged"": true, ""visible_ids"": [""v1:521"", ""v2:521""], ""snapshot_polls"": 1}"
20260918T142903Z_be5aa8ad,522,fault,1789741763.2493393,1789741763.2782395,28.819,0,28.819,pass,,independent_snapshot,"{""prerequisite_acknowledged"": true, ""client_b_read_v1"": true, ""dependent_acknowledged"": true, ""visible_ids"": [""v1:522"", ""v2:522""], ""snapshot_polls"": 1}"
20260918T142903Z_be5aa8ad,523,fault,1789741763.2788577,1789741763.304996,26.47,0,26.47,pass,,independent_snapshot,"{""prerequisite_acknowledged"": true, ""client_b_read_v1"": true, ""dependent_acknowledged"": true, ""visible_ids"": [""v1:523"", ""v2:523""], ""snapshot_polls"": 1}"
20260918T142903Z_be5aa8ad,524,fault,1789741763.304996,1789741763.3302808,24.931,0,24.931,pass,,independent_snapshot,"{""prerequisite_acknowledged"": true, ""client_b_read_v1"": true, ""dependent_acknowledged"": true, ""visible_ids"": [""v1:524"", ""v2:524""], ""snapshot_polls"": 1}"
20260918T142903Z_be5aa8ad,525,fault,1789741763.3302808,1789741763.3518434,21.772,0,21.772,pass,,independent_snapshot,"{""prerequisite_acknowledged"": true, ""client_b_read_v1"": true, ""dependent_acknowledged"": true, ""visible_ids"": [""v1:525"", ""v2:525""], ""snapshot_polls"": 1}"
20260918T142903Z_be5aa8ad,526,fault,1789741763.3518434,1789741763.3753383,22.969,0,22.969,pass,,independent_snapshot,"{""prerequisite_acknowledged"": true, ""client_b_read_v1"": true, ""dependent_acknowledged"": true, ""visible_ids"": [""v1:526"", ""v2:526""], ""snapshot_polls"": 1}"
20260918T142903Z_be5aa8ad,527,fault,1789741763.3753383,1789741763.3974984,22.173,0,22.173,pass,,independent_snapshot,"{""prerequisite_acknowledged"": true, ""client_b_read_v1"": true, ""dependent_acknowledged"": true, ""visible_ids"": [""v1:527"", ""v2:527""], ""snapshot_polls"": 1}"
20260918T142903Z_be5aa8ad,528,fault,1789741763.3974984,1789741763.418785,21.263,0,21.263,pass,,independent_snapshot,"{""prerequisite_acknowledged"": true, ""client_b_read_v1"": true, ""dependent_acknowledged"": true, ""visible_ids"": [""v1:528"", ""v2:528""], ""snapshot_polls"": 1}"
20260918T142903Z_be5aa8ad,529,fault,1789741763.418785,1789741763.4391406,20.495,0,20.495,pass,,independent_snapshot,"{""prerequisite_acknowledged"": true, ""client_b_read_v1"": true, ""dependent_acknowledged"": true, ""visible_ids"": [""v1:529"", ""v2:529""], ""snapshot_polls"": 1}"
20260918T142903Z_be5aa8ad,530,fault,1789741763.4397237,1789741763.4599407,20.232,0,20.232,pass,,independent_snapshot,"{""prerequisite_acknowledged"": true, ""client_b_read_v1"": true, ""dependent_acknowledged"": true, ""visible_ids"": [""v1:530"", ""v2:530""], ""snapshot_polls"": 1}"
20260918T142903Z_be5aa8ad,531,fault,1789741763.4599407,1789741763.4780397,18.364,0,18.364,pass,,independent_snapshot,"{""prerequisite_acknowledged"": true, ""client_b_read_v1"": true, ""dependent_acknowledged"": true, ""visible_ids"": [""v1:531"", ""v2:531""], ""snapshot_polls"": 1}"
20260918T142903Z_be5aa8ad,532,fault,1789741763.4780397,1789741763.5018978,23.512,0,23.512,pass,,independent_snapshot,"{""prerequisite_acknowledged"": true, ""client_b_read_v1"": true, ""dependent_acknowledged"": true, ""visible_ids"": [""v1:532"", ""v2:532""], ""snapshot_polls"": 1}"
20260918T142903Z_be5aa8ad,533,fault,1789741763.5018978,1789741763.5209453,18.963,0,18.963,pass,,independent_snapshot,"{""prerequisite_acknowledged"": true, ""client_b_read_v1"": true, ""dependent_acknowledged"": true, ""visible_ids"": [""v1:533"", ""v2:533""], ""snapshot_polls"": 1}"
20260918T142903Z_be5aa8ad,534,fault,1789741763.5212464,1789741763.5403316,19.194,0,19.194,pass,,independent_snapshot,"{""prerequisite_acknowledged"": true, ""client_b_read_v1"": true, ""dependent_acknowledged"": true, ""visible_ids"": [""v1:534"", ""v2:534""], ""snapshot_polls"": 1}"
20260918T142903Z_be5aa8ad,535,fault,1789741763.5403316,1789741763.561848,21.501,0,21.501,pass,,independent_snapshot,"{""prerequisite_acknowledged"": true, ""client_b_read_v1"": true, ""dependent_acknowledged"": true, ""visible_ids"": [""v1:535"", ""v2:535""], ""snapshot_polls"": 1}"
20260918T142903Z_be5aa8ad,536,fault,1789741763.561848,1789741763.6071687,44.891,0,44.891,pass,,independent_snapshot,"{""prerequisite_acknowledged"": true, ""client_b_read_v1"": true, ""dependent_acknowledged"": true, ""visible_ids"": [""v1:536"", ""v2:536""], ""snapshot_polls"": 1}"
20260918T142903Z_be5aa8ad,537,fault,1789741763.6071687,1789741763.6301844,23.119,0,23.119,pass,,independent_snapshot,"{""prerequisite_acknowledged"": true, ""client_b_read_v1"": true, ""dependent_acknowledged"": true, ""visible_ids"": [""v1:537"", ""v2:537""], ""snapshot_polls"": 1}"
20260918T142903Z_be5aa8ad,538,fault,1789741763.6301844,1789741763.6497452,19.4,0,19.4,pass,,independent_snapshot,"{""prerequisite_acknowledged"": true, ""client_b_read_v1"": true, ""dependent_acknowledged"": true, ""visible_ids"": [""v1:538"", ""v2:538""], ""snapshot_polls"": 1}"
20260918T142903Z_be5aa8ad,539,fault,1789741763.6497452,1789741763.66962,20.005,0,20.005,pass,,independent_snapshot,"{""prerequisite_acknowledged"": true, ""client_b_read_v1"": true, ""dependent_acknowledged"": true, ""visible_ids"": [""v1:539"", ""v2:539""], ""snapshot_polls"": 1}"
20260918T142903Z_be5aa8ad,540,fault,1789741763.6701303,1789741763.6977544,27.575,0,27.575,pass,,independent_snapshot,"{""prerequisite_acknowledged"": true, ""client_b_read_v1"": true, ""dependent_acknowledged"": true, ""visible_ids"": [""v1:540"", ""v2:540""], ""snapshot_polls"": 1}"
20260918T142903Z_be5aa8ad,541,fault,1789741763.6977544,1789741763.718615,21.271,0,21.271,pass,,independent_snapshot,"{""prerequisite_acknowledged"": true, ""client_b_read_v1"": true, ""dependent_acknowledged"": true, ""visible_ids"": [""v1:541"", ""v2:541""], ""snapshot_polls"": 1}"
20260918T142903Z_be5aa8ad,542,fault,1789741763.719234,1789741763.7376723,18.918,0,18.918,pass,,independent_snapshot,"{""prerequisite_acknowledged"": true, ""client_b_read_v1"": true, ""dependent_acknowledged"": true, ""visible_ids"": [""v1:542"", ""v2:542""], ""snapshot_polls"": 1}"
20260918T142903Z_be5aa8ad,543,fault,1789741763.7383163,1789741763.7575285,19.665,0,19.665,pass,,independent_snapshot,"{""prerequisite_acknowledged"": true, ""client_b_read_v1"": true, ""dependent_acknowledged"": true, ""visible_ids"": [""v1:543"", ""v2:543""], ""snapshot_polls"": 1}"
20260918T142903Z_be5aa8ad,544,fault,1789741763.7575285,1789741763.7773788,19.376,0,19.376,pass,,independent_snapshot,"{""prerequisite_acknowledged"": true, ""client_b_read_v1"": true, ""dependent_acknowledged"": true, ""visible_ids"": [""v1:544"", ""v2:544""], ""snapshot_polls"": 1}"
20260918T142903Z_be5aa8ad,545,fault,1789741763.7773788,1789741763.797135,19.612,0,19.612,pass,,independent_snapshot,"{""prerequisite_acknowledged"": true, ""client_b_read_v1"": true, ""dependent_acknowledged"": true, ""visible_ids"": [""v1:545"", ""v2:545""], ""snapshot_polls"": 1}"
20260918T142903Z_be5aa8ad,546,fault,1789741763.797135,1789741763.8178585,20.864,0,20.864,pass,,independent_snapshot,"{""prerequisite_acknowledged"": true, ""client_b_read_v1"": true, ""dependent_acknowledged"": true, ""visible_ids"": [""v1:546"", ""v2:546""], ""snapshot_polls"": 1}"
20260918T142903Z_be5aa8ad,547,fault,1789741763.8182323,1789741763.8361847,18.415,0,18.415,pass,,independent_snapshot,"{""prerequisite_acknowledged"": true, ""client_b_read_v1"": true, ""dependent_acknowledged"": true, ""visible_ids"": [""v1:547"", ""v2:547""], ""snapshot_polls"": 1}"
20260918T142903Z_be5aa8ad,548,fault,1789741763.8367434,1789741763.8595877,23.376,0,23.376,pass,,independent_snapshot,"{""prerequisite_acknowledged"": true, ""client_b_read_v1"": true, ""dependent_acknowledged"": true, ""visible_ids"": [""v1:548"", ""v2:548""], ""snapshot_polls"": 1}"
20260918T142903Z_be5aa8ad,549,fault,1789741763.8602095,1789741763.8791578,19.287,0,19.287,pass,,independent_snapshot,"{""prerequisite_acknowledged"": true, ""client_b_read_v1"": true, ""dependent_acknowledged"": true, ""visible_ids"": [""v1:549"", ""v2:549""], ""snapshot_polls"": 1}"
20260918T142903Z_be5aa8ad,550,fault,1789741763.8791578,1789741763.8989077,19.421,0,19.421,pass,,independent_snapshot,"{""prerequisite_acknowledged"": true, ""client_b_read_v1"": true, ""dependent_acknowledged"": true, ""visible_ids"": [""v1:550"", ""v2:550""], ""snapshot_polls"": 1}"
20260918T142903Z_be5aa8ad,551,fault,1789741763.8989077,1789741763.9185028,19.517,0,19.517,pass,,independent_snapshot,"{""prerequisite_acknowledged"": true, ""client_b_read_v1"": true, ""dependent_acknowledged"": true, ""visible_ids"": [""v1:551"", ""v2:551""], ""snapshot_polls"": 1}"
20260918T142903Z_be5aa8ad,552,fault,1789741763.9185028,1789741763.9370437,18.77,0,18.77,pass,,independent_snapshot,"{""prerequisite_acknowledged"": true, ""client_b_read_v1"": true, ""dependent_acknowledged"": true, ""visible_ids"": [""v1:552"", ""v2:552""], ""snapshot_polls"": 1}"
20260918T142903Z_be5aa8ad,553,fault,1789741763.9376483,1789741763.9583423,20.589,0,20.589,pass,,independent_snapshot,"{""prerequisite_acknowledged"": true, ""client_b_read_v1"": true, ""dependent_acknowledged"": true, ""visible_ids"": [""v1:553"", ""v2:553""], ""snapshot_polls"": 1}"
20260918T142903Z_be5aa8ad,554,fault,1789741763.9583423,1789741763.9789937,20.749,0,20.749,pass,,independent_snapshot,"{""prerequisite_acknowledged"": true, ""client_b_read_v1"": true, ""dependent_acknowledged"": true, ""visible_ids"": [""v1:554"", ""v2:554""], ""snapshot_polls"": 1}"
20260918T142903Z_be5aa8ad,555,fault,1789741763.9789937,1789741764.001282,22.37,0,22.37,pass,,independent_snapshot,"{""prerequisite_acknowledged"": true, ""client_b_read_v1"": true, ""dependent_acknowledged"": true, ""visible_ids"": [""v1:555"", ""v2:555""], ""snapshot_polls"": 1}"
20260918T142903Z_be5aa8ad,556,fault,1789741764.001282,1789741764.0269911,25.459,0,25.459,pass,,independent_snapshot,"{""prerequisite_acknowledged"": true, ""client_b_read_v1"": true, ""dependent_acknowledged"": true, ""visible_ids"": [""v1:556"", ""v2:556""], ""snapshot_polls"": 1}"
20260918T142903Z_be5aa8ad,557,fault,1789741764.0269911,1789741764.0463626,19.519,0,19.519,pass,,independent_snapshot,"{""prerequisite_acknowledged"": true, ""client_b_read_v1"": true, ""dependent_acknowledged"": true, ""visible_ids"": [""v1:557"", ""v2:557""], ""snapshot_polls"": 1}"
20260918T142903Z_be5aa8ad,558,fault,1789741764.047008,1789741764.0678878,21.284,0,21.284,pass,,independent_snapshot,"{""prerequisite_acknowledged"": true, ""client_b_read_v1"": true, ""dependent_acknowledged"": true, ""visible_ids"": [""v1:558"", ""v2:558""], ""snapshot_polls"": 1}"
20260918T142903Z_be5aa8ad,559,fault,1789741764.0678878,1789741764.0903625,22.134,0,22.134,pass,,independent_snapshot,"{""prerequisite_acknowledged"": true, ""client_b_read_v1"": true, ""dependent_acknowledged"": true, ""visible_ids"": [""v1:559"", ""v2:559""], ""snapshot_polls"": 1}"
20260918T142903Z_be5aa8ad,560,fault,1789741764.0903625,1789741764.1109533,20.361,0,20.361,pass,,independent_snapshot,"{""prerequisite_acknowledged"": true, ""client_b_read_v1"": true, ""dependent_acknowledged"": true, ""visible_ids"": [""v1:560"", ""v2:560""], ""snapshot_polls"": 1}"
20260918T142903Z_be5aa8ad,561,fault,1789741764.1109533,1789741764.1312473,20.715,0,20.715,pass,,independent_snapshot,"{""prerequisite_acknowledged"": true, ""client_b_read_v1"": true, ""dependent_acknowledged"": true, ""visible_ids"": [""v1:561"", ""v2:561""], ""snapshot_polls"": 1}"
20260918T142903Z_be5aa8ad,562,fault,1789741764.1312473,1789741764.1566448,24.772,0,24.772,pass,,independent_snapshot,"{""prerequisite_acknowledged"": true, ""client_b_read_v1"": true, ""dependent_acknowledged"": true, ""visible_ids"": [""v1:562"", ""v2:562""], ""snapshot_polls"": 1}"
20260918T142903Z_be5aa8ad,563,fault,1789741764.1566448,1789741764.1784046,21.692,0,21.692,pass,,independent_snapshot,"{""prerequisite_acknowledged"": true, ""client_b_read_v1"": true, ""dependent_acknowledged"": true, ""visible_ids"": [""v1:563"", ""v2:563""], ""snapshot_polls"": 1}"
20260918T142903Z_be5aa8ad,564,fault,1789741764.1784046,1789741764.2018704,23.459,0,23.459,pass,,independent_snapshot,"{""prerequisite_acknowledged"": true, ""client_b_read_v1"": true, ""dependent_acknowledged"": true, ""visible_ids"": [""v1:564"", ""v2:564""], ""snapshot_polls"": 1}"
20260918T142903Z_be5aa8ad,565,fault,1789741764.2018704,1789741764.2230008,21.198,0,21.198,pass,,independent_snapshot,"{""prerequisite_acknowledged"": true, ""client_b_read_v1"": true, ""dependent_acknowledged"": true, ""visible_ids"": [""v1:565"", ""v2:565""], ""snapshot_polls"": 1}"
20260918T142903Z_be5aa8ad,566,fault,1789741764.2230008,1789741764.2434888,20.216,0,20.216,pass,,independent_snapshot,"{""prerequisite_acknowledged"": true, ""client_b_read_v1"": true, ""dependent_acknowledged"": true, ""visible_ids"": [""v1:566"", ""v2:566""], ""snapshot_polls"": 1}"
20260918T142903Z_be5aa8ad,567,fault,1789741764.2434888,1789741764.2645884,21.243,0,21.243,pass,,independent_snapshot,"{""prerequisite_acknowledged"": true, ""client_b_read_v1"": true, ""dependent_acknowledged"": true, ""visible_ids"": [""v1:567"", ""v2:567""], ""snapshot_polls"": 1}"
20260918T142903Z_be5aa8ad,568,fault,1789741764.2652276,1789741764.2841415,19.01,0,19.01,pass,,independent_snapshot,"{""prerequisite_acknowledged"": true, ""client_b_read_v1"": true, ""dependent_acknowledged"": true, ""visible_ids"": [""v1:568"", ""v2:568""], ""snapshot_polls"": 1}"
20260918T142903Z_be5aa8ad,569,fault,1789741764.2841415,1789741764.299511,15.618,0,15.618,pass,,independent_snapshot,"{""prerequisite_acknowledged"": true, ""client_b_read_v1"": true, ""dependent_acknowledged"": true, ""visible_ids"": [""v1:569"", ""v2:569""], ""snapshot_polls"": 1}"
20260918T142903Z_be5aa8ad,570,fault,1789741764.3000643,1789741764.3140223,14.277,0,14.277,pass,,independent_snapshot,"{""prerequisite_acknowledged"": true, ""client_b_read_v1"": true, ""dependent_acknowledged"": true, ""visible_ids"": [""v1:570"", ""v2:570""], ""snapshot_polls"": 1}"
20260918T142903Z_be5aa8ad,571,fault,1789741764.3140223,1789741764.3307977,16.514,0,16.514,pass,,independent_snapshot,"{""prerequisite_acknowledged"": true, ""client_b_read_v1"": true, ""dependent_acknowledged"": true, ""visible_ids"": [""v1:571"", ""v2:571""], ""snapshot_polls"": 1}"
20260918T142903Z_be5aa8ad,572,fault,1789741764.3307977,1789741764.3485959,17.738,0,17.738,pass,,independent_snapshot,"{""prerequisite_acknowledged"": true, ""client_b_read_v1"": true, ""dependent_acknowledged"": true, ""visible_ids"": [""v1:572"", ""v2:572""], ""snapshot_polls"": 1}"
20260918T142903Z_be5aa8ad,573,fault,1789741764.3491573,1789741764.365889,17.082,0,17.082,pass,,independent_snapshot,"{""prerequisite_acknowledged"": true, ""client_b_read_v1"": true, ""dependent_acknowledged"": true, ""visible_ids"": [""v1:573"", ""v2:573""], ""snapshot_polls"": 1}"
20260918T142903Z_be5aa8ad,574,fault,1789741764.365889,1789741764.382218,16.414,0,16.414,pass,,independent_snapshot,"{""prerequisite_acknowledged"": true, ""client_b_read_v1"": true, ""dependent_acknowledged"": true, ""visible_ids"": [""v1:574"", ""v2:574""], ""snapshot_polls"": 1}"
20260918T142903Z_be5aa8ad,575,fault,1789741764.3828325,1789741764.3993144,16.469,0,16.469,pass,,independent_snapshot,"{""prerequisite_acknowledged"": true, ""client_b_read_v1"": true, ""dependent_acknowledged"": true, ""visible_ids"": [""v1:575"", ""v2:575""], ""snapshot_polls"": 1}"
20260918T142903Z_be5aa8ad,576,fault,1789741764.3993144,1789741764.4163008,16.936,0,16.936,pass,,independent_snapshot,"{""prerequisite_acknowledged"": true, ""client_b_read_v1"": true, ""dependent_acknowledged"": true, ""visible_ids"": [""v1:576"", ""v2:576""], ""snapshot_polls"": 1}"
20260918T142903Z_be5aa8ad,577,fault,1789741764.4163008,1789741764.4348023,18.393,0,18.393,pass,,independent_snapshot,"{""prerequisite_acknowledged"": true, ""client_b_read_v1"": true, ""dependent_acknowledged"": true, ""visible_ids"": [""v1:577"", ""v2:577""], ""snapshot_polls"": 1}"
20260918T142903Z_be5aa8ad,578,fault,1789741764.4348023,1789741764.4568138,22.297,0,22.297,pass,,independent_snapshot,"{""prerequisite_acknowledged"": true, ""client_b_read_v1"": true, ""dependent_acknowledged"": true, ""visible_ids"": [""v1:578"", ""v2:578""], ""snapshot_polls"": 1}"
20260918T142903Z_be5aa8ad,579,fault,1789741764.45742,1789741764.4754727,18.064,0,18.064,pass,,independent_snapshot,"{""prerequisite_acknowledged"": true, ""client_b_read_v1"": true, ""dependent_acknowledged"": true, ""visible_ids"": [""v1:579"", ""v2:579""], ""snapshot_polls"": 1}"
20260918T142903Z_be5aa8ad,580,fault,1789741764.4754727,1789741764.4988396,23.529,0,23.529,pass,,independent_snapshot,"{""prerequisite_acknowledged"": true, ""client_b_read_v1"": true, ""dependent_acknowledged"": true, ""visible_ids"": [""v1:580"", ""v2:580""], ""snapshot_polls"": 1}"
20260918T142903Z_be5aa8ad,581,fault,1789741764.4988396,1789741764.5260248,27.094,0,27.094,pass,,independent_snapshot,"{""prerequisite_acknowledged"": true, ""client_b_read_v1"": true, ""dependent_acknowledged"": true, ""visible_ids"": [""v1:581"", ""v2:581""], ""snapshot_polls"": 1}"
20260918T142903Z_be5aa8ad,582,fault,1789741764.5260248,1789741764.5468295,20.749,0,20.749,pass,,independent_snapshot,"{""prerequisite_acknowledged"": true, ""client_b_read_v1"": true, ""dependent_acknowledged"": true, ""visible_ids"": [""v1:582"", ""v2:582""], ""snapshot_polls"": 1}"
20260918T142903Z_be5aa8ad,583,fault,1789741764.5468295,1789741764.5690968,21.856,0,21.856,pass,,independent_snapshot,"{""prerequisite_acknowledged"": true, ""client_b_read_v1"": true, ""dependent_acknowledged"": true, ""visible_ids"": [""v1:583"", ""v2:583""], ""snapshot_polls"": 1}"
20260918T142903Z_be5aa8ad,584,fault,1789741764.5690968,1789741764.5903313,21.154,0,21.154,pass,,independent_snapshot,"{""prerequisite_acknowledged"": true, ""client_b_read_v1"": true, ""dependent_acknowledged"": true, ""visible_ids"": [""v1:584"", ""v2:584""], ""snapshot_polls"": 1}"
20260918T142903Z_be5aa8ad,585,fault,1789741764.5903313,1789741764.6124618,22.195,0,22.195,pass,,independent_snapshot,"{""prerequisite_acknowledged"": true, ""client_b_read_v1"": true, ""dependent_acknowledged"": true, ""visible_ids"": [""v1:585"", ""v2:585""], ""snapshot_polls"": 1}"
20260918T142903Z_be5aa8ad,586,fault,1789741764.6124618,1789741764.6331587,20.795,0,20.795,pass,,independent_snapshot,"{""prerequisite_acknowledged"": true, ""client_b_read_v1"": true, ""dependent_acknowledged"": true, ""visible_ids"": [""v1:586"", ""v2:586""], ""snapshot_polls"": 1}"
20260918T142903Z_be5aa8ad,587,fault,1789741764.633782,1789741764.6540833,20.744,0,20.744,pass,,independent_snapshot,"{""prerequisite_acknowledged"": true, ""client_b_read_v1"": true, ""dependent_acknowledged"": true, ""visible_ids"": [""v1:587"", ""v2:587""], ""snapshot_polls"": 1}"
20260918T142903Z_be5aa8ad,588,fault,1789741764.6540833,1789741764.6803384,25.777,0,25.777,pass,,independent_snapshot,"{""prerequisite_acknowledged"": true, ""client_b_read_v1"": true, ""dependent_acknowledged"": true, ""visible_ids"": [""v1:588"", ""v2:588""], ""snapshot_polls"": 1}"
20260918T142903Z_be5aa8ad,589,fault,1789741764.6803384,1789741764.7010481,20.802,0,20.802,pass,,independent_snapshot,"{""prerequisite_acknowledged"": true, ""client_b_read_v1"": true, ""dependent_acknowledged"": true, ""visible_ids"": [""v1:589"", ""v2:589""], ""snapshot_polls"": 1}"
20260918T142903Z_be5aa8ad,590,fault,1789741764.7010481,1789741764.7218657,20.418,0,20.418,pass,,independent_snapshot,"{""prerequisite_acknowledged"": true, ""client_b_read_v1"": true, ""dependent_acknowledged"": true, ""visible_ids"": [""v1:590"", ""v2:590""], ""snapshot_polls"": 1}"
20260918T142903Z_be5aa8ad,591,fault,1789741764.7218657,1789741764.7434478,21.37,0,21.37,pass,,independent_snapshot,"{""prerequisite_acknowledged"": true, ""client_b_read_v1"": true, ""dependent_acknowledged"": true, ""visible_ids"": [""v1:591"", ""v2:591""], ""snapshot_polls"": 1}"
20260918T142903Z_be5aa8ad,592,fault,1789741764.7434478,1789741764.7626767,19.516,0,19.516,pass,,independent_snapshot,"{""prerequisite_acknowledged"": true, ""client_b_read_v1"": true, ""dependent_acknowledged"": true, ""visible_ids"": [""v1:592"", ""v2:592""], ""snapshot_polls"": 1}"
20260918T142903Z_be5aa8ad,593,fault,1789741764.7626767,1789741764.783504,20.721,0,20.721,pass,,independent_snapshot,"{""prerequisite_acknowledged"": true, ""client_b_read_v1"": true, ""dependent_acknowledged"": true, ""visible_ids"": [""v1:593"", ""v2:593""], ""snapshot_polls"": 1}"
20260918T142903Z_be5aa8ad,594,fault,1789741764.783504,1789741764.803864,19.807,0,19.807,pass,,independent_snapshot,"{""prerequisite_acknowledged"": true, ""client_b_read_v1"": true, ""dependent_acknowledged"": true, ""visible_ids"": [""v1:594"", ""v2:594""], ""snapshot_polls"": 1}"
20260918T142903Z_be5aa8ad,595,fault,1789741764.803864,1789741764.824029,20.063,0,20.063,pass,,independent_snapshot,"{""prerequisite_acknowledged"": true, ""client_b_read_v1"": true, ""dependent_acknowledged"": true, ""visible_ids"": [""v1:595"", ""v2:595""], ""snapshot_polls"": 1}"
20260918T142903Z_be5aa8ad,596,fault,1789741764.824029,1789741764.8462281,22.167,0,22.167,pass,,independent_snapshot,"{""prerequisite_acknowledged"": true, ""client_b_read_v1"": true, ""dependent_acknowledged"": true, ""visible_ids"": [""v1:596"", ""v2:596""], ""snapshot_polls"": 1}"
20260918T142903Z_be5aa8ad,597,fault,1789741764.8462281,1789741764.8653786,19.037,0,19.037,pass,,independent_snapshot,"{""prerequisite_acknowledged"": true, ""client_b_read_v1"": true, ""dependent_acknowledged"": true, ""visible_ids"": [""v1:597"", ""v2:597""], ""snapshot_polls"": 1}"
20260918T142903Z_be5aa8ad,598,fault,1789741764.8653786,1789741764.884212,18.652,0,18.652,pass,,independent_snapshot,"{""prerequisite_acknowledged"": true, ""client_b_read_v1"": true, ""dependent_acknowledged"": true, ""visible_ids"": [""v1:598"", ""v2:598""], ""snapshot_polls"": 1}"
20260918T142903Z_be5aa8ad,599,fault,1789741764.884212,1789741764.903617,19.362,0,19.362,pass,,independent_snapshot,"{""prerequisite_acknowledged"": true, ""client_b_read_v1"": true, ""dependent_acknowledged"": true, ""visible_ids"": [""v1:599"", ""v2:599""], ""snapshot_polls"": 1}"
20260918T142903Z_be5aa8ad,600,recovery,1789741766.2849746,1789741766.3051775,19.839,0,19.839,pass,,independent_snapshot,"{""prerequisite_acknowledged"": true, ""client_b_read_v1"": true, ""dependent_acknowledged"": true, ""visible_ids"": [""v1:600"", ""v2:600""], ""snapshot_polls"": 1}"
20260918T142903Z_be5aa8ad,601,recovery,1789741766.308453,1789741766.3276238,18.96,0,18.96,pass,,independent_snapshot,"{""prerequisite_acknowledged"": true, ""client_b_read_v1"": true, ""dependent_acknowledged"": true, ""visible_ids"": [""v1:601"", ""v2:601""], ""snapshot_polls"": 1}"
20260918T142903Z_be5aa8ad,602,recovery,1789741766.3276238,1789741766.3459845,18.1,0,18.1,pass,,independent_snapshot,"{""prerequisite_acknowledged"": true, ""client_b_read_v1"": true, ""dependent_acknowledged"": true, ""visible_ids"": [""v1:602"", ""v2:602""], ""snapshot_polls"": 1}"
20260918T142903Z_be5aa8ad,603,recovery,1789741766.3459845,1789741766.3632343,17.347,0,17.347,pass,,independent_snapshot,"{""prerequisite_acknowledged"": true, ""client_b_read_v1"": true, ""dependent_acknowledged"": true, ""visible_ids"": [""v1:603"", ""v2:603""], ""snapshot_polls"": 1}"
20260918T142903Z_be5aa8ad,604,recovery,1789741766.3632343,1789741766.3874085,24.2,0,24.2,pass,,independent_snapshot,"{""prerequisite_acknowledged"": true, ""client_b_read_v1"": true, ""dependent_acknowledged"": true, ""visible_ids"": [""v1:604"", ""v2:604""], ""snapshot_polls"": 1}"
20260918T142903Z_be5aa8ad,605,recovery,1789741766.3880186,1789741766.4054296,17.77,0,17.77,pass,,independent_snapshot,"{""prerequisite_acknowledged"": true, ""client_b_read_v1"": true, ""dependent_acknowledged"": true, ""visible_ids"": [""v1:605"", ""v2:605""], ""snapshot_polls"": 1}"
20260918T142903Z_be5aa8ad,606,recovery,1789741766.4054296,1789741766.4232152,17.603,0,17.603,pass,,independent_snapshot,"{""prerequisite_acknowledged"": true, ""client_b_read_v1"": true, ""dependent_acknowledged"": true, ""visible_ids"": [""v1:606"", ""v2:606""], ""snapshot_polls"": 1}"
20260918T142903Z_be5aa8ad,607,recovery,1789741766.4232152,1789741766.4408703,17.678,0,17.678,pass,,independent_snapshot,"{""prerequisite_acknowledged"": true, ""client_b_read_v1"": true, ""dependent_acknowledged"": true, ""visible_ids"": [""v1:607"", ""v2:607""], ""snapshot_polls"": 1}"
20260918T142903Z_be5aa8ad,608,recovery,1789741766.4408703,1789741766.4588058,17.639,0,17.639,pass,,independent_snapshot,"{""prerequisite_acknowledged"": true, ""client_b_read_v1"": true, ""dependent_acknowledged"": true, ""visible_ids"": [""v1:608"", ""v2:608""], ""snapshot_polls"": 1}"
20260918T142903Z_be5aa8ad,609,recovery,1789741766.4588058,1789741766.4792297,20.023,0,20.023,pass,,independent_snapshot,"{""prerequisite_acknowledged"": true, ""client_b_read_v1"": true, ""dependent_acknowledged"": true, ""visible_ids"": [""v1:609"", ""v2:609""], ""snapshot_polls"": 1}"
20260918T142903Z_be5aa8ad,610,recovery,1789741766.4792297,1789741766.4972703,18.117,0,18.117,pass,,independent_snapshot,"{""prerequisite_acknowledged"": true, ""client_b_read_v1"": true, ""dependent_acknowledged"": true, ""visible_ids"": [""v1:610"", ""v2:610""], ""snapshot_polls"": 1}"
20260918T142903Z_be5aa8ad,611,recovery,1789741766.4972703,1789741766.5172477,19.977,0,19.977,pass,,independent_snapshot,"{""prerequisite_acknowledged"": true, ""client_b_read_v1"": true, ""dependent_acknowledged"": true, ""visible_ids"": [""v1:611"", ""v2:611""], ""snapshot_polls"": 1}"
20260918T142903Z_be5aa8ad,612,recovery,1789741766.5172477,1789741766.538036,20.602,0,20.602,pass,,independent_snapshot,"{""prerequisite_acknowledged"": true, ""client_b_read_v1"": true, ""dependent_acknowledged"": true, ""visible_ids"": [""v1:612"", ""v2:612""], ""snapshot_polls"": 1}"
20260918T142903Z_be5aa8ad,613,recovery,1789741766.538036,1789741766.556476,18.325,0,18.325,pass,,independent_snapshot,"{""prerequisite_acknowledged"": true, ""client_b_read_v1"": true, ""dependent_acknowledged"": true, ""visible_ids"": [""v1:613"", ""v2:613""], ""snapshot_polls"": 1}"
20260918T142903Z_be5aa8ad,614,recovery,1789741766.556476,1789741766.5749366,18.696,0,18.696,pass,,independent_snapshot,"{""prerequisite_acknowledged"": true, ""client_b_read_v1"": true, ""dependent_acknowledged"": true, ""visible_ids"": [""v1:614"", ""v2:614""], ""snapshot_polls"": 1}"
20260918T142903Z_be5aa8ad,615,recovery,1789741766.5755277,1789741766.5967498,21.333,0,21.333,pass,,independent_snapshot,"{""prerequisite_acknowledged"": true, ""client_b_read_v1"": true, ""dependent_acknowledged"": true, ""visible_ids"": [""v1:615"", ""v2:615""], ""snapshot_polls"": 1}"
20260918T142903Z_be5aa8ad,616,recovery,1789741766.5967498,1789741766.6150668,18.058,0,18.058,pass,,independent_snapshot,"{""prerequisite_acknowledged"": true, ""client_b_read_v1"": true, ""dependent_acknowledged"": true, ""visible_ids"": [""v1:616"", ""v2:616""], ""snapshot_polls"": 1}"
20260918T142903Z_be5aa8ad,617,recovery,1789741766.6150668,1789741766.6344206,19.431,0,19.431,pass,,independent_snapshot,"{""prerequisite_acknowledged"": true, ""client_b_read_v1"": true, ""dependent_acknowledged"": true, ""visible_ids"": [""v1:617"", ""v2:617""], ""snapshot_polls"": 1}"
20260918T142903Z_be5aa8ad,618,recovery,1789741766.6344206,1789741766.652475,17.893,0,17.893,pass,,independent_snapshot,"{""prerequisite_acknowledged"": true, ""client_b_read_v1"": true, ""dependent_acknowledged"": true, ""visible_ids"": [""v1:618"", ""v2:618""], ""snapshot_polls"": 1}"
20260918T142903Z_be5aa8ad,619,recovery,1789741766.652475,1789741766.669743,17.285,0,17.285,pass,,independent_snapshot,"{""prerequisite_acknowledged"": true, ""client_b_read_v1"": true, ""dependent_acknowledged"": true, ""visible_ids"": [""v1:619"", ""v2:619""], ""snapshot_polls"": 1}"
20260918T142903Z_be5aa8ad,620,recovery,1789741766.669743,1789741766.6945217,24.653,0,24.653,pass,,independent_snapshot,"{""prerequisite_acknowledged"": true, ""client_b_read_v1"": true, ""dependent_acknowledged"": true, ""visible_ids"": [""v1:620"", ""v2:620""], ""snapshot_polls"": 1}"
20260918T142903Z_be5aa8ad,621,recovery,1789741766.6945217,1789741766.7129216,18.631,0,18.631,pass,,independent_snapshot,"{""prerequisite_acknowledged"": true, ""client_b_read_v1"": true, ""dependent_acknowledged"": true, ""visible_ids"": [""v1:621"", ""v2:621""], ""snapshot_polls"": 1}"
20260918T142903Z_be5aa8ad,622,recovery,1789741766.7135844,1789741766.732418,19.385,0,19.385,pass,,independent_snapshot,"{""prerequisite_acknowledged"": true, ""client_b_read_v1"": true, ""dependent_acknowledged"": true, ""visible_ids"": [""v1:622"", ""v2:622""], ""snapshot_polls"": 1}"
20260918T142903Z_be5aa8ad,623,recovery,1789741766.7330403,1789741766.7539492,21.035,0,21.035,pass,,independent_snapshot,"{""prerequisite_acknowledged"": true, ""client_b_read_v1"": true, ""dependent_acknowledged"": true, ""visible_ids"": [""v1:623"", ""v2:623""], ""snapshot_polls"": 1}"
20260918T142903Z_be5aa8ad,624,recovery,1789741766.7539492,1789741766.7762058,22.355,0,22.355,pass,,independent_snapshot,"{""prerequisite_acknowledged"": true, ""client_b_read_v1"": true, ""dependent_acknowledged"": true, ""visible_ids"": [""v1:624"", ""v2:624""], ""snapshot_polls"": 1}"
20260918T142903Z_be5aa8ad,625,recovery,1789741766.7762058,1789741766.7981145,21.845,0,21.845,pass,,independent_snapshot,"{""prerequisite_acknowledged"": true, ""client_b_read_v1"": true, ""dependent_acknowledged"": true, ""visible_ids"": [""v1:625"", ""v2:625""], ""snapshot_polls"": 1}"
20260918T142903Z_be5aa8ad,626,recovery,1789741766.7981145,1789741766.8174467,19.083,0,19.083,pass,,independent_snapshot,"{""prerequisite_acknowledged"": true, ""client_b_read_v1"": true, ""dependent_acknowledged"": true, ""visible_ids"": [""v1:626"", ""v2:626""], ""snapshot_polls"": 1}"
20260918T142903Z_be5aa8ad,627,recovery,1789741766.8174467,1789741766.8349273,17.678,0,17.678,pass,,independent_snapshot,"{""prerequisite_acknowledged"": true, ""client_b_read_v1"": true, ""dependent_acknowledged"": true, ""visible_ids"": [""v1:627"", ""v2:627""], ""snapshot_polls"": 1}"
20260918T142903Z_be5aa8ad,628,recovery,1789741766.8354788,1789741766.8570802,21.577,0,21.577,pass,,independent_snapshot,"{""prerequisite_acknowledged"": true, ""client_b_read_v1"": true, ""dependent_acknowledged"": true, ""visible_ids"": [""v1:628"", ""v2:628""], ""snapshot_polls"": 1}"
20260918T142903Z_be5aa8ad,629,recovery,1789741766.8570802,1789741766.8762574,19.061,0,19.061,pass,,independent_snapshot,"{""prerequisite_acknowledged"": true, ""client_b_read_v1"": true, ""dependent_acknowledged"": true, ""visible_ids"": [""v1:629"", ""v2:629""], ""snapshot_polls"": 1}"
20260918T142903Z_be5aa8ad,630,recovery,1789741766.8762574,1789741766.894804,18.474,0,18.474,pass,,independent_snapshot,"{""prerequisite_acknowledged"": true, ""client_b_read_v1"": true, ""dependent_acknowledged"": true, ""visible_ids"": [""v1:630"", ""v2:630""], ""snapshot_polls"": 1}"
20260918T142903Z_be5aa8ad,631,recovery,1789741766.894804,1789741766.9150274,20.644,0,20.644,pass,,independent_snapshot,"{""prerequisite_acknowledged"": true, ""client_b_read_v1"": true, ""dependent_acknowledged"": true, ""visible_ids"": [""v1:631"", ""v2:631""], ""snapshot_polls"": 1}"
20260918T142903Z_be5aa8ad,632,recovery,1789741766.915786,1789741766.93435,18.762,0,18.762,pass,,independent_snapshot,"{""prerequisite_acknowledged"": true, ""client_b_read_v1"": true, ""dependent_acknowledged"": true, ""visible_ids"": [""v1:632"", ""v2:632""], ""snapshot_polls"": 1}"
20260918T142903Z_be5aa8ad,633,recovery,1789741766.93435,1789741766.9538426,19.422,0,19.422,pass,,independent_snapshot,"{""prerequisite_acknowledged"": true, ""client_b_read_v1"": true, ""dependent_acknowledged"": true, ""visible_ids"": [""v1:633"", ""v2:633""], ""snapshot_polls"": 1}"
20260918T142903Z_be5aa8ad,634,recovery,1789741766.9538426,1789741766.9720223,17.981,0,17.981,pass,,independent_snapshot,"{""prerequisite_acknowledged"": true, ""client_b_read_v1"": true, ""dependent_acknowledged"": true, ""visible_ids"": [""v1:634"", ""v2:634""], ""snapshot_polls"": 1}"
20260918T142903Z_be5aa8ad,635,recovery,1789741766.9720223,1789741766.9897904,18.089,0,18.089,pass,,independent_snapshot,"{""prerequisite_acknowledged"": true, ""client_b_read_v1"": true, ""dependent_acknowledged"": true, ""visible_ids"": [""v1:635"", ""v2:635""], ""snapshot_polls"": 1}"
20260918T142903Z_be5aa8ad,636,recovery,1789741766.9897904,1789741767.0120766,21.768,0,21.768,pass,,independent_snapshot,"{""prerequisite_acknowledged"": true, ""client_b_read_v1"": true, ""dependent_acknowledged"": true, ""visible_ids"": [""v1:636"", ""v2:636""], ""snapshot_polls"": 1}"
20260918T142903Z_be5aa8ad,637,recovery,1789741767.0120766,1789741767.0300417,18.207,0,18.207,pass,,independent_snapshot,"{""prerequisite_acknowledged"": true, ""client_b_read_v1"": true, ""dependent_acknowledged"": true, ""visible_ids"": [""v1:637"", ""v2:637""], ""snapshot_polls"": 1}"
20260918T142903Z_be5aa8ad,638,recovery,1789741767.0305874,1789741767.0483875,18.338,0,18.338,pass,,independent_snapshot,"{""prerequisite_acknowledged"": true, ""client_b_read_v1"": true, ""dependent_acknowledged"": true, ""visible_ids"": [""v1:638"", ""v2:638""], ""snapshot_polls"": 1}"
20260918T142903Z_be5aa8ad,639,recovery,1789741767.0489984,1789741767.0660214,17.351,0,17.351,pass,,independent_snapshot,"{""prerequisite_acknowledged"": true, ""client_b_read_v1"": true, ""dependent_acknowledged"": true, ""visible_ids"": [""v1:639"", ""v2:639""], ""snapshot_polls"": 1}"
20260918T142903Z_be5aa8ad,640,recovery,1789741767.0660214,1789741767.0841188,18.161,0,18.161,pass,,independent_snapshot,"{""prerequisite_acknowledged"": true, ""client_b_read_v1"": true, ""dependent_acknowledged"": true, ""visible_ids"": [""v1:640"", ""v2:640""], ""snapshot_polls"": 1}"
20260918T142903Z_be5aa8ad,641,recovery,1789741767.0841188,1789741767.1053388,20.822,0,20.822,pass,,independent_snapshot,"{""prerequisite_acknowledged"": true, ""client_b_read_v1"": true, ""dependent_acknowledged"": true, ""visible_ids"": [""v1:641"", ""v2:641""], ""snapshot_polls"": 1}"
20260918T142903Z_be5aa8ad,642,recovery,1789741767.1053388,1789741767.1253023,19.652,0,19.652,pass,,independent_snapshot,"{""prerequisite_acknowledged"": true, ""client_b_read_v1"": true, ""dependent_acknowledged"": true, ""visible_ids"": [""v1:642"", ""v2:642""], ""snapshot_polls"": 1}"
20260918T142903Z_be5aa8ad,643,recovery,1789741767.1253023,1789741767.1425552,17.656,0,17.656,pass,,independent_snapshot,"{""prerequisite_acknowledged"": true, ""client_b_read_v1"": true, ""dependent_acknowledged"": true, ""visible_ids"": [""v1:643"", ""v2:643""], ""snapshot_polls"": 1}"
20260918T142903Z_be5aa8ad,644,recovery,1789741767.1432054,1789741767.1636183,21.812,0,21.812,pass,,independent_snapshot,"{""prerequisite_acknowledged"": true, ""client_b_read_v1"": true, ""dependent_acknowledged"": true, ""visible_ids"": [""v1:644"", ""v2:644""], ""snapshot_polls"": 1}"
20260918T142903Z_be5aa8ad,645,recovery,1789741767.1651833,1789741767.1826713,17.621,0,17.621,pass,,independent_snapshot,"{""prerequisite_acknowledged"": true, ""client_b_read_v1"": true, ""dependent_acknowledged"": true, ""visible_ids"": [""v1:645"", ""v2:645""], ""snapshot_polls"": 1}"
20260918T142903Z_be5aa8ad,646,recovery,1789741767.1826713,1789741767.1989439,16.554,0,16.554,pass,,independent_snapshot,"{""prerequisite_acknowledged"": true, ""client_b_read_v1"": true, ""dependent_acknowledged"": true, ""visible_ids"": [""v1:646"", ""v2:646""], ""snapshot_polls"": 1}"
20260918T142903Z_be5aa8ad,647,recovery,1789741767.199553,1789741767.2197077,20.275,0,20.275,pass,,independent_snapshot,"{""prerequisite_acknowledged"": true, ""client_b_read_v1"": true, ""dependent_acknowledged"": true, ""visible_ids"": [""v1:647"", ""v2:647""], ""snapshot_polls"": 1}"
20260918T142903Z_be5aa8ad,648,recovery,1789741767.2197077,1789741767.2389398,19.27,0,19.27,pass,,independent_snapshot,"{""prerequisite_acknowledged"": true, ""client_b_read_v1"": true, ""dependent_acknowledged"": true, ""visible_ids"": [""v1:648"", ""v2:648""], ""snapshot_polls"": 1}"
20260918T142903Z_be5aa8ad,649,recovery,1789741767.2389398,1789741767.2579722,19.152,0,19.152,pass,,independent_snapshot,"{""prerequisite_acknowledged"": true, ""client_b_read_v1"": true, ""dependent_acknowledged"": true, ""visible_ids"": [""v1:649"", ""v2:649""], ""snapshot_polls"": 1}"
20260918T142903Z_be5aa8ad,650,recovery,1789741767.2585611,1789741767.276819,18.526,0,18.526,pass,,independent_snapshot,"{""prerequisite_acknowledged"": true, ""client_b_read_v1"": true, ""dependent_acknowledged"": true, ""visible_ids"": [""v1:650"", ""v2:650""], ""snapshot_polls"": 1}"
20260918T142903Z_be5aa8ad,651,recovery,1789741767.276819,1789741767.2952783,18.205,0,18.205,pass,,independent_snapshot,"{""prerequisite_acknowledged"": true, ""client_b_read_v1"": true, ""dependent_acknowledged"": true, ""visible_ids"": [""v1:651"", ""v2:651""], ""snapshot_polls"": 1}"
20260918T142903Z_be5aa8ad,652,recovery,1789741767.2952783,1789741767.313264,18.246,0,18.246,pass,,independent_snapshot,"{""prerequisite_acknowledged"": true, ""client_b_read_v1"": true, ""dependent_acknowledged"": true, ""visible_ids"": [""v1:652"", ""v2:652""], ""snapshot_polls"": 1}"
20260918T142903Z_be5aa8ad,653,recovery,1789741767.3138313,1789741767.331253,17.677,0,17.677,pass,,independent_snapshot,"{""prerequisite_acknowledged"": true, ""client_b_read_v1"": true, ""dependent_acknowledged"": true, ""visible_ids"": [""v1:653"", ""v2:653""], ""snapshot_polls"": 1}"
20260918T142903Z_be5aa8ad,654,recovery,1789741767.331253,1789741767.3499851,18.501,0,18.501,pass,,independent_snapshot,"{""prerequisite_acknowledged"": true, ""client_b_read_v1"": true, ""dependent_acknowledged"": true, ""visible_ids"": [""v1:654"", ""v2:654""], ""snapshot_polls"": 1}"
20260918T142903Z_be5aa8ad,655,recovery,1789741767.3499851,1789741767.3683825,18.694,0,18.694,pass,,independent_snapshot,"{""prerequisite_acknowledged"": true, ""client_b_read_v1"": true, ""dependent_acknowledged"": true, ""visible_ids"": [""v1:655"", ""v2:655""], ""snapshot_polls"": 1}"
20260918T142903Z_be5aa8ad,656,recovery,1789741767.3690455,1789741767.3874493,19.129,0,19.129,pass,,independent_snapshot,"{""prerequisite_acknowledged"": true, ""client_b_read_v1"": true, ""dependent_acknowledged"": true, ""visible_ids"": [""v1:656"", ""v2:656""], ""snapshot_polls"": 1}"
20260918T142903Z_be5aa8ad,657,recovery,1789741767.3884616,1789741767.4181747,30.208,0,30.208,pass,,independent_snapshot,"{""prerequisite_acknowledged"": true, ""client_b_read_v1"": true, ""dependent_acknowledged"": true, ""visible_ids"": [""v1:657"", ""v2:657""], ""snapshot_polls"": 1}"
20260918T142903Z_be5aa8ad,658,recovery,1789741767.4181747,1789741767.4636583,46.119,0,46.119,pass,,independent_snapshot,"{""prerequisite_acknowledged"": true, ""client_b_read_v1"": true, ""dependent_acknowledged"": true, ""visible_ids"": [""v1:658"", ""v2:658""], ""snapshot_polls"": 1}"
20260918T142903Z_be5aa8ad,659,recovery,1789741767.4650166,1789741767.500014,35.006,0,35.006,pass,,independent_snapshot,"{""prerequisite_acknowledged"": true, ""client_b_read_v1"": true, ""dependent_acknowledged"": true, ""visible_ids"": [""v1:659"", ""v2:659""], ""snapshot_polls"": 1}"
20260918T142903Z_be5aa8ad,660,recovery,1789741767.500014,1789741767.533681,34.232,0,34.232,pass,,independent_snapshot,"{""prerequisite_acknowledged"": true, ""client_b_read_v1"": true, ""dependent_acknowledged"": true, ""visible_ids"": [""v1:660"", ""v2:660""], ""snapshot_polls"": 1}"
20260918T142903Z_be5aa8ad,661,recovery,1789741767.533681,1789741767.5769181,43.11,0,43.11,pass,,independent_snapshot,"{""prerequisite_acknowledged"": true, ""client_b_read_v1"": true, ""dependent_acknowledged"": true, ""visible_ids"": [""v1:661"", ""v2:661""], ""snapshot_polls"": 1}"
20260918T142903Z_be5aa8ad,662,recovery,1789741767.5769181,1789741767.6430182,65.792,0,65.792,pass,,independent_snapshot,"{""prerequisite_acknowledged"": true, ""client_b_read_v1"": true, ""dependent_acknowledged"": true, ""visible_ids"": [""v1:662"", ""v2:662""], ""snapshot_polls"": 1}"
20260918T142903Z_be5aa8ad,663,recovery,1789741767.6430182,1789741767.6687677,25.293,0,25.293,pass,,independent_snapshot,"{""prerequisite_acknowledged"": true, ""client_b_read_v1"": true, ""dependent_acknowledged"": true, ""visible_ids"": [""v1:663"", ""v2:663""], ""snapshot_polls"": 1}"
20260918T142903Z_be5aa8ad,664,recovery,1789741767.6687677,1789741767.6900108,21.336,0,21.336,pass,,independent_snapshot,"{""prerequisite_acknowledged"": true, ""client_b_read_v1"": true, ""dependent_acknowledged"": true, ""visible_ids"": [""v1:664"", ""v2:664""], ""snapshot_polls"": 1}"
20260918T142903Z_be5aa8ad,665,recovery,1789741767.6900108,1789741767.7118492,21.619,0,21.619,pass,,independent_snapshot,"{""prerequisite_acknowledged"": true, ""client_b_read_v1"": true, ""dependent_acknowledged"": true, ""visible_ids"": [""v1:665"", ""v2:665""], ""snapshot_polls"": 1}"
20260918T142903Z_be5aa8ad,666,recovery,1789741767.7118492,1789741767.7320886,20.067,0,20.067,pass,,independent_snapshot,"{""prerequisite_acknowledged"": true, ""client_b_read_v1"": true, ""dependent_acknowledged"": true, ""visible_ids"": [""v1:666"", ""v2:666""], ""snapshot_polls"": 1}"
20260918T142903Z_be5aa8ad,667,recovery,1789741767.7320886,1789741767.7529838,20.579,0,20.579,pass,,independent_snapshot,"{""prerequisite_acknowledged"": true, ""client_b_read_v1"": true, ""dependent_acknowledged"": true, ""visible_ids"": [""v1:667"", ""v2:667""], ""snapshot_polls"": 1}"
20260918T142903Z_be5aa8ad,668,recovery,1789741767.7529838,1789741767.7736058,20.586,0,20.586,pass,,independent_snapshot,"{""prerequisite_acknowledged"": true, ""client_b_read_v1"": true, ""dependent_acknowledged"": true, ""visible_ids"": [""v1:668"", ""v2:668""], ""snapshot_polls"": 1}"
20260918T142903Z_be5aa8ad,669,recovery,1789741767.7736058,1789741767.7918613,18.359,0,18.359,pass,,independent_snapshot,"{""prerequisite_acknowledged"": true, ""client_b_read_v1"": true, ""dependent_acknowledged"": true, ""visible_ids"": [""v1:669"", ""v2:669""], ""snapshot_polls"": 1}"
20260918T142903Z_be5aa8ad,670,recovery,1789741767.7918613,1789741767.8124187,20.331,0,20.331,pass,,independent_snapshot,"{""prerequisite_acknowledged"": true, ""client_b_read_v1"": true, ""dependent_acknowledged"": true, ""visible_ids"": [""v1:670"", ""v2:670""], ""snapshot_polls"": 1}"
20260918T142903Z_be5aa8ad,671,recovery,1789741767.8124187,1789741767.8334067,21.281,0,21.281,pass,,independent_snapshot,"{""prerequisite_acknowledged"": true, ""client_b_read_v1"": true, ""dependent_acknowledged"": true, ""visible_ids"": [""v1:671"", ""v2:671""], ""snapshot_polls"": 1}"
20260918T142903Z_be5aa8ad,672,recovery,1789741767.8340974,1789741767.853467,19.989,0,19.989,pass,,independent_snapshot,"{""prerequisite_acknowledged"": true, ""client_b_read_v1"": true, ""dependent_acknowledged"": true, ""visible_ids"": [""v1:672"", ""v2:672""], ""snapshot_polls"": 1}"
20260918T142903Z_be5aa8ad,673,recovery,1789741767.8541267,1789741767.8741536,20.241,0,20.241,pass,,independent_snapshot,"{""prerequisite_acknowledged"": true, ""client_b_read_v1"": true, ""dependent_acknowledged"": true, ""visible_ids"": [""v1:673"", ""v2:673""], ""snapshot_polls"": 1}"
20260918T142903Z_be5aa8ad,674,recovery,1789741767.8741536,1789741767.895257,21.315,0,21.315,pass,,independent_snapshot,"{""prerequisite_acknowledged"": true, ""client_b_read_v1"": true, ""dependent_acknowledged"": true, ""visible_ids"": [""v1:674"", ""v2:674""], ""snapshot_polls"": 1}"
20260918T142903Z_be5aa8ad,675,recovery,1789741767.895913,1789741767.9155817,20.104,0,20.104,pass,,independent_snapshot,"{""prerequisite_acknowledged"": true, ""client_b_read_v1"": true, ""dependent_acknowledged"": true, ""visible_ids"": [""v1:675"", ""v2:675""], ""snapshot_polls"": 1}"
20260918T142903Z_be5aa8ad,676,recovery,1789741767.916162,1789741767.937279,21.372,0,21.372,pass,,independent_snapshot,"{""prerequisite_acknowledged"": true, ""client_b_read_v1"": true, ""dependent_acknowledged"": true, ""visible_ids"": [""v1:676"", ""v2:676""], ""snapshot_polls"": 1}"
20260918T142903Z_be5aa8ad,677,recovery,1789741767.937279,1789741767.9600685,22.53,0,22.53,pass,,independent_snapshot,"{""prerequisite_acknowledged"": true, ""client_b_read_v1"": true, ""dependent_acknowledged"": true, ""visible_ids"": [""v1:677"", ""v2:677""], ""snapshot_polls"": 1}"
20260918T142903Z_be5aa8ad,678,recovery,1789741767.9600685,1789741767.9796615,19.471,0,19.471,pass,,independent_snapshot,"{""prerequisite_acknowledged"": true, ""client_b_read_v1"": true, ""dependent_acknowledged"": true, ""visible_ids"": [""v1:678"", ""v2:678""], ""snapshot_polls"": 1}"
20260918T142903Z_be5aa8ad,679,recovery,1789741767.9796615,1789741768.0004306,21.153,0,21.153,pass,,independent_snapshot,"{""prerequisite_acknowledged"": true, ""client_b_read_v1"": true, ""dependent_acknowledged"": true, ""visible_ids"": [""v1:679"", ""v2:679""], ""snapshot_polls"": 1}"
20260918T142903Z_be5aa8ad,680,recovery,1789741768.0010867,1789741768.0222042,21.07,0,21.07,pass,,independent_snapshot,"{""prerequisite_acknowledged"": true, ""client_b_read_v1"": true, ""dependent_acknowledged"": true, ""visible_ids"": [""v1:680"", ""v2:680""], ""snapshot_polls"": 1}"
20260918T142903Z_be5aa8ad,681,recovery,1789741768.0222042,1789741768.0433993,21.594,0,21.594,pass,,independent_snapshot,"{""prerequisite_acknowledged"": true, ""client_b_read_v1"": true, ""dependent_acknowledged"": true, ""visible_ids"": [""v1:681"", ""v2:681""], ""snapshot_polls"": 1}"
20260918T142903Z_be5aa8ad,682,recovery,1789741768.0440001,1789741768.0633087,19.565,0,19.565,pass,,independent_snapshot,"{""prerequisite_acknowledged"": true, ""client_b_read_v1"": true, ""dependent_acknowledged"": true, ""visible_ids"": [""v1:682"", ""v2:682""], ""snapshot_polls"": 1}"
20260918T142903Z_be5aa8ad,683,recovery,1789741768.0633087,1789741768.083393,20.017,0,20.017,pass,,independent_snapshot,"{""prerequisite_acknowledged"": true, ""client_b_read_v1"": true, ""dependent_acknowledged"": true, ""visible_ids"": [""v1:683"", ""v2:683""], ""snapshot_polls"": 1}"
20260918T142903Z_be5aa8ad,684,recovery,1789741768.083393,1789741768.1076272,23.948,0,23.948,pass,,independent_snapshot,"{""prerequisite_acknowledged"": true, ""client_b_read_v1"": true, ""dependent_acknowledged"": true, ""visible_ids"": [""v1:684"", ""v2:684""], ""snapshot_polls"": 1}"
20260918T142903Z_be5aa8ad,685,recovery,1789741768.1076272,1789741768.131975,24.273,0,24.273,pass,,independent_snapshot,"{""prerequisite_acknowledged"": true, ""client_b_read_v1"": true, ""dependent_acknowledged"": true, ""visible_ids"": [""v1:685"", ""v2:685""], ""snapshot_polls"": 1}"
20260918T142903Z_be5aa8ad,686,recovery,1789741768.131975,1789741768.152647,20.345,0,20.345,pass,,independent_snapshot,"{""prerequisite_acknowledged"": true, ""client_b_read_v1"": true, ""dependent_acknowledged"": true, ""visible_ids"": [""v1:686"", ""v2:686""], ""snapshot_polls"": 1}"
20260918T142903Z_be5aa8ad,687,recovery,1789741768.152647,1789741768.1719768,19.417,0,19.417,pass,,independent_snapshot,"{""prerequisite_acknowledged"": true, ""client_b_read_v1"": true, ""dependent_acknowledged"": true, ""visible_ids"": [""v1:687"", ""v2:687""], ""snapshot_polls"": 1}"
20260918T142903Z_be5aa8ad,688,recovery,1789741768.1719768,1789741768.1905649,18.384,0,18.384,pass,,independent_snapshot,"{""prerequisite_acknowledged"": true, ""client_b_read_v1"": true, ""dependent_acknowledged"": true, ""visible_ids"": [""v1:688"", ""v2:688""], ""snapshot_polls"": 1}"
20260918T142903Z_be5aa8ad,689,recovery,1789741768.1905649,1789741768.210162,19.632,0,19.632,pass,,independent_snapshot,"{""prerequisite_acknowledged"": true, ""client_b_read_v1"": true, ""dependent_acknowledged"": true, ""visible_ids"": [""v1:689"", ""v2:689""], ""snapshot_polls"": 1}"
20260918T142903Z_be5aa8ad,690,recovery,1789741768.210162,1789741768.2293193,19.155,0,19.155,pass,,independent_snapshot,"{""prerequisite_acknowledged"": true, ""client_b_read_v1"": true, ""dependent_acknowledged"": true, ""visible_ids"": [""v1:690"", ""v2:690""], ""snapshot_polls"": 1}"
20260918T142903Z_be5aa8ad,691,recovery,1789741768.2293193,1789741768.2503295,20.688,0,20.688,pass,,independent_snapshot,"{""prerequisite_acknowledged"": true, ""client_b_read_v1"": true, ""dependent_acknowledged"": true, ""visible_ids"": [""v1:691"", ""v2:691""], ""snapshot_polls"": 1}"
20260918T142903Z_be5aa8ad,692,recovery,1789741768.2503295,1789741768.271527,21.52,0,21.52,pass,,independent_snapshot,"{""prerequisite_acknowledged"": true, ""client_b_read_v1"": true, ""dependent_acknowledged"": true, ""visible_ids"": [""v1:692"", ""v2:692""], ""snapshot_polls"": 1}"
20260918T142903Z_be5aa8ad,693,recovery,1789741768.2722168,1789741768.2909045,19.238,0,19.238,pass,,independent_snapshot,"{""prerequisite_acknowledged"": true, ""client_b_read_v1"": true, ""dependent_acknowledged"": true, ""visible_ids"": [""v1:693"", ""v2:693""], ""snapshot_polls"": 1}"
20260918T142903Z_be5aa8ad,694,recovery,1789741768.2915578,1789741768.3115754,20.195,0,20.195,pass,,independent_snapshot,"{""prerequisite_acknowledged"": true, ""client_b_read_v1"": true, ""dependent_acknowledged"": true, ""visible_ids"": [""v1:694"", ""v2:694""], ""snapshot_polls"": 1}"
20260918T142903Z_be5aa8ad,695,recovery,1789741768.3115754,1789741768.3321962,20.277,0,20.277,pass,,independent_snapshot,"{""prerequisite_acknowledged"": true, ""client_b_read_v1"": true, ""dependent_acknowledged"": true, ""visible_ids"": [""v1:695"", ""v2:695""], ""snapshot_polls"": 1}"
20260918T142903Z_be5aa8ad,696,recovery,1789741768.3321962,1789741768.3506377,18.392,0,18.392,pass,,independent_snapshot,"{""prerequisite_acknowledged"": true, ""client_b_read_v1"": true, ""dependent_acknowledged"": true, ""visible_ids"": [""v1:696"", ""v2:696""], ""snapshot_polls"": 1}"
20260918T142903Z_be5aa8ad,697,recovery,1789741768.3506377,1789741768.3698156,19.239,0,19.239,pass,,independent_snapshot,"{""prerequisite_acknowledged"": true, ""client_b_read_v1"": true, ""dependent_acknowledged"": true, ""visible_ids"": [""v1:697"", ""v2:697""], ""snapshot_polls"": 1}"
20260918T142903Z_be5aa8ad,698,recovery,1789741768.3698156,1789741768.3884685,18.371,0,18.371,pass,,independent_snapshot,"{""prerequisite_acknowledged"": true, ""client_b_read_v1"": true, ""dependent_acknowledged"": true, ""visible_ids"": [""v1:698"", ""v2:698""], ""snapshot_polls"": 1}"
20260918T142903Z_be5aa8ad,699,recovery,1789741768.3884685,1789741768.408576,20.418,0,20.418,pass,,independent_snapshot,"{""prerequisite_acknowledged"": true, ""client_b_read_v1"": true, ""dependent_acknowledged"": true, ""visible_ids"": [""v1:699"", ""v2:699""], ""snapshot_polls"": 1}"
20260918T142903Z_be5aa8ad,700,recovery,1789741768.408576,1789741768.4308822,22.248,0,22.248,pass,,independent_snapshot,"{""prerequisite_acknowledged"": true, ""client_b_read_v1"": true, ""dependent_acknowledged"": true, ""visible_ids"": [""v1:700"", ""v2:700""], ""snapshot_polls"": 1}"
20260918T142903Z_be5aa8ad,701,recovery,1789741768.4358518,1789741768.4592292,23.371,0,23.371,pass,,independent_snapshot,"{""prerequisite_acknowledged"": true, ""client_b_read_v1"": true, ""dependent_acknowledged"": true, ""visible_ids"": [""v1:701"", ""v2:701""], ""snapshot_polls"": 1}"
20260918T142903Z_be5aa8ad,702,recovery,1789741768.4597585,1789741768.4867113,27.34,0,27.34,pass,,independent_snapshot,"{""prerequisite_acknowledged"": true, ""client_b_read_v1"": true, ""dependent_acknowledged"": true, ""visible_ids"": [""v1:702"", ""v2:702""], ""snapshot_polls"": 1}"
20260918T142903Z_be5aa8ad,703,recovery,1789741768.4872906,1789741768.5176816,30.755,0,30.755,pass,,independent_snapshot,"{""prerequisite_acknowledged"": true, ""client_b_read_v1"": true, ""dependent_acknowledged"": true, ""visible_ids"": [""v1:703"", ""v2:703""], ""snapshot_polls"": 1}"
20260918T142903Z_be5aa8ad,704,recovery,1789741768.5176816,1789741768.5462556,28.463,0,28.463,pass,,independent_snapshot,"{""prerequisite_acknowledged"": true, ""client_b_read_v1"": true, ""dependent_acknowledged"": true, ""visible_ids"": [""v1:704"", ""v2:704""], ""snapshot_polls"": 1}"
20260918T142903Z_be5aa8ad,705,recovery,1789741768.5462556,1789741768.5989876,52.491,0,52.491,pass,,independent_snapshot,"{""prerequisite_acknowledged"": true, ""client_b_read_v1"": true, ""dependent_acknowledged"": true, ""visible_ids"": [""v1:705"", ""v2:705""], ""snapshot_polls"": 1}"
20260918T142903Z_be5aa8ad,706,recovery,1789741768.5989876,1789741768.644444,45.267,0,45.267,pass,,independent_snapshot,"{""prerequisite_acknowledged"": true, ""client_b_read_v1"": true, ""dependent_acknowledged"": true, ""visible_ids"": [""v1:706"", ""v2:706""], ""snapshot_polls"": 1}"
20260918T142903Z_be5aa8ad,707,recovery,1789741768.644444,1789741768.681907,37.539,0,37.539,pass,,independent_snapshot,"{""prerequisite_acknowledged"": true, ""client_b_read_v1"": true, ""dependent_acknowledged"": true, ""visible_ids"": [""v1:707"", ""v2:707""], ""snapshot_polls"": 1}"
20260918T142903Z_be5aa8ad,708,recovery,1789741768.6824896,1789741768.720551,38.4,0,38.4,pass,,independent_snapshot,"{""prerequisite_acknowledged"": true, ""client_b_read_v1"": true, ""dependent_acknowledged"": true, ""visible_ids"": [""v1:708"", ""v2:708""], ""snapshot_polls"": 1}"
20260918T142903Z_be5aa8ad,709,recovery,1789741768.720551,1789741768.7811406,60.098,0,60.098,pass,,independent_snapshot,"{""prerequisite_acknowledged"": true, ""client_b_read_v1"": true, ""dependent_acknowledged"": true, ""visible_ids"": [""v1:709"", ""v2:709""], ""snapshot_polls"": 1}"
20260918T142903Z_be5aa8ad,710,recovery,1789741768.7811406,1789741768.8310285,49.861,0,49.861,pass,,independent_snapshot,"{""prerequisite_acknowledged"": true, ""client_b_read_v1"": true, ""dependent_acknowledged"": true, ""visible_ids"": [""v1:710"", ""v2:710""], ""snapshot_polls"": 1}"
20260918T142903Z_be5aa8ad,711,recovery,1789741768.8310285,1789741768.8797376,48.826,0,48.826,pass,,independent_snapshot,"{""prerequisite_acknowledged"": true, ""client_b_read_v1"": true, ""dependent_acknowledged"": true, ""visible_ids"": [""v1:711"", ""v2:711""], ""snapshot_polls"": 1}"
20260918T142903Z_be5aa8ad,712,recovery,1789741768.880249,1789741768.9523606,72.364,0,72.364,pass,,independent_snapshot,"{""prerequisite_acknowledged"": true, ""client_b_read_v1"": true, ""dependent_acknowledged"": true, ""visible_ids"": [""v1:712"", ""v2:712""], ""snapshot_polls"": 1}"
20260918T142903Z_be5aa8ad,713,recovery,1789741768.9523606,1789741768.9953234,42.902,0,42.902,pass,,independent_snapshot,"{""prerequisite_acknowledged"": true, ""client_b_read_v1"": true, ""dependent_acknowledged"": true, ""visible_ids"": [""v1:713"", ""v2:713""], ""snapshot_polls"": 1}"
20260918T142903Z_be5aa8ad,714,recovery,1789741768.9953234,1789741769.0371354,41.908,0,41.908,pass,,independent_snapshot,"{""prerequisite_acknowledged"": true, ""client_b_read_v1"": true, ""dependent_acknowledged"": true, ""visible_ids"": [""v1:714"", ""v2:714""], ""snapshot_polls"": 1}"
20260918T142903Z_be5aa8ad,715,recovery,1789741769.0371354,1789741769.101574,64.043,0,64.043,pass,,independent_snapshot,"{""prerequisite_acknowledged"": true, ""client_b_read_v1"": true, ""dependent_acknowledged"": true, ""visible_ids"": [""v1:715"", ""v2:715""], ""snapshot_polls"": 1}"
20260918T142903Z_be5aa8ad,716,recovery,1789741769.101574,1789741769.1554177,54.038,0,54.038,pass,,independent_snapshot,"{""prerequisite_acknowledged"": true, ""client_b_read_v1"": true, ""dependent_acknowledged"": true, ""visible_ids"": [""v1:716"", ""v2:716""], ""snapshot_polls"": 1}"
20260918T142903Z_be5aa8ad,717,recovery,1789741769.1554177,1789741769.2220442,66.074,0,66.074,pass,,independent_snapshot,"{""prerequisite_acknowledged"": true, ""client_b_read_v1"": true, ""dependent_acknowledged"": true, ""visible_ids"": [""v1:717"", ""v2:717""], ""snapshot_polls"": 1}"
20260918T142903Z_be5aa8ad,718,recovery,1789741769.2220442,1789741769.3103926,87.837,0,87.837,pass,,independent_snapshot,"{""prerequisite_acknowledged"": true, ""client_b_read_v1"": true, ""dependent_acknowledged"": true, ""visible_ids"": [""v1:718"", ""v2:718""], ""snapshot_polls"": 1}"
20260918T142903Z_be5aa8ad,719,recovery,1789741769.3103926,1789741769.379425,68.859,0,68.859,pass,,independent_snapshot,"{""prerequisite_acknowledged"": true, ""client_b_read_v1"": true, ""dependent_acknowledged"": true, ""visible_ids"": [""v1:719"", ""v2:719""], ""snapshot_polls"": 1}"
20260918T142903Z_be5aa8ad,720,recovery,1789741769.379425,1789741769.4477663,68.628,0,68.628,pass,,independent_snapshot,"{""prerequisite_acknowledged"": true, ""client_b_read_v1"": true, ""dependent_acknowledged"": true, ""visible_ids"": [""v1:720"", ""v2:720""], ""snapshot_polls"": 1}"
20260918T142903Z_be5aa8ad,721,recovery,1789741769.4477663,1789741769.4979055,49.822,0,49.822,pass,,independent_snapshot,"{""prerequisite_acknowledged"": true, ""client_b_read_v1"": true, ""dependent_acknowledged"": true, ""visible_ids"": [""v1:721"", ""v2:721""], ""snapshot_polls"": 1}"
20260918T142903Z_be5aa8ad,722,recovery,1789741769.4979055,1789741769.5475676,50.257,0,50.257,pass,,independent_snapshot,"{""prerequisite_acknowledged"": true, ""client_b_read_v1"": true, ""dependent_acknowledged"": true, ""visible_ids"": [""v1:722"", ""v2:722""], ""snapshot_polls"": 1}"
20260918T142903Z_be5aa8ad,723,recovery,1789741769.5485811,1789741769.5962956,48.245,0,48.245,pass,,independent_snapshot,"{""prerequisite_acknowledged"": true, ""client_b_read_v1"": true, ""dependent_acknowledged"": true, ""visible_ids"": [""v1:723"", ""v2:723""], ""snapshot_polls"": 1}"
20260918T142903Z_be5aa8ad,724,recovery,1789741769.5962956,1789741769.634828,38.617,0,38.617,pass,,independent_snapshot,"{""prerequisite_acknowledged"": true, ""client_b_read_v1"": true, ""dependent_acknowledged"": true, ""visible_ids"": [""v1:724"", ""v2:724""], ""snapshot_polls"": 1}"
20260918T142903Z_be5aa8ad,725,recovery,1789741769.6356406,1789741769.671305,36.294,0,36.294,pass,,independent_snapshot,"{""prerequisite_acknowledged"": true, ""client_b_read_v1"": true, ""dependent_acknowledged"": true, ""visible_ids"": [""v1:725"", ""v2:725""], ""snapshot_polls"": 1}"
20260918T142903Z_be5aa8ad,726,recovery,1789741769.671305,1789741769.6966262,25.04,0,25.04,pass,,independent_snapshot,"{""prerequisite_acknowledged"": true, ""client_b_read_v1"": true, ""dependent_acknowledged"": true, ""visible_ids"": [""v1:726"", ""v2:726""], ""snapshot_polls"": 1}"
20260918T142903Z_be5aa8ad,727,recovery,1789741769.6972177,1789741769.7221334,25.322,0,25.322,pass,,independent_snapshot,"{""prerequisite_acknowledged"": true, ""client_b_read_v1"": true, ""dependent_acknowledged"": true, ""visible_ids"": [""v1:727"", ""v2:727""], ""snapshot_polls"": 1}"
20260918T142903Z_be5aa8ad,728,recovery,1789741769.7227015,1789741769.7419288,19.461,0,19.461,pass,,independent_snapshot,"{""prerequisite_acknowledged"": true, ""client_b_read_v1"": true, ""dependent_acknowledged"": true, ""visible_ids"": [""v1:728"", ""v2:728""], ""snapshot_polls"": 1}"
20260918T142903Z_be5aa8ad,729,recovery,1789741769.7419288,1789741769.7601504,17.963,0,17.963,pass,,independent_snapshot,"{""prerequisite_acknowledged"": true, ""client_b_read_v1"": true, ""dependent_acknowledged"": true, ""visible_ids"": [""v1:729"", ""v2:729""], ""snapshot_polls"": 1}"
20260918T142903Z_be5aa8ad,730,recovery,1789741769.7601504,1789741769.7763686,16.594,0,16.594,pass,,independent_snapshot,"{""prerequisite_acknowledged"": true, ""client_b_read_v1"": true, ""dependent_acknowledged"": true, ""visible_ids"": [""v1:730"", ""v2:730""], ""snapshot_polls"": 1}"
20260918T142903Z_be5aa8ad,731,recovery,1789741769.776974,1789741769.7957706,18.805,0,18.805,pass,,independent_snapshot,"{""prerequisite_acknowledged"": true, ""client_b_read_v1"": true, ""dependent_acknowledged"": true, ""visible_ids"": [""v1:731"", ""v2:731""], ""snapshot_polls"": 1}"
20260918T142903Z_be5aa8ad,732,recovery,1789741769.7957706,1789741769.8148134,19.438,0,19.438,pass,,independent_snapshot,"{""prerequisite_acknowledged"": true, ""client_b_read_v1"": true, ""dependent_acknowledged"": true, ""visible_ids"": [""v1:732"", ""v2:732""], ""snapshot_polls"": 1}"
20260918T142903Z_be5aa8ad,733,recovery,1789741769.8155048,1789741769.8340466,18.497,0,18.497,pass,,independent_snapshot,"{""prerequisite_acknowledged"": true, ""client_b_read_v1"": true, ""dependent_acknowledged"": true, ""visible_ids"": [""v1:733"", ""v2:733""], ""snapshot_polls"": 1}"
20260918T142903Z_be5aa8ad,734,recovery,1789741769.8340466,1789741769.8568983,22.972,0,22.972,pass,,independent_snapshot,"{""prerequisite_acknowledged"": true, ""client_b_read_v1"": true, ""dependent_acknowledged"": true, ""visible_ids"": [""v1:734"", ""v2:734""], ""snapshot_polls"": 1}"
20260918T142903Z_be5aa8ad,735,recovery,1789741769.8568983,1789741769.8788736,22.329,0,22.329,pass,,independent_snapshot,"{""prerequisite_acknowledged"": true, ""client_b_read_v1"": true, ""dependent_acknowledged"": true, ""visible_ids"": [""v1:735"", ""v2:735""], ""snapshot_polls"": 1}"
20260918T142903Z_be5aa8ad,736,recovery,1789741769.8788736,1789741769.8999922,20.547,0,20.547,pass,,independent_snapshot,"{""prerequisite_acknowledged"": true, ""client_b_read_v1"": true, ""dependent_acknowledged"": true, ""visible_ids"": [""v1:736"", ""v2:736""], ""snapshot_polls"": 1}"
20260918T142903Z_be5aa8ad,737,recovery,1789741769.8999922,1789741769.9216106,21.511,0,21.511,pass,,independent_snapshot,"{""prerequisite_acknowledged"": true, ""client_b_read_v1"": true, ""dependent_acknowledged"": true, ""visible_ids"": [""v1:737"", ""v2:737""], ""snapshot_polls"": 1}"
20260918T142903Z_be5aa8ad,738,recovery,1789741769.9216106,1789741769.9424531,20.768,0,20.768,pass,,independent_snapshot,"{""prerequisite_acknowledged"": true, ""client_b_read_v1"": true, ""dependent_acknowledged"": true, ""visible_ids"": [""v1:738"", ""v2:738""], ""snapshot_polls"": 1}"
20260918T142903Z_be5aa8ad,739,recovery,1789741769.9424531,1789741769.962975,20.288,0,20.288,pass,,independent_snapshot,"{""prerequisite_acknowledged"": true, ""client_b_read_v1"": true, ""dependent_acknowledged"": true, ""visible_ids"": [""v1:739"", ""v2:739""], ""snapshot_polls"": 1}"
20260918T142903Z_be5aa8ad,740,recovery,1789741769.962975,1789741769.985405,22.408,0,22.408,pass,,independent_snapshot,"{""prerequisite_acknowledged"": true, ""client_b_read_v1"": true, ""dependent_acknowledged"": true, ""visible_ids"": [""v1:740"", ""v2:740""], ""snapshot_polls"": 1}"
20260918T142903Z_be5aa8ad,741,recovery,1789741769.985405,1789741770.005792,20.06,0,20.06,pass,,independent_snapshot,"{""prerequisite_acknowledged"": true, ""client_b_read_v1"": true, ""dependent_acknowledged"": true, ""visible_ids"": [""v1:741"", ""v2:741""], ""snapshot_polls"": 1}"
20260918T142903Z_be5aa8ad,742,recovery,1789741770.005792,1789741770.0263004,20.355,0,20.355,pass,,independent_snapshot,"{""prerequisite_acknowledged"": true, ""client_b_read_v1"": true, ""dependent_acknowledged"": true, ""visible_ids"": [""v1:742"", ""v2:742""], ""snapshot_polls"": 1}"
20260918T142903Z_be5aa8ad,743,recovery,1789741770.0263004,1789741770.0477207,21.527,0,21.527,pass,,independent_snapshot,"{""prerequisite_acknowledged"": true, ""client_b_read_v1"": true, ""dependent_acknowledged"": true, ""visible_ids"": [""v1:743"", ""v2:743""], ""snapshot_polls"": 1}"
20260918T142903Z_be5aa8ad,744,recovery,1789741770.0477207,1789741770.0674238,20.122,0,20.122,pass,,independent_snapshot,"{""prerequisite_acknowledged"": true, ""client_b_read_v1"": true, ""dependent_acknowledged"": true, ""visible_ids"": [""v1:744"", ""v2:744""], ""snapshot_polls"": 1}"
20260918T142903Z_be5aa8ad,745,recovery,1789741770.0674238,1789741770.087528,19.647,0,19.647,pass,,independent_snapshot,"{""prerequisite_acknowledged"": true, ""client_b_read_v1"": true, ""dependent_acknowledged"": true, ""visible_ids"": [""v1:745"", ""v2:745""], ""snapshot_polls"": 1}"
20260918T142903Z_be5aa8ad,746,recovery,1789741770.0880342,1789741770.1087334,21.078,0,21.078,pass,,independent_snapshot,"{""prerequisite_acknowledged"": true, ""client_b_read_v1"": true, ""dependent_acknowledged"": true, ""visible_ids"": [""v1:746"", ""v2:746""], ""snapshot_polls"": 1}"
20260918T142903Z_be5aa8ad,747,recovery,1789741770.1087334,1789741770.130025,21.201,0,21.201,pass,,independent_snapshot,"{""prerequisite_acknowledged"": true, ""client_b_read_v1"": true, ""dependent_acknowledged"": true, ""visible_ids"": [""v1:747"", ""v2:747""], ""snapshot_polls"": 1}"
20260918T142903Z_be5aa8ad,748,recovery,1789741770.130025,1789741770.1509602,21.041,0,21.041,pass,,independent_snapshot,"{""prerequisite_acknowledged"": true, ""client_b_read_v1"": true, ""dependent_acknowledged"": true, ""visible_ids"": [""v1:748"", ""v2:748""], ""snapshot_polls"": 1}"
20260918T142903Z_be5aa8ad,749,recovery,1789741770.1516855,1789741770.1702733,18.975,0,18.975,pass,,independent_snapshot,"{""prerequisite_acknowledged"": true, ""client_b_read_v1"": true, ""dependent_acknowledged"": true, ""visible_ids"": [""v1:749"", ""v2:749""], ""snapshot_polls"": 1}"
20260918T142903Z_be5aa8ad,750,recovery,1789741770.1702733,1789741770.1903038,19.636,0,19.636,pass,,independent_snapshot,"{""prerequisite_acknowledged"": true, ""client_b_read_v1"": true, ""dependent_acknowledged"": true, ""visible_ids"": [""v1:750"", ""v2:750""], ""snapshot_polls"": 1}"
20260918T142903Z_be5aa8ad,751,recovery,1789741770.1903038,1789741770.210599,20.357,0,20.357,pass,,independent_snapshot,"{""prerequisite_acknowledged"": true, ""client_b_read_v1"": true, ""dependent_acknowledged"": true, ""visible_ids"": [""v1:751"", ""v2:751""], ""snapshot_polls"": 1}"
20260918T142903Z_be5aa8ad,752,recovery,1789741770.210599,1789741770.23019,19.178,0,19.178,pass,,independent_snapshot,"{""prerequisite_acknowledged"": true, ""client_b_read_v1"": true, ""dependent_acknowledged"": true, ""visible_ids"": [""v1:752"", ""v2:752""], ""snapshot_polls"": 1}"
20260918T142903Z_be5aa8ad,753,recovery,1789741770.23019,1789741770.2516384,21.333,0,21.333,pass,,independent_snapshot,"{""prerequisite_acknowledged"": true, ""client_b_read_v1"": true, ""dependent_acknowledged"": true, ""visible_ids"": [""v1:753"", ""v2:753""], ""snapshot_polls"": 1}"
20260918T142903Z_be5aa8ad,754,recovery,1789741770.2516384,1789741770.273822,22.225,0,22.225,pass,,independent_snapshot,"{""prerequisite_acknowledged"": true, ""client_b_read_v1"": true, ""dependent_acknowledged"": true, ""visible_ids"": [""v1:754"", ""v2:754""], ""snapshot_polls"": 1}"
20260918T142903Z_be5aa8ad,755,recovery,1789741770.273822,1789741770.2970548,23.232,0,23.232,pass,,independent_snapshot,"{""prerequisite_acknowledged"": true, ""client_b_read_v1"": true, ""dependent_acknowledged"": true, ""visible_ids"": [""v1:755"", ""v2:755""], ""snapshot_polls"": 1}"
20260918T142903Z_be5aa8ad,756,recovery,1789741770.2970548,1789741770.3193462,21.988,0,21.988,pass,,independent_snapshot,"{""prerequisite_acknowledged"": true, ""client_b_read_v1"": true, ""dependent_acknowledged"": true, ""visible_ids"": [""v1:756"", ""v2:756""], ""snapshot_polls"": 1}"
20260918T142903Z_be5aa8ad,757,recovery,1789741770.3193462,1789741770.3402834,20.919,0,20.919,pass,,independent_snapshot,"{""prerequisite_acknowledged"": true, ""client_b_read_v1"": true, ""dependent_acknowledged"": true, ""visible_ids"": [""v1:757"", ""v2:757""], ""snapshot_polls"": 1}"
20260918T142903Z_be5aa8ad,758,recovery,1789741770.3402834,1789741770.3614254,21.339,0,21.339,pass,,independent_snapshot,"{""prerequisite_acknowledged"": true, ""client_b_read_v1"": true, ""dependent_acknowledged"": true, ""visible_ids"": [""v1:758"", ""v2:758""], ""snapshot_polls"": 1}"
20260918T142903Z_be5aa8ad,759,recovery,1789741770.3620577,1789741770.3828876,20.828,0,20.828,pass,,independent_snapshot,"{""prerequisite_acknowledged"": true, ""client_b_read_v1"": true, ""dependent_acknowledged"": true, ""visible_ids"": [""v1:759"", ""v2:759""], ""snapshot_polls"": 1}"
20260918T142903Z_be5aa8ad,760,recovery,1789741770.3828876,1789741770.403293,20.442,0,20.442,pass,,independent_snapshot,"{""prerequisite_acknowledged"": true, ""client_b_read_v1"": true, ""dependent_acknowledged"": true, ""visible_ids"": [""v1:760"", ""v2:760""], ""snapshot_polls"": 1}"
20260918T142903Z_be5aa8ad,761,recovery,1789741770.403293,1789741770.4235456,20.125,0,20.125,pass,,independent_snapshot,"{""prerequisite_acknowledged"": true, ""client_b_read_v1"": true, ""dependent_acknowledged"": true, ""visible_ids"": [""v1:761"", ""v2:761""], ""snapshot_polls"": 1}"
20260918T142903Z_be5aa8ad,762,recovery,1789741770.4235456,1789741770.444164,20.601,0,20.601,pass,,independent_snapshot,"{""prerequisite_acknowledged"": true, ""client_b_read_v1"": true, ""dependent_acknowledged"": true, ""visible_ids"": [""v1:762"", ""v2:762""], ""snapshot_polls"": 1}"
20260918T142903Z_be5aa8ad,763,recovery,1789741770.444164,1789741770.4652596,21.104,0,21.104,pass,,independent_snapshot,"{""prerequisite_acknowledged"": true, ""client_b_read_v1"": true, ""dependent_acknowledged"": true, ""visible_ids"": [""v1:763"", ""v2:763""], ""snapshot_polls"": 1}"
20260918T142903Z_be5aa8ad,764,recovery,1789741770.4652596,1789741770.4873285,21.781,0,21.781,pass,,independent_snapshot,"{""prerequisite_acknowledged"": true, ""client_b_read_v1"": true, ""dependent_acknowledged"": true, ""visible_ids"": [""v1:764"", ""v2:764""], ""snapshot_polls"": 1}"
20260918T142903Z_be5aa8ad,765,recovery,1789741770.4873285,1789741770.5097907,22.437,0,22.437,pass,,independent_snapshot,"{""prerequisite_acknowledged"": true, ""client_b_read_v1"": true, ""dependent_acknowledged"": true, ""visible_ids"": [""v1:765"", ""v2:765""], ""snapshot_polls"": 1}"
20260918T142903Z_be5aa8ad,766,recovery,1789741770.5097907,1789741770.529888,19.845,0,19.845,pass,,independent_snapshot,"{""prerequisite_acknowledged"": true, ""client_b_read_v1"": true, ""dependent_acknowledged"": true, ""visible_ids"": [""v1:766"", ""v2:766""], ""snapshot_polls"": 1}"
20260918T142903Z_be5aa8ad,767,recovery,1789741770.529888,1789741770.5500615,20.502,0,20.502,pass,,independent_snapshot,"{""prerequisite_acknowledged"": true, ""client_b_read_v1"": true, ""dependent_acknowledged"": true, ""visible_ids"": [""v1:767"", ""v2:767""], ""snapshot_polls"": 1}"
20260918T142903Z_be5aa8ad,768,recovery,1789741770.5507405,1789741770.5699966,19.768,0,19.768,pass,,independent_snapshot,"{""prerequisite_acknowledged"": true, ""client_b_read_v1"": true, ""dependent_acknowledged"": true, ""visible_ids"": [""v1:768"", ""v2:768""], ""snapshot_polls"": 1}"
20260918T142903Z_be5aa8ad,769,recovery,1789741770.5706253,1789741770.5899453,19.662,0,19.662,pass,,independent_snapshot,"{""prerequisite_acknowledged"": true, ""client_b_read_v1"": true, ""dependent_acknowledged"": true, ""visible_ids"": [""v1:769"", ""v2:769""], ""snapshot_polls"": 1}"
20260918T142903Z_be5aa8ad,770,recovery,1789741770.5899453,1789741770.6098862,19.679,0,19.679,pass,,independent_snapshot,"{""prerequisite_acknowledged"": true, ""client_b_read_v1"": true, ""dependent_acknowledged"": true, ""visible_ids"": [""v1:770"", ""v2:770""], ""snapshot_polls"": 1}"
20260918T142903Z_be5aa8ad,771,recovery,1789741770.6098862,1789741770.6295028,19.513,0,19.513,pass,,independent_snapshot,"{""prerequisite_acknowledged"": true, ""client_b_read_v1"": true, ""dependent_acknowledged"": true, ""visible_ids"": [""v1:771"", ""v2:771""], ""snapshot_polls"": 1}"
20260918T142903Z_be5aa8ad,772,recovery,1789741770.6295028,1789741770.6478164,18.374,0,18.374,pass,,independent_snapshot,"{""prerequisite_acknowledged"": true, ""client_b_read_v1"": true, ""dependent_acknowledged"": true, ""visible_ids"": [""v1:772"", ""v2:772""], ""snapshot_polls"": 1}"
20260918T142903Z_be5aa8ad,773,recovery,1789741770.6478164,1789741770.6668787,18.645,0,18.645,pass,,independent_snapshot,"{""prerequisite_acknowledged"": true, ""client_b_read_v1"": true, ""dependent_acknowledged"": true, ""visible_ids"": [""v1:773"", ""v2:773""], ""snapshot_polls"": 1}"
20260918T142903Z_be5aa8ad,774,recovery,1789741770.6668787,1789741770.6850758,18.215,0,18.215,pass,,independent_snapshot,"{""prerequisite_acknowledged"": true, ""client_b_read_v1"": true, ""dependent_acknowledged"": true, ""visible_ids"": [""v1:774"", ""v2:774""], ""snapshot_polls"": 1}"
20260918T142903Z_be5aa8ad,775,recovery,1789741770.6850758,1789741770.705285,20.307,0,20.307,pass,,independent_snapshot,"{""prerequisite_acknowledged"": true, ""client_b_read_v1"": true, ""dependent_acknowledged"": true, ""visible_ids"": [""v1:775"", ""v2:775""], ""snapshot_polls"": 1}"
20260918T142903Z_be5aa8ad,776,recovery,1789741770.705285,1789741770.72778,22.198,0,22.198,pass,,independent_snapshot,"{""prerequisite_acknowledged"": true, ""client_b_read_v1"": true, ""dependent_acknowledged"": true, ""visible_ids"": [""v1:776"", ""v2:776""], ""snapshot_polls"": 1}"
20260918T142903Z_be5aa8ad,777,recovery,1789741770.72778,1789741770.7499106,22.054,0,22.054,pass,,independent_snapshot,"{""prerequisite_acknowledged"": true, ""client_b_read_v1"": true, ""dependent_acknowledged"": true, ""visible_ids"": [""v1:777"", ""v2:777""], ""snapshot_polls"": 1}"
20260918T142903Z_be5aa8ad,778,recovery,1789741770.7499106,1789741770.7731857,23.254,0,23.254,pass,,independent_snapshot,"{""prerequisite_acknowledged"": true, ""client_b_read_v1"": true, ""dependent_acknowledged"": true, ""visible_ids"": [""v1:778"", ""v2:778""], ""snapshot_polls"": 1}"
20260918T142903Z_be5aa8ad,779,recovery,1789741770.773752,1789741770.795438,22.111,0,22.111,pass,,independent_snapshot,"{""prerequisite_acknowledged"": true, ""client_b_read_v1"": true, ""dependent_acknowledged"": true, ""visible_ids"": [""v1:779"", ""v2:779""], ""snapshot_polls"": 1}"
20260918T142903Z_be5aa8ad,780,recovery,1789741770.795438,1789741770.818689,22.725,0,22.725,pass,,independent_snapshot,"{""prerequisite_acknowledged"": true, ""client_b_read_v1"": true, ""dependent_acknowledged"": true, ""visible_ids"": [""v1:780"", ""v2:780""], ""snapshot_polls"": 1}"
20260918T142903Z_be5aa8ad,781,recovery,1789741770.818689,1789741770.839936,21.353,0,21.353,pass,,independent_snapshot,"{""prerequisite_acknowledged"": true, ""client_b_read_v1"": true, ""dependent_acknowledged"": true, ""visible_ids"": [""v1:781"", ""v2:781""], ""snapshot_polls"": 1}"
20260918T142903Z_be5aa8ad,782,recovery,1789741770.839936,1789741770.8612037,21.078,0,21.078,pass,,independent_snapshot,"{""prerequisite_acknowledged"": true, ""client_b_read_v1"": true, ""dependent_acknowledged"": true, ""visible_ids"": [""v1:782"", ""v2:782""], ""snapshot_polls"": 1}"
20260918T142903Z_be5aa8ad,783,recovery,1789741770.8612037,1789741770.881873,20.442,0,20.442,pass,,independent_snapshot,"{""prerequisite_acknowledged"": true, ""client_b_read_v1"": true, ""dependent_acknowledged"": true, ""visible_ids"": [""v1:783"", ""v2:783""], ""snapshot_polls"": 1}"
20260918T142903Z_be5aa8ad,784,recovery,1789741770.881873,1789741770.9027412,20.935,0,20.935,pass,,independent_snapshot,"{""prerequisite_acknowledged"": true, ""client_b_read_v1"": true, ""dependent_acknowledged"": true, ""visible_ids"": [""v1:784"", ""v2:784""], ""snapshot_polls"": 1}"
20260918T142903Z_be5aa8ad,785,recovery,1789741770.9027412,1789741770.926418,23.455,0,23.455,pass,,independent_snapshot,"{""prerequisite_acknowledged"": true, ""client_b_read_v1"": true, ""dependent_acknowledged"": true, ""visible_ids"": [""v1:785"", ""v2:785""], ""snapshot_polls"": 1}"
20260918T142903Z_be5aa8ad,786,recovery,1789741770.926418,1789741770.9475865,20.919,0,20.919,pass,,independent_snapshot,"{""prerequisite_acknowledged"": true, ""client_b_read_v1"": true, ""dependent_acknowledged"": true, ""visible_ids"": [""v1:786"", ""v2:786""], ""snapshot_polls"": 1}"
20260918T142903Z_be5aa8ad,787,recovery,1789741770.9475865,1789741770.9690175,21.687,0,21.687,pass,,independent_snapshot,"{""prerequisite_acknowledged"": true, ""client_b_read_v1"": true, ""dependent_acknowledged"": true, ""visible_ids"": [""v1:787"", ""v2:787""], ""snapshot_polls"": 1}"
20260918T142903Z_be5aa8ad,788,recovery,1789741770.9690175,1789741770.9936788,24.611,0,24.611,pass,,independent_snapshot,"{""prerequisite_acknowledged"": true, ""client_b_read_v1"": true, ""dependent_acknowledged"": true, ""visible_ids"": [""v1:788"", ""v2:788""], ""snapshot_polls"": 1}"
20260918T142903Z_be5aa8ad,789,recovery,1789741770.9943075,1789741771.0172794,23.129,0,23.129,pass,,independent_snapshot,"{""prerequisite_acknowledged"": true, ""client_b_read_v1"": true, ""dependent_acknowledged"": true, ""visible_ids"": [""v1:789"", ""v2:789""], ""snapshot_polls"": 1}"
20260918T142903Z_be5aa8ad,790,recovery,1789741771.0172794,1789741771.0388558,21.895,0,21.895,pass,,independent_snapshot,"{""prerequisite_acknowledged"": true, ""client_b_read_v1"": true, ""dependent_acknowledged"": true, ""visible_ids"": [""v1:790"", ""v2:790""], ""snapshot_polls"": 1}"
20260918T142903Z_be5aa8ad,791,recovery,1789741771.039497,1789741771.0599322,20.713,0,20.713,pass,,independent_snapshot,"{""prerequisite_acknowledged"": true, ""client_b_read_v1"": true, ""dependent_acknowledged"": true, ""visible_ids"": [""v1:791"", ""v2:791""], ""snapshot_polls"": 1}"
20260918T142903Z_be5aa8ad,792,recovery,1789741771.0599322,1789741771.079988,19.686,0,19.686,pass,,independent_snapshot,"{""prerequisite_acknowledged"": true, ""client_b_read_v1"": true, ""dependent_acknowledged"": true, ""visible_ids"": [""v1:792"", ""v2:792""], ""snapshot_polls"": 1}"
20260918T142903Z_be5aa8ad,793,recovery,1789741771.079988,1789741771.0995114,19.902,0,19.902,pass,,independent_snapshot,"{""prerequisite_acknowledged"": true, ""client_b_read_v1"": true, ""dependent_acknowledged"": true, ""visible_ids"": [""v1:793"", ""v2:793""], ""snapshot_polls"": 1}"
20260918T142903Z_be5aa8ad,794,recovery,1789741771.1001503,1789741771.1190624,18.826,0,18.826,pass,,independent_snapshot,"{""prerequisite_acknowledged"": true, ""client_b_read_v1"": true, ""dependent_acknowledged"": true, ""visible_ids"": [""v1:794"", ""v2:794""], ""snapshot_polls"": 1}"
20260918T142903Z_be5aa8ad,795,recovery,1789741771.1190624,1789741771.137861,18.825,0,18.825,pass,,independent_snapshot,"{""prerequisite_acknowledged"": true, ""client_b_read_v1"": true, ""dependent_acknowledged"": true, ""visible_ids"": [""v1:795"", ""v2:795""], ""snapshot_polls"": 1}"
20260918T142903Z_be5aa8ad,796,recovery,1789741771.137861,1789741771.1573296,19.335,0,19.335,pass,,independent_snapshot,"{""prerequisite_acknowledged"": true, ""client_b_read_v1"": true, ""dependent_acknowledged"": true, ""visible_ids"": [""v1:796"", ""v2:796""], ""snapshot_polls"": 1}"
20260918T142903Z_be5aa8ad,797,recovery,1789741771.1573296,1789741771.1767259,19.206,0,19.206,pass,,independent_snapshot,"{""prerequisite_acknowledged"": true, ""client_b_read_v1"": true, ""dependent_acknowledged"": true, ""visible_ids"": [""v1:797"", ""v2:797""], ""snapshot_polls"": 1}"
20260918T142903Z_be5aa8ad,798,recovery,1789741771.1767259,1789741771.195457,18.711,0,18.711,pass,,independent_snapshot,"{""prerequisite_acknowledged"": true, ""client_b_read_v1"": true, ""dependent_acknowledged"": true, ""visible_ids"": [""v1:798"", ""v2:798""], ""snapshot_polls"": 1}"
20260918T142903Z_be5aa8ad,799,recovery,1789741771.195457,1789741771.2137623,18.298,0,18.298,pass,,independent_snapshot,"{""prerequisite_acknowledged"": true, ""client_b_read_v1"": true, ""dependent_acknowledged"": true, ""visible_ids"": [""v1:799"", ""v2:799""], ""snapshot_polls"": 1}"
20260918T142903Z_be5aa8ad,800,recovery,1789741771.2137623,1789741771.2329388,19.003,0,19.003,pass,,independent_snapshot,"{""prerequisite_acknowledged"": true, ""client_b_read_v1"": true, ""dependent_acknowledged"": true, ""visible_ids"": [""v1:800"", ""v2:800""], ""snapshot_polls"": 1}"
20260918T142903Z_be5aa8ad,801,recovery,1789741771.2372296,1789741771.2580223,20.305,0,20.305,pass,,independent_snapshot,"{""prerequisite_acknowledged"": true, ""client_b_read_v1"": true, ""dependent_acknowledged"": true, ""visible_ids"": [""v1:801"", ""v2:801""], ""snapshot_polls"": 1}"
20260918T142903Z_be5aa8ad,802,recovery,1789741771.2580223,1789741771.2782323,20.494,0,20.494,pass,,independent_snapshot,"{""prerequisite_acknowledged"": true, ""client_b_read_v1"": true, ""dependent_acknowledged"": true, ""visible_ids"": [""v1:802"", ""v2:802""], ""snapshot_polls"": 1}"
20260918T142903Z_be5aa8ad,803,recovery,1789741771.278834,1789741771.3005755,22.012,0,22.012,pass,,independent_snapshot,"{""prerequisite_acknowledged"": true, ""client_b_read_v1"": true, ""dependent_acknowledged"": true, ""visible_ids"": [""v1:803"", ""v2:803""], ""snapshot_polls"": 1}"
20260918T142903Z_be5aa8ad,804,recovery,1789741771.3005755,1789741771.322998,22.338,0,22.338,pass,,independent_snapshot,"{""prerequisite_acknowledged"": true, ""client_b_read_v1"": true, ""dependent_acknowledged"": true, ""visible_ids"": [""v1:804"", ""v2:804""], ""snapshot_polls"": 1}"
20260918T142903Z_be5aa8ad,805,recovery,1789741771.322998,1789741771.3711255,47.949,0,47.949,pass,,independent_snapshot,"{""prerequisite_acknowledged"": true, ""client_b_read_v1"": true, ""dependent_acknowledged"": true, ""visible_ids"": [""v1:805"", ""v2:805""], ""snapshot_polls"": 1}"
20260918T142903Z_be5aa8ad,806,recovery,1789741771.3711255,1789741771.3899345,18.791,0,18.791,pass,,independent_snapshot,"{""prerequisite_acknowledged"": true, ""client_b_read_v1"": true, ""dependent_acknowledged"": true, ""visible_ids"": [""v1:806"", ""v2:806""], ""snapshot_polls"": 1}"
20260918T142903Z_be5aa8ad,807,recovery,1789741771.3899345,1789741771.4091356,19.179,0,19.179,pass,,independent_snapshot,"{""prerequisite_acknowledged"": true, ""client_b_read_v1"": true, ""dependent_acknowledged"": true, ""visible_ids"": [""v1:807"", ""v2:807""], ""snapshot_polls"": 1}"
20260918T142903Z_be5aa8ad,808,recovery,1789741771.4091356,1789741771.4282556,18.721,0,18.721,pass,,independent_snapshot,"{""prerequisite_acknowledged"": true, ""client_b_read_v1"": true, ""dependent_acknowledged"": true, ""visible_ids"": [""v1:808"", ""v2:808""], ""snapshot_polls"": 1}"
20260918T142903Z_be5aa8ad,809,recovery,1789741771.4282556,1789741771.4474702,19.093,0,19.093,pass,,independent_snapshot,"{""prerequisite_acknowledged"": true, ""client_b_read_v1"": true, ""dependent_acknowledged"": true, ""visible_ids"": [""v1:809"", ""v2:809""], ""snapshot_polls"": 1}"
20260918T142903Z_be5aa8ad,810,recovery,1789741771.4474702,1789741771.4665332,18.936,0,18.936,pass,,independent_snapshot,"{""prerequisite_acknowledged"": true, ""client_b_read_v1"": true, ""dependent_acknowledged"": true, ""visible_ids"": [""v1:810"", ""v2:810""], ""snapshot_polls"": 1}"
20260918T142903Z_be5aa8ad,811,recovery,1789741771.4665332,1789741771.4861364,19.475,0,19.475,pass,,independent_snapshot,"{""prerequisite_acknowledged"": true, ""client_b_read_v1"": true, ""dependent_acknowledged"": true, ""visible_ids"": [""v1:811"", ""v2:811""], ""snapshot_polls"": 1}"
20260918T142903Z_be5aa8ad,812,recovery,1789741771.4861364,1789741771.5085855,22.242,0,22.242,pass,,independent_snapshot,"{""prerequisite_acknowledged"": true, ""client_b_read_v1"": true, ""dependent_acknowledged"": true, ""visible_ids"": [""v1:812"", ""v2:812""], ""snapshot_polls"": 1}"
20260918T142903Z_be5aa8ad,813,recovery,1789741771.5085855,1789741771.526986,18.516,0,18.516,pass,,independent_snapshot,"{""prerequisite_acknowledged"": true, ""client_b_read_v1"": true, ""dependent_acknowledged"": true, ""visible_ids"": [""v1:813"", ""v2:813""], ""snapshot_polls"": 1}"
20260918T142903Z_be5aa8ad,814,recovery,1789741771.526986,1789741771.546813,19.505,0,19.505,pass,,independent_snapshot,"{""prerequisite_acknowledged"": true, ""client_b_read_v1"": true, ""dependent_acknowledged"": true, ""visible_ids"": [""v1:814"", ""v2:814""], ""snapshot_polls"": 1}"
20260918T142903Z_be5aa8ad,815,recovery,1789741771.546813,1789741771.5660732,19.388,0,19.388,pass,,independent_snapshot,"{""prerequisite_acknowledged"": true, ""client_b_read_v1"": true, ""dependent_acknowledged"": true, ""visible_ids"": [""v1:815"", ""v2:815""], ""snapshot_polls"": 1}"
20260918T142903Z_be5aa8ad,816,recovery,1789741771.5660732,1789741771.5855558,19.341,0,19.341,pass,,independent_snapshot,"{""prerequisite_acknowledged"": true, ""client_b_read_v1"": true, ""dependent_acknowledged"": true, ""visible_ids"": [""v1:816"", ""v2:816""], ""snapshot_polls"": 1}"
20260918T142903Z_be5aa8ad,817,recovery,1789741771.5855558,1789741771.6044288,18.568,0,18.568,pass,,independent_snapshot,"{""prerequisite_acknowledged"": true, ""client_b_read_v1"": true, ""dependent_acknowledged"": true, ""visible_ids"": [""v1:817"", ""v2:817""], ""snapshot_polls"": 1}"
20260918T142903Z_be5aa8ad,818,recovery,1789741771.6044288,1789741771.6509743,47.27,0,47.27,pass,,independent_snapshot,"{""prerequisite_acknowledged"": true, ""client_b_read_v1"": true, ""dependent_acknowledged"": true, ""visible_ids"": [""v1:818"", ""v2:818""], ""snapshot_polls"": 1}"
20260918T142903Z_be5aa8ad,819,recovery,1789741771.6519847,1789741771.6773317,25.675,0,25.675,pass,,independent_snapshot,"{""prerequisite_acknowledged"": true, ""client_b_read_v1"": true, ""dependent_acknowledged"": true, ""visible_ids"": [""v1:819"", ""v2:819""], ""snapshot_polls"": 1}"
20260918T142903Z_be5aa8ad,820,recovery,1789741771.6773317,1789741771.7066948,29.308,0,29.308,pass,,independent_snapshot,"{""prerequisite_acknowledged"": true, ""client_b_read_v1"": true, ""dependent_acknowledged"": true, ""visible_ids"": [""v1:820"", ""v2:820""], ""snapshot_polls"": 1}"
20260918T142903Z_be5aa8ad,821,recovery,1789741771.7066948,1789741771.7357597,28.956,0,28.956,pass,,independent_snapshot,"{""prerequisite_acknowledged"": true, ""client_b_read_v1"": true, ""dependent_acknowledged"": true, ""visible_ids"": [""v1:821"", ""v2:821""], ""snapshot_polls"": 1}"
20260918T142903Z_be5aa8ad,822,recovery,1789741771.7357597,1789741771.7783666,42.519,0,42.519,pass,,independent_snapshot,"{""prerequisite_acknowledged"": true, ""client_b_read_v1"": true, ""dependent_acknowledged"": true, ""visible_ids"": [""v1:822"", ""v2:822""], ""snapshot_polls"": 1}"
20260918T142903Z_be5aa8ad,823,recovery,1789741771.7783666,1789741771.8313916,52.819,0,52.819,pass,,independent_snapshot,"{""prerequisite_acknowledged"": true, ""client_b_read_v1"": true, ""dependent_acknowledged"": true, ""visible_ids"": [""v1:823"", ""v2:823""], ""snapshot_polls"": 1}"
20260918T142903Z_be5aa8ad,824,recovery,1789741771.8313916,1789741771.8842716,52.906,0,52.906,pass,,independent_snapshot,"{""prerequisite_acknowledged"": true, ""client_b_read_v1"": true, ""dependent_acknowledged"": true, ""visible_ids"": [""v1:824"", ""v2:824""], ""snapshot_polls"": 1}"
20260918T142903Z_be5aa8ad,825,recovery,1789741771.884797,1789741771.9115765,26.9,0,26.9,pass,,independent_snapshot,"{""prerequisite_acknowledged"": true, ""client_b_read_v1"": true, ""dependent_acknowledged"": true, ""visible_ids"": [""v1:825"", ""v2:825""], ""snapshot_polls"": 1}"
20260918T142903Z_be5aa8ad,826,recovery,1789741771.9115765,1789741771.9343426,22.914,0,22.914,pass,,independent_snapshot,"{""prerequisite_acknowledged"": true, ""client_b_read_v1"": true, ""dependent_acknowledged"": true, ""visible_ids"": [""v1:826"", ""v2:826""], ""snapshot_polls"": 1}"
20260918T142903Z_be5aa8ad,827,recovery,1789741771.9343426,1789741771.958052,23.509,0,23.509,pass,,independent_snapshot,"{""prerequisite_acknowledged"": true, ""client_b_read_v1"": true, ""dependent_acknowledged"": true, ""visible_ids"": [""v1:827"", ""v2:827""], ""snapshot_polls"": 1}"
20260918T142903Z_be5aa8ad,828,recovery,1789741771.958052,1789741771.9829962,24.904,0,24.904,pass,,independent_snapshot,"{""prerequisite_acknowledged"": true, ""client_b_read_v1"": true, ""dependent_acknowledged"": true, ""visible_ids"": [""v1:828"", ""v2:828""], ""snapshot_polls"": 1}"
20260918T142903Z_be5aa8ad,829,recovery,1789741771.9829962,1789741772.0061362,23.318,0,23.318,pass,,independent_snapshot,"{""prerequisite_acknowledged"": true, ""client_b_read_v1"": true, ""dependent_acknowledged"": true, ""visible_ids"": [""v1:829"", ""v2:829""], ""snapshot_polls"": 1}"
20260918T142903Z_be5aa8ad,830,recovery,1789741772.0061362,1789741772.0260546,19.478,0,19.478,pass,,independent_snapshot,"{""prerequisite_acknowledged"": true, ""client_b_read_v1"": true, ""dependent_acknowledged"": true, ""visible_ids"": [""v1:830"", ""v2:830""], ""snapshot_polls"": 1}"
20260918T142903Z_be5aa8ad,831,recovery,1789741772.0260546,1789741772.050057,23.966,0,23.966,pass,,independent_snapshot,"{""prerequisite_acknowledged"": true, ""client_b_read_v1"": true, ""dependent_acknowledged"": true, ""visible_ids"": [""v1:831"", ""v2:831""], ""snapshot_polls"": 1}"
20260918T142903Z_be5aa8ad,832,recovery,1789741772.050057,1789741772.0733922,23.254,0,23.254,pass,,independent_snapshot,"{""prerequisite_acknowledged"": true, ""client_b_read_v1"": true, ""dependent_acknowledged"": true, ""visible_ids"": [""v1:832"", ""v2:832""], ""snapshot_polls"": 1}"
20260918T142903Z_be5aa8ad,833,recovery,1789741772.0733922,1789741772.0957532,21.903,0,21.903,pass,,independent_snapshot,"{""prerequisite_acknowledged"": true, ""client_b_read_v1"": true, ""dependent_acknowledged"": true, ""visible_ids"": [""v1:833"", ""v2:833""], ""snapshot_polls"": 1}"
20260918T142903Z_be5aa8ad,834,recovery,1789741772.0957532,1789741772.1162956,20.65,0,20.65,pass,,independent_snapshot,"{""prerequisite_acknowledged"": true, ""client_b_read_v1"": true, ""dependent_acknowledged"": true, ""visible_ids"": [""v1:834"", ""v2:834""], ""snapshot_polls"": 1}"
20260918T142903Z_be5aa8ad,835,recovery,1789741772.1162956,1789741772.1387165,22.361,0,22.361,pass,,independent_snapshot,"{""prerequisite_acknowledged"": true, ""client_b_read_v1"": true, ""dependent_acknowledged"": true, ""visible_ids"": [""v1:835"", ""v2:835""], ""snapshot_polls"": 1}"
20260918T142903Z_be5aa8ad,836,recovery,1789741772.1387165,1789741772.1617496,22.746,0,22.746,pass,,independent_snapshot,"{""prerequisite_acknowledged"": true, ""client_b_read_v1"": true, ""dependent_acknowledged"": true, ""visible_ids"": [""v1:836"", ""v2:836""], ""snapshot_polls"": 1}"
20260918T142903Z_be5aa8ad,837,recovery,1789741772.1617496,1789741772.1830378,21.325,0,21.325,pass,,independent_snapshot,"{""prerequisite_acknowledged"": true, ""client_b_read_v1"": true, ""dependent_acknowledged"": true, ""visible_ids"": [""v1:837"", ""v2:837""], ""snapshot_polls"": 1}"
20260918T142903Z_be5aa8ad,838,recovery,1789741772.1830378,1789741772.2051575,22.142,0,22.142,pass,,independent_snapshot,"{""prerequisite_acknowledged"": true, ""client_b_read_v1"": true, ""dependent_acknowledged"": true, ""visible_ids"": [""v1:838"", ""v2:838""], ""snapshot_polls"": 1}"
20260918T142903Z_be5aa8ad,839,recovery,1789741772.205772,1789741772.226748,21.134,0,21.134,pass,,independent_snapshot,"{""prerequisite_acknowledged"": true, ""client_b_read_v1"": true, ""dependent_acknowledged"": true, ""visible_ids"": [""v1:839"", ""v2:839""], ""snapshot_polls"": 1}"
20260918T142903Z_be5aa8ad,840,recovery,1789741772.226748,1789741772.2474444,20.583,0,20.583,pass,,independent_snapshot,"{""prerequisite_acknowledged"": true, ""client_b_read_v1"": true, ""dependent_acknowledged"": true, ""visible_ids"": [""v1:840"", ""v2:840""], ""snapshot_polls"": 1}"
20260918T142903Z_be5aa8ad,841,recovery,1789741772.2474444,1789741772.2696323,22.141,0,22.141,pass,,independent_snapshot,"{""prerequisite_acknowledged"": true, ""client_b_read_v1"": true, ""dependent_acknowledged"": true, ""visible_ids"": [""v1:841"", ""v2:841""], ""snapshot_polls"": 1}"
20260918T142903Z_be5aa8ad,842,recovery,1789741772.2696323,1789741772.2926052,22.832,0,22.832,pass,,independent_snapshot,"{""prerequisite_acknowledged"": true, ""client_b_read_v1"": true, ""dependent_acknowledged"": true, ""visible_ids"": [""v1:842"", ""v2:842""], ""snapshot_polls"": 1}"
20260918T142903Z_be5aa8ad,843,recovery,1789741772.2926052,1789741772.3147988,21.843,0,21.843,pass,,independent_snapshot,"{""prerequisite_acknowledged"": true, ""client_b_read_v1"": true, ""dependent_acknowledged"": true, ""visible_ids"": [""v1:843"", ""v2:843""], ""snapshot_polls"": 1}"
20260918T142903Z_be5aa8ad,844,recovery,1789741772.3147988,1789741772.336575,22.092,0,22.092,pass,,independent_snapshot,"{""prerequisite_acknowledged"": true, ""client_b_read_v1"": true, ""dependent_acknowledged"": true, ""visible_ids"": [""v1:844"", ""v2:844""], ""snapshot_polls"": 1}"
20260918T142903Z_be5aa8ad,845,recovery,1789741772.3371243,1789741772.358646,21.616,0,21.616,pass,,independent_snapshot,"{""prerequisite_acknowledged"": true, ""client_b_read_v1"": true, ""dependent_acknowledged"": true, ""visible_ids"": [""v1:845"", ""v2:845""], ""snapshot_polls"": 1}"
20260918T142903Z_be5aa8ad,846,recovery,1789741772.358646,1789741772.3792052,20.707,0,20.707,pass,,independent_snapshot,"{""prerequisite_acknowledged"": true, ""client_b_read_v1"": true, ""dependent_acknowledged"": true, ""visible_ids"": [""v1:846"", ""v2:846""], ""snapshot_polls"": 1}"
20260918T142903Z_be5aa8ad,847,recovery,1789741772.3792052,1789741772.4010117,21.749,0,21.749,pass,,independent_snapshot,"{""prerequisite_acknowledged"": true, ""client_b_read_v1"": true, ""dependent_acknowledged"": true, ""visible_ids"": [""v1:847"", ""v2:847""], ""snapshot_polls"": 1}"
20260918T142903Z_be5aa8ad,848,recovery,1789741772.4010117,1789741772.4213352,19.829,0,19.829,pass,,independent_snapshot,"{""prerequisite_acknowledged"": true, ""client_b_read_v1"": true, ""dependent_acknowledged"": true, ""visible_ids"": [""v1:848"", ""v2:848""], ""snapshot_polls"": 1}"
20260918T142903Z_be5aa8ad,849,recovery,1789741772.4213352,1789741772.4409049,19.881,0,19.881,pass,,independent_snapshot,"{""prerequisite_acknowledged"": true, ""client_b_read_v1"": true, ""dependent_acknowledged"": true, ""visible_ids"": [""v1:849"", ""v2:849""], ""snapshot_polls"": 1}"
20260918T142903Z_be5aa8ad,850,recovery,1789741772.4414947,1789741772.4614875,20.316,0,20.316,pass,,independent_snapshot,"{""prerequisite_acknowledged"": true, ""client_b_read_v1"": true, ""dependent_acknowledged"": true, ""visible_ids"": [""v1:850"", ""v2:850""], ""snapshot_polls"": 1}"
20260918T142903Z_be5aa8ad,851,recovery,1789741772.4614875,1789741772.48288,21.323,0,21.323,pass,,independent_snapshot,"{""prerequisite_acknowledged"": true, ""client_b_read_v1"": true, ""dependent_acknowledged"": true, ""visible_ids"": [""v1:851"", ""v2:851""], ""snapshot_polls"": 1}"
20260918T142903Z_be5aa8ad,852,recovery,1789741772.48288,1789741772.502456,19.421,0,19.421,pass,,independent_snapshot,"{""prerequisite_acknowledged"": true, ""client_b_read_v1"": true, ""dependent_acknowledged"": true, ""visible_ids"": [""v1:852"", ""v2:852""], ""snapshot_polls"": 1}"
20260918T142903Z_be5aa8ad,853,recovery,1789741772.502456,1789741772.5220745,19.512,0,19.512,pass,,independent_snapshot,"{""prerequisite_acknowledged"": true, ""client_b_read_v1"": true, ""dependent_acknowledged"": true, ""visible_ids"": [""v1:853"", ""v2:853""], ""snapshot_polls"": 1}"
20260918T142903Z_be5aa8ad,854,recovery,1789741772.5220745,1789741772.5428421,20.576,0,20.576,pass,,independent_snapshot,"{""prerequisite_acknowledged"": true, ""client_b_read_v1"": true, ""dependent_acknowledged"": true, ""visible_ids"": [""v1:854"", ""v2:854""], ""snapshot_polls"": 1}"
20260918T142903Z_be5aa8ad,855,recovery,1789741772.5428421,1789741772.5657687,22.991,0,22.991,pass,,independent_snapshot,"{""prerequisite_acknowledged"": true, ""client_b_read_v1"": true, ""dependent_acknowledged"": true, ""visible_ids"": [""v1:855"", ""v2:855""], ""snapshot_polls"": 1}"
20260918T142903Z_be5aa8ad,856,recovery,1789741772.5657687,1789741772.5867534,20.856,0,20.856,pass,,independent_snapshot,"{""prerequisite_acknowledged"": true, ""client_b_read_v1"": true, ""dependent_acknowledged"": true, ""visible_ids"": [""v1:856"", ""v2:856""], ""snapshot_polls"": 1}"
20260918T142903Z_be5aa8ad,857,recovery,1789741772.5867534,1789741772.6079009,21.037,0,21.037,pass,,independent_snapshot,"{""prerequisite_acknowledged"": true, ""client_b_read_v1"": true, ""dependent_acknowledged"": true, ""visible_ids"": [""v1:857"", ""v2:857""], ""snapshot_polls"": 1}"
20260918T142903Z_be5aa8ad,858,recovery,1789741772.6079009,1789741772.6295557,21.266,0,21.266,pass,,independent_snapshot,"{""prerequisite_acknowledged"": true, ""client_b_read_v1"": true, ""dependent_acknowledged"": true, ""visible_ids"": [""v1:858"", ""v2:858""], ""snapshot_polls"": 1}"
20260918T142903Z_be5aa8ad,859,recovery,1789741772.6295557,1789741772.650635,21.312,0,21.312,pass,,independent_snapshot,"{""prerequisite_acknowledged"": true, ""client_b_read_v1"": true, ""dependent_acknowledged"": true, ""visible_ids"": [""v1:859"", ""v2:859""], ""snapshot_polls"": 1}"
20260918T142903Z_be5aa8ad,860,recovery,1789741772.650635,1789741772.6729398,21.776,0,21.776,pass,,independent_snapshot,"{""prerequisite_acknowledged"": true, ""client_b_read_v1"": true, ""dependent_acknowledged"": true, ""visible_ids"": [""v1:860"", ""v2:860""], ""snapshot_polls"": 1}"
20260918T142903Z_be5aa8ad,861,recovery,1789741772.6729398,1789741772.6919112,19.03,0,19.03,pass,,independent_snapshot,"{""prerequisite_acknowledged"": true, ""client_b_read_v1"": true, ""dependent_acknowledged"": true, ""visible_ids"": [""v1:861"", ""v2:861""], ""snapshot_polls"": 1}"
20260918T142903Z_be5aa8ad,862,recovery,1789741772.6919112,1789741772.7127876,20.815,0,20.815,pass,,independent_snapshot,"{""prerequisite_acknowledged"": true, ""client_b_read_v1"": true, ""dependent_acknowledged"": true, ""visible_ids"": [""v1:862"", ""v2:862""], ""snapshot_polls"": 1}"
20260918T142903Z_be5aa8ad,863,recovery,1789741772.7127876,1789741772.7325718,19.958,0,19.958,pass,,independent_snapshot,"{""prerequisite_acknowledged"": true, ""client_b_read_v1"": true, ""dependent_acknowledged"": true, ""visible_ids"": [""v1:863"", ""v2:863""], ""snapshot_polls"": 1}"
20260918T142903Z_be5aa8ad,864,recovery,1789741772.7325718,1789741772.7543209,21.179,0,21.179,pass,,independent_snapshot,"{""prerequisite_acknowledged"": true, ""client_b_read_v1"": true, ""dependent_acknowledged"": true, ""visible_ids"": [""v1:864"", ""v2:864""], ""snapshot_polls"": 1}"
20260918T142903Z_be5aa8ad,865,recovery,1789741772.7543209,1789741772.7772014,23.049,0,23.049,pass,,independent_snapshot,"{""prerequisite_acknowledged"": true, ""client_b_read_v1"": true, ""dependent_acknowledged"": true, ""visible_ids"": [""v1:865"", ""v2:865""], ""snapshot_polls"": 1}"
20260918T142903Z_be5aa8ad,866,recovery,1789741772.7772014,1789741772.7964647,19.23,0,19.23,pass,,independent_snapshot,"{""prerequisite_acknowledged"": true, ""client_b_read_v1"": true, ""dependent_acknowledged"": true, ""visible_ids"": [""v1:866"", ""v2:866""], ""snapshot_polls"": 1}"
20260918T142903Z_be5aa8ad,867,recovery,1789741772.7964647,1789741772.8234622,27.479,0,27.479,pass,,independent_snapshot,"{""prerequisite_acknowledged"": true, ""client_b_read_v1"": true, ""dependent_acknowledged"": true, ""visible_ids"": [""v1:867"", ""v2:867""], ""snapshot_polls"": 1}"
20260918T142903Z_be5aa8ad,868,recovery,1789741772.8244724,1789741772.870153,45.92,0,45.92,pass,,independent_snapshot,"{""prerequisite_acknowledged"": true, ""client_b_read_v1"": true, ""dependent_acknowledged"": true, ""visible_ids"": [""v1:868"", ""v2:868""], ""snapshot_polls"": 1}"
20260918T142903Z_be5aa8ad,869,recovery,1789741772.870153,1789741772.9028897,32.481,0,32.481,pass,,independent_snapshot,"{""prerequisite_acknowledged"": true, ""client_b_read_v1"": true, ""dependent_acknowledged"": true, ""visible_ids"": [""v1:869"", ""v2:869""], ""snapshot_polls"": 1}"
20260918T142903Z_be5aa8ad,870,recovery,1789741772.9028897,1789741772.9322984,29.62,0,29.62,pass,,independent_snapshot,"{""prerequisite_acknowledged"": true, ""client_b_read_v1"": true, ""dependent_acknowledged"": true, ""visible_ids"": [""v1:870"", ""v2:870""], ""snapshot_polls"": 1}"
20260918T142903Z_be5aa8ad,871,recovery,1789741772.9329648,1789741772.9548507,21.916,0,21.916,pass,,independent_snapshot,"{""prerequisite_acknowledged"": true, ""client_b_read_v1"": true, ""dependent_acknowledged"": true, ""visible_ids"": [""v1:871"", ""v2:871""], ""snapshot_polls"": 1}"
20260918T142903Z_be5aa8ad,872,recovery,1789741772.9548507,1789741772.9768853,22.205,0,22.205,pass,,independent_snapshot,"{""prerequisite_acknowledged"": true, ""client_b_read_v1"": true, ""dependent_acknowledged"": true, ""visible_ids"": [""v1:872"", ""v2:872""], ""snapshot_polls"": 1}"
20260918T142903Z_be5aa8ad,873,recovery,1789741772.9768853,1789741772.9980865,20.748,0,20.748,pass,,independent_snapshot,"{""prerequisite_acknowledged"": true, ""client_b_read_v1"": true, ""dependent_acknowledged"": true, ""visible_ids"": [""v1:873"", ""v2:873""], ""snapshot_polls"": 1}"
20260918T142903Z_be5aa8ad,874,recovery,1789741772.9980865,1789741773.0195081,21.645,0,21.645,pass,,independent_snapshot,"{""prerequisite_acknowledged"": true, ""client_b_read_v1"": true, ""dependent_acknowledged"": true, ""visible_ids"": [""v1:874"", ""v2:874""], ""snapshot_polls"": 1}"
20260918T142903Z_be5aa8ad,875,recovery,1789741773.0195081,1789741773.042429,22.839,0,22.839,pass,,independent_snapshot,"{""prerequisite_acknowledged"": true, ""client_b_read_v1"": true, ""dependent_acknowledged"": true, ""visible_ids"": [""v1:875"", ""v2:875""], ""snapshot_polls"": 1}"
20260918T142903Z_be5aa8ad,876,recovery,1789741773.042429,1789741773.0671403,24.576,0,24.576,pass,,independent_snapshot,"{""prerequisite_acknowledged"": true, ""client_b_read_v1"": true, ""dependent_acknowledged"": true, ""visible_ids"": [""v1:876"", ""v2:876""], ""snapshot_polls"": 1}"
20260918T142903Z_be5aa8ad,877,recovery,1789741773.0671403,1789741773.0889425,21.337,0,21.337,pass,,independent_snapshot,"{""prerequisite_acknowledged"": true, ""client_b_read_v1"": true, ""dependent_acknowledged"": true, ""visible_ids"": [""v1:877"", ""v2:877""], ""snapshot_polls"": 1}"
20260918T142903Z_be5aa8ad,878,recovery,1789741773.0889425,1789741773.1112819,22.589,0,22.589,pass,,independent_snapshot,"{""prerequisite_acknowledged"": true, ""client_b_read_v1"": true, ""dependent_acknowledged"": true, ""visible_ids"": [""v1:878"", ""v2:878""], ""snapshot_polls"": 1}"
20260918T142903Z_be5aa8ad,879,recovery,1789741773.1112819,1789741773.133945,22.554,0,22.554,pass,,independent_snapshot,"{""prerequisite_acknowledged"": true, ""client_b_read_v1"": true, ""dependent_acknowledged"": true, ""visible_ids"": [""v1:879"", ""v2:879""], ""snapshot_polls"": 1}"
20260918T142903Z_be5aa8ad,880,recovery,1789741773.133945,1789741773.1559494,21.621,0,21.621,pass,,independent_snapshot,"{""prerequisite_acknowledged"": true, ""client_b_read_v1"": true, ""dependent_acknowledged"": true, ""visible_ids"": [""v1:880"", ""v2:880""], ""snapshot_polls"": 1}"
20260918T142903Z_be5aa8ad,881,recovery,1789741773.1559494,1789741773.1783488,22.693,0,22.693,pass,,independent_snapshot,"{""prerequisite_acknowledged"": true, ""client_b_read_v1"": true, ""dependent_acknowledged"": true, ""visible_ids"": [""v1:881"", ""v2:881""], ""snapshot_polls"": 1}"
20260918T142903Z_be5aa8ad,882,recovery,1789741773.1783488,1789741773.2015119,22.698,0,22.698,pass,,independent_snapshot,"{""prerequisite_acknowledged"": true, ""client_b_read_v1"": true, ""dependent_acknowledged"": true, ""visible_ids"": [""v1:882"", ""v2:882""], ""snapshot_polls"": 1}"
20260918T142903Z_be5aa8ad,883,recovery,1789741773.2015119,1789741773.2239988,22.483,0,22.483,pass,,independent_snapshot,"{""prerequisite_acknowledged"": true, ""client_b_read_v1"": true, ""dependent_acknowledged"": true, ""visible_ids"": [""v1:883"", ""v2:883""], ""snapshot_polls"": 1}"
20260918T142903Z_be5aa8ad,884,recovery,1789741773.2239988,1789741773.2447126,21.12,0,21.12,pass,,independent_snapshot,"{""prerequisite_acknowledged"": true, ""client_b_read_v1"": true, ""dependent_acknowledged"": true, ""visible_ids"": [""v1:884"", ""v2:884""], ""snapshot_polls"": 1}"
20260918T142903Z_be5aa8ad,885,recovery,1789741773.2457225,1789741773.271595,26.341,0,26.341,pass,,independent_snapshot,"{""prerequisite_acknowledged"": true, ""client_b_read_v1"": true, ""dependent_acknowledged"": true, ""visible_ids"": [""v1:885"", ""v2:885""], ""snapshot_polls"": 1}"
20260918T142903Z_be5aa8ad,886,recovery,1789741773.2721848,1789741773.2942216,22.167,0,22.167,pass,,independent_snapshot,"{""prerequisite_acknowledged"": true, ""client_b_read_v1"": true, ""dependent_acknowledged"": true, ""visible_ids"": [""v1:886"", ""v2:886""], ""snapshot_polls"": 1}"
20260918T142903Z_be5aa8ad,887,recovery,1789741773.2942216,1789741773.3167603,22.678,0,22.678,pass,,independent_snapshot,"{""prerequisite_acknowledged"": true, ""client_b_read_v1"": true, ""dependent_acknowledged"": true, ""visible_ids"": [""v1:887"", ""v2:887""], ""snapshot_polls"": 1}"
20260918T142903Z_be5aa8ad,888,recovery,1789741773.3167603,1789741773.3416283,24.768,0,24.768,pass,,independent_snapshot,"{""prerequisite_acknowledged"": true, ""client_b_read_v1"": true, ""dependent_acknowledged"": true, ""visible_ids"": [""v1:888"", ""v2:888""], ""snapshot_polls"": 1}"
20260918T142903Z_be5aa8ad,889,recovery,1789741773.3416283,1789741773.3658555,24.24,0,24.24,pass,,independent_snapshot,"{""prerequisite_acknowledged"": true, ""client_b_read_v1"": true, ""dependent_acknowledged"": true, ""visible_ids"": [""v1:889"", ""v2:889""], ""snapshot_polls"": 1}"
20260918T142903Z_be5aa8ad,890,recovery,1789741773.3658555,1789741773.3896222,23.493,0,23.493,pass,,independent_snapshot,"{""prerequisite_acknowledged"": true, ""client_b_read_v1"": true, ""dependent_acknowledged"": true, ""visible_ids"": [""v1:890"", ""v2:890""], ""snapshot_polls"": 1}"
20260918T142903Z_be5aa8ad,891,recovery,1789741773.390214,1789741773.409603,19.558,0,19.558,pass,,independent_snapshot,"{""prerequisite_acknowledged"": true, ""client_b_read_v1"": true, ""dependent_acknowledged"": true, ""visible_ids"": [""v1:891"", ""v2:891""], ""snapshot_polls"": 1}"
20260918T142903Z_be5aa8ad,892,recovery,1789741773.409603,1789741773.455637,45.73,0,45.73,pass,,independent_snapshot,"{""prerequisite_acknowledged"": true, ""client_b_read_v1"": true, ""dependent_acknowledged"": true, ""visible_ids"": [""v1:892"", ""v2:892""], ""snapshot_polls"": 1}"
20260918T142903Z_be5aa8ad,893,recovery,1789741773.455637,1789741773.4780812,22.47,0,22.47,pass,,independent_snapshot,"{""prerequisite_acknowledged"": true, ""client_b_read_v1"": true, ""dependent_acknowledged"": true, ""visible_ids"": [""v1:893"", ""v2:893""], ""snapshot_polls"": 1}"
20260918T142903Z_be5aa8ad,894,recovery,1789741773.4780812,1789741773.5010135,23.307,0,23.307,pass,,independent_snapshot,"{""prerequisite_acknowledged"": true, ""client_b_read_v1"": true, ""dependent_acknowledged"": true, ""visible_ids"": [""v1:894"", ""v2:894""], ""snapshot_polls"": 1}"
20260918T142903Z_be5aa8ad,895,recovery,1789741773.5010135,1789741773.52581,24.032,0,24.032,pass,,independent_snapshot,"{""prerequisite_acknowledged"": true, ""client_b_read_v1"": true, ""dependent_acknowledged"": true, ""visible_ids"": [""v1:895"", ""v2:895""], ""snapshot_polls"": 1}"
20260918T142903Z_be5aa8ad,896,recovery,1789741773.52581,1789741773.5494773,23.944,0,23.944,pass,,independent_snapshot,"{""prerequisite_acknowledged"": true, ""client_b_read_v1"": true, ""dependent_acknowledged"": true, ""visible_ids"": [""v1:896"", ""v2:896""], ""snapshot_polls"": 1}"
20260918T142903Z_be5aa8ad,897,recovery,1789741773.5494773,1789741773.5740623,24.321,0,24.321,pass,,independent_snapshot,"{""prerequisite_acknowledged"": true, ""client_b_read_v1"": true, ""dependent_acknowledged"": true, ""visible_ids"": [""v1:897"", ""v2:897""], ""snapshot_polls"": 1}"
20260918T142903Z_be5aa8ad,898,recovery,1789741773.5740623,1789741773.598264,23.98,0,23.98,pass,,independent_snapshot,"{""prerequisite_acknowledged"": true, ""client_b_read_v1"": true, ""dependent_acknowledged"": true, ""visible_ids"": [""v1:898"", ""v2:898""], ""snapshot_polls"": 1}"
20260918T142903Z_be5aa8ad,899,recovery,1789741773.598264,1789741773.623348,25.026,0,25.026,pass,,independent_snapshot,"{""prerequisite_acknowledged"": true, ""client_b_read_v1"": true, ""dependent_acknowledged"": true, ""visible_ids"": [""v1:899"", ""v2:899""], ""snapshot_polls"": 1}"
20260918T142903Z_be5aa8ad,900,recovery,1789741773.623348,1789741773.6461012,22.805,0,22.805,pass,,independent_snapshot,"{""prerequisite_acknowledged"": true, ""client_b_read_v1"": true, ""dependent_acknowledged"": true, ""visible_ids"": [""v1:900"", ""v2:900""], ""snapshot_polls"": 1}"
20260918T142903Z_be5aa8ad,901,recovery,1789741773.6521246,1789741773.6756442,23.471,0,23.471,pass,,independent_snapshot,"{""prerequisite_acknowledged"": true, ""client_b_read_v1"": true, ""dependent_acknowledged"": true, ""visible_ids"": [""v1:901"", ""v2:901""], ""snapshot_polls"": 1}"
20260918T142903Z_be5aa8ad,902,recovery,1789741773.6756442,1789741773.6975737,21.994,0,21.994,pass,,independent_snapshot,"{""prerequisite_acknowledged"": true, ""client_b_read_v1"": true, ""dependent_acknowledged"": true, ""visible_ids"": [""v1:902"", ""v2:902""], ""snapshot_polls"": 1}"
20260918T142903Z_be5aa8ad,903,recovery,1789741773.6975737,1789741773.7223566,24.492,0,24.492,pass,,independent_snapshot,"{""prerequisite_acknowledged"": true, ""client_b_read_v1"": true, ""dependent_acknowledged"": true, ""visible_ids"": [""v1:903"", ""v2:903""], ""snapshot_polls"": 1}"
20260918T142903Z_be5aa8ad,904,recovery,1789741773.7223566,1789741773.7464569,24.018,0,24.018,pass,,independent_snapshot,"{""prerequisite_acknowledged"": true, ""client_b_read_v1"": true, ""dependent_acknowledged"": true, ""visible_ids"": [""v1:904"", ""v2:904""], ""snapshot_polls"": 1}"
20260918T142903Z_be5aa8ad,905,recovery,1789741773.7464569,1789741773.7697103,23.297,0,23.297,pass,,independent_snapshot,"{""prerequisite_acknowledged"": true, ""client_b_read_v1"": true, ""dependent_acknowledged"": true, ""visible_ids"": [""v1:905"", ""v2:905""], ""snapshot_polls"": 1}"
20260918T142903Z_be5aa8ad,906,recovery,1789741773.770285,1789741773.7934654,23.582,0,23.582,pass,,independent_snapshot,"{""prerequisite_acknowledged"": true, ""client_b_read_v1"": true, ""dependent_acknowledged"": true, ""visible_ids"": [""v1:906"", ""v2:906""], ""snapshot_polls"": 1}"
20260918T142903Z_be5aa8ad,907,recovery,1789741773.7940521,1789741773.8157592,21.991,0,21.991,pass,,independent_snapshot,"{""prerequisite_acknowledged"": true, ""client_b_read_v1"": true, ""dependent_acknowledged"": true, ""visible_ids"": [""v1:907"", ""v2:907""], ""snapshot_polls"": 1}"
20260918T142903Z_be5aa8ad,908,recovery,1789741773.8157592,1789741773.8390703,23.344,0,23.344,pass,,independent_snapshot,"{""prerequisite_acknowledged"": true, ""client_b_read_v1"": true, ""dependent_acknowledged"": true, ""visible_ids"": [""v1:908"", ""v2:908""], ""snapshot_polls"": 1}"
20260918T142903Z_be5aa8ad,909,recovery,1789741773.8390703,1789741773.8600125,20.666,0,20.666,pass,,independent_snapshot,"{""prerequisite_acknowledged"": true, ""client_b_read_v1"": true, ""dependent_acknowledged"": true, ""visible_ids"": [""v1:909"", ""v2:909""], ""snapshot_polls"": 1}"
20260918T142903Z_be5aa8ad,910,recovery,1789741773.8600125,1789741773.8794363,19.45,0,19.45,pass,,independent_snapshot,"{""prerequisite_acknowledged"": true, ""client_b_read_v1"": true, ""dependent_acknowledged"": true, ""visible_ids"": [""v1:910"", ""v2:910""], ""snapshot_polls"": 1}"
20260918T142903Z_be5aa8ad,911,recovery,1789741773.8794363,1789741773.898874,19.233,0,19.233,pass,,independent_snapshot,"{""prerequisite_acknowledged"": true, ""client_b_read_v1"": true, ""dependent_acknowledged"": true, ""visible_ids"": [""v1:911"", ""v2:911""], ""snapshot_polls"": 1}"
20260918T142903Z_be5aa8ad,912,recovery,1789741773.898874,1789741773.918711,19.661,0,19.661,pass,,independent_snapshot,"{""prerequisite_acknowledged"": true, ""client_b_read_v1"": true, ""dependent_acknowledged"": true, ""visible_ids"": [""v1:912"", ""v2:912""], ""snapshot_polls"": 1}"
20260918T142903Z_be5aa8ad,913,recovery,1789741773.918711,1789741773.9399805,20.893,0,20.893,pass,,independent_snapshot,"{""prerequisite_acknowledged"": true, ""client_b_read_v1"": true, ""dependent_acknowledged"": true, ""visible_ids"": [""v1:913"", ""v2:913""], ""snapshot_polls"": 1}"
20260918T142903Z_be5aa8ad,914,recovery,1789741773.9399805,1789741773.961857,21.78,0,21.78,pass,,independent_snapshot,"{""prerequisite_acknowledged"": true, ""client_b_read_v1"": true, ""dependent_acknowledged"": true, ""visible_ids"": [""v1:914"", ""v2:914""], ""snapshot_polls"": 1}"
20260918T142903Z_be5aa8ad,915,recovery,1789741773.961857,1789741773.9826527,20.82,0,20.82,pass,,independent_snapshot,"{""prerequisite_acknowledged"": true, ""client_b_read_v1"": true, ""dependent_acknowledged"": true, ""visible_ids"": [""v1:915"", ""v2:915""], ""snapshot_polls"": 1}"
20260918T142903Z_be5aa8ad,916,recovery,1789741773.9826527,1789741774.002185,19.772,0,19.772,pass,,independent_snapshot,"{""prerequisite_acknowledged"": true, ""client_b_read_v1"": true, ""dependent_acknowledged"": true, ""visible_ids"": [""v1:916"", ""v2:916""], ""snapshot_polls"": 1}"
20260918T142903Z_be5aa8ad,917,recovery,1789741774.0027938,1789741774.0246003,21.501,0,21.501,pass,,independent_snapshot,"{""prerequisite_acknowledged"": true, ""client_b_read_v1"": true, ""dependent_acknowledged"": true, ""visible_ids"": [""v1:917"", ""v2:917""], ""snapshot_polls"": 1}"
20260918T142903Z_be5aa8ad,918,recovery,1789741774.0246003,1789741774.0444264,19.913,0,19.913,pass,,independent_snapshot,"{""prerequisite_acknowledged"": true, ""client_b_read_v1"": true, ""dependent_acknowledged"": true, ""visible_ids"": [""v1:918"", ""v2:918""], ""snapshot_polls"": 1}"
20260918T142903Z_be5aa8ad,919,recovery,1789741774.0444264,1789741774.0658662,21.275,0,21.275,pass,,independent_snapshot,"{""prerequisite_acknowledged"": true, ""client_b_read_v1"": true, ""dependent_acknowledged"": true, ""visible_ids"": [""v1:919"", ""v2:919""], ""snapshot_polls"": 1}"
20260918T142903Z_be5aa8ad,920,recovery,1789741774.0658662,1789741774.085895,20.09,0,20.09,pass,,independent_snapshot,"{""prerequisite_acknowledged"": true, ""client_b_read_v1"": true, ""dependent_acknowledged"": true, ""visible_ids"": [""v1:920"", ""v2:920""], ""snapshot_polls"": 1}"
20260918T142903Z_be5aa8ad,921,recovery,1789741774.085895,1789741774.108122,21.922,0,21.922,pass,,independent_snapshot,"{""prerequisite_acknowledged"": true, ""client_b_read_v1"": true, ""dependent_acknowledged"": true, ""visible_ids"": [""v1:921"", ""v2:921""], ""snapshot_polls"": 1}"
20260918T142903Z_be5aa8ad,922,recovery,1789741774.108122,1789741774.128778,20.442,0,20.442,pass,,independent_snapshot,"{""prerequisite_acknowledged"": true, ""client_b_read_v1"": true, ""dependent_acknowledged"": true, ""visible_ids"": [""v1:922"", ""v2:922""], ""snapshot_polls"": 1}"
20260918T142903Z_be5aa8ad,923,recovery,1789741774.128778,1789741774.1495051,20.87,0,20.87,pass,,independent_snapshot,"{""prerequisite_acknowledged"": true, ""client_b_read_v1"": true, ""dependent_acknowledged"": true, ""visible_ids"": [""v1:923"", ""v2:923""], ""snapshot_polls"": 1}"
20260918T142903Z_be5aa8ad,924,recovery,1789741774.1495051,1789741774.1709685,21.552,0,21.552,pass,,independent_snapshot,"{""prerequisite_acknowledged"": true, ""client_b_read_v1"": true, ""dependent_acknowledged"": true, ""visible_ids"": [""v1:924"", ""v2:924""], ""snapshot_polls"": 1}"
20260918T142903Z_be5aa8ad,925,recovery,1789741774.1709685,1789741774.1905606,19.001,0,19.001,pass,,independent_snapshot,"{""prerequisite_acknowledged"": true, ""client_b_read_v1"": true, ""dependent_acknowledged"": true, ""visible_ids"": [""v1:925"", ""v2:925""], ""snapshot_polls"": 1}"
20260918T142903Z_be5aa8ad,926,recovery,1789741774.1905606,1789741774.2098205,19.387,0,19.387,pass,,independent_snapshot,"{""prerequisite_acknowledged"": true, ""client_b_read_v1"": true, ""dependent_acknowledged"": true, ""visible_ids"": [""v1:926"", ""v2:926""], ""snapshot_polls"": 1}"
20260918T142903Z_be5aa8ad,927,recovery,1789741774.2098205,1789741774.2289512,19.363,0,19.363,pass,,independent_snapshot,"{""prerequisite_acknowledged"": true, ""client_b_read_v1"": true, ""dependent_acknowledged"": true, ""visible_ids"": [""v1:927"", ""v2:927""], ""snapshot_polls"": 1}"
20260918T142903Z_be5aa8ad,928,recovery,1789741774.229568,1789741774.249265,19.921,0,19.921,pass,,independent_snapshot,"{""prerequisite_acknowledged"": true, ""client_b_read_v1"": true, ""dependent_acknowledged"": true, ""visible_ids"": [""v1:928"", ""v2:928""], ""snapshot_polls"": 1}"
20260918T142903Z_be5aa8ad,929,recovery,1789741774.249265,1789741774.2690947,19.607,0,19.607,pass,,independent_snapshot,"{""prerequisite_acknowledged"": true, ""client_b_read_v1"": true, ""dependent_acknowledged"": true, ""visible_ids"": [""v1:929"", ""v2:929""], ""snapshot_polls"": 1}"
20260918T142903Z_be5aa8ad,930,recovery,1789741774.2690947,1789741774.2879148,18.653,0,18.653,pass,,independent_snapshot,"{""prerequisite_acknowledged"": true, ""client_b_read_v1"": true, ""dependent_acknowledged"": true, ""visible_ids"": [""v1:930"", ""v2:930""], ""snapshot_polls"": 1}"
20260918T142903Z_be5aa8ad,931,recovery,1789741774.2879148,1789741774.306827,18.607,0,18.607,pass,,independent_snapshot,"{""prerequisite_acknowledged"": true, ""client_b_read_v1"": true, ""dependent_acknowledged"": true, ""visible_ids"": [""v1:931"", ""v2:931""], ""snapshot_polls"": 1}"
20260918T142903Z_be5aa8ad,932,recovery,1789741774.306827,1789741774.3263624,19.606,0,19.606,pass,,independent_snapshot,"{""prerequisite_acknowledged"": true, ""client_b_read_v1"": true, ""dependent_acknowledged"": true, ""visible_ids"": [""v1:932"", ""v2:932""], ""snapshot_polls"": 1}"
20260918T142903Z_be5aa8ad,933,recovery,1789741774.3263624,1789741774.34919,22.55,0,22.55,pass,,independent_snapshot,"{""prerequisite_acknowledged"": true, ""client_b_read_v1"": true, ""dependent_acknowledged"": true, ""visible_ids"": [""v1:933"", ""v2:933""], ""snapshot_polls"": 1}"
20260918T142903Z_be5aa8ad,934,recovery,1789741774.34919,1789741774.369071,20.088,0,20.088,pass,,independent_snapshot,"{""prerequisite_acknowledged"": true, ""client_b_read_v1"": true, ""dependent_acknowledged"": true, ""visible_ids"": [""v1:934"", ""v2:934""], ""snapshot_polls"": 1}"
20260918T142903Z_be5aa8ad,935,recovery,1789741774.369071,1789741774.3894486,19.92,0,19.92,pass,,independent_snapshot,"{""prerequisite_acknowledged"": true, ""client_b_read_v1"": true, ""dependent_acknowledged"": true, ""visible_ids"": [""v1:935"", ""v2:935""], ""snapshot_polls"": 1}"
20260918T142903Z_be5aa8ad,936,recovery,1789741774.3894486,1789741774.4100792,20.799,0,20.799,pass,,independent_snapshot,"{""prerequisite_acknowledged"": true, ""client_b_read_v1"": true, ""dependent_acknowledged"": true, ""visible_ids"": [""v1:936"", ""v2:936""], ""snapshot_polls"": 1}"
20260918T142903Z_be5aa8ad,937,recovery,1789741774.4100792,1789741774.4307165,20.18,0,20.18,pass,,independent_snapshot,"{""prerequisite_acknowledged"": true, ""client_b_read_v1"": true, ""dependent_acknowledged"": true, ""visible_ids"": [""v1:937"", ""v2:937""], ""snapshot_polls"": 1}"
20260918T142903Z_be5aa8ad,938,recovery,1789741774.4307165,1789741774.4501421,19.645,0,19.645,pass,,independent_snapshot,"{""prerequisite_acknowledged"": true, ""client_b_read_v1"": true, ""dependent_acknowledged"": true, ""visible_ids"": [""v1:938"", ""v2:938""], ""snapshot_polls"": 1}"
20260918T142903Z_be5aa8ad,939,recovery,1789741774.4501421,1789741774.4704335,20.191,0,20.191,pass,,independent_snapshot,"{""prerequisite_acknowledged"": true, ""client_b_read_v1"": true, ""dependent_acknowledged"": true, ""visible_ids"": [""v1:939"", ""v2:939""], ""snapshot_polls"": 1}"
20260918T142903Z_be5aa8ad,940,recovery,1789741774.4704335,1789741774.4944346,24.046,0,24.046,pass,,independent_snapshot,"{""prerequisite_acknowledged"": true, ""client_b_read_v1"": true, ""dependent_acknowledged"": true, ""visible_ids"": [""v1:940"", ""v2:940""], ""snapshot_polls"": 1}"
20260918T142903Z_be5aa8ad,941,recovery,1789741774.4950786,1789741774.516003,21.088,0,21.088,pass,,independent_snapshot,"{""prerequisite_acknowledged"": true, ""client_b_read_v1"": true, ""dependent_acknowledged"": true, ""visible_ids"": [""v1:941"", ""v2:941""], ""snapshot_polls"": 1}"
20260918T142903Z_be5aa8ad,942,recovery,1789741774.516003,1789741774.538225,22.287,0,22.287,pass,,independent_snapshot,"{""prerequisite_acknowledged"": true, ""client_b_read_v1"": true, ""dependent_acknowledged"": true, ""visible_ids"": [""v1:942"", ""v2:942""], ""snapshot_polls"": 1}"
20260918T142903Z_be5aa8ad,943,recovery,1789741774.538225,1789741774.5603664,21.878,0,21.878,pass,,independent_snapshot,"{""prerequisite_acknowledged"": true, ""client_b_read_v1"": true, ""dependent_acknowledged"": true, ""visible_ids"": [""v1:943"", ""v2:943""], ""snapshot_polls"": 1}"
20260918T142903Z_be5aa8ad,944,recovery,1789741774.5603664,1789741774.5804212,19.749,0,19.749,pass,,independent_snapshot,"{""prerequisite_acknowledged"": true, ""client_b_read_v1"": true, ""dependent_acknowledged"": true, ""visible_ids"": [""v1:944"", ""v2:944""], ""snapshot_polls"": 1}"
20260918T142903Z_be5aa8ad,945,recovery,1789741774.5804212,1789741774.5994654,19.392,0,19.392,pass,,independent_snapshot,"{""prerequisite_acknowledged"": true, ""client_b_read_v1"": true, ""dependent_acknowledged"": true, ""visible_ids"": [""v1:945"", ""v2:945""], ""snapshot_polls"": 1}"
20260918T142903Z_be5aa8ad,946,recovery,1789741774.6000922,1789741774.6211681,21.062,0,21.062,pass,,independent_snapshot,"{""prerequisite_acknowledged"": true, ""client_b_read_v1"": true, ""dependent_acknowledged"": true, ""visible_ids"": [""v1:946"", ""v2:946""], ""snapshot_polls"": 1}"
20260918T142903Z_be5aa8ad,947,recovery,1789741774.6211681,1789741774.6410525,20.314,0,20.314,pass,,independent_snapshot,"{""prerequisite_acknowledged"": true, ""client_b_read_v1"": true, ""dependent_acknowledged"": true, ""visible_ids"": [""v1:947"", ""v2:947""], ""snapshot_polls"": 1}"
20260918T142903Z_be5aa8ad,948,recovery,1789741774.6416736,1789741774.664628,22.908,0,22.908,pass,,independent_snapshot,"{""prerequisite_acknowledged"": true, ""client_b_read_v1"": true, ""dependent_acknowledged"": true, ""visible_ids"": [""v1:948"", ""v2:948""], ""snapshot_polls"": 1}"
20260918T142903Z_be5aa8ad,949,recovery,1789741774.664628,1789741774.6857142,22.152,0,22.152,pass,,independent_snapshot,"{""prerequisite_acknowledged"": true, ""client_b_read_v1"": true, ""dependent_acknowledged"": true, ""visible_ids"": [""v1:949"", ""v2:949""], ""snapshot_polls"": 1}"
20260918T142903Z_be5aa8ad,950,recovery,1789741774.687003,1789741774.7096736,22.715,0,22.715,pass,,independent_snapshot,"{""prerequisite_acknowledged"": true, ""client_b_read_v1"": true, ""dependent_acknowledged"": true, ""visible_ids"": [""v1:950"", ""v2:950""], ""snapshot_polls"": 1}"
20260918T142903Z_be5aa8ad,951,recovery,1789741774.7096736,1789741774.7324114,22.966,0,22.966,pass,,independent_snapshot,"{""prerequisite_acknowledged"": true, ""client_b_read_v1"": true, ""dependent_acknowledged"": true, ""visible_ids"": [""v1:951"", ""v2:951""], ""snapshot_polls"": 1}"
20260918T142903Z_be5aa8ad,952,recovery,1789741774.7324114,1789741774.7527454,20.29,0,20.29,pass,,independent_snapshot,"{""prerequisite_acknowledged"": true, ""client_b_read_v1"": true, ""dependent_acknowledged"": true, ""visible_ids"": [""v1:952"", ""v2:952""], ""snapshot_polls"": 1}"
20260918T142903Z_be5aa8ad,953,recovery,1789741774.753348,1789741774.7744205,21.523,0,21.523,pass,,independent_snapshot,"{""prerequisite_acknowledged"": true, ""client_b_read_v1"": true, ""dependent_acknowledged"": true, ""visible_ids"": [""v1:953"", ""v2:953""], ""snapshot_polls"": 1}"
20260918T142903Z_be5aa8ad,954,recovery,1789741774.7744205,1789741774.79469,20.319,0,20.319,pass,,independent_snapshot,"{""prerequisite_acknowledged"": true, ""client_b_read_v1"": true, ""dependent_acknowledged"": true, ""visible_ids"": [""v1:954"", ""v2:954""], ""snapshot_polls"": 1}"
20260918T142903Z_be5aa8ad,955,recovery,1789741774.7953837,1789741774.8162715,21.168,0,21.168,pass,,independent_snapshot,"{""prerequisite_acknowledged"": true, ""client_b_read_v1"": true, ""dependent_acknowledged"": true, ""visible_ids"": [""v1:955"", ""v2:955""], ""snapshot_polls"": 1}"
20260918T142903Z_be5aa8ad,956,recovery,1789741774.8162715,1789741774.8386822,22.399,0,22.399,pass,,independent_snapshot,"{""prerequisite_acknowledged"": true, ""client_b_read_v1"": true, ""dependent_acknowledged"": true, ""visible_ids"": [""v1:956"", ""v2:956""], ""snapshot_polls"": 1}"
20260918T142903Z_be5aa8ad,957,recovery,1789741774.8386822,1789741774.8583276,19.694,0,19.694,pass,,independent_snapshot,"{""prerequisite_acknowledged"": true, ""client_b_read_v1"": true, ""dependent_acknowledged"": true, ""visible_ids"": [""v1:957"", ""v2:957""], ""snapshot_polls"": 1}"
20260918T142903Z_be5aa8ad,958,recovery,1789741774.8589458,1789741774.87943,20.996,0,20.996,pass,,independent_snapshot,"{""prerequisite_acknowledged"": true, ""client_b_read_v1"": true, ""dependent_acknowledged"": true, ""visible_ids"": [""v1:958"", ""v2:958""], ""snapshot_polls"": 1}"
20260918T142903Z_be5aa8ad,959,recovery,1789741774.880041,1789741774.8986332,19.144,0,19.144,pass,,independent_snapshot,"{""prerequisite_acknowledged"": true, ""client_b_read_v1"": true, ""dependent_acknowledged"": true, ""visible_ids"": [""v1:959"", ""v2:959""], ""snapshot_polls"": 1}"
20260918T142903Z_be5aa8ad,960,recovery,1789741774.8992832,1789741774.9188106,19.625,0,19.625,pass,,independent_snapshot,"{""prerequisite_acknowledged"": true, ""client_b_read_v1"": true, ""dependent_acknowledged"": true, ""visible_ids"": [""v1:960"", ""v2:960""], ""snapshot_polls"": 1}"
20260918T142903Z_be5aa8ad,961,recovery,1789741774.9188106,1789741774.936942,18.321,0,18.321,pass,,independent_snapshot,"{""prerequisite_acknowledged"": true, ""client_b_read_v1"": true, ""dependent_acknowledged"": true, ""visible_ids"": [""v1:961"", ""v2:961""], ""snapshot_polls"": 1}"
20260918T142903Z_be5aa8ad,962,recovery,1789741774.9376128,1789741774.956448,18.816,0,18.816,pass,,independent_snapshot,"{""prerequisite_acknowledged"": true, ""client_b_read_v1"": true, ""dependent_acknowledged"": true, ""visible_ids"": [""v1:962"", ""v2:962""], ""snapshot_polls"": 1}"
20260918T142903Z_be5aa8ad,963,recovery,1789741774.956448,1789741774.977818,21.327,0,21.327,pass,,independent_snapshot,"{""prerequisite_acknowledged"": true, ""client_b_read_v1"": true, ""dependent_acknowledged"": true, ""visible_ids"": [""v1:963"", ""v2:963""], ""snapshot_polls"": 1}"
20260918T142903Z_be5aa8ad,964,recovery,1789741774.977818,1789741775.0011816,23.388,0,23.388,pass,,independent_snapshot,"{""prerequisite_acknowledged"": true, ""client_b_read_v1"": true, ""dependent_acknowledged"": true, ""visible_ids"": [""v1:964"", ""v2:964""], ""snapshot_polls"": 1}"
20260918T142903Z_be5aa8ad,965,recovery,1789741775.0011816,1789741775.024778,23.364,0,23.364,pass,,independent_snapshot,"{""prerequisite_acknowledged"": true, ""client_b_read_v1"": true, ""dependent_acknowledged"": true, ""visible_ids"": [""v1:965"", ""v2:965""], ""snapshot_polls"": 1}"
20260918T142903Z_be5aa8ad,966,recovery,1789741775.024778,1789741775.0440955,19.272,0,19.272,pass,,independent_snapshot,"{""prerequisite_acknowledged"": true, ""client_b_read_v1"": true, ""dependent_acknowledged"": true, ""visible_ids"": [""v1:966"", ""v2:966""], ""snapshot_polls"": 1}"
20260918T142903Z_be5aa8ad,967,recovery,1789741775.0440955,1789741775.064098,19.858,0,19.858,pass,,independent_snapshot,"{""prerequisite_acknowledged"": true, ""client_b_read_v1"": true, ""dependent_acknowledged"": true, ""visible_ids"": [""v1:967"", ""v2:967""], ""snapshot_polls"": 1}"
20260918T142903Z_be5aa8ad,968,recovery,1789741775.064098,1789741775.0833638,18.986,0,18.986,pass,,independent_snapshot,"{""prerequisite_acknowledged"": true, ""client_b_read_v1"": true, ""dependent_acknowledged"": true, ""visible_ids"": [""v1:968"", ""v2:968""], ""snapshot_polls"": 1}"
20260918T142903Z_be5aa8ad,969,recovery,1789741775.0833638,1789741775.1013446,17.858,0,17.858,pass,,independent_snapshot,"{""prerequisite_acknowledged"": true, ""client_b_read_v1"": true, ""dependent_acknowledged"": true, ""visible_ids"": [""v1:969"", ""v2:969""], ""snapshot_polls"": 1}"
20260918T142903Z_be5aa8ad,970,recovery,1789741775.1013446,1789741775.1212196,20.277,0,20.277,pass,,independent_snapshot,"{""prerequisite_acknowledged"": true, ""client_b_read_v1"": true, ""dependent_acknowledged"": true, ""visible_ids"": [""v1:970"", ""v2:970""], ""snapshot_polls"": 1}"
20260918T142903Z_be5aa8ad,971,recovery,1789741775.1218345,1789741775.1446104,22.795,0,22.795,pass,,independent_snapshot,"{""prerequisite_acknowledged"": true, ""client_b_read_v1"": true, ""dependent_acknowledged"": true, ""visible_ids"": [""v1:971"", ""v2:971""], ""snapshot_polls"": 1}"
20260918T142903Z_be5aa8ad,972,recovery,1789741775.1446104,1789741775.166786,22.547,0,22.547,pass,,independent_snapshot,"{""prerequisite_acknowledged"": true, ""client_b_read_v1"": true, ""dependent_acknowledged"": true, ""visible_ids"": [""v1:972"", ""v2:972""], ""snapshot_polls"": 1}"
20260918T142903Z_be5aa8ad,973,recovery,1789741775.1674304,1789741775.1879559,20.963,0,20.963,pass,,independent_snapshot,"{""prerequisite_acknowledged"": true, ""client_b_read_v1"": true, ""dependent_acknowledged"": true, ""visible_ids"": [""v1:973"", ""v2:973""], ""snapshot_polls"": 1}"
20260918T142903Z_be5aa8ad,974,recovery,1789741775.188584,1789741775.2085474,19.86,0,19.86,pass,,independent_snapshot,"{""prerequisite_acknowledged"": true, ""client_b_read_v1"": true, ""dependent_acknowledged"": true, ""visible_ids"": [""v1:974"", ""v2:974""], ""snapshot_polls"": 1}"
20260918T142903Z_be5aa8ad,975,recovery,1789741775.2085474,1789741775.230891,22.285,0,22.285,pass,,independent_snapshot,"{""prerequisite_acknowledged"": true, ""client_b_read_v1"": true, ""dependent_acknowledged"": true, ""visible_ids"": [""v1:975"", ""v2:975""], ""snapshot_polls"": 1}"
20260918T142903Z_be5aa8ad,976,recovery,1789741775.230891,1789741775.2512932,20.807,0,20.807,pass,,independent_snapshot,"{""prerequisite_acknowledged"": true, ""client_b_read_v1"": true, ""dependent_acknowledged"": true, ""visible_ids"": [""v1:976"", ""v2:976""], ""snapshot_polls"": 1}"
20260918T142903Z_be5aa8ad,977,recovery,1789741775.2519424,1789741775.2726789,21.17,0,21.17,pass,,independent_snapshot,"{""prerequisite_acknowledged"": true, ""client_b_read_v1"": true, ""dependent_acknowledged"": true, ""visible_ids"": [""v1:977"", ""v2:977""], ""snapshot_polls"": 1}"
20260918T142903Z_be5aa8ad,978,recovery,1789741775.2733285,1789741775.2935553,20.284,0,20.284,pass,,independent_snapshot,"{""prerequisite_acknowledged"": true, ""client_b_read_v1"": true, ""dependent_acknowledged"": true, ""visible_ids"": [""v1:978"", ""v2:978""], ""snapshot_polls"": 1}"
20260918T142903Z_be5aa8ad,979,recovery,1789741775.2935553,1789741775.3145587,21.051,0,21.051,pass,,independent_snapshot,"{""prerequisite_acknowledged"": true, ""client_b_read_v1"": true, ""dependent_acknowledged"": true, ""visible_ids"": [""v1:979"", ""v2:979""], ""snapshot_polls"": 1}"
20260918T142903Z_be5aa8ad,980,recovery,1789741775.3145587,1789741775.3336165,19.261,0,19.261,pass,,independent_snapshot,"{""prerequisite_acknowledged"": true, ""client_b_read_v1"": true, ""dependent_acknowledged"": true, ""visible_ids"": [""v1:980"", ""v2:980""], ""snapshot_polls"": 1}"
20260918T142903Z_be5aa8ad,981,recovery,1789741775.3342276,1789741775.3540456,19.935,0,19.935,pass,,independent_snapshot,"{""prerequisite_acknowledged"": true, ""client_b_read_v1"": true, ""dependent_acknowledged"": true, ""visible_ids"": [""v1:981"", ""v2:981""], ""snapshot_polls"": 1}"
20260918T142903Z_be5aa8ad,982,recovery,1789741775.3540456,1789741775.3730805,18.899,0,18.899,pass,,independent_snapshot,"{""prerequisite_acknowledged"": true, ""client_b_read_v1"": true, ""dependent_acknowledged"": true, ""visible_ids"": [""v1:982"", ""v2:982""], ""snapshot_polls"": 1}"
20260918T142903Z_be5aa8ad,983,recovery,1789741775.3730805,1789741775.3931396,20.284,0,20.284,pass,,independent_snapshot,"{""prerequisite_acknowledged"": true, ""client_b_read_v1"": true, ""dependent_acknowledged"": true, ""visible_ids"": [""v1:983"", ""v2:983""], ""snapshot_polls"": 1}"
20260918T142903Z_be5aa8ad,984,recovery,1789741775.3937652,1789741775.4131076,19.385,0,19.385,pass,,independent_snapshot,"{""prerequisite_acknowledged"": true, ""client_b_read_v1"": true, ""dependent_acknowledged"": true, ""visible_ids"": [""v1:984"", ""v2:984""], ""snapshot_polls"": 1}"
20260918T142903Z_be5aa8ad,985,recovery,1789741775.4131076,1789741775.43244,19.392,0,19.392,pass,,independent_snapshot,"{""prerequisite_acknowledged"": true, ""client_b_read_v1"": true, ""dependent_acknowledged"": true, ""visible_ids"": [""v1:985"", ""v2:985""], ""snapshot_polls"": 1}"
20260918T142903Z_be5aa8ad,986,recovery,1789741775.43244,1789741775.4511077,18.377,0,18.377,pass,,independent_snapshot,"{""prerequisite_acknowledged"": true, ""client_b_read_v1"": true, ""dependent_acknowledged"": true, ""visible_ids"": [""v1:986"", ""v2:986""], ""snapshot_polls"": 1}"
20260918T142903Z_be5aa8ad,987,recovery,1789741775.4511077,1789741775.469802,18.484,0,18.484,pass,,independent_snapshot,"{""prerequisite_acknowledged"": true, ""client_b_read_v1"": true, ""dependent_acknowledged"": true, ""visible_ids"": [""v1:987"", ""v2:987""], ""snapshot_polls"": 1}"
20260918T142903Z_be5aa8ad,988,recovery,1789741775.469802,1789741775.4903378,20.869,0,20.869,pass,,independent_snapshot,"{""prerequisite_acknowledged"": true, ""client_b_read_v1"": true, ""dependent_acknowledged"": true, ""visible_ids"": [""v1:988"", ""v2:988""], ""snapshot_polls"": 1}"
20260918T142903Z_be5aa8ad,989,recovery,1789741775.4909143,1789741775.5091333,18.729,0,18.729,pass,,independent_snapshot,"{""prerequisite_acknowledged"": true, ""client_b_read_v1"": true, ""dependent_acknowledged"": true, ""visible_ids"": [""v1:989"", ""v2:989""], ""snapshot_polls"": 1}"
20260918T142903Z_be5aa8ad,990,recovery,1789741775.5097961,1789741775.5285335,18.904,0,18.904,pass,,independent_snapshot,"{""prerequisite_acknowledged"": true, ""client_b_read_v1"": true, ""dependent_acknowledged"": true, ""visible_ids"": [""v1:990"", ""v2:990""], ""snapshot_polls"": 1}"
20260918T142903Z_be5aa8ad,991,recovery,1789741775.5285335,1789741775.5502057,21.513,0,21.513,pass,,independent_snapshot,"{""prerequisite_acknowledged"": true, ""client_b_read_v1"": true, ""dependent_acknowledged"": true, ""visible_ids"": [""v1:991"", ""v2:991""], ""snapshot_polls"": 1}"
20260918T142903Z_be5aa8ad,992,recovery,1789741775.5502057,1789741775.5712433,20.745,0,20.745,pass,,independent_snapshot,"{""prerequisite_acknowledged"": true, ""client_b_read_v1"": true, ""dependent_acknowledged"": true, ""visible_ids"": [""v1:992"", ""v2:992""], ""snapshot_polls"": 1}"
20260918T142903Z_be5aa8ad,993,recovery,1789741775.5712433,1789741775.5913897,20.536,0,20.536,pass,,independent_snapshot,"{""prerequisite_acknowledged"": true, ""client_b_read_v1"": true, ""dependent_acknowledged"": true, ""visible_ids"": [""v1:993"", ""v2:993""], ""snapshot_polls"": 1}"
20260918T142903Z_be5aa8ad,994,recovery,1789741775.5913897,1789741775.609878,18.411,0,18.411,pass,,independent_snapshot,"{""prerequisite_acknowledged"": true, ""client_b_read_v1"": true, ""dependent_acknowledged"": true, ""visible_ids"": [""v1:994"", ""v2:994""], ""snapshot_polls"": 1}"
20260918T142903Z_be5aa8ad,995,recovery,1789741775.6105108,1789741775.629802,19.446,0,19.446,pass,,independent_snapshot,"{""prerequisite_acknowledged"": true, ""client_b_read_v1"": true, ""dependent_acknowledged"": true, ""visible_ids"": [""v1:995"", ""v2:995""], ""snapshot_polls"": 1}"
20260918T142903Z_be5aa8ad,996,recovery,1789741775.629802,1789741775.6488292,19.229,0,19.229,pass,,independent_snapshot,"{""prerequisite_acknowledged"": true, ""client_b_read_v1"": true, ""dependent_acknowledged"": true, ""visible_ids"": [""v1:996"", ""v2:996""], ""snapshot_polls"": 1}"
20260918T142903Z_be5aa8ad,997,recovery,1789741775.6494439,1789741775.6697595,20.511,0,20.511,pass,,independent_snapshot,"{""prerequisite_acknowledged"": true, ""client_b_read_v1"": true, ""dependent_acknowledged"": true, ""visible_ids"": [""v1:997"", ""v2:997""], ""snapshot_polls"": 1}"
20260918T142903Z_be5aa8ad,998,recovery,1789741775.6697595,1789741775.68944,19.361,0,19.361,pass,,independent_snapshot,"{""prerequisite_acknowledged"": true, ""client_b_read_v1"": true, ""dependent_acknowledged"": true, ""visible_ids"": [""v1:998"", ""v2:998""], ""snapshot_polls"": 1}"
20260918T142903Z_be5aa8ad,999,recovery,1789741775.68944,1789741775.7110348,21.71,0,21.71,pass,,independent_snapshot,"{""prerequisite_acknowledged"": true, ""client_b_read_v1"": true, ""dependent_acknowledged"": true, ""visible_ids"": [""v1:999"", ""v2:999""], ""snapshot_polls"": 1}"
20260918T142903Z_be5aa8ad,1000,recovery,1789741775.7110348,1789741775.7310774,19.753,0,19.753,pass,,independent_snapshot,"{""prerequisite_acknowledged"": true, ""client_b_read_v1"": true, ""dependent_acknowledged"": true, ""visible_ids"": [""v1:1000"", ""v2:1000""], ""snapshot_polls"": 1}"
