timestamp,iteration,client_id,operation,target,phase,written_version,observed_version,max_seen_before,read_concern,write_concern,causal_session,scenario,scenario_event,target_node,event_time,latency_ms,success,violation,error
1789631791.2393208,1,client_mr,READ_PRIMARY,primary,normal,1,1,-1,local,1,False,partition,,,,1.93,True,False,
1789631791.2431924,1,client_mr,READ_SECONDARY,localhost:27018,normal,1,1,1,local,1,False,partition,,,,3.86,True,False,
1789631791.2456381,2,client_mr,READ_PRIMARY,primary,normal,2,2,1,local,1,False,partition,,,,1.2,True,False,
1789631791.2480433,2,client_mr,READ_SECONDARY,localhost:27019,normal,2,2,2,local,1,False,partition,,,,2.39,True,False,
1789631791.2494686,3,client_mr,READ_PRIMARY,primary,normal,3,3,2,local,1,False,partition,,,,0.65,True,False,
1789631791.2503896,3,client_mr,READ_SECONDARY,localhost:27018,normal,3,2,3,local,1,False,partition,,,,0.91,True,True,
1789631791.2514489,4,client_mr,READ_PRIMARY,primary,normal,4,4,3,local,1,False,partition,,,,0.43,True,False,
1789631791.2521276,4,client_mr,READ_SECONDARY,localhost:27019,normal,4,4,4,local,1,False,partition,,,,0.67,True,False,
1789631791.2532272,5,client_mr,READ_PRIMARY,primary,normal,5,5,4,local,1,False,partition,,,,0.42,True,False,
1789631791.2540536,5,client_mr,READ_SECONDARY,localhost:27018,normal,5,3,5,local,1,False,partition,,,,0.82,True,True,
1789631791.2551785,6,client_mr,READ_PRIMARY,primary,normal,6,6,5,local,1,False,partition,,,,0.41,True,False,
1789631791.2558446,6,client_mr,READ_SECONDARY,localhost:27019,normal,6,6,6,local,1,False,partition,,,,0.66,True,False,
1789631791.2575135,7,client_mr,READ_PRIMARY,primary,normal,7,7,6,local,1,False,partition,,,,0.76,True,False,
1789631791.2584262,7,client_mr,READ_SECONDARY,localhost:27018,normal,7,6,7,local,1,False,partition,,,,0.9,True,True,
1789631791.2597635,8,client_mr,READ_PRIMARY,primary,normal,8,8,7,local,1,False,partition,,,,0.46,True,False,
1789631791.2605197,8,client_mr,READ_SECONDARY,localhost:27019,normal,8,8,8,local,1,False,partition,,,,0.75,True,False,
1789631791.2614024,9,client_mr,READ_PRIMARY,primary,normal,9,9,8,local,1,False,partition,,,,0.36,True,False,
1789631791.2620726,9,client_mr,READ_SECONDARY,localhost:27018,normal,9,8,9,local,1,False,partition,,,,0.67,True,True,
1789631791.2630265,10,client_mr,READ_PRIMARY,primary,normal,10,10,9,local,1,False,partition,,,,0.36,True,False,
1789631791.2636087,10,client_mr,READ_SECONDARY,localhost:27019,normal,10,10,10,local,1,False,partition,,,,0.58,True,False,
1789631791.264366,11,client_mr,READ_PRIMARY,primary,normal,11,11,10,local,1,False,partition,,,,0.3,True,False,
1789631791.264837,11,client_mr,READ_SECONDARY,localhost:27018,normal,11,10,11,local,1,False,partition,,,,0.47,True,True,
1789631791.2661123,12,client_mr,READ_PRIMARY,primary,normal,12,12,11,local,1,False,partition,,,,0.66,True,False,
1789631791.2668333,12,client_mr,READ_SECONDARY,localhost:27019,normal,12,12,12,local,1,False,partition,,,,0.72,True,False,
1789631791.2677135,13,client_mr,READ_PRIMARY,primary,normal,13,13,12,local,1,False,partition,,,,0.39,True,False,
1789631791.2683141,13,client_mr,READ_SECONDARY,localhost:27018,normal,13,12,13,local,1,False,partition,,,,0.6,True,True,
1789631791.2691433,14,client_mr,READ_PRIMARY,primary,normal,14,14,13,local,1,False,partition,,,,0.32,True,False,
1789631791.2695737,14,client_mr,READ_SECONDARY,localhost:27019,normal,14,13,14,local,1,False,partition,,,,0.43,True,True,
1789631791.2702887,15,client_mr,READ_PRIMARY,primary,normal,15,15,14,local,1,False,partition,,,,0.25,True,False,
1789631791.2709558,15,client_mr,READ_SECONDARY,localhost:27018,normal,15,14,15,local,1,False,partition,,,,0.66,True,True,
1789631791.2715502,16,client_mr,READ_PRIMARY,primary,normal,16,16,15,local,1,False,partition,,,,0.23,True,False,
1789631791.2721066,16,client_mr,READ_SECONDARY,localhost:27019,normal,16,15,16,local,1,False,partition,,,,0.55,True,True,
1789631791.2727969,17,client_mr,READ_PRIMARY,primary,normal,17,17,16,local,1,False,partition,,,,0.26,True,False,
1789631791.2732396,17,client_mr,READ_SECONDARY,localhost:27018,normal,17,16,17,local,1,False,partition,,,,0.44,True,True,
1789631791.2740576,18,client_mr,READ_PRIMARY,primary,normal,18,18,17,local,1,False,partition,,,,0.34,True,False,
1789631791.2746143,18,client_mr,READ_SECONDARY,localhost:27019,normal,18,18,18,local,1,False,partition,,,,0.55,True,False,
1789631791.2754984,19,client_mr,READ_PRIMARY,primary,normal,19,19,18,local,1,False,partition,,,,0.33,True,False,
1789631791.2759364,19,client_mr,READ_SECONDARY,localhost:27018,normal,19,18,19,local,1,False,partition,,,,0.43,True,True,
1789631791.2765615,20,client_mr,READ_PRIMARY,primary,normal,20,20,19,local,1,False,partition,,,,0.23,True,False,
1789631791.2772446,20,client_mr,READ_SECONDARY,localhost:27019,normal,20,20,20,local,1,False,partition,,,,0.68,True,False,
1789631791.2779922,21,client_mr,READ_PRIMARY,primary,normal,21,21,20,local,1,False,partition,,,,0.38,True,False,
1789631791.2785463,21,client_mr,READ_SECONDARY,localhost:27018,normal,21,20,21,local,1,False,partition,,,,0.55,True,True,
1789631791.2792459,22,client_mr,READ_PRIMARY,primary,normal,22,22,21,local,1,False,partition,,,,0.29,True,False,
1789631791.279777,22,client_mr,READ_SECONDARY,localhost:27019,normal,22,22,22,local,1,False,partition,,,,0.53,True,False,
1789631791.2804883,23,client_mr,READ_PRIMARY,primary,normal,23,23,22,local,1,False,partition,,,,0.25,True,False,
1789631791.2808592,23,client_mr,READ_SECONDARY,localhost:27018,normal,23,22,23,local,1,False,partition,,,,0.37,True,True,
1789631791.2815557,24,client_mr,READ_PRIMARY,primary,normal,24,24,23,local,1,False,partition,,,,0.24,True,False,
1789631791.2820745,24,client_mr,READ_SECONDARY,localhost:27019,normal,24,23,24,local,1,False,partition,,,,0.52,True,True,
1789631791.2829485,25,client_mr,READ_PRIMARY,primary,normal,25,25,24,local,1,False,partition,,,,0.27,True,False,
1789631791.28339,25,client_mr,READ_SECONDARY,localhost:27018,normal,25,24,25,local,1,False,partition,,,,0.44,True,True,
1789631791.283948,26,client_mr,READ_PRIMARY,primary,normal,26,26,25,local,1,False,partition,,,,0.22,True,False,
1789631791.2844512,26,client_mr,READ_SECONDARY,localhost:27019,normal,26,25,26,local,1,False,partition,,,,0.5,True,True,
1789631791.28507,27,client_mr,READ_PRIMARY,primary,normal,27,27,26,local,1,False,partition,,,,0.22,True,False,
1789631791.2855086,27,client_mr,READ_SECONDARY,localhost:27018,normal,27,26,27,local,1,False,partition,,,,0.44,True,True,
1789631791.2861178,28,client_mr,READ_PRIMARY,primary,normal,28,28,27,local,1,False,partition,,,,0.21,True,False,
1789631791.2865336,28,client_mr,READ_SECONDARY,localhost:27019,normal,28,28,28,local,1,False,partition,,,,0.41,True,False,
1789631791.2870495,29,client_mr,READ_PRIMARY,primary,normal,29,29,28,local,1,False,partition,,,,0.21,True,False,
1789631791.2874048,29,client_mr,READ_SECONDARY,localhost:27018,normal,29,28,29,local,1,False,partition,,,,0.35,True,True,
1789631791.2880297,30,client_mr,READ_PRIMARY,primary,normal,30,30,29,local,1,False,partition,,,,0.23,True,False,
1789631791.2883813,30,client_mr,READ_SECONDARY,localhost:27019,normal,30,30,30,local,1,False,partition,,,,0.35,True,False,
1789631791.2889278,31,client_mr,READ_PRIMARY,primary,normal,31,31,30,local,1,False,partition,,,,0.23,True,False,
1789631791.2894018,31,client_mr,READ_SECONDARY,localhost:27018,normal,31,31,31,local,1,False,partition,,,,0.47,True,False,
1789631791.289969,32,client_mr,READ_PRIMARY,primary,normal,32,32,31,local,1,False,partition,,,,0.25,True,False,
1789631791.2904024,32,client_mr,READ_SECONDARY,localhost:27019,normal,32,31,32,local,1,False,partition,,,,0.43,True,True,
1789631791.2908554,33,client_mr,READ_PRIMARY,primary,normal,33,33,32,local,1,False,partition,,,,0.18,True,False,
1789631791.2911332,33,client_mr,READ_SECONDARY,localhost:27018,normal,33,32,33,local,1,False,partition,,,,0.28,True,True,
1789631791.2915862,34,client_mr,READ_PRIMARY,primary,normal,34,34,33,local,1,False,partition,,,,0.18,True,False,
1789631791.2919195,34,client_mr,READ_SECONDARY,localhost:27019,normal,34,33,34,local,1,False,partition,,,,0.33,True,True,
1789631791.2924132,35,client_mr,READ_PRIMARY,primary,normal,35,35,34,local,1,False,partition,,,,0.2,True,False,
1789631791.2927787,35,client_mr,READ_SECONDARY,localhost:27018,normal,35,34,35,local,1,False,partition,,,,0.36,True,True,
1789631791.2933037,36,client_mr,READ_PRIMARY,primary,normal,36,36,35,local,1,False,partition,,,,0.2,True,False,
1789631791.293678,36,client_mr,READ_SECONDARY,localhost:27019,normal,36,35,36,local,1,False,partition,,,,0.37,True,True,
1789631791.294303,37,client_mr,READ_PRIMARY,primary,normal,37,37,36,local,1,False,partition,,,,0.24,True,False,
1789631791.2946541,37,client_mr,READ_SECONDARY,localhost:27018,normal,37,37,37,local,1,False,partition,,,,0.35,True,False,
1789631791.2951658,38,client_mr,READ_PRIMARY,primary,normal,38,38,37,local,1,False,partition,,,,0.2,True,False,
1789631791.295535,38,client_mr,READ_SECONDARY,localhost:27019,normal,38,37,38,local,1,False,partition,,,,0.37,True,True,
1789631791.295995,39,client_mr,READ_PRIMARY,primary,normal,39,39,38,local,1,False,partition,,,,0.17,True,False,
1789631791.2962792,39,client_mr,READ_SECONDARY,localhost:27018,normal,39,39,39,local,1,False,partition,,,,0.28,True,False,
1789631791.296714,40,client_mr,READ_PRIMARY,primary,normal,40,40,39,local,1,False,partition,,,,0.17,True,False,
1789631791.2969782,40,client_mr,READ_SECONDARY,localhost:27019,normal,40,39,40,local,1,False,partition,,,,0.26,True,True,
1789631791.297468,41,client_mr,READ_PRIMARY,primary,normal,41,41,40,local,1,False,partition,,,,0.18,True,False,
1789631791.2977033,41,client_mr,READ_SECONDARY,localhost:27018,normal,41,41,41,local,1,False,partition,,,,0.23,True,False,
1789631791.298183,42,client_mr,READ_PRIMARY,primary,normal,42,42,41,local,1,False,partition,,,,0.16,True,False,
1789631791.2985864,42,client_mr,READ_SECONDARY,localhost:27019,normal,42,42,42,local,1,False,partition,,,,0.4,True,False,
1789631791.2989993,43,client_mr,READ_PRIMARY,primary,normal,43,43,42,local,1,False,partition,,,,0.16,True,False,
1789631791.2993214,43,client_mr,READ_SECONDARY,localhost:27018,normal,43,42,43,local,1,False,partition,,,,0.32,True,True,
1789631791.299827,44,client_mr,READ_PRIMARY,primary,normal,44,44,43,local,1,False,partition,,,,0.16,True,False,
1789631791.3002114,44,client_mr,READ_SECONDARY,localhost:27019,normal,44,43,44,local,1,False,partition,,,,0.38,True,True,
1789631791.3006613,45,client_mr,READ_PRIMARY,primary,normal,45,45,44,local,1,False,partition,,,,0.17,True,False,
1789631791.3010666,45,client_mr,READ_SECONDARY,localhost:27018,normal,45,45,45,local,1,False,partition,,,,0.4,True,False,
1789631791.3015454,46,client_mr,READ_PRIMARY,primary,normal,46,46,45,local,1,False,partition,,,,0.17,True,False,
1789631791.3019378,46,client_mr,READ_SECONDARY,localhost:27019,normal,46,45,46,local,1,False,partition,,,,0.39,True,True,
1789631791.3023574,47,client_mr,READ_PRIMARY,primary,normal,47,47,46,local,1,False,partition,,,,0.16,True,False,
1789631791.3025706,47,client_mr,READ_SECONDARY,localhost:27018,normal,47,47,47,local,1,False,partition,,,,0.21,True,False,
1789631791.3030016,48,client_mr,READ_PRIMARY,primary,normal,48,48,47,local,1,False,partition,,,,0.16,True,False,
1789631791.3033967,48,client_mr,READ_SECONDARY,localhost:27019,normal,48,47,48,local,1,False,partition,,,,0.39,True,True,
1789631791.3037994,49,client_mr,READ_PRIMARY,primary,normal,49,49,48,local,1,False,partition,,,,0.15,True,False,
1789631791.3040428,49,client_mr,READ_SECONDARY,localhost:27018,normal,49,49,49,local,1,False,partition,,,,0.24,True,False,
1789631791.3044362,50,client_mr,READ_PRIMARY,primary,normal,50,50,49,local,1,False,partition,,,,0.15,True,False,
1789631791.304752,50,client_mr,READ_SECONDARY,localhost:27019,normal,50,49,50,local,1,False,partition,,,,0.31,True,True,
1789631791.3051455,51,client_mr,READ_PRIMARY,primary,normal,51,51,50,local,1,False,partition,,,,0.19,True,False,
1789631791.3054926,51,client_mr,READ_SECONDARY,localhost:27018,normal,51,51,51,local,1,False,partition,,,,0.35,True,False,
1789631791.3060853,52,client_mr,READ_PRIMARY,primary,normal,52,52,51,local,1,False,partition,,,,0.34,True,False,
1789631791.3064249,52,client_mr,READ_SECONDARY,localhost:27019,normal,52,51,52,local,1,False,partition,,,,0.34,True,True,
1789631791.3067608,53,client_mr,READ_PRIMARY,primary,normal,53,53,52,local,1,False,partition,,,,0.14,True,False,
1789631791.3070154,53,client_mr,READ_SECONDARY,localhost:27018,normal,53,52,53,local,1,False,partition,,,,0.25,True,True,
1789631791.3074453,54,client_mr,READ_PRIMARY,primary,normal,54,54,53,local,1,False,partition,,,,0.17,True,False,
1789631791.30782,54,client_mr,READ_SECONDARY,localhost:27019,normal,54,53,54,local,1,False,partition,,,,0.37,True,True,
1789631791.3083057,55,client_mr,READ_PRIMARY,primary,normal,55,55,54,local,1,False,partition,,,,0.2,True,False,
1789631791.3085172,55,client_mr,READ_SECONDARY,localhost:27018,normal,55,55,55,local,1,False,partition,,,,0.21,True,False,
1789631791.3089547,56,client_mr,READ_PRIMARY,primary,normal,56,56,55,local,1,False,partition,,,,0.19,True,False,
1789631791.3092937,56,client_mr,READ_SECONDARY,localhost:27019,normal,56,56,56,local,1,False,partition,,,,0.34,True,False,
1789631791.3096921,57,client_mr,READ_PRIMARY,primary,normal,57,57,56,local,1,False,partition,,,,0.17,True,False,
1789631791.3100488,57,client_mr,READ_SECONDARY,localhost:27018,normal,57,57,57,local,1,False,partition,,,,0.36,True,False,
1789631791.3103938,58,client_mr,READ_PRIMARY,primary,normal,58,58,57,local,1,False,partition,,,,0.13,True,False,
1789631791.31072,58,client_mr,READ_SECONDARY,localhost:27019,normal,58,57,58,local,1,False,partition,,,,0.32,True,True,
1789631791.3111198,59,client_mr,READ_PRIMARY,primary,normal,59,59,58,local,1,False,partition,,,,0.17,True,False,
1789631791.3113902,59,client_mr,READ_SECONDARY,localhost:27018,normal,59,58,59,local,1,False,partition,,,,0.27,True,True,
1789631791.3117611,60,client_mr,READ_PRIMARY,primary,normal,60,60,59,local,1,False,partition,,,,0.14,True,False,
1789631791.3120327,60,client_mr,READ_SECONDARY,localhost:27019,normal,60,60,60,local,1,False,partition,,,,0.27,True,False,
1789631791.3124073,61,client_mr,READ_PRIMARY,primary,normal,61,61,60,local,1,False,partition,,,,0.15,True,False,
1789631791.3126245,61,client_mr,READ_SECONDARY,localhost:27018,normal,61,61,61,local,1,False,partition,,,,0.22,True,False,
1789631791.312973,62,client_mr,READ_PRIMARY,primary,normal,62,62,61,local,1,False,partition,,,,0.14,True,False,
1789631791.313301,62,client_mr,READ_SECONDARY,localhost:27019,normal,62,61,62,local,1,False,partition,,,,0.33,True,True,
1789631791.3136575,63,client_mr,READ_PRIMARY,primary,normal,63,63,62,local,1,False,partition,,,,0.15,True,False,
1789631791.3139482,63,client_mr,READ_SECONDARY,localhost:27018,normal,63,62,63,local,1,False,partition,,,,0.29,True,True,
1789631791.3143027,64,client_mr,READ_PRIMARY,primary,normal,64,64,63,local,1,False,partition,,,,0.14,True,False,
1789631791.314617,64,client_mr,READ_SECONDARY,localhost:27019,normal,64,64,64,local,1,False,partition,,,,0.31,True,False,
1789631791.3149593,65,client_mr,READ_PRIMARY,primary,normal,65,65,64,local,1,False,partition,,,,0.14,True,False,
1789631791.3152199,65,client_mr,READ_SECONDARY,localhost:27018,normal,65,64,65,local,1,False,partition,,,,0.26,True,True,
1789631791.3156369,66,client_mr,READ_PRIMARY,primary,normal,66,66,65,local,1,False,partition,,,,0.17,True,False,
1789631791.3160055,66,client_mr,READ_SECONDARY,localhost:27019,normal,66,65,66,local,1,False,partition,,,,0.37,True,True,
1789631791.3163462,67,client_mr,READ_PRIMARY,primary,normal,67,67,66,local,1,False,partition,,,,0.14,True,False,
1789631791.316618,67,client_mr,READ_SECONDARY,localhost:27018,normal,67,67,67,local,1,False,partition,,,,0.27,True,False,
1789631791.3169363,68,client_mr,READ_PRIMARY,primary,normal,68,68,67,local,1,False,partition,,,,0.13,True,False,
1789631791.3171425,68,client_mr,READ_SECONDARY,localhost:27019,normal,68,67,68,local,1,False,partition,,,,0.21,True,True,
1789631791.317442,69,client_mr,READ_PRIMARY,primary,normal,69,69,68,local,1,False,partition,,,,0.13,True,False,
1789631791.317639,69,client_mr,READ_SECONDARY,localhost:27018,normal,69,68,69,local,1,False,partition,,,,0.2,True,True,
1789631791.3181388,70,client_mr,READ_PRIMARY,primary,normal,70,70,69,local,1,False,partition,,,,0.22,True,False,
1789631791.318418,70,client_mr,READ_SECONDARY,localhost:27019,normal,70,68,70,local,1,False,partition,,,,0.28,True,True,
1789631791.3187952,71,client_mr,READ_PRIMARY,primary,normal,71,71,70,local,1,False,partition,,,,0.18,True,False,
1789631791.319006,71,client_mr,READ_SECONDARY,localhost:27018,normal,71,71,71,local,1,False,partition,,,,0.21,True,False,
1789631791.3194053,72,client_mr,READ_PRIMARY,primary,normal,72,72,71,local,1,False,partition,,,,0.16,True,False,
1789631791.319666,72,client_mr,READ_SECONDARY,localhost:27019,normal,72,71,72,local,1,False,partition,,,,0.26,True,True,
1789631791.3200283,73,client_mr,READ_PRIMARY,primary,normal,73,73,72,local,1,False,partition,,,,0.15,True,False,
1789631791.3202817,73,client_mr,READ_SECONDARY,localhost:27018,normal,73,73,73,local,1,False,partition,,,,0.25,True,False,
1789631791.3206027,74,client_mr,READ_PRIMARY,primary,normal,74,74,73,local,1,False,partition,,,,0.11,True,False,
1789631791.320819,74,client_mr,READ_SECONDARY,localhost:27019,normal,74,73,74,local,1,False,partition,,,,0.22,True,True,
1789631791.3211367,75,client_mr,READ_PRIMARY,primary,normal,75,75,74,local,1,False,partition,,,,0.15,True,False,
1789631791.3213985,75,client_mr,READ_SECONDARY,localhost:27018,normal,75,75,75,local,1,False,partition,,,,0.26,True,False,
1789631791.3217978,76,client_mr,READ_PRIMARY,primary,normal,76,76,75,local,1,False,partition,,,,0.16,True,False,
1789631791.322065,76,client_mr,READ_SECONDARY,localhost:27019,normal,76,75,76,local,1,False,partition,,,,0.27,True,True,
1789631791.3223662,77,client_mr,READ_PRIMARY,primary,normal,77,77,76,local,1,False,partition,,,,0.12,True,False,
1789631791.3226154,77,client_mr,READ_SECONDARY,localhost:27018,normal,77,76,77,local,1,False,partition,,,,0.25,True,True,
1789631791.3229697,78,client_mr,READ_PRIMARY,primary,normal,78,78,77,local,1,False,partition,,,,0.14,True,False,
1789631791.323123,78,client_mr,READ_SECONDARY,localhost:27019,normal,78,77,78,local,1,False,partition,,,,0.15,True,True,
1789631791.3235323,79,client_mr,READ_PRIMARY,primary,normal,79,79,78,local,1,False,partition,,,,0.13,True,False,
1789631791.3237085,79,client_mr,READ_SECONDARY,localhost:27018,normal,79,79,79,local,1,False,partition,,,,0.17,True,False,
1789631791.324009,80,client_mr,READ_PRIMARY,primary,normal,80,80,79,local,1,False,partition,,,,0.12,True,False,
1789631791.3241386,80,client_mr,READ_SECONDARY,localhost:27019,normal,80,78,80,local,1,False,partition,,,,0.13,True,True,
1789631791.324476,81,client_mr,READ_PRIMARY,primary,normal,81,81,80,local,1,False,partition,,,,0.12,True,False,
1789631791.3247266,81,client_mr,READ_SECONDARY,localhost:27018,normal,81,81,81,local,1,False,partition,,,,0.25,True,False,
1789631791.3250368,82,client_mr,READ_PRIMARY,primary,normal,82,82,81,local,1,False,partition,,,,0.12,True,False,
1789631791.3251667,82,client_mr,READ_SECONDARY,localhost:27019,normal,82,80,82,local,1,False,partition,,,,0.13,True,True,
1789631791.325489,83,client_mr,READ_PRIMARY,primary,normal,83,83,82,local,1,False,partition,,,,0.12,True,False,
1789631791.3256874,83,client_mr,READ_SECONDARY,localhost:27018,normal,83,82,83,local,1,False,partition,,,,0.2,True,True,
1789631791.325991,84,client_mr,READ_PRIMARY,primary,normal,84,84,83,local,1,False,partition,,,,0.11,True,False,
1789631791.326123,84,client_mr,READ_SECONDARY,localhost:27019,normal,84,83,84,local,1,False,partition,,,,0.13,True,True,
1789631791.326418,85,client_mr,READ_PRIMARY,primary,normal,85,85,84,local,1,False,partition,,,,0.12,True,False,
1789631791.326618,85,client_mr,READ_SECONDARY,localhost:27018,normal,85,85,85,local,1,False,partition,,,,0.2,True,False,
1789631791.327024,86,client_mr,READ_PRIMARY,primary,normal,86,86,85,local,1,False,partition,,,,0.14,True,False,
1789631791.327164,86,client_mr,READ_SECONDARY,localhost:27019,normal,86,84,86,local,1,False,partition,,,,0.14,True,True,
1789631791.327493,87,client_mr,READ_PRIMARY,primary,normal,87,87,86,local,1,False,partition,,,,0.13,True,False,
1789631791.3277583,87,client_mr,READ_SECONDARY,localhost:27018,normal,87,86,87,local,1,False,partition,,,,0.26,True,True,
1789631791.3281145,88,client_mr,READ_PRIMARY,primary,normal,88,88,87,local,1,False,partition,,,,0.15,True,False,
1789631791.3283052,88,client_mr,READ_SECONDARY,localhost:27019,normal,88,87,88,local,1,False,partition,,,,0.19,True,True,
1789631791.3286495,89,client_mr,READ_PRIMARY,primary,normal,89,89,88,local,1,False,partition,,,,0.12,True,False,
1789631791.328848,89,client_mr,READ_SECONDARY,localhost:27018,normal,89,89,89,local,1,False,partition,,,,0.2,True,False,
1789631791.3292274,90,client_mr,READ_PRIMARY,primary,normal,90,90,89,local,1,False,partition,,,,0.13,True,False,
1789631791.329365,90,client_mr,READ_SECONDARY,localhost:27019,normal,90,89,90,local,1,False,partition,,,,0.14,True,True,
1789631791.3300216,91,client_mr,READ_PRIMARY,primary,normal,91,91,90,local,1,False,partition,,,,0.21,True,False,
1789631791.3301923,91,client_mr,READ_SECONDARY,localhost:27018,normal,91,91,91,local,1,False,partition,,,,0.17,True,False,
1789631791.3305252,92,client_mr,READ_PRIMARY,primary,normal,92,92,91,local,1,False,partition,,,,0.12,True,False,
1789631791.3306632,92,client_mr,READ_SECONDARY,localhost:27019,normal,92,91,92,local,1,False,partition,,,,0.14,True,True,
1789631791.330951,93,client_mr,READ_PRIMARY,primary,normal,93,93,92,local,1,False,partition,,,,0.11,True,False,
1789631791.3312004,93,client_mr,READ_SECONDARY,localhost:27018,normal,93,92,93,local,1,False,partition,,,,0.25,True,True,
1789631791.3315637,94,client_mr,READ_PRIMARY,primary,normal,94,94,93,local,1,False,partition,,,,0.13,True,False,
1789631791.3317306,94,client_mr,READ_SECONDARY,localhost:27019,normal,94,93,94,local,1,False,partition,,,,0.17,True,True,
1789631791.33207,95,client_mr,READ_PRIMARY,primary,normal,95,95,94,local,1,False,partition,,,,0.12,True,False,
1789631791.332309,95,client_mr,READ_SECONDARY,localhost:27018,normal,95,94,95,local,1,False,partition,,,,0.24,True,True,
1789631791.3326526,96,client_mr,READ_PRIMARY,primary,normal,96,96,95,local,1,False,partition,,,,0.14,True,False,
1789631791.3327827,96,client_mr,READ_SECONDARY,localhost:27019,normal,96,95,96,local,1,False,partition,,,,0.13,True,True,
1789631791.3330648,97,client_mr,READ_PRIMARY,primary,normal,97,97,96,local,1,False,partition,,,,0.12,True,False,
1789631791.3332725,97,client_mr,READ_SECONDARY,localhost:27018,normal,97,97,97,local,1,False,partition,,,,0.21,True,False,
1789631791.3336277,98,client_mr,READ_PRIMARY,primary,normal,98,98,97,local,1,False,partition,,,,0.14,True,False,
1789631791.3337698,98,client_mr,READ_SECONDARY,localhost:27019,normal,98,97,98,local,1,False,partition,,,,0.14,True,True,
1789631791.3341591,99,client_mr,READ_PRIMARY,primary,normal,99,99,98,local,1,False,partition,,,,0.14,True,False,
1789631791.3344223,99,client_mr,READ_SECONDARY,localhost:27018,normal,99,98,99,local,1,False,partition,,,,0.26,True,True,
1789631791.3347783,100,client_mr,READ_PRIMARY,primary,normal,100,100,99,local,1,False,partition,,,,0.15,True,False,
1789631791.3349338,100,client_mr,READ_SECONDARY,localhost:27019,normal,100,99,100,local,1,False,partition,,,,0.15,True,True,
1789631791.335315,101,client_mr,READ_PRIMARY,primary,normal,101,101,100,local,1,False,partition,,,,0.19,True,False,
1789631791.335523,101,client_mr,READ_SECONDARY,localhost:27018,normal,101,101,101,local,1,False,partition,,,,0.21,True,False,
1789631791.335885,102,client_mr,READ_PRIMARY,primary,normal,102,102,101,local,1,False,partition,,,,0.14,True,False,
1789631791.3360698,102,client_mr,READ_SECONDARY,localhost:27019,normal,102,101,102,local,1,False,partition,,,,0.18,True,True,
1789631791.3363888,103,client_mr,READ_PRIMARY,primary,normal,103,103,102,local,1,False,partition,,,,0.12,True,False,
1789631791.336643,103,client_mr,READ_SECONDARY,localhost:27018,normal,103,103,103,local,1,False,partition,,,,0.25,True,False,
1789631791.3370285,104,client_mr,READ_PRIMARY,primary,normal,104,104,103,local,1,False,partition,,,,0.16,True,False,
1789631791.3371694,104,client_mr,READ_SECONDARY,localhost:27019,normal,104,103,104,local,1,False,partition,,,,0.14,True,True,
1789631791.337517,105,client_mr,READ_PRIMARY,primary,normal,105,105,104,local,1,False,partition,,,,0.14,True,False,
1789631791.3377008,105,client_mr,READ_SECONDARY,localhost:27018,normal,105,105,105,local,1,False,partition,,,,0.18,True,False,
1789631791.3380475,106,client_mr,READ_PRIMARY,primary,normal,106,106,105,local,1,False,partition,,,,0.14,True,False,
1789631791.338175,106,client_mr,READ_SECONDARY,localhost:27019,normal,106,105,106,local,1,False,partition,,,,0.13,True,True,
1789631791.3385882,107,client_mr,READ_PRIMARY,primary,normal,107,107,106,local,1,False,partition,,,,0.19,True,False,
1789631791.3388224,107,client_mr,READ_SECONDARY,localhost:27018,normal,107,107,107,local,1,False,partition,,,,0.23,True,False,
1789631791.3392007,108,client_mr,READ_PRIMARY,primary,normal,108,108,107,local,1,False,partition,,,,0.19,True,False,
1789631791.339333,108,client_mr,READ_SECONDARY,localhost:27019,normal,108,107,108,local,1,False,partition,,,,0.13,True,True,
1789631791.3396826,109,client_mr,READ_PRIMARY,primary,normal,109,109,108,local,1,False,partition,,,,0.14,True,False,
1789631791.3402326,109,client_mr,READ_SECONDARY,localhost:27018,normal,109,108,109,local,1,False,partition,,,,0.55,True,True,
1789631791.3405986,110,client_mr,READ_PRIMARY,primary,normal,110,110,109,local,1,False,partition,,,,0.16,True,False,
1789631791.3407738,110,client_mr,READ_SECONDARY,localhost:27019,normal,110,109,110,local,1,False,partition,,,,0.17,True,True,
1789631791.341135,111,client_mr,READ_PRIMARY,primary,normal,111,111,110,local,1,False,partition,,,,0.15,True,False,
1789631791.3415706,111,client_mr,READ_SECONDARY,localhost:27018,normal,111,110,111,local,1,False,partition,,,,0.43,True,True,
1789631791.341962,112,client_mr,READ_PRIMARY,primary,normal,112,112,111,local,1,False,partition,,,,0.21,True,False,
1789631791.3421226,112,client_mr,READ_SECONDARY,localhost:27019,normal,112,111,112,local,1,False,partition,,,,0.16,True,True,
1789631791.3426032,113,client_mr,READ_PRIMARY,primary,normal,113,113,112,local,1,False,partition,,,,0.24,True,False,
1789631791.3428118,113,client_mr,READ_SECONDARY,localhost:27018,normal,113,112,113,local,1,False,partition,,,,0.21,True,True,
1789631791.3433142,114,client_mr,READ_PRIMARY,primary,normal,114,114,113,local,1,False,partition,,,,0.26,True,False,
1789631791.3434486,114,client_mr,READ_SECONDARY,localhost:27019,normal,114,113,114,local,1,False,partition,,,,0.13,True,True,
1789631791.3437703,115,client_mr,READ_PRIMARY,primary,normal,115,115,114,local,1,False,partition,,,,0.15,True,False,
1789631791.3439908,115,client_mr,READ_SECONDARY,localhost:27018,normal,115,114,115,local,1,False,partition,,,,0.22,True,True,
1789631791.3443418,116,client_mr,READ_PRIMARY,primary,normal,116,116,115,local,1,False,partition,,,,0.15,True,False,
1789631791.344461,116,client_mr,READ_SECONDARY,localhost:27019,normal,116,115,116,local,1,False,partition,,,,0.12,True,True,
1789631791.3447819,117,client_mr,READ_PRIMARY,primary,normal,117,117,116,local,1,False,partition,,,,0.13,True,False,
1789631791.3449593,117,client_mr,READ_SECONDARY,localhost:27018,normal,117,116,117,local,1,False,partition,,,,0.18,True,True,
1789631791.3453465,118,client_mr,READ_PRIMARY,primary,normal,118,118,117,local,1,False,partition,,,,0.16,True,False,
1789631791.3455024,118,client_mr,READ_SECONDARY,localhost:27019,normal,118,117,118,local,1,False,partition,,,,0.15,True,True,
1789631791.3459182,119,client_mr,READ_PRIMARY,primary,normal,119,119,118,local,1,False,partition,,,,0.19,True,False,
1789631791.3461275,119,client_mr,READ_SECONDARY,localhost:27018,normal,119,118,119,local,1,False,partition,,,,0.21,True,True,
1789631791.3465378,120,client_mr,READ_PRIMARY,primary,normal,120,120,119,local,1,False,partition,,,,0.17,True,False,
1789631791.3466828,120,client_mr,READ_SECONDARY,localhost:27019,normal,120,119,120,local,1,False,partition,,,,0.14,True,True,
1789631791.3470123,121,client_mr,READ_PRIMARY,primary,normal,121,121,120,local,1,False,partition,,,,0.15,True,False,
1789631791.34728,121,client_mr,READ_SECONDARY,localhost:27018,normal,121,120,121,local,1,False,partition,,,,0.27,True,True,
1789631791.3477767,122,client_mr,READ_PRIMARY,primary,normal,122,122,121,local,1,False,partition,,,,0.27,True,False,
1789631791.3481293,122,client_mr,READ_SECONDARY,localhost:27019,normal,122,121,122,local,1,False,partition,,,,0.35,True,True,
1789631791.3484812,123,client_mr,READ_PRIMARY,primary,normal,123,123,122,local,1,False,partition,,,,0.15,True,False,
1789631791.3487773,123,client_mr,READ_SECONDARY,localhost:27018,normal,123,123,123,local,1,False,partition,,,,0.29,True,False,
1789631791.3493476,124,client_mr,READ_PRIMARY,primary,normal,124,124,123,local,1,False,partition,,,,0.33,True,False,
1789631791.3495104,124,client_mr,READ_SECONDARY,localhost:27019,normal,124,124,124,local,1,False,partition,,,,0.16,True,False,
1789631791.349885,125,client_mr,READ_PRIMARY,primary,normal,125,125,124,local,1,False,partition,,,,0.18,True,False,
1789631791.350079,125,client_mr,READ_SECONDARY,localhost:27018,normal,125,124,125,local,1,False,partition,,,,0.19,True,True,
1789631791.3504562,126,client_mr,READ_PRIMARY,primary,normal,126,126,125,local,1,False,partition,,,,0.15,True,False,
1789631791.350651,126,client_mr,READ_SECONDARY,localhost:27019,normal,126,125,126,local,1,False,partition,,,,0.19,True,True,
1789631791.3511283,127,client_mr,READ_PRIMARY,primary,normal,127,127,126,local,1,False,partition,,,,0.21,True,False,
1789631791.351394,127,client_mr,READ_SECONDARY,localhost:27018,normal,127,126,127,local,1,False,partition,,,,0.26,True,True,
1789631791.351743,128,client_mr,READ_PRIMARY,primary,normal,128,128,127,local,1,False,partition,,,,0.14,True,False,
1789631791.3519578,128,client_mr,READ_SECONDARY,localhost:27019,normal,128,127,128,local,1,False,partition,,,,0.21,True,True,
1789631791.3522842,129,client_mr,READ_PRIMARY,primary,normal,129,129,128,local,1,False,partition,,,,0.12,True,False,
1789631791.3525722,129,client_mr,READ_SECONDARY,localhost:27018,normal,129,129,129,local,1,False,partition,,,,0.29,True,False,
1789631791.3529048,130,client_mr,READ_PRIMARY,primary,normal,130,130,129,local,1,False,partition,,,,0.13,True,False,
1789631791.3531327,130,client_mr,READ_SECONDARY,localhost:27019,normal,130,129,130,local,1,False,partition,,,,0.23,True,True,
1789631791.3534548,131,client_mr,READ_PRIMARY,primary,normal,131,131,130,local,1,False,partition,,,,0.12,True,False,
1789631791.3537424,131,client_mr,READ_SECONDARY,localhost:27018,normal,131,130,131,local,1,False,partition,,,,0.29,True,True,
1789631791.3541849,132,client_mr,READ_PRIMARY,primary,normal,132,132,131,local,1,False,partition,,,,0.19,True,False,
1789631791.354389,132,client_mr,READ_SECONDARY,localhost:27019,normal,132,131,132,local,1,False,partition,,,,0.2,True,True,
1789631791.354716,133,client_mr,READ_PRIMARY,primary,normal,133,133,132,local,1,False,partition,,,,0.15,True,False,
1789631791.354941,133,client_mr,READ_SECONDARY,localhost:27018,normal,133,133,133,local,1,False,partition,,,,0.22,True,False,
1789631791.3552978,134,client_mr,READ_PRIMARY,primary,normal,134,134,133,local,1,False,partition,,,,0.13,True,False,
1789631791.355478,134,client_mr,READ_SECONDARY,localhost:27019,normal,134,132,134,local,1,False,partition,,,,0.18,True,True,
1789631791.3557963,135,client_mr,READ_PRIMARY,primary,normal,135,135,134,local,1,False,partition,,,,0.13,True,False,
1789631791.3560452,135,client_mr,READ_SECONDARY,localhost:27018,normal,135,135,135,local,1,False,partition,,,,0.25,True,False,
1789631791.3564215,136,client_mr,READ_PRIMARY,primary,normal,136,136,135,local,1,False,partition,,,,0.18,True,False,
1789631791.3565955,136,client_mr,READ_SECONDARY,localhost:27019,normal,136,134,136,local,1,False,partition,,,,0.17,True,True,
1789631791.3570127,137,client_mr,READ_PRIMARY,primary,normal,137,137,136,local,1,False,partition,,,,0.2,True,False,
1789631791.3572137,137,client_mr,READ_SECONDARY,localhost:27018,normal,137,137,137,local,1,False,partition,,,,0.2,True,False,
1789631791.3575926,138,client_mr,READ_PRIMARY,primary,normal,138,138,137,local,1,False,partition,,,,0.18,True,False,
1789631791.3577824,138,client_mr,READ_SECONDARY,localhost:27019,normal,138,137,138,local,1,False,partition,,,,0.19,True,True,
1789631791.3582,139,client_mr,READ_PRIMARY,primary,normal,139,139,138,local,1,False,partition,,,,0.19,True,False,
1789631791.3584888,139,client_mr,READ_SECONDARY,localhost:27018,normal,139,139,139,local,1,False,partition,,,,0.29,True,False,
1789631791.3587837,140,client_mr,READ_PRIMARY,primary,normal,140,140,139,local,1,False,partition,,,,0.12,True,False,
1789631791.3589714,140,client_mr,READ_SECONDARY,localhost:27019,normal,140,139,140,local,1,False,partition,,,,0.19,True,True,
1789631791.3594184,141,client_mr,READ_PRIMARY,primary,normal,141,141,140,local,1,False,partition,,,,0.19,True,False,
1789631791.359628,141,client_mr,READ_SECONDARY,localhost:27018,normal,141,141,141,local,1,False,partition,,,,0.21,True,False,
1789631791.3600485,142,client_mr,READ_PRIMARY,primary,normal,142,142,141,local,1,False,partition,,,,0.16,True,False,
1789631791.360345,142,client_mr,READ_SECONDARY,localhost:27019,normal,142,141,142,local,1,False,partition,,,,0.24,True,True,
1789631791.3606887,143,client_mr,READ_PRIMARY,primary,normal,143,143,142,local,1,False,partition,,,,0.15,True,False,
1789631791.3609898,143,client_mr,READ_SECONDARY,localhost:27018,normal,143,143,143,local,1,False,partition,,,,0.3,True,False,
1789631791.3614771,144,client_mr,READ_PRIMARY,primary,normal,144,144,143,local,1,False,partition,,,,0.29,True,False,
1789631791.361631,144,client_mr,READ_SECONDARY,localhost:27019,normal,144,143,144,local,1,False,partition,,,,0.15,True,True,
1789631791.3622134,145,client_mr,READ_PRIMARY,primary,normal,145,145,144,local,1,False,partition,,,,0.3,True,False,
1789631791.3623958,145,client_mr,READ_SECONDARY,localhost:27018,normal,145,145,145,local,1,False,partition,,,,0.18,True,False,
1789631791.3628397,146,client_mr,READ_PRIMARY,primary,normal,146,146,145,local,1,False,partition,,,,0.23,True,False,
1789631791.3630114,146,client_mr,READ_SECONDARY,localhost:27019,normal,146,145,146,local,1,False,partition,,,,0.17,True,True,
1789631791.363359,147,client_mr,READ_PRIMARY,primary,normal,147,147,146,local,1,False,partition,,,,0.14,True,False,
1789631791.3635705,147,client_mr,READ_SECONDARY,localhost:27018,normal,147,147,147,local,1,False,partition,,,,0.21,True,False,
1789631791.3638532,148,client_mr,READ_PRIMARY,primary,normal,148,148,147,local,1,False,partition,,,,0.12,True,False,
1789631791.3641067,148,client_mr,READ_SECONDARY,localhost:27019,normal,148,147,148,local,1,False,partition,,,,0.25,True,True,
1789631791.3643715,149,client_mr,READ_PRIMARY,primary,normal,149,149,148,local,1,False,partition,,,,0.11,True,False,
1789631791.364581,149,client_mr,READ_SECONDARY,localhost:27018,normal,149,149,149,local,1,False,partition,,,,0.21,True,False,
1789631791.3649044,150,client_mr,READ_PRIMARY,primary,normal,150,150,149,local,1,False,partition,,,,0.15,True,False,
1789631791.365135,150,client_mr,READ_SECONDARY,localhost:27019,normal,150,149,150,local,1,False,partition,,,,0.23,True,True,
1789631791.3655167,151,client_mr,READ_PRIMARY,primary,normal,151,151,150,local,1,False,partition,,,,0.14,True,False,
1789631791.3658676,151,client_mr,READ_SECONDARY,localhost:27018,normal,151,150,151,local,1,False,partition,,,,0.35,True,True,
1789631791.366303,152,client_mr,READ_PRIMARY,primary,normal,152,152,151,local,1,False,partition,,,,0.16,True,False,
1789631791.366501,152,client_mr,READ_SECONDARY,localhost:27019,normal,152,151,152,local,1,False,partition,,,,0.2,True,True,
1789631791.3668902,153,client_mr,READ_PRIMARY,primary,normal,153,153,152,local,1,False,partition,,,,0.19,True,False,
1789631791.3670805,153,client_mr,READ_SECONDARY,localhost:27018,normal,153,152,153,local,1,False,partition,,,,0.19,True,True,
1789631791.3675086,154,client_mr,READ_PRIMARY,primary,normal,154,154,153,local,1,False,partition,,,,0.24,True,False,
1789631791.367675,154,client_mr,READ_SECONDARY,localhost:27019,normal,154,153,154,local,1,False,partition,,,,0.16,True,True,
1789631791.3681343,155,client_mr,READ_PRIMARY,primary,normal,155,155,154,local,1,False,partition,,,,0.24,True,False,
1789631791.3683755,155,client_mr,READ_SECONDARY,localhost:27018,normal,155,155,155,local,1,False,partition,,,,0.24,True,False,
1789631791.3688545,156,client_mr,READ_PRIMARY,primary,normal,156,156,155,local,1,False,partition,,,,0.27,True,False,
1789631791.3690279,156,client_mr,READ_SECONDARY,localhost:27019,normal,156,155,156,local,1,False,partition,,,,0.17,True,True,
1789631791.3695948,157,client_mr,READ_PRIMARY,primary,normal,157,157,156,local,1,False,partition,,,,0.3,True,False,
1789631791.369857,157,client_mr,READ_SECONDARY,localhost:27018,normal,157,157,157,local,1,False,partition,,,,0.26,True,False,
1789631791.37034,158,client_mr,READ_PRIMARY,primary,normal,158,158,157,local,1,False,partition,,,,0.23,True,False,
1789631791.3705065,158,client_mr,READ_SECONDARY,localhost:27019,normal,158,157,158,local,1,False,partition,,,,0.16,True,True,
1789631791.3709111,159,client_mr,READ_PRIMARY,primary,normal,159,159,158,local,1,False,partition,,,,0.21,True,False,
1789631791.3711488,159,client_mr,READ_SECONDARY,localhost:27018,normal,159,159,159,local,1,False,partition,,,,0.24,True,False,
1789631791.3715553,160,client_mr,READ_PRIMARY,primary,normal,160,160,159,local,1,False,partition,,,,0.2,True,False,
1789631791.371728,160,client_mr,READ_SECONDARY,localhost:27019,normal,160,159,160,local,1,False,partition,,,,0.17,True,True,
1789631791.3722825,161,client_mr,READ_PRIMARY,primary,normal,161,161,160,local,1,False,partition,,,,0.31,True,False,
1789631791.37251,161,client_mr,READ_SECONDARY,localhost:27018,normal,161,161,161,local,1,False,partition,,,,0.23,True,False,
1789631791.3731217,162,client_mr,READ_PRIMARY,primary,normal,162,162,161,local,1,False,partition,,,,0.36,True,False,
1789631791.3733056,162,client_mr,READ_SECONDARY,localhost:27019,normal,162,161,162,local,1,False,partition,,,,0.18,True,True,
1789631791.3739433,163,client_mr,READ_PRIMARY,primary,normal,163,163,162,local,1,False,partition,,,,0.29,True,False,
1789631791.3741634,163,client_mr,READ_SECONDARY,localhost:27018,normal,163,163,163,local,1,False,partition,,,,0.22,True,False,
1789631791.3746507,164,client_mr,READ_PRIMARY,primary,normal,164,164,163,local,1,False,partition,,,,0.26,True,False,
1789631791.3748257,164,client_mr,READ_SECONDARY,localhost:27019,normal,164,164,164,local,1,False,partition,,,,0.17,True,False,
1789631791.3753617,165,client_mr,READ_PRIMARY,primary,normal,165,165,164,local,1,False,partition,,,,0.27,True,False,
1789631791.3755534,165,client_mr,READ_SECONDARY,localhost:27018,normal,165,165,165,local,1,False,partition,,,,0.19,True,False,
1789631791.376014,166,client_mr,READ_PRIMARY,primary,normal,166,166,165,local,1,False,partition,,,,0.25,True,False,
1789631791.3761854,166,client_mr,READ_SECONDARY,localhost:27019,normal,166,166,166,local,1,False,partition,,,,0.17,True,False,
1789631791.3766716,167,client_mr,READ_PRIMARY,primary,normal,167,167,166,local,1,False,partition,,,,0.25,True,False,
1789631791.3768854,167,client_mr,READ_SECONDARY,localhost:27018,normal,167,167,167,local,1,False,partition,,,,0.21,True,False,
1789631791.3774176,168,client_mr,READ_PRIMARY,primary,normal,168,168,167,local,1,False,partition,,,,0.32,True,False,
1789631791.3775868,168,client_mr,READ_SECONDARY,localhost:27019,normal,168,167,168,local,1,False,partition,,,,0.17,True,True,
1789631791.3782394,169,client_mr,READ_PRIMARY,primary,normal,169,169,168,local,1,False,partition,,,,0.38,True,False,
1789631791.3784754,169,client_mr,READ_SECONDARY,localhost:27018,normal,169,169,169,local,1,False,partition,,,,0.23,True,False,
1789631791.3788183,170,client_mr,READ_PRIMARY,primary,normal,170,170,169,local,1,False,partition,,,,0.12,True,False,
1789631791.379045,170,client_mr,READ_SECONDARY,localhost:27019,normal,170,170,170,local,1,False,partition,,,,0.23,True,False,
1789631791.379345,171,client_mr,READ_PRIMARY,primary,normal,171,171,170,local,1,False,partition,,,,0.12,True,False,
1789631791.379615,171,client_mr,READ_SECONDARY,localhost:27018,normal,171,171,171,local,1,False,partition,,,,0.27,True,False,
1789631791.3799176,172,client_mr,READ_PRIMARY,primary,normal,172,172,171,local,1,False,partition,,,,0.12,True,False,
1789631791.3801558,172,client_mr,READ_SECONDARY,localhost:27019,normal,172,171,172,local,1,False,partition,,,,0.24,True,True,
1789631791.3804796,173,client_mr,READ_PRIMARY,primary,normal,173,173,172,local,1,False,partition,,,,0.12,True,False,
1789631791.3807793,173,client_mr,READ_SECONDARY,localhost:27018,normal,173,173,173,local,1,False,partition,,,,0.3,True,False,
1789631791.3811285,174,client_mr,READ_PRIMARY,primary,normal,174,174,173,local,1,False,partition,,,,0.15,True,False,
1789631791.3814173,174,client_mr,READ_SECONDARY,localhost:27019,normal,174,173,174,local,1,False,partition,,,,0.29,True,True,
1789631791.3816967,175,client_mr,READ_PRIMARY,primary,normal,175,175,174,local,1,False,partition,,,,0.11,True,False,
1789631791.3819957,175,client_mr,READ_SECONDARY,localhost:27018,normal,175,175,175,local,1,False,partition,,,,0.3,True,False,
1789631791.3823414,176,client_mr,READ_PRIMARY,primary,normal,176,176,175,local,1,False,partition,,,,0.13,True,False,
1789631791.3826356,176,client_mr,READ_SECONDARY,localhost:27019,normal,176,176,176,local,1,False,partition,,,,0.29,True,False,
1789631791.3829904,177,client_mr,READ_PRIMARY,primary,normal,177,177,176,local,1,False,partition,,,,0.16,True,False,
1789631791.3832936,177,client_mr,READ_SECONDARY,localhost:27018,normal,177,177,177,local,1,False,partition,,,,0.3,True,False,
1789631791.3836148,178,client_mr,READ_PRIMARY,primary,normal,178,178,177,local,1,False,partition,,,,0.13,True,False,
1789631791.3839989,178,client_mr,READ_SECONDARY,localhost:27019,normal,178,178,178,local,1,False,partition,,,,0.38,True,False,
1789631791.384358,179,client_mr,READ_PRIMARY,primary,normal,179,179,178,local,1,False,partition,,,,0.15,True,False,
1789631791.3846579,179,client_mr,READ_SECONDARY,localhost:27018,normal,179,179,179,local,1,False,partition,,,,0.3,True,False,
1789631791.3849819,180,client_mr,READ_PRIMARY,primary,normal,180,180,179,local,1,False,partition,,,,0.14,True,False,
1789631791.3852713,180,client_mr,READ_SECONDARY,localhost:27019,normal,180,179,180,local,1,False,partition,,,,0.29,True,True,
1789631791.385719,181,client_mr,READ_PRIMARY,primary,normal,181,181,180,local,1,False,partition,,,,0.21,True,False,
1789631791.3859706,181,client_mr,READ_SECONDARY,localhost:27018,normal,181,181,181,local,1,False,partition,,,,0.25,True,False,
1789631791.3862958,182,client_mr,READ_PRIMARY,primary,normal,182,182,181,local,1,False,partition,,,,0.13,True,False,
1789631791.38648,182,client_mr,READ_SECONDARY,localhost:27019,normal,182,181,182,local,1,False,partition,,,,0.18,True,True,
1789631791.3867738,183,client_mr,READ_PRIMARY,primary,normal,183,183,182,local,1,False,partition,,,,0.12,True,False,
1789631791.387049,183,client_mr,READ_SECONDARY,localhost:27018,normal,183,182,183,local,1,False,partition,,,,0.27,True,True,
1789631791.3875508,184,client_mr,READ_PRIMARY,primary,normal,184,184,183,local,1,False,partition,,,,0.25,True,False,
1789631791.3877783,184,client_mr,READ_SECONDARY,localhost:27019,normal,184,183,184,local,1,False,partition,,,,0.23,True,True,
1789631791.388118,185,client_mr,READ_PRIMARY,primary,normal,185,185,184,local,1,False,partition,,,,0.17,True,False,
1789631791.3884153,185,client_mr,READ_SECONDARY,localhost:27018,normal,185,184,185,local,1,False,partition,,,,0.3,True,True,
1789631791.3887148,186,client_mr,READ_PRIMARY,primary,normal,186,186,185,local,1,False,partition,,,,0.13,True,False,
1789631791.388914,186,client_mr,READ_SECONDARY,localhost:27019,normal,186,185,186,local,1,False,partition,,,,0.2,True,True,
1789631791.3892093,187,client_mr,READ_PRIMARY,primary,normal,187,187,186,local,1,False,partition,,,,0.12,True,False,
1789631791.3894684,187,client_mr,READ_SECONDARY,localhost:27018,normal,187,187,187,local,1,False,partition,,,,0.26,True,False,
1789631791.3897386,188,client_mr,READ_PRIMARY,primary,normal,188,188,187,local,1,False,partition,,,,0.11,True,False,
1789631791.3900652,188,client_mr,READ_SECONDARY,localhost:27019,normal,188,187,188,local,1,False,partition,,,,0.33,True,True,
1789631791.3903656,189,client_mr,READ_PRIMARY,primary,normal,189,189,188,local,1,False,partition,,,,0.13,True,False,
1789631791.390634,189,client_mr,READ_SECONDARY,localhost:27018,normal,189,189,189,local,1,False,partition,,,,0.27,True,False,
1789631791.3909514,190,client_mr,READ_PRIMARY,primary,normal,190,190,189,local,1,False,partition,,,,0.13,True,False,
1789631791.3911295,190,client_mr,READ_SECONDARY,localhost:27019,normal,190,189,190,local,1,False,partition,,,,0.18,True,True,
1789631791.3914685,191,client_mr,READ_PRIMARY,primary,normal,191,191,190,local,1,False,partition,,,,0.12,True,False,
1789631791.3916698,191,client_mr,READ_SECONDARY,localhost:27018,normal,191,191,191,local,1,False,partition,,,,0.2,True,False,
1789631791.3919504,192,client_mr,READ_PRIMARY,primary,normal,192,192,191,local,1,False,partition,,,,0.12,True,False,
1789631791.392222,192,client_mr,READ_SECONDARY,localhost:27019,normal,192,191,192,local,1,False,partition,,,,0.27,True,True,
1789631791.3924932,193,client_mr,READ_PRIMARY,primary,normal,193,193,192,local,1,False,partition,,,,0.12,True,False,
1789631791.392759,193,client_mr,READ_SECONDARY,localhost:27018,normal,193,193,193,local,1,False,partition,,,,0.26,True,False,
1789631791.3931074,194,client_mr,READ_PRIMARY,primary,normal,194,194,193,local,1,False,partition,,,,0.15,True,False,
1789631791.3933375,194,client_mr,READ_SECONDARY,localhost:27019,normal,194,193,194,local,1,False,partition,,,,0.23,True,True,
1789631791.3936942,195,client_mr,READ_PRIMARY,primary,normal,195,195,194,local,1,False,partition,,,,0.19,True,False,
1789631791.3939974,195,client_mr,READ_SECONDARY,localhost:27018,normal,195,195,195,local,1,False,partition,,,,0.3,True,False,
1789631791.3944564,196,client_mr,READ_PRIMARY,primary,normal,196,196,195,local,1,False,partition,,,,0.2,True,False,
1789631791.3946385,196,client_mr,READ_SECONDARY,localhost:27019,normal,196,195,196,local,1,False,partition,,,,0.18,True,True,
1789631791.394969,197,client_mr,READ_PRIMARY,primary,normal,197,197,196,local,1,False,partition,,,,0.17,True,False,
1789631791.3951833,197,client_mr,READ_SECONDARY,localhost:27018,normal,197,197,197,local,1,False,partition,,,,0.21,True,False,
1789631791.3955994,198,client_mr,READ_PRIMARY,primary,normal,198,198,197,local,1,False,partition,,,,0.25,True,False,
1789631791.3958764,198,client_mr,READ_SECONDARY,localhost:27019,normal,198,197,198,local,1,False,partition,,,,0.28,True,True,
1789631791.396347,199,client_mr,READ_PRIMARY,primary,normal,199,199,198,local,1,False,partition,,,,0.22,True,False,
1789631791.396557,199,client_mr,READ_SECONDARY,localhost:27018,normal,199,199,199,local,1,False,partition,,,,0.21,True,False,
1789631802.3597326,200,client_mr,READ_PRIMARY,primary,partition,200,200,199,local,1,False,partition,primary_network_disconnect,mongo1,1789631791.5784495,0.34,True,False,
1789631802.3600988,200,client_mr,READ_SECONDARY,localhost:27019,partition,200,200,200,local,1,False,partition,primary_network_disconnect,mongo1,1789631791.5784495,0.36,True,False,
1789631802.3607426,201,client_mr,READ_PRIMARY,primary,partition,201,201,200,local,1,False,partition,,,,0.31,True,False,
1789631802.3611195,201,client_mr,READ_SECONDARY,localhost:27018,partition,201,201,201,local,1,False,partition,,,,0.37,True,False,
1789631802.3620112,202,client_mr,READ_PRIMARY,primary,partition,202,202,201,local,1,False,partition,,,,0.46,True,False,
1789631802.36233,202,client_mr,READ_SECONDARY,localhost:27019,partition,202,202,202,local,1,False,partition,,,,0.32,True,False,
1789631802.3628728,203,client_mr,READ_PRIMARY,primary,partition,203,203,202,local,1,False,partition,,,,0.25,True,False,
1789631802.3632245,203,client_mr,READ_SECONDARY,localhost:27018,partition,203,203,203,local,1,False,partition,,,,0.35,True,False,
1789631802.3638403,204,client_mr,READ_PRIMARY,primary,partition,204,204,203,local,1,False,partition,,,,0.24,True,False,
1789631802.364213,204,client_mr,READ_SECONDARY,localhost:27019,partition,204,204,204,local,1,False,partition,,,,0.37,True,False,
1789631802.364936,205,client_mr,READ_PRIMARY,primary,partition,205,205,204,local,1,False,partition,,,,0.41,True,False,
1789631802.3651671,205,client_mr,READ_SECONDARY,localhost:27018,partition,205,205,205,local,1,False,partition,,,,0.23,True,False,
1789631802.3659601,206,client_mr,READ_PRIMARY,primary,partition,206,206,205,local,1,False,partition,,,,0.48,True,False,
1789631802.3663235,206,client_mr,READ_SECONDARY,localhost:27019,partition,206,206,206,local,1,False,partition,,,,0.36,True,False,
1789631802.3669028,207,client_mr,READ_PRIMARY,primary,partition,207,207,206,local,1,False,partition,,,,0.29,True,False,
1789631802.3671665,207,client_mr,READ_SECONDARY,localhost:27018,partition,207,207,207,local,1,False,partition,,,,0.26,True,False,
1789631802.3678536,208,client_mr,READ_PRIMARY,primary,partition,208,208,207,local,1,False,partition,,,,0.39,True,False,
1789631802.3682342,208,client_mr,READ_SECONDARY,localhost:27019,partition,208,208,208,local,1,False,partition,,,,0.38,True,False,
1789631802.3687906,209,client_mr,READ_PRIMARY,primary,partition,209,209,208,local,1,False,partition,,,,0.24,True,False,
1789631802.3691802,209,client_mr,READ_SECONDARY,localhost:27018,partition,209,209,209,local,1,False,partition,,,,0.39,True,False,
1789631802.3698926,210,client_mr,READ_PRIMARY,primary,partition,210,210,209,local,1,False,partition,,,,0.42,True,False,
1789631802.370226,210,client_mr,READ_SECONDARY,localhost:27019,partition,210,210,210,local,1,False,partition,,,,0.33,True,False,
1789631802.3707733,211,client_mr,READ_PRIMARY,primary,partition,211,211,210,local,1,False,partition,,,,0.3,True,False,
1789631802.3710938,211,client_mr,READ_SECONDARY,localhost:27018,partition,211,211,211,local,1,False,partition,,,,0.32,True,False,
1789631802.3718712,212,client_mr,READ_PRIMARY,primary,partition,212,212,211,local,1,False,partition,,,,0.35,True,False,
1789631802.37208,212,client_mr,READ_SECONDARY,localhost:27019,partition,212,212,212,local,1,False,partition,,,,0.21,True,False,
1789631802.3726902,213,client_mr,READ_PRIMARY,primary,partition,213,213,212,local,1,False,partition,,,,0.34,True,False,
1789631802.3729656,213,client_mr,READ_SECONDARY,localhost:27018,partition,213,213,213,local,1,False,partition,,,,0.27,True,False,
1789631802.3736098,214,client_mr,READ_PRIMARY,primary,partition,214,214,213,local,1,False,partition,,,,0.34,True,False,
1789631802.3739276,214,client_mr,READ_SECONDARY,localhost:27019,partition,214,214,214,local,1,False,partition,,,,0.32,True,False,
1789631802.3744977,215,client_mr,READ_PRIMARY,primary,partition,215,215,214,local,1,False,partition,,,,0.22,True,False,
1789631802.374819,215,client_mr,READ_SECONDARY,localhost:27018,partition,215,215,215,local,1,False,partition,,,,0.32,True,False,
1789631802.3755052,216,client_mr,READ_PRIMARY,primary,partition,216,216,215,local,1,False,partition,,,,0.35,True,False,
1789631802.3757002,216,client_mr,READ_SECONDARY,localhost:27019,partition,216,216,216,local,1,False,partition,,,,0.19,True,False,
1789631802.3762884,217,client_mr,READ_PRIMARY,primary,partition,217,217,216,local,1,False,partition,,,,0.28,True,False,
1789631802.3766465,217,client_mr,READ_SECONDARY,localhost:27018,partition,217,217,217,local,1,False,partition,,,,0.36,True,False,
1789631802.3773284,218,client_mr,READ_PRIMARY,primary,partition,218,218,217,local,1,False,partition,,,,0.38,True,False,
1789631802.3775413,218,client_mr,READ_SECONDARY,localhost:27019,partition,218,218,218,local,1,False,partition,,,,0.21,True,False,
1789631802.378203,219,client_mr,READ_PRIMARY,primary,partition,219,219,218,local,1,False,partition,,,,0.33,True,False,
1789631802.3784678,219,client_mr,READ_SECONDARY,localhost:27018,partition,219,219,219,local,1,False,partition,,,,0.26,True,False,
1789631802.3792076,220,client_mr,READ_PRIMARY,primary,partition,220,220,219,local,1,False,partition,,,,0.45,True,False,
1789631802.3795524,220,client_mr,READ_SECONDARY,localhost:27019,partition,220,220,220,local,1,False,partition,,,,0.34,True,False,
1789631802.3802516,221,client_mr,READ_PRIMARY,primary,partition,221,221,220,local,1,False,partition,,,,0.43,True,False,
1789631802.380499,221,client_mr,READ_SECONDARY,localhost:27018,partition,221,221,221,local,1,False,partition,,,,0.25,True,False,
1789631802.3810441,222,client_mr,READ_PRIMARY,primary,partition,222,222,221,local,1,False,partition,,,,0.26,True,False,
1789631802.3813155,222,client_mr,READ_SECONDARY,localhost:27019,partition,222,222,222,local,1,False,partition,,,,0.27,True,False,
1789631802.3822174,223,client_mr,READ_PRIMARY,primary,partition,223,223,222,local,1,False,partition,,,,0.49,True,False,
1789631802.3824267,223,client_mr,READ_SECONDARY,localhost:27018,partition,223,223,223,local,1,False,partition,,,,0.21,True,False,
1789631802.3830986,224,client_mr,READ_PRIMARY,primary,partition,224,224,223,local,1,False,partition,,,,0.35,True,False,
1789631802.383405,224,client_mr,READ_SECONDARY,localhost:27019,partition,224,224,224,local,1,False,partition,,,,0.3,True,False,
1789631802.3838882,225,client_mr,READ_PRIMARY,primary,partition,225,225,224,local,1,False,partition,,,,0.17,True,False,
1789631802.3842118,225,client_mr,READ_SECONDARY,localhost:27018,partition,225,225,225,local,1,False,partition,,,,0.32,True,False,
1789631802.3849177,226,client_mr,READ_PRIMARY,primary,partition,226,226,225,local,1,False,partition,,,,0.42,True,False,
1789631802.3851674,226,client_mr,READ_SECONDARY,localhost:27019,partition,226,226,226,local,1,False,partition,,,,0.25,True,False,
1789631802.3856504,227,client_mr,READ_PRIMARY,primary,partition,227,227,226,local,1,False,partition,,,,0.22,True,False,
1789631802.3859842,227,client_mr,READ_SECONDARY,localhost:27018,partition,227,226,227,local,1,False,partition,,,,0.33,True,True,
1789631802.3867178,228,client_mr,READ_PRIMARY,primary,partition,228,228,227,local,1,False,partition,,,,0.43,True,False,
1789631802.3869503,228,client_mr,READ_SECONDARY,localhost:27019,partition,228,228,228,local,1,False,partition,,,,0.23,True,False,
1789631802.387614,229,client_mr,READ_PRIMARY,primary,partition,229,229,228,local,1,False,partition,,,,0.38,True,False,
1789631802.3879125,229,client_mr,READ_SECONDARY,localhost:27018,partition,229,229,229,local,1,False,partition,,,,0.3,True,False,
1789631802.38832,230,client_mr,READ_PRIMARY,primary,partition,230,230,229,local,1,False,partition,,,,0.13,True,False,
1789631802.3886085,230,client_mr,READ_SECONDARY,localhost:27019,partition,230,230,230,local,1,False,partition,,,,0.29,True,False,
1789631802.389109,231,client_mr,READ_PRIMARY,primary,partition,231,231,230,local,1,False,partition,,,,0.21,True,False,
1789631802.3893225,231,client_mr,READ_SECONDARY,localhost:27018,partition,231,230,231,local,1,False,partition,,,,0.21,True,True,
1789631802.3899052,232,client_mr,READ_PRIMARY,primary,partition,232,232,231,local,1,False,partition,,,,0.34,True,False,
1789631802.3901844,232,client_mr,READ_SECONDARY,localhost:27019,partition,232,232,232,local,1,False,partition,,,,0.28,True,False,
1789631802.3908474,233,client_mr,READ_PRIMARY,primary,partition,233,233,232,local,1,False,partition,,,,0.37,True,False,
1789631802.3911657,233,client_mr,READ_SECONDARY,localhost:27018,partition,233,233,233,local,1,False,partition,,,,0.32,True,False,
1789631802.391655,234,client_mr,READ_PRIMARY,primary,partition,234,234,233,local,1,False,partition,,,,0.26,True,False,
1789631802.391925,234,client_mr,READ_SECONDARY,localhost:27019,partition,234,234,234,local,1,False,partition,,,,0.27,True,False,
1789631802.392605,235,client_mr,READ_PRIMARY,primary,partition,235,235,234,local,1,False,partition,,,,0.34,True,False,
1789631802.3929105,235,client_mr,READ_SECONDARY,localhost:27018,partition,235,235,235,local,1,False,partition,,,,0.3,True,False,
1789631802.3933022,236,client_mr,READ_PRIMARY,primary,partition,236,236,235,local,1,False,partition,,,,0.16,True,False,
1789631802.3935614,236,client_mr,READ_SECONDARY,localhost:27019,partition,236,236,236,local,1,False,partition,,,,0.26,True,False,
1789631802.3942406,237,client_mr,READ_PRIMARY,primary,partition,237,237,236,local,1,False,partition,,,,0.39,True,False,
1789631802.3945405,237,client_mr,READ_SECONDARY,localhost:27018,partition,237,237,237,local,1,False,partition,,,,0.3,True,False,
1789631802.39498,238,client_mr,READ_PRIMARY,primary,partition,238,238,237,local,1,False,partition,,,,0.16,True,False,
1789631802.3952303,238,client_mr,READ_SECONDARY,localhost:27019,partition,238,238,238,local,1,False,partition,,,,0.25,True,False,
1789631802.395682,239,client_mr,READ_PRIMARY,primary,partition,239,239,238,local,1,False,partition,,,,0.19,True,False,
1789631802.3959405,239,client_mr,READ_SECONDARY,localhost:27018,partition,239,239,239,local,1,False,partition,,,,0.26,True,False,
1789631802.3965156,240,client_mr,READ_PRIMARY,primary,partition,240,240,239,local,1,False,partition,,,,0.33,True,False,
1789631802.3968575,240,client_mr,READ_SECONDARY,localhost:27019,partition,240,240,240,local,1,False,partition,,,,0.34,True,False,
1789631802.397365,241,client_mr,READ_PRIMARY,primary,partition,241,241,240,local,1,False,partition,,,,0.25,True,False,
1789631802.3975928,241,client_mr,READ_SECONDARY,localhost:27018,partition,241,241,241,local,1,False,partition,,,,0.23,True,False,
1789631802.3981206,242,client_mr,READ_PRIMARY,primary,partition,242,242,241,local,1,False,partition,,,,0.25,True,False,
1789631802.3984206,242,client_mr,READ_SECONDARY,localhost:27019,partition,242,242,242,local,1,False,partition,,,,0.3,True,False,
1789631802.3990078,243,client_mr,READ_PRIMARY,primary,partition,243,243,242,local,1,False,partition,,,,0.28,True,False,
1789631802.399323,243,client_mr,READ_SECONDARY,localhost:27018,partition,243,243,243,local,1,False,partition,,,,0.31,True,False,
1789631802.3999665,244,client_mr,READ_PRIMARY,primary,partition,244,244,243,local,1,False,partition,,,,0.32,True,False,
1789631802.400283,244,client_mr,READ_SECONDARY,localhost:27019,partition,244,244,244,local,1,False,partition,,,,0.31,True,False,
1789631802.4007752,245,client_mr,READ_PRIMARY,primary,partition,245,245,244,local,1,False,partition,,,,0.19,True,False,
1789631802.4010801,245,client_mr,READ_SECONDARY,localhost:27018,partition,245,244,245,local,1,False,partition,,,,0.3,True,True,
1789631802.4015338,246,client_mr,READ_PRIMARY,primary,partition,246,246,245,local,1,False,partition,,,,0.26,True,False,
1789631802.4017282,246,client_mr,READ_SECONDARY,localhost:27019,partition,246,246,246,local,1,False,partition,,,,0.19,True,False,
1789631802.4022226,247,client_mr,READ_PRIMARY,primary,partition,247,247,246,local,1,False,partition,,,,0.21,True,False,
1789631802.4024582,247,client_mr,READ_SECONDARY,localhost:27018,partition,247,247,247,local,1,False,partition,,,,0.23,True,False,
1789631802.4031224,248,client_mr,READ_PRIMARY,primary,partition,248,248,247,local,1,False,partition,,,,0.22,True,False,
1789631802.403396,248,client_mr,READ_SECONDARY,localhost:27019,partition,248,248,248,local,1,False,partition,,,,0.27,True,False,
1789631802.4038918,249,client_mr,READ_PRIMARY,primary,partition,249,249,248,local,1,False,partition,,,,0.23,True,False,
1789631802.404091,249,client_mr,READ_SECONDARY,localhost:27018,partition,249,248,249,local,1,False,partition,,,,0.2,True,True,
1789631802.4047656,250,client_mr,READ_PRIMARY,primary,partition,250,250,249,local,1,False,partition,,,,0.34,True,False,
1789631802.4050252,250,client_mr,READ_SECONDARY,localhost:27019,partition,250,250,250,local,1,False,partition,,,,0.26,True,False,
1789631802.4055233,251,client_mr,READ_PRIMARY,primary,partition,251,251,250,local,1,False,partition,,,,0.17,True,False,
1789631802.4057548,251,client_mr,READ_SECONDARY,localhost:27018,partition,251,250,251,local,1,False,partition,,,,0.23,True,True,
1789631802.4062884,252,client_mr,READ_PRIMARY,primary,partition,252,252,251,local,1,False,partition,,,,0.26,True,False,
1789631802.406543,252,client_mr,READ_SECONDARY,localhost:27019,partition,252,252,252,local,1,False,partition,,,,0.25,True,False,
1789631802.4070694,253,client_mr,READ_PRIMARY,primary,partition,253,253,252,local,1,False,partition,,,,0.27,True,False,
1789631802.4073133,253,client_mr,READ_SECONDARY,localhost:27018,partition,253,253,253,local,1,False,partition,,,,0.24,True,False,
1789631802.4078734,254,client_mr,READ_PRIMARY,primary,partition,254,254,253,local,1,False,partition,,,,0.29,True,False,
1789631802.4081192,254,client_mr,READ_SECONDARY,localhost:27019,partition,254,254,254,local,1,False,partition,,,,0.24,True,False,
1789631802.4086516,255,client_mr,READ_PRIMARY,primary,partition,255,255,254,local,1,False,partition,,,,0.22,True,False,
1789631802.4089665,255,client_mr,READ_SECONDARY,localhost:27018,partition,255,255,255,local,1,False,partition,,,,0.31,True,False,
1789631802.4094203,256,client_mr,READ_PRIMARY,primary,partition,256,256,255,local,1,False,partition,,,,0.17,True,False,
1789631802.4096723,256,client_mr,READ_SECONDARY,localhost:27019,partition,256,256,256,local,1,False,partition,,,,0.25,True,False,
1789631802.410525,257,client_mr,READ_PRIMARY,primary,partition,257,257,256,local,1,False,partition,,,,0.53,True,False,
1789631802.4108849,257,client_mr,READ_SECONDARY,localhost:27018,partition,257,257,257,local,1,False,partition,,,,0.36,True,False,
1789631802.4115546,258,client_mr,READ_PRIMARY,primary,partition,258,258,257,local,1,False,partition,,,,0.31,True,False,
1789631802.411786,258,client_mr,READ_SECONDARY,localhost:27019,partition,258,258,258,local,1,False,partition,,,,0.23,True,False,
1789631802.412385,259,client_mr,READ_PRIMARY,primary,partition,259,259,258,local,1,False,partition,,,,0.33,True,False,
1789631802.4126167,259,client_mr,READ_SECONDARY,localhost:27018,partition,259,259,259,local,1,False,partition,,,,0.23,True,False,
1789631802.413031,260,client_mr,READ_PRIMARY,primary,partition,260,260,259,local,1,False,partition,,,,0.16,True,False,
1789631802.4133642,260,client_mr,READ_SECONDARY,localhost:27019,partition,260,260,260,local,1,False,partition,,,,0.33,True,False,
1789631802.4139545,261,client_mr,READ_PRIMARY,primary,partition,261,261,260,local,1,False,partition,,,,0.34,True,False,
1789631802.414178,261,client_mr,READ_SECONDARY,localhost:27018,partition,261,261,261,local,1,False,partition,,,,0.22,True,False,
1789631802.4147544,262,client_mr,READ_PRIMARY,primary,partition,262,262,261,local,1,False,partition,,,,0.32,True,False,
1789631802.4150152,262,client_mr,READ_SECONDARY,localhost:27019,partition,262,262,262,local,1,False,partition,,,,0.26,True,False,
1789631802.4155903,263,client_mr,READ_PRIMARY,primary,partition,263,263,262,local,1,False,partition,,,,0.34,True,False,
1789631802.4159322,263,client_mr,READ_SECONDARY,localhost:27018,partition,263,263,263,local,1,False,partition,,,,0.34,True,False,
1789631802.416376,264,client_mr,READ_PRIMARY,primary,partition,264,264,263,local,1,False,partition,,,,0.15,True,False,
1789631802.416692,264,client_mr,READ_SECONDARY,localhost:27019,partition,264,264,264,local,1,False,partition,,,,0.31,True,False,
1789631802.4172585,265,client_mr,READ_PRIMARY,primary,partition,265,265,264,local,1,False,partition,,,,0.28,True,False,
1789631802.417577,265,client_mr,READ_SECONDARY,localhost:27018,partition,265,264,265,local,1,False,partition,,,,0.32,True,True,
1789631802.4182682,266,client_mr,READ_PRIMARY,primary,partition,266,266,265,local,1,False,partition,,,,0.29,True,False,
1789631802.4185178,266,client_mr,READ_SECONDARY,localhost:27019,partition,266,266,266,local,1,False,partition,,,,0.25,True,False,
1789631802.4189463,267,client_mr,READ_PRIMARY,primary,partition,267,267,266,local,1,False,partition,,,,0.19,True,False,
1789631802.4192438,267,client_mr,READ_SECONDARY,localhost:27018,partition,267,266,267,local,1,False,partition,,,,0.3,True,True,
1789631802.419762,268,client_mr,READ_PRIMARY,primary,partition,268,268,267,local,1,False,partition,,,,0.24,True,False,
1789631802.420063,268,client_mr,READ_SECONDARY,localhost:27019,partition,268,268,268,local,1,False,partition,,,,0.3,True,False,
1789631802.4207575,269,client_mr,READ_PRIMARY,primary,partition,269,269,268,local,1,False,partition,,,,0.37,True,False,
1789631802.420987,269,client_mr,READ_SECONDARY,localhost:27018,partition,269,269,269,local,1,False,partition,,,,0.23,True,False,
1789631802.4215734,270,client_mr,READ_PRIMARY,primary,partition,270,270,269,local,1,False,partition,,,,0.32,True,False,
1789631802.4217885,270,client_mr,READ_SECONDARY,localhost:27019,partition,270,270,270,local,1,False,partition,,,,0.21,True,False,
1789631802.4223197,271,client_mr,READ_PRIMARY,primary,partition,271,271,270,local,1,False,partition,,,,0.28,True,False,
1789631802.42255,271,client_mr,READ_SECONDARY,localhost:27018,partition,271,271,271,local,1,False,partition,,,,0.23,True,False,
1789631802.4229324,272,client_mr,READ_PRIMARY,primary,partition,272,272,271,local,1,False,partition,,,,0.13,True,False,
1789631802.4232035,272,client_mr,READ_SECONDARY,localhost:27019,partition,272,272,272,local,1,False,partition,,,,0.27,True,False,
1789631802.4236677,273,client_mr,READ_PRIMARY,primary,partition,273,273,272,local,1,False,partition,,,,0.2,True,False,
1789631802.4238925,273,client_mr,READ_SECONDARY,localhost:27018,partition,273,273,273,local,1,False,partition,,,,0.22,True,False,
1789631802.4244337,274,client_mr,READ_PRIMARY,primary,partition,274,274,273,local,1,False,partition,,,,0.25,True,False,
1789631802.424703,274,client_mr,READ_SECONDARY,localhost:27019,partition,274,274,274,local,1,False,partition,,,,0.27,True,False,
1789631802.4251535,275,client_mr,READ_PRIMARY,primary,partition,275,275,274,local,1,False,partition,,,,0.22,True,False,
1789631802.4254248,275,client_mr,READ_SECONDARY,localhost:27018,partition,275,275,275,local,1,False,partition,,,,0.27,True,False,
1789631802.4260325,276,client_mr,READ_PRIMARY,primary,partition,276,276,275,local,1,False,partition,,,,0.28,True,False,
1789631802.4261594,276,client_mr,READ_SECONDARY,localhost:27019,partition,276,276,276,local,1,False,partition,,,,0.12,True,False,
1789631802.426737,277,client_mr,READ_PRIMARY,primary,partition,277,277,276,local,1,False,partition,,,,0.36,True,False,
1789631802.4269106,277,client_mr,READ_SECONDARY,localhost:27018,partition,277,277,277,local,1,False,partition,,,,0.17,True,False,
1789631802.4274352,278,client_mr,READ_PRIMARY,primary,partition,278,278,277,local,1,False,partition,,,,0.27,True,False,
1789631802.4276683,278,client_mr,READ_SECONDARY,localhost:27019,partition,278,278,278,local,1,False,partition,,,,0.23,True,False,
1789631802.4280605,279,client_mr,READ_PRIMARY,primary,partition,279,279,278,local,1,False,partition,,,,0.16,True,False,
1789631802.428274,279,client_mr,READ_SECONDARY,localhost:27018,partition,279,279,279,local,1,False,partition,,,,0.21,True,False,
1789631802.4286733,280,client_mr,READ_PRIMARY,primary,partition,280,280,279,local,1,False,partition,,,,0.16,True,False,
1789631802.4289274,280,client_mr,READ_SECONDARY,localhost:27019,partition,280,280,280,local,1,False,partition,,,,0.25,True,False,
1789631802.429323,281,client_mr,READ_PRIMARY,primary,partition,281,281,280,local,1,False,partition,,,,0.19,True,False,
1789631802.4295096,281,client_mr,READ_SECONDARY,localhost:27018,partition,281,280,281,local,1,False,partition,,,,0.19,True,True,
1789631802.4299507,282,client_mr,READ_PRIMARY,primary,partition,282,282,281,local,1,False,partition,,,,0.18,True,False,
1789631802.4302633,282,client_mr,READ_SECONDARY,localhost:27019,partition,282,282,282,local,1,False,partition,,,,0.31,True,False,
1789631802.430733,283,client_mr,READ_PRIMARY,primary,partition,283,283,282,local,1,False,partition,,,,0.2,True,False,
1789631802.4309826,283,client_mr,READ_SECONDARY,localhost:27018,partition,283,283,283,local,1,False,partition,,,,0.25,True,False,
1789631802.4315293,284,client_mr,READ_PRIMARY,primary,partition,284,284,283,local,1,False,partition,,,,0.32,True,False,
1789631802.4317343,284,client_mr,READ_SECONDARY,localhost:27019,partition,284,284,284,local,1,False,partition,,,,0.2,True,False,
1789631802.4323072,285,client_mr,READ_PRIMARY,primary,partition,285,285,284,local,1,False,partition,,,,0.32,True,False,
1789631802.4326816,285,client_mr,READ_SECONDARY,localhost:27018,partition,285,285,285,local,1,False,partition,,,,0.37,True,False,
1789631802.4332972,286,client_mr,READ_PRIMARY,primary,partition,286,286,285,local,1,False,partition,,,,0.33,True,False,
1789631802.4335737,286,client_mr,READ_SECONDARY,localhost:27019,partition,286,286,286,local,1,False,partition,,,,0.28,True,False,
1789631802.434196,287,client_mr,READ_PRIMARY,primary,partition,287,287,286,local,1,False,partition,,,,0.25,True,False,
1789631802.4344215,287,client_mr,READ_SECONDARY,localhost:27018,partition,287,287,287,local,1,False,partition,,,,0.22,True,False,
1789631802.4348989,288,client_mr,READ_PRIMARY,primary,partition,288,288,287,local,1,False,partition,,,,0.23,True,False,
1789631802.4352386,288,client_mr,READ_SECONDARY,localhost:27019,partition,288,288,288,local,1,False,partition,,,,0.34,True,False,
1789631802.435748,289,client_mr,READ_PRIMARY,primary,partition,289,289,288,local,1,False,partition,,,,0.25,True,False,
1789631802.4360042,289,client_mr,READ_SECONDARY,localhost:27018,partition,289,289,289,local,1,False,partition,,,,0.25,True,False,
1789631802.4364982,290,client_mr,READ_PRIMARY,primary,partition,290,290,289,local,1,False,partition,,,,0.13,True,False,
1789631802.4368784,290,client_mr,READ_SECONDARY,localhost:27019,partition,290,290,290,local,1,False,partition,,,,0.38,True,False,
1789631802.4375162,291,client_mr,READ_PRIMARY,primary,partition,291,291,290,local,1,False,partition,,,,0.36,True,False,
1789631802.4377675,291,client_mr,READ_SECONDARY,localhost:27018,partition,291,291,291,local,1,False,partition,,,,0.25,True,False,
1789631802.438288,292,client_mr,READ_PRIMARY,primary,partition,292,292,291,local,1,False,partition,,,,0.17,True,False,
1789631802.4384978,292,client_mr,READ_SECONDARY,localhost:27019,partition,292,292,292,local,1,False,partition,,,,0.21,True,False,
1789631802.4389744,293,client_mr,READ_PRIMARY,primary,partition,293,293,292,local,1,False,partition,,,,0.14,True,False,
1789631802.4392397,293,client_mr,READ_SECONDARY,localhost:27018,partition,293,292,293,local,1,False,partition,,,,0.26,True,True,
1789631802.4398613,294,client_mr,READ_PRIMARY,primary,partition,294,294,293,local,1,False,partition,,,,0.32,True,False,
1789631802.440122,294,client_mr,READ_SECONDARY,localhost:27019,partition,294,294,294,local,1,False,partition,,,,0.26,True,False,
1789631802.4405732,295,client_mr,READ_PRIMARY,primary,partition,295,295,294,local,1,False,partition,,,,0.17,True,False,
1789631802.4408348,295,client_mr,READ_SECONDARY,localhost:27018,partition,295,294,295,local,1,False,partition,,,,0.26,True,True,
1789631802.4414384,296,client_mr,READ_PRIMARY,primary,partition,296,296,295,local,1,False,partition,,,,0.28,True,False,
1789631802.4417267,296,client_mr,READ_SECONDARY,localhost:27019,partition,296,296,296,local,1,False,partition,,,,0.29,True,False,
1789631802.442418,297,client_mr,READ_PRIMARY,primary,partition,297,297,296,local,1,False,partition,,,,0.31,True,False,
1789631802.4428186,297,client_mr,READ_SECONDARY,localhost:27018,partition,297,297,297,local,1,False,partition,,,,0.4,True,False,
1789631802.4431264,298,client_mr,READ_PRIMARY,primary,partition,298,298,297,local,1,False,partition,,,,0.13,True,False,
1789631802.443352,298,client_mr,READ_SECONDARY,localhost:27019,partition,298,298,298,local,1,False,partition,,,,0.22,True,False,
1789631802.4436867,299,client_mr,READ_PRIMARY,primary,partition,299,299,298,local,1,False,partition,,,,0.13,True,False,
1789631802.4439683,299,client_mr,READ_SECONDARY,localhost:27018,partition,299,298,299,local,1,False,partition,,,,0.28,True,True,
1789631802.4443688,300,client_mr,READ_PRIMARY,primary,partition,300,300,299,local,1,False,partition,,,,0.17,True,False,
1789631802.4446583,300,client_mr,READ_SECONDARY,localhost:27019,partition,300,300,300,local,1,False,partition,,,,0.29,True,False,
1789631802.4450543,301,client_mr,READ_PRIMARY,primary,partition,301,301,300,local,1,False,partition,,,,0.21,True,False,
1789631802.4453492,301,client_mr,READ_SECONDARY,localhost:27018,partition,301,300,301,local,1,False,partition,,,,0.29,True,True,
1789631802.4457035,302,client_mr,READ_PRIMARY,primary,partition,302,302,301,local,1,False,partition,,,,0.15,True,False,
1789631802.4460557,302,client_mr,READ_SECONDARY,localhost:27019,partition,302,302,302,local,1,False,partition,,,,0.35,True,False,
1789631802.446672,303,client_mr,READ_PRIMARY,primary,partition,303,303,302,local,1,False,partition,,,,0.29,True,False,
1789631802.4468765,303,client_mr,READ_SECONDARY,localhost:27018,partition,303,302,303,local,1,False,partition,,,,0.2,True,True,
1789631802.447517,304,client_mr,READ_PRIMARY,primary,partition,304,304,303,local,1,False,partition,,,,0.39,True,False,
1789631802.4477727,304,client_mr,READ_SECONDARY,localhost:27019,partition,304,304,304,local,1,False,partition,,,,0.25,True,False,
1789631802.44824,305,client_mr,READ_PRIMARY,primary,partition,305,305,304,local,1,False,partition,,,,0.17,True,False,
1789631802.4485006,305,client_mr,READ_SECONDARY,localhost:27018,partition,305,305,305,local,1,False,partition,,,,0.26,True,False,
1789631802.448989,306,client_mr,READ_PRIMARY,primary,partition,306,306,305,local,1,False,partition,,,,0.2,True,False,
1789631802.4493618,306,client_mr,READ_SECONDARY,localhost:27019,partition,306,306,306,local,1,False,partition,,,,0.37,True,False,
1789631802.4498813,307,client_mr,READ_PRIMARY,primary,partition,307,307,306,local,1,False,partition,,,,0.28,True,False,
1789631802.4501653,307,client_mr,READ_SECONDARY,localhost:27018,partition,307,307,307,local,1,False,partition,,,,0.28,True,False,
1789631802.4509144,308,client_mr,READ_PRIMARY,primary,partition,308,308,307,local,1,False,partition,,,,0.37,True,False,
1789631802.4512825,308,client_mr,READ_SECONDARY,localhost:27019,partition,308,308,308,local,1,False,partition,,,,0.37,True,False,
1789631802.4517448,309,client_mr,READ_PRIMARY,primary,partition,309,309,308,local,1,False,partition,,,,0.2,True,False,
1789631802.451999,309,client_mr,READ_SECONDARY,localhost:27018,partition,309,308,309,local,1,False,partition,,,,0.25,True,True,
1789631802.45267,310,client_mr,READ_PRIMARY,primary,partition,310,310,309,local,1,False,partition,,,,0.36,True,False,
1789631802.4529555,310,client_mr,READ_SECONDARY,localhost:27019,partition,310,310,310,local,1,False,partition,,,,0.28,True,False,
1789631802.4534338,311,client_mr,READ_PRIMARY,primary,partition,311,311,310,local,1,False,partition,,,,0.23,True,False,
1789631802.4537888,311,client_mr,READ_SECONDARY,localhost:27018,partition,311,311,311,local,1,False,partition,,,,0.35,True,False,
1789631802.4543037,312,client_mr,READ_PRIMARY,primary,partition,312,312,311,local,1,False,partition,,,,0.19,True,False,
1789631802.4544976,312,client_mr,READ_SECONDARY,localhost:27019,partition,312,312,312,local,1,False,partition,,,,0.19,True,False,
1789631802.4549532,313,client_mr,READ_PRIMARY,primary,partition,313,313,312,local,1,False,partition,,,,0.24,True,False,
1789631802.4551392,313,client_mr,READ_SECONDARY,localhost:27018,partition,313,313,313,local,1,False,partition,,,,0.18,True,False,
1789631802.4556088,314,client_mr,READ_PRIMARY,primary,partition,314,314,313,local,1,False,partition,,,,0.23,True,False,
1789631802.4558406,314,client_mr,READ_SECONDARY,localhost:27019,partition,314,314,314,local,1,False,partition,,,,0.23,True,False,
1789631802.4563076,315,client_mr,READ_PRIMARY,primary,partition,315,315,314,local,1,False,partition,,,,0.2,True,False,
1789631802.456581,315,client_mr,READ_SECONDARY,localhost:27018,partition,315,315,315,local,1,False,partition,,,,0.27,True,False,
1789631802.4571164,316,client_mr,READ_PRIMARY,primary,partition,316,316,315,local,1,False,partition,,,,0.28,True,False,
1789631802.4573545,316,client_mr,READ_SECONDARY,localhost:27019,partition,316,316,316,local,1,False,partition,,,,0.24,True,False,
1789631802.4579191,317,client_mr,READ_PRIMARY,primary,partition,317,317,316,local,1,False,partition,,,,0.32,True,False,
1789631802.4581585,317,client_mr,READ_SECONDARY,localhost:27018,partition,317,317,317,local,1,False,partition,,,,0.24,True,False,
1789631802.4586515,318,client_mr,READ_PRIMARY,primary,partition,318,318,317,local,1,False,partition,,,,0.26,True,False,
1789631802.458891,318,client_mr,READ_SECONDARY,localhost:27019,partition,318,318,318,local,1,False,partition,,,,0.24,True,False,
1789631802.459506,319,client_mr,READ_PRIMARY,primary,partition,319,319,318,local,1,False,partition,,,,0.26,True,False,
1789631802.4598246,319,client_mr,READ_SECONDARY,localhost:27018,partition,319,319,319,local,1,False,partition,,,,0.32,True,False,
1789631802.4602873,320,client_mr,READ_PRIMARY,primary,partition,320,320,319,local,1,False,partition,,,,0.25,True,False,
1789631802.4605627,320,client_mr,READ_SECONDARY,localhost:27019,partition,320,320,320,local,1,False,partition,,,,0.27,True,False,
1789631802.461021,321,client_mr,READ_PRIMARY,primary,partition,321,321,320,local,1,False,partition,,,,0.22,True,False,
1789631802.4612563,321,client_mr,READ_SECONDARY,localhost:27018,partition,321,321,321,local,1,False,partition,,,,0.23,True,False,
1789631802.461718,322,client_mr,READ_PRIMARY,primary,partition,322,322,321,local,1,False,partition,,,,0.24,True,False,
1789631802.4620223,322,client_mr,READ_SECONDARY,localhost:27019,partition,322,322,322,local,1,False,partition,,,,0.3,True,False,
1789631802.462371,323,client_mr,READ_PRIMARY,primary,partition,323,323,322,local,1,False,partition,,,,0.14,True,False,
1789631802.4626791,323,client_mr,READ_SECONDARY,localhost:27018,partition,323,323,323,local,1,False,partition,,,,0.31,True,False,
1789631802.4629965,324,client_mr,READ_PRIMARY,primary,partition,324,324,323,local,1,False,partition,,,,0.15,True,False,
1789631802.4632401,324,client_mr,READ_SECONDARY,localhost:27019,partition,324,324,324,local,1,False,partition,,,,0.24,True,False,
1789631802.4636712,325,client_mr,READ_PRIMARY,primary,partition,325,325,324,local,1,False,partition,,,,0.23,True,False,
1789631802.4639323,325,client_mr,READ_SECONDARY,localhost:27018,partition,325,325,325,local,1,False,partition,,,,0.26,True,False,
1789631802.4642162,326,client_mr,READ_PRIMARY,primary,partition,326,326,325,local,1,False,partition,,,,0.12,True,False,
1789631802.4644752,326,client_mr,READ_SECONDARY,localhost:27019,partition,326,326,326,local,1,False,partition,,,,0.26,True,False,
1789631802.464822,327,client_mr,READ_PRIMARY,primary,partition,327,327,326,local,1,False,partition,,,,0.13,True,False,
1789631802.4651809,327,client_mr,READ_SECONDARY,localhost:27018,partition,327,327,327,local,1,False,partition,,,,0.36,True,False,
1789631802.4654684,328,client_mr,READ_PRIMARY,primary,partition,328,328,327,local,1,False,partition,,,,0.13,True,False,
1789631802.4658535,328,client_mr,READ_SECONDARY,localhost:27019,partition,328,328,328,local,1,False,partition,,,,0.38,True,False,
1789631802.4662635,329,client_mr,READ_PRIMARY,primary,partition,329,329,328,local,1,False,partition,,,,0.16,True,False,
1789631802.4666195,329,client_mr,READ_SECONDARY,localhost:27018,partition,329,329,329,local,1,False,partition,,,,0.35,True,False,
1789631802.4673336,330,client_mr,READ_PRIMARY,primary,partition,330,330,329,local,1,False,partition,,,,0.27,True,False,
1789631802.467524,330,client_mr,READ_SECONDARY,localhost:27019,partition,330,330,330,local,1,False,partition,,,,0.19,True,False,
1789631802.4678423,331,client_mr,READ_PRIMARY,primary,partition,331,331,330,local,1,False,partition,,,,0.14,True,False,
1789631802.4681375,331,client_mr,READ_SECONDARY,localhost:27018,partition,331,331,331,local,1,False,partition,,,,0.29,True,False,
1789631802.468493,332,client_mr,READ_PRIMARY,primary,partition,332,332,331,local,1,False,partition,,,,0.14,True,False,
1789631802.4687443,332,client_mr,READ_SECONDARY,localhost:27019,partition,332,332,332,local,1,False,partition,,,,0.25,True,False,
1789631802.4691248,333,client_mr,READ_PRIMARY,primary,partition,333,333,332,local,1,False,partition,,,,0.18,True,False,
1789631802.4694815,333,client_mr,READ_SECONDARY,localhost:27018,partition,333,333,333,local,1,False,partition,,,,0.36,True,False,
1789631802.4698741,334,client_mr,READ_PRIMARY,primary,partition,334,334,333,local,1,False,partition,,,,0.22,True,False,
1789631802.4701943,334,client_mr,READ_SECONDARY,localhost:27019,partition,334,334,334,local,1,False,partition,,,,0.32,True,False,
1789631802.4706633,335,client_mr,READ_PRIMARY,primary,partition,335,335,334,local,1,False,partition,,,,0.21,True,False,
1789631802.4709454,335,client_mr,READ_SECONDARY,localhost:27018,partition,335,335,335,local,1,False,partition,,,,0.28,True,False,
1789631802.4713204,336,client_mr,READ_PRIMARY,primary,partition,336,336,335,local,1,False,partition,,,,0.18,True,False,
1789631802.4715822,336,client_mr,READ_SECONDARY,localhost:27019,partition,336,336,336,local,1,False,partition,,,,0.26,True,False,
1789631802.4721713,337,client_mr,READ_PRIMARY,primary,partition,337,337,336,local,1,False,partition,,,,0.28,True,False,
1789631802.47242,337,client_mr,READ_SECONDARY,localhost:27018,partition,337,337,337,local,1,False,partition,,,,0.25,True,False,
1789631802.4730036,338,client_mr,READ_PRIMARY,primary,partition,338,338,337,local,1,False,partition,,,,0.29,True,False,
1789631802.473251,338,client_mr,READ_SECONDARY,localhost:27019,partition,338,338,338,local,1,False,partition,,,,0.25,True,False,
1789631802.473803,339,client_mr,READ_PRIMARY,primary,partition,339,339,338,local,1,False,partition,,,,0.28,True,False,
1789631802.4740882,339,client_mr,READ_SECONDARY,localhost:27018,partition,339,339,339,local,1,False,partition,,,,0.28,True,False,
1789631802.4746494,340,client_mr,READ_PRIMARY,primary,partition,340,340,339,local,1,False,partition,,,,0.22,True,False,
1789631802.4748716,340,client_mr,READ_SECONDARY,localhost:27019,partition,340,340,340,local,1,False,partition,,,,0.22,True,False,
1789631802.4754379,341,client_mr,READ_PRIMARY,primary,partition,341,341,340,local,1,False,partition,,,,0.24,True,False,
1789631802.4756277,341,client_mr,READ_SECONDARY,localhost:27018,partition,341,341,341,local,1,False,partition,,,,0.19,True,False,
1789631802.4760423,342,client_mr,READ_PRIMARY,primary,partition,342,342,341,local,1,False,partition,,,,0.13,True,False,
1789631802.476313,342,client_mr,READ_SECONDARY,localhost:27019,partition,342,342,342,local,1,False,partition,,,,0.27,True,False,
1789631802.4766505,343,client_mr,READ_PRIMARY,primary,partition,343,343,342,local,1,False,partition,,,,0.12,True,False,
1789631802.4768443,343,client_mr,READ_SECONDARY,localhost:27018,partition,343,343,343,local,1,False,partition,,,,0.19,True,False,
1789631802.477196,344,client_mr,READ_PRIMARY,primary,partition,344,344,343,local,1,False,partition,,,,0.15,True,False,
1789631802.477483,344,client_mr,READ_SECONDARY,localhost:27019,partition,344,344,344,local,1,False,partition,,,,0.29,True,False,
1789631802.4777977,345,client_mr,READ_PRIMARY,primary,partition,345,345,344,local,1,False,partition,,,,0.12,True,False,
1789631802.4780672,345,client_mr,READ_SECONDARY,localhost:27018,partition,345,345,345,local,1,False,partition,,,,0.27,True,False,
1789631802.478409,346,client_mr,READ_PRIMARY,primary,partition,346,346,345,local,1,False,partition,,,,0.16,True,False,
1789631802.478637,346,client_mr,READ_SECONDARY,localhost:27019,partition,346,346,346,local,1,False,partition,,,,0.23,True,False,
1789631802.4789708,347,client_mr,READ_PRIMARY,primary,partition,347,347,346,local,1,False,partition,,,,0.13,True,False,
1789631802.479129,347,client_mr,READ_SECONDARY,localhost:27018,partition,347,347,347,local,1,False,partition,,,,0.16,True,False,
1789631802.4794502,348,client_mr,READ_PRIMARY,primary,partition,348,348,347,local,1,False,partition,,,,0.14,True,False,
1789631802.4796464,348,client_mr,READ_SECONDARY,localhost:27019,partition,348,348,348,local,1,False,partition,,,,0.19,True,False,
1789631802.4799476,349,client_mr,READ_PRIMARY,primary,partition,349,349,348,local,1,False,partition,,,,0.12,True,False,
1789631802.4801383,349,client_mr,READ_SECONDARY,localhost:27018,partition,349,349,349,local,1,False,partition,,,,0.19,True,False,
1789631802.4804616,350,client_mr,READ_PRIMARY,primary,partition,350,350,349,local,1,False,partition,,,,0.12,True,False,
1789631802.48071,350,client_mr,READ_SECONDARY,localhost:27019,partition,350,350,350,local,1,False,partition,,,,0.25,True,False,
1789631802.481208,351,client_mr,READ_PRIMARY,primary,partition,351,351,350,local,1,False,partition,,,,0.22,True,False,
1789631802.4813433,351,client_mr,READ_SECONDARY,localhost:27018,partition,351,351,351,local,1,False,partition,,,,0.13,True,False,
1789631802.4818547,352,client_mr,READ_PRIMARY,primary,partition,352,352,351,local,1,False,partition,,,,0.27,True,False,
1789631802.4821022,352,client_mr,READ_SECONDARY,localhost:27019,partition,352,352,352,local,1,False,partition,,,,0.25,True,False,
1789631802.4825275,353,client_mr,READ_PRIMARY,primary,partition,353,353,352,local,1,False,partition,,,,0.22,True,False,
1789631802.4827845,353,client_mr,READ_SECONDARY,localhost:27018,partition,353,353,353,local,1,False,partition,,,,0.26,True,False,
1789631802.4831939,354,client_mr,READ_PRIMARY,primary,partition,354,354,353,local,1,False,partition,,,,0.12,True,False,
1789631802.4834533,354,client_mr,READ_SECONDARY,localhost:27019,partition,354,354,354,local,1,False,partition,,,,0.26,True,False,
1789631802.484049,355,client_mr,READ_PRIMARY,primary,partition,355,355,354,local,1,False,partition,,,,0.32,True,False,
1789631802.4843154,355,client_mr,READ_SECONDARY,localhost:27018,partition,355,355,355,local,1,False,partition,,,,0.23,True,False,
1789631802.4848173,356,client_mr,READ_PRIMARY,primary,partition,356,356,355,local,1,False,partition,,,,0.23,True,False,
1789631802.485061,356,client_mr,READ_SECONDARY,localhost:27019,partition,356,356,356,local,1,False,partition,,,,0.24,True,False,
1789631802.4854963,357,client_mr,READ_PRIMARY,primary,partition,357,357,356,local,1,False,partition,,,,0.19,True,False,
1789631802.4859006,357,client_mr,READ_SECONDARY,localhost:27018,partition,357,357,357,local,1,False,partition,,,,0.4,True,False,
1789631802.4865205,358,client_mr,READ_PRIMARY,primary,partition,358,358,357,local,1,False,partition,,,,0.32,True,False,
1789631802.4868557,358,client_mr,READ_SECONDARY,localhost:27019,partition,358,358,358,local,1,False,partition,,,,0.33,True,False,
1789631802.4875102,359,client_mr,READ_PRIMARY,primary,partition,359,359,358,local,1,False,partition,,,,0.33,True,False,
1789631802.4877396,359,client_mr,READ_SECONDARY,localhost:27018,partition,359,359,359,local,1,False,partition,,,,0.23,True,False,
1789631802.4884048,360,client_mr,READ_PRIMARY,primary,partition,360,360,359,local,1,False,partition,,,,0.41,True,False,
1789631802.488644,360,client_mr,READ_SECONDARY,localhost:27019,partition,360,360,360,local,1,False,partition,,,,0.24,True,False,
1789631802.4891543,361,client_mr,READ_PRIMARY,primary,partition,361,361,360,local,1,False,partition,,,,0.25,True,False,
1789631802.4894016,361,client_mr,READ_SECONDARY,localhost:27018,partition,361,361,361,local,1,False,partition,,,,0.25,True,False,
1789631802.490295,362,client_mr,READ_PRIMARY,primary,partition,362,362,361,local,1,False,partition,,,,0.31,True,False,
1789631802.4905343,362,client_mr,READ_SECONDARY,localhost:27019,partition,362,362,362,local,1,False,partition,,,,0.24,True,False,
1789631802.491051,363,client_mr,READ_PRIMARY,primary,partition,363,363,362,local,1,False,partition,,,,0.26,True,False,
1789631802.4913096,363,client_mr,READ_SECONDARY,localhost:27018,partition,363,362,363,local,1,False,partition,,,,0.26,True,True,
1789631802.4920087,364,client_mr,READ_PRIMARY,primary,partition,364,364,363,local,1,False,partition,,,,0.43,True,False,
1789631802.4922574,364,client_mr,READ_SECONDARY,localhost:27019,partition,364,364,364,local,1,False,partition,,,,0.25,True,False,
1789631802.4928443,365,client_mr,READ_PRIMARY,primary,partition,365,365,364,local,1,False,partition,,,,0.3,True,False,
1789631802.4930992,365,client_mr,READ_SECONDARY,localhost:27018,partition,365,365,365,local,1,False,partition,,,,0.25,True,False,
1789631802.4935148,366,client_mr,READ_PRIMARY,primary,partition,366,366,365,local,1,False,partition,,,,0.17,True,False,
1789631802.4938056,366,client_mr,READ_SECONDARY,localhost:27019,partition,366,366,366,local,1,False,partition,,,,0.29,True,False,
1789631802.4944468,367,client_mr,READ_PRIMARY,primary,partition,367,367,366,local,1,False,partition,,,,0.3,True,False,
1789631802.494703,367,client_mr,READ_SECONDARY,localhost:27018,partition,367,367,367,local,1,False,partition,,,,0.25,True,False,
1789631802.495176,368,client_mr,READ_PRIMARY,primary,partition,368,368,367,local,1,False,partition,,,,0.2,True,False,
1789631802.4954562,368,client_mr,READ_SECONDARY,localhost:27019,partition,368,368,368,local,1,False,partition,,,,0.28,True,False,
1789631802.4958782,369,client_mr,READ_PRIMARY,primary,partition,369,369,368,local,1,False,partition,,,,0.2,True,False,
1789631802.4962854,369,client_mr,READ_SECONDARY,localhost:27018,partition,369,369,369,local,1,False,partition,,,,0.36,True,False,
1789631802.4966533,370,client_mr,READ_PRIMARY,primary,partition,370,370,369,local,1,False,partition,,,,0.13,True,False,
1789631802.4969862,370,client_mr,READ_SECONDARY,localhost:27019,partition,370,370,370,local,1,False,partition,,,,0.33,True,False,
1789631802.4975605,371,client_mr,READ_PRIMARY,primary,partition,371,371,370,local,1,False,partition,,,,0.32,True,False,
1789631802.497901,371,client_mr,READ_SECONDARY,localhost:27018,partition,371,371,371,local,1,False,partition,,,,0.34,True,False,
1789631802.4984372,372,client_mr,READ_PRIMARY,primary,partition,372,372,371,local,1,False,partition,,,,0.2,True,False,
1789631802.498739,372,client_mr,READ_SECONDARY,localhost:27019,partition,372,372,372,local,1,False,partition,,,,0.3,True,False,
1789631802.4990823,373,client_mr,READ_PRIMARY,primary,partition,373,373,372,local,1,False,partition,,,,0.15,True,False,
1789631802.4994729,373,client_mr,READ_SECONDARY,localhost:27018,partition,373,372,373,local,1,False,partition,,,,0.39,True,True,
1789631802.4998214,374,client_mr,READ_PRIMARY,primary,partition,374,374,373,local,1,False,partition,,,,0.12,True,False,
1789631802.500127,374,client_mr,READ_SECONDARY,localhost:27019,partition,374,374,374,local,1,False,partition,,,,0.3,True,False,
1789631802.5004032,375,client_mr,READ_PRIMARY,primary,partition,375,375,374,local,1,False,partition,,,,0.12,True,False,
1789631802.5007703,375,client_mr,READ_SECONDARY,localhost:27018,partition,375,374,375,local,1,False,partition,,,,0.37,True,True,
1789631802.501099,376,client_mr,READ_PRIMARY,primary,partition,376,376,375,local,1,False,partition,,,,0.15,True,False,
1789631802.5013638,376,client_mr,READ_SECONDARY,localhost:27019,partition,376,376,376,local,1,False,partition,,,,0.26,True,False,
1789631802.501694,377,client_mr,READ_PRIMARY,primary,partition,377,377,376,local,1,False,partition,,,,0.13,True,False,
1789631802.5019708,377,client_mr,READ_SECONDARY,localhost:27018,partition,377,377,377,local,1,False,partition,,,,0.28,True,False,
1789631802.502291,378,client_mr,READ_PRIMARY,primary,partition,378,378,377,local,1,False,partition,,,,0.13,True,False,
1789631802.5025558,378,client_mr,READ_SECONDARY,localhost:27019,partition,378,378,378,local,1,False,partition,,,,0.26,True,False,
1789631802.5028608,379,client_mr,READ_PRIMARY,primary,partition,379,379,378,local,1,False,partition,,,,0.13,True,False,
1789631802.5031683,379,client_mr,READ_SECONDARY,localhost:27018,partition,379,378,379,local,1,False,partition,,,,0.31,True,True,
1789631802.5034866,380,client_mr,READ_PRIMARY,primary,partition,380,380,379,local,1,False,partition,,,,0.13,True,False,
1789631802.5036888,380,client_mr,READ_SECONDARY,localhost:27019,partition,380,380,380,local,1,False,partition,,,,0.2,True,False,
1789631802.503968,381,client_mr,READ_PRIMARY,primary,partition,381,381,380,local,1,False,partition,,,,0.12,True,False,
1789631802.5042965,381,client_mr,READ_SECONDARY,localhost:27018,partition,381,380,381,local,1,False,partition,,,,0.33,True,True,
1789631802.504564,382,client_mr,READ_PRIMARY,primary,partition,382,382,381,local,1,False,partition,,,,0.11,True,False,
1789631802.5048769,382,client_mr,READ_SECONDARY,localhost:27019,partition,382,382,382,local,1,False,partition,,,,0.31,True,False,
1789631802.5052962,383,client_mr,READ_PRIMARY,primary,partition,383,383,382,local,1,False,partition,,,,0.19,True,False,
1789631802.5057049,383,client_mr,READ_SECONDARY,localhost:27018,partition,383,383,383,local,1,False,partition,,,,0.36,True,False,
1789631802.5061924,384,client_mr,READ_PRIMARY,primary,partition,384,384,383,local,1,False,partition,,,,0.21,True,False,
1789631802.5064342,384,client_mr,READ_SECONDARY,localhost:27019,partition,384,384,384,local,1,False,partition,,,,0.24,True,False,
1789631802.5069847,385,client_mr,READ_PRIMARY,primary,partition,385,385,384,local,1,False,partition,,,,0.34,True,False,
1789631802.507169,385,client_mr,READ_SECONDARY,localhost:27018,partition,385,385,385,local,1,False,partition,,,,0.18,True,False,
1789631802.5076716,386,client_mr,READ_PRIMARY,primary,partition,386,386,385,local,1,False,partition,,,,0.27,True,False,
1789631802.5078657,386,client_mr,READ_SECONDARY,localhost:27019,partition,386,386,386,local,1,False,partition,,,,0.19,True,False,
1789631802.5083768,387,client_mr,READ_PRIMARY,primary,partition,387,387,386,local,1,False,partition,,,,0.27,True,False,
1789631802.508636,387,client_mr,READ_SECONDARY,localhost:27018,partition,387,387,387,local,1,False,partition,,,,0.26,True,False,
1789631802.5090888,388,client_mr,READ_PRIMARY,primary,partition,388,388,387,local,1,False,partition,,,,0.21,True,False,
1789631802.5093184,388,client_mr,READ_SECONDARY,localhost:27019,partition,388,388,388,local,1,False,partition,,,,0.23,True,False,
1789631802.5099983,389,client_mr,READ_PRIMARY,primary,partition,389,389,388,local,1,False,partition,,,,0.4,True,False,
1789631802.5102918,389,client_mr,READ_SECONDARY,localhost:27018,partition,389,389,389,local,1,False,partition,,,,0.29,True,False,
1789631802.5108588,390,client_mr,READ_PRIMARY,primary,partition,390,390,389,local,1,False,partition,,,,0.28,True,False,
1789631802.511075,390,client_mr,READ_SECONDARY,localhost:27019,partition,390,390,390,local,1,False,partition,,,,0.21,True,False,
1789631802.5116112,391,client_mr,READ_PRIMARY,primary,partition,391,391,390,local,1,False,partition,,,,0.26,True,False,
1789631802.51181,391,client_mr,READ_SECONDARY,localhost:27018,partition,391,391,391,local,1,False,partition,,,,0.2,True,False,
1789631802.5123591,392,client_mr,READ_PRIMARY,primary,partition,392,392,391,local,1,False,partition,,,,0.28,True,False,
1789631802.5125802,392,client_mr,READ_SECONDARY,localhost:27019,partition,392,392,392,local,1,False,partition,,,,0.22,True,False,
1789631802.5132225,393,client_mr,READ_PRIMARY,primary,partition,393,393,392,local,1,False,partition,,,,0.4,True,False,
1789631802.5135045,393,client_mr,READ_SECONDARY,localhost:27018,partition,393,393,393,local,1,False,partition,,,,0.28,True,False,
1789631802.5139546,394,client_mr,READ_PRIMARY,primary,partition,394,394,393,local,1,False,partition,,,,0.2,True,False,
1789631802.5142436,394,client_mr,READ_SECONDARY,localhost:27019,partition,394,394,394,local,1,False,partition,,,,0.29,True,False,
1789631802.5147913,395,client_mr,READ_PRIMARY,primary,partition,395,395,394,local,1,False,partition,,,,0.29,True,False,
1789631802.5149744,395,client_mr,READ_SECONDARY,localhost:27018,partition,395,395,395,local,1,False,partition,,,,0.18,True,False,
1789631802.5154624,396,client_mr,READ_PRIMARY,primary,partition,396,396,395,local,1,False,partition,,,,0.25,True,False,
1789631802.5156636,396,client_mr,READ_SECONDARY,localhost:27019,partition,396,396,396,local,1,False,partition,,,,0.2,True,False,
1789631802.5161471,397,client_mr,READ_PRIMARY,primary,partition,397,397,396,local,1,False,partition,,,,0.2,True,False,
1789631802.5163748,397,client_mr,READ_SECONDARY,localhost:27018,partition,397,397,397,local,1,False,partition,,,,0.23,True,False,
1789631802.5169616,398,client_mr,READ_PRIMARY,primary,partition,398,398,397,local,1,False,partition,,,,0.32,True,False,
1789631802.517148,398,client_mr,READ_SECONDARY,localhost:27019,partition,398,398,398,local,1,False,partition,,,,0.18,True,False,
1789631802.5176702,399,client_mr,READ_PRIMARY,primary,partition,399,399,398,local,1,False,partition,,,,0.29,True,False,
1789631802.5178998,399,client_mr,READ_SECONDARY,localhost:27018,partition,399,399,399,local,1,False,partition,,,,0.23,True,False,
1789631802.5184748,400,client_mr,READ_PRIMARY,primary,partition,400,400,399,local,1,False,partition,,,,0.32,True,False,
1789631802.5187008,400,client_mr,READ_SECONDARY,localhost:27019,partition,400,400,400,local,1,False,partition,,,,0.22,True,False,
1789631802.519254,401,client_mr,READ_PRIMARY,primary,partition,401,401,400,local,1,False,partition,,,,0.29,True,False,
1789631802.5194743,401,client_mr,READ_SECONDARY,localhost:27018,partition,401,401,401,local,1,False,partition,,,,0.22,True,False,
1789631802.5200517,402,client_mr,READ_PRIMARY,primary,partition,402,402,401,local,1,False,partition,,,,0.33,True,False,
1789631802.5202956,402,client_mr,READ_SECONDARY,localhost:27019,partition,402,402,402,local,1,False,partition,,,,0.24,True,False,
1789631802.5207384,403,client_mr,READ_PRIMARY,primary,partition,403,403,402,local,1,False,partition,,,,0.22,True,False,
1789631802.5210218,403,client_mr,READ_SECONDARY,localhost:27018,partition,403,403,403,local,1,False,partition,,,,0.28,True,False,
1789631802.5216482,404,client_mr,READ_PRIMARY,primary,partition,404,404,403,local,1,False,partition,,,,0.18,True,False,
1789631802.5219078,404,client_mr,READ_SECONDARY,localhost:27019,partition,404,404,404,local,1,False,partition,,,,0.26,True,False,
1789631802.5224671,405,client_mr,READ_PRIMARY,primary,partition,405,405,404,local,1,False,partition,,,,0.3,True,False,
1789631802.5227253,405,client_mr,READ_SECONDARY,localhost:27018,partition,405,405,405,local,1,False,partition,,,,0.26,True,False,
1789631802.5230527,406,client_mr,READ_PRIMARY,primary,partition,406,406,405,local,1,False,partition,,,,0.12,True,False,
1789631802.52317,406,client_mr,READ_SECONDARY,localhost:27019,partition,406,406,406,local,1,False,partition,,,,0.12,True,False,
1789631802.5234675,407,client_mr,READ_PRIMARY,primary,partition,407,407,406,local,1,False,partition,,,,0.14,True,False,
1789631802.5237348,407,client_mr,READ_SECONDARY,localhost:27018,partition,407,406,407,local,1,False,partition,,,,0.27,True,True,
1789631802.5243523,408,client_mr,READ_PRIMARY,primary,partition,408,408,407,local,1,False,partition,,,,0.31,True,False,
1789631802.5245671,408,client_mr,READ_SECONDARY,localhost:27019,partition,408,408,408,local,1,False,partition,,,,0.21,True,False,
1789631802.524974,409,client_mr,READ_PRIMARY,primary,partition,409,409,408,local,1,False,partition,,,,0.17,True,False,
1789631802.5252473,409,client_mr,READ_SECONDARY,localhost:27018,partition,409,408,409,local,1,False,partition,,,,0.27,True,True,
1789631802.5257568,410,client_mr,READ_PRIMARY,primary,partition,410,410,409,local,1,False,partition,,,,0.2,True,False,
1789631802.526002,410,client_mr,READ_SECONDARY,localhost:27019,partition,410,410,410,local,1,False,partition,,,,0.24,True,False,
1789631802.526536,411,client_mr,READ_PRIMARY,primary,partition,411,411,410,local,1,False,partition,,,,0.33,True,False,
1789631802.5267942,411,client_mr,READ_SECONDARY,localhost:27018,partition,411,411,411,local,1,False,partition,,,,0.26,True,False,
1789631802.5273292,412,client_mr,READ_PRIMARY,primary,partition,412,412,411,local,1,False,partition,,,,0.32,True,False,
1789631802.5274634,412,client_mr,READ_SECONDARY,localhost:27019,partition,412,412,412,local,1,False,partition,,,,0.13,True,False,
1789631802.527847,413,client_mr,READ_PRIMARY,primary,partition,413,413,412,local,1,False,partition,,,,0.12,True,False,
1789631802.5281072,413,client_mr,READ_SECONDARY,localhost:27018,partition,413,413,413,local,1,False,partition,,,,0.26,True,False,
1789631802.5286427,414,client_mr,READ_PRIMARY,primary,partition,414,414,413,local,1,False,partition,,,,0.21,True,False,
1789631802.5288265,414,client_mr,READ_SECONDARY,localhost:27019,partition,414,414,414,local,1,False,partition,,,,0.18,True,False,
1789631802.5293958,415,client_mr,READ_PRIMARY,primary,partition,415,415,414,local,1,False,partition,,,,0.16,True,False,
1789631802.5297875,415,client_mr,READ_SECONDARY,localhost:27018,partition,415,414,415,local,1,False,partition,,,,0.39,True,True,
1789631802.5304337,416,client_mr,READ_PRIMARY,primary,partition,416,416,415,local,1,False,partition,,,,0.27,True,False,
1789631802.5307477,416,client_mr,READ_SECONDARY,localhost:27019,partition,416,416,416,local,1,False,partition,,,,0.31,True,False,
1789631802.5312762,417,client_mr,READ_PRIMARY,primary,partition,417,417,416,local,1,False,partition,,,,0.3,True,False,
1789631802.531541,417,client_mr,READ_SECONDARY,localhost:27018,partition,417,417,417,local,1,False,partition,,,,0.26,True,False,
1789631802.532224,418,client_mr,READ_PRIMARY,primary,partition,418,418,417,local,1,False,partition,,,,0.44,True,False,
1789631802.5325732,418,client_mr,READ_SECONDARY,localhost:27019,partition,418,418,418,local,1,False,partition,,,,0.35,True,False,
1789631802.5331318,419,client_mr,READ_PRIMARY,primary,partition,419,419,418,local,1,False,partition,,,,0.31,True,False,
1789631802.5334322,419,client_mr,READ_SECONDARY,localhost:27018,partition,419,418,419,local,1,False,partition,,,,0.3,True,True,
1789631802.5340483,420,client_mr,READ_PRIMARY,primary,partition,420,420,419,local,1,False,partition,,,,0.35,True,False,
1789631802.534378,420,client_mr,READ_SECONDARY,localhost:27019,partition,420,420,420,local,1,False,partition,,,,0.33,True,False,
1789631802.534828,421,client_mr,READ_PRIMARY,primary,partition,421,421,420,local,1,False,partition,,,,0.19,True,False,
1789631802.5351102,421,client_mr,READ_SECONDARY,localhost:27018,partition,421,421,421,local,1,False,partition,,,,0.28,True,False,
1789631802.535647,422,client_mr,READ_PRIMARY,primary,partition,422,422,421,local,1,False,partition,,,,0.3,True,False,
1789631802.5358832,422,client_mr,READ_SECONDARY,localhost:27019,partition,422,422,422,local,1,False,partition,,,,0.23,True,False,
1789631802.536313,423,client_mr,READ_PRIMARY,primary,partition,423,423,422,local,1,False,partition,,,,0.18,True,False,
1789631802.5366218,423,client_mr,READ_SECONDARY,localhost:27018,partition,423,423,423,local,1,False,partition,,,,0.31,True,False,
1789631802.5370765,424,client_mr,READ_PRIMARY,primary,partition,424,424,423,local,1,False,partition,,,,0.21,True,False,
1789631802.5373065,424,client_mr,READ_SECONDARY,localhost:27019,partition,424,424,424,local,1,False,partition,,,,0.23,True,False,
1789631802.5378869,425,client_mr,READ_PRIMARY,primary,partition,425,425,424,local,1,False,partition,,,,0.29,True,False,
1789631802.5382426,425,client_mr,READ_SECONDARY,localhost:27018,partition,425,425,425,local,1,False,partition,,,,0.35,True,False,
1789631802.53882,426,client_mr,READ_PRIMARY,primary,partition,426,426,425,local,1,False,partition,,,,0.27,True,False,
1789631802.539095,426,client_mr,READ_SECONDARY,localhost:27019,partition,426,426,426,local,1,False,partition,,,,0.27,True,False,
1789631802.5395832,427,client_mr,READ_PRIMARY,primary,partition,427,427,426,local,1,False,partition,,,,0.21,True,False,
1789631802.5398474,427,client_mr,READ_SECONDARY,localhost:27018,partition,427,427,427,local,1,False,partition,,,,0.26,True,False,
1789631802.5403495,428,client_mr,READ_PRIMARY,primary,partition,428,428,427,local,1,False,partition,,,,0.22,True,False,
1789631802.5406349,428,client_mr,READ_SECONDARY,localhost:27019,partition,428,428,428,local,1,False,partition,,,,0.28,True,False,
1789631802.541147,429,client_mr,READ_PRIMARY,primary,partition,429,429,428,local,1,False,partition,,,,0.27,True,False,
1789631802.5414326,429,client_mr,READ_SECONDARY,localhost:27018,partition,429,429,429,local,1,False,partition,,,,0.28,True,False,
1789631802.5421546,430,client_mr,READ_PRIMARY,primary,partition,430,430,429,local,1,False,partition,,,,0.44,True,False,
1789631802.5423326,430,client_mr,READ_SECONDARY,localhost:27019,partition,430,430,430,local,1,False,partition,,,,0.18,True,False,
1789631802.5428474,431,client_mr,READ_PRIMARY,primary,partition,431,431,430,local,1,False,partition,,,,0.23,True,False,
1789631802.5430548,431,client_mr,READ_SECONDARY,localhost:27018,partition,431,431,431,local,1,False,partition,,,,0.2,True,False,
1789631802.5434558,432,client_mr,READ_PRIMARY,primary,partition,432,432,431,local,1,False,partition,,,,0.13,True,False,
1789631802.543658,432,client_mr,READ_SECONDARY,localhost:27019,partition,432,432,432,local,1,False,partition,,,,0.2,True,False,
1789631802.5440378,433,client_mr,READ_PRIMARY,primary,partition,433,433,432,local,1,False,partition,,,,0.13,True,False,
1789631802.544343,433,client_mr,READ_SECONDARY,localhost:27018,partition,433,432,433,local,1,False,partition,,,,0.3,True,True,
1789631802.5448296,434,client_mr,READ_PRIMARY,primary,partition,434,434,433,local,1,False,partition,,,,0.18,True,False,
1789631802.5451155,434,client_mr,READ_SECONDARY,localhost:27019,partition,434,434,434,local,1,False,partition,,,,0.28,True,False,
1789631802.545581,435,client_mr,READ_PRIMARY,primary,partition,435,435,434,local,1,False,partition,,,,0.21,True,False,
1789631802.545805,435,client_mr,READ_SECONDARY,localhost:27018,partition,435,434,435,local,1,False,partition,,,,0.22,True,True,
1789631802.5462942,436,client_mr,READ_PRIMARY,primary,partition,436,436,435,local,1,False,partition,,,,0.12,True,False,
1789631802.546513,436,client_mr,READ_SECONDARY,localhost:27019,partition,436,436,436,local,1,False,partition,,,,0.22,True,False,
1789631802.5468302,437,client_mr,READ_PRIMARY,primary,partition,437,437,436,local,1,False,partition,,,,0.12,True,False,
1789631802.5471003,437,client_mr,READ_SECONDARY,localhost:27018,partition,437,437,437,local,1,False,partition,,,,0.27,True,False,
1789631802.5475929,438,client_mr,READ_PRIMARY,primary,partition,438,438,437,local,1,False,partition,,,,0.27,True,False,
1789631802.5477753,438,client_mr,READ_SECONDARY,localhost:27019,partition,438,438,438,local,1,False,partition,,,,0.18,True,False,
1789631802.548087,439,client_mr,READ_PRIMARY,primary,partition,439,439,438,local,1,False,partition,,,,0.12,True,False,
1789631802.5483823,439,client_mr,READ_SECONDARY,localhost:27018,partition,439,439,439,local,1,False,partition,,,,0.29,True,False,
1789631802.5487,440,client_mr,READ_PRIMARY,primary,partition,440,440,439,local,1,False,partition,,,,0.12,True,False,
1789631802.548849,440,client_mr,READ_SECONDARY,localhost:27019,partition,440,440,440,local,1,False,partition,,,,0.15,True,False,
1789631802.5493662,441,client_mr,READ_PRIMARY,primary,partition,441,441,440,local,1,False,partition,,,,0.28,True,False,
1789631802.5495884,441,client_mr,READ_SECONDARY,localhost:27018,partition,441,441,441,local,1,False,partition,,,,0.22,True,False,
1789631802.550113,442,client_mr,READ_PRIMARY,primary,partition,442,442,441,local,1,False,partition,,,,0.32,True,False,
1789631802.550317,442,client_mr,READ_SECONDARY,localhost:27019,partition,442,442,442,local,1,False,partition,,,,0.2,True,False,
1789631802.550651,443,client_mr,READ_PRIMARY,primary,partition,443,443,442,local,1,False,partition,,,,0.13,True,False,
1789631802.5509062,443,client_mr,READ_SECONDARY,localhost:27018,partition,443,443,443,local,1,False,partition,,,,0.25,True,False,
1789631802.5512867,444,client_mr,READ_PRIMARY,primary,partition,444,444,443,local,1,False,partition,,,,0.13,True,False,
1789631802.5514753,444,client_mr,READ_SECONDARY,localhost:27019,partition,444,444,444,local,1,False,partition,,,,0.19,True,False,
1789631802.5518224,445,client_mr,READ_PRIMARY,primary,partition,445,445,444,local,1,False,partition,,,,0.13,True,False,
1789631802.5520265,445,client_mr,READ_SECONDARY,localhost:27018,partition,445,445,445,local,1,False,partition,,,,0.2,True,False,
1789631802.552363,446,client_mr,READ_PRIMARY,primary,partition,446,446,445,local,1,False,partition,,,,0.13,True,False,
1789631802.5525572,446,client_mr,READ_SECONDARY,localhost:27019,partition,446,446,446,local,1,False,partition,,,,0.19,True,False,
1789631802.553026,447,client_mr,READ_PRIMARY,primary,partition,447,447,446,local,1,False,partition,,,,0.25,True,False,
1789631802.553309,447,client_mr,READ_SECONDARY,localhost:27018,partition,447,446,447,local,1,False,partition,,,,0.28,True,True,
1789631802.5538883,448,client_mr,READ_PRIMARY,primary,partition,448,448,447,local,1,False,partition,,,,0.31,True,False,
1789631802.5540721,448,client_mr,READ_SECONDARY,localhost:27019,partition,448,448,448,local,1,False,partition,,,,0.18,True,False,
1789631802.5545464,449,client_mr,READ_PRIMARY,primary,partition,449,449,448,local,1,False,partition,,,,0.23,True,False,
1789631802.5547688,449,client_mr,READ_SECONDARY,localhost:27018,partition,449,449,449,local,1,False,partition,,,,0.22,True,False,
1789631802.555114,450,client_mr,READ_PRIMARY,primary,partition,450,450,449,local,1,False,partition,,,,0.12,True,False,
1789631802.5553117,450,client_mr,READ_SECONDARY,localhost:27019,partition,450,450,450,local,1,False,partition,,,,0.2,True,False,
1789631802.555641,451,client_mr,READ_PRIMARY,primary,partition,451,451,450,local,1,False,partition,,,,0.13,True,False,
1789631802.5558908,451,client_mr,READ_SECONDARY,localhost:27018,partition,451,450,451,local,1,False,partition,,,,0.25,True,True,
1789631802.556259,452,client_mr,READ_PRIMARY,primary,partition,452,452,451,local,1,False,partition,,,,0.13,True,False,
1789631802.5564892,452,client_mr,READ_SECONDARY,localhost:27019,partition,452,452,452,local,1,False,partition,,,,0.23,True,False,
1789631802.5569,453,client_mr,READ_PRIMARY,primary,partition,453,453,452,local,1,False,partition,,,,0.2,True,False,
1789631802.5571744,453,client_mr,READ_SECONDARY,localhost:27018,partition,453,453,453,local,1,False,partition,,,,0.27,True,False,
1789631802.557492,454,client_mr,READ_PRIMARY,primary,partition,454,454,453,local,1,False,partition,,,,0.12,True,False,
1789631802.557694,454,client_mr,READ_SECONDARY,localhost:27019,partition,454,454,454,local,1,False,partition,,,,0.2,True,False,
1789631802.558147,455,client_mr,READ_PRIMARY,primary,partition,455,455,454,local,1,False,partition,,,,0.22,True,False,
1789631802.5583477,455,client_mr,READ_SECONDARY,localhost:27018,partition,455,455,455,local,1,False,partition,,,,0.2,True,False,
1789631802.5587473,456,client_mr,READ_PRIMARY,primary,partition,456,456,455,local,1,False,partition,,,,0.21,True,False,
1789631802.5589275,456,client_mr,READ_SECONDARY,localhost:27019,partition,456,456,456,local,1,False,partition,,,,0.18,True,False,
1789631802.559316,457,client_mr,READ_PRIMARY,primary,partition,457,457,456,local,1,False,partition,,,,0.19,True,False,
1789631802.5595098,457,client_mr,READ_SECONDARY,localhost:27018,partition,457,457,457,local,1,False,partition,,,,0.19,True,False,
1789631802.560059,458,client_mr,READ_PRIMARY,primary,partition,458,458,457,local,1,False,partition,,,,0.23,True,False,
1789631802.5602133,458,client_mr,READ_SECONDARY,localhost:27019,partition,458,458,458,local,1,False,partition,,,,0.15,True,False,
1789631802.560578,459,client_mr,READ_PRIMARY,primary,partition,459,459,458,local,1,False,partition,,,,0.17,True,False,
1789631802.5607252,459,client_mr,READ_SECONDARY,localhost:27018,partition,459,458,459,local,1,False,partition,,,,0.15,True,True,
1789631802.5611386,460,client_mr,READ_PRIMARY,primary,partition,460,460,459,local,1,False,partition,,,,0.2,True,False,
1789631802.56129,460,client_mr,READ_SECONDARY,localhost:27019,partition,460,460,460,local,1,False,partition,,,,0.15,True,False,
1789631802.561697,461,client_mr,READ_PRIMARY,primary,partition,461,461,460,local,1,False,partition,,,,0.22,True,False,
1789631802.5618937,461,client_mr,READ_SECONDARY,localhost:27018,partition,461,461,461,local,1,False,partition,,,,0.2,True,False,
1789631802.5622416,462,client_mr,READ_PRIMARY,primary,partition,462,462,461,local,1,False,partition,,,,0.17,True,False,
1789631802.5624042,462,client_mr,READ_SECONDARY,localhost:27019,partition,462,462,462,local,1,False,partition,,,,0.16,True,False,
1789631802.562782,463,client_mr,READ_PRIMARY,primary,partition,463,463,462,local,1,False,partition,,,,0.18,True,False,
1789631802.5629506,463,client_mr,READ_SECONDARY,localhost:27018,partition,463,463,463,local,1,False,partition,,,,0.17,True,False,
1789631802.5634046,464,client_mr,READ_PRIMARY,primary,partition,464,464,463,local,1,False,partition,,,,0.23,True,False,
1789631802.5635533,464,client_mr,READ_SECONDARY,localhost:27019,partition,464,464,464,local,1,False,partition,,,,0.15,True,False,
1789631802.5639913,465,client_mr,READ_PRIMARY,primary,partition,465,465,464,local,1,False,partition,,,,0.23,True,False,
1789631802.5641663,465,client_mr,READ_SECONDARY,localhost:27018,partition,465,465,465,local,1,False,partition,,,,0.17,True,False,
1789631802.5644917,466,client_mr,READ_PRIMARY,primary,partition,466,466,465,local,1,False,partition,,,,0.13,True,False,
1789631802.5646727,466,client_mr,READ_SECONDARY,localhost:27019,partition,466,466,466,local,1,False,partition,,,,0.18,True,False,
1789631802.565095,467,client_mr,READ_PRIMARY,primary,partition,467,467,466,local,1,False,partition,,,,0.18,True,False,
1789631802.5652823,467,client_mr,READ_SECONDARY,localhost:27018,partition,467,467,467,local,1,False,partition,,,,0.19,True,False,
1789631802.5656812,468,client_mr,READ_PRIMARY,primary,partition,468,468,467,local,1,False,partition,,,,0.14,True,False,
1789631802.56587,468,client_mr,READ_SECONDARY,localhost:27019,partition,468,468,468,local,1,False,partition,,,,0.19,True,False,
1789631802.566266,469,client_mr,READ_PRIMARY,primary,partition,469,469,468,local,1,False,partition,,,,0.19,True,False,
1789631802.5664518,469,client_mr,READ_SECONDARY,localhost:27018,partition,469,469,469,local,1,False,partition,,,,0.18,True,False,
1789631802.566886,470,client_mr,READ_PRIMARY,primary,partition,470,470,469,local,1,False,partition,,,,0.2,True,False,
1789631802.567043,470,client_mr,READ_SECONDARY,localhost:27019,partition,470,470,470,local,1,False,partition,,,,0.16,True,False,
1789631802.56745,471,client_mr,READ_PRIMARY,primary,partition,471,471,470,local,1,False,partition,,,,0.22,True,False,
1789631802.5676353,471,client_mr,READ_SECONDARY,localhost:27018,partition,471,470,471,local,1,False,partition,,,,0.18,True,True,
1789631802.5681055,472,client_mr,READ_PRIMARY,primary,partition,472,472,471,local,1,False,partition,,,,0.26,True,False,
1789631802.568278,472,client_mr,READ_SECONDARY,localhost:27019,partition,472,472,472,local,1,False,partition,,,,0.17,True,False,
1789631802.5686781,473,client_mr,READ_PRIMARY,primary,partition,473,473,472,local,1,False,partition,,,,0.22,True,False,
1789631802.568873,473,client_mr,READ_SECONDARY,localhost:27018,partition,473,473,473,local,1,False,partition,,,,0.19,True,False,
1789631802.569358,474,client_mr,READ_PRIMARY,primary,partition,474,474,473,local,1,False,partition,,,,0.25,True,False,
1789631802.5695467,474,client_mr,READ_SECONDARY,localhost:27019,partition,474,474,474,local,1,False,partition,,,,0.19,True,False,
1789631802.5700052,475,client_mr,READ_PRIMARY,primary,partition,475,475,474,local,1,False,partition,,,,0.27,True,False,
1789631802.570197,475,client_mr,READ_SECONDARY,localhost:27018,partition,475,475,475,local,1,False,partition,,,,0.19,True,False,
1789631802.5706236,476,client_mr,READ_PRIMARY,primary,partition,476,476,475,local,1,False,partition,,,,0.21,True,False,
1789631802.5707839,476,client_mr,READ_SECONDARY,localhost:27019,partition,476,476,476,local,1,False,partition,,,,0.16,True,False,
1789631802.5711517,477,client_mr,READ_PRIMARY,primary,partition,477,477,476,local,1,False,partition,,,,0.18,True,False,
1789631802.5713487,477,client_mr,READ_SECONDARY,localhost:27018,partition,477,477,477,local,1,False,partition,,,,0.2,True,False,
1789631802.571749,478,client_mr,READ_PRIMARY,primary,partition,478,478,477,local,1,False,partition,,,,0.18,True,False,
1789631802.5719616,478,client_mr,READ_SECONDARY,localhost:27019,partition,478,478,478,local,1,False,partition,,,,0.21,True,False,
1789631802.5723903,479,client_mr,READ_PRIMARY,primary,partition,479,479,478,local,1,False,partition,,,,0.2,True,False,
1789631802.5726318,479,client_mr,READ_SECONDARY,localhost:27018,partition,479,479,479,local,1,False,partition,,,,0.24,True,False,
1789631802.5730634,480,client_mr,READ_PRIMARY,primary,partition,480,480,479,local,1,False,partition,,,,0.22,True,False,
1789631802.5732205,480,client_mr,READ_SECONDARY,localhost:27019,partition,480,480,480,local,1,False,partition,,,,0.16,True,False,
1789631802.5735815,481,client_mr,READ_PRIMARY,primary,partition,481,481,480,local,1,False,partition,,,,0.19,True,False,
1789631802.5737488,481,client_mr,READ_SECONDARY,localhost:27018,partition,481,480,481,local,1,False,partition,,,,0.17,True,True,
1789631802.574308,482,client_mr,READ_PRIMARY,primary,partition,482,482,481,local,1,False,partition,,,,0.24,True,False,
1789631802.5744646,482,client_mr,READ_SECONDARY,localhost:27019,partition,482,482,482,local,1,False,partition,,,,0.16,True,False,
1789631802.5749774,483,client_mr,READ_PRIMARY,primary,partition,483,483,482,local,1,False,partition,,,,0.27,True,False,
1789631802.5751305,483,client_mr,READ_SECONDARY,localhost:27018,partition,483,483,483,local,1,False,partition,,,,0.15,True,False,
1789631802.5755866,484,client_mr,READ_PRIMARY,primary,partition,484,484,483,local,1,False,partition,,,,0.25,True,False,
1789631802.5757582,484,client_mr,READ_SECONDARY,localhost:27019,partition,484,484,484,local,1,False,partition,,,,0.17,True,False,
1789631802.5763226,485,client_mr,READ_PRIMARY,primary,partition,485,485,484,local,1,False,partition,,,,0.28,True,False,
1789631802.57649,485,client_mr,READ_SECONDARY,localhost:27018,partition,485,485,485,local,1,False,partition,,,,0.17,True,False,
1789631802.5769637,486,client_mr,READ_PRIMARY,primary,partition,486,486,485,local,1,False,partition,,,,0.26,True,False,
1789631802.577109,486,client_mr,READ_SECONDARY,localhost:27019,partition,486,486,486,local,1,False,partition,,,,0.14,True,False,
1789631802.5775328,487,client_mr,READ_PRIMARY,primary,partition,487,487,486,local,1,False,partition,,,,0.25,True,False,
1789631802.577689,487,client_mr,READ_SECONDARY,localhost:27018,partition,487,487,487,local,1,False,partition,,,,0.15,True,False,
1789631802.5781994,488,client_mr,READ_PRIMARY,primary,partition,488,488,487,local,1,False,partition,,,,0.24,True,False,
1789631802.5783966,488,client_mr,READ_SECONDARY,localhost:27019,partition,488,488,488,local,1,False,partition,,,,0.2,True,False,
1789631802.5790188,489,client_mr,READ_PRIMARY,primary,partition,489,489,488,local,1,False,partition,,,,0.35,True,False,
1789631802.5793881,489,client_mr,READ_SECONDARY,localhost:27018,partition,489,489,489,local,1,False,partition,,,,0.37,True,False,
1789631802.579775,490,client_mr,READ_PRIMARY,primary,partition,490,490,489,local,1,False,partition,,,,0.13,True,False,
1789631802.5799968,490,client_mr,READ_SECONDARY,localhost:27019,partition,490,490,490,local,1,False,partition,,,,0.22,True,False,
1789631802.5804448,491,client_mr,READ_PRIMARY,primary,partition,491,491,490,local,1,False,partition,,,,0.19,True,False,
1789631802.5807106,491,client_mr,READ_SECONDARY,localhost:27018,partition,491,490,491,local,1,False,partition,,,,0.26,True,True,
1789631802.5810668,492,client_mr,READ_PRIMARY,primary,partition,492,492,491,local,1,False,partition,,,,0.12,True,False,
1789631802.58137,492,client_mr,READ_SECONDARY,localhost:27019,partition,492,492,492,local,1,False,partition,,,,0.3,True,False,
1789631802.5816813,493,client_mr,READ_PRIMARY,primary,partition,493,493,492,local,1,False,partition,,,,0.12,True,False,
1789631802.582029,493,client_mr,READ_SECONDARY,localhost:27018,partition,493,492,493,local,1,False,partition,,,,0.35,True,True,
1789631802.5824392,494,client_mr,READ_PRIMARY,primary,partition,494,494,493,local,1,False,partition,,,,0.18,True,False,
1789631802.5827594,494,client_mr,READ_SECONDARY,localhost:27019,partition,494,494,494,local,1,False,partition,,,,0.32,True,False,
1789631802.583208,495,client_mr,READ_PRIMARY,primary,partition,495,495,494,local,1,False,partition,,,,0.2,True,False,
1789631802.5834398,495,client_mr,READ_SECONDARY,localhost:27018,partition,495,495,495,local,1,False,partition,,,,0.23,True,False,
1789631802.5840814,496,client_mr,READ_PRIMARY,primary,partition,496,496,495,local,1,False,partition,,,,0.37,True,False,
1789631802.584234,496,client_mr,READ_SECONDARY,localhost:27019,partition,496,496,496,local,1,False,partition,,,,0.15,True,False,
1789631802.584704,497,client_mr,READ_PRIMARY,primary,partition,497,497,496,local,1,False,partition,,,,0.2,True,False,
1789631802.5849643,497,client_mr,READ_SECONDARY,localhost:27018,partition,497,497,497,local,1,False,partition,,,,0.26,True,False,
1789631802.5855203,498,client_mr,READ_PRIMARY,primary,partition,498,498,497,local,1,False,partition,,,,0.3,True,False,
1789631802.5857346,498,client_mr,READ_SECONDARY,localhost:27019,partition,498,498,498,local,1,False,partition,,,,0.21,True,False,
1789631802.5862644,499,client_mr,READ_PRIMARY,primary,partition,499,499,498,local,1,False,partition,,,,0.22,True,False,
1789631802.5864918,499,client_mr,READ_SECONDARY,localhost:27018,partition,499,499,499,local,1,False,partition,,,,0.23,True,False,
1789631802.586875,500,client_mr,READ_PRIMARY,primary,partition,500,500,499,local,1,False,partition,,,,0.18,True,False,
1789631802.5871122,500,client_mr,READ_SECONDARY,localhost:27019,partition,500,500,500,local,1,False,partition,,,,0.24,True,False,
1789631802.5875049,501,client_mr,READ_PRIMARY,primary,partition,501,501,500,local,1,False,partition,,,,0.21,True,False,
1789631802.5877671,501,client_mr,READ_SECONDARY,localhost:27018,partition,501,500,501,local,1,False,partition,,,,0.26,True,True,
1789631802.5881438,502,client_mr,READ_PRIMARY,primary,partition,502,502,501,local,1,False,partition,,,,0.21,True,False,
1789631802.588321,502,client_mr,READ_SECONDARY,localhost:27019,partition,502,502,502,local,1,False,partition,,,,0.18,True,False,
1789631802.588715,503,client_mr,READ_PRIMARY,primary,partition,503,503,502,local,1,False,partition,,,,0.19,True,False,
1789631802.58896,503,client_mr,READ_SECONDARY,localhost:27018,partition,503,503,503,local,1,False,partition,,,,0.24,True,False,
1789631802.5894237,504,client_mr,READ_PRIMARY,primary,partition,504,504,503,local,1,False,partition,,,,0.18,True,False,
1789631802.5895734,504,client_mr,READ_SECONDARY,localhost:27019,partition,504,504,504,local,1,False,partition,,,,0.15,True,False,
1789631802.5900393,505,client_mr,READ_PRIMARY,primary,partition,505,505,504,local,1,False,partition,,,,0.29,True,False,
1789631802.5902498,505,client_mr,READ_SECONDARY,localhost:27018,partition,505,505,505,local,1,False,partition,,,,0.21,True,False,
1789631802.5907142,506,client_mr,READ_PRIMARY,primary,partition,506,506,505,local,1,False,partition,,,,0.19,True,False,
1789631802.5908916,506,client_mr,READ_SECONDARY,localhost:27019,partition,506,506,506,local,1,False,partition,,,,0.18,True,False,
1789631802.5913088,507,client_mr,READ_PRIMARY,primary,partition,507,507,506,local,1,False,partition,,,,0.24,True,False,
1789631802.5915334,507,client_mr,READ_SECONDARY,localhost:27018,partition,507,507,507,local,1,False,partition,,,,0.22,True,False,
1789631802.5919583,508,client_mr,READ_PRIMARY,primary,partition,508,508,507,local,1,False,partition,,,,0.22,True,False,
1789631802.5921483,508,client_mr,READ_SECONDARY,localhost:27019,partition,508,508,508,local,1,False,partition,,,,0.19,True,False,
1789631802.5925984,509,client_mr,READ_PRIMARY,primary,partition,509,509,508,local,1,False,partition,,,,0.25,True,False,
1789631802.5928028,509,client_mr,READ_SECONDARY,localhost:27018,partition,509,509,509,local,1,False,partition,,,,0.2,True,False,
1789631802.5932243,510,client_mr,READ_PRIMARY,primary,partition,510,510,509,local,1,False,partition,,,,0.23,True,False,
1789631802.5933893,510,client_mr,READ_SECONDARY,localhost:27019,partition,510,510,510,local,1,False,partition,,,,0.16,True,False,
1789631802.593889,511,client_mr,READ_PRIMARY,primary,partition,511,511,510,local,1,False,partition,,,,0.23,True,False,
1789631802.5941133,511,client_mr,READ_SECONDARY,localhost:27018,partition,511,510,511,local,1,False,partition,,,,0.22,True,True,
1789631802.5946975,512,client_mr,READ_PRIMARY,primary,partition,512,512,511,local,1,False,partition,,,,0.29,True,False,
1789631802.5949693,512,client_mr,READ_SECONDARY,localhost:27019,partition,512,512,512,local,1,False,partition,,,,0.27,True,False,
1789631802.5955443,513,client_mr,READ_PRIMARY,primary,partition,513,513,512,local,1,False,partition,,,,0.3,True,False,
1789631802.5957885,513,client_mr,READ_SECONDARY,localhost:27018,partition,513,513,513,local,1,False,partition,,,,0.24,True,False,
1789631802.5963209,514,client_mr,READ_PRIMARY,primary,partition,514,514,513,local,1,False,partition,,,,0.25,True,False,
1789631802.5965102,514,client_mr,READ_SECONDARY,localhost:27019,partition,514,514,514,local,1,False,partition,,,,0.19,True,False,
1789631802.5968883,515,client_mr,READ_PRIMARY,primary,partition,515,515,514,local,1,False,partition,,,,0.17,True,False,
1789631802.5972,515,client_mr,READ_SECONDARY,localhost:27018,partition,515,515,515,local,1,False,partition,,,,0.31,True,False,
1789631802.5975602,516,client_mr,READ_PRIMARY,primary,partition,516,516,515,local,1,False,partition,,,,0.12,True,False,
1789631802.597872,516,client_mr,READ_SECONDARY,localhost:27019,partition,516,516,516,local,1,False,partition,,,,0.31,True,False,
1789631802.5982673,517,client_mr,READ_PRIMARY,primary,partition,517,517,516,local,1,False,partition,,,,0.17,True,False,
1789631802.5985017,517,client_mr,READ_SECONDARY,localhost:27018,partition,517,516,517,local,1,False,partition,,,,0.23,True,True,
1789631802.5989022,518,client_mr,READ_PRIMARY,primary,partition,518,518,517,local,1,False,partition,,,,0.16,True,False,
1789631802.5992515,518,client_mr,READ_SECONDARY,localhost:27019,partition,518,518,518,local,1,False,partition,,,,0.35,True,False,
1789631802.599631,519,client_mr,READ_PRIMARY,primary,partition,519,519,518,local,1,False,partition,,,,0.18,True,False,
1789631802.5998821,519,client_mr,READ_SECONDARY,localhost:27018,partition,519,518,519,local,1,False,partition,,,,0.25,True,True,
1789631802.6004078,520,client_mr,READ_PRIMARY,primary,partition,520,520,519,local,1,False,partition,,,,0.23,True,False,
1789631802.6007535,520,client_mr,READ_SECONDARY,localhost:27019,partition,520,520,520,local,1,False,partition,,,,0.34,True,False,
1789631802.6010892,521,client_mr,READ_PRIMARY,primary,partition,521,521,520,local,1,False,partition,,,,0.13,True,False,
1789631802.601374,521,client_mr,READ_SECONDARY,localhost:27018,partition,521,521,521,local,1,False,partition,,,,0.28,True,False,
1789631802.601911,522,client_mr,READ_PRIMARY,primary,partition,522,522,521,local,1,False,partition,,,,0.31,True,False,
1789631802.6022105,522,client_mr,READ_SECONDARY,localhost:27019,partition,522,522,522,local,1,False,partition,,,,0.3,True,False,
1789631802.6026762,523,client_mr,READ_PRIMARY,primary,partition,523,523,522,local,1,False,partition,,,,0.23,True,False,
1789631802.60299,523,client_mr,READ_SECONDARY,localhost:27018,partition,523,523,523,local,1,False,partition,,,,0.31,True,False,
1789631802.6035166,524,client_mr,READ_PRIMARY,primary,partition,524,524,523,local,1,False,partition,,,,0.29,True,False,
1789631802.603774,524,client_mr,READ_SECONDARY,localhost:27019,partition,524,524,524,local,1,False,partition,,,,0.26,True,False,
1789631802.6043026,525,client_mr,READ_PRIMARY,primary,partition,525,525,524,local,1,False,partition,,,,0.28,True,False,
1789631802.604554,525,client_mr,READ_SECONDARY,localhost:27018,partition,525,525,525,local,1,False,partition,,,,0.25,True,False,
1789631802.6049812,526,client_mr,READ_PRIMARY,primary,partition,526,526,525,local,1,False,partition,,,,0.15,True,False,
1789631802.6052804,526,client_mr,READ_SECONDARY,localhost:27019,partition,526,526,526,local,1,False,partition,,,,0.3,True,False,
1789631802.6057951,527,client_mr,READ_PRIMARY,primary,partition,527,527,526,local,1,False,partition,,,,0.26,True,False,
1789631802.6060517,527,client_mr,READ_SECONDARY,localhost:27018,partition,527,527,527,local,1,False,partition,,,,0.26,True,False,
1789631802.6066248,528,client_mr,READ_PRIMARY,primary,partition,528,528,527,local,1,False,partition,,,,0.31,True,False,
1789631802.6068678,528,client_mr,READ_SECONDARY,localhost:27019,partition,528,528,528,local,1,False,partition,,,,0.24,True,False,
1789631802.6072826,529,client_mr,READ_PRIMARY,primary,partition,529,529,528,local,1,False,partition,,,,0.18,True,False,
1789631802.6076038,529,client_mr,READ_SECONDARY,localhost:27018,partition,529,528,529,local,1,False,partition,,,,0.32,True,True,
1789631802.6081953,530,client_mr,READ_PRIMARY,primary,partition,530,530,529,local,1,False,partition,,,,0.35,True,False,
1789631802.6084604,530,client_mr,READ_SECONDARY,localhost:27019,partition,530,530,530,local,1,False,partition,,,,0.26,True,False,
1789631802.6089041,531,client_mr,READ_PRIMARY,primary,partition,531,531,530,local,1,False,partition,,,,0.19,True,False,
1789631802.6091926,531,client_mr,READ_SECONDARY,localhost:27018,partition,531,530,531,local,1,False,partition,,,,0.29,True,True,
1789631802.6098812,532,client_mr,READ_PRIMARY,primary,partition,532,532,531,local,1,False,partition,,,,0.41,True,False,
1789631802.6101677,532,client_mr,READ_SECONDARY,localhost:27019,partition,532,532,532,local,1,False,partition,,,,0.29,True,False,
1789631802.6109192,533,client_mr,READ_PRIMARY,primary,partition,533,533,532,local,1,False,partition,,,,0.42,True,False,
1789631802.6112945,533,client_mr,READ_SECONDARY,localhost:27018,partition,533,532,533,local,1,False,partition,,,,0.37,True,True,
1789631802.6118762,534,client_mr,READ_PRIMARY,primary,partition,534,534,533,local,1,False,partition,,,,0.31,True,False,
1789631802.6121228,534,client_mr,READ_SECONDARY,localhost:27019,partition,534,534,534,local,1,False,partition,,,,0.24,True,False,
1789631802.6124775,535,client_mr,READ_PRIMARY,primary,partition,535,535,534,local,1,False,partition,,,,0.13,True,False,
1789631802.6127841,535,client_mr,READ_SECONDARY,localhost:27018,partition,535,534,535,local,1,False,partition,,,,0.3,True,True,
1789631802.6131897,536,client_mr,READ_PRIMARY,primary,partition,536,536,535,local,1,False,partition,,,,0.19,True,False,
1789631802.6135054,536,client_mr,READ_SECONDARY,localhost:27019,partition,536,536,536,local,1,False,partition,,,,0.31,True,False,
1789631802.6140146,537,client_mr,READ_PRIMARY,primary,partition,537,537,536,local,1,False,partition,,,,0.3,True,False,
1789631802.614233,537,client_mr,READ_SECONDARY,localhost:27018,partition,537,537,537,local,1,False,partition,,,,0.22,True,False,
1789631802.614703,538,client_mr,READ_PRIMARY,primary,partition,538,538,537,local,1,False,partition,,,,0.21,True,False,
1789631802.6150196,538,client_mr,READ_SECONDARY,localhost:27019,partition,538,538,538,local,1,False,partition,,,,0.31,True,False,
1789631802.6154742,539,client_mr,READ_PRIMARY,primary,partition,539,539,538,local,1,False,partition,,,,0.11,True,False,
1789631802.615654,539,client_mr,READ_SECONDARY,localhost:27018,partition,539,539,539,local,1,False,partition,,,,0.18,True,False,
1789631802.6163294,540,client_mr,READ_PRIMARY,primary,partition,540,540,539,local,1,False,partition,,,,0.31,True,False,
1789631802.6165233,540,client_mr,READ_SECONDARY,localhost:27019,partition,540,540,540,local,1,False,partition,,,,0.19,True,False,
1789631802.616995,541,client_mr,READ_PRIMARY,primary,partition,541,541,540,local,1,False,partition,,,,0.27,True,False,
1789631802.617286,541,client_mr,READ_SECONDARY,localhost:27018,partition,541,541,541,local,1,False,partition,,,,0.29,True,False,
1789631802.6177237,542,client_mr,READ_PRIMARY,primary,partition,542,542,541,local,1,False,partition,,,,0.21,True,False,
1789631802.618014,542,client_mr,READ_SECONDARY,localhost:27019,partition,542,542,542,local,1,False,partition,,,,0.29,True,False,
1789631802.6185675,543,client_mr,READ_PRIMARY,primary,partition,543,543,542,local,1,False,partition,,,,0.27,True,False,
1789631802.6187952,543,client_mr,READ_SECONDARY,localhost:27018,partition,543,543,543,local,1,False,partition,,,,0.23,True,False,
1789631802.6193502,544,client_mr,READ_PRIMARY,primary,partition,544,544,543,local,1,False,partition,,,,0.3,True,False,
1789631802.6195679,544,client_mr,READ_SECONDARY,localhost:27019,partition,544,544,544,local,1,False,partition,,,,0.22,True,False,
1789631802.6200714,545,client_mr,READ_PRIMARY,primary,partition,545,545,544,local,1,False,partition,,,,0.24,True,False,
1789631802.6202304,545,client_mr,READ_SECONDARY,localhost:27018,partition,545,544,545,local,1,False,partition,,,,0.16,True,True,
1789631802.6205752,546,client_mr,READ_PRIMARY,primary,partition,546,546,545,local,1,False,partition,,,,0.13,True,False,
1789631802.6207478,546,client_mr,READ_SECONDARY,localhost:27019,partition,546,546,546,local,1,False,partition,,,,0.17,True,False,
1789631802.6212034,547,client_mr,READ_PRIMARY,primary,partition,547,547,546,local,1,False,partition,,,,0.19,True,False,
1789631802.621451,547,client_mr,READ_SECONDARY,localhost:27018,partition,547,546,547,local,1,False,partition,,,,0.25,True,True,
1789631802.6217432,548,client_mr,READ_PRIMARY,primary,partition,548,548,547,local,1,False,partition,,,,0.12,True,False,
1789631802.6219332,548,client_mr,READ_SECONDARY,localhost:27019,partition,548,548,548,local,1,False,partition,,,,0.19,True,False,
1789631802.6224585,549,client_mr,READ_PRIMARY,primary,partition,549,549,548,local,1,False,partition,,,,0.23,True,False,
1789631802.622841,549,client_mr,READ_SECONDARY,localhost:27018,partition,549,549,549,local,1,False,partition,,,,0.38,True,False,
1789631802.6232166,550,client_mr,READ_PRIMARY,primary,partition,550,550,549,local,1,False,partition,,,,0.16,True,False,
1789631802.6234388,550,client_mr,READ_SECONDARY,localhost:27019,partition,550,550,550,local,1,False,partition,,,,0.22,True,False,
1789631802.623972,551,client_mr,READ_PRIMARY,primary,partition,551,551,550,local,1,False,partition,,,,0.26,True,False,
1789631802.624312,551,client_mr,READ_SECONDARY,localhost:27018,partition,551,551,551,local,1,False,partition,,,,0.34,True,False,
1789631802.62474,552,client_mr,READ_PRIMARY,primary,partition,552,552,551,local,1,False,partition,,,,0.15,True,False,
1789631802.6250863,552,client_mr,READ_SECONDARY,localhost:27019,partition,552,552,552,local,1,False,partition,,,,0.34,True,False,
1789631802.6254222,553,client_mr,READ_PRIMARY,primary,partition,553,553,552,local,1,False,partition,,,,0.12,True,False,
1789631802.6257184,553,client_mr,READ_SECONDARY,localhost:27018,partition,553,552,553,local,1,False,partition,,,,0.29,True,True,
1789631802.6261263,554,client_mr,READ_PRIMARY,primary,partition,554,554,553,local,1,False,partition,,,,0.12,True,False,
1789631802.626411,554,client_mr,READ_SECONDARY,localhost:27019,partition,554,554,554,local,1,False,partition,,,,0.28,True,False,
1789631802.6267495,555,client_mr,READ_PRIMARY,primary,partition,555,555,554,local,1,False,partition,,,,0.12,True,False,
1789631802.6270256,555,client_mr,READ_SECONDARY,localhost:27018,partition,555,554,555,local,1,False,partition,,,,0.27,True,True,
1789631802.6273818,556,client_mr,READ_PRIMARY,primary,partition,556,556,555,local,1,False,partition,,,,0.13,True,False,
1789631802.627586,556,client_mr,READ_SECONDARY,localhost:27019,partition,556,556,556,local,1,False,partition,,,,0.2,True,False,
1789631802.6279979,557,client_mr,READ_PRIMARY,primary,partition,557,557,556,local,1,False,partition,,,,0.18,True,False,
1789631802.6282465,557,client_mr,READ_SECONDARY,localhost:27018,partition,557,557,557,local,1,False,partition,,,,0.25,True,False,
1789631802.6285799,558,client_mr,READ_PRIMARY,primary,partition,558,558,557,local,1,False,partition,,,,0.12,True,False,
1789631802.6287973,558,client_mr,READ_SECONDARY,localhost:27019,partition,558,558,558,local,1,False,partition,,,,0.22,True,False,
1789631802.6291287,559,client_mr,READ_PRIMARY,primary,partition,559,559,558,local,1,False,partition,,,,0.15,True,False,
1789631802.6292758,559,client_mr,READ_SECONDARY,localhost:27018,partition,559,558,559,local,1,False,partition,,,,0.15,True,True,
1789631802.629654,560,client_mr,READ_PRIMARY,primary,partition,560,560,559,local,1,False,partition,,,,0.13,True,False,
1789631802.6298044,560,client_mr,READ_SECONDARY,localhost:27019,partition,560,560,560,local,1,False,partition,,,,0.15,True,False,
1789631802.6301339,561,client_mr,READ_PRIMARY,primary,partition,561,561,560,local,1,False,partition,,,,0.11,True,False,
1789631802.6304262,561,client_mr,READ_SECONDARY,localhost:27018,partition,561,561,561,local,1,False,partition,,,,0.29,True,False,
1789631802.6307464,562,client_mr,READ_PRIMARY,primary,partition,562,562,561,local,1,False,partition,,,,0.12,True,False,
1789631802.6309292,562,client_mr,READ_SECONDARY,localhost:27019,partition,562,562,562,local,1,False,partition,,,,0.18,True,False,
1789631802.6312327,563,client_mr,READ_PRIMARY,primary,partition,563,563,562,local,1,False,partition,,,,0.11,True,False,
1789631802.631505,563,client_mr,READ_SECONDARY,localhost:27018,partition,563,563,563,local,1,False,partition,,,,0.27,True,False,
1789631802.6319752,564,client_mr,READ_PRIMARY,primary,partition,564,564,563,local,1,False,partition,,,,0.2,True,False,
1789631802.6321177,564,client_mr,READ_SECONDARY,localhost:27019,partition,564,564,564,local,1,False,partition,,,,0.14,True,False,
1789631802.6326427,565,client_mr,READ_PRIMARY,primary,partition,565,565,564,local,1,False,partition,,,,0.32,True,False,
1789631802.6328132,565,client_mr,READ_SECONDARY,localhost:27018,partition,565,564,565,local,1,False,partition,,,,0.17,True,True,
1789631802.6331716,566,client_mr,READ_PRIMARY,primary,partition,566,566,565,local,1,False,partition,,,,0.13,True,False,
1789631802.6333554,566,client_mr,READ_SECONDARY,localhost:27019,partition,566,566,566,local,1,False,partition,,,,0.18,True,False,
1789631802.6337807,567,client_mr,READ_PRIMARY,primary,partition,567,567,566,local,1,False,partition,,,,0.22,True,False,
1789631802.6340144,567,client_mr,READ_SECONDARY,localhost:27018,partition,567,567,567,local,1,False,partition,,,,0.23,True,False,
1789631802.6343744,568,client_mr,READ_PRIMARY,primary,partition,568,568,567,local,1,False,partition,,,,0.13,True,False,
1789631802.6345348,568,client_mr,READ_SECONDARY,localhost:27019,partition,568,568,568,local,1,False,partition,,,,0.16,True,False,
1789631802.6348631,569,client_mr,READ_PRIMARY,primary,partition,569,569,568,local,1,False,partition,,,,0.12,True,False,
1789631802.635128,569,client_mr,READ_SECONDARY,localhost:27018,partition,569,568,569,local,1,False,partition,,,,0.26,True,True,
1789631802.635441,570,client_mr,READ_PRIMARY,primary,partition,570,570,569,local,1,False,partition,,,,0.13,True,False,
1789631802.635668,570,client_mr,READ_SECONDARY,localhost:27019,partition,570,570,570,local,1,False,partition,,,,0.23,True,False,
1789631802.6359456,571,client_mr,READ_PRIMARY,primary,partition,571,571,570,local,1,False,partition,,,,0.12,True,False,
1789631802.636113,571,client_mr,READ_SECONDARY,localhost:27018,partition,571,570,571,local,1,False,partition,,,,0.17,True,True,
1789631802.636368,572,client_mr,READ_PRIMARY,primary,partition,572,572,571,local,1,False,partition,,,,0.11,True,False,
1789631802.6366138,572,client_mr,READ_SECONDARY,localhost:27019,partition,572,572,572,local,1,False,partition,,,,0.24,True,False,
1789631802.636893,573,client_mr,READ_PRIMARY,primary,partition,573,573,572,local,1,False,partition,,,,0.12,True,False,
1789631802.6370807,573,client_mr,READ_SECONDARY,localhost:27018,partition,573,572,573,local,1,False,partition,,,,0.19,True,True,
1789631802.637353,574,client_mr,READ_PRIMARY,primary,partition,574,574,573,local,1,False,partition,,,,0.11,True,False,
1789631802.6376014,574,client_mr,READ_SECONDARY,localhost:27019,partition,574,574,574,local,1,False,partition,,,,0.25,True,False,
1789631802.638064,575,client_mr,READ_PRIMARY,primary,partition,575,575,574,local,1,False,partition,,,,0.15,True,False,
1789631802.6383455,575,client_mr,READ_SECONDARY,localhost:27018,partition,575,574,575,local,1,False,partition,,,,0.28,True,True,
1789631802.6386237,576,client_mr,READ_PRIMARY,primary,partition,576,576,575,local,1,False,partition,,,,0.12,True,False,
1789631802.6389422,576,client_mr,READ_SECONDARY,localhost:27019,partition,576,576,576,local,1,False,partition,,,,0.32,True,False,
1789631802.6392767,577,client_mr,READ_PRIMARY,primary,partition,577,577,576,local,1,False,partition,,,,0.13,True,False,
1789631802.639489,577,client_mr,READ_SECONDARY,localhost:27018,partition,577,576,577,local,1,False,partition,,,,0.21,True,True,
1789631802.6397815,578,client_mr,READ_PRIMARY,primary,partition,578,578,577,local,1,False,partition,,,,0.12,True,False,
1789631802.64,578,client_mr,READ_SECONDARY,localhost:27019,partition,578,578,578,local,1,False,partition,,,,0.22,True,False,
1789631802.640304,579,client_mr,READ_PRIMARY,primary,partition,579,579,578,local,1,False,partition,,,,0.13,True,False,
1789631802.6404557,579,client_mr,READ_SECONDARY,localhost:27018,partition,579,578,579,local,1,False,partition,,,,0.15,True,True,
1789631802.6407619,580,client_mr,READ_PRIMARY,primary,partition,580,580,579,local,1,False,partition,,,,0.13,True,False,
1789631802.640974,580,client_mr,READ_SECONDARY,localhost:27019,partition,580,580,580,local,1,False,partition,,,,0.21,True,False,
1789631802.641249,581,client_mr,READ_PRIMARY,primary,partition,581,581,580,local,1,False,partition,,,,0.12,True,False,
1789631802.6414564,581,client_mr,READ_SECONDARY,localhost:27018,partition,581,580,581,local,1,False,partition,,,,0.21,True,True,
1789631802.641709,582,client_mr,READ_PRIMARY,primary,partition,582,582,581,local,1,False,partition,,,,0.11,True,False,
1789631802.6419718,582,client_mr,READ_SECONDARY,localhost:27019,partition,582,582,582,local,1,False,partition,,,,0.26,True,False,
1789631802.6422331,583,client_mr,READ_PRIMARY,primary,partition,583,583,582,local,1,False,partition,,,,0.11,True,False,
1789631802.6425319,583,client_mr,READ_SECONDARY,localhost:27018,partition,583,583,583,local,1,False,partition,,,,0.3,True,False,
1789631802.6428185,584,client_mr,READ_PRIMARY,primary,partition,584,584,583,local,1,False,partition,,,,0.11,True,False,
1789631802.6430495,584,client_mr,READ_SECONDARY,localhost:27019,partition,584,584,584,local,1,False,partition,,,,0.23,True,False,
1789631802.6433206,585,client_mr,READ_PRIMARY,primary,partition,585,585,584,local,1,False,partition,,,,0.11,True,False,
1789631802.6434667,585,client_mr,READ_SECONDARY,localhost:27018,partition,585,584,585,local,1,False,partition,,,,0.14,True,True,
1789631802.6437166,586,client_mr,READ_PRIMARY,primary,partition,586,586,585,local,1,False,partition,,,,0.11,True,False,
1789631802.6440554,586,client_mr,READ_SECONDARY,localhost:27019,partition,586,586,586,local,1,False,partition,,,,0.34,True,False,
1789631802.6443346,587,client_mr,READ_PRIMARY,primary,partition,587,587,586,local,1,False,partition,,,,0.12,True,False,
1789631802.64453,587,client_mr,READ_SECONDARY,localhost:27018,partition,587,586,587,local,1,False,partition,,,,0.19,True,True,
1789631802.6448627,588,client_mr,READ_PRIMARY,primary,partition,588,588,587,local,1,False,partition,,,,0.17,True,False,
1789631802.6451125,588,client_mr,READ_SECONDARY,localhost:27019,partition,588,588,588,local,1,False,partition,,,,0.25,True,False,
1789631802.645408,589,client_mr,READ_PRIMARY,primary,partition,589,589,588,local,1,False,partition,,,,0.12,True,False,
1789631802.6456354,589,client_mr,READ_SECONDARY,localhost:27018,partition,589,588,589,local,1,False,partition,,,,0.23,True,True,
1789631802.6459801,590,client_mr,READ_PRIMARY,primary,partition,590,590,589,local,1,False,partition,,,,0.17,True,False,
1789631802.6461809,590,client_mr,READ_SECONDARY,localhost:27019,partition,590,590,590,local,1,False,partition,,,,0.2,True,False,
1789631802.646456,591,client_mr,READ_PRIMARY,primary,partition,591,591,590,local,1,False,partition,,,,0.11,True,False,
1789631802.6466782,591,client_mr,READ_SECONDARY,localhost:27018,partition,591,590,591,local,1,False,partition,,,,0.22,True,True,
1789631802.6469557,592,client_mr,READ_PRIMARY,primary,partition,592,592,591,local,1,False,partition,,,,0.12,True,False,
1789631802.6471853,592,client_mr,READ_SECONDARY,localhost:27019,partition,592,592,592,local,1,False,partition,,,,0.23,True,False,
1789631802.6475344,593,client_mr,READ_PRIMARY,primary,partition,593,593,592,local,1,False,partition,,,,0.12,True,False,
1789631802.6477325,593,client_mr,READ_SECONDARY,localhost:27018,partition,593,592,593,local,1,False,partition,,,,0.2,True,True,
1789631802.6480057,594,client_mr,READ_PRIMARY,primary,partition,594,594,593,local,1,False,partition,,,,0.12,True,False,
1789631802.648179,594,client_mr,READ_SECONDARY,localhost:27019,partition,594,594,594,local,1,False,partition,,,,0.17,True,False,
1789631802.648462,595,client_mr,READ_PRIMARY,primary,partition,595,595,594,local,1,False,partition,,,,0.12,True,False,
1789631802.6486712,595,client_mr,READ_SECONDARY,localhost:27018,partition,595,594,595,local,1,False,partition,,,,0.21,True,True,
1789631802.6489446,596,client_mr,READ_PRIMARY,primary,partition,596,596,595,local,1,False,partition,,,,0.11,True,False,
1789631802.6492722,596,client_mr,READ_SECONDARY,localhost:27019,partition,596,596,596,local,1,False,partition,,,,0.33,True,False,
1789631802.6495302,597,client_mr,READ_PRIMARY,primary,partition,597,597,596,local,1,False,partition,,,,0.11,True,False,
1789631802.6497319,597,client_mr,READ_SECONDARY,localhost:27018,partition,597,596,597,local,1,False,partition,,,,0.2,True,True,
1789631802.650121,598,client_mr,READ_PRIMARY,primary,partition,598,598,597,local,1,False,partition,,,,0.17,True,False,
1789631802.6503263,598,client_mr,READ_SECONDARY,localhost:27019,partition,598,598,598,local,1,False,partition,,,,0.2,True,False,
1789631802.650612,599,client_mr,READ_PRIMARY,primary,partition,599,599,598,local,1,False,partition,,,,0.12,True,False,
1789631802.6508355,599,client_mr,READ_SECONDARY,localhost:27018,partition,599,598,599,local,1,False,partition,,,,0.22,True,True,
1789631813.2997851,600,client_mr,READ_PRIMARY,primary,recovery,600,600,599,local,1,False,partition,primary_network_reconnect,mongo1,1789631802.6508374,0.42,True,False,
1789631813.3000555,600,client_mr,READ_SECONDARY,localhost:27019,recovery,600,600,600,local,1,False,partition,primary_network_reconnect,mongo1,1789631802.6508374,0.26,True,False,
1789631813.3007119,601,client_mr,READ_PRIMARY,primary,recovery,601,601,600,local,1,False,partition,,,,0.28,True,False,
1789631813.3009477,601,client_mr,READ_SECONDARY,localhost:27018,recovery,601,600,601,local,1,False,partition,,,,0.23,True,True,
1789631813.3014657,602,client_mr,READ_PRIMARY,primary,recovery,602,602,601,local,1,False,partition,,,,0.21,True,False,
1789631813.302038,602,client_mr,READ_SECONDARY,localhost:27019,recovery,602,602,602,local,1,False,partition,,,,0.57,True,False,
1789631813.3026934,603,client_mr,READ_PRIMARY,primary,recovery,603,603,602,local,1,False,partition,,,,0.32,True,False,
1789631813.3029342,603,client_mr,READ_SECONDARY,localhost:27018,recovery,603,603,603,local,1,False,partition,,,,0.24,True,False,
1789631813.3034809,604,client_mr,READ_PRIMARY,primary,recovery,604,604,603,local,1,False,partition,,,,0.2,True,False,
1789631813.3040042,604,client_mr,READ_SECONDARY,localhost:27019,recovery,604,604,604,local,1,False,partition,,,,0.52,True,False,
1789631813.304398,605,client_mr,READ_PRIMARY,primary,recovery,605,605,604,local,1,False,partition,,,,0.17,True,False,
1789631813.3046644,605,client_mr,READ_SECONDARY,localhost:27018,recovery,605,605,605,local,1,False,partition,,,,0.26,True,False,
1789631813.3055272,606,client_mr,READ_PRIMARY,primary,recovery,606,606,605,local,1,False,partition,,,,0.5,True,False,
1789631813.305992,606,client_mr,READ_SECONDARY,localhost:27019,recovery,606,606,606,local,1,False,partition,,,,0.46,True,False,
1789631813.3063998,607,client_mr,READ_PRIMARY,primary,recovery,607,607,606,local,1,False,partition,,,,0.13,True,False,
1789631813.3066828,607,client_mr,READ_SECONDARY,localhost:27018,recovery,607,606,607,local,1,False,partition,,,,0.28,True,True,
1789631813.3072224,608,client_mr,READ_PRIMARY,primary,recovery,608,608,607,local,1,False,partition,,,,0.25,True,False,
1789631813.3075743,608,client_mr,READ_SECONDARY,localhost:27019,recovery,608,608,608,local,1,False,partition,,,,0.35,True,False,
1789631813.3081856,609,client_mr,READ_PRIMARY,primary,recovery,609,609,608,local,1,False,partition,,,,0.21,True,False,
1789631813.3084576,609,client_mr,READ_SECONDARY,localhost:27018,recovery,609,608,609,local,1,False,partition,,,,0.27,True,True,
1789631813.3091226,610,client_mr,READ_PRIMARY,primary,recovery,610,610,609,local,1,False,partition,,,,0.31,True,False,
1789631813.309477,610,client_mr,READ_SECONDARY,localhost:27019,recovery,610,610,610,local,1,False,partition,,,,0.35,True,False,
1789631813.310012,611,client_mr,READ_PRIMARY,primary,recovery,611,611,610,local,1,False,partition,,,,0.32,True,False,
1789631813.310245,611,client_mr,READ_SECONDARY,localhost:27018,recovery,611,610,611,local,1,False,partition,,,,0.23,True,True,
1789631813.3107123,612,client_mr,READ_PRIMARY,primary,recovery,612,612,611,local,1,False,partition,,,,0.23,True,False,
1789631813.310962,612,client_mr,READ_SECONDARY,localhost:27019,recovery,612,612,612,local,1,False,partition,,,,0.25,True,False,
1789631813.3115466,613,client_mr,READ_PRIMARY,primary,recovery,613,613,612,local,1,False,partition,,,,0.4,True,False,
1789631813.3116915,613,client_mr,READ_SECONDARY,localhost:27018,recovery,613,613,613,local,1,False,partition,,,,0.14,True,False,
1789631813.3120332,614,client_mr,READ_PRIMARY,primary,recovery,614,614,613,local,1,False,partition,,,,0.12,True,False,
1789631813.3122468,614,client_mr,READ_SECONDARY,localhost:27019,recovery,614,614,614,local,1,False,partition,,,,0.21,True,False,
1789631813.3130503,615,client_mr,READ_PRIMARY,primary,recovery,615,615,614,local,1,False,partition,,,,0.15,True,False,
1789631813.3132472,615,client_mr,READ_SECONDARY,localhost:27018,recovery,615,614,615,local,1,False,partition,,,,0.2,True,True,
1789631813.3142717,616,client_mr,READ_PRIMARY,primary,recovery,616,616,615,local,1,False,partition,,,,0.6,True,False,
1789631813.314575,616,client_mr,READ_SECONDARY,localhost:27019,recovery,616,616,616,local,1,False,partition,,,,0.3,True,False,
1789631813.3150215,617,client_mr,READ_PRIMARY,primary,recovery,617,617,616,local,1,False,partition,,,,0.21,True,False,
1789631813.31524,617,client_mr,READ_SECONDARY,localhost:27018,recovery,617,617,617,local,1,False,partition,,,,0.22,True,False,
1789631813.3160133,618,client_mr,READ_PRIMARY,primary,recovery,618,618,617,local,1,False,partition,,,,0.26,True,False,
1789631813.3163304,618,client_mr,READ_SECONDARY,localhost:27019,recovery,618,618,618,local,1,False,partition,,,,0.32,True,False,
1789631813.3171325,619,client_mr,READ_PRIMARY,primary,recovery,619,619,618,local,1,False,partition,,,,0.47,True,False,
1789631813.3173566,619,client_mr,READ_SECONDARY,localhost:27018,recovery,619,619,619,local,1,False,partition,,,,0.22,True,False,
1789631813.3179202,620,client_mr,READ_PRIMARY,primary,recovery,620,620,619,local,1,False,partition,,,,0.3,True,False,
1789631813.3181927,620,client_mr,READ_SECONDARY,localhost:27019,recovery,620,620,620,local,1,False,partition,,,,0.27,True,False,
1789631813.3188396,621,client_mr,READ_PRIMARY,primary,recovery,621,621,620,local,1,False,partition,,,,0.33,True,False,
1789631813.3192487,621,client_mr,READ_SECONDARY,localhost:27018,recovery,621,621,621,local,1,False,partition,,,,0.41,True,False,
1789631813.3196888,622,client_mr,READ_PRIMARY,primary,recovery,622,622,621,local,1,False,partition,,,,0.14,True,False,
1789631813.320165,622,client_mr,READ_SECONDARY,localhost:27019,recovery,622,622,622,local,1,False,partition,,,,0.47,True,False,
1789631813.3207138,623,client_mr,READ_PRIMARY,primary,recovery,623,623,622,local,1,False,partition,,,,0.25,True,False,
1789631813.3209324,623,client_mr,READ_SECONDARY,localhost:27018,recovery,623,622,623,local,1,False,partition,,,,0.21,True,True,
1789631813.3214784,624,client_mr,READ_PRIMARY,primary,recovery,624,624,623,local,1,False,partition,,,,0.19,True,False,
1789631813.3216684,624,client_mr,READ_SECONDARY,localhost:27019,recovery,624,624,624,local,1,False,partition,,,,0.19,True,False,
1789631813.3225396,625,client_mr,READ_PRIMARY,primary,recovery,625,625,624,local,1,False,partition,,,,0.45,True,False,
1789631813.3228776,625,client_mr,READ_SECONDARY,localhost:27018,recovery,625,625,625,local,1,False,partition,,,,0.34,True,False,
1789631813.3234313,626,client_mr,READ_PRIMARY,primary,recovery,626,626,625,local,1,False,partition,,,,0.3,True,False,
1789631813.3236222,626,client_mr,READ_SECONDARY,localhost:27019,recovery,626,626,626,local,1,False,partition,,,,0.19,True,False,
1789631813.3242676,627,client_mr,READ_PRIMARY,primary,recovery,627,627,626,local,1,False,partition,,,,0.34,True,False,
1789631813.3246465,627,client_mr,READ_SECONDARY,localhost:27018,recovery,627,627,627,local,1,False,partition,,,,0.38,True,False,
1789631813.325174,628,client_mr,READ_PRIMARY,primary,recovery,628,628,627,local,1,False,partition,,,,0.25,True,False,
1789631813.325332,628,client_mr,READ_SECONDARY,localhost:27019,recovery,628,628,628,local,1,False,partition,,,,0.16,True,False,
1789631813.326019,629,client_mr,READ_PRIMARY,primary,recovery,629,629,628,local,1,False,partition,,,,0.27,True,False,
1789631813.3262162,629,client_mr,READ_SECONDARY,localhost:27018,recovery,629,629,629,local,1,False,partition,,,,0.2,True,False,
1789631813.3268383,630,client_mr,READ_PRIMARY,primary,recovery,630,630,629,local,1,False,partition,,,,0.24,True,False,
1789631813.327101,630,client_mr,READ_SECONDARY,localhost:27019,recovery,630,630,630,local,1,False,partition,,,,0.26,True,False,
1789631813.327424,631,client_mr,READ_PRIMARY,primary,recovery,631,631,630,local,1,False,partition,,,,0.13,True,False,
1789631813.3276272,631,client_mr,READ_SECONDARY,localhost:27018,recovery,631,630,631,local,1,False,partition,,,,0.2,True,True,
1789631813.3279533,632,client_mr,READ_PRIMARY,primary,recovery,632,632,631,local,1,False,partition,,,,0.13,True,False,
1789631813.3282716,632,client_mr,READ_SECONDARY,localhost:27019,recovery,632,632,632,local,1,False,partition,,,,0.32,True,False,
1789631813.3285794,633,client_mr,READ_PRIMARY,primary,recovery,633,633,632,local,1,False,partition,,,,0.12,True,False,
1789631813.3288212,633,client_mr,READ_SECONDARY,localhost:27018,recovery,633,632,633,local,1,False,partition,,,,0.24,True,True,
1789631813.3292758,634,client_mr,READ_PRIMARY,primary,recovery,634,634,633,local,1,False,partition,,,,0.22,True,False,
1789631813.3295877,634,client_mr,READ_SECONDARY,localhost:27019,recovery,634,634,634,local,1,False,partition,,,,0.31,True,False,
1789631813.330248,635,client_mr,READ_PRIMARY,primary,recovery,635,635,634,local,1,False,partition,,,,0.18,True,False,
1789631813.3304667,635,client_mr,READ_SECONDARY,localhost:27018,recovery,635,634,635,local,1,False,partition,,,,0.22,True,True,
1789631813.3309665,636,client_mr,READ_PRIMARY,primary,recovery,636,636,635,local,1,False,partition,,,,0.24,True,False,
1789631813.3312051,636,client_mr,READ_SECONDARY,localhost:27019,recovery,636,636,636,local,1,False,partition,,,,0.24,True,False,
1789631813.3319206,637,client_mr,READ_PRIMARY,primary,recovery,637,637,636,local,1,False,partition,,,,0.39,True,False,
1789631813.332159,637,client_mr,READ_SECONDARY,localhost:27018,recovery,637,636,637,local,1,False,partition,,,,0.24,True,True,
1789631813.3326936,638,client_mr,READ_PRIMARY,primary,recovery,638,638,637,local,1,False,partition,,,,0.3,True,False,
1789631813.3329384,638,client_mr,READ_SECONDARY,localhost:27019,recovery,638,638,638,local,1,False,partition,,,,0.24,True,False,
1789631813.3334663,639,client_mr,READ_PRIMARY,primary,recovery,639,639,638,local,1,False,partition,,,,0.29,True,False,
1789631813.333662,639,client_mr,READ_SECONDARY,localhost:27018,recovery,639,638,639,local,1,False,partition,,,,0.19,True,True,
1789631813.3344195,640,client_mr,READ_PRIMARY,primary,recovery,640,640,639,local,1,False,partition,,,,0.29,True,False,
1789631813.3347466,640,client_mr,READ_SECONDARY,localhost:27019,recovery,640,640,640,local,1,False,partition,,,,0.33,True,False,
1789631813.335158,641,client_mr,READ_PRIMARY,primary,recovery,641,641,640,local,1,False,partition,,,,0.19,True,False,
1789631813.335402,641,client_mr,READ_SECONDARY,localhost:27018,recovery,641,640,641,local,1,False,partition,,,,0.24,True,True,
1789631813.3357685,642,client_mr,READ_PRIMARY,primary,recovery,642,642,641,local,1,False,partition,,,,0.16,True,False,
1789631813.3360367,642,client_mr,READ_SECONDARY,localhost:27019,recovery,642,642,642,local,1,False,partition,,,,0.27,True,False,
1789631813.3366804,643,client_mr,READ_PRIMARY,primary,recovery,643,643,642,local,1,False,partition,,,,0.2,True,False,
1789631813.3368373,643,client_mr,READ_SECONDARY,localhost:27018,recovery,643,643,643,local,1,False,partition,,,,0.15,True,False,
1789631813.3372374,644,client_mr,READ_PRIMARY,primary,recovery,644,644,643,local,1,False,partition,,,,0.17,True,False,
1789631813.3375278,644,client_mr,READ_SECONDARY,localhost:27019,recovery,644,644,644,local,1,False,partition,,,,0.29,True,False,
1789631813.3383145,645,client_mr,READ_PRIMARY,primary,recovery,645,645,644,local,1,False,partition,,,,0.2,True,False,
1789631813.3386612,645,client_mr,READ_SECONDARY,localhost:27018,recovery,645,645,645,local,1,False,partition,,,,0.34,True,False,
1789631813.3393173,646,client_mr,READ_PRIMARY,primary,recovery,646,646,645,local,1,False,partition,,,,0.31,True,False,
1789631813.3397257,646,client_mr,READ_SECONDARY,localhost:27019,recovery,646,646,646,local,1,False,partition,,,,0.41,True,False,
1789631813.3401885,647,client_mr,READ_PRIMARY,primary,recovery,647,647,646,local,1,False,partition,,,,0.13,True,False,
1789631813.3404732,647,client_mr,READ_SECONDARY,localhost:27018,recovery,647,647,647,local,1,False,partition,,,,0.28,True,False,
1789631813.3407993,648,client_mr,READ_PRIMARY,primary,recovery,648,648,647,local,1,False,partition,,,,0.14,True,False,
1789631813.3410256,648,client_mr,READ_SECONDARY,localhost:27019,recovery,648,648,648,local,1,False,partition,,,,0.22,True,False,
1789631813.3414736,649,client_mr,READ_PRIMARY,primary,recovery,649,649,648,local,1,False,partition,,,,0.22,True,False,
1789631813.3417034,649,client_mr,READ_SECONDARY,localhost:27018,recovery,649,648,649,local,1,False,partition,,,,0.23,True,True,
1789631813.3422287,650,client_mr,READ_PRIMARY,primary,recovery,650,650,649,local,1,False,partition,,,,0.23,True,False,
1789631813.3424804,650,client_mr,READ_SECONDARY,localhost:27019,recovery,650,650,650,local,1,False,partition,,,,0.25,True,False,
1789631813.3429909,651,client_mr,READ_PRIMARY,primary,recovery,651,651,650,local,1,False,partition,,,,0.17,True,False,
1789631813.343213,651,client_mr,READ_SECONDARY,localhost:27018,recovery,651,650,651,local,1,False,partition,,,,0.22,True,True,
1789631813.3435247,652,client_mr,READ_PRIMARY,primary,recovery,652,652,651,local,1,False,partition,,,,0.15,True,False,
1789631813.3437119,652,client_mr,READ_SECONDARY,localhost:27019,recovery,652,652,652,local,1,False,partition,,,,0.19,True,False,
1789631813.3441703,653,client_mr,READ_PRIMARY,primary,recovery,653,653,652,local,1,False,partition,,,,0.17,True,False,
1789631813.3443947,653,client_mr,READ_SECONDARY,localhost:27018,recovery,653,652,653,local,1,False,partition,,,,0.22,True,True,
1789631813.3447049,654,client_mr,READ_PRIMARY,primary,recovery,654,654,653,local,1,False,partition,,,,0.12,True,False,
1789631813.34487,654,client_mr,READ_SECONDARY,localhost:27019,recovery,654,654,654,local,1,False,partition,,,,0.16,True,False,
1789631813.3454642,655,client_mr,READ_PRIMARY,primary,recovery,655,655,654,local,1,False,partition,,,,0.36,True,False,
1789631813.3457997,655,client_mr,READ_SECONDARY,localhost:27018,recovery,655,655,655,local,1,False,partition,,,,0.33,True,False,
1789631813.3465443,656,client_mr,READ_PRIMARY,primary,recovery,656,656,655,local,1,False,partition,,,,0.28,True,False,
1789631813.3467586,656,client_mr,READ_SECONDARY,localhost:27019,recovery,656,656,656,local,1,False,partition,,,,0.21,True,False,
1789631813.3471842,657,client_mr,READ_PRIMARY,primary,recovery,657,657,656,local,1,False,partition,,,,0.19,True,False,
1789631813.3474224,657,client_mr,READ_SECONDARY,localhost:27018,recovery,657,657,657,local,1,False,partition,,,,0.24,True,False,
1789631813.3479772,658,client_mr,READ_PRIMARY,primary,recovery,658,658,657,local,1,False,partition,,,,0.28,True,False,
1789631813.3482184,658,client_mr,READ_SECONDARY,localhost:27019,recovery,658,658,658,local,1,False,partition,,,,0.24,True,False,
1789631813.3487532,659,client_mr,READ_PRIMARY,primary,recovery,659,659,658,local,1,False,partition,,,,0.26,True,False,
1789631813.3489072,659,client_mr,READ_SECONDARY,localhost:27018,recovery,659,659,659,local,1,False,partition,,,,0.15,True,False,
1789631813.3495154,660,client_mr,READ_PRIMARY,primary,recovery,660,660,659,local,1,False,partition,,,,0.29,True,False,
1789631813.349715,660,client_mr,READ_SECONDARY,localhost:27019,recovery,660,660,660,local,1,False,partition,,,,0.2,True,False,
1789631813.3500786,661,client_mr,READ_PRIMARY,primary,recovery,661,661,660,local,1,False,partition,,,,0.13,True,False,
1789631813.3503988,661,client_mr,READ_SECONDARY,localhost:27018,recovery,661,660,661,local,1,False,partition,,,,0.32,True,True,
1789631813.3508565,662,client_mr,READ_PRIMARY,primary,recovery,662,662,661,local,1,False,partition,,,,0.19,True,False,
1789631813.3511677,662,client_mr,READ_SECONDARY,localhost:27019,recovery,662,662,662,local,1,False,partition,,,,0.31,True,False,
1789631813.3516011,663,client_mr,READ_PRIMARY,primary,recovery,663,663,662,local,1,False,partition,,,,0.23,True,False,
1789631813.3518343,663,client_mr,READ_SECONDARY,localhost:27018,recovery,663,662,663,local,1,False,partition,,,,0.23,True,True,
1789631813.352382,664,client_mr,READ_PRIMARY,primary,recovery,664,664,663,local,1,False,partition,,,,0.3,True,False,
1789631813.3526504,664,client_mr,READ_SECONDARY,localhost:27019,recovery,664,664,664,local,1,False,partition,,,,0.27,True,False,
1789631813.3531961,665,client_mr,READ_PRIMARY,primary,recovery,665,665,664,local,1,False,partition,,,,0.21,True,False,
1789631813.3534214,665,client_mr,READ_SECONDARY,localhost:27018,recovery,665,664,665,local,1,False,partition,,,,0.22,True,True,
1789631813.3539531,666,client_mr,READ_PRIMARY,primary,recovery,666,666,665,local,1,False,partition,,,,0.3,True,False,
1789631813.3543324,666,client_mr,READ_SECONDARY,localhost:27019,recovery,666,666,666,local,1,False,partition,,,,0.38,True,False,
1789631813.3547275,667,client_mr,READ_PRIMARY,primary,recovery,667,667,666,local,1,False,partition,,,,0.16,True,False,
1789631813.3549554,667,client_mr,READ_SECONDARY,localhost:27018,recovery,667,666,667,local,1,False,partition,,,,0.23,True,True,
1789631813.3553452,668,client_mr,READ_PRIMARY,primary,recovery,668,668,667,local,1,False,partition,,,,0.18,True,False,
1789631813.3556008,668,client_mr,READ_SECONDARY,localhost:27019,recovery,668,668,668,local,1,False,partition,,,,0.25,True,False,
1789631813.3560948,669,client_mr,READ_PRIMARY,primary,recovery,669,669,668,local,1,False,partition,,,,0.14,True,False,
1789631813.3562844,669,client_mr,READ_SECONDARY,localhost:27018,recovery,669,669,669,local,1,False,partition,,,,0.19,True,False,
1789631813.3566568,670,client_mr,READ_PRIMARY,primary,recovery,670,670,669,local,1,False,partition,,,,0.16,True,False,
1789631813.3568068,670,client_mr,READ_SECONDARY,localhost:27019,recovery,670,670,670,local,1,False,partition,,,,0.15,True,False,
1789631813.3570676,671,client_mr,READ_PRIMARY,primary,recovery,671,671,670,local,1,False,partition,,,,0.12,True,False,
1789631813.3573194,671,client_mr,READ_SECONDARY,localhost:27018,recovery,671,669,671,local,1,False,partition,,,,0.25,True,True,
1789631813.3577726,672,client_mr,READ_PRIMARY,primary,recovery,672,672,671,local,1,False,partition,,,,0.22,True,False,
1789631813.358088,672,client_mr,READ_SECONDARY,localhost:27019,recovery,672,672,672,local,1,False,partition,,,,0.31,True,False,
1789631813.3584094,673,client_mr,READ_PRIMARY,primary,recovery,673,673,672,local,1,False,partition,,,,0.15,True,False,
1789631813.3586142,673,client_mr,READ_SECONDARY,localhost:27018,recovery,673,672,673,local,1,False,partition,,,,0.19,True,True,
1789631813.3590221,674,client_mr,READ_PRIMARY,primary,recovery,674,674,673,local,1,False,partition,,,,0.18,True,False,
1789631813.3592007,674,client_mr,READ_SECONDARY,localhost:27019,recovery,674,674,674,local,1,False,partition,,,,0.18,True,False,
1789631813.3595166,675,client_mr,READ_PRIMARY,primary,recovery,675,675,674,local,1,False,partition,,,,0.12,True,False,
1789631813.3598025,675,client_mr,READ_SECONDARY,localhost:27018,recovery,675,674,675,local,1,False,partition,,,,0.28,True,True,
1789631813.3601522,676,client_mr,READ_PRIMARY,primary,recovery,676,676,675,local,1,False,partition,,,,0.14,True,False,
1789631813.3603973,676,client_mr,READ_SECONDARY,localhost:27019,recovery,676,676,676,local,1,False,partition,,,,0.24,True,False,
1789631813.3607028,677,client_mr,READ_PRIMARY,primary,recovery,677,677,676,local,1,False,partition,,,,0.14,True,False,
1789631813.3609452,677,client_mr,READ_SECONDARY,localhost:27018,recovery,677,676,677,local,1,False,partition,,,,0.24,True,True,
1789631813.361331,678,client_mr,READ_PRIMARY,primary,recovery,678,678,677,local,1,False,partition,,,,0.13,True,False,
1789631813.361681,678,client_mr,READ_SECONDARY,localhost:27019,recovery,678,678,678,local,1,False,partition,,,,0.35,True,False,
1789631813.3619823,679,client_mr,READ_PRIMARY,primary,recovery,679,679,678,local,1,False,partition,,,,0.12,True,False,
1789631813.3622062,679,client_mr,READ_SECONDARY,localhost:27018,recovery,679,678,679,local,1,False,partition,,,,0.22,True,True,
1789631813.3625083,680,client_mr,READ_PRIMARY,primary,recovery,680,680,679,local,1,False,partition,,,,0.12,True,False,
1789631813.362736,680,client_mr,READ_SECONDARY,localhost:27019,recovery,680,680,680,local,1,False,partition,,,,0.23,True,False,
1789631813.3629987,681,client_mr,READ_PRIMARY,primary,recovery,681,681,680,local,1,False,partition,,,,0.12,True,False,
1789631813.3632503,681,client_mr,READ_SECONDARY,localhost:27018,recovery,681,679,681,local,1,False,partition,,,,0.25,True,True,
1789631813.3635924,682,client_mr,READ_PRIMARY,primary,recovery,682,682,681,local,1,False,partition,,,,0.12,True,False,
1789631813.3638465,682,client_mr,READ_SECONDARY,localhost:27019,recovery,682,682,682,local,1,False,partition,,,,0.25,True,False,
1789631813.3641138,683,client_mr,READ_PRIMARY,primary,recovery,683,683,682,local,1,False,partition,,,,0.12,True,False,
1789631813.3643517,683,client_mr,READ_SECONDARY,localhost:27018,recovery,683,682,683,local,1,False,partition,,,,0.24,True,True,
1789631813.364665,684,client_mr,READ_PRIMARY,primary,recovery,684,684,683,local,1,False,partition,,,,0.15,True,False,
1789631813.3651824,684,client_mr,READ_SECONDARY,localhost:27019,recovery,684,684,684,local,1,False,partition,,,,0.52,True,False,
1789631813.3654747,685,client_mr,READ_PRIMARY,primary,recovery,685,685,684,local,1,False,partition,,,,0.13,True,False,
1789631813.3657012,685,client_mr,READ_SECONDARY,localhost:27018,recovery,685,684,685,local,1,False,partition,,,,0.22,True,True,
1789631813.366105,686,client_mr,READ_PRIMARY,primary,recovery,686,686,685,local,1,False,partition,,,,0.15,True,False,
1789631813.366362,686,client_mr,READ_SECONDARY,localhost:27019,recovery,686,686,686,local,1,False,partition,,,,0.26,True,False,
1789631813.3666363,687,client_mr,READ_PRIMARY,primary,recovery,687,687,686,local,1,False,partition,,,,0.12,True,False,
1789631813.3668401,687,client_mr,READ_SECONDARY,localhost:27018,recovery,687,686,687,local,1,False,partition,,,,0.2,True,True,
1789631813.3671768,688,client_mr,READ_PRIMARY,primary,recovery,688,688,687,local,1,False,partition,,,,0.15,True,False,
1789631813.3673685,688,client_mr,READ_SECONDARY,localhost:27019,recovery,688,688,688,local,1,False,partition,,,,0.19,True,False,
1789631813.3676775,689,client_mr,READ_PRIMARY,primary,recovery,689,689,688,local,1,False,partition,,,,0.12,True,False,
1789631813.3678083,689,client_mr,READ_SECONDARY,localhost:27018,recovery,689,688,689,local,1,False,partition,,,,0.13,True,True,
1789631813.3680837,690,client_mr,READ_PRIMARY,primary,recovery,690,690,689,local,1,False,partition,,,,0.12,True,False,
1789631813.3683438,690,client_mr,READ_SECONDARY,localhost:27019,recovery,690,690,690,local,1,False,partition,,,,0.26,True,False,
1789631813.3685966,691,client_mr,READ_PRIMARY,primary,recovery,691,691,690,local,1,False,partition,,,,0.11,True,False,
1789631813.3687997,691,client_mr,READ_SECONDARY,localhost:27018,recovery,691,690,691,local,1,False,partition,,,,0.2,True,True,
1789631813.3691645,692,client_mr,READ_PRIMARY,primary,recovery,692,692,691,local,1,False,partition,,,,0.18,True,False,
1789631813.369494,692,client_mr,READ_SECONDARY,localhost:27019,recovery,692,692,692,local,1,False,partition,,,,0.33,True,False,
1789631813.3697462,693,client_mr,READ_PRIMARY,primary,recovery,693,693,692,local,1,False,partition,,,,0.11,True,False,
1789631813.3699646,693,client_mr,READ_SECONDARY,localhost:27018,recovery,693,692,693,local,1,False,partition,,,,0.22,True,True,
1789631813.3702266,694,client_mr,READ_PRIMARY,primary,recovery,694,694,693,local,1,False,partition,,,,0.11,True,False,
1789631813.3703926,694,client_mr,READ_SECONDARY,localhost:27019,recovery,694,694,694,local,1,False,partition,,,,0.16,True,False,
1789631813.3706374,695,client_mr,READ_PRIMARY,primary,recovery,695,695,694,local,1,False,partition,,,,0.11,True,False,
1789631813.3707635,695,client_mr,READ_SECONDARY,localhost:27018,recovery,695,693,695,local,1,False,partition,,,,0.12,True,True,
1789631813.3710437,696,client_mr,READ_PRIMARY,primary,recovery,696,696,695,local,1,False,partition,,,,0.11,True,False,
1789631813.371506,696,client_mr,READ_SECONDARY,localhost:27019,recovery,696,696,696,local,1,False,partition,,,,0.46,True,False,
1789631813.3718483,697,client_mr,READ_PRIMARY,primary,recovery,697,697,696,local,1,False,partition,,,,0.16,True,False,
1789631813.3720107,697,client_mr,READ_SECONDARY,localhost:27018,recovery,697,696,697,local,1,False,partition,,,,0.16,True,True,
1789631813.3723273,698,client_mr,READ_PRIMARY,primary,recovery,698,698,697,local,1,False,partition,,,,0.13,True,False,
1789631813.372499,698,client_mr,READ_SECONDARY,localhost:27019,recovery,698,698,698,local,1,False,partition,,,,0.17,True,False,
1789631813.372842,699,client_mr,READ_PRIMARY,primary,recovery,699,699,698,local,1,False,partition,,,,0.15,True,False,
1789631813.3729749,699,client_mr,READ_SECONDARY,localhost:27018,recovery,699,698,699,local,1,False,partition,,,,0.13,True,True,
1789631813.3733413,700,client_mr,READ_PRIMARY,primary,recovery,700,700,699,local,1,False,partition,,,,0.12,True,False,
1789631813.373559,700,client_mr,READ_SECONDARY,localhost:27019,recovery,700,700,700,local,1,False,partition,,,,0.22,True,False,
1789631813.3738754,701,client_mr,READ_PRIMARY,primary,recovery,701,701,700,local,1,False,partition,,,,0.15,True,False,
1789631813.3740094,701,client_mr,READ_SECONDARY,localhost:27018,recovery,701,700,701,local,1,False,partition,,,,0.13,True,True,
1789631813.3742757,702,client_mr,READ_PRIMARY,primary,recovery,702,702,701,local,1,False,partition,,,,0.13,True,False,
1789631813.3744745,702,client_mr,READ_SECONDARY,localhost:27019,recovery,702,702,702,local,1,False,partition,,,,0.2,True,False,
1789631813.37478,703,client_mr,READ_PRIMARY,primary,recovery,703,703,702,local,1,False,partition,,,,0.13,True,False,
1789631813.3749197,703,client_mr,READ_SECONDARY,localhost:27018,recovery,703,702,703,local,1,False,partition,,,,0.13,True,True,
1789631813.3752673,704,client_mr,READ_PRIMARY,primary,recovery,704,704,703,local,1,False,partition,,,,0.14,True,False,
1789631813.3754363,704,client_mr,READ_SECONDARY,localhost:27019,recovery,704,704,704,local,1,False,partition,,,,0.17,True,False,
1789631813.3757608,705,client_mr,READ_PRIMARY,primary,recovery,705,705,704,local,1,False,partition,,,,0.14,True,False,
1789631813.3759189,705,client_mr,READ_SECONDARY,localhost:27018,recovery,705,704,705,local,1,False,partition,,,,0.16,True,True,
1789631813.376227,706,client_mr,READ_PRIMARY,primary,recovery,706,706,705,local,1,False,partition,,,,0.13,True,False,
1789631813.3764055,706,client_mr,READ_SECONDARY,localhost:27019,recovery,706,706,706,local,1,False,partition,,,,0.18,True,False,
1789631813.3766842,707,client_mr,READ_PRIMARY,primary,recovery,707,707,706,local,1,False,partition,,,,0.12,True,False,
1789631813.3768537,707,client_mr,READ_SECONDARY,localhost:27018,recovery,707,706,707,local,1,False,partition,,,,0.17,True,True,
1789631813.3771884,708,client_mr,READ_PRIMARY,primary,recovery,708,708,707,local,1,False,partition,,,,0.12,True,False,
1789631813.3773935,708,client_mr,READ_SECONDARY,localhost:27019,recovery,708,708,708,local,1,False,partition,,,,0.2,True,False,
1789631813.37771,709,client_mr,READ_PRIMARY,primary,recovery,709,709,708,local,1,False,partition,,,,0.14,True,False,
1789631813.3779047,709,client_mr,READ_SECONDARY,localhost:27018,recovery,709,707,709,local,1,False,partition,,,,0.19,True,True,
1789631813.3782043,710,client_mr,READ_PRIMARY,primary,recovery,710,710,709,local,1,False,partition,,,,0.13,True,False,
1789631813.3783586,710,client_mr,READ_SECONDARY,localhost:27019,recovery,710,710,710,local,1,False,partition,,,,0.15,True,False,
1789631813.3786056,711,client_mr,READ_PRIMARY,primary,recovery,711,711,710,local,1,False,partition,,,,0.11,True,False,
1789631813.378732,711,client_mr,READ_SECONDARY,localhost:27018,recovery,711,710,711,local,1,False,partition,,,,0.13,True,True,
1789631813.3790226,712,client_mr,READ_PRIMARY,primary,recovery,712,712,711,local,1,False,partition,,,,0.12,True,False,
1789631813.3792226,712,client_mr,READ_SECONDARY,localhost:27019,recovery,712,712,712,local,1,False,partition,,,,0.2,True,False,
1789631813.3795123,713,client_mr,READ_PRIMARY,primary,recovery,713,713,712,local,1,False,partition,,,,0.13,True,False,
1789631813.3796573,713,client_mr,READ_SECONDARY,localhost:27018,recovery,713,712,713,local,1,False,partition,,,,0.14,True,True,
1789631813.3799508,714,client_mr,READ_PRIMARY,primary,recovery,714,714,713,local,1,False,partition,,,,0.12,True,False,
1789631813.3801346,714,client_mr,READ_SECONDARY,localhost:27019,recovery,714,714,714,local,1,False,partition,,,,0.18,True,False,
1789631813.3804395,715,client_mr,READ_PRIMARY,primary,recovery,715,715,714,local,1,False,partition,,,,0.13,True,False,
1789631813.380576,715,client_mr,READ_SECONDARY,localhost:27018,recovery,715,714,715,local,1,False,partition,,,,0.14,True,True,
1789631813.380889,716,client_mr,READ_PRIMARY,primary,recovery,716,716,715,local,1,False,partition,,,,0.12,True,False,
1789631813.3811224,716,client_mr,READ_SECONDARY,localhost:27019,recovery,716,716,716,local,1,False,partition,,,,0.23,True,False,
1789631813.381483,717,client_mr,READ_PRIMARY,primary,recovery,717,717,716,local,1,False,partition,,,,0.15,True,False,
1789631813.38162,717,client_mr,READ_SECONDARY,localhost:27018,recovery,717,716,717,local,1,False,partition,,,,0.14,True,True,
1789631813.382018,718,client_mr,READ_PRIMARY,primary,recovery,718,718,717,local,1,False,partition,,,,0.13,True,False,
1789631813.3822231,718,client_mr,READ_SECONDARY,localhost:27019,recovery,718,718,718,local,1,False,partition,,,,0.2,True,False,
1789631813.3824794,719,client_mr,READ_PRIMARY,primary,recovery,719,719,718,local,1,False,partition,,,,0.11,True,False,
1789631813.3826067,719,client_mr,READ_SECONDARY,localhost:27018,recovery,719,718,719,local,1,False,partition,,,,0.13,True,True,
1789631813.3829944,720,client_mr,READ_PRIMARY,primary,recovery,720,720,719,local,1,False,partition,,,,0.15,True,False,
1789631813.3833556,720,client_mr,READ_SECONDARY,localhost:27019,recovery,720,720,720,local,1,False,partition,,,,0.36,True,False,
1789631813.3836439,721,client_mr,READ_PRIMARY,primary,recovery,721,721,720,local,1,False,partition,,,,0.13,True,False,
1789631813.3837826,721,client_mr,READ_SECONDARY,localhost:27018,recovery,721,720,721,local,1,False,partition,,,,0.14,True,True,
1789631813.3841157,722,client_mr,READ_PRIMARY,primary,recovery,722,722,721,local,1,False,partition,,,,0.13,True,False,
1789631813.3843925,722,client_mr,READ_SECONDARY,localhost:27019,recovery,722,722,722,local,1,False,partition,,,,0.28,True,False,
1789631813.3846734,723,client_mr,READ_PRIMARY,primary,recovery,723,723,722,local,1,False,partition,,,,0.12,True,False,
1789631813.3848028,723,client_mr,READ_SECONDARY,localhost:27018,recovery,723,722,723,local,1,False,partition,,,,0.13,True,True,
1789631813.3850937,724,client_mr,READ_PRIMARY,primary,recovery,724,724,723,local,1,False,partition,,,,0.13,True,False,
1789631813.3852792,724,client_mr,READ_SECONDARY,localhost:27019,recovery,724,724,724,local,1,False,partition,,,,0.18,True,False,
1789631813.3855171,725,client_mr,READ_PRIMARY,primary,recovery,725,725,724,local,1,False,partition,,,,0.11,True,False,
1789631813.3856459,725,client_mr,READ_SECONDARY,localhost:27018,recovery,725,723,725,local,1,False,partition,,,,0.13,True,True,
1789631813.3860488,726,client_mr,READ_PRIMARY,primary,recovery,726,726,725,local,1,False,partition,,,,0.18,True,False,
1789631813.386423,726,client_mr,READ_SECONDARY,localhost:27019,recovery,726,726,726,local,1,False,partition,,,,0.37,True,False,
1789631813.386682,727,client_mr,READ_PRIMARY,primary,recovery,727,727,726,local,1,False,partition,,,,0.11,True,False,
1789631813.3868144,727,client_mr,READ_SECONDARY,localhost:27018,recovery,727,726,727,local,1,False,partition,,,,0.13,True,True,
1789631813.3870916,728,client_mr,READ_PRIMARY,primary,recovery,728,728,727,local,1,False,partition,,,,0.11,True,False,
1789631813.3873029,728,client_mr,READ_SECONDARY,localhost:27019,recovery,728,728,728,local,1,False,partition,,,,0.21,True,False,
1789631813.3875804,729,client_mr,READ_PRIMARY,primary,recovery,729,729,728,local,1,False,partition,,,,0.12,True,False,
1789631813.3877192,729,client_mr,READ_SECONDARY,localhost:27018,recovery,729,728,729,local,1,False,partition,,,,0.14,True,True,
1789631813.388006,730,client_mr,READ_PRIMARY,primary,recovery,730,730,729,local,1,False,partition,,,,0.12,True,False,
1789631813.3882048,730,client_mr,READ_SECONDARY,localhost:27019,recovery,730,730,730,local,1,False,partition,,,,0.2,True,False,
1789631813.388492,731,client_mr,READ_PRIMARY,primary,recovery,731,731,730,local,1,False,partition,,,,0.11,True,False,
1789631813.388622,731,client_mr,READ_SECONDARY,localhost:27018,recovery,731,730,731,local,1,False,partition,,,,0.13,True,True,
1789631813.3890736,732,client_mr,READ_PRIMARY,primary,recovery,732,732,731,local,1,False,partition,,,,0.15,True,False,
1789631813.3894167,732,client_mr,READ_SECONDARY,localhost:27019,recovery,732,732,732,local,1,False,partition,,,,0.34,True,False,
1789631813.3896933,733,client_mr,READ_PRIMARY,primary,recovery,733,733,732,local,1,False,partition,,,,0.12,True,False,
1789631813.389872,733,client_mr,READ_SECONDARY,localhost:27018,recovery,733,732,733,local,1,False,partition,,,,0.18,True,True,
1789631813.390165,734,client_mr,READ_PRIMARY,primary,recovery,734,734,733,local,1,False,partition,,,,0.12,True,False,
1789631813.3903675,734,client_mr,READ_SECONDARY,localhost:27019,recovery,734,734,734,local,1,False,partition,,,,0.2,True,False,
1789631813.3906467,735,client_mr,READ_PRIMARY,primary,recovery,735,735,734,local,1,False,partition,,,,0.11,True,False,
1789631813.3908496,735,client_mr,READ_SECONDARY,localhost:27018,recovery,735,733,735,local,1,False,partition,,,,0.2,True,True,
1789631813.391212,736,client_mr,READ_PRIMARY,primary,recovery,736,736,735,local,1,False,partition,,,,0.12,True,False,
1789631813.3914604,736,client_mr,READ_SECONDARY,localhost:27019,recovery,736,736,736,local,1,False,partition,,,,0.25,True,False,
1789631813.3917463,737,client_mr,READ_PRIMARY,primary,recovery,737,737,736,local,1,False,partition,,,,0.12,True,False,
1789631813.3919764,737,client_mr,READ_SECONDARY,localhost:27018,recovery,737,736,737,local,1,False,partition,,,,0.23,True,True,
1789631813.3922672,738,client_mr,READ_PRIMARY,primary,recovery,738,738,737,local,1,False,partition,,,,0.12,True,False,
1789631813.392494,738,client_mr,READ_SECONDARY,localhost:27019,recovery,738,738,738,local,1,False,partition,,,,0.23,True,False,
1789631813.3928533,739,client_mr,READ_PRIMARY,primary,recovery,739,739,738,local,1,False,partition,,,,0.13,True,False,
1789631813.393156,739,client_mr,READ_SECONDARY,localhost:27018,recovery,739,738,739,local,1,False,partition,,,,0.3,True,True,
1789631813.3934484,740,client_mr,READ_PRIMARY,primary,recovery,740,740,739,local,1,False,partition,,,,0.12,True,False,
1789631813.3936877,740,client_mr,READ_SECONDARY,localhost:27019,recovery,740,740,740,local,1,False,partition,,,,0.24,True,False,
1789631813.394115,741,client_mr,READ_PRIMARY,primary,recovery,741,741,740,local,1,False,partition,,,,0.13,True,False,
1789631813.3943002,741,client_mr,READ_SECONDARY,localhost:27018,recovery,741,740,741,local,1,False,partition,,,,0.18,True,True,
1789631813.3946157,742,client_mr,READ_PRIMARY,primary,recovery,742,742,741,local,1,False,partition,,,,0.12,True,False,
1789631813.3949049,742,client_mr,READ_SECONDARY,localhost:27019,recovery,742,742,742,local,1,False,partition,,,,0.29,True,False,
1789631813.395235,743,client_mr,READ_PRIMARY,primary,recovery,743,743,742,local,1,False,partition,,,,0.15,True,False,
1789631813.3955646,743,client_mr,READ_SECONDARY,localhost:27018,recovery,743,742,743,local,1,False,partition,,,,0.33,True,True,
1789631813.3958733,744,client_mr,READ_PRIMARY,primary,recovery,744,744,743,local,1,False,partition,,,,0.14,True,False,
1789631813.3961048,744,client_mr,READ_SECONDARY,localhost:27019,recovery,744,744,744,local,1,False,partition,,,,0.23,True,False,
1789631813.396386,745,client_mr,READ_PRIMARY,primary,recovery,745,745,744,local,1,False,partition,,,,0.12,True,False,
1789631813.396648,745,client_mr,READ_SECONDARY,localhost:27018,recovery,745,744,745,local,1,False,partition,,,,0.26,True,True,
1789631813.3969207,746,client_mr,READ_PRIMARY,primary,recovery,746,746,745,local,1,False,partition,,,,0.12,True,False,
1789631813.3971066,746,client_mr,READ_SECONDARY,localhost:27019,recovery,746,746,746,local,1,False,partition,,,,0.18,True,False,
1789631813.397388,747,client_mr,READ_PRIMARY,primary,recovery,747,747,746,local,1,False,partition,,,,0.11,True,False,
1789631813.3977544,747,client_mr,READ_SECONDARY,localhost:27018,recovery,747,746,747,local,1,False,partition,,,,0.37,True,True,
1789631813.3980997,748,client_mr,READ_PRIMARY,primary,recovery,748,748,747,local,1,False,partition,,,,0.13,True,False,
1789631813.3982992,748,client_mr,READ_SECONDARY,localhost:27019,recovery,748,748,748,local,1,False,partition,,,,0.2,True,False,
1789631813.3985698,749,client_mr,READ_PRIMARY,primary,recovery,749,749,748,local,1,False,partition,,,,0.12,True,False,
1789631813.3989346,749,client_mr,READ_SECONDARY,localhost:27018,recovery,749,748,749,local,1,False,partition,,,,0.36,True,True,
1789631813.3993454,750,client_mr,READ_PRIMARY,primary,recovery,750,750,749,local,1,False,partition,,,,0.14,True,False,
1789631813.3995261,750,client_mr,READ_SECONDARY,localhost:27019,recovery,750,750,750,local,1,False,partition,,,,0.18,True,False,
1789631813.3998058,751,client_mr,READ_PRIMARY,primary,recovery,751,751,750,local,1,False,partition,,,,0.13,True,False,
1789631813.4000793,751,client_mr,READ_SECONDARY,localhost:27018,recovery,751,750,751,local,1,False,partition,,,,0.27,True,True,
1789631813.400362,752,client_mr,READ_PRIMARY,primary,recovery,752,752,751,local,1,False,partition,,,,0.12,True,False,
1789631813.40059,752,client_mr,READ_SECONDARY,localhost:27019,recovery,752,752,752,local,1,False,partition,,,,0.23,True,False,
1789631813.400866,753,client_mr,READ_PRIMARY,primary,recovery,753,753,752,local,1,False,partition,,,,0.12,True,False,
1789631813.4011097,753,client_mr,READ_SECONDARY,localhost:27018,recovery,753,752,753,local,1,False,partition,,,,0.24,True,True,
1789631813.4014776,754,client_mr,READ_PRIMARY,primary,recovery,754,754,753,local,1,False,partition,,,,0.13,True,False,
1789631813.4016666,754,client_mr,READ_SECONDARY,localhost:27019,recovery,754,754,754,local,1,False,partition,,,,0.19,True,False,
1789631813.4020138,755,client_mr,READ_PRIMARY,primary,recovery,755,755,754,local,1,False,partition,,,,0.15,True,False,
1789631813.4022322,755,client_mr,READ_SECONDARY,localhost:27018,recovery,755,753,755,local,1,False,partition,,,,0.22,True,True,
1789631813.402502,756,client_mr,READ_PRIMARY,primary,recovery,756,756,755,local,1,False,partition,,,,0.12,True,False,
1789631813.402668,756,client_mr,READ_SECONDARY,localhost:27019,recovery,756,756,756,local,1,False,partition,,,,0.16,True,False,
1789631813.4029617,757,client_mr,READ_PRIMARY,primary,recovery,757,757,756,local,1,False,partition,,,,0.12,True,False,
1789631813.403205,757,client_mr,READ_SECONDARY,localhost:27018,recovery,757,756,757,local,1,False,partition,,,,0.24,True,True,
1789631813.403472,758,client_mr,READ_PRIMARY,primary,recovery,758,758,757,local,1,False,partition,,,,0.11,True,False,
1789631813.4036863,758,client_mr,READ_SECONDARY,localhost:27019,recovery,758,758,758,local,1,False,partition,,,,0.21,True,False,
1789631813.403957,759,client_mr,READ_PRIMARY,primary,recovery,759,759,758,local,1,False,partition,,,,0.12,True,False,
1789631813.404315,759,client_mr,READ_SECONDARY,localhost:27018,recovery,759,758,759,local,1,False,partition,,,,0.36,True,True,
1789631813.4046278,760,client_mr,READ_PRIMARY,primary,recovery,760,760,759,local,1,False,partition,,,,0.14,True,False,
1789631813.4048345,760,client_mr,READ_SECONDARY,localhost:27019,recovery,760,760,760,local,1,False,partition,,,,0.21,True,False,
1789631813.4051557,761,client_mr,READ_PRIMARY,primary,recovery,761,761,760,local,1,False,partition,,,,0.15,True,False,
1789631813.4053595,761,client_mr,READ_SECONDARY,localhost:27018,recovery,761,760,761,local,1,False,partition,,,,0.2,True,True,
1789631813.4056253,762,client_mr,READ_PRIMARY,primary,recovery,762,762,761,local,1,False,partition,,,,0.12,True,False,
1789631813.4057975,762,client_mr,READ_SECONDARY,localhost:27019,recovery,762,762,762,local,1,False,partition,,,,0.17,True,False,
1789631813.4062672,763,client_mr,READ_PRIMARY,primary,recovery,763,763,762,local,1,False,partition,,,,0.16,True,False,
1789631813.4065635,763,client_mr,READ_SECONDARY,localhost:27018,recovery,763,762,763,local,1,False,partition,,,,0.3,True,True,
1789631813.4068806,764,client_mr,READ_PRIMARY,primary,recovery,764,764,763,local,1,False,partition,,,,0.12,True,False,
1789631813.4070542,764,client_mr,READ_SECONDARY,localhost:27019,recovery,764,764,764,local,1,False,partition,,,,0.17,True,False,
1789631813.4073286,765,client_mr,READ_PRIMARY,primary,recovery,765,765,764,local,1,False,partition,,,,0.12,True,False,
1789631813.4078445,765,client_mr,READ_SECONDARY,localhost:27018,recovery,765,764,765,local,1,False,partition,,,,0.51,True,True,
1789631813.408192,766,client_mr,READ_PRIMARY,primary,recovery,766,766,765,local,1,False,partition,,,,0.13,True,False,
1789631813.4083683,766,client_mr,READ_SECONDARY,localhost:27019,recovery,766,766,766,local,1,False,partition,,,,0.17,True,False,
1789631813.4086528,767,client_mr,READ_PRIMARY,primary,recovery,767,767,766,local,1,False,partition,,,,0.13,True,False,
1789631813.4087877,767,client_mr,READ_SECONDARY,localhost:27018,recovery,767,766,767,local,1,False,partition,,,,0.13,True,True,
1789631813.4091105,768,client_mr,READ_PRIMARY,primary,recovery,768,768,767,local,1,False,partition,,,,0.17,True,False,
1789631813.4093192,768,client_mr,READ_SECONDARY,localhost:27019,recovery,768,768,768,local,1,False,partition,,,,0.21,True,False,
1789631813.4096222,769,client_mr,READ_PRIMARY,primary,recovery,769,769,768,local,1,False,partition,,,,0.15,True,False,
1789631813.4098618,769,client_mr,READ_SECONDARY,localhost:27018,recovery,769,768,769,local,1,False,partition,,,,0.24,True,True,
1789631813.4101417,770,client_mr,READ_PRIMARY,primary,recovery,770,770,769,local,1,False,partition,,,,0.12,True,False,
1789631813.4103458,770,client_mr,READ_SECONDARY,localhost:27019,recovery,770,770,770,local,1,False,partition,,,,0.2,True,False,
1789631813.410631,771,client_mr,READ_PRIMARY,primary,recovery,771,771,770,local,1,False,partition,,,,0.12,True,False,
1789631813.410873,771,client_mr,READ_SECONDARY,localhost:27018,recovery,771,770,771,local,1,False,partition,,,,0.24,True,True,
1789631813.4111884,772,client_mr,READ_PRIMARY,primary,recovery,772,772,771,local,1,False,partition,,,,0.12,True,False,
1789631813.41136,772,client_mr,READ_SECONDARY,localhost:27019,recovery,772,772,772,local,1,False,partition,,,,0.17,True,False,
1789631813.4116206,773,client_mr,READ_PRIMARY,primary,recovery,773,773,772,local,1,False,partition,,,,0.11,True,False,
1789631813.4119446,773,client_mr,READ_SECONDARY,localhost:27018,recovery,773,772,773,local,1,False,partition,,,,0.32,True,True,
1789631813.4122052,774,client_mr,READ_PRIMARY,primary,recovery,774,774,773,local,1,False,partition,,,,0.11,True,False,
1789631813.412367,774,client_mr,READ_SECONDARY,localhost:27019,recovery,774,774,774,local,1,False,partition,,,,0.16,True,False,
1789631813.41268,775,client_mr,READ_PRIMARY,primary,recovery,775,775,774,local,1,False,partition,,,,0.14,True,False,
1789631813.4128633,775,client_mr,READ_SECONDARY,localhost:27018,recovery,775,773,775,local,1,False,partition,,,,0.18,True,True,
1789631813.4131265,776,client_mr,READ_PRIMARY,primary,recovery,776,776,775,local,1,False,partition,,,,0.11,True,False,
1789631813.4132912,776,client_mr,READ_SECONDARY,localhost:27019,recovery,776,776,776,local,1,False,partition,,,,0.16,True,False,
1789631813.4135373,777,client_mr,READ_PRIMARY,primary,recovery,777,777,776,local,1,False,partition,,,,0.11,True,False,
1789631813.4137287,777,client_mr,READ_SECONDARY,localhost:27018,recovery,777,776,777,local,1,False,partition,,,,0.19,True,True,
1789631813.4140544,778,client_mr,READ_PRIMARY,primary,recovery,778,778,777,local,1,False,partition,,,,0.12,True,False,
1789631813.414303,778,client_mr,READ_SECONDARY,localhost:27019,recovery,778,778,778,local,1,False,partition,,,,0.25,True,False,
1789631813.4146016,779,client_mr,READ_PRIMARY,primary,recovery,779,779,778,local,1,False,partition,,,,0.13,True,False,
1789631813.4148107,779,client_mr,READ_SECONDARY,localhost:27018,recovery,779,777,779,local,1,False,partition,,,,0.21,True,True,
1789631813.4150782,780,client_mr,READ_PRIMARY,primary,recovery,780,780,779,local,1,False,partition,,,,0.12,True,False,
1789631813.4152977,780,client_mr,READ_SECONDARY,localhost:27019,recovery,780,780,780,local,1,False,partition,,,,0.22,True,False,
1789631813.4155889,781,client_mr,READ_PRIMARY,primary,recovery,781,781,780,local,1,False,partition,,,,0.12,True,False,
1789631813.4159963,781,client_mr,READ_SECONDARY,localhost:27018,recovery,781,780,781,local,1,False,partition,,,,0.41,True,True,
1789631813.4162612,782,client_mr,READ_PRIMARY,primary,recovery,782,782,781,local,1,False,partition,,,,0.12,True,False,
1789631813.4164426,782,client_mr,READ_SECONDARY,localhost:27019,recovery,782,782,782,local,1,False,partition,,,,0.18,True,False,
1789631813.4168093,783,client_mr,READ_PRIMARY,primary,recovery,783,783,782,local,1,False,partition,,,,0.16,True,False,
1789631813.4170923,783,client_mr,READ_SECONDARY,localhost:27018,recovery,783,782,783,local,1,False,partition,,,,0.28,True,True,
1789631813.4174159,784,client_mr,READ_PRIMARY,primary,recovery,784,784,783,local,1,False,partition,,,,0.14,True,False,
1789631813.4176204,784,client_mr,READ_SECONDARY,localhost:27019,recovery,784,784,784,local,1,False,partition,,,,0.2,True,False,
1789631813.417961,785,client_mr,READ_PRIMARY,primary,recovery,785,785,784,local,1,False,partition,,,,0.19,True,False,
1789631813.4181294,785,client_mr,READ_SECONDARY,localhost:27018,recovery,785,784,785,local,1,False,partition,,,,0.17,True,True,
1789631813.418401,786,client_mr,READ_PRIMARY,primary,recovery,786,786,785,local,1,False,partition,,,,0.12,True,False,
1789631813.4185436,786,client_mr,READ_SECONDARY,localhost:27019,recovery,786,786,786,local,1,False,partition,,,,0.14,True,False,
1789631813.4188006,787,client_mr,READ_PRIMARY,primary,recovery,787,787,786,local,1,False,partition,,,,0.12,True,False,
1789631813.419313,787,client_mr,READ_SECONDARY,localhost:27018,recovery,787,787,787,local,1,False,partition,,,,0.51,True,False,
1789631813.4196637,788,client_mr,READ_PRIMARY,primary,recovery,788,788,787,local,1,False,partition,,,,0.16,True,False,
1789631813.4198444,788,client_mr,READ_SECONDARY,localhost:27019,recovery,788,788,788,local,1,False,partition,,,,0.18,True,False,
1789631813.4201953,789,client_mr,READ_PRIMARY,primary,recovery,789,789,788,local,1,False,partition,,,,0.14,True,False,
1789631813.4206736,789,client_mr,READ_SECONDARY,localhost:27018,recovery,789,789,789,local,1,False,partition,,,,0.48,True,False,
1789631813.4210112,790,client_mr,READ_PRIMARY,primary,recovery,790,790,789,local,1,False,partition,,,,0.11,True,False,
1789631813.4212263,790,client_mr,READ_SECONDARY,localhost:27019,recovery,790,790,790,local,1,False,partition,,,,0.21,True,False,
1789631813.4215004,791,client_mr,READ_PRIMARY,primary,recovery,791,791,790,local,1,False,partition,,,,0.12,True,False,
1789631813.421707,791,client_mr,READ_SECONDARY,localhost:27018,recovery,791,791,791,local,1,False,partition,,,,0.21,True,False,
1789631813.4219882,792,client_mr,READ_PRIMARY,primary,recovery,792,792,791,local,1,False,partition,,,,0.11,True,False,
1789631813.4221568,792,client_mr,READ_SECONDARY,localhost:27019,recovery,792,792,792,local,1,False,partition,,,,0.17,True,False,
1789631813.4224215,793,client_mr,READ_PRIMARY,primary,recovery,793,793,792,local,1,False,partition,,,,0.11,True,False,
1789631813.4226704,793,client_mr,READ_SECONDARY,localhost:27018,recovery,793,791,793,local,1,False,partition,,,,0.25,True,True,
1789631813.4229162,794,client_mr,READ_PRIMARY,primary,recovery,794,794,793,local,1,False,partition,,,,0.11,True,False,
1789631813.4231467,794,client_mr,READ_SECONDARY,localhost:27019,recovery,794,794,794,local,1,False,partition,,,,0.23,True,False,
1789631813.423429,795,client_mr,READ_PRIMARY,primary,recovery,795,795,794,local,1,False,partition,,,,0.12,True,False,
1789631813.4236262,795,client_mr,READ_SECONDARY,localhost:27018,recovery,795,794,795,local,1,False,partition,,,,0.2,True,True,
1789631813.4239185,796,client_mr,READ_PRIMARY,primary,recovery,796,796,795,local,1,False,partition,,,,0.12,True,False,
1789631813.4241164,796,client_mr,READ_SECONDARY,localhost:27019,recovery,796,796,796,local,1,False,partition,,,,0.2,True,False,
1789631813.4243846,797,client_mr,READ_PRIMARY,primary,recovery,797,797,796,local,1,False,partition,,,,0.12,True,False,
1789631813.4246626,797,client_mr,READ_SECONDARY,localhost:27018,recovery,797,796,797,local,1,False,partition,,,,0.28,True,True,
1789631813.4249682,798,client_mr,READ_PRIMARY,primary,recovery,798,798,797,local,1,False,partition,,,,0.13,True,False,
1789631813.4252088,798,client_mr,READ_SECONDARY,localhost:27019,recovery,798,798,798,local,1,False,partition,,,,0.24,True,False,
1789631813.4254868,799,client_mr,READ_PRIMARY,primary,recovery,799,799,798,local,1,False,partition,,,,0.12,True,False,
1789631813.425779,799,client_mr,READ_SECONDARY,localhost:27018,recovery,799,799,799,local,1,False,partition,,,,0.29,True,False,
1789631813.4261165,800,client_mr,READ_PRIMARY,primary,recovery,800,800,799,local,1,False,partition,,,,0.12,True,False,
1789631813.4263847,800,client_mr,READ_SECONDARY,localhost:27019,recovery,800,800,800,local,1,False,partition,,,,0.27,True,False,
1789631813.4266386,801,client_mr,READ_PRIMARY,primary,recovery,801,801,800,local,1,False,partition,,,,0.11,True,False,
1789631813.4268932,801,client_mr,READ_SECONDARY,localhost:27018,recovery,801,800,801,local,1,False,partition,,,,0.25,True,True,
1789631813.427209,802,client_mr,READ_PRIMARY,primary,recovery,802,802,801,local,1,False,partition,,,,0.14,True,False,
1789631813.427405,802,client_mr,READ_SECONDARY,localhost:27019,recovery,802,802,802,local,1,False,partition,,,,0.19,True,False,
1789631813.4276707,803,client_mr,READ_PRIMARY,primary,recovery,803,803,802,local,1,False,partition,,,,0.11,True,False,
1789631813.4278965,803,client_mr,READ_SECONDARY,localhost:27018,recovery,803,802,803,local,1,False,partition,,,,0.22,True,True,
1789631813.42818,804,client_mr,READ_PRIMARY,primary,recovery,804,804,803,local,1,False,partition,,,,0.12,True,False,
1789631813.4284403,804,client_mr,READ_SECONDARY,localhost:27019,recovery,804,804,804,local,1,False,partition,,,,0.26,True,False,
1789631813.4287162,805,client_mr,READ_PRIMARY,primary,recovery,805,805,804,local,1,False,partition,,,,0.12,True,False,
1789631813.4290252,805,client_mr,READ_SECONDARY,localhost:27018,recovery,805,804,805,local,1,False,partition,,,,0.31,True,True,
1789631813.4293337,806,client_mr,READ_PRIMARY,primary,recovery,806,806,805,local,1,False,partition,,,,0.12,True,False,
1789631813.4295285,806,client_mr,READ_SECONDARY,localhost:27019,recovery,806,806,806,local,1,False,partition,,,,0.19,True,False,
1789631813.4298043,807,client_mr,READ_PRIMARY,primary,recovery,807,807,806,local,1,False,partition,,,,0.12,True,False,
1789631813.4300423,807,client_mr,READ_SECONDARY,localhost:27018,recovery,807,804,807,local,1,False,partition,,,,0.24,True,True,
1789631813.4304316,808,client_mr,READ_PRIMARY,primary,recovery,808,808,807,local,1,False,partition,,,,0.11,True,False,
1789631813.4305863,808,client_mr,READ_SECONDARY,localhost:27019,recovery,808,808,808,local,1,False,partition,,,,0.15,True,False,
1789631813.4308338,809,client_mr,READ_PRIMARY,primary,recovery,809,809,808,local,1,False,partition,,,,0.11,True,False,
1789631813.4312649,809,client_mr,READ_SECONDARY,localhost:27018,recovery,809,808,809,local,1,False,partition,,,,0.43,True,True,
1789631813.4315794,810,client_mr,READ_PRIMARY,primary,recovery,810,810,809,local,1,False,partition,,,,0.12,True,False,
1789631813.431966,810,client_mr,READ_SECONDARY,localhost:27019,recovery,810,810,810,local,1,False,partition,,,,0.38,True,False,
1789631813.4322257,811,client_mr,READ_PRIMARY,primary,recovery,811,811,810,local,1,False,partition,,,,0.11,True,False,
1789631813.4325762,811,client_mr,READ_SECONDARY,localhost:27018,recovery,811,811,811,local,1,False,partition,,,,0.35,True,False,
1789631813.432944,812,client_mr,READ_PRIMARY,primary,recovery,812,812,811,local,1,False,partition,,,,0.15,True,False,
1789631813.4331481,812,client_mr,READ_SECONDARY,localhost:27019,recovery,812,812,812,local,1,False,partition,,,,0.2,True,False,
1789631813.4334357,813,client_mr,READ_PRIMARY,primary,recovery,813,813,812,local,1,False,partition,,,,0.13,True,False,
1789631813.4341452,813,client_mr,READ_SECONDARY,localhost:27018,recovery,813,813,813,local,1,False,partition,,,,0.71,True,False,
1789631813.4344523,814,client_mr,READ_PRIMARY,primary,recovery,814,814,813,local,1,False,partition,,,,0.15,True,False,
1789631813.4346333,814,client_mr,READ_SECONDARY,localhost:27019,recovery,814,814,814,local,1,False,partition,,,,0.18,True,False,
1789631813.4349015,815,client_mr,READ_PRIMARY,primary,recovery,815,815,814,local,1,False,partition,,,,0.12,True,False,
1789631813.4351058,815,client_mr,READ_SECONDARY,localhost:27018,recovery,815,814,815,local,1,False,partition,,,,0.2,True,True,
1789631813.4353805,816,client_mr,READ_PRIMARY,primary,recovery,816,816,815,local,1,False,partition,,,,0.12,True,False,
1789631813.4356058,816,client_mr,READ_SECONDARY,localhost:27019,recovery,816,816,816,local,1,False,partition,,,,0.22,True,False,
1789631813.4359322,817,client_mr,READ_PRIMARY,primary,recovery,817,817,816,local,1,False,partition,,,,0.13,True,False,
1789631813.4363012,817,client_mr,READ_SECONDARY,localhost:27018,recovery,817,817,817,local,1,False,partition,,,,0.37,True,False,
1789631813.436573,818,client_mr,READ_PRIMARY,primary,recovery,818,818,817,local,1,False,partition,,,,0.12,True,False,
1789631813.436732,818,client_mr,READ_SECONDARY,localhost:27019,recovery,818,818,818,local,1,False,partition,,,,0.16,True,False,
1789631813.4369957,819,client_mr,READ_PRIMARY,primary,recovery,819,819,818,local,1,False,partition,,,,0.11,True,False,
1789631813.4373734,819,client_mr,READ_SECONDARY,localhost:27018,recovery,819,817,819,local,1,False,partition,,,,0.38,True,True,
1789631813.4376693,820,client_mr,READ_PRIMARY,primary,recovery,820,820,819,local,1,False,partition,,,,0.12,True,False,
1789631813.437898,820,client_mr,READ_SECONDARY,localhost:27019,recovery,820,820,820,local,1,False,partition,,,,0.23,True,False,
1789631813.438162,821,client_mr,READ_PRIMARY,primary,recovery,821,821,820,local,1,False,partition,,,,0.11,True,False,
1789631813.4383767,821,client_mr,READ_SECONDARY,localhost:27018,recovery,821,820,821,local,1,False,partition,,,,0.21,True,True,
1789631813.4386647,822,client_mr,READ_PRIMARY,primary,recovery,822,822,821,local,1,False,partition,,,,0.12,True,False,
1789631813.4388478,822,client_mr,READ_SECONDARY,localhost:27019,recovery,822,822,822,local,1,False,partition,,,,0.18,True,False,
1789631813.4391613,823,client_mr,READ_PRIMARY,primary,recovery,823,823,822,local,1,False,partition,,,,0.16,True,False,
1789631813.439632,823,client_mr,READ_SECONDARY,localhost:27018,recovery,823,823,823,local,1,False,partition,,,,0.47,True,False,
1789631813.4399323,824,client_mr,READ_PRIMARY,primary,recovery,824,824,823,local,1,False,partition,,,,0.12,True,False,
1789631813.4400983,824,client_mr,READ_SECONDARY,localhost:27019,recovery,824,824,824,local,1,False,partition,,,,0.16,True,False,
1789631813.4403973,825,client_mr,READ_PRIMARY,primary,recovery,825,825,824,local,1,False,partition,,,,0.12,True,False,
1789631813.4405847,825,client_mr,READ_SECONDARY,localhost:27018,recovery,825,825,825,local,1,False,partition,,,,0.19,True,False,
1789631813.4410083,826,client_mr,READ_PRIMARY,primary,recovery,826,826,825,local,1,False,partition,,,,0.2,True,False,
1789631813.4411826,826,client_mr,READ_SECONDARY,localhost:27019,recovery,826,826,826,local,1,False,partition,,,,0.17,True,False,
1789631813.441443,827,client_mr,READ_PRIMARY,primary,recovery,827,827,826,local,1,False,partition,,,,0.12,True,False,
1789631813.4417307,827,client_mr,READ_SECONDARY,localhost:27018,recovery,827,827,827,local,1,False,partition,,,,0.29,True,False,
1789631813.4420805,828,client_mr,READ_PRIMARY,primary,recovery,828,828,827,local,1,False,partition,,,,0.13,True,False,
1789631813.4422467,828,client_mr,READ_SECONDARY,localhost:27019,recovery,828,828,828,local,1,False,partition,,,,0.16,True,False,
1789631813.4425352,829,client_mr,READ_PRIMARY,primary,recovery,829,829,828,local,1,False,partition,,,,0.12,True,False,
1789631813.4428554,829,client_mr,READ_SECONDARY,localhost:27018,recovery,829,829,829,local,1,False,partition,,,,0.32,True,False,
1789631813.4431,830,client_mr,READ_PRIMARY,primary,recovery,830,830,829,local,1,False,partition,,,,0.11,True,False,
1789631813.4432814,830,client_mr,READ_SECONDARY,localhost:27019,recovery,830,830,830,local,1,False,partition,,,,0.18,True,False,
1789631813.4436097,831,client_mr,READ_PRIMARY,primary,recovery,831,831,830,local,1,False,partition,,,,0.17,True,False,
1789631813.443829,831,client_mr,READ_SECONDARY,localhost:27018,recovery,831,831,831,local,1,False,partition,,,,0.22,True,False,
1789631813.4441187,832,client_mr,READ_PRIMARY,primary,recovery,832,832,831,local,1,False,partition,,,,0.13,True,False,
1789631813.4444938,832,client_mr,READ_SECONDARY,localhost:27019,recovery,832,832,832,local,1,False,partition,,,,0.37,True,False,
1789631813.444782,833,client_mr,READ_PRIMARY,primary,recovery,833,833,832,local,1,False,partition,,,,0.12,True,False,
1789631813.444937,833,client_mr,READ_SECONDARY,localhost:27018,recovery,833,832,833,local,1,False,partition,,,,0.15,True,True,
1789631813.4452338,834,client_mr,READ_PRIMARY,primary,recovery,834,834,833,local,1,False,partition,,,,0.13,True,False,
1789631813.4454036,834,client_mr,READ_SECONDARY,localhost:27019,recovery,834,834,834,local,1,False,partition,,,,0.17,True,False,
1789631813.445683,835,client_mr,READ_PRIMARY,primary,recovery,835,835,834,local,1,False,partition,,,,0.12,True,False,
1789631813.4459574,835,client_mr,READ_SECONDARY,localhost:27018,recovery,835,833,835,local,1,False,partition,,,,0.27,True,True,
1789631813.4462388,836,client_mr,READ_PRIMARY,primary,recovery,836,836,835,local,1,False,partition,,,,0.11,True,False,
1789631813.4465725,836,client_mr,READ_SECONDARY,localhost:27019,recovery,836,836,836,local,1,False,partition,,,,0.33,True,False,
1789631813.44691,837,client_mr,READ_PRIMARY,primary,recovery,837,837,836,local,1,False,partition,,,,0.16,True,False,
1789631813.4471781,837,client_mr,READ_SECONDARY,localhost:27018,recovery,837,836,837,local,1,False,partition,,,,0.27,True,True,
1789631813.4474788,838,client_mr,READ_PRIMARY,primary,recovery,838,838,837,local,1,False,partition,,,,0.12,True,False,
1789631813.447651,838,client_mr,READ_SECONDARY,localhost:27019,recovery,838,838,838,local,1,False,partition,,,,0.15,True,False,
1789631813.4479117,839,client_mr,READ_PRIMARY,primary,recovery,839,839,838,local,1,False,partition,,,,0.11,True,False,
1789631813.4481437,839,client_mr,READ_SECONDARY,localhost:27018,recovery,839,837,839,local,1,False,partition,,,,0.23,True,True,
1789631813.448466,840,client_mr,READ_PRIMARY,primary,recovery,840,840,839,local,1,False,partition,,,,0.12,True,False,
1789631813.4486997,840,client_mr,READ_SECONDARY,localhost:27019,recovery,840,840,840,local,1,False,partition,,,,0.2,True,False,
1789631813.4490309,841,client_mr,READ_PRIMARY,primary,recovery,841,841,840,local,1,False,partition,,,,0.15,True,False,
1789631813.4495432,841,client_mr,READ_SECONDARY,localhost:27018,recovery,841,840,841,local,1,False,partition,,,,0.51,True,True,
1789631813.4499023,842,client_mr,READ_PRIMARY,primary,recovery,842,842,841,local,1,False,partition,,,,0.16,True,False,
1789631813.4500754,842,client_mr,READ_SECONDARY,localhost:27019,recovery,842,842,842,local,1,False,partition,,,,0.17,True,False,
1789631813.4503899,843,client_mr,READ_PRIMARY,primary,recovery,843,843,842,local,1,False,partition,,,,0.14,True,False,
1789631813.4508939,843,client_mr,READ_SECONDARY,localhost:27018,recovery,843,842,843,local,1,False,partition,,,,0.5,True,True,
1789631813.4512656,844,client_mr,READ_PRIMARY,primary,recovery,844,844,843,local,1,False,partition,,,,0.14,True,False,
1789631813.4514945,844,client_mr,READ_SECONDARY,localhost:27019,recovery,844,844,844,local,1,False,partition,,,,0.23,True,False,
1789631813.4518414,845,client_mr,READ_PRIMARY,primary,recovery,845,845,844,local,1,False,partition,,,,0.15,True,False,
1789631813.452063,845,client_mr,READ_SECONDARY,localhost:27018,recovery,845,845,845,local,1,False,partition,,,,0.22,True,False,
1789631813.4524152,846,client_mr,READ_PRIMARY,primary,recovery,846,846,845,local,1,False,partition,,,,0.15,True,False,
1789631813.4525611,846,client_mr,READ_SECONDARY,localhost:27019,recovery,846,846,846,local,1,False,partition,,,,0.14,True,False,
1789631813.4528842,847,client_mr,READ_PRIMARY,primary,recovery,847,847,846,local,1,False,partition,,,,0.15,True,False,
1789631813.453099,847,client_mr,READ_SECONDARY,localhost:27018,recovery,847,846,847,local,1,False,partition,,,,0.21,True,True,
1789631813.453426,848,client_mr,READ_PRIMARY,primary,recovery,848,848,847,local,1,False,partition,,,,0.16,True,False,
1789631813.4536865,848,client_mr,READ_SECONDARY,localhost:27019,recovery,848,848,848,local,1,False,partition,,,,0.26,True,False,
1789631813.4540882,849,client_mr,READ_PRIMARY,primary,recovery,849,849,848,local,1,False,partition,,,,0.17,True,False,
1789631813.4543056,849,client_mr,READ_SECONDARY,localhost:27018,recovery,849,848,849,local,1,False,partition,,,,0.22,True,True,
1789631813.4546244,850,client_mr,READ_PRIMARY,primary,recovery,850,850,849,local,1,False,partition,,,,0.15,True,False,
1789631813.4548397,850,client_mr,READ_SECONDARY,localhost:27019,recovery,850,850,850,local,1,False,partition,,,,0.21,True,False,
1789631813.4552183,851,client_mr,READ_PRIMARY,primary,recovery,851,851,850,local,1,False,partition,,,,0.19,True,False,
1789631813.4554791,851,client_mr,READ_SECONDARY,localhost:27018,recovery,851,850,851,local,1,False,partition,,,,0.26,True,True,
1789631813.4558592,852,client_mr,READ_PRIMARY,primary,recovery,852,852,851,local,1,False,partition,,,,0.2,True,False,
1789631813.456039,852,client_mr,READ_SECONDARY,localhost:27019,recovery,852,852,852,local,1,False,partition,,,,0.18,True,False,
1789631813.4563348,853,client_mr,READ_PRIMARY,primary,recovery,853,853,852,local,1,False,partition,,,,0.12,True,False,
1789631813.4566524,853,client_mr,READ_SECONDARY,localhost:27018,recovery,853,852,853,local,1,False,partition,,,,0.29,True,True,
1789631813.4569566,854,client_mr,READ_PRIMARY,primary,recovery,854,854,853,local,1,False,partition,,,,0.12,True,False,
1789631813.4571483,854,client_mr,READ_SECONDARY,localhost:27019,recovery,854,854,854,local,1,False,partition,,,,0.19,True,False,
1789631813.4574513,855,client_mr,READ_PRIMARY,primary,recovery,855,855,854,local,1,False,partition,,,,0.13,True,False,
1789631813.4580781,855,client_mr,READ_SECONDARY,localhost:27018,recovery,855,855,855,local,1,False,partition,,,,0.63,True,False,
1789631813.458371,856,client_mr,READ_PRIMARY,primary,recovery,856,856,855,local,1,False,partition,,,,0.13,True,False,
1789631813.4585567,856,client_mr,READ_SECONDARY,localhost:27019,recovery,856,856,856,local,1,False,partition,,,,0.18,True,False,
1789631813.458862,857,client_mr,READ_PRIMARY,primary,recovery,857,857,856,local,1,False,partition,,,,0.13,True,False,
1789631813.4591696,857,client_mr,READ_SECONDARY,localhost:27018,recovery,857,857,857,local,1,False,partition,,,,0.31,True,False,
1789631813.4595134,858,client_mr,READ_PRIMARY,primary,recovery,858,858,857,local,1,False,partition,,,,0.14,True,False,
1789631813.4597008,858,client_mr,READ_SECONDARY,localhost:27019,recovery,858,858,858,local,1,False,partition,,,,0.19,True,False,
1789631813.4600952,859,client_mr,READ_PRIMARY,primary,recovery,859,859,858,local,1,False,partition,,,,0.19,True,False,
1789631813.460285,859,client_mr,READ_SECONDARY,localhost:27018,recovery,859,859,859,local,1,False,partition,,,,0.19,True,False,
1789631813.460641,860,client_mr,READ_PRIMARY,primary,recovery,860,860,859,local,1,False,partition,,,,0.17,True,False,
1789631813.460834,860,client_mr,READ_SECONDARY,localhost:27019,recovery,860,860,860,local,1,False,partition,,,,0.19,True,False,
1789631813.4611528,861,client_mr,READ_PRIMARY,primary,recovery,861,861,860,local,1,False,partition,,,,0.14,True,False,
1789631813.4613707,861,client_mr,READ_SECONDARY,localhost:27018,recovery,861,860,861,local,1,False,partition,,,,0.22,True,True,
1789631813.4617147,862,client_mr,READ_PRIMARY,primary,recovery,862,862,861,local,1,False,partition,,,,0.13,True,False,
1789631813.4619622,862,client_mr,READ_SECONDARY,localhost:27019,recovery,862,862,862,local,1,False,partition,,,,0.25,True,False,
1789631813.4622855,863,client_mr,READ_PRIMARY,primary,recovery,863,863,862,local,1,False,partition,,,,0.12,True,False,
1789631813.4624643,863,client_mr,READ_SECONDARY,localhost:27018,recovery,863,862,863,local,1,False,partition,,,,0.17,True,True,
1789631813.462737,864,client_mr,READ_PRIMARY,primary,recovery,864,864,863,local,1,False,partition,,,,0.11,True,False,
1789631813.46295,864,client_mr,READ_SECONDARY,localhost:27019,recovery,864,864,864,local,1,False,partition,,,,0.21,True,False,
1789631813.4632452,865,client_mr,READ_PRIMARY,primary,recovery,865,865,864,local,1,False,partition,,,,0.11,True,False,
1789631813.463635,865,client_mr,READ_SECONDARY,localhost:27018,recovery,865,865,865,local,1,False,partition,,,,0.39,True,False,
1789631813.4640043,866,client_mr,READ_PRIMARY,primary,recovery,866,866,865,local,1,False,partition,,,,0.13,True,False,
1789631813.4642408,866,client_mr,READ_SECONDARY,localhost:27019,recovery,866,866,866,local,1,False,partition,,,,0.23,True,False,
1789631813.464574,867,client_mr,READ_PRIMARY,primary,recovery,867,867,866,local,1,False,partition,,,,0.13,True,False,
1789631813.4648926,867,client_mr,READ_SECONDARY,localhost:27018,recovery,867,866,867,local,1,False,partition,,,,0.32,True,True,
1789631813.4652157,868,client_mr,READ_PRIMARY,primary,recovery,868,868,867,local,1,False,partition,,,,0.14,True,False,
1789631813.4653933,868,client_mr,READ_SECONDARY,localhost:27019,recovery,868,868,868,local,1,False,partition,,,,0.18,True,False,
1789631813.4656765,869,client_mr,READ_PRIMARY,primary,recovery,869,869,868,local,1,False,partition,,,,0.11,True,False,
1789631813.4660773,869,client_mr,READ_SECONDARY,localhost:27018,recovery,869,868,869,local,1,False,partition,,,,0.4,True,True,
1789631813.4663491,870,client_mr,READ_PRIMARY,primary,recovery,870,870,869,local,1,False,partition,,,,0.11,True,False,
1789631813.4665506,870,client_mr,READ_SECONDARY,localhost:27019,recovery,870,870,870,local,1,False,partition,,,,0.2,True,False,
1789631813.4669254,871,client_mr,READ_PRIMARY,primary,recovery,871,871,870,local,1,False,partition,,,,0.18,True,False,
1789631813.4671845,871,client_mr,READ_SECONDARY,localhost:27018,recovery,871,870,871,local,1,False,partition,,,,0.26,True,True,
1789631813.4675436,872,client_mr,READ_PRIMARY,primary,recovery,872,872,871,local,1,False,partition,,,,0.16,True,False,
1789631813.4677777,872,client_mr,READ_SECONDARY,localhost:27019,recovery,872,872,872,local,1,False,partition,,,,0.23,True,False,
1789631813.4681065,873,client_mr,READ_PRIMARY,primary,recovery,873,873,872,local,1,False,partition,,,,0.12,True,False,
1789631813.4683614,873,client_mr,READ_SECONDARY,localhost:27018,recovery,873,872,873,local,1,False,partition,,,,0.24,True,True,
1789631813.468746,874,client_mr,READ_PRIMARY,primary,recovery,874,874,873,local,1,False,partition,,,,0.19,True,False,
1789631813.4689777,874,client_mr,READ_SECONDARY,localhost:27019,recovery,874,874,874,local,1,False,partition,,,,0.23,True,False,
1789631813.4694104,875,client_mr,READ_PRIMARY,primary,recovery,875,875,874,local,1,False,partition,,,,0.17,True,False,
1789631813.4696598,875,client_mr,READ_SECONDARY,localhost:27018,recovery,875,874,875,local,1,False,partition,,,,0.25,True,True,
1789631813.4699614,876,client_mr,READ_PRIMARY,primary,recovery,876,876,875,local,1,False,partition,,,,0.13,True,False,
1789631813.4702184,876,client_mr,READ_SECONDARY,localhost:27019,recovery,876,876,876,local,1,False,partition,,,,0.26,True,False,
1789631813.4706206,877,client_mr,READ_PRIMARY,primary,recovery,877,877,876,local,1,False,partition,,,,0.18,True,False,
1789631813.471203,877,client_mr,READ_SECONDARY,localhost:27018,recovery,877,876,877,local,1,False,partition,,,,0.58,True,True,
1789631813.4715517,878,client_mr,READ_PRIMARY,primary,recovery,878,878,877,local,1,False,partition,,,,0.16,True,False,
1789631813.4717238,878,client_mr,READ_SECONDARY,localhost:27019,recovery,878,878,878,local,1,False,partition,,,,0.17,True,False,
1789631813.4720664,879,client_mr,READ_PRIMARY,primary,recovery,879,879,878,local,1,False,partition,,,,0.14,True,False,
1789631813.4722736,879,client_mr,READ_SECONDARY,localhost:27018,recovery,879,878,879,local,1,False,partition,,,,0.21,True,True,
1789631813.4726264,880,client_mr,READ_PRIMARY,primary,recovery,880,880,879,local,1,False,partition,,,,0.12,True,False,
1789631813.472807,880,client_mr,READ_SECONDARY,localhost:27019,recovery,880,880,880,local,1,False,partition,,,,0.18,True,False,
1789631813.4730582,881,client_mr,READ_PRIMARY,primary,recovery,881,881,880,local,1,False,partition,,,,0.11,True,False,
1789631813.4734368,881,client_mr,READ_SECONDARY,localhost:27018,recovery,881,880,881,local,1,False,partition,,,,0.38,True,True,
1789631813.47377,882,client_mr,READ_PRIMARY,primary,recovery,882,882,881,local,1,False,partition,,,,0.14,True,False,
1789631813.4740453,882,client_mr,READ_SECONDARY,localhost:27019,recovery,882,882,882,local,1,False,partition,,,,0.27,True,False,
1789631813.4743986,883,client_mr,READ_PRIMARY,primary,recovery,883,883,882,local,1,False,partition,,,,0.15,True,False,
1789631813.474641,883,client_mr,READ_SECONDARY,localhost:27018,recovery,883,882,883,local,1,False,partition,,,,0.24,True,True,
1789631813.474952,884,client_mr,READ_PRIMARY,primary,recovery,884,884,883,local,1,False,partition,,,,0.12,True,False,
1789631813.4752064,884,client_mr,READ_SECONDARY,localhost:27019,recovery,884,884,884,local,1,False,partition,,,,0.25,True,False,
1789631813.4755878,885,client_mr,READ_PRIMARY,primary,recovery,885,885,884,local,1,False,partition,,,,0.19,True,False,
1789631813.4757888,885,client_mr,READ_SECONDARY,localhost:27018,recovery,885,884,885,local,1,False,partition,,,,0.2,True,True,
1789631813.476149,886,client_mr,READ_PRIMARY,primary,recovery,886,886,885,local,1,False,partition,,,,0.16,True,False,
1789631813.4763637,886,client_mr,READ_SECONDARY,localhost:27019,recovery,886,886,886,local,1,False,partition,,,,0.21,True,False,
1789631813.4767118,887,client_mr,READ_PRIMARY,primary,recovery,887,887,886,local,1,False,partition,,,,0.12,True,False,
1789631813.477033,887,client_mr,READ_SECONDARY,localhost:27018,recovery,887,886,887,local,1,False,partition,,,,0.32,True,True,
1789631813.477413,888,client_mr,READ_PRIMARY,primary,recovery,888,888,887,local,1,False,partition,,,,0.18,True,False,
1789631813.477599,888,client_mr,READ_SECONDARY,localhost:27019,recovery,888,888,888,local,1,False,partition,,,,0.18,True,False,
1789631813.4780006,889,client_mr,READ_PRIMARY,primary,recovery,889,889,888,local,1,False,partition,,,,0.23,True,False,
1789631813.4782438,889,client_mr,READ_SECONDARY,localhost:27018,recovery,889,888,889,local,1,False,partition,,,,0.24,True,True,
1789631813.4786587,890,client_mr,READ_PRIMARY,primary,recovery,890,890,889,local,1,False,partition,,,,0.16,True,False,
1789631813.4788623,890,client_mr,READ_SECONDARY,localhost:27019,recovery,890,890,890,local,1,False,partition,,,,0.2,True,False,
1789631813.4792018,891,client_mr,READ_PRIMARY,primary,recovery,891,891,890,local,1,False,partition,,,,0.17,True,False,
1789631813.479373,891,client_mr,READ_SECONDARY,localhost:27018,recovery,891,890,891,local,1,False,partition,,,,0.17,True,True,
1789631813.4797373,892,client_mr,READ_PRIMARY,primary,recovery,892,892,891,local,1,False,partition,,,,0.16,True,False,
1789631813.4799051,892,client_mr,READ_SECONDARY,localhost:27019,recovery,892,892,892,local,1,False,partition,,,,0.17,True,False,
1789631813.4802766,893,client_mr,READ_PRIMARY,primary,recovery,893,893,892,local,1,False,partition,,,,0.14,True,False,
1789631813.4805264,893,client_mr,READ_SECONDARY,localhost:27018,recovery,893,892,893,local,1,False,partition,,,,0.25,True,True,
1789631813.4808385,894,client_mr,READ_PRIMARY,primary,recovery,894,894,893,local,1,False,partition,,,,0.13,True,False,
1789631813.481052,894,client_mr,READ_SECONDARY,localhost:27019,recovery,894,894,894,local,1,False,partition,,,,0.21,True,False,
1789631813.481348,895,client_mr,READ_PRIMARY,primary,recovery,895,895,894,local,1,False,partition,,,,0.13,True,False,
1789631813.4816022,895,client_mr,READ_SECONDARY,localhost:27018,recovery,895,894,895,local,1,False,partition,,,,0.25,True,True,
1789631813.4819894,896,client_mr,READ_PRIMARY,primary,recovery,896,896,895,local,1,False,partition,,,,0.22,True,False,
1789631813.4822102,896,client_mr,READ_SECONDARY,localhost:27019,recovery,896,896,896,local,1,False,partition,,,,0.22,True,False,
1789631813.4825974,897,client_mr,READ_PRIMARY,primary,recovery,897,897,896,local,1,False,partition,,,,0.21,True,False,
1789631813.4829526,897,client_mr,READ_SECONDARY,localhost:27018,recovery,897,897,897,local,1,False,partition,,,,0.35,True,False,
1789631813.4833827,898,client_mr,READ_PRIMARY,primary,recovery,898,898,897,local,1,False,partition,,,,0.18,True,False,
1789631813.4835703,898,client_mr,READ_SECONDARY,localhost:27019,recovery,898,898,898,local,1,False,partition,,,,0.19,True,False,
1789631813.4838905,899,client_mr,READ_PRIMARY,primary,recovery,899,899,898,local,1,False,partition,,,,0.15,True,False,
1789631813.4840727,899,client_mr,READ_SECONDARY,localhost:27018,recovery,899,898,899,local,1,False,partition,,,,0.18,True,True,
1789631813.4843435,900,client_mr,READ_PRIMARY,primary,recovery,900,900,899,local,1,False,partition,,,,0.11,True,False,
1789631813.4846077,900,client_mr,READ_SECONDARY,localhost:27019,recovery,900,900,900,local,1,False,partition,,,,0.26,True,False,
1789631813.4849677,901,client_mr,READ_PRIMARY,primary,recovery,901,901,900,local,1,False,partition,,,,0.15,True,False,
1789631813.4852834,901,client_mr,READ_SECONDARY,localhost:27018,recovery,901,901,901,local,1,False,partition,,,,0.31,True,False,
1789631813.4855509,902,client_mr,READ_PRIMARY,primary,recovery,902,902,901,local,1,False,partition,,,,0.11,True,False,
1789631813.4857557,902,client_mr,READ_SECONDARY,localhost:27019,recovery,902,902,902,local,1,False,partition,,,,0.2,True,False,
1789631813.4861052,903,client_mr,READ_PRIMARY,primary,recovery,903,903,902,local,1,False,partition,,,,0.14,True,False,
1789631813.4863157,903,client_mr,READ_SECONDARY,localhost:27018,recovery,903,903,903,local,1,False,partition,,,,0.21,True,False,
1789631813.4866123,904,client_mr,READ_PRIMARY,primary,recovery,904,904,903,local,1,False,partition,,,,0.12,True,False,
1789631813.4867766,904,client_mr,READ_SECONDARY,localhost:27019,recovery,904,904,904,local,1,False,partition,,,,0.16,True,False,
1789631813.4870703,905,client_mr,READ_PRIMARY,primary,recovery,905,905,904,local,1,False,partition,,,,0.12,True,False,
1789631813.4872844,905,client_mr,READ_SECONDARY,localhost:27018,recovery,905,904,905,local,1,False,partition,,,,0.17,True,True,
1789631813.48755,906,client_mr,READ_PRIMARY,primary,recovery,906,906,905,local,1,False,partition,,,,0.11,True,False,
1789631813.4877238,906,client_mr,READ_SECONDARY,localhost:27019,recovery,906,906,906,local,1,False,partition,,,,0.17,True,False,
1789631813.4879942,907,client_mr,READ_PRIMARY,primary,recovery,907,907,906,local,1,False,partition,,,,0.12,True,False,
1789631813.4885237,907,client_mr,READ_SECONDARY,localhost:27018,recovery,907,907,907,local,1,False,partition,,,,0.53,True,False,
1789631813.4889088,908,client_mr,READ_PRIMARY,primary,recovery,908,908,907,local,1,False,partition,,,,0.16,True,False,
1789631813.4891274,908,client_mr,READ_SECONDARY,localhost:27019,recovery,908,908,908,local,1,False,partition,,,,0.22,True,False,
1789631813.4895585,909,client_mr,READ_PRIMARY,primary,recovery,909,909,908,local,1,False,partition,,,,0.12,True,False,
1789631813.489946,909,client_mr,READ_SECONDARY,localhost:27018,recovery,909,908,909,local,1,False,partition,,,,0.38,True,True,
1789631813.4903393,910,client_mr,READ_PRIMARY,primary,recovery,910,910,909,local,1,False,partition,,,,0.19,True,False,
1789631813.490527,910,client_mr,READ_SECONDARY,localhost:27019,recovery,910,910,910,local,1,False,partition,,,,0.19,True,False,
1789631813.490854,911,client_mr,READ_PRIMARY,primary,recovery,911,911,910,local,1,False,partition,,,,0.15,True,False,
1789631813.4913406,911,client_mr,READ_SECONDARY,localhost:27018,recovery,911,910,911,local,1,False,partition,,,,0.48,True,True,
1789631813.4916892,912,client_mr,READ_PRIMARY,primary,recovery,912,912,911,local,1,False,partition,,,,0.15,True,False,
1789631813.4919055,912,client_mr,READ_SECONDARY,localhost:27019,recovery,912,912,912,local,1,False,partition,,,,0.21,True,False,
1789631813.4922318,913,client_mr,READ_PRIMARY,primary,recovery,913,913,912,local,1,False,partition,,,,0.15,True,False,
1789631813.4924304,913,client_mr,READ_SECONDARY,localhost:27018,recovery,913,912,913,local,1,False,partition,,,,0.2,True,True,
1789631813.4927619,914,client_mr,READ_PRIMARY,primary,recovery,914,914,913,local,1,False,partition,,,,0.15,True,False,
1789631813.4929502,914,client_mr,READ_SECONDARY,localhost:27019,recovery,914,914,914,local,1,False,partition,,,,0.19,True,False,
1789631813.493318,915,client_mr,READ_PRIMARY,primary,recovery,915,915,914,local,1,False,partition,,,,0.16,True,False,
1789631813.4940228,915,client_mr,READ_SECONDARY,localhost:27018,recovery,915,915,915,local,1,False,partition,,,,0.7,True,False,
1789631813.4943702,916,client_mr,READ_PRIMARY,primary,recovery,916,916,915,local,1,False,partition,,,,0.14,True,False,
1789631813.4945846,916,client_mr,READ_SECONDARY,localhost:27019,recovery,916,916,916,local,1,False,partition,,,,0.21,True,False,
1789631813.4949477,917,client_mr,READ_PRIMARY,primary,recovery,917,917,916,local,1,False,partition,,,,0.15,True,False,
1789631813.4952226,917,client_mr,READ_SECONDARY,localhost:27018,recovery,917,916,917,local,1,False,partition,,,,0.27,True,True,
1789631813.4956095,918,client_mr,READ_PRIMARY,primary,recovery,918,918,917,local,1,False,partition,,,,0.14,True,False,
1789631813.4958117,918,client_mr,READ_SECONDARY,localhost:27019,recovery,918,918,918,local,1,False,partition,,,,0.2,True,False,
1789631813.4961503,919,client_mr,READ_PRIMARY,primary,recovery,919,919,918,local,1,False,partition,,,,0.14,True,False,
1789631813.4966202,919,client_mr,READ_SECONDARY,localhost:27018,recovery,919,918,919,local,1,False,partition,,,,0.47,True,True,
1789631813.4969742,920,client_mr,READ_PRIMARY,primary,recovery,920,920,919,local,1,False,partition,,,,0.14,True,False,
1789631813.497187,920,client_mr,READ_SECONDARY,localhost:27019,recovery,920,920,920,local,1,False,partition,,,,0.21,True,False,
1789631813.4975703,921,client_mr,READ_PRIMARY,primary,recovery,921,921,920,local,1,False,partition,,,,0.18,True,False,
1789631813.4980345,921,client_mr,READ_SECONDARY,localhost:27018,recovery,921,921,921,local,1,False,partition,,,,0.46,True,False,
1789631813.4983437,922,client_mr,READ_PRIMARY,primary,recovery,922,922,921,local,1,False,partition,,,,0.14,True,False,
1789631813.4985101,922,client_mr,READ_SECONDARY,localhost:27019,recovery,922,922,922,local,1,False,partition,,,,0.16,True,False,
1789631813.4987712,923,client_mr,READ_PRIMARY,primary,recovery,923,923,922,local,1,False,partition,,,,0.11,True,False,
1789631813.4990916,923,client_mr,READ_SECONDARY,localhost:27018,recovery,923,922,923,local,1,False,partition,,,,0.32,True,True,
1789631813.4995022,924,client_mr,READ_PRIMARY,primary,recovery,924,924,923,local,1,False,partition,,,,0.15,True,False,
1789631813.499662,924,client_mr,READ_SECONDARY,localhost:27019,recovery,924,924,924,local,1,False,partition,,,,0.16,True,False,
1789631813.4999874,925,client_mr,READ_PRIMARY,primary,recovery,925,925,924,local,1,False,partition,,,,0.16,True,False,
1789631813.5003405,925,client_mr,READ_SECONDARY,localhost:27018,recovery,925,924,925,local,1,False,partition,,,,0.35,True,True,
1789631813.5006878,926,client_mr,READ_PRIMARY,primary,recovery,926,926,925,local,1,False,partition,,,,0.14,True,False,
1789631813.5008738,926,client_mr,READ_SECONDARY,localhost:27019,recovery,926,926,926,local,1,False,partition,,,,0.18,True,False,
1789631813.501216,927,client_mr,READ_PRIMARY,primary,recovery,927,927,926,local,1,False,partition,,,,0.16,True,False,
1789631813.501919,927,client_mr,READ_SECONDARY,localhost:27018,recovery,927,927,927,local,1,False,partition,,,,0.7,True,False,
1789631813.5022774,928,client_mr,READ_PRIMARY,primary,recovery,928,928,927,local,1,False,partition,,,,0.13,True,False,
1789631813.502521,928,client_mr,READ_SECONDARY,localhost:27019,recovery,928,928,928,local,1,False,partition,,,,0.24,True,False,
1789631813.5028696,929,client_mr,READ_PRIMARY,primary,recovery,929,929,928,local,1,False,partition,,,,0.14,True,False,
1789631813.503107,929,client_mr,READ_SECONDARY,localhost:27018,recovery,929,928,929,local,1,False,partition,,,,0.24,True,True,
1789631813.5034292,930,client_mr,READ_PRIMARY,primary,recovery,930,930,929,local,1,False,partition,,,,0.16,True,False,
1789631813.5035865,930,client_mr,READ_SECONDARY,localhost:27019,recovery,930,930,930,local,1,False,partition,,,,0.16,True,False,
1789631813.5038464,931,client_mr,READ_PRIMARY,primary,recovery,931,931,930,local,1,False,partition,,,,0.11,True,False,
1789631813.5040658,931,client_mr,READ_SECONDARY,localhost:27018,recovery,931,929,931,local,1,False,partition,,,,0.22,True,True,
1789631813.5044448,932,client_mr,READ_PRIMARY,primary,recovery,932,932,931,local,1,False,partition,,,,0.15,True,False,
1789631813.5046437,932,client_mr,READ_SECONDARY,localhost:27019,recovery,932,932,932,local,1,False,partition,,,,0.2,True,False,
1789631813.5049584,933,client_mr,READ_PRIMARY,primary,recovery,933,933,932,local,1,False,partition,,,,0.11,True,False,
1789631813.505214,933,client_mr,READ_SECONDARY,localhost:27018,recovery,933,932,933,local,1,False,partition,,,,0.25,True,True,
1789631813.5056286,934,client_mr,READ_PRIMARY,primary,recovery,934,934,933,local,1,False,partition,,,,0.18,True,False,
1789631813.5059214,934,client_mr,READ_SECONDARY,localhost:27019,recovery,934,934,934,local,1,False,partition,,,,0.29,True,False,
1789631813.5062284,935,client_mr,READ_PRIMARY,primary,recovery,935,935,934,local,1,False,partition,,,,0.13,True,False,
1789631813.5064359,935,client_mr,READ_SECONDARY,localhost:27018,recovery,935,934,935,local,1,False,partition,,,,0.21,True,True,
1789631813.5067759,936,client_mr,READ_PRIMARY,primary,recovery,936,936,935,local,1,False,partition,,,,0.12,True,False,
1789631813.5069897,936,client_mr,READ_SECONDARY,localhost:27019,recovery,936,936,936,local,1,False,partition,,,,0.2,True,False,
1789631813.5072615,937,client_mr,READ_PRIMARY,primary,recovery,937,937,936,local,1,False,partition,,,,0.11,True,False,
1789631813.5076447,937,client_mr,READ_SECONDARY,localhost:27018,recovery,937,936,937,local,1,False,partition,,,,0.38,True,True,
1789631813.5080092,938,client_mr,READ_PRIMARY,primary,recovery,938,938,937,local,1,False,partition,,,,0.19,True,False,
1789631813.5081992,938,client_mr,READ_SECONDARY,localhost:27019,recovery,938,938,938,local,1,False,partition,,,,0.19,True,False,
1789631813.5085053,939,client_mr,READ_PRIMARY,primary,recovery,939,939,938,local,1,False,partition,,,,0.14,True,False,
1789631813.5086658,939,client_mr,READ_SECONDARY,localhost:27018,recovery,939,939,939,local,1,False,partition,,,,0.16,True,False,
1789631813.5089452,940,client_mr,READ_PRIMARY,primary,recovery,940,940,939,local,1,False,partition,,,,0.13,True,False,
1789631813.5091698,940,client_mr,READ_SECONDARY,localhost:27019,recovery,940,940,940,local,1,False,partition,,,,0.22,True,False,
1789631813.5095725,941,client_mr,READ_PRIMARY,primary,recovery,941,941,940,local,1,False,partition,,,,0.19,True,False,
1789631813.5097828,941,client_mr,READ_SECONDARY,localhost:27018,recovery,941,940,941,local,1,False,partition,,,,0.21,True,True,
1789631813.5102482,942,client_mr,READ_PRIMARY,primary,recovery,942,942,941,local,1,False,partition,,,,0.15,True,False,
1789631813.5103981,942,client_mr,READ_SECONDARY,localhost:27019,recovery,942,942,942,local,1,False,partition,,,,0.15,True,False,
1789631813.5107374,943,client_mr,READ_PRIMARY,primary,recovery,943,943,942,local,1,False,partition,,,,0.12,True,False,
1789631813.5109935,943,client_mr,READ_SECONDARY,localhost:27018,recovery,943,942,943,local,1,False,partition,,,,0.24,True,True,
1789631813.511335,944,client_mr,READ_PRIMARY,primary,recovery,944,944,943,local,1,False,partition,,,,0.17,True,False,
1789631813.5115302,944,client_mr,READ_SECONDARY,localhost:27019,recovery,944,944,944,local,1,False,partition,,,,0.19,True,False,
1789631813.51179,945,client_mr,READ_PRIMARY,primary,recovery,945,945,944,local,1,False,partition,,,,0.11,True,False,
1789631813.5121078,945,client_mr,READ_SECONDARY,localhost:27018,recovery,945,945,945,local,1,False,partition,,,,0.32,True,False,
1789631813.5124323,946,client_mr,READ_PRIMARY,primary,recovery,946,946,945,local,1,False,partition,,,,0.15,True,False,
1789631813.5126789,946,client_mr,READ_SECONDARY,localhost:27019,recovery,946,946,946,local,1,False,partition,,,,0.25,True,False,
1789631813.5130389,947,client_mr,READ_PRIMARY,primary,recovery,947,947,946,local,1,False,partition,,,,0.13,True,False,
1789631813.5132155,947,client_mr,READ_SECONDARY,localhost:27018,recovery,947,946,947,local,1,False,partition,,,,0.18,True,True,
1789631813.513482,948,client_mr,READ_PRIMARY,primary,recovery,948,948,947,local,1,False,partition,,,,0.11,True,False,
1789631813.5137026,948,client_mr,READ_SECONDARY,localhost:27019,recovery,948,948,948,local,1,False,partition,,,,0.22,True,False,
1789631813.5140011,949,client_mr,READ_PRIMARY,primary,recovery,949,949,948,local,1,False,partition,,,,0.12,True,False,
1789631813.5142431,949,client_mr,READ_SECONDARY,localhost:27018,recovery,949,948,949,local,1,False,partition,,,,0.21,True,True,
1789631813.5146132,950,client_mr,READ_PRIMARY,primary,recovery,950,950,949,local,1,False,partition,,,,0.15,True,False,
1789631813.5148153,950,client_mr,READ_SECONDARY,localhost:27019,recovery,950,950,950,local,1,False,partition,,,,0.2,True,False,
1789631813.5151756,951,client_mr,READ_PRIMARY,primary,recovery,951,951,950,local,1,False,partition,,,,0.11,True,False,
1789631813.5158474,951,client_mr,READ_SECONDARY,localhost:27018,recovery,951,951,951,local,1,False,partition,,,,0.67,True,False,
1789631813.5162525,952,client_mr,READ_PRIMARY,primary,recovery,952,952,951,local,1,False,partition,,,,0.15,True,False,
1789631813.5164003,952,client_mr,READ_SECONDARY,localhost:27019,recovery,952,952,952,local,1,False,partition,,,,0.15,True,False,
1789631813.5168283,953,client_mr,READ_PRIMARY,primary,recovery,953,953,952,local,1,False,partition,,,,0.2,True,False,
1789631813.5173972,953,client_mr,READ_SECONDARY,localhost:27018,recovery,953,953,953,local,1,False,partition,,,,0.57,True,False,
1789631813.5177057,954,client_mr,READ_PRIMARY,primary,recovery,954,954,953,local,1,False,partition,,,,0.11,True,False,
1789631813.5180209,954,client_mr,READ_SECONDARY,localhost:27019,recovery,954,954,954,local,1,False,partition,,,,0.31,True,False,
1789631813.5183234,955,client_mr,READ_PRIMARY,primary,recovery,955,955,954,local,1,False,partition,,,,0.15,True,False,
1789631813.5186095,955,client_mr,READ_SECONDARY,localhost:27018,recovery,955,954,955,local,1,False,partition,,,,0.28,True,True,
1789631813.5190055,956,client_mr,READ_PRIMARY,primary,recovery,956,956,955,local,1,False,partition,,,,0.21,True,False,
1789631813.5192482,956,client_mr,READ_SECONDARY,localhost:27019,recovery,956,956,956,local,1,False,partition,,,,0.24,True,False,
1789631813.5195858,957,client_mr,READ_PRIMARY,primary,recovery,957,957,956,local,1,False,partition,,,,0.15,True,False,
1789631813.5197961,957,client_mr,READ_SECONDARY,localhost:27018,recovery,957,956,957,local,1,False,partition,,,,0.21,True,True,
1789631813.5201201,958,client_mr,READ_PRIMARY,primary,recovery,958,958,957,local,1,False,partition,,,,0.14,True,False,
1789631813.5203264,958,client_mr,READ_SECONDARY,localhost:27019,recovery,958,958,958,local,1,False,partition,,,,0.2,True,False,
1789631813.5206234,959,client_mr,READ_PRIMARY,primary,recovery,959,959,958,local,1,False,partition,,,,0.11,True,False,
1789631813.5208828,959,client_mr,READ_SECONDARY,localhost:27018,recovery,959,959,959,local,1,False,partition,,,,0.26,True,False,
1789631813.5212789,960,client_mr,READ_PRIMARY,primary,recovery,960,960,959,local,1,False,partition,,,,0.18,True,False,
1789631813.521512,960,client_mr,READ_SECONDARY,localhost:27019,recovery,960,960,960,local,1,False,partition,,,,0.23,True,False,
1789631813.5218058,961,client_mr,READ_PRIMARY,primary,recovery,961,961,960,local,1,False,partition,,,,0.13,True,False,
1789631813.5221813,961,client_mr,READ_SECONDARY,localhost:27018,recovery,961,960,961,local,1,False,partition,,,,0.37,True,True,
1789631813.5225334,962,client_mr,READ_PRIMARY,primary,recovery,962,962,961,local,1,False,partition,,,,0.15,True,False,
1789631813.5227077,962,client_mr,READ_SECONDARY,localhost:27019,recovery,962,962,962,local,1,False,partition,,,,0.17,True,False,
1789631813.5230296,963,client_mr,READ_PRIMARY,primary,recovery,963,963,962,local,1,False,partition,,,,0.14,True,False,
1789631813.5233023,963,client_mr,READ_SECONDARY,localhost:27018,recovery,963,962,963,local,1,False,partition,,,,0.27,True,True,
1789631813.5236142,964,client_mr,READ_PRIMARY,primary,recovery,964,964,963,local,1,False,partition,,,,0.12,True,False,
1789631813.523818,964,client_mr,READ_SECONDARY,localhost:27019,recovery,964,964,964,local,1,False,partition,,,,0.2,True,False,
1789631813.5241613,965,client_mr,READ_PRIMARY,primary,recovery,965,965,964,local,1,False,partition,,,,0.14,True,False,
1789631813.524362,965,client_mr,READ_SECONDARY,localhost:27018,recovery,965,964,965,local,1,False,partition,,,,0.2,True,True,
1789631813.5246787,966,client_mr,READ_PRIMARY,primary,recovery,966,966,965,local,1,False,partition,,,,0.14,True,False,
1789631813.52486,966,client_mr,READ_SECONDARY,localhost:27019,recovery,966,966,966,local,1,False,partition,,,,0.18,True,False,
1789631813.5251384,967,client_mr,READ_PRIMARY,primary,recovery,967,967,966,local,1,False,partition,,,,0.11,True,False,
1789631813.5254326,967,client_mr,READ_SECONDARY,localhost:27018,recovery,967,966,967,local,1,False,partition,,,,0.29,True,True,
1789631813.5257587,968,client_mr,READ_PRIMARY,primary,recovery,968,968,967,local,1,False,partition,,,,0.15,True,False,
1789631813.5260124,968,client_mr,READ_SECONDARY,localhost:27019,recovery,968,968,968,local,1,False,partition,,,,0.25,True,False,
1789631813.526295,969,client_mr,READ_PRIMARY,primary,recovery,969,969,968,local,1,False,partition,,,,0.11,True,False,
1789631813.5264895,969,client_mr,READ_SECONDARY,localhost:27018,recovery,969,968,969,local,1,False,partition,,,,0.19,True,True,
1789631813.5290747,970,client_mr,READ_PRIMARY,primary,recovery,970,970,969,local,1,False,partition,,,,0.22,True,False,
1789631813.5292659,970,client_mr,READ_SECONDARY,localhost:27019,recovery,970,970,970,local,1,False,partition,,,,0.19,True,False,
1789631813.5295749,971,client_mr,READ_PRIMARY,primary,recovery,971,971,970,local,1,False,partition,,,,0.12,True,False,
1789631813.52979,971,client_mr,READ_SECONDARY,localhost:27018,recovery,971,970,971,local,1,False,partition,,,,0.21,True,True,
1789631813.5302174,972,client_mr,READ_PRIMARY,primary,recovery,972,972,971,local,1,False,partition,,,,0.15,True,False,
1789631813.530414,972,client_mr,READ_SECONDARY,localhost:27019,recovery,972,972,972,local,1,False,partition,,,,0.2,True,False,
1789631813.5306993,973,client_mr,READ_PRIMARY,primary,recovery,973,973,972,local,1,False,partition,,,,0.12,True,False,
1789631813.5309582,973,client_mr,READ_SECONDARY,localhost:27018,recovery,973,972,973,local,1,False,partition,,,,0.26,True,True,
1789631813.531263,974,client_mr,READ_PRIMARY,primary,recovery,974,974,973,local,1,False,partition,,,,0.14,True,False,
1789631813.5314283,974,client_mr,READ_SECONDARY,localhost:27019,recovery,974,974,974,local,1,False,partition,,,,0.16,True,False,
1789631813.5317235,975,client_mr,READ_PRIMARY,primary,recovery,975,975,974,local,1,False,partition,,,,0.11,True,False,
1789631813.5320275,975,client_mr,READ_SECONDARY,localhost:27018,recovery,975,975,975,local,1,False,partition,,,,0.3,True,False,
1789631813.532353,976,client_mr,READ_PRIMARY,primary,recovery,976,976,975,local,1,False,partition,,,,0.14,True,False,
1789631813.5326557,976,client_mr,READ_SECONDARY,localhost:27019,recovery,976,976,976,local,1,False,partition,,,,0.3,True,False,
1789631813.5330842,977,client_mr,READ_PRIMARY,primary,recovery,977,977,976,local,1,False,partition,,,,0.19,True,False,
1789631813.5333025,977,client_mr,READ_SECONDARY,localhost:27018,recovery,977,977,977,local,1,False,partition,,,,0.22,True,False,
1789631813.5337052,978,client_mr,READ_PRIMARY,primary,recovery,978,978,977,local,1,False,partition,,,,0.17,True,False,
1789631813.5339673,978,client_mr,READ_SECONDARY,localhost:27019,recovery,978,978,978,local,1,False,partition,,,,0.26,True,False,
1789631813.5343597,979,client_mr,READ_PRIMARY,primary,recovery,979,979,978,local,1,False,partition,,,,0.17,True,False,
1789631813.5345862,979,client_mr,READ_SECONDARY,localhost:27018,recovery,979,978,979,local,1,False,partition,,,,0.22,True,True,
1789631813.534953,980,client_mr,READ_PRIMARY,primary,recovery,980,980,979,local,1,False,partition,,,,0.18,True,False,
1789631813.5351522,980,client_mr,READ_SECONDARY,localhost:27019,recovery,980,980,980,local,1,False,partition,,,,0.2,True,False,
1789631813.5355234,981,client_mr,READ_PRIMARY,primary,recovery,981,981,980,local,1,False,partition,,,,0.18,True,False,
1789631813.5358524,981,client_mr,READ_SECONDARY,localhost:27018,recovery,981,980,981,local,1,False,partition,,,,0.33,True,True,
1789631813.5362542,982,client_mr,READ_PRIMARY,primary,recovery,982,982,981,local,1,False,partition,,,,0.17,True,False,
1789631813.5364363,982,client_mr,READ_SECONDARY,localhost:27019,recovery,982,982,982,local,1,False,partition,,,,0.18,True,False,
1789631813.5367851,983,client_mr,READ_PRIMARY,primary,recovery,983,983,982,local,1,False,partition,,,,0.16,True,False,
1789631813.537018,983,client_mr,READ_SECONDARY,localhost:27018,recovery,983,982,983,local,1,False,partition,,,,0.23,True,True,
1789631813.5373538,984,client_mr,READ_PRIMARY,primary,recovery,984,984,983,local,1,False,partition,,,,0.16,True,False,
1789631813.5375564,984,client_mr,READ_SECONDARY,localhost:27019,recovery,984,984,984,local,1,False,partition,,,,0.2,True,False,
1789631813.5379376,985,client_mr,READ_PRIMARY,primary,recovery,985,985,984,local,1,False,partition,,,,0.18,True,False,
1789631813.5381727,985,client_mr,READ_SECONDARY,localhost:27018,recovery,985,984,985,local,1,False,partition,,,,0.23,True,True,
1789631813.538531,986,client_mr,READ_PRIMARY,primary,recovery,986,986,985,local,1,False,partition,,,,0.15,True,False,
1789631813.5387654,986,client_mr,READ_SECONDARY,localhost:27019,recovery,986,986,986,local,1,False,partition,,,,0.23,True,False,
1789631813.5391498,987,client_mr,READ_PRIMARY,primary,recovery,987,987,986,local,1,False,partition,,,,0.16,True,False,
1789631813.5393438,987,client_mr,READ_SECONDARY,localhost:27018,recovery,987,986,987,local,1,False,partition,,,,0.19,True,True,
1789631813.5396287,988,client_mr,READ_PRIMARY,primary,recovery,988,988,987,local,1,False,partition,,,,0.12,True,False,
1789631813.539861,988,client_mr,READ_SECONDARY,localhost:27019,recovery,988,988,988,local,1,False,partition,,,,0.21,True,False,
1789631813.5402145,989,client_mr,READ_PRIMARY,primary,recovery,989,989,988,local,1,False,partition,,,,0.16,True,False,
1789631813.5403984,989,client_mr,READ_SECONDARY,localhost:27018,recovery,989,989,989,local,1,False,partition,,,,0.18,True,False,
1789631813.5407019,990,client_mr,READ_PRIMARY,primary,recovery,990,990,989,local,1,False,partition,,,,0.13,True,False,
1789631813.5409133,990,client_mr,READ_SECONDARY,localhost:27019,recovery,990,990,990,local,1,False,partition,,,,0.21,True,False,
1789631813.5412583,991,client_mr,READ_PRIMARY,primary,recovery,991,991,990,local,1,False,partition,,,,0.16,True,False,
1789631813.5414982,991,client_mr,READ_SECONDARY,localhost:27018,recovery,991,991,991,local,1,False,partition,,,,0.24,True,False,
1789631813.541904,992,client_mr,READ_PRIMARY,primary,recovery,992,992,991,local,1,False,partition,,,,0.2,True,False,
1789631813.5421166,992,client_mr,READ_SECONDARY,localhost:27019,recovery,992,992,992,local,1,False,partition,,,,0.21,True,False,
1789631813.5425088,993,client_mr,READ_PRIMARY,primary,recovery,993,993,992,local,1,False,partition,,,,0.2,True,False,
1789631813.542749,993,client_mr,READ_SECONDARY,localhost:27018,recovery,993,992,993,local,1,False,partition,,,,0.24,True,True,
1789631813.543073,994,client_mr,READ_PRIMARY,primary,recovery,994,994,993,local,1,False,partition,,,,0.15,True,False,
1789631813.543355,994,client_mr,READ_SECONDARY,localhost:27019,recovery,994,994,994,local,1,False,partition,,,,0.28,True,False,
1789631813.543734,995,client_mr,READ_PRIMARY,primary,recovery,995,995,994,local,1,False,partition,,,,0.14,True,False,
1789631813.5439885,995,client_mr,READ_SECONDARY,localhost:27018,recovery,995,994,995,local,1,False,partition,,,,0.25,True,True,
1789631813.5442965,996,client_mr,READ_PRIMARY,primary,recovery,996,996,995,local,1,False,partition,,,,0.12,True,False,
1789631813.5446012,996,client_mr,READ_SECONDARY,localhost:27019,recovery,996,996,996,local,1,False,partition,,,,0.3,True,False,
1789631813.544967,997,client_mr,READ_PRIMARY,primary,recovery,997,997,996,local,1,False,partition,,,,0.17,True,False,
1789631813.5452654,997,client_mr,READ_SECONDARY,localhost:27018,recovery,997,997,997,local,1,False,partition,,,,0.3,True,False,
1789631813.5456133,998,client_mr,READ_PRIMARY,primary,recovery,998,998,997,local,1,False,partition,,,,0.12,True,False,
1789631813.5457907,998,client_mr,READ_SECONDARY,localhost:27019,recovery,998,998,998,local,1,False,partition,,,,0.17,True,False,
1789631813.546291,999,client_mr,READ_PRIMARY,primary,recovery,999,999,998,local,1,False,partition,,,,0.24,True,False,
1789631813.5464635,999,client_mr,READ_SECONDARY,localhost:27018,recovery,999,999,999,local,1,False,partition,,,,0.17,True,False,
1789631813.5468085,1000,client_mr,READ_PRIMARY,primary,recovery,1000,1000,999,local,1,False,partition,,,,0.14,True,False,
1789631813.547044,1000,client_mr,READ_SECONDARY,localhost:27019,recovery,1000,1000,1000,local,1,False,partition,,,,0.23,True,False,
