run_id,iteration,phase,start_time,end_time,latency_ms,management_ms,workload_ms,verdict,error,last_stage,details_json
20260919T070425Z_f355fde8,1,normal,1789801465.7511325,1789801465.7758899,24.594,0,24.594,violation,,read_secondary,"{""background_write_acknowledged"": true, ""reads"": [{""version"": 1, ""max_seen_before"": -1, ""violation"": false}, {""version"": -1, ""max_seen_before"": 1, ""violation"": true}]}"
20260919T070425Z_f355fde8,2,normal,1789801465.7764804,1789801465.79067,14.463,0,14.463,pass,,read_secondary,"{""background_write_acknowledged"": true, ""reads"": [{""version"": 2, ""max_seen_before"": 1, ""violation"": false}, {""version"": 2, ""max_seen_before"": 2, ""violation"": false}]}"
20260919T070425Z_f355fde8,3,normal,1789801465.7912676,1789801465.8054664,14.316,0,14.316,pass,,read_secondary,"{""background_write_acknowledged"": true, ""reads"": [{""version"": 3, ""max_seen_before"": 2, ""violation"": false}, {""version"": 3, ""max_seen_before"": 3, ""violation"": false}]}"
20260919T070425Z_f355fde8,4,normal,1789801465.8054664,1789801465.8188674,13.537,0,13.537,pass,,read_secondary,"{""background_write_acknowledged"": true, ""reads"": [{""version"": 4, ""max_seen_before"": 3, ""violation"": false}, {""version"": 4, ""max_seen_before"": 4, ""violation"": false}]}"
20260919T070425Z_f355fde8,5,normal,1789801465.8194351,1789801465.831969,12.584,0,12.584,pass,,read_secondary,"{""background_write_acknowledged"": true, ""reads"": [{""version"": 5, ""max_seen_before"": 4, ""violation"": false}, {""version"": 5, ""max_seen_before"": 5, ""violation"": false}]}"
20260919T070425Z_f355fde8,6,normal,1789801465.8322759,1789801465.8460054,14.029,0,14.029,pass,,read_secondary,"{""background_write_acknowledged"": true, ""reads"": [{""version"": 6, ""max_seen_before"": 5, ""violation"": false}, {""version"": 6, ""max_seen_before"": 6, ""violation"": false}]}"
20260919T070425Z_f355fde8,7,normal,1789801465.8460054,1789801465.8590434,13.046,0,13.046,pass,,read_secondary,"{""background_write_acknowledged"": true, ""reads"": [{""version"": 7, ""max_seen_before"": 6, ""violation"": false}, {""version"": 7, ""max_seen_before"": 7, ""violation"": false}]}"
20260919T070425Z_f355fde8,8,normal,1789801465.8596096,1789801465.8718998,12.328,0,12.328,pass,,read_secondary,"{""background_write_acknowledged"": true, ""reads"": [{""version"": 8, ""max_seen_before"": 7, ""violation"": false}, {""version"": 8, ""max_seen_before"": 8, ""violation"": false}]}"
20260919T070425Z_f355fde8,9,normal,1789801465.8718998,1789801465.8854837,13.88,0,13.88,pass,,read_secondary,"{""background_write_acknowledged"": true, ""reads"": [{""version"": 9, ""max_seen_before"": 8, ""violation"": false}, {""version"": 9, ""max_seen_before"": 9, ""violation"": false}]}"
20260919T070425Z_f355fde8,10,normal,1789801465.8854837,1789801465.8988805,12.958,0,12.958,pass,,read_secondary,"{""background_write_acknowledged"": true, ""reads"": [{""version"": 10, ""max_seen_before"": 9, ""violation"": false}, {""version"": 10, ""max_seen_before"": 10, ""violation"": false}]}"
20260919T070425Z_f355fde8,11,normal,1789801465.8988805,1789801465.9122114,13.181,0,13.181,pass,,read_secondary,"{""background_write_acknowledged"": true, ""reads"": [{""version"": 11, ""max_seen_before"": 10, ""violation"": false}, {""version"": 11, ""max_seen_before"": 11, ""violation"": false}]}"
20260919T070425Z_f355fde8,12,normal,1789801465.9122114,1789801465.926593,14.146,0,14.146,pass,,read_secondary,"{""background_write_acknowledged"": true, ""reads"": [{""version"": 12, ""max_seen_before"": 11, ""violation"": false}, {""version"": 12, ""max_seen_before"": 12, ""violation"": false}]}"
20260919T070425Z_f355fde8,13,normal,1789801465.926593,1789801465.9399629,13.557,0,13.557,pass,,read_secondary,"{""background_write_acknowledged"": true, ""reads"": [{""version"": 13, ""max_seen_before"": 12, ""violation"": false}, {""version"": 13, ""max_seen_before"": 13, ""violation"": false}]}"
20260919T070425Z_f355fde8,14,normal,1789801465.9399629,1789801465.9560769,15.85,0,15.85,pass,,read_secondary,"{""background_write_acknowledged"": true, ""reads"": [{""version"": 14, ""max_seen_before"": 13, ""violation"": false}, {""version"": 14, ""max_seen_before"": 14, ""violation"": false}]}"
20260919T070425Z_f355fde8,15,normal,1789801465.9560769,1789801465.970293,14.447,0,14.447,pass,,read_secondary,"{""background_write_acknowledged"": true, ""reads"": [{""version"": 15, ""max_seen_before"": 14, ""violation"": false}, {""version"": 15, ""max_seen_before"": 15, ""violation"": false}]}"
20260919T070425Z_f355fde8,16,normal,1789801465.9709435,1789801465.9855678,14.678,0,14.678,pass,,read_secondary,"{""background_write_acknowledged"": true, ""reads"": [{""version"": 16, ""max_seen_before"": 15, ""violation"": false}, {""version"": 16, ""max_seen_before"": 16, ""violation"": false}]}"
20260919T070425Z_f355fde8,17,normal,1789801465.9855678,1789801465.9990497,13.42,0,13.42,pass,,read_secondary,"{""background_write_acknowledged"": true, ""reads"": [{""version"": 17, ""max_seen_before"": 16, ""violation"": false}, {""version"": 17, ""max_seen_before"": 17, ""violation"": false}]}"
20260919T070425Z_f355fde8,18,normal,1789801465.9990497,1789801466.011587,12.668,0,12.668,pass,,read_secondary,"{""background_write_acknowledged"": true, ""reads"": [{""version"": 18, ""max_seen_before"": 17, ""violation"": false}, {""version"": 18, ""max_seen_before"": 18, ""violation"": false}]}"
20260919T070425Z_f355fde8,19,normal,1789801466.0122035,1789801466.0246403,13.055,0,13.055,pass,,read_secondary,"{""background_write_acknowledged"": true, ""reads"": [{""version"": 19, ""max_seen_before"": 18, ""violation"": false}, {""version"": 19, ""max_seen_before"": 19, ""violation"": false}]}"
20260919T070425Z_f355fde8,20,normal,1789801466.0253081,1789801466.03801,13.128,0,13.128,pass,,read_secondary,"{""background_write_acknowledged"": true, ""reads"": [{""version"": 20, ""max_seen_before"": 19, ""violation"": false}, {""version"": 20, ""max_seen_before"": 20, ""violation"": false}]}"
20260919T070425Z_f355fde8,21,normal,1789801466.0386107,1789801466.0512726,12.771,0,12.771,pass,,read_secondary,"{""background_write_acknowledged"": true, ""reads"": [{""version"": 21, ""max_seen_before"": 20, ""violation"": false}, {""version"": 21, ""max_seen_before"": 21, ""violation"": false}]}"
20260919T070425Z_f355fde8,22,normal,1789801466.0512726,1789801466.0634468,12.57,0,12.57,pass,,read_secondary,"{""background_write_acknowledged"": true, ""reads"": [{""version"": 22, ""max_seen_before"": 21, ""violation"": false}, {""version"": 22, ""max_seen_before"": 22, ""violation"": false}]}"
20260919T070425Z_f355fde8,23,normal,1789801466.0634468,1789801466.0771055,12.967,0,12.967,pass,,read_secondary,"{""background_write_acknowledged"": true, ""reads"": [{""version"": 23, ""max_seen_before"": 22, ""violation"": false}, {""version"": 23, ""max_seen_before"": 23, ""violation"": false}]}"
20260919T070425Z_f355fde8,24,normal,1789801466.0771055,1789801466.0897439,12.514,0,12.514,pass,,read_secondary,"{""background_write_acknowledged"": true, ""reads"": [{""version"": 24, ""max_seen_before"": 23, ""violation"": false}, {""version"": 24, ""max_seen_before"": 24, ""violation"": false}]}"
20260919T070425Z_f355fde8,25,normal,1789801466.0897439,1789801466.1040046,14.301,0,14.301,pass,,read_secondary,"{""background_write_acknowledged"": true, ""reads"": [{""version"": 25, ""max_seen_before"": 24, ""violation"": false}, {""version"": 25, ""max_seen_before"": 25, ""violation"": false}]}"
20260919T070425Z_f355fde8,26,normal,1789801466.1040046,1789801466.1167896,12.697,0,12.697,pass,,read_secondary,"{""background_write_acknowledged"": true, ""reads"": [{""version"": 26, ""max_seen_before"": 25, ""violation"": false}, {""version"": 26, ""max_seen_before"": 26, ""violation"": false}]}"
20260919T070425Z_f355fde8,27,normal,1789801466.1167896,1789801466.1292531,12.419,0,12.419,pass,,read_secondary,"{""background_write_acknowledged"": true, ""reads"": [{""version"": 27, ""max_seen_before"": 26, ""violation"": false}, {""version"": 27, ""max_seen_before"": 27, ""violation"": false}]}"
20260919T070425Z_f355fde8,28,normal,1789801466.1292531,1789801466.1437676,14.445,0,14.445,pass,,read_secondary,"{""background_write_acknowledged"": true, ""reads"": [{""version"": 28, ""max_seen_before"": 27, ""violation"": false}, {""version"": 28, ""max_seen_before"": 28, ""violation"": false}]}"
20260919T070425Z_f355fde8,29,normal,1789801466.1437676,1789801466.1592479,15.116,0,15.116,pass,,read_secondary,"{""background_write_acknowledged"": true, ""reads"": [{""version"": 29, ""max_seen_before"": 28, ""violation"": false}, {""version"": 29, ""max_seen_before"": 29, ""violation"": false}]}"
20260919T070425Z_f355fde8,30,normal,1789801466.1592479,1789801466.1764746,17.347,0,17.347,pass,,read_secondary,"{""background_write_acknowledged"": true, ""reads"": [{""version"": 30, ""max_seen_before"": 29, ""violation"": false}, {""version"": 30, ""max_seen_before"": 30, ""violation"": false}]}"
20260919T070425Z_f355fde8,31,normal,1789801466.1764746,1789801466.1953719,18.496,0,18.496,pass,,read_secondary,"{""background_write_acknowledged"": true, ""reads"": [{""version"": 31, ""max_seen_before"": 30, ""violation"": false}, {""version"": 31, ""max_seen_before"": 31, ""violation"": false}]}"
20260919T070425Z_f355fde8,32,normal,1789801466.1953719,1789801466.211783,16.456,0,16.456,pass,,read_secondary,"{""background_write_acknowledged"": true, ""reads"": [{""version"": 32, ""max_seen_before"": 31, ""violation"": false}, {""version"": 32, ""max_seen_before"": 32, ""violation"": false}]}"
20260919T070425Z_f355fde8,33,normal,1789801466.211783,1789801466.2289705,16.873,0,16.873,pass,,read_secondary,"{""background_write_acknowledged"": true, ""reads"": [{""version"": 33, ""max_seen_before"": 32, ""violation"": false}, {""version"": 33, ""max_seen_before"": 33, ""violation"": false}]}"
20260919T070425Z_f355fde8,34,normal,1789801466.2289705,1789801466.2448432,16.041,0,16.041,pass,,read_secondary,"{""background_write_acknowledged"": true, ""reads"": [{""version"": 34, ""max_seen_before"": 33, ""violation"": false}, {""version"": 34, ""max_seen_before"": 34, ""violation"": false}]}"
20260919T070425Z_f355fde8,35,normal,1789801466.2448432,1789801466.2593348,14.486,0,14.486,pass,,read_secondary,"{""background_write_acknowledged"": true, ""reads"": [{""version"": 35, ""max_seen_before"": 34, ""violation"": false}, {""version"": 35, ""max_seen_before"": 35, ""violation"": false}]}"
20260919T070425Z_f355fde8,36,normal,1789801466.2599387,1789801466.2729425,13.337,0,13.337,pass,,read_secondary,"{""background_write_acknowledged"": true, ""reads"": [{""version"": 36, ""max_seen_before"": 35, ""violation"": false}, {""version"": 36, ""max_seen_before"": 36, ""violation"": false}]}"
20260919T070425Z_f355fde8,37,normal,1789801466.2729425,1789801466.2861416,12.822,0,12.822,pass,,read_secondary,"{""background_write_acknowledged"": true, ""reads"": [{""version"": 37, ""max_seen_before"": 36, ""violation"": false}, {""version"": 37, ""max_seen_before"": 37, ""violation"": false}]}"
20260919T070425Z_f355fde8,38,normal,1789801466.2861416,1789801466.3010018,14.776,0,14.776,pass,,read_secondary,"{""background_write_acknowledged"": true, ""reads"": [{""version"": 38, ""max_seen_before"": 37, ""violation"": false}, {""version"": 38, ""max_seen_before"": 38, ""violation"": false}]}"
20260919T070425Z_f355fde8,39,normal,1789801466.3010018,1789801466.3148339,13.618,0,13.618,pass,,read_secondary,"{""background_write_acknowledged"": true, ""reads"": [{""version"": 39, ""max_seen_before"": 38, ""violation"": false}, {""version"": 39, ""max_seen_before"": 39, ""violation"": false}]}"
20260919T070425Z_f355fde8,40,normal,1789801466.3148339,1789801466.3281987,13.438,0,13.438,pass,,read_secondary,"{""background_write_acknowledged"": true, ""reads"": [{""version"": 40, ""max_seen_before"": 39, ""violation"": false}, {""version"": 40, ""max_seen_before"": 40, ""violation"": false}]}"
20260919T070425Z_f355fde8,41,normal,1789801466.3281987,1789801466.341311,13.095,0,13.095,pass,,read_secondary,"{""background_write_acknowledged"": true, ""reads"": [{""version"": 41, ""max_seen_before"": 40, ""violation"": false}, {""version"": 41, ""max_seen_before"": 41, ""violation"": false}]}"
20260919T070425Z_f355fde8,42,normal,1789801466.341311,1789801466.3553276,13.91,0,13.91,pass,,read_secondary,"{""background_write_acknowledged"": true, ""reads"": [{""version"": 42, ""max_seen_before"": 41, ""violation"": false}, {""version"": 42, ""max_seen_before"": 42, ""violation"": false}]}"
20260919T070425Z_f355fde8,43,normal,1789801466.3553276,1789801466.369145,13.476,0,13.476,pass,,read_secondary,"{""background_write_acknowledged"": true, ""reads"": [{""version"": 43, ""max_seen_before"": 42, ""violation"": false}, {""version"": 43, ""max_seen_before"": 43, ""violation"": false}]}"
20260919T070425Z_f355fde8,44,normal,1789801466.369145,1789801466.3824525,13.275,0,13.275,pass,,read_secondary,"{""background_write_acknowledged"": true, ""reads"": [{""version"": 44, ""max_seen_before"": 43, ""violation"": false}, {""version"": 44, ""max_seen_before"": 44, ""violation"": false}]}"
20260919T070425Z_f355fde8,45,normal,1789801466.3824525,1789801466.3966067,14.021,0,14.021,pass,,read_secondary,"{""background_write_acknowledged"": true, ""reads"": [{""version"": 45, ""max_seen_before"": 44, ""violation"": false}, {""version"": 45, ""max_seen_before"": 45, ""violation"": false}]}"
20260919T070425Z_f355fde8,46,normal,1789801466.3966067,1789801466.411315,14.512,0,14.512,pass,,read_secondary,"{""background_write_acknowledged"": true, ""reads"": [{""version"": 46, ""max_seen_before"": 45, ""violation"": false}, {""version"": 46, ""max_seen_before"": 46, ""violation"": false}]}"
20260919T070425Z_f355fde8,47,normal,1789801466.411315,1789801466.424529,13.035,0,13.035,pass,,read_secondary,"{""background_write_acknowledged"": true, ""reads"": [{""version"": 47, ""max_seen_before"": 46, ""violation"": false}, {""version"": 47, ""max_seen_before"": 47, ""violation"": false}]}"
20260919T070425Z_f355fde8,48,normal,1789801466.424529,1789801466.4370546,13.018,0,13.018,pass,,read_secondary,"{""background_write_acknowledged"": true, ""reads"": [{""version"": 48, ""max_seen_before"": 47, ""violation"": false}, {""version"": 48, ""max_seen_before"": 48, ""violation"": false}]}"
20260919T070425Z_f355fde8,49,normal,1789801466.4377866,1789801466.4503524,13.096,0,13.096,pass,,read_secondary,"{""background_write_acknowledged"": true, ""reads"": [{""version"": 49, ""max_seen_before"": 48, ""violation"": false}, {""version"": 49, ""max_seen_before"": 49, ""violation"": false}]}"
20260919T070425Z_f355fde8,50,normal,1789801466.451008,1789801466.463383,12.649,0,12.649,pass,,read_secondary,"{""background_write_acknowledged"": true, ""reads"": [{""version"": 50, ""max_seen_before"": 49, ""violation"": false}, {""version"": 50, ""max_seen_before"": 50, ""violation"": false}]}"
20260919T070425Z_f355fde8,51,normal,1789801466.463383,1789801466.4767668,13.179,0,13.179,pass,,read_secondary,"{""background_write_acknowledged"": true, ""reads"": [{""version"": 51, ""max_seen_before"": 50, ""violation"": false}, {""version"": 51, ""max_seen_before"": 51, ""violation"": false}]}"
20260919T070425Z_f355fde8,52,normal,1789801466.4771545,1789801466.4893436,12.615,0,12.615,pass,,read_secondary,"{""background_write_acknowledged"": true, ""reads"": [{""version"": 52, ""max_seen_before"": 51, ""violation"": false}, {""version"": 52, ""max_seen_before"": 52, ""violation"": false}]}"
20260919T070425Z_f355fde8,53,normal,1789801466.4893436,1789801466.5042834,14.676,0,14.676,pass,,read_secondary,"{""background_write_acknowledged"": true, ""reads"": [{""version"": 53, ""max_seen_before"": 52, ""violation"": false}, {""version"": 53, ""max_seen_before"": 53, ""violation"": false}]}"
20260919T070425Z_f355fde8,54,normal,1789801466.5042834,1789801466.5200977,15.484,0,15.484,pass,,read_secondary,"{""background_write_acknowledged"": true, ""reads"": [{""version"": 54, ""max_seen_before"": 53, ""violation"": false}, {""version"": 54, ""max_seen_before"": 54, ""violation"": false}]}"
20260919T070425Z_f355fde8,55,normal,1789801466.5200977,1789801466.532606,12.787,0,12.787,pass,,read_secondary,"{""background_write_acknowledged"": true, ""reads"": [{""version"": 55, ""max_seen_before"": 54, ""violation"": false}, {""version"": 55, ""max_seen_before"": 55, ""violation"": false}]}"
20260919T070425Z_f355fde8,56,normal,1789801466.533258,1789801466.5451488,12.367,0,12.367,pass,,read_secondary,"{""background_write_acknowledged"": true, ""reads"": [{""version"": 56, ""max_seen_before"": 55, ""violation"": false}, {""version"": 56, ""max_seen_before"": 56, ""violation"": false}]}"
20260919T070425Z_f355fde8,57,normal,1789801466.545659,1789801466.5601873,14.907,0,14.907,pass,,read_secondary,"{""background_write_acknowledged"": true, ""reads"": [{""version"": 57, ""max_seen_before"": 56, ""violation"": false}, {""version"": 57, ""max_seen_before"": 57, ""violation"": false}]}"
20260919T070425Z_f355fde8,58,normal,1789801466.560778,1789801466.5732417,12.567,0,12.567,pass,,read_secondary,"{""background_write_acknowledged"": true, ""reads"": [{""version"": 58, ""max_seen_before"": 57, ""violation"": false}, {""version"": 58, ""max_seen_before"": 58, ""violation"": false}]}"
20260919T070425Z_f355fde8,59,normal,1789801466.5732417,1789801466.5858934,12.635,0,12.635,pass,,read_secondary,"{""background_write_acknowledged"": true, ""reads"": [{""version"": 59, ""max_seen_before"": 58, ""violation"": false}, {""version"": 59, ""max_seen_before"": 59, ""violation"": false}]}"
20260919T070425Z_f355fde8,60,normal,1789801466.5858934,1789801466.5996215,13.435,0,13.435,pass,,read_secondary,"{""background_write_acknowledged"": true, ""reads"": [{""version"": 60, ""max_seen_before"": 59, ""violation"": false}, {""version"": 60, ""max_seen_before"": 60, ""violation"": false}]}"
20260919T070425Z_f355fde8,61,normal,1789801466.5996215,1789801466.6123276,13.458,0,13.458,pass,,read_secondary,"{""background_write_acknowledged"": true, ""reads"": [{""version"": 61, ""max_seen_before"": 60, ""violation"": false}, {""version"": 61, ""max_seen_before"": 61, ""violation"": false}]}"
20260919T070425Z_f355fde8,62,normal,1789801466.6133125,1789801466.6261103,12.747,0,12.747,pass,,read_secondary,"{""background_write_acknowledged"": true, ""reads"": [{""version"": 62, ""max_seen_before"": 61, ""violation"": false}, {""version"": 62, ""max_seen_before"": 62, ""violation"": false}]}"
20260919T070425Z_f355fde8,63,normal,1789801466.6261103,1789801466.6386929,12.597,0,12.597,pass,,read_secondary,"{""background_write_acknowledged"": true, ""reads"": [{""version"": 63, ""max_seen_before"": 62, ""violation"": false}, {""version"": 63, ""max_seen_before"": 63, ""violation"": false}]}"
20260919T070425Z_f355fde8,64,normal,1789801466.6386929,1789801466.6520088,13.122,0,13.122,pass,,read_secondary,"{""background_write_acknowledged"": true, ""reads"": [{""version"": 64, ""max_seen_before"": 63, ""violation"": false}, {""version"": 64, ""max_seen_before"": 64, ""violation"": false}]}"
20260919T070425Z_f355fde8,65,normal,1789801466.6520088,1789801466.665087,13.166,0,13.166,pass,,read_secondary,"{""background_write_acknowledged"": true, ""reads"": [{""version"": 65, ""max_seen_before"": 64, ""violation"": false}, {""version"": 65, ""max_seen_before"": 65, ""violation"": false}]}"
20260919T070425Z_f355fde8,66,normal,1789801466.665087,1789801466.6777244,12.559,0,12.559,pass,,read_secondary,"{""background_write_acknowledged"": true, ""reads"": [{""version"": 66, ""max_seen_before"": 65, ""violation"": false}, {""version"": 66, ""max_seen_before"": 66, ""violation"": false}]}"
20260919T070425Z_f355fde8,67,normal,1789801466.6777244,1789801466.6908863,12.94,0,12.94,pass,,read_secondary,"{""background_write_acknowledged"": true, ""reads"": [{""version"": 67, ""max_seen_before"": 66, ""violation"": false}, {""version"": 67, ""max_seen_before"": 67, ""violation"": false}]}"
20260919T070425Z_f355fde8,68,normal,1789801466.6908863,1789801466.7059598,14.969,0,14.969,pass,,read_secondary,"{""background_write_acknowledged"": true, ""reads"": [{""version"": 68, ""max_seen_before"": 67, ""violation"": false}, {""version"": 68, ""max_seen_before"": 68, ""violation"": false}]}"
20260919T070425Z_f355fde8,69,normal,1789801466.7059598,1789801466.7191637,13.09,0,13.09,pass,,read_secondary,"{""background_write_acknowledged"": true, ""reads"": [{""version"": 69, ""max_seen_before"": 68, ""violation"": false}, {""version"": 69, ""max_seen_before"": 69, ""violation"": false}]}"
20260919T070425Z_f355fde8,70,normal,1789801466.7191637,1789801466.7333024,13.726,0,13.726,pass,,read_secondary,"{""background_write_acknowledged"": true, ""reads"": [{""version"": 70, ""max_seen_before"": 69, ""violation"": false}, {""version"": 70, ""max_seen_before"": 70, ""violation"": false}]}"
20260919T070425Z_f355fde8,71,normal,1789801466.7333024,1789801466.7458138,12.518,0,12.518,pass,,read_secondary,"{""background_write_acknowledged"": true, ""reads"": [{""version"": 71, ""max_seen_before"": 70, ""violation"": false}, {""version"": 71, ""max_seen_before"": 71, ""violation"": false}]}"
20260919T070425Z_f355fde8,72,normal,1789801466.7458138,1789801466.7585418,12.904,0,12.904,pass,,read_secondary,"{""background_write_acknowledged"": true, ""reads"": [{""version"": 72, ""max_seen_before"": 71, ""violation"": false}, {""version"": 72, ""max_seen_before"": 72, ""violation"": false}]}"
20260919T070425Z_f355fde8,73,normal,1789801466.7585418,1789801466.771349,12.411,0,12.411,pass,,read_secondary,"{""background_write_acknowledged"": true, ""reads"": [{""version"": 73, ""max_seen_before"": 72, ""violation"": false}, {""version"": 73, ""max_seen_before"": 73, ""violation"": false}]}"
20260919T070425Z_f355fde8,74,normal,1789801466.771349,1789801466.7836623,12.66,0,12.66,pass,,read_secondary,"{""background_write_acknowledged"": true, ""reads"": [{""version"": 74, ""max_seen_before"": 73, ""violation"": false}, {""version"": 74, ""max_seen_before"": 74, ""violation"": false}]}"
20260919T070425Z_f355fde8,75,normal,1789801466.7842402,1789801466.7966502,12.5,0,12.5,pass,,read_secondary,"{""background_write_acknowledged"": true, ""reads"": [{""version"": 75, ""max_seen_before"": 74, ""violation"": false}, {""version"": 75, ""max_seen_before"": 75, ""violation"": false}]}"
20260919T070425Z_f355fde8,76,normal,1789801466.7966502,1789801466.8096948,12.995,0,12.995,pass,,read_secondary,"{""background_write_acknowledged"": true, ""reads"": [{""version"": 76, ""max_seen_before"": 75, ""violation"": false}, {""version"": 76, ""max_seen_before"": 76, ""violation"": false}]}"
20260919T070425Z_f355fde8,77,normal,1789801466.8096948,1789801466.825956,16.253,0,16.253,pass,,read_secondary,"{""background_write_acknowledged"": true, ""reads"": [{""version"": 77, ""max_seen_before"": 76, ""violation"": false}, {""version"": 77, ""max_seen_before"": 77, ""violation"": false}]}"
20260919T070425Z_f355fde8,78,normal,1789801466.825956,1789801466.8403206,13.978,0,13.978,pass,,read_secondary,"{""background_write_acknowledged"": true, ""reads"": [{""version"": 78, ""max_seen_before"": 77, ""violation"": false}, {""version"": 78, ""max_seen_before"": 78, ""violation"": false}]}"
20260919T070425Z_f355fde8,79,normal,1789801466.8403206,1789801466.8536668,13.37,0,13.37,pass,,read_secondary,"{""background_write_acknowledged"": true, ""reads"": [{""version"": 79, ""max_seen_before"": 78, ""violation"": false}, {""version"": 79, ""max_seen_before"": 79, ""violation"": false}]}"
20260919T070425Z_f355fde8,80,normal,1789801466.8536668,1789801466.8687952,15.218,0,15.218,pass,,read_secondary,"{""background_write_acknowledged"": true, ""reads"": [{""version"": 80, ""max_seen_before"": 79, ""violation"": false}, {""version"": 80, ""max_seen_before"": 80, ""violation"": false}]}"
20260919T070425Z_f355fde8,81,normal,1789801466.8687952,1789801466.8827615,13.771,0,13.771,pass,,read_secondary,"{""background_write_acknowledged"": true, ""reads"": [{""version"": 81, ""max_seen_before"": 80, ""violation"": false}, {""version"": 81, ""max_seen_before"": 81, ""violation"": false}]}"
20260919T070425Z_f355fde8,82,normal,1789801466.8827615,1789801466.8973207,14.481,0,14.481,pass,,read_secondary,"{""background_write_acknowledged"": true, ""reads"": [{""version"": 82, ""max_seen_before"": 81, ""violation"": false}, {""version"": 82, ""max_seen_before"": 82, ""violation"": false}]}"
20260919T070425Z_f355fde8,83,normal,1789801466.8973207,1789801466.911169,13.876,0,13.876,pass,,read_secondary,"{""background_write_acknowledged"": true, ""reads"": [{""version"": 83, ""max_seen_before"": 82, ""violation"": false}, {""version"": 83, ""max_seen_before"": 83, ""violation"": false}]}"
20260919T070425Z_f355fde8,84,normal,1789801466.9117255,1789801466.9244936,12.899,0,12.899,pass,,read_secondary,"{""background_write_acknowledged"": true, ""reads"": [{""version"": 84, ""max_seen_before"": 83, ""violation"": false}, {""version"": 84, ""max_seen_before"": 84, ""violation"": false}]}"
20260919T070425Z_f355fde8,85,normal,1789801466.9244936,1789801466.937988,13.229,0,13.229,pass,,read_secondary,"{""background_write_acknowledged"": true, ""reads"": [{""version"": 85, ""max_seen_before"": 84, ""violation"": false}, {""version"": 85, ""max_seen_before"": 85, ""violation"": false}]}"
20260919T070425Z_f355fde8,86,normal,1789801466.937988,1789801466.9499607,12.323,0,12.323,pass,,read_secondary,"{""background_write_acknowledged"": true, ""reads"": [{""version"": 86, ""max_seen_before"": 85, ""violation"": false}, {""version"": 86, ""max_seen_before"": 86, ""violation"": false}]}"
20260919T070425Z_f355fde8,87,normal,1789801466.9505293,1789801466.963315,13.286,0,13.286,pass,,read_secondary,"{""background_write_acknowledged"": true, ""reads"": [{""version"": 87, ""max_seen_before"": 86, ""violation"": false}, {""version"": 87, ""max_seen_before"": 87, ""violation"": false}]}"
20260919T070425Z_f355fde8,88,normal,1789801466.9638886,1789801466.976178,12.809,0,12.809,pass,,read_secondary,"{""background_write_acknowledged"": true, ""reads"": [{""version"": 88, ""max_seen_before"": 87, ""violation"": false}, {""version"": 88, ""max_seen_before"": 88, ""violation"": false}]}"
20260919T070425Z_f355fde8,89,normal,1789801466.976764,1789801466.9901185,13.404,0,13.404,pass,,read_secondary,"{""background_write_acknowledged"": true, ""reads"": [{""version"": 89, ""max_seen_before"": 88, ""violation"": false}, {""version"": 89, ""max_seen_before"": 89, ""violation"": false}]}"
20260919T070425Z_f355fde8,90,normal,1789801466.9901185,1789801467.0018613,11.962,0,11.962,pass,,read_secondary,"{""background_write_acknowledged"": true, ""reads"": [{""version"": 90, ""max_seen_before"": 89, ""violation"": false}, {""version"": 90, ""max_seen_before"": 90, ""violation"": false}]}"
20260919T070425Z_f355fde8,91,normal,1789801467.0024343,1789801467.0160484,13.584,0,13.584,pass,,read_secondary,"{""background_write_acknowledged"": true, ""reads"": [{""version"": 91, ""max_seen_before"": 90, ""violation"": false}, {""version"": 91, ""max_seen_before"": 91, ""violation"": false}]}"
20260919T070425Z_f355fde8,92,normal,1789801467.0160484,1789801467.0303802,14.384,0,14.384,pass,,read_secondary,"{""background_write_acknowledged"": true, ""reads"": [{""version"": 92, ""max_seen_before"": 91, ""violation"": false}, {""version"": 92, ""max_seen_before"": 92, ""violation"": false}]}"
20260919T070425Z_f355fde8,93,normal,1789801467.0303802,1789801467.0434022,12.72,0,12.72,pass,,read_secondary,"{""background_write_acknowledged"": true, ""reads"": [{""version"": 93, ""max_seen_before"": 92, ""violation"": false}, {""version"": 93, ""max_seen_before"": 93, ""violation"": false}]}"
20260919T070425Z_f355fde8,94,normal,1789801467.0434022,1789801467.0564885,13.116,0,13.116,pass,,read_secondary,"{""background_write_acknowledged"": true, ""reads"": [{""version"": 94, ""max_seen_before"": 93, ""violation"": false}, {""version"": 94, ""max_seen_before"": 94, ""violation"": false}]}"
20260919T070425Z_f355fde8,95,normal,1789801467.0564885,1789801467.069931,13.314,0,13.314,pass,,read_secondary,"{""background_write_acknowledged"": true, ""reads"": [{""version"": 95, ""max_seen_before"": 94, ""violation"": false}, {""version"": 95, ""max_seen_before"": 95, ""violation"": false}]}"
20260919T070425Z_f355fde8,96,normal,1789801467.069931,1789801467.0821714,12.431,0,12.431,pass,,read_secondary,"{""background_write_acknowledged"": true, ""reads"": [{""version"": 96, ""max_seen_before"": 95, ""violation"": false}, {""version"": 96, ""max_seen_before"": 96, ""violation"": false}]}"
20260919T070425Z_f355fde8,97,normal,1789801467.0821714,1789801467.0952413,12.965,0,12.965,pass,,read_secondary,"{""background_write_acknowledged"": true, ""reads"": [{""version"": 97, ""max_seen_before"": 96, ""violation"": false}, {""version"": 97, ""max_seen_before"": 97, ""violation"": false}]}"
20260919T070425Z_f355fde8,98,normal,1789801467.0958111,1789801467.1080813,12.647,0,12.647,pass,,read_secondary,"{""background_write_acknowledged"": true, ""reads"": [{""version"": 98, ""max_seen_before"": 97, ""violation"": false}, {""version"": 98, ""max_seen_before"": 98, ""violation"": false}]}"
20260919T070425Z_f355fde8,99,normal,1789801467.1080813,1789801467.121121,12.97,0,12.97,pass,,read_secondary,"{""background_write_acknowledged"": true, ""reads"": [{""version"": 99, ""max_seen_before"": 98, ""violation"": false}, {""version"": 99, ""max_seen_before"": 99, ""violation"": false}]}"
20260919T070425Z_f355fde8,100,normal,1789801467.121121,1789801467.1356363,14.116,0,14.116,pass,,read_secondary,"{""background_write_acknowledged"": true, ""reads"": [{""version"": 100, ""max_seen_before"": 99, ""violation"": false}, {""version"": 100, ""max_seen_before"": 100, ""violation"": false}]}"
20260919T070425Z_f355fde8,101,normal,1789801467.1368296,1789801467.1499257,13.386,0,13.386,pass,,read_secondary,"{""background_write_acknowledged"": true, ""reads"": [{""version"": 101, ""max_seen_before"": 100, ""violation"": false}, {""version"": 101, ""max_seen_before"": 101, ""violation"": false}]}"
20260919T070425Z_f355fde8,102,normal,1789801467.1504977,1789801467.163796,13.394,0,13.394,pass,,read_secondary,"{""background_write_acknowledged"": true, ""reads"": [{""version"": 102, ""max_seen_before"": 101, ""violation"": false}, {""version"": 102, ""max_seen_before"": 102, ""violation"": false}]}"
20260919T070425Z_f355fde8,103,normal,1789801467.163796,1789801467.1764984,12.483,0,12.483,pass,,read_secondary,"{""background_write_acknowledged"": true, ""reads"": [{""version"": 103, ""max_seen_before"": 102, ""violation"": false}, {""version"": 103, ""max_seen_before"": 103, ""violation"": false}]}"
20260919T070425Z_f355fde8,104,normal,1789801467.1764984,1789801467.189642,13.119,0,13.119,pass,,read_secondary,"{""background_write_acknowledged"": true, ""reads"": [{""version"": 104, ""max_seen_before"": 103, ""violation"": false}, {""version"": 104, ""max_seen_before"": 104, ""violation"": false}]}"
20260919T070425Z_f355fde8,105,normal,1789801467.189642,1789801467.202296,12.494,0,12.494,pass,,read_secondary,"{""background_write_acknowledged"": true, ""reads"": [{""version"": 105, ""max_seen_before"": 104, ""violation"": false}, {""version"": 105, ""max_seen_before"": 105, ""violation"": false}]}"
20260919T070425Z_f355fde8,106,normal,1789801467.202296,1789801467.2164662,14.034,0,14.034,pass,,read_secondary,"{""background_write_acknowledged"": true, ""reads"": [{""version"": 106, ""max_seen_before"": 105, ""violation"": false}, {""version"": 106, ""max_seen_before"": 106, ""violation"": false}]}"
20260919T070425Z_f355fde8,107,normal,1789801467.2164662,1789801467.2294927,12.98,0,12.98,pass,,read_secondary,"{""background_write_acknowledged"": true, ""reads"": [{""version"": 107, ""max_seen_before"": 106, ""violation"": false}, {""version"": 107, ""max_seen_before"": 107, ""violation"": false}]}"
20260919T070425Z_f355fde8,108,normal,1789801467.2294927,1789801467.2428956,13.357,0,13.357,pass,,read_secondary,"{""background_write_acknowledged"": true, ""reads"": [{""version"": 108, ""max_seen_before"": 107, ""violation"": false}, {""version"": 108, ""max_seen_before"": 108, ""violation"": false}]}"
20260919T070425Z_f355fde8,109,normal,1789801467.2428956,1789801467.2567358,13.54,0,13.54,pass,,read_secondary,"{""background_write_acknowledged"": true, ""reads"": [{""version"": 109, ""max_seen_before"": 108, ""violation"": false}, {""version"": 109, ""max_seen_before"": 109, ""violation"": false}]}"
20260919T070425Z_f355fde8,110,normal,1789801467.2567358,1789801467.2711813,14.564,0,14.564,pass,,read_secondary,"{""background_write_acknowledged"": true, ""reads"": [{""version"": 110, ""max_seen_before"": 109, ""violation"": false}, {""version"": 110, ""max_seen_before"": 110, ""violation"": false}]}"
20260919T070425Z_f355fde8,111,normal,1789801467.2711813,1789801467.285225,13.785,0,13.785,pass,,read_secondary,"{""background_write_acknowledged"": true, ""reads"": [{""version"": 111, ""max_seen_before"": 110, ""violation"": false}, {""version"": 111, ""max_seen_before"": 111, ""violation"": false}]}"
20260919T070425Z_f355fde8,112,normal,1789801467.285225,1789801467.299453,14.095,0,14.095,pass,,read_secondary,"{""background_write_acknowledged"": true, ""reads"": [{""version"": 112, ""max_seen_before"": 111, ""violation"": false}, {""version"": 112, ""max_seen_before"": 112, ""violation"": false}]}"
20260919T070425Z_f355fde8,113,normal,1789801467.299453,1789801467.3131585,13.726,0,13.726,pass,,read_secondary,"{""background_write_acknowledged"": true, ""reads"": [{""version"": 113, ""max_seen_before"": 112, ""violation"": false}, {""version"": 113, ""max_seen_before"": 113, ""violation"": false}]}"
20260919T070425Z_f355fde8,114,normal,1789801467.3131585,1789801467.3275309,14.426,0,14.426,pass,,read_secondary,"{""background_write_acknowledged"": true, ""reads"": [{""version"": 114, ""max_seen_before"": 113, ""violation"": false}, {""version"": 114, ""max_seen_before"": 114, ""violation"": false}]}"
20260919T070425Z_f355fde8,115,normal,1789801467.328132,1789801467.3426228,14.711,0,14.711,pass,,read_secondary,"{""background_write_acknowledged"": true, ""reads"": [{""version"": 115, ""max_seen_before"": 114, ""violation"": false}, {""version"": 115, ""max_seen_before"": 115, ""violation"": false}]}"
20260919T070425Z_f355fde8,116,normal,1789801467.3426228,1789801467.3562455,13.378,0,13.378,pass,,read_secondary,"{""background_write_acknowledged"": true, ""reads"": [{""version"": 116, ""max_seen_before"": 115, ""violation"": false}, {""version"": 116, ""max_seen_before"": 116, ""violation"": false}]}"
20260919T070425Z_f355fde8,117,normal,1789801467.3562455,1789801467.3702645,13.953,0,13.953,pass,,read_secondary,"{""background_write_acknowledged"": true, ""reads"": [{""version"": 117, ""max_seen_before"": 116, ""violation"": false}, {""version"": 117, ""max_seen_before"": 117, ""violation"": false}]}"
20260919T070425Z_f355fde8,118,normal,1789801467.3702645,1789801467.3838234,13.423,0,13.423,pass,,read_secondary,"{""background_write_acknowledged"": true, ""reads"": [{""version"": 118, ""max_seen_before"": 117, ""violation"": false}, {""version"": 118, ""max_seen_before"": 118, ""violation"": false}]}"
20260919T070425Z_f355fde8,119,normal,1789801467.3838234,1789801467.395999,11.878,0,11.878,pass,,read_secondary,"{""background_write_acknowledged"": true, ""reads"": [{""version"": 119, ""max_seen_before"": 118, ""violation"": false}, {""version"": 119, ""max_seen_before"": 119, ""violation"": false}]}"
20260919T070425Z_f355fde8,120,normal,1789801467.395999,1789801467.4088674,12.873,0,12.873,pass,,read_secondary,"{""background_write_acknowledged"": true, ""reads"": [{""version"": 120, ""max_seen_before"": 119, ""violation"": false}, {""version"": 120, ""max_seen_before"": 120, ""violation"": false}]}"
20260919T070425Z_f355fde8,121,normal,1789801467.4088674,1789801467.4216855,12.722,0,12.722,pass,,read_secondary,"{""background_write_acknowledged"": true, ""reads"": [{""version"": 121, ""max_seen_before"": 120, ""violation"": false}, {""version"": 121, ""max_seen_before"": 121, ""violation"": false}]}"
20260919T070425Z_f355fde8,122,normal,1789801467.4216855,1789801467.434822,13.079,0,13.079,pass,,read_secondary,"{""background_write_acknowledged"": true, ""reads"": [{""version"": 122, ""max_seen_before"": 121, ""violation"": false}, {""version"": 122, ""max_seen_before"": 122, ""violation"": false}]}"
20260919T070425Z_f355fde8,123,normal,1789801467.434822,1789801467.4473531,12.282,0,12.282,pass,,read_secondary,"{""background_write_acknowledged"": true, ""reads"": [{""version"": 123, ""max_seen_before"": 122, ""violation"": false}, {""version"": 123, ""max_seen_before"": 123, ""violation"": false}]}"
20260919T070425Z_f355fde8,124,normal,1789801467.4473531,1789801467.4593217,11.884,0,11.884,pass,,read_secondary,"{""background_write_acknowledged"": true, ""reads"": [{""version"": 124, ""max_seen_before"": 123, ""violation"": false}, {""version"": 124, ""max_seen_before"": 124, ""violation"": false}]}"
20260919T070425Z_f355fde8,125,normal,1789801467.4593217,1789801467.4717298,12.495,0,12.495,pass,,read_secondary,"{""background_write_acknowledged"": true, ""reads"": [{""version"": 125, ""max_seen_before"": 124, ""violation"": false}, {""version"": 125, ""max_seen_before"": 125, ""violation"": false}]}"
20260919T070425Z_f355fde8,126,normal,1789801467.4717298,1789801467.4846704,13.073,0,13.073,pass,,read_secondary,"{""background_write_acknowledged"": true, ""reads"": [{""version"": 126, ""max_seen_before"": 125, ""violation"": false}, {""version"": 126, ""max_seen_before"": 126, ""violation"": false}]}"
20260919T070425Z_f355fde8,127,normal,1789801467.485232,1789801467.4981587,13.11,0,13.11,pass,,read_secondary,"{""background_write_acknowledged"": true, ""reads"": [{""version"": 127, ""max_seen_before"": 126, ""violation"": false}, {""version"": 127, ""max_seen_before"": 127, ""violation"": false}]}"
20260919T070425Z_f355fde8,128,normal,1789801467.4981587,1789801467.510457,12.219,0,12.219,pass,,read_secondary,"{""background_write_acknowledged"": true, ""reads"": [{""version"": 128, ""max_seen_before"": 127, ""violation"": false}, {""version"": 128, ""max_seen_before"": 128, ""violation"": false}]}"
20260919T070425Z_f355fde8,129,normal,1789801467.510457,1789801467.5235393,12.877,0,12.877,pass,,read_secondary,"{""background_write_acknowledged"": true, ""reads"": [{""version"": 129, ""max_seen_before"": 128, ""violation"": false}, {""version"": 129, ""max_seen_before"": 129, ""violation"": false}]}"
20260919T070425Z_f355fde8,130,normal,1789801467.5235393,1789801467.5375402,13.923,0,13.923,pass,,read_secondary,"{""background_write_acknowledged"": true, ""reads"": [{""version"": 130, ""max_seen_before"": 129, ""violation"": false}, {""version"": 130, ""max_seen_before"": 130, ""violation"": false}]}"
20260919T070425Z_f355fde8,131,normal,1789801467.5375402,1789801467.5539725,16.512,0,16.512,pass,,read_secondary,"{""background_write_acknowledged"": true, ""reads"": [{""version"": 131, ""max_seen_before"": 130, ""violation"": false}, {""version"": 131, ""max_seen_before"": 131, ""violation"": false}]}"
20260919T070425Z_f355fde8,132,normal,1789801467.554574,1789801467.5697234,15.381,0,15.381,pass,,read_secondary,"{""background_write_acknowledged"": true, ""reads"": [{""version"": 132, ""max_seen_before"": 131, ""violation"": false}, {""version"": 132, ""max_seen_before"": 132, ""violation"": false}]}"
20260919T070425Z_f355fde8,133,normal,1789801467.5697234,1789801467.584009,14.001,0,14.001,pass,,read_secondary,"{""background_write_acknowledged"": true, ""reads"": [{""version"": 133, ""max_seen_before"": 132, ""violation"": false}, {""version"": 133, ""max_seen_before"": 133, ""violation"": false}]}"
20260919T070425Z_f355fde8,134,normal,1789801467.584009,1789801467.5972323,13.307,0,13.307,pass,,read_secondary,"{""background_write_acknowledged"": true, ""reads"": [{""version"": 134, ""max_seen_before"": 133, ""violation"": false}, {""version"": 134, ""max_seen_before"": 134, ""violation"": false}]}"
20260919T070425Z_f355fde8,135,normal,1789801467.5972323,1789801467.609859,12.6,0,12.6,pass,,read_secondary,"{""background_write_acknowledged"": true, ""reads"": [{""version"": 135, ""max_seen_before"": 134, ""violation"": false}, {""version"": 135, ""max_seen_before"": 135, ""violation"": false}]}"
20260919T070425Z_f355fde8,136,normal,1789801467.609859,1789801467.6233664,13.294,0,13.294,pass,,read_secondary,"{""background_write_acknowledged"": true, ""reads"": [{""version"": 136, ""max_seen_before"": 135, ""violation"": false}, {""version"": 136, ""max_seen_before"": 136, ""violation"": false}]}"
20260919T070425Z_f355fde8,137,normal,1789801467.6233664,1789801467.6373515,13.833,0,13.833,pass,,read_secondary,"{""background_write_acknowledged"": true, ""reads"": [{""version"": 137, ""max_seen_before"": 136, ""violation"": false}, {""version"": 137, ""max_seen_before"": 137, ""violation"": false}]}"
20260919T070425Z_f355fde8,138,normal,1789801467.6373515,1789801467.650335,12.842,0,12.842,pass,,read_secondary,"{""background_write_acknowledged"": true, ""reads"": [{""version"": 138, ""max_seen_before"": 137, ""violation"": false}, {""version"": 138, ""max_seen_before"": 138, ""violation"": false}]}"
20260919T070425Z_f355fde8,139,normal,1789801467.650335,1789801467.6627796,12.567,0,12.567,pass,,read_secondary,"{""background_write_acknowledged"": true, ""reads"": [{""version"": 139, ""max_seen_before"": 138, ""violation"": false}, {""version"": 139, ""max_seen_before"": 139, ""violation"": false}]}"
20260919T070425Z_f355fde8,140,normal,1789801467.6627796,1789801467.6758783,12.73,0,12.73,pass,,read_secondary,"{""background_write_acknowledged"": true, ""reads"": [{""version"": 140, ""max_seen_before"": 139, ""violation"": false}, {""version"": 140, ""max_seen_before"": 140, ""violation"": false}]}"
20260919T070425Z_f355fde8,141,normal,1789801467.6758783,1789801467.6903296,14.148,0,14.148,pass,,read_secondary,"{""background_write_acknowledged"": true, ""reads"": [{""version"": 141, ""max_seen_before"": 140, ""violation"": false}, {""version"": 141, ""max_seen_before"": 141, ""violation"": false}]}"
20260919T070425Z_f355fde8,142,normal,1789801467.6903296,1789801467.7055998,15.259,0,15.259,pass,,read_secondary,"{""background_write_acknowledged"": true, ""reads"": [{""version"": 142, ""max_seen_before"": 141, ""violation"": false}, {""version"": 142, ""max_seen_before"": 142, ""violation"": false}]}"
20260919T070425Z_f355fde8,143,normal,1789801467.7055998,1789801467.7191563,13.831,0,13.831,pass,,read_secondary,"{""background_write_acknowledged"": true, ""reads"": [{""version"": 143, ""max_seen_before"": 142, ""violation"": false}, {""version"": 143, ""max_seen_before"": 143, ""violation"": false}]}"
20260919T070425Z_f355fde8,144,normal,1789801467.7197692,1789801467.7334807,14.202,0,14.202,pass,,read_secondary,"{""background_write_acknowledged"": true, ""reads"": [{""version"": 144, ""max_seen_before"": 143, ""violation"": false}, {""version"": 144, ""max_seen_before"": 144, ""violation"": false}]}"
20260919T070425Z_f355fde8,145,normal,1789801467.7341642,1789801467.748325,14.246,0,14.246,pass,,read_secondary,"{""background_write_acknowledged"": true, ""reads"": [{""version"": 145, ""max_seen_before"": 144, ""violation"": false}, {""version"": 145, ""max_seen_before"": 145, ""violation"": false}]}"
20260919T070425Z_f355fde8,146,normal,1789801467.748325,1789801467.7625136,13.955,0,13.955,pass,,read_secondary,"{""background_write_acknowledged"": true, ""reads"": [{""version"": 146, ""max_seen_before"": 145, ""violation"": false}, {""version"": 146, ""max_seen_before"": 146, ""violation"": false}]}"
20260919T070425Z_f355fde8,147,normal,1789801467.7625136,1789801467.7749426,12.844,0,12.844,pass,,read_secondary,"{""background_write_acknowledged"": true, ""reads"": [{""version"": 147, ""max_seen_before"": 146, ""violation"": false}, {""version"": 147, ""max_seen_before"": 147, ""violation"": false}]}"
20260919T070425Z_f355fde8,148,normal,1789801467.7755356,1789801467.7883396,12.792,0,12.792,pass,,read_secondary,"{""background_write_acknowledged"": true, ""reads"": [{""version"": 148, ""max_seen_before"": 147, ""violation"": false}, {""version"": 148, ""max_seen_before"": 148, ""violation"": false}]}"
20260919T070425Z_f355fde8,149,normal,1789801467.7883396,1789801467.8019671,13.711,0,13.711,pass,,read_secondary,"{""background_write_acknowledged"": true, ""reads"": [{""version"": 149, ""max_seen_before"": 148, ""violation"": false}, {""version"": 149, ""max_seen_before"": 149, ""violation"": false}]}"
20260919T070425Z_f355fde8,150,normal,1789801467.8019671,1789801467.8161552,14.023,0,14.023,pass,,read_secondary,"{""background_write_acknowledged"": true, ""reads"": [{""version"": 150, ""max_seen_before"": 149, ""violation"": false}, {""version"": 150, ""max_seen_before"": 150, ""violation"": false}]}"
20260919T070425Z_f355fde8,151,normal,1789801467.8161552,1789801467.8291059,12.653,0,12.653,pass,,read_secondary,"{""background_write_acknowledged"": true, ""reads"": [{""version"": 151, ""max_seen_before"": 150, ""violation"": false}, {""version"": 151, ""max_seen_before"": 151, ""violation"": false}]}"
20260919T070425Z_f355fde8,152,normal,1789801467.8291059,1789801467.841599,12.368,0,12.368,pass,,read_secondary,"{""background_write_acknowledged"": true, ""reads"": [{""version"": 152, ""max_seen_before"": 151, ""violation"": false}, {""version"": 152, ""max_seen_before"": 152, ""violation"": false}]}"
20260919T070425Z_f355fde8,153,normal,1789801467.841599,1789801467.8545508,12.769,0,12.769,pass,,read_secondary,"{""background_write_acknowledged"": true, ""reads"": [{""version"": 153, ""max_seen_before"": 152, ""violation"": false}, {""version"": 153, ""max_seen_before"": 153, ""violation"": false}]}"
20260919T070425Z_f355fde8,154,normal,1789801467.8545508,1789801467.8673093,12.651,0,12.651,pass,,read_secondary,"{""background_write_acknowledged"": true, ""reads"": [{""version"": 154, ""max_seen_before"": 153, ""violation"": false}, {""version"": 154, ""max_seen_before"": 154, ""violation"": false}]}"
20260919T070425Z_f355fde8,155,normal,1789801467.8673093,1789801467.879591,12.612,0,12.612,pass,,read_secondary,"{""background_write_acknowledged"": true, ""reads"": [{""version"": 155, ""max_seen_before"": 154, ""violation"": false}, {""version"": 155, ""max_seen_before"": 155, ""violation"": false}]}"
20260919T070425Z_f355fde8,156,normal,1789801467.8801951,1789801467.8929236,13.151,0,13.151,pass,,read_secondary,"{""background_write_acknowledged"": true, ""reads"": [{""version"": 156, ""max_seen_before"": 155, ""violation"": false}, {""version"": 156, ""max_seen_before"": 156, ""violation"": false}]}"
20260919T070425Z_f355fde8,157,normal,1789801467.8929236,1789801467.907851,14.493,0,14.493,pass,,read_secondary,"{""background_write_acknowledged"": true, ""reads"": [{""version"": 157, ""max_seen_before"": 156, ""violation"": false}, {""version"": 157, ""max_seen_before"": 157, ""violation"": false}]}"
20260919T070425Z_f355fde8,158,normal,1789801467.907851,1789801467.9212563,13.336,0,13.336,pass,,read_secondary,"{""background_write_acknowledged"": true, ""reads"": [{""version"": 158, ""max_seen_before"": 157, ""violation"": false}, {""version"": 158, ""max_seen_before"": 158, ""violation"": false}]}"
20260919T070425Z_f355fde8,159,normal,1789801467.9212563,1789801467.9350529,14.039,0,14.039,pass,,read_secondary,"{""background_write_acknowledged"": true, ""reads"": [{""version"": 159, ""max_seen_before"": 158, ""violation"": false}, {""version"": 159, ""max_seen_before"": 159, ""violation"": false}]}"
20260919T070425Z_f355fde8,160,normal,1789801467.935676,1789801467.9478335,12.633,0,12.633,pass,,read_secondary,"{""background_write_acknowledged"": true, ""reads"": [{""version"": 160, ""max_seen_before"": 159, ""violation"": false}, {""version"": 160, ""max_seen_before"": 160, ""violation"": false}]}"
20260919T070425Z_f355fde8,161,normal,1789801467.9483488,1789801467.9600875,12.078,0,12.078,pass,,read_secondary,"{""background_write_acknowledged"": true, ""reads"": [{""version"": 161, ""max_seen_before"": 160, ""violation"": false}, {""version"": 161, ""max_seen_before"": 161, ""violation"": false}]}"
20260919T070425Z_f355fde8,162,normal,1789801467.9600875,1789801467.972767,12.176,0,12.176,pass,,read_secondary,"{""background_write_acknowledged"": true, ""reads"": [{""version"": 162, ""max_seen_before"": 161, ""violation"": false}, {""version"": 162, ""max_seen_before"": 162, ""violation"": false}]}"
20260919T070425Z_f355fde8,163,normal,1789801467.972767,1789801467.9850154,12.509,0,12.509,pass,,read_secondary,"{""background_write_acknowledged"": true, ""reads"": [{""version"": 163, ""max_seen_before"": 162, ""violation"": false}, {""version"": 163, ""max_seen_before"": 163, ""violation"": false}]}"
20260919T070425Z_f355fde8,164,normal,1789801467.9850154,1789801467.9994752,14.281,0,14.281,pass,,read_secondary,"{""background_write_acknowledged"": true, ""reads"": [{""version"": 164, ""max_seen_before"": 163, ""violation"": false}, {""version"": 164, ""max_seen_before"": 164, ""violation"": false}]}"
20260919T070425Z_f355fde8,165,normal,1789801467.9994752,1789801468.0127335,13.153,0,13.153,pass,,read_secondary,"{""background_write_acknowledged"": true, ""reads"": [{""version"": 165, ""max_seen_before"": 164, ""violation"": false}, {""version"": 165, ""max_seen_before"": 165, ""violation"": false}]}"
20260919T070425Z_f355fde8,166,normal,1789801468.0127335,1789801468.0267336,13.903,0,13.903,pass,,read_secondary,"{""background_write_acknowledged"": true, ""reads"": [{""version"": 166, ""max_seen_before"": 165, ""violation"": false}, {""version"": 166, ""max_seen_before"": 166, ""violation"": false}]}"
20260919T070425Z_f355fde8,167,normal,1789801468.0267336,1789801468.040914,14.055,0,14.055,pass,,read_secondary,"{""background_write_acknowledged"": true, ""reads"": [{""version"": 167, ""max_seen_before"": 166, ""violation"": false}, {""version"": 167, ""max_seen_before"": 167, ""violation"": false}]}"
20260919T070425Z_f355fde8,168,normal,1789801468.040914,1789801468.0545244,13.442,0,13.442,pass,,read_secondary,"{""background_write_acknowledged"": true, ""reads"": [{""version"": 168, ""max_seen_before"": 167, ""violation"": false}, {""version"": 168, ""max_seen_before"": 168, ""violation"": false}]}"
20260919T070425Z_f355fde8,169,normal,1789801468.0545244,1789801468.069057,14.315,0,14.315,pass,,read_secondary,"{""background_write_acknowledged"": true, ""reads"": [{""version"": 169, ""max_seen_before"": 168, ""violation"": false}, {""version"": 169, ""max_seen_before"": 169, ""violation"": false}]}"
20260919T070425Z_f355fde8,170,normal,1789801468.069057,1789801468.082975,13.722,0,13.722,pass,,read_secondary,"{""background_write_acknowledged"": true, ""reads"": [{""version"": 170, ""max_seen_before"": 169, ""violation"": false}, {""version"": 170, ""max_seen_before"": 170, ""violation"": false}]}"
20260919T070425Z_f355fde8,171,normal,1789801468.082975,1789801468.0961962,13.095,0,13.095,pass,,read_secondary,"{""background_write_acknowledged"": true, ""reads"": [{""version"": 171, ""max_seen_before"": 170, ""violation"": false}, {""version"": 171, ""max_seen_before"": 171, ""violation"": false}]}"
20260919T070425Z_f355fde8,172,normal,1789801468.0961962,1789801468.1095388,13.342,0,13.342,pass,,read_secondary,"{""background_write_acknowledged"": true, ""reads"": [{""version"": 172, ""max_seen_before"": 171, ""violation"": false}, {""version"": 172, ""max_seen_before"": 172, ""violation"": false}]}"
20260919T070425Z_f355fde8,173,normal,1789801468.1095388,1789801468.1238587,13.942,0,13.942,pass,,read_secondary,"{""background_write_acknowledged"": true, ""reads"": [{""version"": 173, ""max_seen_before"": 172, ""violation"": false}, {""version"": 173, ""max_seen_before"": 173, ""violation"": false}]}"
20260919T070425Z_f355fde8,174,normal,1789801468.1238587,1789801468.1376812,14.144,0,14.144,pass,,read_secondary,"{""background_write_acknowledged"": true, ""reads"": [{""version"": 174, ""max_seen_before"": 173, ""violation"": false}, {""version"": 174, ""max_seen_before"": 174, ""violation"": false}]}"
20260919T070425Z_f355fde8,175,normal,1789801468.1382484,1789801468.1509764,12.821,0,12.821,pass,,read_secondary,"{""background_write_acknowledged"": true, ""reads"": [{""version"": 175, ""max_seen_before"": 174, ""violation"": false}, {""version"": 175, ""max_seen_before"": 175, ""violation"": false}]}"
20260919T070425Z_f355fde8,176,normal,1789801468.1509764,1789801468.163409,12.567,0,12.567,pass,,read_secondary,"{""background_write_acknowledged"": true, ""reads"": [{""version"": 176, ""max_seen_before"": 175, ""violation"": false}, {""version"": 176, ""max_seen_before"": 176, ""violation"": false}]}"
20260919T070425Z_f355fde8,177,normal,1789801468.163409,1789801468.176922,13.087,0,13.087,pass,,read_secondary,"{""background_write_acknowledged"": true, ""reads"": [{""version"": 177, ""max_seen_before"": 176, ""violation"": false}, {""version"": 177, ""max_seen_before"": 177, ""violation"": false}]}"
20260919T070425Z_f355fde8,178,normal,1789801468.176922,1789801468.1890838,12.539,0,12.539,pass,,read_secondary,"{""background_write_acknowledged"": true, ""reads"": [{""version"": 178, ""max_seen_before"": 177, ""violation"": false}, {""version"": 178, ""max_seen_before"": 178, ""violation"": false}]}"
20260919T070425Z_f355fde8,179,normal,1789801468.1896405,1789801468.202072,12.526,0,12.526,pass,,read_secondary,"{""background_write_acknowledged"": true, ""reads"": [{""version"": 179, ""max_seen_before"": 178, ""violation"": false}, {""version"": 179, ""max_seen_before"": 179, ""violation"": false}]}"
20260919T070425Z_f355fde8,180,normal,1789801468.202072,1789801468.215022,13.193,0,13.193,pass,,read_secondary,"{""background_write_acknowledged"": true, ""reads"": [{""version"": 180, ""max_seen_before"": 179, ""violation"": false}, {""version"": 180, ""max_seen_before"": 180, ""violation"": false}]}"
20260919T070425Z_f355fde8,181,normal,1789801468.2156115,1789801468.2281184,12.818,0,12.818,pass,,read_secondary,"{""background_write_acknowledged"": true, ""reads"": [{""version"": 181, ""max_seen_before"": 180, ""violation"": false}, {""version"": 181, ""max_seen_before"": 181, ""violation"": false}]}"
20260919T070425Z_f355fde8,182,normal,1789801468.2281184,1789801468.2411659,12.81,0,12.81,pass,,read_secondary,"{""background_write_acknowledged"": true, ""reads"": [{""version"": 182, ""max_seen_before"": 181, ""violation"": false}, {""version"": 182, ""max_seen_before"": 182, ""violation"": false}]}"
20260919T070425Z_f355fde8,183,normal,1789801468.2411659,1789801468.2561896,14.967,0,14.967,pass,,read_secondary,"{""background_write_acknowledged"": true, ""reads"": [{""version"": 183, ""max_seen_before"": 182, ""violation"": false}, {""version"": 183, ""max_seen_before"": 183, ""violation"": false}]}"
20260919T070425Z_f355fde8,184,normal,1789801468.2561896,1789801468.269461,13.564,0,13.564,pass,,read_secondary,"{""background_write_acknowledged"": true, ""reads"": [{""version"": 184, ""max_seen_before"": 183, ""violation"": false}, {""version"": 184, ""max_seen_before"": 184, ""violation"": false}]}"
20260919T070425Z_f355fde8,185,normal,1789801468.2701662,1789801468.2838328,13.749,0,13.749,pass,,read_secondary,"{""background_write_acknowledged"": true, ""reads"": [{""version"": 185, ""max_seen_before"": 184, ""violation"": false}, {""version"": 185, ""max_seen_before"": 185, ""violation"": false}]}"
20260919T070425Z_f355fde8,186,normal,1789801468.2838328,1789801468.2982674,14.456,0,14.456,pass,,read_secondary,"{""background_write_acknowledged"": true, ""reads"": [{""version"": 186, ""max_seen_before"": 185, ""violation"": false}, {""version"": 186, ""max_seen_before"": 186, ""violation"": false}]}"
20260919T070425Z_f355fde8,187,normal,1789801468.2982674,1789801468.310901,12.75,0,12.75,pass,,read_secondary,"{""background_write_acknowledged"": true, ""reads"": [{""version"": 187, ""max_seen_before"": 186, ""violation"": false}, {""version"": 187, ""max_seen_before"": 187, ""violation"": false}]}"
20260919T070425Z_f355fde8,188,normal,1789801468.3115258,1789801468.323473,12.349,0,12.349,pass,,read_secondary,"{""background_write_acknowledged"": true, ""reads"": [{""version"": 188, ""max_seen_before"": 187, ""violation"": false}, {""version"": 188, ""max_seen_before"": 188, ""violation"": false}]}"
20260919T070425Z_f355fde8,189,normal,1789801468.323473,1789801468.3358598,12.048,0,12.048,pass,,read_secondary,"{""background_write_acknowledged"": true, ""reads"": [{""version"": 189, ""max_seen_before"": 188, ""violation"": false}, {""version"": 189, ""max_seen_before"": 189, ""violation"": false}]}"
20260919T070425Z_f355fde8,190,normal,1789801468.3358598,1789801468.348187,12.392,0,12.392,pass,,read_secondary,"{""background_write_acknowledged"": true, ""reads"": [{""version"": 190, ""max_seen_before"": 189, ""violation"": false}, {""version"": 190, ""max_seen_before"": 190, ""violation"": false}]}"
20260919T070425Z_f355fde8,191,normal,1789801468.348187,1789801468.360864,12.555,0,12.555,pass,,read_secondary,"{""background_write_acknowledged"": true, ""reads"": [{""version"": 191, ""max_seen_before"": 190, ""violation"": false}, {""version"": 191, ""max_seen_before"": 191, ""violation"": false}]}"
20260919T070425Z_f355fde8,192,normal,1789801468.360864,1789801468.373218,12.041,0,12.041,pass,,read_secondary,"{""background_write_acknowledged"": true, ""reads"": [{""version"": 192, ""max_seen_before"": 191, ""violation"": false}, {""version"": 192, ""max_seen_before"": 192, ""violation"": false}]}"
20260919T070425Z_f355fde8,193,normal,1789801468.373218,1789801468.3860714,12.652,0,12.652,pass,,read_secondary,"{""background_write_acknowledged"": true, ""reads"": [{""version"": 193, ""max_seen_before"": 192, ""violation"": false}, {""version"": 193, ""max_seen_before"": 193, ""violation"": false}]}"
20260919T070425Z_f355fde8,194,normal,1789801468.3860714,1789801468.3977613,11.896,0,11.896,pass,,read_secondary,"{""background_write_acknowledged"": true, ""reads"": [{""version"": 194, ""max_seen_before"": 193, ""violation"": false}, {""version"": 194, ""max_seen_before"": 194, ""violation"": false}]}"
20260919T070425Z_f355fde8,195,normal,1789801468.3977613,1789801468.4099317,11.917,0,11.917,pass,,read_secondary,"{""background_write_acknowledged"": true, ""reads"": [{""version"": 195, ""max_seen_before"": 194, ""violation"": false}, {""version"": 195, ""max_seen_before"": 195, ""violation"": false}]}"
20260919T070425Z_f355fde8,196,normal,1789801468.4099317,1789801468.4239306,13.923,0,13.923,pass,,read_secondary,"{""background_write_acknowledged"": true, ""reads"": [{""version"": 196, ""max_seen_before"": 195, ""violation"": false}, {""version"": 196, ""max_seen_before"": 196, ""violation"": false}]}"
20260919T070425Z_f355fde8,197,normal,1789801468.4239306,1789801468.437121,12.889,0,12.889,pass,,read_secondary,"{""background_write_acknowledged"": true, ""reads"": [{""version"": 197, ""max_seen_before"": 196, ""violation"": false}, {""version"": 197, ""max_seen_before"": 197, ""violation"": false}]}"
20260919T070425Z_f355fde8,198,normal,1789801468.437121,1789801468.4502196,13.277,0,13.277,pass,,read_secondary,"{""background_write_acknowledged"": true, ""reads"": [{""version"": 198, ""max_seen_before"": 197, ""violation"": false}, {""version"": 198, ""max_seen_before"": 198, ""violation"": false}]}"
20260919T070425Z_f355fde8,199,normal,1789801468.4502196,1789801468.4630291,12.582,0,12.582,pass,,read_secondary,"{""background_write_acknowledged"": true, ""reads"": [{""version"": 199, ""max_seen_before"": 198, ""violation"": false}, {""version"": 199, ""max_seen_before"": 199, ""violation"": false}]}"
20260919T070425Z_f355fde8,200,normal,1789801468.4630291,1789801468.4751437,11.879,0,11.879,pass,,read_secondary,"{""background_write_acknowledged"": true, ""reads"": [{""version"": 200, ""max_seen_before"": 199, ""violation"": false}, {""version"": 200, ""max_seen_before"": 200, ""violation"": false}]}"
20260919T070425Z_f355fde8,201,normal,1789801468.4774413,1789801468.491235,13.803,0,13.803,pass,,read_secondary,"{""background_write_acknowledged"": true, ""reads"": [{""version"": 201, ""max_seen_before"": 200, ""violation"": false}, {""version"": 201, ""max_seen_before"": 201, ""violation"": false}]}"
20260919T070425Z_f355fde8,202,normal,1789801468.4918597,1789801468.5040054,12.298,0,12.298,pass,,read_secondary,"{""background_write_acknowledged"": true, ""reads"": [{""version"": 202, ""max_seen_before"": 201, ""violation"": false}, {""version"": 202, ""max_seen_before"": 202, ""violation"": false}]}"
20260919T070425Z_f355fde8,203,normal,1789801468.5040054,1789801468.5171282,12.917,0,12.917,pass,,read_secondary,"{""background_write_acknowledged"": true, ""reads"": [{""version"": 203, ""max_seen_before"": 202, ""violation"": false}, {""version"": 203, ""max_seen_before"": 203, ""violation"": false}]}"
20260919T070425Z_f355fde8,204,normal,1789801468.5171282,1789801468.5296054,12.305,0,12.305,pass,,read_secondary,"{""background_write_acknowledged"": true, ""reads"": [{""version"": 204, ""max_seen_before"": 203, ""violation"": false}, {""version"": 204, ""max_seen_before"": 204, ""violation"": false}]}"
20260919T070425Z_f355fde8,205,normal,1789801468.5296054,1789801468.5418053,12.614,0,12.614,pass,,read_secondary,"{""background_write_acknowledged"": true, ""reads"": [{""version"": 205, ""max_seen_before"": 204, ""violation"": false}, {""version"": 205, ""max_seen_before"": 205, ""violation"": false}]}"
20260919T070425Z_f355fde8,206,normal,1789801468.542329,1789801468.5562606,14.41,0,14.41,pass,,read_secondary,"{""background_write_acknowledged"": true, ""reads"": [{""version"": 206, ""max_seen_before"": 205, ""violation"": false}, {""version"": 206, ""max_seen_before"": 206, ""violation"": false}]}"
20260919T070425Z_f355fde8,207,normal,1789801468.5568821,1789801468.568788,12.328,0,12.328,pass,,read_secondary,"{""background_write_acknowledged"": true, ""reads"": [{""version"": 207, ""max_seen_before"": 206, ""violation"": false}, {""version"": 207, ""max_seen_before"": 207, ""violation"": false}]}"
20260919T070425Z_f355fde8,208,normal,1789801468.568788,1789801468.5810869,12.163,0,12.163,pass,,read_secondary,"{""background_write_acknowledged"": true, ""reads"": [{""version"": 208, ""max_seen_before"": 207, ""violation"": false}, {""version"": 208, ""max_seen_before"": 208, ""violation"": false}]}"
20260919T070425Z_f355fde8,209,normal,1789801468.5810869,1789801468.5960112,14.751,0,14.751,pass,,read_secondary,"{""background_write_acknowledged"": true, ""reads"": [{""version"": 209, ""max_seen_before"": 208, ""violation"": false}, {""version"": 209, ""max_seen_before"": 209, ""violation"": false}]}"
20260919T070425Z_f355fde8,210,normal,1789801468.5960112,1789801468.609001,12.883,0,12.883,pass,,read_secondary,"{""background_write_acknowledged"": true, ""reads"": [{""version"": 210, ""max_seen_before"": 209, ""violation"": false}, {""version"": 210, ""max_seen_before"": 210, ""violation"": false}]}"
20260919T070425Z_f355fde8,211,normal,1789801468.609001,1789801468.6218784,12.715,0,12.715,pass,,read_secondary,"{""background_write_acknowledged"": true, ""reads"": [{""version"": 211, ""max_seen_before"": 210, ""violation"": false}, {""version"": 211, ""max_seen_before"": 211, ""violation"": false}]}"
20260919T070425Z_f355fde8,212,normal,1789801468.6218784,1789801468.6353188,13.137,0,13.137,pass,,read_secondary,"{""background_write_acknowledged"": true, ""reads"": [{""version"": 212, ""max_seen_before"": 211, ""violation"": false}, {""version"": 212, ""max_seen_before"": 212, ""violation"": false}]}"
20260919T070425Z_f355fde8,213,normal,1789801468.6353188,1789801468.6492884,13.898,0,13.898,pass,,read_secondary,"{""background_write_acknowledged"": true, ""reads"": [{""version"": 213, ""max_seen_before"": 212, ""violation"": false}, {""version"": 213, ""max_seen_before"": 213, ""violation"": false}]}"
20260919T070425Z_f355fde8,214,normal,1789801468.6492884,1789801468.6619222,12.543,0,12.543,pass,,read_secondary,"{""background_write_acknowledged"": true, ""reads"": [{""version"": 214, ""max_seen_before"": 213, ""violation"": false}, {""version"": 214, ""max_seen_before"": 214, ""violation"": false}]}"
20260919T070425Z_f355fde8,215,normal,1789801468.6619222,1789801468.6745675,12.597,0,12.597,pass,,read_secondary,"{""background_write_acknowledged"": true, ""reads"": [{""version"": 215, ""max_seen_before"": 214, ""violation"": false}, {""version"": 215, ""max_seen_before"": 215, ""violation"": false}]}"
20260919T070425Z_f355fde8,216,normal,1789801468.6745675,1789801468.6873147,12.924,0,12.924,pass,,read_secondary,"{""background_write_acknowledged"": true, ""reads"": [{""version"": 216, ""max_seen_before"": 215, ""violation"": false}, {""version"": 216, ""max_seen_before"": 216, ""violation"": false}]}"
20260919T070425Z_f355fde8,217,normal,1789801468.6879098,1789801468.7009482,13.437,0,13.437,pass,,read_secondary,"{""background_write_acknowledged"": true, ""reads"": [{""version"": 217, ""max_seen_before"": 216, ""violation"": false}, {""version"": 217, ""max_seen_before"": 217, ""violation"": false}]}"
20260919T070425Z_f355fde8,218,normal,1789801468.7015479,1789801468.7132344,11.653,0,11.653,pass,,read_secondary,"{""background_write_acknowledged"": true, ""reads"": [{""version"": 218, ""max_seen_before"": 217, ""violation"": false}, {""version"": 218, ""max_seen_before"": 218, ""violation"": false}]}"
20260919T070425Z_f355fde8,219,normal,1789801468.7132344,1789801468.7252383,12.38,0,12.38,pass,,read_secondary,"{""background_write_acknowledged"": true, ""reads"": [{""version"": 219, ""max_seen_before"": 218, ""violation"": false}, {""version"": 219, ""max_seen_before"": 219, ""violation"": false}]}"
20260919T070425Z_f355fde8,220,normal,1789801468.7252383,1789801468.737589,11.792,0,11.792,pass,,read_secondary,"{""background_write_acknowledged"": true, ""reads"": [{""version"": 220, ""max_seen_before"": 219, ""violation"": false}, {""version"": 220, ""max_seen_before"": 220, ""violation"": false}]}"
20260919T070425Z_f355fde8,221,normal,1789801468.737589,1789801468.7492688,11.9,0,11.9,pass,,read_secondary,"{""background_write_acknowledged"": true, ""reads"": [{""version"": 221, ""max_seen_before"": 220, ""violation"": false}, {""version"": 221, ""max_seen_before"": 221, ""violation"": false}]}"
20260919T070425Z_f355fde8,222,normal,1789801468.7492688,1789801468.7620752,12.442,0,12.442,pass,,read_secondary,"{""background_write_acknowledged"": true, ""reads"": [{""version"": 222, ""max_seen_before"": 221, ""violation"": false}, {""version"": 222, ""max_seen_before"": 222, ""violation"": false}]}"
20260919T070425Z_f355fde8,223,normal,1789801468.7620752,1789801468.7735531,11.923,0,11.923,pass,,read_secondary,"{""background_write_acknowledged"": true, ""reads"": [{""version"": 223, ""max_seen_before"": 222, ""violation"": false}, {""version"": 223, ""max_seen_before"": 223, ""violation"": false}]}"
20260919T070425Z_f355fde8,224,normal,1789801468.7741878,1789801468.7868109,13.032,0,13.032,pass,,read_secondary,"{""background_write_acknowledged"": true, ""reads"": [{""version"": 224, ""max_seen_before"": 223, ""violation"": false}, {""version"": 224, ""max_seen_before"": 224, ""violation"": false}]}"
20260919T070425Z_f355fde8,225,normal,1789801468.7874162,1789801468.8004005,12.983,0,12.983,pass,,read_secondary,"{""background_write_acknowledged"": true, ""reads"": [{""version"": 225, ""max_seen_before"": 224, ""violation"": false}, {""version"": 225, ""max_seen_before"": 225, ""violation"": false}]}"
20260919T070425Z_f355fde8,226,normal,1789801468.8004005,1789801468.8140745,14.117,0,14.117,pass,,read_secondary,"{""background_write_acknowledged"": true, ""reads"": [{""version"": 226, ""max_seen_before"": 225, ""violation"": false}, {""version"": 226, ""max_seen_before"": 226, ""violation"": false}]}"
20260919T070425Z_f355fde8,227,normal,1789801468.8147218,1789801468.8275602,12.9,0,12.9,pass,,read_secondary,"{""background_write_acknowledged"": true, ""reads"": [{""version"": 227, ""max_seen_before"": 226, ""violation"": false}, {""version"": 227, ""max_seen_before"": 227, ""violation"": false}]}"
20260919T070425Z_f355fde8,228,normal,1789801468.8275602,1789801468.8400543,12.272,0,12.272,pass,,read_secondary,"{""background_write_acknowledged"": true, ""reads"": [{""version"": 228, ""max_seen_before"": 227, ""violation"": false}, {""version"": 228, ""max_seen_before"": 228, ""violation"": false}]}"
20260919T070425Z_f355fde8,229,normal,1789801468.8400543,1789801468.851355,11.469,0,11.469,pass,,read_secondary,"{""background_write_acknowledged"": true, ""reads"": [{""version"": 229, ""max_seen_before"": 228, ""violation"": false}, {""version"": 229, ""max_seen_before"": 229, ""violation"": false}]}"
20260919T070425Z_f355fde8,230,normal,1789801468.851355,1789801468.8640082,12.716,0,12.716,pass,,read_secondary,"{""background_write_acknowledged"": true, ""reads"": [{""version"": 230, ""max_seen_before"": 229, ""violation"": false}, {""version"": 230, ""max_seen_before"": 230, ""violation"": false}]}"
20260919T070425Z_f355fde8,231,normal,1789801468.8646128,1789801468.8780935,13.753,0,13.753,pass,,read_secondary,"{""background_write_acknowledged"": true, ""reads"": [{""version"": 231, ""max_seen_before"": 230, ""violation"": false}, {""version"": 231, ""max_seen_before"": 231, ""violation"": false}]}"
20260919T070425Z_f355fde8,232,normal,1789801468.8780935,1789801468.8920407,13.556,0,13.556,pass,,read_secondary,"{""background_write_acknowledged"": true, ""reads"": [{""version"": 232, ""max_seen_before"": 231, ""violation"": false}, {""version"": 232, ""max_seen_before"": 232, ""violation"": false}]}"
20260919T070425Z_f355fde8,233,normal,1789801468.8920407,1789801468.905674,13.836,0,13.836,pass,,read_secondary,"{""background_write_acknowledged"": true, ""reads"": [{""version"": 233, ""max_seen_before"": 232, ""violation"": false}, {""version"": 233, ""max_seen_before"": 233, ""violation"": false}]}"
20260919T070425Z_f355fde8,234,normal,1789801468.905674,1789801468.9182932,12.61,0,12.61,pass,,read_secondary,"{""background_write_acknowledged"": true, ""reads"": [{""version"": 234, ""max_seen_before"": 233, ""violation"": false}, {""version"": 234, ""max_seen_before"": 234, ""violation"": false}]}"
20260919T070425Z_f355fde8,235,normal,1789801468.918792,1789801468.9330175,14.562,0,14.562,pass,,read_secondary,"{""background_write_acknowledged"": true, ""reads"": [{""version"": 235, ""max_seen_before"": 234, ""violation"": false}, {""version"": 235, ""max_seen_before"": 235, ""violation"": false}]}"
20260919T070425Z_f355fde8,236,normal,1789801468.9330175,1789801468.9475207,14.016,0,14.016,pass,,read_secondary,"{""background_write_acknowledged"": true, ""reads"": [{""version"": 236, ""max_seen_before"": 235, ""violation"": false}, {""version"": 236, ""max_seen_before"": 236, ""violation"": false}]}"
20260919T070425Z_f355fde8,237,normal,1789801468.9475207,1789801468.9605346,13.009,0,13.009,pass,,read_secondary,"{""background_write_acknowledged"": true, ""reads"": [{""version"": 237, ""max_seen_before"": 236, ""violation"": false}, {""version"": 237, ""max_seen_before"": 237, ""violation"": false}]}"
20260919T070425Z_f355fde8,238,normal,1789801468.9605346,1789801468.974515,13.771,0,13.771,pass,,read_secondary,"{""background_write_acknowledged"": true, ""reads"": [{""version"": 238, ""max_seen_before"": 237, ""violation"": false}, {""version"": 238, ""max_seen_before"": 238, ""violation"": false}]}"
20260919T070425Z_f355fde8,239,normal,1789801468.974515,1789801468.986557,12.12,0,12.12,pass,,read_secondary,"{""background_write_acknowledged"": true, ""reads"": [{""version"": 239, ""max_seen_before"": 238, ""violation"": false}, {""version"": 239, ""max_seen_before"": 239, ""violation"": false}]}"
20260919T070425Z_f355fde8,240,normal,1789801468.986557,1789801468.9995375,13.134,0,13.134,pass,,read_secondary,"{""background_write_acknowledged"": true, ""reads"": [{""version"": 240, ""max_seen_before"": 239, ""violation"": false}, {""version"": 240, ""max_seen_before"": 240, ""violation"": false}]}"
20260919T070425Z_f355fde8,241,normal,1789801469.0001044,1789801469.012223,12.221,0,12.221,pass,,read_secondary,"{""background_write_acknowledged"": true, ""reads"": [{""version"": 241, ""max_seen_before"": 240, ""violation"": false}, {""version"": 241, ""max_seen_before"": 241, ""violation"": false}]}"
20260919T070425Z_f355fde8,242,normal,1789801469.012223,1789801469.0243628,12.142,0,12.142,pass,,read_secondary,"{""background_write_acknowledged"": true, ""reads"": [{""version"": 242, ""max_seen_before"": 241, ""violation"": false}, {""version"": 242, ""max_seen_before"": 242, ""violation"": false}]}"
20260919T070425Z_f355fde8,243,normal,1789801469.0243628,1789801469.0369694,12.349,0,12.349,pass,,read_secondary,"{""background_write_acknowledged"": true, ""reads"": [{""version"": 243, ""max_seen_before"": 242, ""violation"": false}, {""version"": 243, ""max_seen_before"": 243, ""violation"": false}]}"
20260919T070425Z_f355fde8,244,normal,1789801469.0369694,1789801469.0483823,12.007,0,12.007,pass,,read_secondary,"{""background_write_acknowledged"": true, ""reads"": [{""version"": 244, ""max_seen_before"": 243, ""violation"": false}, {""version"": 244, ""max_seen_before"": 244, ""violation"": false}]}"
20260919T070425Z_f355fde8,245,normal,1789801469.0493622,1789801469.0604618,11.82,0,11.82,pass,,read_secondary,"{""background_write_acknowledged"": true, ""reads"": [{""version"": 245, ""max_seen_before"": 244, ""violation"": false}, {""version"": 245, ""max_seen_before"": 245, ""violation"": false}]}"
20260919T070425Z_f355fde8,246,normal,1789801469.0604618,1789801469.0726259,11.773,0,11.773,pass,,read_secondary,"{""background_write_acknowledged"": true, ""reads"": [{""version"": 246, ""max_seen_before"": 245, ""violation"": false}, {""version"": 246, ""max_seen_before"": 246, ""violation"": false}]}"
20260919T070425Z_f355fde8,247,normal,1789801469.0731857,1789801469.0852416,12.509,0,12.509,pass,,read_secondary,"{""background_write_acknowledged"": true, ""reads"": [{""version"": 247, ""max_seen_before"": 246, ""violation"": false}, {""version"": 247, ""max_seen_before"": 247, ""violation"": false}]}"
20260919T070425Z_f355fde8,248,normal,1789801469.0858634,1789801469.0975556,12.188,0,12.188,pass,,read_secondary,"{""background_write_acknowledged"": true, ""reads"": [{""version"": 248, ""max_seen_before"": 247, ""violation"": false}, {""version"": 248, ""max_seen_before"": 248, ""violation"": false}]}"
20260919T070425Z_f355fde8,249,normal,1789801469.0981266,1789801469.1117353,14.006,0,14.006,pass,,read_secondary,"{""background_write_acknowledged"": true, ""reads"": [{""version"": 249, ""max_seen_before"": 248, ""violation"": false}, {""version"": 249, ""max_seen_before"": 249, ""violation"": false}]}"
20260919T070425Z_f355fde8,250,normal,1789801469.1117353,1789801469.1258821,13.587,0,13.587,pass,,read_secondary,"{""background_write_acknowledged"": true, ""reads"": [{""version"": 250, ""max_seen_before"": 249, ""violation"": false}, {""version"": 250, ""max_seen_before"": 250, ""violation"": false}]}"
20260919T070425Z_f355fde8,251,normal,1789801469.1258821,1789801469.1408346,14.801,0,14.801,pass,,read_secondary,"{""background_write_acknowledged"": true, ""reads"": [{""version"": 251, ""max_seen_before"": 250, ""violation"": false}, {""version"": 251, ""max_seen_before"": 251, ""violation"": false}]}"
20260919T070425Z_f355fde8,252,normal,1789801469.1408346,1789801469.1554463,14.794,0,14.794,pass,,read_secondary,"{""background_write_acknowledged"": true, ""reads"": [{""version"": 252, ""max_seen_before"": 251, ""violation"": false}, {""version"": 252, ""max_seen_before"": 252, ""violation"": false}]}"
20260919T070425Z_f355fde8,253,normal,1789801469.1554463,1789801469.1724527,16.646,0,16.646,pass,,read_secondary,"{""background_write_acknowledged"": true, ""reads"": [{""version"": 253, ""max_seen_before"": 252, ""violation"": false}, {""version"": 253, ""max_seen_before"": 253, ""violation"": false}]}"
20260919T070425Z_f355fde8,254,normal,1789801469.1724527,1789801469.1877015,15.165,0,15.165,pass,,read_secondary,"{""background_write_acknowledged"": true, ""reads"": [{""version"": 254, ""max_seen_before"": 253, ""violation"": false}, {""version"": 254, ""max_seen_before"": 254, ""violation"": false}]}"
20260919T070425Z_f355fde8,255,normal,1789801469.1877015,1789801469.2030027,15.385,0,15.385,pass,,read_secondary,"{""background_write_acknowledged"": true, ""reads"": [{""version"": 255, ""max_seen_before"": 254, ""violation"": false}, {""version"": 255, ""max_seen_before"": 255, ""violation"": false}]}"
20260919T070425Z_f355fde8,256,normal,1789801469.2030027,1789801469.2195363,16.365,0,16.365,pass,,read_secondary,"{""background_write_acknowledged"": true, ""reads"": [{""version"": 256, ""max_seen_before"": 255, ""violation"": false}, {""version"": 256, ""max_seen_before"": 256, ""violation"": false}]}"
20260919T070425Z_f355fde8,257,normal,1789801469.2195363,1789801469.2354906,15.715,0,15.715,pass,,read_secondary,"{""background_write_acknowledged"": true, ""reads"": [{""version"": 257, ""max_seen_before"": 256, ""violation"": false}, {""version"": 257, ""max_seen_before"": 257, ""violation"": false}]}"
20260919T070425Z_f355fde8,258,normal,1789801469.2360227,1789801469.2517142,16.144,0,16.144,pass,,read_secondary,"{""background_write_acknowledged"": true, ""reads"": [{""version"": 258, ""max_seen_before"": 257, ""violation"": false}, {""version"": 258, ""max_seen_before"": 258, ""violation"": false}]}"
20260919T070425Z_f355fde8,259,normal,1789801469.2522757,1789801469.2665372,14.611,0,14.611,pass,,read_secondary,"{""background_write_acknowledged"": true, ""reads"": [{""version"": 259, ""max_seen_before"": 258, ""violation"": false}, {""version"": 259, ""max_seen_before"": 259, ""violation"": false}]}"
20260919T070425Z_f355fde8,260,normal,1789801469.2665372,1789801469.2830865,16.366,0,16.366,pass,,read_secondary,"{""background_write_acknowledged"": true, ""reads"": [{""version"": 260, ""max_seen_before"": 259, ""violation"": false}, {""version"": 260, ""max_seen_before"": 260, ""violation"": false}]}"
20260919T070425Z_f355fde8,261,normal,1789801469.2830865,1789801469.2982726,14.772,0,14.772,pass,,read_secondary,"{""background_write_acknowledged"": true, ""reads"": [{""version"": 261, ""max_seen_before"": 260, ""violation"": false}, {""version"": 261, ""max_seen_before"": 261, ""violation"": false}]}"
20260919T070425Z_f355fde8,262,normal,1789801469.2982726,1789801469.31323,15.176,0,15.176,pass,,read_secondary,"{""background_write_acknowledged"": true, ""reads"": [{""version"": 262, ""max_seen_before"": 261, ""violation"": false}, {""version"": 262, ""max_seen_before"": 262, ""violation"": false}]}"
20260919T070425Z_f355fde8,263,normal,1789801469.31323,1789801469.3295202,16.304,0,16.304,pass,,read_secondary,"{""background_write_acknowledged"": true, ""reads"": [{""version"": 263, ""max_seen_before"": 262, ""violation"": false}, {""version"": 263, ""max_seen_before"": 263, ""violation"": false}]}"
20260919T070425Z_f355fde8,264,normal,1789801469.330145,1789801469.3456118,15.384,0,15.384,pass,,read_secondary,"{""background_write_acknowledged"": true, ""reads"": [{""version"": 264, ""max_seen_before"": 263, ""violation"": false}, {""version"": 264, ""max_seen_before"": 264, ""violation"": false}]}"
20260919T070425Z_f355fde8,265,normal,1789801469.3456118,1789801469.3614476,15.832,0,15.832,pass,,read_secondary,"{""background_write_acknowledged"": true, ""reads"": [{""version"": 265, ""max_seen_before"": 264, ""violation"": false}, {""version"": 265, ""max_seen_before"": 265, ""violation"": false}]}"
20260919T070425Z_f355fde8,266,normal,1789801469.3614476,1789801469.3752124,14.063,0,14.063,pass,,read_secondary,"{""background_write_acknowledged"": true, ""reads"": [{""version"": 266, ""max_seen_before"": 265, ""violation"": false}, {""version"": 266, ""max_seen_before"": 266, ""violation"": false}]}"
20260919T070425Z_f355fde8,267,normal,1789801469.3758354,1789801469.390251,14.929,0,14.929,pass,,read_secondary,"{""background_write_acknowledged"": true, ""reads"": [{""version"": 267, ""max_seen_before"": 266, ""violation"": false}, {""version"": 267, ""max_seen_before"": 267, ""violation"": false}]}"
20260919T070425Z_f355fde8,268,normal,1789801469.3909516,1789801469.4054835,14.74,0,14.74,pass,,read_secondary,"{""background_write_acknowledged"": true, ""reads"": [{""version"": 268, ""max_seen_before"": 267, ""violation"": false}, {""version"": 268, ""max_seen_before"": 268, ""violation"": false}]}"
20260919T070425Z_f355fde8,269,normal,1789801469.4054835,1789801469.4190667,13.73,0,13.73,pass,,read_secondary,"{""background_write_acknowledged"": true, ""reads"": [{""version"": 269, ""max_seen_before"": 268, ""violation"": false}, {""version"": 269, ""max_seen_before"": 269, ""violation"": false}]}"
20260919T070425Z_f355fde8,270,normal,1789801469.4190667,1789801469.4339466,14.287,0,14.287,pass,,read_secondary,"{""background_write_acknowledged"": true, ""reads"": [{""version"": 270, ""max_seen_before"": 269, ""violation"": false}, {""version"": 270, ""max_seen_before"": 270, ""violation"": false}]}"
20260919T070425Z_f355fde8,271,normal,1789801469.4339466,1789801469.4482653,14.338,0,14.338,pass,,read_secondary,"{""background_write_acknowledged"": true, ""reads"": [{""version"": 271, ""max_seen_before"": 270, ""violation"": false}, {""version"": 271, ""max_seen_before"": 271, ""violation"": false}]}"
20260919T070425Z_f355fde8,272,normal,1789801469.4482653,1789801469.4613273,13.101,0,13.101,pass,,read_secondary,"{""background_write_acknowledged"": true, ""reads"": [{""version"": 272, ""max_seen_before"": 271, ""violation"": false}, {""version"": 272, ""max_seen_before"": 272, ""violation"": false}]}"
20260919T070425Z_f355fde8,273,normal,1789801469.4619129,1789801469.4754698,13.793,0,13.793,pass,,read_secondary,"{""background_write_acknowledged"": true, ""reads"": [{""version"": 273, ""max_seen_before"": 272, ""violation"": false}, {""version"": 273, ""max_seen_before"": 273, ""violation"": false}]}"
20260919T070425Z_f355fde8,274,normal,1789801469.4754698,1789801469.4901133,14.286,0,14.286,pass,,read_secondary,"{""background_write_acknowledged"": true, ""reads"": [{""version"": 274, ""max_seen_before"": 273, ""violation"": false}, {""version"": 274, ""max_seen_before"": 274, ""violation"": false}]}"
20260919T070425Z_f355fde8,275,normal,1789801469.4901133,1789801469.5030031,12.731,0,12.731,pass,,read_secondary,"{""background_write_acknowledged"": true, ""reads"": [{""version"": 275, ""max_seen_before"": 274, ""violation"": false}, {""version"": 275, ""max_seen_before"": 275, ""violation"": false}]}"
20260919T070425Z_f355fde8,276,normal,1789801469.5030031,1789801469.5165718,13.507,0,13.507,pass,,read_secondary,"{""background_write_acknowledged"": true, ""reads"": [{""version"": 276, ""max_seen_before"": 275, ""violation"": false}, {""version"": 276, ""max_seen_before"": 276, ""violation"": false}]}"
20260919T070425Z_f355fde8,277,normal,1789801469.5165718,1789801469.5307846,14.151,0,14.151,pass,,read_secondary,"{""background_write_acknowledged"": true, ""reads"": [{""version"": 277, ""max_seen_before"": 276, ""violation"": false}, {""version"": 277, ""max_seen_before"": 277, ""violation"": false}]}"
20260919T070425Z_f355fde8,278,normal,1789801469.5307846,1789801469.5443208,13.66,0,13.66,pass,,read_secondary,"{""background_write_acknowledged"": true, ""reads"": [{""version"": 278, ""max_seen_before"": 277, ""violation"": false}, {""version"": 278, ""max_seen_before"": 278, ""violation"": false}]}"
20260919T070425Z_f355fde8,279,normal,1789801469.5443208,1789801469.5569987,12.612,0,12.612,pass,,read_secondary,"{""background_write_acknowledged"": true, ""reads"": [{""version"": 279, ""max_seen_before"": 278, ""violation"": false}, {""version"": 279, ""max_seen_before"": 279, ""violation"": false}]}"
20260919T070425Z_f355fde8,280,normal,1789801469.5569987,1789801469.5699484,12.637,0,12.637,pass,,read_secondary,"{""background_write_acknowledged"": true, ""reads"": [{""version"": 280, ""max_seen_before"": 279, ""violation"": false}, {""version"": 280, ""max_seen_before"": 280, ""violation"": false}]}"
20260919T070425Z_f355fde8,281,normal,1789801469.5699484,1789801469.5835683,13.373,0,13.373,pass,,read_secondary,"{""background_write_acknowledged"": true, ""reads"": [{""version"": 281, ""max_seen_before"": 280, ""violation"": false}, {""version"": 281, ""max_seen_before"": 281, ""violation"": false}]}"
20260919T070425Z_f355fde8,282,normal,1789801469.5835683,1789801469.5962274,12.761,0,12.761,pass,,read_secondary,"{""background_write_acknowledged"": true, ""reads"": [{""version"": 282, ""max_seen_before"": 281, ""violation"": false}, {""version"": 282, ""max_seen_before"": 282, ""violation"": false}]}"
20260919T070425Z_f355fde8,283,normal,1789801469.5962274,1789801469.6098409,13.156,0,13.156,pass,,read_secondary,"{""background_write_acknowledged"": true, ""reads"": [{""version"": 283, ""max_seen_before"": 282, ""violation"": false}, {""version"": 283, ""max_seen_before"": 283, ""violation"": false}]}"
20260919T070425Z_f355fde8,284,normal,1789801469.6098409,1789801469.6225142,12.677,0,12.677,pass,,read_secondary,"{""background_write_acknowledged"": true, ""reads"": [{""version"": 284, ""max_seen_before"": 283, ""violation"": false}, {""version"": 284, ""max_seen_before"": 284, ""violation"": false}]}"
20260919T070425Z_f355fde8,285,normal,1789801469.622848,1789801469.6371117,14.564,0,14.564,pass,,read_secondary,"{""background_write_acknowledged"": true, ""reads"": [{""version"": 285, ""max_seen_before"": 284, ""violation"": false}, {""version"": 285, ""max_seen_before"": 285, ""violation"": false}]}"
20260919T070425Z_f355fde8,286,normal,1789801469.6371117,1789801469.653656,16.265,0,16.265,pass,,read_secondary,"{""background_write_acknowledged"": true, ""reads"": [{""version"": 286, ""max_seen_before"": 285, ""violation"": false}, {""version"": 286, ""max_seen_before"": 286, ""violation"": false}]}"
20260919T070425Z_f355fde8,287,normal,1789801469.653656,1789801469.6680384,14.483,0,14.483,pass,,read_secondary,"{""background_write_acknowledged"": true, ""reads"": [{""version"": 287, ""max_seen_before"": 286, ""violation"": false}, {""version"": 287, ""max_seen_before"": 287, ""violation"": false}]}"
20260919T070425Z_f355fde8,288,normal,1789801469.6686034,1789801469.6813524,12.953,0,12.953,pass,,read_secondary,"{""background_write_acknowledged"": true, ""reads"": [{""version"": 288, ""max_seen_before"": 287, ""violation"": false}, {""version"": 288, ""max_seen_before"": 288, ""violation"": false}]}"
20260919T070425Z_f355fde8,289,normal,1789801469.6813524,1789801469.694681,13.291,0,13.291,pass,,read_secondary,"{""background_write_acknowledged"": true, ""reads"": [{""version"": 289, ""max_seen_before"": 288, ""violation"": false}, {""version"": 289, ""max_seen_before"": 289, ""violation"": false}]}"
20260919T070425Z_f355fde8,290,normal,1789801469.694681,1789801469.7078164,12.851,0,12.851,pass,,read_secondary,"{""background_write_acknowledged"": true, ""reads"": [{""version"": 290, ""max_seen_before"": 289, ""violation"": false}, {""version"": 290, ""max_seen_before"": 290, ""violation"": false}]}"
20260919T070425Z_f355fde8,291,normal,1789801469.7078164,1789801469.7212543,13.679,0,13.679,pass,,read_secondary,"{""background_write_acknowledged"": true, ""reads"": [{""version"": 291, ""max_seen_before"": 290, ""violation"": false}, {""version"": 291, ""max_seen_before"": 291, ""violation"": false}]}"
20260919T070425Z_f355fde8,292,normal,1789801469.7212543,1789801469.7358572,14.105,0,14.105,pass,,read_secondary,"{""background_write_acknowledged"": true, ""reads"": [{""version"": 292, ""max_seen_before"": 291, ""violation"": false}, {""version"": 292, ""max_seen_before"": 292, ""violation"": false}]}"
20260919T070425Z_f355fde8,293,normal,1789801469.7358572,1789801469.7488053,12.884,0,12.884,pass,,read_secondary,"{""background_write_acknowledged"": true, ""reads"": [{""version"": 293, ""max_seen_before"": 292, ""violation"": false}, {""version"": 293, ""max_seen_before"": 293, ""violation"": false}]}"
20260919T070425Z_f355fde8,294,normal,1789801469.7488053,1789801469.7618754,13.368,0,13.368,pass,,read_secondary,"{""background_write_acknowledged"": true, ""reads"": [{""version"": 294, ""max_seen_before"": 293, ""violation"": false}, {""version"": 294, ""max_seen_before"": 294, ""violation"": false}]}"
20260919T070425Z_f355fde8,295,normal,1789801469.7625134,1789801469.7750733,12.61,0,12.61,pass,,read_secondary,"{""background_write_acknowledged"": true, ""reads"": [{""version"": 295, ""max_seen_before"": 294, ""violation"": false}, {""version"": 295, ""max_seen_before"": 295, ""violation"": false}]}"
20260919T070425Z_f355fde8,296,normal,1789801469.7750733,1789801469.786532,11.698,0,11.698,pass,,read_secondary,"{""background_write_acknowledged"": true, ""reads"": [{""version"": 296, ""max_seen_before"": 295, ""violation"": false}, {""version"": 296, ""max_seen_before"": 296, ""violation"": false}]}"
20260919T070425Z_f355fde8,297,normal,1789801469.786532,1789801469.7983453,11.775,0,11.775,pass,,read_secondary,"{""background_write_acknowledged"": true, ""reads"": [{""version"": 297, ""max_seen_before"": 296, ""violation"": false}, {""version"": 297, ""max_seen_before"": 297, ""violation"": false}]}"
20260919T070425Z_f355fde8,298,normal,1789801469.798927,1789801469.8109877,11.917,0,11.917,pass,,read_secondary,"{""background_write_acknowledged"": true, ""reads"": [{""version"": 298, ""max_seen_before"": 297, ""violation"": false}, {""version"": 298, ""max_seen_before"": 298, ""violation"": false}]}"
20260919T070425Z_f355fde8,299,normal,1789801469.8109877,1789801469.8226497,11.679,0,11.679,pass,,read_secondary,"{""background_write_acknowledged"": true, ""reads"": [{""version"": 299, ""max_seen_before"": 298, ""violation"": false}, {""version"": 299, ""max_seen_before"": 299, ""violation"": false}]}"
20260919T070425Z_f355fde8,300,normal,1789801469.8226497,1789801469.8348234,12.168,0,12.168,pass,,read_secondary,"{""background_write_acknowledged"": true, ""reads"": [{""version"": 300, ""max_seen_before"": 299, ""violation"": false}, {""version"": 300, ""max_seen_before"": 300, ""violation"": false}]}"
20260919T070425Z_f355fde8,301,normal,1789801469.8377516,1789801469.8530962,15.76,0,15.76,pass,,read_secondary,"{""background_write_acknowledged"": true, ""reads"": [{""version"": 301, ""max_seen_before"": 300, ""violation"": false}, {""version"": 301, ""max_seen_before"": 301, ""violation"": false}]}"
20260919T070425Z_f355fde8,302,normal,1789801469.853605,1789801469.8691344,15.865,0,15.865,pass,,read_secondary,"{""background_write_acknowledged"": true, ""reads"": [{""version"": 302, ""max_seen_before"": 301, ""violation"": false}, {""version"": 302, ""max_seen_before"": 302, ""violation"": false}]}"
20260919T070425Z_f355fde8,303,normal,1789801469.8691344,1789801469.8845243,15.222,0,15.222,pass,,read_secondary,"{""background_write_acknowledged"": true, ""reads"": [{""version"": 303, ""max_seen_before"": 302, ""violation"": false}, {""version"": 303, ""max_seen_before"": 303, ""violation"": false}]}"
20260919T070425Z_f355fde8,304,normal,1789801469.8845243,1789801469.898123,13.466,0,13.466,pass,,read_secondary,"{""background_write_acknowledged"": true, ""reads"": [{""version"": 304, ""max_seen_before"": 303, ""violation"": false}, {""version"": 304, ""max_seen_before"": 304, ""violation"": false}]}"
20260919T070425Z_f355fde8,305,normal,1789801469.898123,1789801469.9110603,12.79,0,12.79,pass,,read_secondary,"{""background_write_acknowledged"": true, ""reads"": [{""version"": 305, ""max_seen_before"": 304, ""violation"": false}, {""version"": 305, ""max_seen_before"": 305, ""violation"": false}]}"
20260919T070425Z_f355fde8,306,normal,1789801469.9110603,1789801469.9242737,12.809,0,12.809,pass,,read_secondary,"{""background_write_acknowledged"": true, ""reads"": [{""version"": 306, ""max_seen_before"": 305, ""violation"": false}, {""version"": 306, ""max_seen_before"": 306, ""violation"": false}]}"
20260919T070425Z_f355fde8,307,normal,1789801469.9242737,1789801469.9362414,12.137,0,12.137,pass,,read_secondary,"{""background_write_acknowledged"": true, ""reads"": [{""version"": 307, ""max_seen_before"": 306, ""violation"": false}, {""version"": 307, ""max_seen_before"": 307, ""violation"": false}]}"
20260919T070425Z_f355fde8,308,normal,1789801469.9362414,1789801469.949878,13.343,0,13.343,pass,,read_secondary,"{""background_write_acknowledged"": true, ""reads"": [{""version"": 308, ""max_seen_before"": 307, ""violation"": false}, {""version"": 308, ""max_seen_before"": 308, ""violation"": false}]}"
20260919T070425Z_f355fde8,309,normal,1789801469.949878,1789801469.9615133,11.714,0,11.714,pass,,read_secondary,"{""background_write_acknowledged"": true, ""reads"": [{""version"": 309, ""max_seen_before"": 308, ""violation"": false}, {""version"": 309, ""max_seen_before"": 309, ""violation"": false}]}"
20260919T070425Z_f355fde8,310,normal,1789801469.9615133,1789801469.976458,14.626,0,14.626,pass,,read_secondary,"{""background_write_acknowledged"": true, ""reads"": [{""version"": 310, ""max_seen_before"": 309, ""violation"": false}, {""version"": 310, ""max_seen_before"": 310, ""violation"": false}]}"
20260919T070425Z_f355fde8,311,normal,1789801469.976458,1789801469.9893632,13.018,0,13.018,pass,,read_secondary,"{""background_write_acknowledged"": true, ""reads"": [{""version"": 311, ""max_seen_before"": 310, ""violation"": false}, {""version"": 311, ""max_seen_before"": 311, ""violation"": false}]}"
20260919T070425Z_f355fde8,312,normal,1789801469.9893632,1789801470.001895,12.48,0,12.48,pass,,read_secondary,"{""background_write_acknowledged"": true, ""reads"": [{""version"": 312, ""max_seen_before"": 311, ""violation"": false}, {""version"": 312, ""max_seen_before"": 312, ""violation"": false}]}"
20260919T070425Z_f355fde8,313,normal,1789801470.001895,1789801470.0150928,13.032,0,13.032,pass,,read_secondary,"{""background_write_acknowledged"": true, ""reads"": [{""version"": 313, ""max_seen_before"": 312, ""violation"": false}, {""version"": 313, ""max_seen_before"": 313, ""violation"": false}]}"
20260919T070425Z_f355fde8,314,normal,1789801470.0150928,1789801470.028089,12.573,0,12.573,pass,,read_secondary,"{""background_write_acknowledged"": true, ""reads"": [{""version"": 314, ""max_seen_before"": 313, ""violation"": false}, {""version"": 314, ""max_seen_before"": 314, ""violation"": false}]}"
20260919T070425Z_f355fde8,315,normal,1789801470.028089,1789801470.0402532,12.061,0,12.061,pass,,read_secondary,"{""background_write_acknowledged"": true, ""reads"": [{""version"": 315, ""max_seen_before"": 314, ""violation"": false}, {""version"": 315, ""max_seen_before"": 315, ""violation"": false}]}"
20260919T070425Z_f355fde8,316,normal,1789801470.0402532,1789801470.0514853,11.301,0,11.301,pass,,read_secondary,"{""background_write_acknowledged"": true, ""reads"": [{""version"": 316, ""max_seen_before"": 315, ""violation"": false}, {""version"": 316, ""max_seen_before"": 316, ""violation"": false}]}"
20260919T070425Z_f355fde8,317,normal,1789801470.0514853,1789801470.064131,12.438,0,12.438,pass,,read_secondary,"{""background_write_acknowledged"": true, ""reads"": [{""version"": 317, ""max_seen_before"": 316, ""violation"": false}, {""version"": 317, ""max_seen_before"": 317, ""violation"": false}]}"
20260919T070425Z_f355fde8,318,normal,1789801470.064131,1789801470.0759866,11.603,0,11.603,pass,,read_secondary,"{""background_write_acknowledged"": true, ""reads"": [{""version"": 318, ""max_seen_before"": 317, ""violation"": false}, {""version"": 318, ""max_seen_before"": 318, ""violation"": false}]}"
20260919T070425Z_f355fde8,319,normal,1789801470.0759866,1789801470.0879617,12.346,0,12.346,pass,,read_secondary,"{""background_write_acknowledged"": true, ""reads"": [{""version"": 319, ""max_seen_before"": 318, ""violation"": false}, {""version"": 319, ""max_seen_before"": 319, ""violation"": false}]}"
20260919T070425Z_f355fde8,320,normal,1789801470.0879617,1789801470.1010218,12.528,0,12.528,pass,,read_secondary,"{""background_write_acknowledged"": true, ""reads"": [{""version"": 320, ""max_seen_before"": 319, ""violation"": false}, {""version"": 320, ""max_seen_before"": 320, ""violation"": false}]}"
20260919T070425Z_f355fde8,321,normal,1789801470.1010218,1789801470.1137083,12.625,0,12.625,pass,,read_secondary,"{""background_write_acknowledged"": true, ""reads"": [{""version"": 321, ""max_seen_before"": 320, ""violation"": false}, {""version"": 321, ""max_seen_before"": 321, ""violation"": false}]}"
20260919T070425Z_f355fde8,322,normal,1789801470.1137083,1789801470.1251178,11.318,0,11.318,pass,,read_secondary,"{""background_write_acknowledged"": true, ""reads"": [{""version"": 322, ""max_seen_before"": 321, ""violation"": false}, {""version"": 322, ""max_seen_before"": 322, ""violation"": false}]}"
20260919T070425Z_f355fde8,323,normal,1789801470.1251178,1789801470.1371377,12.08,0,12.08,pass,,read_secondary,"{""background_write_acknowledged"": true, ""reads"": [{""version"": 323, ""max_seen_before"": 322, ""violation"": false}, {""version"": 323, ""max_seen_before"": 323, ""violation"": false}]}"
20260919T070425Z_f355fde8,324,normal,1789801470.1371377,1789801470.1497598,12.477,0,12.477,pass,,read_secondary,"{""background_write_acknowledged"": true, ""reads"": [{""version"": 324, ""max_seen_before"": 323, ""violation"": false}, {""version"": 324, ""max_seen_before"": 324, ""violation"": false}]}"
20260919T070425Z_f355fde8,325,normal,1789801470.1497598,1789801470.1618783,12.345,0,12.345,pass,,read_secondary,"{""background_write_acknowledged"": true, ""reads"": [{""version"": 325, ""max_seen_before"": 324, ""violation"": false}, {""version"": 325, ""max_seen_before"": 325, ""violation"": false}]}"
20260919T070425Z_f355fde8,326,normal,1789801470.1618783,1789801470.1764913,13.999,0,13.999,pass,,read_secondary,"{""background_write_acknowledged"": true, ""reads"": [{""version"": 326, ""max_seen_before"": 325, ""violation"": false}, {""version"": 326, ""max_seen_before"": 326, ""violation"": false}]}"
20260919T070425Z_f355fde8,327,normal,1789801470.1764913,1789801470.189096,12.813,0,12.813,pass,,read_secondary,"{""background_write_acknowledged"": true, ""reads"": [{""version"": 327, ""max_seen_before"": 326, ""violation"": false}, {""version"": 327, ""max_seen_before"": 327, ""violation"": false}]}"
20260919T070425Z_f355fde8,328,normal,1789801470.189096,1789801470.2013156,12.137,0,12.137,pass,,read_secondary,"{""background_write_acknowledged"": true, ""reads"": [{""version"": 328, ""max_seen_before"": 327, ""violation"": false}, {""version"": 328, ""max_seen_before"": 328, ""violation"": false}]}"
20260919T070425Z_f355fde8,329,normal,1789801470.2013156,1789801470.2143,12.5,0,12.5,pass,,read_secondary,"{""background_write_acknowledged"": true, ""reads"": [{""version"": 329, ""max_seen_before"": 328, ""violation"": false}, {""version"": 329, ""max_seen_before"": 329, ""violation"": false}]}"
20260919T070425Z_f355fde8,330,normal,1789801470.2143,1789801470.2260718,12.145,0,12.145,pass,,read_secondary,"{""background_write_acknowledged"": true, ""reads"": [{""version"": 330, ""max_seen_before"": 329, ""violation"": false}, {""version"": 330, ""max_seen_before"": 330, ""violation"": false}]}"
20260919T070425Z_f355fde8,331,normal,1789801470.2266207,1789801470.2384796,11.941,0,11.941,pass,,read_secondary,"{""background_write_acknowledged"": true, ""reads"": [{""version"": 331, ""max_seen_before"": 330, ""violation"": false}, {""version"": 331, ""max_seen_before"": 331, ""violation"": false}]}"
20260919T070425Z_f355fde8,332,normal,1789801470.2384796,1789801470.2495131,11.571,0,11.571,pass,,read_secondary,"{""background_write_acknowledged"": true, ""reads"": [{""version"": 332, ""max_seen_before"": 331, ""violation"": false}, {""version"": 332, ""max_seen_before"": 332, ""violation"": false}]}"
20260919T070425Z_f355fde8,333,normal,1789801470.2503164,1789801470.2614343,11.708,0,11.708,pass,,read_secondary,"{""background_write_acknowledged"": true, ""reads"": [{""version"": 333, ""max_seen_before"": 332, ""violation"": false}, {""version"": 333, ""max_seen_before"": 333, ""violation"": false}]}"
20260919T070425Z_f355fde8,334,normal,1789801470.2614343,1789801470.2754838,13.357,0,13.357,pass,,read_secondary,"{""background_write_acknowledged"": true, ""reads"": [{""version"": 334, ""max_seen_before"": 333, ""violation"": false}, {""version"": 334, ""max_seen_before"": 334, ""violation"": false}]}"
20260919T070425Z_f355fde8,335,normal,1789801470.2754838,1789801470.2881927,12.737,0,12.737,pass,,read_secondary,"{""background_write_acknowledged"": true, ""reads"": [{""version"": 335, ""max_seen_before"": 334, ""violation"": false}, {""version"": 335, ""max_seen_before"": 335, ""violation"": false}]}"
20260919T070425Z_f355fde8,336,normal,1789801470.2881927,1789801470.2998962,12.245,0,12.245,pass,,read_secondary,"{""background_write_acknowledged"": true, ""reads"": [{""version"": 336, ""max_seen_before"": 335, ""violation"": false}, {""version"": 336, ""max_seen_before"": 336, ""violation"": false}]}"
20260919T070425Z_f355fde8,337,normal,1789801470.2998962,1789801470.3134236,12.598,0,12.598,pass,,read_secondary,"{""background_write_acknowledged"": true, ""reads"": [{""version"": 337, ""max_seen_before"": 336, ""violation"": false}, {""version"": 337, ""max_seen_before"": 337, ""violation"": false}]}"
20260919T070425Z_f355fde8,338,normal,1789801470.3134236,1789801470.3266888,13.139,0,13.139,pass,,read_secondary,"{""background_write_acknowledged"": true, ""reads"": [{""version"": 338, ""max_seen_before"": 337, ""violation"": false}, {""version"": 338, ""max_seen_before"": 338, ""violation"": false}]}"
20260919T070425Z_f355fde8,339,normal,1789801470.3266888,1789801470.3387098,12.133,0,12.133,pass,,read_secondary,"{""background_write_acknowledged"": true, ""reads"": [{""version"": 339, ""max_seen_before"": 338, ""violation"": false}, {""version"": 339, ""max_seen_before"": 339, ""violation"": false}]}"
20260919T070425Z_f355fde8,340,normal,1789801470.3387098,1789801470.3499553,11.43,0,11.43,pass,,read_secondary,"{""background_write_acknowledged"": true, ""reads"": [{""version"": 340, ""max_seen_before"": 339, ""violation"": false}, {""version"": 340, ""max_seen_before"": 340, ""violation"": false}]}"
20260919T070425Z_f355fde8,341,normal,1789801470.3505836,1789801470.362775,12.202,0,12.202,pass,,read_secondary,"{""background_write_acknowledged"": true, ""reads"": [{""version"": 341, ""max_seen_before"": 340, ""violation"": false}, {""version"": 341, ""max_seen_before"": 341, ""violation"": false}]}"
20260919T070425Z_f355fde8,342,normal,1789801470.362775,1789801470.3784878,15.81,0,15.81,pass,,read_secondary,"{""background_write_acknowledged"": true, ""reads"": [{""version"": 342, ""max_seen_before"": 341, ""violation"": false}, {""version"": 342, ""max_seen_before"": 342, ""violation"": false}]}"
20260919T070425Z_f355fde8,343,normal,1789801470.3784878,1789801470.392268,13.833,0,13.833,pass,,read_secondary,"{""background_write_acknowledged"": true, ""reads"": [{""version"": 343, ""max_seen_before"": 342, ""violation"": false}, {""version"": 343, ""max_seen_before"": 343, ""violation"": false}]}"
20260919T070425Z_f355fde8,344,normal,1789801470.392268,1789801470.4064586,14.133,0,14.133,pass,,read_secondary,"{""background_write_acknowledged"": true, ""reads"": [{""version"": 344, ""max_seen_before"": 343, ""violation"": false}, {""version"": 344, ""max_seen_before"": 344, ""violation"": false}]}"
20260919T070425Z_f355fde8,345,normal,1789801470.4064586,1789801470.4201386,13.305,0,13.305,pass,,read_secondary,"{""background_write_acknowledged"": true, ""reads"": [{""version"": 345, ""max_seen_before"": 344, ""violation"": false}, {""version"": 345, ""max_seen_before"": 345, ""violation"": false}]}"
20260919T070425Z_f355fde8,346,normal,1789801470.4201386,1789801470.4335864,13.473,0,13.473,pass,,read_secondary,"{""background_write_acknowledged"": true, ""reads"": [{""version"": 346, ""max_seen_before"": 345, ""violation"": false}, {""version"": 346, ""max_seen_before"": 346, ""violation"": false}]}"
20260919T070425Z_f355fde8,347,normal,1789801470.4335864,1789801470.4484603,14.586,0,14.586,pass,,read_secondary,"{""background_write_acknowledged"": true, ""reads"": [{""version"": 347, ""max_seen_before"": 346, ""violation"": false}, {""version"": 347, ""max_seen_before"": 347, ""violation"": false}]}"
20260919T070425Z_f355fde8,348,normal,1789801470.4484603,1789801470.4611547,12.842,0,12.842,pass,,read_secondary,"{""background_write_acknowledged"": true, ""reads"": [{""version"": 348, ""max_seen_before"": 347, ""violation"": false}, {""version"": 348, ""max_seen_before"": 348, ""violation"": false}]}"
20260919T070425Z_f355fde8,349,normal,1789801470.4611547,1789801470.474645,13.057,0,13.057,pass,,read_secondary,"{""background_write_acknowledged"": true, ""reads"": [{""version"": 349, ""max_seen_before"": 348, ""violation"": false}, {""version"": 349, ""max_seen_before"": 349, ""violation"": false}]}"
20260919T070425Z_f355fde8,350,normal,1789801470.474645,1789801470.4864204,11.739,0,11.739,pass,,read_secondary,"{""background_write_acknowledged"": true, ""reads"": [{""version"": 350, ""max_seen_before"": 349, ""violation"": false}, {""version"": 350, ""max_seen_before"": 350, ""violation"": false}]}"
20260919T070425Z_f355fde8,351,normal,1789801470.4864204,1789801470.5000143,13.782,0,13.782,pass,,read_secondary,"{""background_write_acknowledged"": true, ""reads"": [{""version"": 351, ""max_seen_before"": 350, ""violation"": false}, {""version"": 351, ""max_seen_before"": 351, ""violation"": false}]}"
20260919T070425Z_f355fde8,352,normal,1789801470.5000143,1789801470.5124252,12.311,0,12.311,pass,,read_secondary,"{""background_write_acknowledged"": true, ""reads"": [{""version"": 352, ""max_seen_before"": 351, ""violation"": false}, {""version"": 352, ""max_seen_before"": 352, ""violation"": false}]}"
20260919T070425Z_f355fde8,353,normal,1789801470.5124252,1789801470.525425,12.824,0,12.824,pass,,read_secondary,"{""background_write_acknowledged"": true, ""reads"": [{""version"": 353, ""max_seen_before"": 352, ""violation"": false}, {""version"": 353, ""max_seen_before"": 353, ""violation"": false}]}"
20260919T070425Z_f355fde8,354,normal,1789801470.525425,1789801470.5388296,12.988,0,12.988,pass,,read_secondary,"{""background_write_acknowledged"": true, ""reads"": [{""version"": 354, ""max_seen_before"": 353, ""violation"": false}, {""version"": 354, ""max_seen_before"": 354, ""violation"": false}]}"
20260919T070425Z_f355fde8,355,normal,1789801470.5388296,1789801470.5515683,12.886,0,12.886,pass,,read_secondary,"{""background_write_acknowledged"": true, ""reads"": [{""version"": 355, ""max_seen_before"": 354, ""violation"": false}, {""version"": 355, ""max_seen_before"": 355, ""violation"": false}]}"
20260919T070425Z_f355fde8,356,normal,1789801470.5515683,1789801470.5645843,12.74,0,12.74,pass,,read_secondary,"{""background_write_acknowledged"": true, ""reads"": [{""version"": 356, ""max_seen_before"": 355, ""violation"": false}, {""version"": 356, ""max_seen_before"": 356, ""violation"": false}]}"
20260919T070425Z_f355fde8,357,normal,1789801470.5645843,1789801470.578589,14.066,0,14.066,pass,,read_secondary,"{""background_write_acknowledged"": true, ""reads"": [{""version"": 357, ""max_seen_before"": 356, ""violation"": false}, {""version"": 357, ""max_seen_before"": 357, ""violation"": false}]}"
20260919T070425Z_f355fde8,358,normal,1789801470.578589,1789801470.5911856,12.429,0,12.429,pass,,read_secondary,"{""background_write_acknowledged"": true, ""reads"": [{""version"": 358, ""max_seen_before"": 357, ""violation"": false}, {""version"": 358, ""max_seen_before"": 358, ""violation"": false}]}"
20260919T070425Z_f355fde8,359,normal,1789801470.5911856,1789801470.6043081,13.048,0,13.048,pass,,read_secondary,"{""background_write_acknowledged"": true, ""reads"": [{""version"": 359, ""max_seen_before"": 358, ""violation"": false}, {""version"": 359, ""max_seen_before"": 359, ""violation"": false}]}"
20260919T070425Z_f355fde8,360,normal,1789801470.6043081,1789801470.6186445,14.025,0,14.025,pass,,read_secondary,"{""background_write_acknowledged"": true, ""reads"": [{""version"": 360, ""max_seen_before"": 359, ""violation"": false}, {""version"": 360, ""max_seen_before"": 360, ""violation"": false}]}"
20260919T070425Z_f355fde8,361,normal,1789801470.6186445,1789801470.6323109,13.83,0,13.83,pass,,read_secondary,"{""background_write_acknowledged"": true, ""reads"": [{""version"": 361, ""max_seen_before"": 360, ""violation"": false}, {""version"": 361, ""max_seen_before"": 361, ""violation"": false}]}"
20260919T070425Z_f355fde8,362,normal,1789801470.6323109,1789801470.6485212,15.914,0,15.914,pass,,read_secondary,"{""background_write_acknowledged"": true, ""reads"": [{""version"": 362, ""max_seen_before"": 361, ""violation"": false}, {""version"": 362, ""max_seen_before"": 362, ""violation"": false}]}"
20260919T070425Z_f355fde8,363,normal,1789801470.6485212,1789801470.6628015,14.06,0,14.06,pass,,read_secondary,"{""background_write_acknowledged"": true, ""reads"": [{""version"": 363, ""max_seen_before"": 362, ""violation"": false}, {""version"": 363, ""max_seen_before"": 363, ""violation"": false}]}"
20260919T070425Z_f355fde8,364,normal,1789801470.6628015,1789801470.6753328,12.713,0,12.713,pass,,read_secondary,"{""background_write_acknowledged"": true, ""reads"": [{""version"": 364, ""max_seen_before"": 363, ""violation"": false}, {""version"": 364, ""max_seen_before"": 364, ""violation"": false}]}"
20260919T070425Z_f355fde8,365,normal,1789801470.6753328,1789801470.6880054,12.34,0,12.34,pass,,read_secondary,"{""background_write_acknowledged"": true, ""reads"": [{""version"": 365, ""max_seen_before"": 364, ""violation"": false}, {""version"": 365, ""max_seen_before"": 365, ""violation"": false}]}"
20260919T070425Z_f355fde8,366,normal,1789801470.6880054,1789801470.7019606,14.068,0,14.068,pass,,read_secondary,"{""background_write_acknowledged"": true, ""reads"": [{""version"": 366, ""max_seen_before"": 365, ""violation"": false}, {""version"": 366, ""max_seen_before"": 366, ""violation"": false}]}"
20260919T070425Z_f355fde8,367,normal,1789801470.7019606,1789801470.7138178,11.396,0,11.396,pass,,read_secondary,"{""background_write_acknowledged"": true, ""reads"": [{""version"": 367, ""max_seen_before"": 366, ""violation"": false}, {""version"": 367, ""max_seen_before"": 367, ""violation"": false}]}"
20260919T070425Z_f355fde8,368,normal,1789801470.7138178,1789801470.724617,10.964,0,10.964,pass,,read_secondary,"{""background_write_acknowledged"": true, ""reads"": [{""version"": 368, ""max_seen_before"": 367, ""violation"": false}, {""version"": 368, ""max_seen_before"": 368, ""violation"": false}]}"
20260919T070425Z_f355fde8,369,normal,1789801470.724617,1789801470.7377338,12.925,0,12.925,pass,,read_secondary,"{""background_write_acknowledged"": true, ""reads"": [{""version"": 369, ""max_seen_before"": 368, ""violation"": false}, {""version"": 369, ""max_seen_before"": 369, ""violation"": false}]}"
20260919T070425Z_f355fde8,370,normal,1789801470.7377338,1789801470.7515998,13.527,0,13.527,pass,,read_secondary,"{""background_write_acknowledged"": true, ""reads"": [{""version"": 370, ""max_seen_before"": 369, ""violation"": false}, {""version"": 370, ""max_seen_before"": 370, ""violation"": false}]}"
20260919T070425Z_f355fde8,371,normal,1789801470.7515998,1789801470.7653122,13.697,0,13.697,pass,,read_secondary,"{""background_write_acknowledged"": true, ""reads"": [{""version"": 371, ""max_seen_before"": 370, ""violation"": false}, {""version"": 371, ""max_seen_before"": 371, ""violation"": false}]}"
20260919T070425Z_f355fde8,372,normal,1789801470.7653122,1789801470.7785442,12.953,0,12.953,pass,,read_secondary,"{""background_write_acknowledged"": true, ""reads"": [{""version"": 372, ""max_seen_before"": 371, ""violation"": false}, {""version"": 372, ""max_seen_before"": 372, ""violation"": false}]}"
20260919T070425Z_f355fde8,373,normal,1789801470.7785442,1789801470.790347,12.187,0,12.187,pass,,read_secondary,"{""background_write_acknowledged"": true, ""reads"": [{""version"": 373, ""max_seen_before"": 372, ""violation"": false}, {""version"": 373, ""max_seen_before"": 373, ""violation"": false}]}"
20260919T070425Z_f355fde8,374,normal,1789801470.7908998,1789801470.802433,11.71,0,11.71,pass,,read_secondary,"{""background_write_acknowledged"": true, ""reads"": [{""version"": 374, ""max_seen_before"": 373, ""violation"": false}, {""version"": 374, ""max_seen_before"": 374, ""violation"": false}]}"
20260919T070425Z_f355fde8,375,normal,1789801470.802433,1789801470.81322,10.82,0,10.82,pass,,read_secondary,"{""background_write_acknowledged"": true, ""reads"": [{""version"": 375, ""max_seen_before"": 374, ""violation"": false}, {""version"": 375, ""max_seen_before"": 375, ""violation"": false}]}"
20260919T070425Z_f355fde8,376,normal,1789801470.81322,1789801470.8248863,11.609,0,11.609,pass,,read_secondary,"{""background_write_acknowledged"": true, ""reads"": [{""version"": 376, ""max_seen_before"": 375, ""violation"": false}, {""version"": 376, ""max_seen_before"": 376, ""violation"": false}]}"
20260919T070425Z_f355fde8,377,normal,1789801470.8248863,1789801470.8377845,12.461,0,12.461,pass,,read_secondary,"{""background_write_acknowledged"": true, ""reads"": [{""version"": 377, ""max_seen_before"": 376, ""violation"": false}, {""version"": 377, ""max_seen_before"": 377, ""violation"": false}]}"
20260919T070425Z_f355fde8,378,normal,1789801470.8377845,1789801470.8493054,11.344,0,11.344,pass,,read_secondary,"{""background_write_acknowledged"": true, ""reads"": [{""version"": 378, ""max_seen_before"": 377, ""violation"": false}, {""version"": 378, ""max_seen_before"": 378, ""violation"": false}]}"
20260919T070425Z_f355fde8,379,normal,1789801470.8493054,1789801470.860576,11.131,0,11.131,pass,,read_secondary,"{""background_write_acknowledged"": true, ""reads"": [{""version"": 379, ""max_seen_before"": 378, ""violation"": false}, {""version"": 379, ""max_seen_before"": 379, ""violation"": false}]}"
20260919T070425Z_f355fde8,380,normal,1789801470.860576,1789801470.8722587,11.637,0,11.637,pass,,read_secondary,"{""background_write_acknowledged"": true, ""reads"": [{""version"": 380, ""max_seen_before"": 379, ""violation"": false}, {""version"": 380, ""max_seen_before"": 380, ""violation"": false}]}"
20260919T070425Z_f355fde8,381,normal,1789801470.8722587,1789801470.8826604,10.654,0,10.654,pass,,read_secondary,"{""background_write_acknowledged"": true, ""reads"": [{""version"": 381, ""max_seen_before"": 380, ""violation"": false}, {""version"": 381, ""max_seen_before"": 381, ""violation"": false}]}"
20260919T070425Z_f355fde8,382,normal,1789801470.8826604,1789801470.893453,10.56,0,10.56,pass,,read_secondary,"{""background_write_acknowledged"": true, ""reads"": [{""version"": 382, ""max_seen_before"": 381, ""violation"": false}, {""version"": 382, ""max_seen_before"": 382, ""violation"": false}]}"
20260919T070425Z_f355fde8,383,normal,1789801470.893453,1789801470.9041245,10.531,0,10.531,pass,,read_secondary,"{""background_write_acknowledged"": true, ""reads"": [{""version"": 383, ""max_seen_before"": 382, ""violation"": false}, {""version"": 383, ""max_seen_before"": 383, ""violation"": false}]}"
20260919T070425Z_f355fde8,384,normal,1789801470.9041245,1789801470.9154792,11.439,0,11.439,pass,,read_secondary,"{""background_write_acknowledged"": true, ""reads"": [{""version"": 384, ""max_seen_before"": 383, ""violation"": false}, {""version"": 384, ""max_seen_before"": 384, ""violation"": false}]}"
20260919T070425Z_f355fde8,385,normal,1789801470.9154792,1789801470.9271548,11.183,0,11.183,pass,,read_secondary,"{""background_write_acknowledged"": true, ""reads"": [{""version"": 385, ""max_seen_before"": 384, ""violation"": false}, {""version"": 385, ""max_seen_before"": 385, ""violation"": false}]}"
20260919T070425Z_f355fde8,386,normal,1789801470.9271548,1789801470.939154,11.99,0,11.99,pass,,read_secondary,"{""background_write_acknowledged"": true, ""reads"": [{""version"": 386, ""max_seen_before"": 385, ""violation"": false}, {""version"": 386, ""max_seen_before"": 386, ""violation"": false}]}"
20260919T070425Z_f355fde8,387,normal,1789801470.939154,1789801470.9510262,11.94,0,11.94,pass,,read_secondary,"{""background_write_acknowledged"": true, ""reads"": [{""version"": 387, ""max_seen_before"": 386, ""violation"": false}, {""version"": 387, ""max_seen_before"": 387, ""violation"": false}]}"
20260919T070425Z_f355fde8,388,normal,1789801470.9510262,1789801470.9641018,12.728,0,12.728,pass,,read_secondary,"{""background_write_acknowledged"": true, ""reads"": [{""version"": 388, ""max_seen_before"": 387, ""violation"": false}, {""version"": 388, ""max_seen_before"": 388, ""violation"": false}]}"
20260919T070425Z_f355fde8,389,normal,1789801470.9641018,1789801470.9752793,11.612,0,11.612,pass,,read_secondary,"{""background_write_acknowledged"": true, ""reads"": [{""version"": 389, ""max_seen_before"": 388, ""violation"": false}, {""version"": 389, ""max_seen_before"": 389, ""violation"": false}]}"
20260919T070425Z_f355fde8,390,normal,1789801470.9759674,1789801470.9888086,13.346,0,13.346,pass,,read_secondary,"{""background_write_acknowledged"": true, ""reads"": [{""version"": 390, ""max_seen_before"": 389, ""violation"": false}, {""version"": 390, ""max_seen_before"": 390, ""violation"": false}]}"
20260919T070425Z_f355fde8,391,normal,1789801470.9893947,1789801471.0025218,13.361,0,13.361,pass,,read_secondary,"{""background_write_acknowledged"": true, ""reads"": [{""version"": 391, ""max_seen_before"": 390, ""violation"": false}, {""version"": 391, ""max_seen_before"": 391, ""violation"": false}]}"
20260919T070425Z_f355fde8,392,normal,1789801471.0025218,1789801471.0159807,13.198,0,13.198,pass,,read_secondary,"{""background_write_acknowledged"": true, ""reads"": [{""version"": 392, ""max_seen_before"": 391, ""violation"": false}, {""version"": 392, ""max_seen_before"": 392, ""violation"": false}]}"
20260919T070425Z_f355fde8,393,normal,1789801471.0159807,1789801471.0284991,12.298,0,12.298,pass,,read_secondary,"{""background_write_acknowledged"": true, ""reads"": [{""version"": 393, ""max_seen_before"": 392, ""violation"": false}, {""version"": 393, ""max_seen_before"": 393, ""violation"": false}]}"
20260919T070425Z_f355fde8,394,normal,1789801471.0284991,1789801471.0409956,12.426,0,12.426,pass,,read_secondary,"{""background_write_acknowledged"": true, ""reads"": [{""version"": 394, ""max_seen_before"": 393, ""violation"": false}, {""version"": 394, ""max_seen_before"": 394, ""violation"": false}]}"
20260919T070425Z_f355fde8,395,normal,1789801471.0409956,1789801471.0545485,13.398,0,13.398,pass,,read_secondary,"{""background_write_acknowledged"": true, ""reads"": [{""version"": 395, ""max_seen_before"": 394, ""violation"": false}, {""version"": 395, ""max_seen_before"": 395, ""violation"": false}]}"
20260919T070425Z_f355fde8,396,normal,1789801471.0545485,1789801471.0667827,12.172,0,12.172,pass,,read_secondary,"{""background_write_acknowledged"": true, ""reads"": [{""version"": 396, ""max_seen_before"": 395, ""violation"": false}, {""version"": 396, ""max_seen_before"": 396, ""violation"": false}]}"
20260919T070425Z_f355fde8,397,normal,1789801471.0667827,1789801471.0794065,12.465,0,12.465,pass,,read_secondary,"{""background_write_acknowledged"": true, ""reads"": [{""version"": 397, ""max_seen_before"": 396, ""violation"": false}, {""version"": 397, ""max_seen_before"": 397, ""violation"": false}]}"
20260919T070425Z_f355fde8,398,normal,1789801471.0794065,1789801471.0933778,14.296,0,14.296,pass,,read_secondary,"{""background_write_acknowledged"": true, ""reads"": [{""version"": 398, ""max_seen_before"": 397, ""violation"": false}, {""version"": 398, ""max_seen_before"": 398, ""violation"": false}]}"
20260919T070425Z_f355fde8,399,normal,1789801471.0933778,1789801471.105871,12.312,0,12.312,pass,,read_secondary,"{""background_write_acknowledged"": true, ""reads"": [{""version"": 399, ""max_seen_before"": 398, ""violation"": false}, {""version"": 399, ""max_seen_before"": 399, ""violation"": false}]}"
20260919T070425Z_f355fde8,400,normal,1789801471.105871,1789801471.11803,11.624,0,11.624,pass,,read_secondary,"{""background_write_acknowledged"": true, ""reads"": [{""version"": 400, ""max_seen_before"": 399, ""violation"": false}, {""version"": 400, ""max_seen_before"": 400, ""violation"": false}]}"
20260919T070425Z_f355fde8,401,normal,1789801471.121091,1789801471.1337168,12.717,0,12.717,pass,,read_secondary,"{""background_write_acknowledged"": true, ""reads"": [{""version"": 401, ""max_seen_before"": 400, ""violation"": false}, {""version"": 401, ""max_seen_before"": 401, ""violation"": false}]}"
20260919T070425Z_f355fde8,402,normal,1789801471.1337168,1789801471.1457953,11.778,0,11.778,pass,,read_secondary,"{""background_write_acknowledged"": true, ""reads"": [{""version"": 402, ""max_seen_before"": 401, ""violation"": false}, {""version"": 402, ""max_seen_before"": 402, ""violation"": false}]}"
20260919T070425Z_f355fde8,403,normal,1789801471.1457953,1789801471.157307,11.493,0,11.493,pass,,read_secondary,"{""background_write_acknowledged"": true, ""reads"": [{""version"": 403, ""max_seen_before"": 402, ""violation"": false}, {""version"": 403, ""max_seen_before"": 403, ""violation"": false}]}"
20260919T070425Z_f355fde8,404,normal,1789801471.157307,1789801471.169496,12.001,0,12.001,pass,,read_secondary,"{""background_write_acknowledged"": true, ""reads"": [{""version"": 404, ""max_seen_before"": 403, ""violation"": false}, {""version"": 404, ""max_seen_before"": 404, ""violation"": false}]}"
20260919T070425Z_f355fde8,405,normal,1789801471.169496,1789801471.1830025,13.651,0,13.651,pass,,read_secondary,"{""background_write_acknowledged"": true, ""reads"": [{""version"": 405, ""max_seen_before"": 404, ""violation"": false}, {""version"": 405, ""max_seen_before"": 405, ""violation"": false}]}"
20260919T070425Z_f355fde8,406,normal,1789801471.1830025,1789801471.196653,13.249,0,13.249,pass,,read_secondary,"{""background_write_acknowledged"": true, ""reads"": [{""version"": 406, ""max_seen_before"": 405, ""violation"": false}, {""version"": 406, ""max_seen_before"": 406, ""violation"": false}]}"
20260919T070425Z_f355fde8,407,normal,1789801471.196653,1789801471.2093456,12.615,0,12.615,pass,,read_secondary,"{""background_write_acknowledged"": true, ""reads"": [{""version"": 407, ""max_seen_before"": 406, ""violation"": false}, {""version"": 407, ""max_seen_before"": 407, ""violation"": false}]}"
20260919T070425Z_f355fde8,408,normal,1789801471.2093456,1789801471.2232726,13.933,0,13.933,pass,,read_secondary,"{""background_write_acknowledged"": true, ""reads"": [{""version"": 408, ""max_seen_before"": 407, ""violation"": false}, {""version"": 408, ""max_seen_before"": 408, ""violation"": false}]}"
20260919T070425Z_f355fde8,409,normal,1789801471.2232726,1789801471.2370596,13.451,0,13.451,pass,,read_secondary,"{""background_write_acknowledged"": true, ""reads"": [{""version"": 409, ""max_seen_before"": 408, ""violation"": false}, {""version"": 409, ""max_seen_before"": 409, ""violation"": false}]}"
20260919T070425Z_f355fde8,410,normal,1789801471.2370596,1789801471.2490952,11.854,0,11.854,pass,,read_secondary,"{""background_write_acknowledged"": true, ""reads"": [{""version"": 410, ""max_seen_before"": 409, ""violation"": false}, {""version"": 410, ""max_seen_before"": 410, ""violation"": false}]}"
20260919T070425Z_f355fde8,411,normal,1789801471.2490952,1789801471.2613146,12.187,0,12.187,pass,,read_secondary,"{""background_write_acknowledged"": true, ""reads"": [{""version"": 411, ""max_seen_before"": 410, ""violation"": false}, {""version"": 411, ""max_seen_before"": 411, ""violation"": false}]}"
20260919T070425Z_f355fde8,412,normal,1789801471.2613146,1789801471.2740502,12.874,0,12.874,pass,,read_secondary,"{""background_write_acknowledged"": true, ""reads"": [{""version"": 412, ""max_seen_before"": 411, ""violation"": false}, {""version"": 412, ""max_seen_before"": 412, ""violation"": false}]}"
20260919T070425Z_f355fde8,413,normal,1789801471.2740502,1789801471.2869084,12.527,0,12.527,pass,,read_secondary,"{""background_write_acknowledged"": true, ""reads"": [{""version"": 413, ""max_seen_before"": 412, ""violation"": false}, {""version"": 413, ""max_seen_before"": 413, ""violation"": false}]}"
20260919T070425Z_f355fde8,414,normal,1789801471.2869084,1789801471.3012917,14.502,0,14.502,pass,,read_secondary,"{""background_write_acknowledged"": true, ""reads"": [{""version"": 414, ""max_seen_before"": 413, ""violation"": false}, {""version"": 414, ""max_seen_before"": 414, ""violation"": false}]}"
20260919T070425Z_f355fde8,415,normal,1789801471.3012917,1789801471.3153756,13.714,0,13.714,pass,,read_secondary,"{""background_write_acknowledged"": true, ""reads"": [{""version"": 415, ""max_seen_before"": 414, ""violation"": false}, {""version"": 415, ""max_seen_before"": 415, ""violation"": false}]}"
20260919T070425Z_f355fde8,416,normal,1789801471.3153756,1789801471.3278675,12.285,0,12.285,pass,,read_secondary,"{""background_write_acknowledged"": true, ""reads"": [{""version"": 416, ""max_seen_before"": 415, ""violation"": false}, {""version"": 416, ""max_seen_before"": 416, ""violation"": false}]}"
20260919T070425Z_f355fde8,417,normal,1789801471.3278675,1789801471.340554,12.631,0,12.631,pass,,read_secondary,"{""background_write_acknowledged"": true, ""reads"": [{""version"": 417, ""max_seen_before"": 416, ""violation"": false}, {""version"": 417, ""max_seen_before"": 417, ""violation"": false}]}"
20260919T070425Z_f355fde8,418,normal,1789801471.340554,1789801471.3537357,13.071,0,13.071,pass,,read_secondary,"{""background_write_acknowledged"": true, ""reads"": [{""version"": 418, ""max_seen_before"": 417, ""violation"": false}, {""version"": 418, ""max_seen_before"": 418, ""violation"": false}]}"
20260919T070425Z_f355fde8,419,normal,1789801471.3537357,1789801471.3662877,12.666,0,12.666,pass,,read_secondary,"{""background_write_acknowledged"": true, ""reads"": [{""version"": 419, ""max_seen_before"": 418, ""violation"": false}, {""version"": 419, ""max_seen_before"": 419, ""violation"": false}]}"
20260919T070425Z_f355fde8,420,normal,1789801471.3662877,1789801471.3810773,14.785,0,14.785,pass,,read_secondary,"{""background_write_acknowledged"": true, ""reads"": [{""version"": 420, ""max_seen_before"": 419, ""violation"": false}, {""version"": 420, ""max_seen_before"": 420, ""violation"": false}]}"
20260919T070425Z_f355fde8,421,normal,1789801471.38166,1789801471.3946953,13.398,0,13.398,pass,,read_secondary,"{""background_write_acknowledged"": true, ""reads"": [{""version"": 421, ""max_seen_before"": 420, ""violation"": false}, {""version"": 421, ""max_seen_before"": 421, ""violation"": false}]}"
20260919T070425Z_f355fde8,422,normal,1789801471.3946953,1789801471.4089627,14.013,0,14.013,pass,,read_secondary,"{""background_write_acknowledged"": true, ""reads"": [{""version"": 422, ""max_seen_before"": 421, ""violation"": false}, {""version"": 422, ""max_seen_before"": 422, ""violation"": false}]}"
20260919T070425Z_f355fde8,423,normal,1789801471.4089627,1789801471.4214442,12.731,0,12.731,pass,,read_secondary,"{""background_write_acknowledged"": true, ""reads"": [{""version"": 423, ""max_seen_before"": 422, ""violation"": false}, {""version"": 423, ""max_seen_before"": 423, ""violation"": false}]}"
20260919T070425Z_f355fde8,424,normal,1789801471.4214442,1789801471.437391,15.821,0,15.821,pass,,read_secondary,"{""background_write_acknowledged"": true, ""reads"": [{""version"": 424, ""max_seen_before"": 423, ""violation"": false}, {""version"": 424, ""max_seen_before"": 424, ""violation"": false}]}"
20260919T070425Z_f355fde8,425,normal,1789801471.438022,1789801471.4513495,13.314,0,13.314,pass,,read_secondary,"{""background_write_acknowledged"": true, ""reads"": [{""version"": 425, ""max_seen_before"": 424, ""violation"": false}, {""version"": 425, ""max_seen_before"": 425, ""violation"": false}]}"
20260919T070425Z_f355fde8,426,normal,1789801471.4513495,1789801471.4663174,15.108,0,15.108,pass,,read_secondary,"{""background_write_acknowledged"": true, ""reads"": [{""version"": 426, ""max_seen_before"": 425, ""violation"": false}, {""version"": 426, ""max_seen_before"": 426, ""violation"": false}]}"
20260919T070425Z_f355fde8,427,normal,1789801471.4663174,1789801471.4810848,14.421,0,14.421,pass,,read_secondary,"{""background_write_acknowledged"": true, ""reads"": [{""version"": 427, ""max_seen_before"": 426, ""violation"": false}, {""version"": 427, ""max_seen_before"": 427, ""violation"": false}]}"
20260919T070425Z_f355fde8,428,normal,1789801471.4810848,1789801471.495326,14.229,0,14.229,pass,,read_secondary,"{""background_write_acknowledged"": true, ""reads"": [{""version"": 428, ""max_seen_before"": 427, ""violation"": false}, {""version"": 428, ""max_seen_before"": 428, ""violation"": false}]}"
20260919T070425Z_f355fde8,429,normal,1789801471.495326,1789801471.508988,13.496,0,13.496,pass,,read_secondary,"{""background_write_acknowledged"": true, ""reads"": [{""version"": 429, ""max_seen_before"": 428, ""violation"": false}, {""version"": 429, ""max_seen_before"": 429, ""violation"": false}]}"
20260919T070425Z_f355fde8,430,normal,1789801471.508988,1789801471.5239494,14.824,0,14.824,pass,,read_secondary,"{""background_write_acknowledged"": true, ""reads"": [{""version"": 430, ""max_seen_before"": 429, ""violation"": false}, {""version"": 430, ""max_seen_before"": 430, ""violation"": false}]}"
20260919T070425Z_f355fde8,431,normal,1789801471.5239494,1789801471.5372853,13.619,0,13.619,pass,,read_secondary,"{""background_write_acknowledged"": true, ""reads"": [{""version"": 431, ""max_seen_before"": 430, ""violation"": false}, {""version"": 431, ""max_seen_before"": 431, ""violation"": false}]}"
20260919T070425Z_f355fde8,432,normal,1789801471.5372853,1789801471.550459,13.108,0,13.108,pass,,read_secondary,"{""background_write_acknowledged"": true, ""reads"": [{""version"": 432, ""max_seen_before"": 431, ""violation"": false}, {""version"": 432, ""max_seen_before"": 432, ""violation"": false}]}"
20260919T070425Z_f355fde8,433,normal,1789801471.5510395,1789801471.5634198,12.88,0,12.88,pass,,read_secondary,"{""background_write_acknowledged"": true, ""reads"": [{""version"": 433, ""max_seen_before"": 432, ""violation"": false}, {""version"": 433, ""max_seen_before"": 433, ""violation"": false}]}"
20260919T070425Z_f355fde8,434,normal,1789801471.5634198,1789801471.5789733,14.933,0,14.933,pass,,read_secondary,"{""background_write_acknowledged"": true, ""reads"": [{""version"": 434, ""max_seen_before"": 433, ""violation"": false}, {""version"": 434, ""max_seen_before"": 434, ""violation"": false}]}"
20260919T070425Z_f355fde8,435,normal,1789801471.5789733,1789801471.5920265,13.351,0,13.351,pass,,read_secondary,"{""background_write_acknowledged"": true, ""reads"": [{""version"": 435, ""max_seen_before"": 434, ""violation"": false}, {""version"": 435, ""max_seen_before"": 435, ""violation"": false}]}"
20260919T070425Z_f355fde8,436,normal,1789801471.5920265,1789801471.6065254,14.039,0,14.039,pass,,read_secondary,"{""background_write_acknowledged"": true, ""reads"": [{""version"": 436, ""max_seen_before"": 435, ""violation"": false}, {""version"": 436, ""max_seen_before"": 436, ""violation"": false}]}"
20260919T070425Z_f355fde8,437,normal,1789801471.6065254,1789801471.619923,13.569,0,13.569,pass,,read_secondary,"{""background_write_acknowledged"": true, ""reads"": [{""version"": 437, ""max_seen_before"": 436, ""violation"": false}, {""version"": 437, ""max_seen_before"": 437, ""violation"": false}]}"
20260919T070425Z_f355fde8,438,normal,1789801471.619923,1789801471.6330733,12.717,0,12.717,pass,,read_secondary,"{""background_write_acknowledged"": true, ""reads"": [{""version"": 438, ""max_seen_before"": 437, ""violation"": false}, {""version"": 438, ""max_seen_before"": 438, ""violation"": false}]}"
20260919T070425Z_f355fde8,439,normal,1789801471.6330733,1789801471.6461349,12.986,0,12.986,pass,,read_secondary,"{""background_write_acknowledged"": true, ""reads"": [{""version"": 439, ""max_seen_before"": 438, ""violation"": false}, {""version"": 439, ""max_seen_before"": 439, ""violation"": false}]}"
20260919T070425Z_f355fde8,440,normal,1789801471.6461349,1789801471.6587632,12.598,0,12.598,pass,,read_secondary,"{""background_write_acknowledged"": true, ""reads"": [{""version"": 440, ""max_seen_before"": 439, ""violation"": false}, {""version"": 440, ""max_seen_before"": 440, ""violation"": false}]}"
20260919T070425Z_f355fde8,441,normal,1789801471.6587632,1789801471.671978,13.158,0,13.158,pass,,read_secondary,"{""background_write_acknowledged"": true, ""reads"": [{""version"": 441, ""max_seen_before"": 440, ""violation"": false}, {""version"": 441, ""max_seen_before"": 441, ""violation"": false}]}"
20260919T070425Z_f355fde8,442,normal,1789801471.671978,1789801471.6851177,13.24,0,13.24,pass,,read_secondary,"{""background_write_acknowledged"": true, ""reads"": [{""version"": 442, ""max_seen_before"": 441, ""violation"": false}, {""version"": 442, ""max_seen_before"": 442, ""violation"": false}]}"
20260919T070425Z_f355fde8,443,normal,1789801471.685663,1789801471.697637,12.456,0,12.456,pass,,read_secondary,"{""background_write_acknowledged"": true, ""reads"": [{""version"": 443, ""max_seen_before"": 442, ""violation"": false}, {""version"": 443, ""max_seen_before"": 443, ""violation"": false}]}"
20260919T070425Z_f355fde8,444,normal,1789801471.697637,1789801471.7098765,12.153,0,12.153,pass,,read_secondary,"{""background_write_acknowledged"": true, ""reads"": [{""version"": 444, ""max_seen_before"": 443, ""violation"": false}, {""version"": 444, ""max_seen_before"": 444, ""violation"": false}]}"
20260919T070425Z_f355fde8,445,normal,1789801471.7098765,1789801471.7248955,14.468,0,14.468,pass,,read_secondary,"{""background_write_acknowledged"": true, ""reads"": [{""version"": 445, ""max_seen_before"": 444, ""violation"": false}, {""version"": 445, ""max_seen_before"": 445, ""violation"": false}]}"
20260919T070425Z_f355fde8,446,normal,1789801471.7248955,1789801471.7395093,14.735,0,14.735,pass,,read_secondary,"{""background_write_acknowledged"": true, ""reads"": [{""version"": 446, ""max_seen_before"": 445, ""violation"": false}, {""version"": 446, ""max_seen_before"": 446, ""violation"": false}]}"
20260919T070425Z_f355fde8,447,normal,1789801471.7395093,1789801471.753974,14.419,0,14.419,pass,,read_secondary,"{""background_write_acknowledged"": true, ""reads"": [{""version"": 447, ""max_seen_before"": 446, ""violation"": false}, {""version"": 447, ""max_seen_before"": 447, ""violation"": false}]}"
20260919T070425Z_f355fde8,448,normal,1789801471.7545624,1789801471.768525,14.031,0,14.031,pass,,read_secondary,"{""background_write_acknowledged"": true, ""reads"": [{""version"": 448, ""max_seen_before"": 447, ""violation"": false}, {""version"": 448, ""max_seen_before"": 448, ""violation"": false}]}"
20260919T070425Z_f355fde8,449,normal,1789801471.768525,1789801471.7825322,14.009,0,14.009,pass,,read_secondary,"{""background_write_acknowledged"": true, ""reads"": [{""version"": 449, ""max_seen_before"": 448, ""violation"": false}, {""version"": 449, ""max_seen_before"": 449, ""violation"": false}]}"
20260919T070425Z_f355fde8,450,normal,1789801471.7825322,1789801471.796115,13.99,0,13.99,pass,,read_secondary,"{""background_write_acknowledged"": true, ""reads"": [{""version"": 450, ""max_seen_before"": 449, ""violation"": false}, {""version"": 450, ""max_seen_before"": 450, ""violation"": false}]}"
20260919T070425Z_f355fde8,451,normal,1789801471.796115,1789801471.8114903,14.72,0,14.72,pass,,read_secondary,"{""background_write_acknowledged"": true, ""reads"": [{""version"": 451, ""max_seen_before"": 450, ""violation"": false}, {""version"": 451, ""max_seen_before"": 451, ""violation"": false}]}"
20260919T070425Z_f355fde8,452,normal,1789801471.8114903,1789801471.8278008,16.313,0,16.313,pass,,read_secondary,"{""background_write_acknowledged"": true, ""reads"": [{""version"": 452, ""max_seen_before"": 451, ""violation"": false}, {""version"": 452, ""max_seen_before"": 452, ""violation"": false}]}"
20260919T070425Z_f355fde8,453,normal,1789801471.8278008,1789801471.8431933,15.16,0,15.16,pass,,read_secondary,"{""background_write_acknowledged"": true, ""reads"": [{""version"": 453, ""max_seen_before"": 452, ""violation"": false}, {""version"": 453, ""max_seen_before"": 453, ""violation"": false}]}"
20260919T070425Z_f355fde8,454,normal,1789801471.8431933,1789801471.8575733,14.083,0,14.083,pass,,read_secondary,"{""background_write_acknowledged"": true, ""reads"": [{""version"": 454, ""max_seen_before"": 453, ""violation"": false}, {""version"": 454, ""max_seen_before"": 454, ""violation"": false}]}"
20260919T070425Z_f355fde8,455,normal,1789801471.8575733,1789801471.8709164,13.38,0,13.38,pass,,read_secondary,"{""background_write_acknowledged"": true, ""reads"": [{""version"": 455, ""max_seen_before"": 454, ""violation"": false}, {""version"": 455, ""max_seen_before"": 455, ""violation"": false}]}"
20260919T070425Z_f355fde8,456,normal,1789801471.8709164,1789801471.8849914,14.34,0,14.34,pass,,read_secondary,"{""background_write_acknowledged"": true, ""reads"": [{""version"": 456, ""max_seen_before"": 455, ""violation"": false}, {""version"": 456, ""max_seen_before"": 456, ""violation"": false}]}"
20260919T070425Z_f355fde8,457,normal,1789801471.8857348,1789801471.9011135,15.565,0,15.565,pass,,read_secondary,"{""background_write_acknowledged"": true, ""reads"": [{""version"": 457, ""max_seen_before"": 456, ""violation"": false}, {""version"": 457, ""max_seen_before"": 457, ""violation"": false}]}"
20260919T070425Z_f355fde8,458,normal,1789801471.9011135,1789801471.916287,15.062,0,15.062,pass,,read_secondary,"{""background_write_acknowledged"": true, ""reads"": [{""version"": 458, ""max_seen_before"": 457, ""violation"": false}, {""version"": 458, ""max_seen_before"": 458, ""violation"": false}]}"
20260919T070425Z_f355fde8,459,normal,1789801471.916287,1789801471.931254,14.716,0,14.716,pass,,read_secondary,"{""background_write_acknowledged"": true, ""reads"": [{""version"": 459, ""max_seen_before"": 458, ""violation"": false}, {""version"": 459, ""max_seen_before"": 459, ""violation"": false}]}"
20260919T070425Z_f355fde8,460,normal,1789801471.931254,1789801471.9457214,14.4,0,14.4,pass,,read_secondary,"{""background_write_acknowledged"": true, ""reads"": [{""version"": 460, ""max_seen_before"": 459, ""violation"": false}, {""version"": 460, ""max_seen_before"": 460, ""violation"": false}]}"
20260919T070425Z_f355fde8,461,normal,1789801471.9457214,1789801471.960726,14.86,0,14.86,pass,,read_secondary,"{""background_write_acknowledged"": true, ""reads"": [{""version"": 461, ""max_seen_before"": 460, ""violation"": false}, {""version"": 461, ""max_seen_before"": 461, ""violation"": false}]}"
20260919T070425Z_f355fde8,462,normal,1789801471.960726,1789801471.9762192,15.186,0,15.186,pass,,read_secondary,"{""background_write_acknowledged"": true, ""reads"": [{""version"": 462, ""max_seen_before"": 461, ""violation"": false}, {""version"": 462, ""max_seen_before"": 462, ""violation"": false}]}"
20260919T070425Z_f355fde8,463,normal,1789801471.9762192,1789801471.996437,20.639,0,20.639,pass,,read_secondary,"{""background_write_acknowledged"": true, ""reads"": [{""version"": 463, ""max_seen_before"": 462, ""violation"": false}, {""version"": 463, ""max_seen_before"": 463, ""violation"": false}]}"
20260919T070425Z_f355fde8,464,normal,1789801471.9970999,1789801472.0159445,18.833,0,18.833,pass,,read_secondary,"{""background_write_acknowledged"": true, ""reads"": [{""version"": 464, ""max_seen_before"": 463, ""violation"": false}, {""version"": 464, ""max_seen_before"": 464, ""violation"": false}]}"
20260919T070425Z_f355fde8,465,normal,1789801472.0159445,1789801472.0316494,15.726,0,15.726,pass,,read_secondary,"{""background_write_acknowledged"": true, ""reads"": [{""version"": 465, ""max_seen_before"": 464, ""violation"": false}, {""version"": 465, ""max_seen_before"": 465, ""violation"": false}]}"
20260919T070425Z_f355fde8,466,normal,1789801472.0316494,1789801472.0445936,13.021,0,13.021,pass,,read_secondary,"{""background_write_acknowledged"": true, ""reads"": [{""version"": 466, ""max_seen_before"": 465, ""violation"": false}, {""version"": 466, ""max_seen_before"": 466, ""violation"": false}]}"
20260919T070425Z_f355fde8,467,normal,1789801472.0445936,1789801472.0583315,13.177,0,13.177,pass,,read_secondary,"{""background_write_acknowledged"": true, ""reads"": [{""version"": 467, ""max_seen_before"": 466, ""violation"": false}, {""version"": 467, ""max_seen_before"": 467, ""violation"": false}]}"
20260919T070425Z_f355fde8,468,normal,1789801472.0583315,1789801472.0715437,13.625,0,13.625,pass,,read_secondary,"{""background_write_acknowledged"": true, ""reads"": [{""version"": 468, ""max_seen_before"": 467, ""violation"": false}, {""version"": 468, ""max_seen_before"": 468, ""violation"": false}]}"
20260919T070425Z_f355fde8,469,normal,1789801472.0721781,1789801472.0850332,13.166,0,13.166,pass,,read_secondary,"{""background_write_acknowledged"": true, ""reads"": [{""version"": 469, ""max_seen_before"": 468, ""violation"": false}, {""version"": 469, ""max_seen_before"": 469, ""violation"": false}]}"
20260919T070425Z_f355fde8,470,normal,1789801472.0850332,1789801472.0981972,12.942,0,12.942,pass,,read_secondary,"{""background_write_acknowledged"": true, ""reads"": [{""version"": 470, ""max_seen_before"": 469, ""violation"": false}, {""version"": 470, ""max_seen_before"": 470, ""violation"": false}]}"
20260919T070425Z_f355fde8,471,normal,1789801472.0981972,1789801472.1119065,13.405,0,13.405,pass,,read_secondary,"{""background_write_acknowledged"": true, ""reads"": [{""version"": 471, ""max_seen_before"": 470, ""violation"": false}, {""version"": 471, ""max_seen_before"": 471, ""violation"": false}]}"
20260919T070425Z_f355fde8,472,normal,1789801472.1119065,1789801472.125466,13.472,0,13.472,pass,,read_secondary,"{""background_write_acknowledged"": true, ""reads"": [{""version"": 472, ""max_seen_before"": 471, ""violation"": false}, {""version"": 472, ""max_seen_before"": 472, ""violation"": false}]}"
20260919T070425Z_f355fde8,473,normal,1789801472.125466,1789801472.1401844,14.871,0,14.871,pass,,read_secondary,"{""background_write_acknowledged"": true, ""reads"": [{""version"": 473, ""max_seen_before"": 472, ""violation"": false}, {""version"": 473, ""max_seen_before"": 473, ""violation"": false}]}"
20260919T070425Z_f355fde8,474,normal,1789801472.1401844,1789801472.1564248,16.137,0,16.137,pass,,read_secondary,"{""background_write_acknowledged"": true, ""reads"": [{""version"": 474, ""max_seen_before"": 473, ""violation"": false}, {""version"": 474, ""max_seen_before"": 474, ""violation"": false}]}"
20260919T070425Z_f355fde8,475,normal,1789801472.1564248,1789801472.1706262,14.219,0,14.219,pass,,read_secondary,"{""background_write_acknowledged"": true, ""reads"": [{""version"": 475, ""max_seen_before"": 474, ""violation"": false}, {""version"": 475, ""max_seen_before"": 475, ""violation"": false}]}"
20260919T070425Z_f355fde8,476,normal,1789801472.1711948,1789801472.1847706,13.705,0,13.705,pass,,read_secondary,"{""background_write_acknowledged"": true, ""reads"": [{""version"": 476, ""max_seen_before"": 475, ""violation"": false}, {""version"": 476, ""max_seen_before"": 476, ""violation"": false}]}"
20260919T070425Z_f355fde8,477,normal,1789801472.1847706,1789801472.1997225,15.116,0,15.116,pass,,read_secondary,"{""background_write_acknowledged"": true, ""reads"": [{""version"": 477, ""max_seen_before"": 476, ""violation"": false}, {""version"": 477, ""max_seen_before"": 477, ""violation"": false}]}"
20260919T070425Z_f355fde8,478,normal,1789801472.1997225,1789801472.215182,14.886,0,14.886,pass,,read_secondary,"{""background_write_acknowledged"": true, ""reads"": [{""version"": 478, ""max_seen_before"": 477, ""violation"": false}, {""version"": 478, ""max_seen_before"": 478, ""violation"": false}]}"
20260919T070425Z_f355fde8,479,normal,1789801472.215182,1789801472.2302003,15.223,0,15.223,pass,,read_secondary,"{""background_write_acknowledged"": true, ""reads"": [{""version"": 479, ""max_seen_before"": 478, ""violation"": false}, {""version"": 479, ""max_seen_before"": 479, ""violation"": false}]}"
20260919T070425Z_f355fde8,480,normal,1789801472.2302003,1789801472.246243,15.601,0,15.601,pass,,read_secondary,"{""background_write_acknowledged"": true, ""reads"": [{""version"": 480, ""max_seen_before"": 479, ""violation"": false}, {""version"": 480, ""max_seen_before"": 480, ""violation"": false}]}"
20260919T070425Z_f355fde8,481,normal,1789801472.246243,1789801472.2624023,16.147,0,16.147,pass,,read_secondary,"{""background_write_acknowledged"": true, ""reads"": [{""version"": 481, ""max_seen_before"": 480, ""violation"": false}, {""version"": 481, ""max_seen_before"": 481, ""violation"": false}]}"
20260919T070425Z_f355fde8,482,normal,1789801472.2624023,1789801472.282499,20.272,0,20.272,pass,,read_secondary,"{""background_write_acknowledged"": true, ""reads"": [{""version"": 482, ""max_seen_before"": 481, ""violation"": false}, {""version"": 482, ""max_seen_before"": 482, ""violation"": false}]}"
20260919T070425Z_f355fde8,483,normal,1789801472.2831197,1789801472.3017764,18.739,0,18.739,pass,,read_secondary,"{""background_write_acknowledged"": true, ""reads"": [{""version"": 483, ""max_seen_before"": 482, ""violation"": false}, {""version"": 483, ""max_seen_before"": 483, ""violation"": false}]}"
20260919T070425Z_f355fde8,484,normal,1789801472.3017764,1789801472.3173323,15.323,0,15.323,pass,,read_secondary,"{""background_write_acknowledged"": true, ""reads"": [{""version"": 484, ""max_seen_before"": 483, ""violation"": false}, {""version"": 484, ""max_seen_before"": 484, ""violation"": false}]}"
20260919T070425Z_f355fde8,485,normal,1789801472.3173323,1789801472.3311007,13.56,0,13.56,pass,,read_secondary,"{""background_write_acknowledged"": true, ""reads"": [{""version"": 485, ""max_seen_before"": 484, ""violation"": false}, {""version"": 485, ""max_seen_before"": 485, ""violation"": false}]}"
20260919T070425Z_f355fde8,486,normal,1789801472.3311007,1789801472.346753,15.584,0,15.584,pass,,read_secondary,"{""background_write_acknowledged"": true, ""reads"": [{""version"": 486, ""max_seen_before"": 485, ""violation"": false}, {""version"": 486, ""max_seen_before"": 486, ""violation"": false}]}"
20260919T070425Z_f355fde8,487,normal,1789801472.346753,1789801472.3633564,16.582,0,16.582,pass,,read_secondary,"{""background_write_acknowledged"": true, ""reads"": [{""version"": 487, ""max_seen_before"": 486, ""violation"": false}, {""version"": 487, ""max_seen_before"": 487, ""violation"": false}]}"
20260919T070425Z_f355fde8,488,normal,1789801472.3633564,1789801472.3779435,14.621,0,14.621,pass,,read_secondary,"{""background_write_acknowledged"": true, ""reads"": [{""version"": 488, ""max_seen_before"": 487, ""violation"": false}, {""version"": 488, ""max_seen_before"": 488, ""violation"": false}]}"
20260919T070425Z_f355fde8,489,normal,1789801472.3785264,1789801472.392674,14.516,0,14.516,pass,,read_secondary,"{""background_write_acknowledged"": true, ""reads"": [{""version"": 489, ""max_seen_before"": 488, ""violation"": false}, {""version"": 489, ""max_seen_before"": 489, ""violation"": false}]}"
20260919T070425Z_f355fde8,490,normal,1789801472.392674,1789801472.408584,15.572,0,15.572,pass,,read_secondary,"{""background_write_acknowledged"": true, ""reads"": [{""version"": 490, ""max_seen_before"": 489, ""violation"": false}, {""version"": 490, ""max_seen_before"": 490, ""violation"": false}]}"
20260919T070425Z_f355fde8,491,normal,1789801472.408584,1789801472.4230664,14.353,0,14.353,pass,,read_secondary,"{""background_write_acknowledged"": true, ""reads"": [{""version"": 491, ""max_seen_before"": 490, ""violation"": false}, {""version"": 491, ""max_seen_before"": 491, ""violation"": false}]}"
20260919T070425Z_f355fde8,492,normal,1789801472.4230664,1789801472.436832,13.872,0,13.872,pass,,read_secondary,"{""background_write_acknowledged"": true, ""reads"": [{""version"": 492, ""max_seen_before"": 491, ""violation"": false}, {""version"": 492, ""max_seen_before"": 492, ""violation"": false}]}"
20260919T070425Z_f355fde8,493,normal,1789801472.436832,1789801472.452991,15.622,0,15.622,pass,,read_secondary,"{""background_write_acknowledged"": true, ""reads"": [{""version"": 493, ""max_seen_before"": 492, ""violation"": false}, {""version"": 493, ""max_seen_before"": 493, ""violation"": false}]}"
20260919T070425Z_f355fde8,494,normal,1789801472.452991,1789801472.4703681,17.29,0,17.29,pass,,read_secondary,"{""background_write_acknowledged"": true, ""reads"": [{""version"": 494, ""max_seen_before"": 493, ""violation"": false}, {""version"": 494, ""max_seen_before"": 494, ""violation"": false}]}"
20260919T070425Z_f355fde8,495,normal,1789801472.4703681,1789801472.4863386,15.728,0,15.728,pass,,read_secondary,"{""background_write_acknowledged"": true, ""reads"": [{""version"": 495, ""max_seen_before"": 494, ""violation"": false}, {""version"": 495, ""max_seen_before"": 495, ""violation"": false}]}"
20260919T070425Z_f355fde8,496,normal,1789801472.4863386,1789801472.500412,13.934,0,13.934,pass,,read_secondary,"{""background_write_acknowledged"": true, ""reads"": [{""version"": 496, ""max_seen_before"": 495, ""violation"": false}, {""version"": 496, ""max_seen_before"": 496, ""violation"": false}]}"
20260919T070425Z_f355fde8,497,normal,1789801472.500412,1789801472.5136633,13.335,0,13.335,pass,,read_secondary,"{""background_write_acknowledged"": true, ""reads"": [{""version"": 497, ""max_seen_before"": 496, ""violation"": false}, {""version"": 497, ""max_seen_before"": 497, ""violation"": false}]}"
20260919T070425Z_f355fde8,498,normal,1789801472.5136633,1789801472.529024,15.276,0,15.276,pass,,read_secondary,"{""background_write_acknowledged"": true, ""reads"": [{""version"": 498, ""max_seen_before"": 497, ""violation"": false}, {""version"": 498, ""max_seen_before"": 498, ""violation"": false}]}"
20260919T070425Z_f355fde8,499,normal,1789801472.529024,1789801472.5427556,13.293,0,13.293,pass,,read_secondary,"{""background_write_acknowledged"": true, ""reads"": [{""version"": 499, ""max_seen_before"": 498, ""violation"": false}, {""version"": 499, ""max_seen_before"": 499, ""violation"": false}]}"
20260919T070425Z_f355fde8,500,normal,1789801472.5427556,1789801472.556435,13.531,0,13.531,pass,,read_secondary,"{""background_write_acknowledged"": true, ""reads"": [{""version"": 500, ""max_seen_before"": 499, ""violation"": false}, {""version"": 500, ""max_seen_before"": 500, ""violation"": false}]}"
20260919T070425Z_f355fde8,501,normal,1789801472.5609727,1789801472.5759578,15.305,0,15.305,pass,,read_secondary,"{""background_write_acknowledged"": true, ""reads"": [{""version"": 501, ""max_seen_before"": 500, ""violation"": false}, {""version"": 501, ""max_seen_before"": 501, ""violation"": false}]}"
20260919T070425Z_f355fde8,502,normal,1789801472.5766058,1789801472.5912318,15.127,0,15.127,pass,,read_secondary,"{""background_write_acknowledged"": true, ""reads"": [{""version"": 502, ""max_seen_before"": 501, ""violation"": false}, {""version"": 502, ""max_seen_before"": 502, ""violation"": false}]}"
20260919T070425Z_f355fde8,503,normal,1789801472.5912318,1789801472.6065557,15.048,0,15.048,pass,,read_secondary,"{""background_write_acknowledged"": true, ""reads"": [{""version"": 503, ""max_seen_before"": 502, ""violation"": false}, {""version"": 503, ""max_seen_before"": 503, ""violation"": false}]}"
20260919T070425Z_f355fde8,504,normal,1789801472.6065557,1789801472.6201506,13.186,0,13.186,pass,,read_secondary,"{""background_write_acknowledged"": true, ""reads"": [{""version"": 504, ""max_seen_before"": 503, ""violation"": false}, {""version"": 504, ""max_seen_before"": 504, ""violation"": false}]}"
20260919T070425Z_f355fde8,505,normal,1789801472.6201506,1789801472.63549,15.392,0,15.392,pass,,read_secondary,"{""background_write_acknowledged"": true, ""reads"": [{""version"": 505, ""max_seen_before"": 504, ""violation"": false}, {""version"": 505, ""max_seen_before"": 505, ""violation"": false}]}"
20260919T070425Z_f355fde8,506,normal,1789801472.63549,1789801472.6498082,14.252,0,14.252,pass,,read_secondary,"{""background_write_acknowledged"": true, ""reads"": [{""version"": 506, ""max_seen_before"": 505, ""violation"": false}, {""version"": 506, ""max_seen_before"": 506, ""violation"": false}]}"
20260919T070425Z_f355fde8,507,normal,1789801472.6498082,1789801472.6629245,12.909,0,12.909,pass,,read_secondary,"{""background_write_acknowledged"": true, ""reads"": [{""version"": 507, ""max_seen_before"": 506, ""violation"": false}, {""version"": 507, ""max_seen_before"": 507, ""violation"": false}]}"
20260919T070425Z_f355fde8,508,normal,1789801472.6629245,1789801472.675693,12.938,0,12.938,pass,,read_secondary,"{""background_write_acknowledged"": true, ""reads"": [{""version"": 508, ""max_seen_before"": 507, ""violation"": false}, {""version"": 508, ""max_seen_before"": 508, ""violation"": false}]}"
20260919T070425Z_f355fde8,509,normal,1789801472.6763237,1789801472.6895883,13.377,0,13.377,pass,,read_secondary,"{""background_write_acknowledged"": true, ""reads"": [{""version"": 509, ""max_seen_before"": 508, ""violation"": false}, {""version"": 509, ""max_seen_before"": 509, ""violation"": false}]}"
20260919T070425Z_f355fde8,510,normal,1789801472.6895883,1789801472.7017841,12.006,0,12.006,pass,,read_secondary,"{""background_write_acknowledged"": true, ""reads"": [{""version"": 510, ""max_seen_before"": 509, ""violation"": false}, {""version"": 510, ""max_seen_before"": 510, ""violation"": false}]}"
20260919T070425Z_f355fde8,511,normal,1789801472.7017841,1789801472.7139692,12.422,0,12.422,pass,,read_secondary,"{""background_write_acknowledged"": true, ""reads"": [{""version"": 511, ""max_seen_before"": 510, ""violation"": false}, {""version"": 511, ""max_seen_before"": 511, ""violation"": false}]}"
20260919T070425Z_f355fde8,512,normal,1789801472.7139692,1789801472.7269082,12.684,0,12.684,pass,,read_secondary,"{""background_write_acknowledged"": true, ""reads"": [{""version"": 512, ""max_seen_before"": 511, ""violation"": false}, {""version"": 512, ""max_seen_before"": 512, ""violation"": false}]}"
20260919T070425Z_f355fde8,513,normal,1789801472.7269082,1789801472.7398205,12.999,0,12.999,pass,,read_secondary,"{""background_write_acknowledged"": true, ""reads"": [{""version"": 513, ""max_seen_before"": 512, ""violation"": false}, {""version"": 513, ""max_seen_before"": 513, ""violation"": false}]}"
20260919T070425Z_f355fde8,514,normal,1789801472.7398205,1789801472.754747,14.445,0,14.445,pass,,read_secondary,"{""background_write_acknowledged"": true, ""reads"": [{""version"": 514, ""max_seen_before"": 513, ""violation"": false}, {""version"": 514, ""max_seen_before"": 514, ""violation"": false}]}"
20260919T070425Z_f355fde8,515,normal,1789801472.754747,1789801472.7681327,13.428,0,13.428,pass,,read_secondary,"{""background_write_acknowledged"": true, ""reads"": [{""version"": 515, ""max_seen_before"": 514, ""violation"": false}, {""version"": 515, ""max_seen_before"": 515, ""violation"": false}]}"
20260919T070425Z_f355fde8,516,normal,1789801472.7681327,1789801472.782718,14.495,0,14.495,pass,,read_secondary,"{""background_write_acknowledged"": true, ""reads"": [{""version"": 516, ""max_seen_before"": 515, ""violation"": false}, {""version"": 516, ""max_seen_before"": 516, ""violation"": false}]}"
20260919T070425Z_f355fde8,517,normal,1789801472.782718,1789801472.795264,12.329,0,12.329,pass,,read_secondary,"{""background_write_acknowledged"": true, ""reads"": [{""version"": 517, ""max_seen_before"": 516, ""violation"": false}, {""version"": 517, ""max_seen_before"": 517, ""violation"": false}]}"
20260919T070425Z_f355fde8,518,normal,1789801472.795264,1789801472.807085,11.679,0,11.679,pass,,read_secondary,"{""background_write_acknowledged"": true, ""reads"": [{""version"": 518, ""max_seen_before"": 517, ""violation"": false}, {""version"": 518, ""max_seen_before"": 518, ""violation"": false}]}"
20260919T070425Z_f355fde8,519,normal,1789801472.807085,1789801472.8190172,12.32,0,12.32,pass,,read_secondary,"{""background_write_acknowledged"": true, ""reads"": [{""version"": 519, ""max_seen_before"": 518, ""violation"": false}, {""version"": 519, ""max_seen_before"": 519, ""violation"": false}]}"
20260919T070425Z_f355fde8,520,normal,1789801472.8196783,1789801472.8328257,13.2,0,13.2,pass,,read_secondary,"{""background_write_acknowledged"": true, ""reads"": [{""version"": 520, ""max_seen_before"": 519, ""violation"": false}, {""version"": 520, ""max_seen_before"": 520, ""violation"": false}]}"
20260919T070425Z_f355fde8,521,normal,1789801472.8328257,1789801472.845202,12.226,0,12.226,pass,,read_secondary,"{""background_write_acknowledged"": true, ""reads"": [{""version"": 521, ""max_seen_before"": 520, ""violation"": false}, {""version"": 521, ""max_seen_before"": 521, ""violation"": false}]}"
20260919T070425Z_f355fde8,522,normal,1789801472.845202,1789801472.8570988,12.156,0,12.156,pass,,read_secondary,"{""background_write_acknowledged"": true, ""reads"": [{""version"": 522, ""max_seen_before"": 521, ""violation"": false}, {""version"": 522, ""max_seen_before"": 522, ""violation"": false}]}"
20260919T070425Z_f355fde8,523,normal,1789801472.8570988,1789801472.869485,12.302,0,12.302,pass,,read_secondary,"{""background_write_acknowledged"": true, ""reads"": [{""version"": 523, ""max_seen_before"": 522, ""violation"": false}, {""version"": 523, ""max_seen_before"": 523, ""violation"": false}]}"
20260919T070425Z_f355fde8,524,normal,1789801472.8700314,1789801472.8824801,12.508,0,12.508,pass,,read_secondary,"{""background_write_acknowledged"": true, ""reads"": [{""version"": 524, ""max_seen_before"": 523, ""violation"": false}, {""version"": 524, ""max_seen_before"": 524, ""violation"": false}]}"
20260919T070425Z_f355fde8,525,normal,1789801472.8824801,1789801472.895088,12.434,0,12.434,pass,,read_secondary,"{""background_write_acknowledged"": true, ""reads"": [{""version"": 525, ""max_seen_before"": 524, ""violation"": false}, {""version"": 525, ""max_seen_before"": 525, ""violation"": false}]}"
20260919T070425Z_f355fde8,526,normal,1789801472.895088,1789801472.9076262,12.892,0,12.892,pass,,read_secondary,"{""background_write_acknowledged"": true, ""reads"": [{""version"": 526, ""max_seen_before"": 525, ""violation"": false}, {""version"": 526, ""max_seen_before"": 526, ""violation"": false}]}"
20260919T070425Z_f355fde8,527,normal,1789801472.908221,1789801472.9209867,12.992,0,12.992,pass,,read_secondary,"{""background_write_acknowledged"": true, ""reads"": [{""version"": 527, ""max_seen_before"": 526, ""violation"": false}, {""version"": 527, ""max_seen_before"": 527, ""violation"": false}]}"
20260919T070425Z_f355fde8,528,normal,1789801472.9209867,1789801472.9332898,11.977,0,11.977,pass,,read_secondary,"{""background_write_acknowledged"": true, ""reads"": [{""version"": 528, ""max_seen_before"": 527, ""violation"": false}, {""version"": 528, ""max_seen_before"": 528, ""violation"": false}]}"
20260919T070425Z_f355fde8,529,normal,1789801472.9332898,1789801472.9456801,12.29,0,12.29,pass,,read_secondary,"{""background_write_acknowledged"": true, ""reads"": [{""version"": 529, ""max_seen_before"": 528, ""violation"": false}, {""version"": 529, ""max_seen_before"": 529, ""violation"": false}]}"
20260919T070425Z_f355fde8,530,normal,1789801472.9456801,1789801472.9576786,12.152,0,12.152,pass,,read_secondary,"{""background_write_acknowledged"": true, ""reads"": [{""version"": 530, ""max_seen_before"": 529, ""violation"": false}, {""version"": 530, ""max_seen_before"": 530, ""violation"": false}]}"
20260919T070425Z_f355fde8,531,normal,1789801472.9576786,1789801472.970757,12.779,0,12.779,pass,,read_secondary,"{""background_write_acknowledged"": true, ""reads"": [{""version"": 531, ""max_seen_before"": 530, ""violation"": false}, {""version"": 531, ""max_seen_before"": 531, ""violation"": false}]}"
20260919T070425Z_f355fde8,532,normal,1789801472.970757,1789801472.983023,12.081,0,12.081,pass,,read_secondary,"{""background_write_acknowledged"": true, ""reads"": [{""version"": 532, ""max_seen_before"": 531, ""violation"": false}, {""version"": 532, ""max_seen_before"": 532, ""violation"": false}]}"
20260919T070425Z_f355fde8,533,normal,1789801472.983023,1789801472.9963899,13.266,0,13.266,pass,,read_secondary,"{""background_write_acknowledged"": true, ""reads"": [{""version"": 533, ""max_seen_before"": 532, ""violation"": false}, {""version"": 533, ""max_seen_before"": 533, ""violation"": false}]}"
20260919T070425Z_f355fde8,534,normal,1789801472.9963899,1789801473.0089288,12.564,0,12.564,pass,,read_secondary,"{""background_write_acknowledged"": true, ""reads"": [{""version"": 534, ""max_seen_before"": 533, ""violation"": false}, {""version"": 534, ""max_seen_before"": 534, ""violation"": false}]}"
20260919T070425Z_f355fde8,535,normal,1789801473.0089288,1789801473.020373,11.926,0,11.926,pass,,read_secondary,"{""background_write_acknowledged"": true, ""reads"": [{""version"": 535, ""max_seen_before"": 534, ""violation"": false}, {""version"": 535, ""max_seen_before"": 535, ""violation"": false}]}"
20260919T070425Z_f355fde8,536,normal,1789801473.0211897,1789801473.0324812,11.911,0,11.911,pass,,read_secondary,"{""background_write_acknowledged"": true, ""reads"": [{""version"": 536, ""max_seen_before"": 535, ""violation"": false}, {""version"": 536, ""max_seen_before"": 536, ""violation"": false}]}"
20260919T070425Z_f355fde8,537,normal,1789801473.0331893,1789801473.0478082,14.772,0,14.772,pass,,read_secondary,"{""background_write_acknowledged"": true, ""reads"": [{""version"": 537, ""max_seen_before"": 536, ""violation"": false}, {""version"": 537, ""max_seen_before"": 537, ""violation"": false}]}"
20260919T070425Z_f355fde8,538,normal,1789801473.0478082,1789801473.0635533,16.188,0,16.188,pass,,read_secondary,"{""background_write_acknowledged"": true, ""reads"": [{""version"": 538, ""max_seen_before"": 537, ""violation"": false}, {""version"": 538, ""max_seen_before"": 538, ""violation"": false}]}"
20260919T070425Z_f355fde8,539,normal,1789801473.0643501,1789801473.0782766,14.353,0,14.353,pass,,read_secondary,"{""background_write_acknowledged"": true, ""reads"": [{""version"": 539, ""max_seen_before"": 538, ""violation"": false}, {""version"": 539, ""max_seen_before"": 539, ""violation"": false}]}"
20260919T070425Z_f355fde8,540,normal,1789801473.0788312,1789801473.0920074,13.474,0,13.474,pass,,read_secondary,"{""background_write_acknowledged"": true, ""reads"": [{""version"": 540, ""max_seen_before"": 539, ""violation"": false}, {""version"": 540, ""max_seen_before"": 540, ""violation"": false}]}"
20260919T070425Z_f355fde8,541,normal,1789801473.0920074,1789801473.1053042,13.513,0,13.513,pass,,read_secondary,"{""background_write_acknowledged"": true, ""reads"": [{""version"": 541, ""max_seen_before"": 540, ""violation"": false}, {""version"": 541, ""max_seen_before"": 541, ""violation"": false}]}"
20260919T070425Z_f355fde8,542,normal,1789801473.1059558,1789801473.1224074,16.415,0,16.415,pass,,read_secondary,"{""background_write_acknowledged"": true, ""reads"": [{""version"": 542, ""max_seen_before"": 541, ""violation"": false}, {""version"": 542, ""max_seen_before"": 542, ""violation"": false}]}"
20260919T070425Z_f355fde8,543,normal,1789801473.1224074,1789801473.1365418,14.314,0,14.314,pass,,read_secondary,"{""background_write_acknowledged"": true, ""reads"": [{""version"": 543, ""max_seen_before"": 542, ""violation"": false}, {""version"": 543, ""max_seen_before"": 543, ""violation"": false}]}"
20260919T070425Z_f355fde8,544,normal,1789801473.1365418,1789801473.1493428,12.897,0,12.897,pass,,read_secondary,"{""background_write_acknowledged"": true, ""reads"": [{""version"": 544, ""max_seen_before"": 543, ""violation"": false}, {""version"": 544, ""max_seen_before"": 544, ""violation"": false}]}"
20260919T070425Z_f355fde8,545,normal,1789801473.149919,1789801473.162952,13.456,0,13.456,pass,,read_secondary,"{""background_write_acknowledged"": true, ""reads"": [{""version"": 545, ""max_seen_before"": 544, ""violation"": false}, {""version"": 545, ""max_seen_before"": 545, ""violation"": false}]}"
20260919T070425Z_f355fde8,546,normal,1789801473.1635187,1789801473.1763968,12.873,0,12.873,pass,,read_secondary,"{""background_write_acknowledged"": true, ""reads"": [{""version"": 546, ""max_seen_before"": 545, ""violation"": false}, {""version"": 546, ""max_seen_before"": 546, ""violation"": false}]}"
20260919T070425Z_f355fde8,547,normal,1789801473.1763968,1789801473.1885793,12.329,0,12.329,pass,,read_secondary,"{""background_write_acknowledged"": true, ""reads"": [{""version"": 547, ""max_seen_before"": 546, ""violation"": false}, {""version"": 547, ""max_seen_before"": 547, ""violation"": false}]}"
20260919T070425Z_f355fde8,548,normal,1789801473.1885793,1789801473.2025094,13.936,0,13.936,pass,,read_secondary,"{""background_write_acknowledged"": true, ""reads"": [{""version"": 548, ""max_seen_before"": 547, ""violation"": false}, {""version"": 548, ""max_seen_before"": 548, ""violation"": false}]}"
20260919T070425Z_f355fde8,549,normal,1789801473.2031453,1789801473.2160196,13.055,0,13.055,pass,,read_secondary,"{""background_write_acknowledged"": true, ""reads"": [{""version"": 549, ""max_seen_before"": 548, ""violation"": false}, {""version"": 549, ""max_seen_before"": 549, ""violation"": false}]}"
20260919T070425Z_f355fde8,550,normal,1789801473.2160196,1789801473.2296534,13.381,0,13.381,pass,,read_secondary,"{""background_write_acknowledged"": true, ""reads"": [{""version"": 550, ""max_seen_before"": 549, ""violation"": false}, {""version"": 550, ""max_seen_before"": 550, ""violation"": false}]}"
20260919T070425Z_f355fde8,551,normal,1789801473.2296534,1789801473.2427626,13.242,0,13.242,pass,,read_secondary,"{""background_write_acknowledged"": true, ""reads"": [{""version"": 551, ""max_seen_before"": 550, ""violation"": false}, {""version"": 551, ""max_seen_before"": 551, ""violation"": false}]}"
20260919T070425Z_f355fde8,552,normal,1789801473.2427626,1789801473.255732,13.14,0,13.14,pass,,read_secondary,"{""background_write_acknowledged"": true, ""reads"": [{""version"": 552, ""max_seen_before"": 551, ""violation"": false}, {""version"": 552, ""max_seen_before"": 552, ""violation"": false}]}"
20260919T070425Z_f355fde8,553,normal,1789801473.2563171,1789801473.268166,11.95,0,11.95,pass,,read_secondary,"{""background_write_acknowledged"": true, ""reads"": [{""version"": 553, ""max_seen_before"": 552, ""violation"": false}, {""version"": 553, ""max_seen_before"": 553, ""violation"": false}]}"
20260919T070425Z_f355fde8,554,normal,1789801473.268166,1789801473.2807739,12.522,0,12.522,pass,,read_secondary,"{""background_write_acknowledged"": true, ""reads"": [{""version"": 554, ""max_seen_before"": 553, ""violation"": false}, {""version"": 554, ""max_seen_before"": 554, ""violation"": false}]}"
20260919T070425Z_f355fde8,555,normal,1789801473.2807739,1789801473.2932763,12.66,0,12.66,pass,,read_secondary,"{""background_write_acknowledged"": true, ""reads"": [{""version"": 555, ""max_seen_before"": 554, ""violation"": false}, {""version"": 555, ""max_seen_before"": 555, ""violation"": false}]}"
20260919T070425Z_f355fde8,556,normal,1789801473.2932763,1789801473.307434,13.766,0,13.766,pass,,read_secondary,"{""background_write_acknowledged"": true, ""reads"": [{""version"": 556, ""max_seen_before"": 555, ""violation"": false}, {""version"": 556, ""max_seen_before"": 556, ""violation"": false}]}"
20260919T070425Z_f355fde8,557,normal,1789801473.307434,1789801473.3202136,12.568,0,12.568,pass,,read_secondary,"{""background_write_acknowledged"": true, ""reads"": [{""version"": 557, ""max_seen_before"": 556, ""violation"": false}, {""version"": 557, ""max_seen_before"": 557, ""violation"": false}]}"
20260919T070425Z_f355fde8,558,normal,1789801473.3202136,1789801473.333921,13.619,0,13.619,pass,,read_secondary,"{""background_write_acknowledged"": true, ""reads"": [{""version"": 558, ""max_seen_before"": 557, ""violation"": false}, {""version"": 558, ""max_seen_before"": 558, ""violation"": false}]}"
20260919T070425Z_f355fde8,559,normal,1789801473.333921,1789801473.3472226,13.691,0,13.691,pass,,read_secondary,"{""background_write_acknowledged"": true, ""reads"": [{""version"": 559, ""max_seen_before"": 558, ""violation"": false}, {""version"": 559, ""max_seen_before"": 559, ""violation"": false}]}"
20260919T070425Z_f355fde8,560,normal,1789801473.347852,1789801473.3594408,12.101,0,12.101,pass,,read_secondary,"{""background_write_acknowledged"": true, ""reads"": [{""version"": 560, ""max_seen_before"": 559, ""violation"": false}, {""version"": 560, ""max_seen_before"": 560, ""violation"": false}]}"
20260919T070425Z_f355fde8,561,normal,1789801473.3594408,1789801473.3726058,12.476,0,12.476,pass,,read_secondary,"{""background_write_acknowledged"": true, ""reads"": [{""version"": 561, ""max_seen_before"": 560, ""violation"": false}, {""version"": 561, ""max_seen_before"": 561, ""violation"": false}]}"
20260919T070425Z_f355fde8,562,normal,1789801473.3726058,1789801473.386065,13.365,0,13.365,pass,,read_secondary,"{""background_write_acknowledged"": true, ""reads"": [{""version"": 562, ""max_seen_before"": 561, ""violation"": false}, {""version"": 562, ""max_seen_before"": 562, ""violation"": false}]}"
20260919T070425Z_f355fde8,563,normal,1789801473.386065,1789801473.3977096,11.929,0,11.929,pass,,read_secondary,"{""background_write_acknowledged"": true, ""reads"": [{""version"": 563, ""max_seen_before"": 562, ""violation"": false}, {""version"": 563, ""max_seen_before"": 563, ""violation"": false}]}"
20260919T070425Z_f355fde8,564,normal,1789801473.3977096,1789801473.4108179,12.627,0,12.627,pass,,read_secondary,"{""background_write_acknowledged"": true, ""reads"": [{""version"": 564, ""max_seen_before"": 563, ""violation"": false}, {""version"": 564, ""max_seen_before"": 564, ""violation"": false}]}"
20260919T070425Z_f355fde8,565,normal,1789801473.4108179,1789801473.4235291,12.732,0,12.732,pass,,read_secondary,"{""background_write_acknowledged"": true, ""reads"": [{""version"": 565, ""max_seen_before"": 564, ""violation"": false}, {""version"": 565, ""max_seen_before"": 565, ""violation"": false}]}"
20260919T070425Z_f355fde8,566,normal,1789801473.4235291,1789801473.4357595,12.067,0,12.067,pass,,read_secondary,"{""background_write_acknowledged"": true, ""reads"": [{""version"": 566, ""max_seen_before"": 565, ""violation"": false}, {""version"": 566, ""max_seen_before"": 566, ""violation"": false}]}"
20260919T070425Z_f355fde8,567,normal,1789801473.4357595,1789801473.4474452,11.866,0,11.866,pass,,read_secondary,"{""background_write_acknowledged"": true, ""reads"": [{""version"": 567, ""max_seen_before"": 566, ""violation"": false}, {""version"": 567, ""max_seen_before"": 567, ""violation"": false}]}"
20260919T070425Z_f355fde8,568,normal,1789801473.4474452,1789801473.4599996,12.431,0,12.431,pass,,read_secondary,"{""background_write_acknowledged"": true, ""reads"": [{""version"": 568, ""max_seen_before"": 567, ""violation"": false}, {""version"": 568, ""max_seen_before"": 568, ""violation"": false}]}"
20260919T070425Z_f355fde8,569,normal,1789801473.4599996,1789801473.4722323,12.399,0,12.399,pass,,read_secondary,"{""background_write_acknowledged"": true, ""reads"": [{""version"": 569, ""max_seen_before"": 568, ""violation"": false}, {""version"": 569, ""max_seen_before"": 569, ""violation"": false}]}"
20260919T070425Z_f355fde8,570,normal,1789801473.4722323,1789801473.4849265,12.412,0,12.412,pass,,read_secondary,"{""background_write_acknowledged"": true, ""reads"": [{""version"": 570, ""max_seen_before"": 569, ""violation"": false}, {""version"": 570, ""max_seen_before"": 570, ""violation"": false}]}"
20260919T070425Z_f355fde8,571,normal,1789801473.4849265,1789801473.4973717,11.937,0,11.937,pass,,read_secondary,"{""background_write_acknowledged"": true, ""reads"": [{""version"": 571, ""max_seen_before"": 570, ""violation"": false}, {""version"": 571, ""max_seen_before"": 571, ""violation"": false}]}"
20260919T070425Z_f355fde8,572,normal,1789801473.4973717,1789801473.5095603,12.737,0,12.737,pass,,read_secondary,"{""background_write_acknowledged"": true, ""reads"": [{""version"": 572, ""max_seen_before"": 571, ""violation"": false}, {""version"": 572, ""max_seen_before"": 572, ""violation"": false}]}"
20260919T070425Z_f355fde8,573,normal,1789801473.5102928,1789801473.5243585,14.36,0,14.36,pass,,read_secondary,"{""background_write_acknowledged"": true, ""reads"": [{""version"": 573, ""max_seen_before"": 572, ""violation"": false}, {""version"": 573, ""max_seen_before"": 573, ""violation"": false}]}"
20260919T070425Z_f355fde8,574,normal,1789801473.5243585,1789801473.5426822,18.314,0,18.314,pass,,read_secondary,"{""background_write_acknowledged"": true, ""reads"": [{""version"": 574, ""max_seen_before"": 573, ""violation"": false}, {""version"": 574, ""max_seen_before"": 574, ""violation"": false}]}"
20260919T070425Z_f355fde8,575,normal,1789801473.5426822,1789801473.560797,17.72,0,17.72,pass,,read_secondary,"{""background_write_acknowledged"": true, ""reads"": [{""version"": 575, ""max_seen_before"": 574, ""violation"": false}, {""version"": 575, ""max_seen_before"": 575, ""violation"": false}]}"
20260919T070425Z_f355fde8,576,normal,1789801473.560797,1789801473.5766087,15.954,0,15.954,pass,,read_secondary,"{""background_write_acknowledged"": true, ""reads"": [{""version"": 576, ""max_seen_before"": 575, ""violation"": false}, {""version"": 576, ""max_seen_before"": 576, ""violation"": false}]}"
20260919T070425Z_f355fde8,577,normal,1789801473.5772016,1789801473.5902724,13.153,0,13.153,pass,,read_secondary,"{""background_write_acknowledged"": true, ""reads"": [{""version"": 577, ""max_seen_before"": 576, ""violation"": false}, {""version"": 577, ""max_seen_before"": 577, ""violation"": false}]}"
20260919T070425Z_f355fde8,578,normal,1789801473.5902724,1789801473.6029434,12.724,0,12.724,pass,,read_secondary,"{""background_write_acknowledged"": true, ""reads"": [{""version"": 578, ""max_seen_before"": 577, ""violation"": false}, {""version"": 578, ""max_seen_before"": 578, ""violation"": false}]}"
20260919T070425Z_f355fde8,579,normal,1789801473.6029434,1789801473.6147802,11.679,0,11.679,pass,,read_secondary,"{""background_write_acknowledged"": true, ""reads"": [{""version"": 579, ""max_seen_before"": 578, ""violation"": false}, {""version"": 579, ""max_seen_before"": 579, ""violation"": false}]}"
20260919T070425Z_f355fde8,580,normal,1789801473.6147802,1789801473.6277828,12.73,0,12.73,pass,,read_secondary,"{""background_write_acknowledged"": true, ""reads"": [{""version"": 580, ""max_seen_before"": 579, ""violation"": false}, {""version"": 580, ""max_seen_before"": 580, ""violation"": false}]}"
20260919T070425Z_f355fde8,581,normal,1789801473.6277828,1789801473.6403944,12.424,0,12.424,pass,,read_secondary,"{""background_write_acknowledged"": true, ""reads"": [{""version"": 581, ""max_seen_before"": 580, ""violation"": false}, {""version"": 581, ""max_seen_before"": 581, ""violation"": false}]}"
20260919T070425Z_f355fde8,582,normal,1789801473.6403944,1789801473.6528146,12.518,0,12.518,pass,,read_secondary,"{""background_write_acknowledged"": true, ""reads"": [{""version"": 582, ""max_seen_before"": 581, ""violation"": false}, {""version"": 582, ""max_seen_before"": 582, ""violation"": false}]}"
20260919T070425Z_f355fde8,583,normal,1789801473.6528146,1789801473.6652467,12.309,0,12.309,pass,,read_secondary,"{""background_write_acknowledged"": true, ""reads"": [{""version"": 583, ""max_seen_before"": 582, ""violation"": false}, {""version"": 583, ""max_seen_before"": 583, ""violation"": false}]}"
20260919T070425Z_f355fde8,584,normal,1789801473.6652467,1789801473.6786804,13.407,0,13.407,pass,,read_secondary,"{""background_write_acknowledged"": true, ""reads"": [{""version"": 584, ""max_seen_before"": 583, ""violation"": false}, {""version"": 584, ""max_seen_before"": 584, ""violation"": false}]}"
20260919T070425Z_f355fde8,585,normal,1789801473.6786804,1789801473.691509,12.883,0,12.883,pass,,read_secondary,"{""background_write_acknowledged"": true, ""reads"": [{""version"": 585, ""max_seen_before"": 584, ""violation"": false}, {""version"": 585, ""max_seen_before"": 585, ""violation"": false}]}"
20260919T070425Z_f355fde8,586,normal,1789801473.692024,1789801473.7039058,11.916,0,11.916,pass,,read_secondary,"{""background_write_acknowledged"": true, ""reads"": [{""version"": 586, ""max_seen_before"": 585, ""violation"": false}, {""version"": 586, ""max_seen_before"": 586, ""violation"": false}]}"
20260919T070425Z_f355fde8,587,normal,1789801473.7039058,1789801473.715624,12.008,0,12.008,pass,,read_secondary,"{""background_write_acknowledged"": true, ""reads"": [{""version"": 587, ""max_seen_before"": 586, ""violation"": false}, {""version"": 587, ""max_seen_before"": 587, ""violation"": false}]}"
20260919T070425Z_f355fde8,588,normal,1789801473.715624,1789801473.7280018,12.344,0,12.344,pass,,read_secondary,"{""background_write_acknowledged"": true, ""reads"": [{""version"": 588, ""max_seen_before"": 587, ""violation"": false}, {""version"": 588, ""max_seen_before"": 588, ""violation"": false}]}"
20260919T070425Z_f355fde8,589,normal,1789801473.7285843,1789801473.740234,12.187,0,12.187,pass,,read_secondary,"{""background_write_acknowledged"": true, ""reads"": [{""version"": 589, ""max_seen_before"": 588, ""violation"": false}, {""version"": 589, ""max_seen_before"": 589, ""violation"": false}]}"
20260919T070425Z_f355fde8,590,normal,1789801473.7408822,1789801473.7519262,11.301,0,11.301,pass,,read_secondary,"{""background_write_acknowledged"": true, ""reads"": [{""version"": 590, ""max_seen_before"": 589, ""violation"": false}, {""version"": 590, ""max_seen_before"": 590, ""violation"": false}]}"
20260919T070425Z_f355fde8,591,normal,1789801473.7519262,1789801473.767439,15.242,0,15.242,pass,,read_secondary,"{""background_write_acknowledged"": true, ""reads"": [{""version"": 591, ""max_seen_before"": 590, ""violation"": false}, {""version"": 591, ""max_seen_before"": 591, ""violation"": false}]}"
20260919T070425Z_f355fde8,592,normal,1789801473.767439,1789801473.7797058,12.422,0,12.422,pass,,read_secondary,"{""background_write_acknowledged"": true, ""reads"": [{""version"": 592, ""max_seen_before"": 591, ""violation"": false}, {""version"": 592, ""max_seen_before"": 592, ""violation"": false}]}"
20260919T070425Z_f355fde8,593,normal,1789801473.7797058,1789801473.791813,11.863,0,11.863,pass,,read_secondary,"{""background_write_acknowledged"": true, ""reads"": [{""version"": 593, ""max_seen_before"": 592, ""violation"": false}, {""version"": 593, ""max_seen_before"": 593, ""violation"": false}]}"
20260919T070425Z_f355fde8,594,normal,1789801473.791813,1789801473.8046367,12.993,0,12.993,pass,,read_secondary,"{""background_write_acknowledged"": true, ""reads"": [{""version"": 594, ""max_seen_before"": 593, ""violation"": false}, {""version"": 594, ""max_seen_before"": 594, ""violation"": false}]}"
20260919T070425Z_f355fde8,595,normal,1789801473.805193,1789801473.8173075,12.366,0,12.366,pass,,read_secondary,"{""background_write_acknowledged"": true, ""reads"": [{""version"": 595, ""max_seen_before"": 594, ""violation"": false}, {""version"": 595, ""max_seen_before"": 595, ""violation"": false}]}"
20260919T070425Z_f355fde8,596,normal,1789801473.8173075,1789801473.8324933,15.199,0,15.199,pass,,read_secondary,"{""background_write_acknowledged"": true, ""reads"": [{""version"": 596, ""max_seen_before"": 595, ""violation"": false}, {""version"": 596, ""max_seen_before"": 596, ""violation"": false}]}"
20260919T070425Z_f355fde8,597,normal,1789801473.8324933,1789801473.8480203,14.995,0,14.995,pass,,read_secondary,"{""background_write_acknowledged"": true, ""reads"": [{""version"": 597, ""max_seen_before"": 596, ""violation"": false}, {""version"": 597, ""max_seen_before"": 597, ""violation"": false}]}"
20260919T070425Z_f355fde8,598,normal,1789801473.8480203,1789801473.8612566,13.214,0,13.214,pass,,read_secondary,"{""background_write_acknowledged"": true, ""reads"": [{""version"": 598, ""max_seen_before"": 597, ""violation"": false}, {""version"": 598, ""max_seen_before"": 598, ""violation"": false}]}"
20260919T070425Z_f355fde8,599,normal,1789801473.8612566,1789801473.874658,13.546,0,13.546,pass,,read_secondary,"{""background_write_acknowledged"": true, ""reads"": [{""version"": 599, ""max_seen_before"": 598, ""violation"": false}, {""version"": 599, ""max_seen_before"": 599, ""violation"": false}]}"
20260919T070425Z_f355fde8,600,normal,1789801473.874658,1789801473.8880727,12.971,0,12.971,pass,,read_secondary,"{""background_write_acknowledged"": true, ""reads"": [{""version"": 600, ""max_seen_before"": 599, ""violation"": false}, {""version"": 600, ""max_seen_before"": 600, ""violation"": false}]}"
20260919T070425Z_f355fde8,601,normal,1789801473.8936613,1789801473.9119272,17.974,0,17.974,pass,,read_secondary,"{""background_write_acknowledged"": true, ""reads"": [{""version"": 601, ""max_seen_before"": 600, ""violation"": false}, {""version"": 601, ""max_seen_before"": 601, ""violation"": false}]}"
20260919T070425Z_f355fde8,602,normal,1789801473.9123044,1789801473.9272816,14.959,0,14.959,pass,,read_secondary,"{""background_write_acknowledged"": true, ""reads"": [{""version"": 602, ""max_seen_before"": 601, ""violation"": false}, {""version"": 602, ""max_seen_before"": 602, ""violation"": false}]}"
20260919T070425Z_f355fde8,603,normal,1789801473.9272816,1789801473.942834,15.585,0,15.585,pass,,read_secondary,"{""background_write_acknowledged"": true, ""reads"": [{""version"": 603, ""max_seen_before"": 602, ""violation"": false}, {""version"": 603, ""max_seen_before"": 603, ""violation"": false}]}"
20260919T070425Z_f355fde8,604,normal,1789801473.943261,1789801473.9591682,16.759,0,16.759,pass,,read_secondary,"{""background_write_acknowledged"": true, ""reads"": [{""version"": 604, ""max_seen_before"": 603, ""violation"": false}, {""version"": 604, ""max_seen_before"": 604, ""violation"": false}]}"
20260919T070425Z_f355fde8,605,normal,1789801473.960201,1789801473.9771428,16.902,0,16.902,pass,,read_secondary,"{""background_write_acknowledged"": true, ""reads"": [{""version"": 605, ""max_seen_before"": 604, ""violation"": false}, {""version"": 605, ""max_seen_before"": 605, ""violation"": false}]}"
20260919T070425Z_f355fde8,606,normal,1789801473.9771428,1789801473.9919028,14.263,0,14.263,pass,,read_secondary,"{""background_write_acknowledged"": true, ""reads"": [{""version"": 606, ""max_seen_before"": 605, ""violation"": false}, {""version"": 606, ""max_seen_before"": 606, ""violation"": false}]}"
20260919T070425Z_f355fde8,607,normal,1789801473.9919028,1789801474.0063086,14.209,0,14.209,pass,,read_secondary,"{""background_write_acknowledged"": true, ""reads"": [{""version"": 607, ""max_seen_before"": 606, ""violation"": false}, {""version"": 607, ""max_seen_before"": 607, ""violation"": false}]}"
20260919T070425Z_f355fde8,608,normal,1789801474.0063086,1789801474.021461,15.037,0,15.037,pass,,read_secondary,"{""background_write_acknowledged"": true, ""reads"": [{""version"": 608, ""max_seen_before"": 607, ""violation"": false}, {""version"": 608, ""max_seen_before"": 608, ""violation"": false}]}"
20260919T070425Z_f355fde8,609,normal,1789801474.021461,1789801474.0343363,12.63,0,12.63,pass,,read_secondary,"{""background_write_acknowledged"": true, ""reads"": [{""version"": 609, ""max_seen_before"": 608, ""violation"": false}, {""version"": 609, ""max_seen_before"": 609, ""violation"": false}]}"
20260919T070425Z_f355fde8,610,normal,1789801474.0343363,1789801474.0501635,16.174,0,16.174,pass,,read_secondary,"{""background_write_acknowledged"": true, ""reads"": [{""version"": 610, ""max_seen_before"": 609, ""violation"": false}, {""version"": 610, ""max_seen_before"": 610, ""violation"": false}]}"
20260919T070425Z_f355fde8,611,normal,1789801474.050803,1789801474.0644288,13.898,0,13.898,pass,,read_secondary,"{""background_write_acknowledged"": true, ""reads"": [{""version"": 611, ""max_seen_before"": 610, ""violation"": false}, {""version"": 611, ""max_seen_before"": 611, ""violation"": false}]}"
20260919T070425Z_f355fde8,612,normal,1789801474.0644288,1789801474.078841,14.581,0,14.581,pass,,read_secondary,"{""background_write_acknowledged"": true, ""reads"": [{""version"": 612, ""max_seen_before"": 611, ""violation"": false}, {""version"": 612, ""max_seen_before"": 612, ""violation"": false}]}"
20260919T070425Z_f355fde8,613,normal,1789801474.0794845,1789801474.0957325,16.609,0,16.609,pass,,read_secondary,"{""background_write_acknowledged"": true, ""reads"": [{""version"": 613, ""max_seen_before"": 612, ""violation"": false}, {""version"": 613, ""max_seen_before"": 613, ""violation"": false}]}"
20260919T070425Z_f355fde8,614,normal,1789801474.0957325,1789801474.1118774,15.875,0,15.875,pass,,read_secondary,"{""background_write_acknowledged"": true, ""reads"": [{""version"": 614, ""max_seen_before"": 613, ""violation"": false}, {""version"": 614, ""max_seen_before"": 614, ""violation"": false}]}"
20260919T070425Z_f355fde8,615,normal,1789801474.112257,1789801474.1273885,15.372,0,15.372,pass,,read_secondary,"{""background_write_acknowledged"": true, ""reads"": [{""version"": 615, ""max_seen_before"": 614, ""violation"": false}, {""version"": 615, ""max_seen_before"": 615, ""violation"": false}]}"
20260919T070425Z_f355fde8,616,normal,1789801474.127768,1789801474.1419814,14.143,0,14.143,pass,,read_secondary,"{""background_write_acknowledged"": true, ""reads"": [{""version"": 616, ""max_seen_before"": 615, ""violation"": false}, {""version"": 616, ""max_seen_before"": 616, ""violation"": false}]}"
20260919T070425Z_f355fde8,617,normal,1789801474.1419814,1789801474.1559212,13.939,0,13.939,pass,,read_secondary,"{""background_write_acknowledged"": true, ""reads"": [{""version"": 617, ""max_seen_before"": 616, ""violation"": false}, {""version"": 617, ""max_seen_before"": 617, ""violation"": false}]}"
20260919T070425Z_f355fde8,618,normal,1789801474.1559212,1789801474.1704373,14.965,0,14.965,pass,,read_secondary,"{""background_write_acknowledged"": true, ""reads"": [{""version"": 618, ""max_seen_before"": 617, ""violation"": false}, {""version"": 618, ""max_seen_before"": 618, ""violation"": false}]}"
20260919T070425Z_f355fde8,619,normal,1789801474.1711388,1789801474.1848717,13.703,0,13.703,pass,,read_secondary,"{""background_write_acknowledged"": true, ""reads"": [{""version"": 619, ""max_seen_before"": 618, ""violation"": false}, {""version"": 619, ""max_seen_before"": 619, ""violation"": false}]}"
20260919T070425Z_f355fde8,620,normal,1789801474.1848717,1789801474.1974547,12.79,0,12.79,pass,,read_secondary,"{""background_write_acknowledged"": true, ""reads"": [{""version"": 620, ""max_seen_before"": 619, ""violation"": false}, {""version"": 620, ""max_seen_before"": 620, ""violation"": false}]}"
20260919T070425Z_f355fde8,621,normal,1789801474.1974547,1789801474.210293,12.547,0,12.547,pass,,read_secondary,"{""background_write_acknowledged"": true, ""reads"": [{""version"": 621, ""max_seen_before"": 620, ""violation"": false}, {""version"": 621, ""max_seen_before"": 621, ""violation"": false}]}"
20260919T070425Z_f355fde8,622,normal,1789801474.210293,1789801474.224162,13.871,0,13.871,pass,,read_secondary,"{""background_write_acknowledged"": true, ""reads"": [{""version"": 622, ""max_seen_before"": 621, ""violation"": false}, {""version"": 622, ""max_seen_before"": 622, ""violation"": false}]}"
20260919T070425Z_f355fde8,623,normal,1789801474.224162,1789801474.2366714,12.709,0,12.709,pass,,read_secondary,"{""background_write_acknowledged"": true, ""reads"": [{""version"": 623, ""max_seen_before"": 622, ""violation"": false}, {""version"": 623, ""max_seen_before"": 623, ""violation"": false}]}"
20260919T070425Z_f355fde8,624,normal,1789801474.2372913,1789801474.247916,10.848,0,10.848,pass,,read_secondary,"{""background_write_acknowledged"": true, ""reads"": [{""version"": 624, ""max_seen_before"": 623, ""violation"": false}, {""version"": 624, ""max_seen_before"": 624, ""violation"": false}]}"
20260919T070425Z_f355fde8,625,normal,1789801474.247916,1789801474.2587507,10.977,0,10.977,pass,,read_secondary,"{""background_write_acknowledged"": true, ""reads"": [{""version"": 625, ""max_seen_before"": 624, ""violation"": false}, {""version"": 625, ""max_seen_before"": 625, ""violation"": false}]}"
20260919T070425Z_f355fde8,626,normal,1789801474.2593122,1789801474.269931,11.135,0,11.135,pass,,read_secondary,"{""background_write_acknowledged"": true, ""reads"": [{""version"": 626, ""max_seen_before"": 625, ""violation"": false}, {""version"": 626, ""max_seen_before"": 626, ""violation"": false}]}"
20260919T070425Z_f355fde8,627,normal,1789801474.269931,1789801474.280844,10.621,0,10.621,pass,,read_secondary,"{""background_write_acknowledged"": true, ""reads"": [{""version"": 627, ""max_seen_before"": 626, ""violation"": false}, {""version"": 627, ""max_seen_before"": 627, ""violation"": false}]}"
20260919T070425Z_f355fde8,628,normal,1789801474.280844,1789801474.2924705,11.236,0,11.236,pass,,read_secondary,"{""background_write_acknowledged"": true, ""reads"": [{""version"": 628, ""max_seen_before"": 627, ""violation"": false}, {""version"": 628, ""max_seen_before"": 628, ""violation"": false}]}"
20260919T070425Z_f355fde8,629,normal,1789801474.2924705,1789801474.303545,11.009,0,11.009,pass,,read_secondary,"{""background_write_acknowledged"": true, ""reads"": [{""version"": 629, ""max_seen_before"": 628, ""violation"": false}, {""version"": 629, ""max_seen_before"": 629, ""violation"": false}]}"
20260919T070425Z_f355fde8,630,normal,1789801474.303545,1789801474.3140256,10.886,0,10.886,pass,,read_secondary,"{""background_write_acknowledged"": true, ""reads"": [{""version"": 630, ""max_seen_before"": 629, ""violation"": false}, {""version"": 630, ""max_seen_before"": 630, ""violation"": false}]}"
20260919T070425Z_f355fde8,631,normal,1789801474.3145719,1789801474.3251138,10.697,0,10.697,pass,,read_secondary,"{""background_write_acknowledged"": true, ""reads"": [{""version"": 631, ""max_seen_before"": 630, ""violation"": false}, {""version"": 631, ""max_seen_before"": 631, ""violation"": false}]}"
20260919T070425Z_f355fde8,632,normal,1789801474.3251138,1789801474.336135,11.185,0,11.185,pass,,read_secondary,"{""background_write_acknowledged"": true, ""reads"": [{""version"": 632, ""max_seen_before"": 631, ""violation"": false}, {""version"": 632, ""max_seen_before"": 632, ""violation"": false}]}"
20260919T070425Z_f355fde8,633,normal,1789801474.3367004,1789801474.3483574,12.171,0,12.171,pass,,read_secondary,"{""background_write_acknowledged"": true, ""reads"": [{""version"": 633, ""max_seen_before"": 632, ""violation"": false}, {""version"": 633, ""max_seen_before"": 633, ""violation"": false}]}"
20260919T070425Z_f355fde8,634,normal,1789801474.3489666,1789801474.3613977,12.856,0,12.856,pass,,read_secondary,"{""background_write_acknowledged"": true, ""reads"": [{""version"": 634, ""max_seen_before"": 633, ""violation"": false}, {""version"": 634, ""max_seen_before"": 634, ""violation"": false}]}"
20260919T070425Z_f355fde8,635,normal,1789801474.36191,1789801474.3742235,12.726,0,12.726,pass,,read_secondary,"{""background_write_acknowledged"": true, ""reads"": [{""version"": 635, ""max_seen_before"": 634, ""violation"": false}, {""version"": 635, ""max_seen_before"": 635, ""violation"": false}]}"
20260919T070425Z_f355fde8,636,normal,1789801474.3742235,1789801474.3870912,12.309,0,12.309,pass,,read_secondary,"{""background_write_acknowledged"": true, ""reads"": [{""version"": 636, ""max_seen_before"": 635, ""violation"": false}, {""version"": 636, ""max_seen_before"": 636, ""violation"": false}]}"
20260919T070425Z_f355fde8,637,normal,1789801474.3870912,1789801474.3988729,12.117,0,12.117,pass,,read_secondary,"{""background_write_acknowledged"": true, ""reads"": [{""version"": 637, ""max_seen_before"": 636, ""violation"": false}, {""version"": 637, ""max_seen_before"": 637, ""violation"": false}]}"
20260919T070425Z_f355fde8,638,normal,1789801474.3988729,1789801474.411194,12.006,0,12.006,pass,,read_secondary,"{""background_write_acknowledged"": true, ""reads"": [{""version"": 638, ""max_seen_before"": 637, ""violation"": false}, {""version"": 638, ""max_seen_before"": 638, ""violation"": false}]}"
20260919T070425Z_f355fde8,639,normal,1789801474.411194,1789801474.4230652,11.678,0,11.678,pass,,read_secondary,"{""background_write_acknowledged"": true, ""reads"": [{""version"": 639, ""max_seen_before"": 638, ""violation"": false}, {""version"": 639, ""max_seen_before"": 639, ""violation"": false}]}"
20260919T070425Z_f355fde8,640,normal,1789801474.4230652,1789801474.4347215,11.768,0,11.768,pass,,read_secondary,"{""background_write_acknowledged"": true, ""reads"": [{""version"": 640, ""max_seen_before"": 639, ""violation"": false}, {""version"": 640, ""max_seen_before"": 640, ""violation"": false}]}"
20260919T070425Z_f355fde8,641,normal,1789801474.4347215,1789801474.4466438,11.969,0,11.969,pass,,read_secondary,"{""background_write_acknowledged"": true, ""reads"": [{""version"": 641, ""max_seen_before"": 640, ""violation"": false}, {""version"": 641, ""max_seen_before"": 641, ""violation"": false}]}"
20260919T070425Z_f355fde8,642,normal,1789801474.4472244,1789801474.4585712,11.399,0,11.399,pass,,read_secondary,"{""background_write_acknowledged"": true, ""reads"": [{""version"": 642, ""max_seen_before"": 641, ""violation"": false}, {""version"": 642, ""max_seen_before"": 642, ""violation"": false}]}"
20260919T070425Z_f355fde8,643,normal,1789801474.4585712,1789801474.4696853,11.17,0,11.17,pass,,read_secondary,"{""background_write_acknowledged"": true, ""reads"": [{""version"": 643, ""max_seen_before"": 642, ""violation"": false}, {""version"": 643, ""max_seen_before"": 643, ""violation"": false}]}"
20260919T070425Z_f355fde8,644,normal,1789801474.4696853,1789801474.481152,11.858,0,11.858,pass,,read_secondary,"{""background_write_acknowledged"": true, ""reads"": [{""version"": 644, ""max_seen_before"": 643, ""violation"": false}, {""version"": 644, ""max_seen_before"": 644, ""violation"": false}]}"
20260919T070425Z_f355fde8,645,normal,1789801474.4818463,1789801474.4940042,12.227,0,12.227,pass,,read_secondary,"{""background_write_acknowledged"": true, ""reads"": [{""version"": 645, ""max_seen_before"": 644, ""violation"": false}, {""version"": 645, ""max_seen_before"": 645, ""violation"": false}]}"
20260919T070425Z_f355fde8,646,normal,1789801474.4940042,1789801474.505236,11.286,0,11.286,pass,,read_secondary,"{""background_write_acknowledged"": true, ""reads"": [{""version"": 646, ""max_seen_before"": 645, ""violation"": false}, {""version"": 646, ""max_seen_before"": 646, ""violation"": false}]}"
20260919T070425Z_f355fde8,647,normal,1789801474.505236,1789801474.516597,11.576,0,11.576,pass,,read_secondary,"{""background_write_acknowledged"": true, ""reads"": [{""version"": 647, ""max_seen_before"": 646, ""violation"": false}, {""version"": 647, ""max_seen_before"": 647, ""violation"": false}]}"
20260919T070425Z_f355fde8,648,normal,1789801474.5173306,1789801474.528323,11.471,0,11.471,pass,,read_secondary,"{""background_write_acknowledged"": true, ""reads"": [{""version"": 648, ""max_seen_before"": 647, ""violation"": false}, {""version"": 648, ""max_seen_before"": 648, ""violation"": false}]}"
20260919T070425Z_f355fde8,649,normal,1789801474.5289078,1789801474.5396328,11.134,0,11.134,pass,,read_secondary,"{""background_write_acknowledged"": true, ""reads"": [{""version"": 649, ""max_seen_before"": 648, ""violation"": false}, {""version"": 649, ""max_seen_before"": 649, ""violation"": false}]}"
20260919T070425Z_f355fde8,650,normal,1789801474.5396328,1789801474.5511022,11.592,0,11.592,pass,,read_secondary,"{""background_write_acknowledged"": true, ""reads"": [{""version"": 650, ""max_seen_before"": 649, ""violation"": false}, {""version"": 650, ""max_seen_before"": 650, ""violation"": false}]}"
20260919T070425Z_f355fde8,651,normal,1789801474.5511022,1789801474.563754,12.136,0,12.136,pass,,read_secondary,"{""background_write_acknowledged"": true, ""reads"": [{""version"": 651, ""max_seen_before"": 650, ""violation"": false}, {""version"": 651, ""max_seen_before"": 651, ""violation"": false}]}"
20260919T070425Z_f355fde8,652,normal,1789801474.563754,1789801474.5755212,12.167,0,12.167,pass,,read_secondary,"{""background_write_acknowledged"": true, ""reads"": [{""version"": 652, ""max_seen_before"": 651, ""violation"": false}, {""version"": 652, ""max_seen_before"": 652, ""violation"": false}]}"
20260919T070425Z_f355fde8,653,normal,1789801474.5762475,1789801474.5889077,13.017,0,13.017,pass,,read_secondary,"{""background_write_acknowledged"": true, ""reads"": [{""version"": 653, ""max_seen_before"": 652, ""violation"": false}, {""version"": 653, ""max_seen_before"": 653, ""violation"": false}]}"
20260919T070425Z_f355fde8,654,normal,1789801474.5889077,1789801474.6041355,14.76,0,14.76,pass,,read_secondary,"{""background_write_acknowledged"": true, ""reads"": [{""version"": 654, ""max_seen_before"": 653, ""violation"": false}, {""version"": 654, ""max_seen_before"": 654, ""violation"": false}]}"
20260919T070425Z_f355fde8,655,normal,1789801474.6041355,1789801474.6172557,13.458,0,13.458,pass,,read_secondary,"{""background_write_acknowledged"": true, ""reads"": [{""version"": 655, ""max_seen_before"": 654, ""violation"": false}, {""version"": 655, ""max_seen_before"": 655, ""violation"": false}]}"
20260919T070425Z_f355fde8,656,normal,1789801474.6172557,1789801474.6324282,14.813,0,14.813,pass,,read_secondary,"{""background_write_acknowledged"": true, ""reads"": [{""version"": 656, ""max_seen_before"": 655, ""violation"": false}, {""version"": 656, ""max_seen_before"": 656, ""violation"": false}]}"
20260919T070425Z_f355fde8,657,normal,1789801474.6324282,1789801474.6468532,14.514,0,14.514,pass,,read_secondary,"{""background_write_acknowledged"": true, ""reads"": [{""version"": 657, ""max_seen_before"": 656, ""violation"": false}, {""version"": 657, ""max_seen_before"": 657, ""violation"": false}]}"
20260919T070425Z_f355fde8,658,normal,1789801474.6468532,1789801474.6615093,14.372,0,14.372,pass,,read_secondary,"{""background_write_acknowledged"": true, ""reads"": [{""version"": 658, ""max_seen_before"": 657, ""violation"": false}, {""version"": 658, ""max_seen_before"": 658, ""violation"": false}]}"
20260919T070425Z_f355fde8,659,normal,1789801474.6615093,1789801474.672999,11.756,0,11.756,pass,,read_secondary,"{""background_write_acknowledged"": true, ""reads"": [{""version"": 659, ""max_seen_before"": 658, ""violation"": false}, {""version"": 659, ""max_seen_before"": 659, ""violation"": false}]}"
20260919T070425Z_f355fde8,660,normal,1789801474.6736233,1789801474.6883104,14.706,0,14.706,pass,,read_secondary,"{""background_write_acknowledged"": true, ""reads"": [{""version"": 660, ""max_seen_before"": 659, ""violation"": false}, {""version"": 660, ""max_seen_before"": 660, ""violation"": false}]}"
20260919T070425Z_f355fde8,661,normal,1789801474.6883104,1789801474.7012358,13.287,0,13.287,pass,,read_secondary,"{""background_write_acknowledged"": true, ""reads"": [{""version"": 661, ""max_seen_before"": 660, ""violation"": false}, {""version"": 661, ""max_seen_before"": 661, ""violation"": false}]}"
20260919T070425Z_f355fde8,662,normal,1789801474.7012358,1789801474.715611,14.212,0,14.212,pass,,read_secondary,"{""background_write_acknowledged"": true, ""reads"": [{""version"": 662, ""max_seen_before"": 661, ""violation"": false}, {""version"": 662, ""max_seen_before"": 662, ""violation"": false}]}"
20260919T070425Z_f355fde8,663,normal,1789801474.71619,1789801474.7296507,13.501,0,13.501,pass,,read_secondary,"{""background_write_acknowledged"": true, ""reads"": [{""version"": 663, ""max_seen_before"": 662, ""violation"": false}, {""version"": 663, ""max_seen_before"": 663, ""violation"": false}]}"
20260919T070425Z_f355fde8,664,normal,1789801474.7296507,1789801474.742325,12.601,0,12.601,pass,,read_secondary,"{""background_write_acknowledged"": true, ""reads"": [{""version"": 664, ""max_seen_before"": 663, ""violation"": false}, {""version"": 664, ""max_seen_before"": 664, ""violation"": false}]}"
20260919T070425Z_f355fde8,665,normal,1789801474.742325,1789801474.7559454,13.671,0,13.671,pass,,read_secondary,"{""background_write_acknowledged"": true, ""reads"": [{""version"": 665, ""max_seen_before"": 664, ""violation"": false}, {""version"": 665, ""max_seen_before"": 665, ""violation"": false}]}"
20260919T070425Z_f355fde8,666,normal,1789801474.7559454,1789801474.76847,12.373,0,12.373,pass,,read_secondary,"{""background_write_acknowledged"": true, ""reads"": [{""version"": 666, ""max_seen_before"": 665, ""violation"": false}, {""version"": 666, ""max_seen_before"": 666, ""violation"": false}]}"
20260919T070425Z_f355fde8,667,normal,1789801474.76847,1789801474.7809572,12.027,0,12.027,pass,,read_secondary,"{""background_write_acknowledged"": true, ""reads"": [{""version"": 667, ""max_seen_before"": 666, ""violation"": false}, {""version"": 667, ""max_seen_before"": 667, ""violation"": false}]}"
20260919T070425Z_f355fde8,668,normal,1789801474.7809572,1789801474.7927632,12.001,0,12.001,pass,,read_secondary,"{""background_write_acknowledged"": true, ""reads"": [{""version"": 668, ""max_seen_before"": 667, ""violation"": false}, {""version"": 668, ""max_seen_before"": 668, ""violation"": false}]}"
20260919T070425Z_f355fde8,669,normal,1789801474.7927632,1789801474.8045628,11.793,0,11.793,pass,,read_secondary,"{""background_write_acknowledged"": true, ""reads"": [{""version"": 669, ""max_seen_before"": 668, ""violation"": false}, {""version"": 669, ""max_seen_before"": 669, ""violation"": false}]}"
20260919T070425Z_f355fde8,670,normal,1789801474.8045628,1789801474.8169322,12.1,0,12.1,pass,,read_secondary,"{""background_write_acknowledged"": true, ""reads"": [{""version"": 670, ""max_seen_before"": 669, ""violation"": false}, {""version"": 670, ""max_seen_before"": 670, ""violation"": false}]}"
20260919T070425Z_f355fde8,671,normal,1789801474.8169322,1789801474.8296044,12.71,0,12.71,pass,,read_secondary,"{""background_write_acknowledged"": true, ""reads"": [{""version"": 671, ""max_seen_before"": 670, ""violation"": false}, {""version"": 671, ""max_seen_before"": 671, ""violation"": false}]}"
20260919T070425Z_f355fde8,672,normal,1789801474.8296044,1789801474.841575,11.907,0,11.907,pass,,read_secondary,"{""background_write_acknowledged"": true, ""reads"": [{""version"": 672, ""max_seen_before"": 671, ""violation"": false}, {""version"": 672, ""max_seen_before"": 672, ""violation"": false}]}"
20260919T070425Z_f355fde8,673,normal,1789801474.841575,1789801474.8543365,12.936,0,12.936,pass,,read_secondary,"{""background_write_acknowledged"": true, ""reads"": [{""version"": 673, ""max_seen_before"": 672, ""violation"": false}, {""version"": 673, ""max_seen_before"": 673, ""violation"": false}]}"
20260919T070425Z_f355fde8,674,normal,1789801474.8550339,1789801474.8680513,13.367,0,13.367,pass,,read_secondary,"{""background_write_acknowledged"": true, ""reads"": [{""version"": 674, ""max_seen_before"": 673, ""violation"": false}, {""version"": 674, ""max_seen_before"": 674, ""violation"": false}]}"
20260919T070425Z_f355fde8,675,normal,1789801474.8686597,1789801474.8822267,13.644,0,13.644,pass,,read_secondary,"{""background_write_acknowledged"": true, ""reads"": [{""version"": 675, ""max_seen_before"": 674, ""violation"": false}, {""version"": 675, ""max_seen_before"": 675, ""violation"": false}]}"
20260919T070425Z_f355fde8,676,normal,1789801474.8822267,1789801474.8986137,16.202,0,16.202,pass,,read_secondary,"{""background_write_acknowledged"": true, ""reads"": [{""version"": 676, ""max_seen_before"": 675, ""violation"": false}, {""version"": 676, ""max_seen_before"": 676, ""violation"": false}]}"
20260919T070425Z_f355fde8,677,normal,1789801474.8986137,1789801474.9116228,13.01,0,13.01,pass,,read_secondary,"{""background_write_acknowledged"": true, ""reads"": [{""version"": 677, ""max_seen_before"": 676, ""violation"": false}, {""version"": 677, ""max_seen_before"": 677, ""violation"": false}]}"
20260919T070425Z_f355fde8,678,normal,1789801474.9116228,1789801474.9247801,13.249,0,13.249,pass,,read_secondary,"{""background_write_acknowledged"": true, ""reads"": [{""version"": 678, ""max_seen_before"": 677, ""violation"": false}, {""version"": 678, ""max_seen_before"": 678, ""violation"": false}]}"
20260919T070425Z_f355fde8,679,normal,1789801474.9247801,1789801474.9378083,13.032,0,13.032,pass,,read_secondary,"{""background_write_acknowledged"": true, ""reads"": [{""version"": 679, ""max_seen_before"": 678, ""violation"": false}, {""version"": 679, ""max_seen_before"": 679, ""violation"": false}]}"
20260919T070425Z_f355fde8,680,normal,1789801474.9383283,1789801474.9500542,12.309,0,12.309,pass,,read_secondary,"{""background_write_acknowledged"": true, ""reads"": [{""version"": 680, ""max_seen_before"": 679, ""violation"": false}, {""version"": 680, ""max_seen_before"": 680, ""violation"": false}]}"
20260919T070425Z_f355fde8,681,normal,1789801474.9507463,1789801474.9625773,11.935,0,11.935,pass,,read_secondary,"{""background_write_acknowledged"": true, ""reads"": [{""version"": 681, ""max_seen_before"": 680, ""violation"": false}, {""version"": 681, ""max_seen_before"": 681, ""violation"": false}]}"
20260919T070425Z_f355fde8,682,normal,1789801474.9625773,1789801474.9742925,11.954,0,11.954,pass,,read_secondary,"{""background_write_acknowledged"": true, ""reads"": [{""version"": 682, ""max_seen_before"": 681, ""violation"": false}, {""version"": 682, ""max_seen_before"": 682, ""violation"": false}]}"
20260919T070425Z_f355fde8,683,normal,1789801474.974803,1789801474.987316,12.857,0,12.857,pass,,read_secondary,"{""background_write_acknowledged"": true, ""reads"": [{""version"": 683, ""max_seen_before"": 682, ""violation"": false}, {""version"": 683, ""max_seen_before"": 683, ""violation"": false}]}"
20260919T070425Z_f355fde8,684,normal,1789801474.987316,1789801475.0017607,14.145,0,14.145,pass,,read_secondary,"{""background_write_acknowledged"": true, ""reads"": [{""version"": 684, ""max_seen_before"": 683, ""violation"": false}, {""version"": 684, ""max_seen_before"": 684, ""violation"": false}]}"
20260919T070425Z_f355fde8,685,normal,1789801475.0017607,1789801475.016916,14.921,0,14.921,pass,,read_secondary,"{""background_write_acknowledged"": true, ""reads"": [{""version"": 685, ""max_seen_before"": 684, ""violation"": false}, {""version"": 685, ""max_seen_before"": 685, ""violation"": false}]}"
20260919T070425Z_f355fde8,686,normal,1789801475.016916,1789801475.0304325,13.916,0,13.916,pass,,read_secondary,"{""background_write_acknowledged"": true, ""reads"": [{""version"": 686, ""max_seen_before"": 685, ""violation"": false}, {""version"": 686, ""max_seen_before"": 686, ""violation"": false}]}"
20260919T070425Z_f355fde8,687,normal,1789801475.0310037,1789801475.0438635,12.95,0,12.95,pass,,read_secondary,"{""background_write_acknowledged"": true, ""reads"": [{""version"": 687, ""max_seen_before"": 686, ""violation"": false}, {""version"": 687, ""max_seen_before"": 687, ""violation"": false}]}"
20260919T070425Z_f355fde8,688,normal,1789801475.0438635,1789801475.0553856,11.545,0,11.545,pass,,read_secondary,"{""background_write_acknowledged"": true, ""reads"": [{""version"": 688, ""max_seen_before"": 687, ""violation"": false}, {""version"": 688, ""max_seen_before"": 688, ""violation"": false}]}"
20260919T070425Z_f355fde8,689,normal,1789801475.0553856,1789801475.0691085,13.37,0,13.37,pass,,read_secondary,"{""background_write_acknowledged"": true, ""reads"": [{""version"": 689, ""max_seen_before"": 688, ""violation"": false}, {""version"": 689, ""max_seen_before"": 689, ""violation"": false}]}"
20260919T070425Z_f355fde8,690,normal,1789801475.0691085,1789801475.0819783,12.939,0,12.939,pass,,read_secondary,"{""background_write_acknowledged"": true, ""reads"": [{""version"": 690, ""max_seen_before"": 689, ""violation"": false}, {""version"": 690, ""max_seen_before"": 690, ""violation"": false}]}"
20260919T070425Z_f355fde8,691,normal,1789801475.0819783,1789801475.0934074,11.12,0,11.12,pass,,read_secondary,"{""background_write_acknowledged"": true, ""reads"": [{""version"": 691, ""max_seen_before"": 690, ""violation"": false}, {""version"": 691, ""max_seen_before"": 691, ""violation"": false}]}"
20260919T070425Z_f355fde8,692,normal,1789801475.0934074,1789801475.1055765,12.151,0,12.151,pass,,read_secondary,"{""background_write_acknowledged"": true, ""reads"": [{""version"": 692, ""max_seen_before"": 691, ""violation"": false}, {""version"": 692, ""max_seen_before"": 692, ""violation"": false}]}"
20260919T070425Z_f355fde8,693,normal,1789801475.1055765,1789801475.1179278,12.243,0,12.243,pass,,read_secondary,"{""background_write_acknowledged"": true, ""reads"": [{""version"": 693, ""max_seen_before"": 692, ""violation"": false}, {""version"": 693, ""max_seen_before"": 693, ""violation"": false}]}"
20260919T070425Z_f355fde8,694,normal,1789801475.1179278,1789801475.1294134,11.657,0,11.657,pass,,read_secondary,"{""background_write_acknowledged"": true, ""reads"": [{""version"": 694, ""max_seen_before"": 693, ""violation"": false}, {""version"": 694, ""max_seen_before"": 694, ""violation"": false}]}"
20260919T070425Z_f355fde8,695,normal,1789801475.1294134,1789801475.1417685,11.894,0,11.894,pass,,read_secondary,"{""background_write_acknowledged"": true, ""reads"": [{""version"": 695, ""max_seen_before"": 694, ""violation"": false}, {""version"": 695, ""max_seen_before"": 695, ""violation"": false}]}"
20260919T070425Z_f355fde8,696,normal,1789801475.1417685,1789801475.1547885,13.163,0,13.163,pass,,read_secondary,"{""background_write_acknowledged"": true, ""reads"": [{""version"": 696, ""max_seen_before"": 695, ""violation"": false}, {""version"": 696, ""max_seen_before"": 696, ""violation"": false}]}"
20260919T070425Z_f355fde8,697,normal,1789801475.1547885,1789801475.166999,12.083,0,12.083,pass,,read_secondary,"{""background_write_acknowledged"": true, ""reads"": [{""version"": 697, ""max_seen_before"": 696, ""violation"": false}, {""version"": 697, ""max_seen_before"": 697, ""violation"": false}]}"
20260919T070425Z_f355fde8,698,normal,1789801475.166999,1789801475.17797,11.424,0,11.424,pass,,read_secondary,"{""background_write_acknowledged"": true, ""reads"": [{""version"": 698, ""max_seen_before"": 697, ""violation"": false}, {""version"": 698, ""max_seen_before"": 698, ""violation"": false}]}"
20260919T070425Z_f355fde8,699,normal,1789801475.1787648,1789801475.1907,11.948,0,11.948,pass,,read_secondary,"{""background_write_acknowledged"": true, ""reads"": [{""version"": 699, ""max_seen_before"": 698, ""violation"": false}, {""version"": 699, ""max_seen_before"": 699, ""violation"": false}]}"
20260919T070425Z_f355fde8,700,normal,1789801475.1907,1789801475.2022607,11.481,0,11.481,pass,,read_secondary,"{""background_write_acknowledged"": true, ""reads"": [{""version"": 700, ""max_seen_before"": 699, ""violation"": false}, {""version"": 700, ""max_seen_before"": 700, ""violation"": false}]}"
20260919T070425Z_f355fde8,701,normal,1789801475.2077627,1789801475.2215977,13.878,0,13.878,pass,,read_secondary,"{""background_write_acknowledged"": true, ""reads"": [{""version"": 701, ""max_seen_before"": 700, ""violation"": false}, {""version"": 701, ""max_seen_before"": 701, ""violation"": false}]}"
20260919T070425Z_f355fde8,702,normal,1789801475.2215977,1789801475.2348688,13.549,0,13.549,pass,,read_secondary,"{""background_write_acknowledged"": true, ""reads"": [{""version"": 702, ""max_seen_before"": 701, ""violation"": false}, {""version"": 702, ""max_seen_before"": 702, ""violation"": false}]}"
20260919T070425Z_f355fde8,703,normal,1789801475.235433,1789801475.2471797,11.864,0,11.864,pass,,read_secondary,"{""background_write_acknowledged"": true, ""reads"": [{""version"": 703, ""max_seen_before"": 702, ""violation"": false}, {""version"": 703, ""max_seen_before"": 703, ""violation"": false}]}"
20260919T070425Z_f355fde8,704,normal,1789801475.2471797,1789801475.2605455,13.633,0,13.633,pass,,read_secondary,"{""background_write_acknowledged"": true, ""reads"": [{""version"": 704, ""max_seen_before"": 703, ""violation"": false}, {""version"": 704, ""max_seen_before"": 704, ""violation"": false}]}"
20260919T070425Z_f355fde8,705,normal,1789801475.2612183,1789801475.2757623,14.77,0,14.77,pass,,read_secondary,"{""background_write_acknowledged"": true, ""reads"": [{""version"": 705, ""max_seen_before"": 704, ""violation"": false}, {""version"": 705, ""max_seen_before"": 705, ""violation"": false}]}"
20260919T070425Z_f355fde8,706,normal,1789801475.2757623,1789801475.28783,11.827,0,11.827,pass,,read_secondary,"{""background_write_acknowledged"": true, ""reads"": [{""version"": 706, ""max_seen_before"": 705, ""violation"": false}, {""version"": 706, ""max_seen_before"": 706, ""violation"": false}]}"
20260919T070425Z_f355fde8,707,normal,1789801475.28783,1789801475.2998674,11.903,0,11.903,pass,,read_secondary,"{""background_write_acknowledged"": true, ""reads"": [{""version"": 707, ""max_seen_before"": 706, ""violation"": false}, {""version"": 707, ""max_seen_before"": 707, ""violation"": false}]}"
20260919T070425Z_f355fde8,708,normal,1789801475.2998674,1789801475.3115942,12.105,0,12.105,pass,,read_secondary,"{""background_write_acknowledged"": true, ""reads"": [{""version"": 708, ""max_seen_before"": 707, ""violation"": false}, {""version"": 708, ""max_seen_before"": 708, ""violation"": false}]}"
20260919T070425Z_f355fde8,709,normal,1789801475.3115942,1789801475.322995,11.01,0,11.01,pass,,read_secondary,"{""background_write_acknowledged"": true, ""reads"": [{""version"": 709, ""max_seen_before"": 708, ""violation"": false}, {""version"": 709, ""max_seen_before"": 709, ""violation"": false}]}"
20260919T070425Z_f355fde8,710,normal,1789801475.322995,1789801475.3347464,11.457,0,11.457,pass,,read_secondary,"{""background_write_acknowledged"": true, ""reads"": [{""version"": 710, ""max_seen_before"": 709, ""violation"": false}, {""version"": 710, ""max_seen_before"": 710, ""violation"": false}]}"
20260919T070425Z_f355fde8,711,normal,1789801475.3347464,1789801475.3461514,11.493,0,11.493,pass,,read_secondary,"{""background_write_acknowledged"": true, ""reads"": [{""version"": 711, ""max_seen_before"": 710, ""violation"": false}, {""version"": 711, ""max_seen_before"": 711, ""violation"": false}]}"
20260919T070425Z_f355fde8,712,normal,1789801475.3461514,1789801475.356654,10.817,0,10.817,pass,,read_secondary,"{""background_write_acknowledged"": true, ""reads"": [{""version"": 712, ""max_seen_before"": 711, ""violation"": false}, {""version"": 712, ""max_seen_before"": 712, ""violation"": false}]}"
20260919T070425Z_f355fde8,713,normal,1789801475.357315,1789801475.3687062,11.546,0,11.546,pass,,read_secondary,"{""background_write_acknowledged"": true, ""reads"": [{""version"": 713, ""max_seen_before"": 712, ""violation"": false}, {""version"": 713, ""max_seen_before"": 713, ""violation"": false}]}"
20260919T070425Z_f355fde8,714,normal,1789801475.3687062,1789801475.3814862,12.575,0,12.575,pass,,read_secondary,"{""background_write_acknowledged"": true, ""reads"": [{""version"": 714, ""max_seen_before"": 713, ""violation"": false}, {""version"": 714, ""max_seen_before"": 714, ""violation"": false}]}"
20260919T070425Z_f355fde8,715,normal,1789801475.3814862,1789801475.3946204,13.134,0,13.134,pass,,read_secondary,"{""background_write_acknowledged"": true, ""reads"": [{""version"": 715, ""max_seen_before"": 714, ""violation"": false}, {""version"": 715, ""max_seen_before"": 715, ""violation"": false}]}"
20260919T070425Z_f355fde8,716,normal,1789801475.3946204,1789801475.4059818,11.466,0,11.466,pass,,read_secondary,"{""background_write_acknowledged"": true, ""reads"": [{""version"": 716, ""max_seen_before"": 715, ""violation"": false}, {""version"": 716, ""max_seen_before"": 716, ""violation"": false}]}"
20260919T070425Z_f355fde8,717,normal,1789801475.4059818,1789801475.4174767,11.496,0,11.496,pass,,read_secondary,"{""background_write_acknowledged"": true, ""reads"": [{""version"": 717, ""max_seen_before"": 716, ""violation"": false}, {""version"": 717, ""max_seen_before"": 717, ""violation"": false}]}"
20260919T070425Z_f355fde8,718,normal,1789801475.4180899,1789801475.4305596,12.668,0,12.668,pass,,read_secondary,"{""background_write_acknowledged"": true, ""reads"": [{""version"": 718, ""max_seen_before"": 717, ""violation"": false}, {""version"": 718, ""max_seen_before"": 718, ""violation"": false}]}"
20260919T070425Z_f355fde8,719,normal,1789801475.4305596,1789801475.4420197,11.735,0,11.735,pass,,read_secondary,"{""background_write_acknowledged"": true, ""reads"": [{""version"": 719, ""max_seen_before"": 718, ""violation"": false}, {""version"": 719, ""max_seen_before"": 719, ""violation"": false}]}"
20260919T070425Z_f355fde8,720,normal,1789801475.4420197,1789801475.4540648,11.522,0,11.522,pass,,read_secondary,"{""background_write_acknowledged"": true, ""reads"": [{""version"": 720, ""max_seen_before"": 719, ""violation"": false}, {""version"": 720, ""max_seen_before"": 720, ""violation"": false}]}"
20260919T070425Z_f355fde8,721,normal,1789801475.4540648,1789801475.4661126,12.302,0,12.302,pass,,read_secondary,"{""background_write_acknowledged"": true, ""reads"": [{""version"": 721, ""max_seen_before"": 720, ""violation"": false}, {""version"": 721, ""max_seen_before"": 721, ""violation"": false}]}"
20260919T070425Z_f355fde8,722,normal,1789801475.4661126,1789801475.478343,11.746,0,11.746,pass,,read_secondary,"{""background_write_acknowledged"": true, ""reads"": [{""version"": 722, ""max_seen_before"": 721, ""violation"": false}, {""version"": 722, ""max_seen_before"": 722, ""violation"": false}]}"
20260919T070425Z_f355fde8,723,normal,1789801475.478343,1789801475.4904354,12.075,0,12.075,pass,,read_secondary,"{""background_write_acknowledged"": true, ""reads"": [{""version"": 723, ""max_seen_before"": 722, ""violation"": false}, {""version"": 723, ""max_seen_before"": 723, ""violation"": false}]}"
20260919T070425Z_f355fde8,724,normal,1789801475.4904354,1789801475.5029244,12.176,0,12.176,pass,,read_secondary,"{""background_write_acknowledged"": true, ""reads"": [{""version"": 724, ""max_seen_before"": 723, ""violation"": false}, {""version"": 724, ""max_seen_before"": 724, ""violation"": false}]}"
20260919T070425Z_f355fde8,725,normal,1789801475.5029244,1789801475.5147293,11.943,0,11.943,pass,,read_secondary,"{""background_write_acknowledged"": true, ""reads"": [{""version"": 725, ""max_seen_before"": 724, ""violation"": false}, {""version"": 725, ""max_seen_before"": 725, ""violation"": false}]}"
20260919T070425Z_f355fde8,726,normal,1789801475.5147293,1789801475.5269418,11.91,0,11.91,pass,,read_secondary,"{""background_write_acknowledged"": true, ""reads"": [{""version"": 726, ""max_seen_before"": 725, ""violation"": false}, {""version"": 726, ""max_seen_before"": 726, ""violation"": false}]}"
20260919T070425Z_f355fde8,727,normal,1789801475.5269418,1789801475.5476396,20.747,0,20.747,pass,,read_secondary,"{""background_write_acknowledged"": true, ""reads"": [{""version"": 727, ""max_seen_before"": 726, ""violation"": false}, {""version"": 727, ""max_seen_before"": 727, ""violation"": false}]}"
20260919T070425Z_f355fde8,728,normal,1789801475.5476396,1789801475.5601587,12.897,0,12.897,pass,,read_secondary,"{""background_write_acknowledged"": true, ""reads"": [{""version"": 728, ""max_seen_before"": 727, ""violation"": false}, {""version"": 728, ""max_seen_before"": 728, ""violation"": false}]}"
20260919T070425Z_f355fde8,729,normal,1789801475.5608602,1789801475.5752764,14.391,0,14.391,pass,,read_secondary,"{""background_write_acknowledged"": true, ""reads"": [{""version"": 729, ""max_seen_before"": 728, ""violation"": false}, {""version"": 729, ""max_seen_before"": 729, ""violation"": false}]}"
20260919T070425Z_f355fde8,730,normal,1789801475.5752764,1789801475.588425,13.13,0,13.13,pass,,read_secondary,"{""background_write_acknowledged"": true, ""reads"": [{""version"": 730, ""max_seen_before"": 729, ""violation"": false}, {""version"": 730, ""max_seen_before"": 730, ""violation"": false}]}"
20260919T070425Z_f355fde8,731,normal,1789801475.588425,1789801475.6018941,13.235,0,13.235,pass,,read_secondary,"{""background_write_acknowledged"": true, ""reads"": [{""version"": 731, ""max_seen_before"": 730, ""violation"": false}, {""version"": 731, ""max_seen_before"": 731, ""violation"": false}]}"
20260919T070425Z_f355fde8,732,normal,1789801475.6018941,1789801475.614238,12.705,0,12.705,pass,,read_secondary,"{""background_write_acknowledged"": true, ""reads"": [{""version"": 732, ""max_seen_before"": 731, ""violation"": false}, {""version"": 732, ""max_seen_before"": 732, ""violation"": false}]}"
20260919T070425Z_f355fde8,733,normal,1789801475.6148179,1789801475.6299214,15.409,0,15.409,pass,,read_secondary,"{""background_write_acknowledged"": true, ""reads"": [{""version"": 733, ""max_seen_before"": 732, ""violation"": false}, {""version"": 733, ""max_seen_before"": 733, ""violation"": false}]}"
20260919T070425Z_f355fde8,734,normal,1789801475.6299214,1789801475.6503294,20.061,0,20.061,pass,,read_secondary,"{""background_write_acknowledged"": true, ""reads"": [{""version"": 734, ""max_seen_before"": 733, ""violation"": false}, {""version"": 734, ""max_seen_before"": 734, ""violation"": false}]}"
20260919T070425Z_f355fde8,735,normal,1789801475.6503294,1789801475.7163296,66.158,0,66.158,pass,,read_secondary,"{""background_write_acknowledged"": true, ""reads"": [{""version"": 735, ""max_seen_before"": 734, ""violation"": false}, {""version"": 735, ""max_seen_before"": 735, ""violation"": false}]}"
20260919T070425Z_f355fde8,736,normal,1789801475.7163296,1789801475.7284179,12.101,0,12.101,pass,,read_secondary,"{""background_write_acknowledged"": true, ""reads"": [{""version"": 736, ""max_seen_before"": 735, ""violation"": false}, {""version"": 736, ""max_seen_before"": 736, ""violation"": false}]}"
20260919T070425Z_f355fde8,737,normal,1789801475.7290099,1789801475.7412312,12.452,0,12.452,pass,,read_secondary,"{""background_write_acknowledged"": true, ""reads"": [{""version"": 737, ""max_seen_before"": 736, ""violation"": false}, {""version"": 737, ""max_seen_before"": 737, ""violation"": false}]}"
20260919T070425Z_f355fde8,738,normal,1789801475.7412312,1789801475.7539036,12.707,0,12.707,pass,,read_secondary,"{""background_write_acknowledged"": true, ""reads"": [{""version"": 738, ""max_seen_before"": 737, ""violation"": false}, {""version"": 738, ""max_seen_before"": 738, ""violation"": false}]}"
20260919T070425Z_f355fde8,739,normal,1789801475.7539036,1789801475.7663734,12.09,0,12.09,pass,,read_secondary,"{""background_write_acknowledged"": true, ""reads"": [{""version"": 739, ""max_seen_before"": 738, ""violation"": false}, {""version"": 739, ""max_seen_before"": 739, ""violation"": false}]}"
20260919T070425Z_f355fde8,740,normal,1789801475.7663734,1789801475.780277,14.087,0,14.087,pass,,read_secondary,"{""background_write_acknowledged"": true, ""reads"": [{""version"": 740, ""max_seen_before"": 739, ""violation"": false}, {""version"": 740, ""max_seen_before"": 740, ""violation"": false}]}"
20260919T070425Z_f355fde8,741,normal,1789801475.780277,1789801475.793553,12.724,0,12.724,pass,,read_secondary,"{""background_write_acknowledged"": true, ""reads"": [{""version"": 741, ""max_seen_before"": 740, ""violation"": false}, {""version"": 741, ""max_seen_before"": 741, ""violation"": false}]}"
20260919T070425Z_f355fde8,742,normal,1789801475.793553,1789801475.8044016,11.023,0,11.023,pass,,read_secondary,"{""background_write_acknowledged"": true, ""reads"": [{""version"": 742, ""max_seen_before"": 741, ""violation"": false}, {""version"": 742, ""max_seen_before"": 742, ""violation"": false}]}"
20260919T070425Z_f355fde8,743,normal,1789801475.8044016,1789801475.8156989,11.504,0,11.504,pass,,read_secondary,"{""background_write_acknowledged"": true, ""reads"": [{""version"": 743, ""max_seen_before"": 742, ""violation"": false}, {""version"": 743, ""max_seen_before"": 743, ""violation"": false}]}"
20260919T070425Z_f355fde8,744,normal,1789801475.8163147,1789801475.8289444,12.637,0,12.637,pass,,read_secondary,"{""background_write_acknowledged"": true, ""reads"": [{""version"": 744, ""max_seen_before"": 743, ""violation"": false}, {""version"": 744, ""max_seen_before"": 744, ""violation"": false}]}"
20260919T070425Z_f355fde8,745,normal,1789801475.8289444,1789801475.841372,12.813,0,12.813,pass,,read_secondary,"{""background_write_acknowledged"": true, ""reads"": [{""version"": 745, ""max_seen_before"": 744, ""violation"": false}, {""version"": 745, ""max_seen_before"": 745, ""violation"": false}]}"
20260919T070425Z_f355fde8,746,normal,1789801475.842001,1789801475.8553302,13.844,0,13.844,pass,,read_secondary,"{""background_write_acknowledged"": true, ""reads"": [{""version"": 746, ""max_seen_before"": 745, ""violation"": false}, {""version"": 746, ""max_seen_before"": 746, ""violation"": false}]}"
20260919T070425Z_f355fde8,747,normal,1789801475.855884,1789801475.8677764,12.311,0,12.311,pass,,read_secondary,"{""background_write_acknowledged"": true, ""reads"": [{""version"": 747, ""max_seen_before"": 746, ""violation"": false}, {""version"": 747, ""max_seen_before"": 747, ""violation"": false}]}"
20260919T070425Z_f355fde8,748,normal,1789801475.8677764,1789801475.8800552,11.986,0,11.986,pass,,read_secondary,"{""background_write_acknowledged"": true, ""reads"": [{""version"": 748, ""max_seen_before"": 747, ""violation"": false}, {""version"": 748, ""max_seen_before"": 748, ""violation"": false}]}"
20260919T070425Z_f355fde8,749,normal,1789801475.8800552,1789801475.8920503,11.938,0,11.938,pass,,read_secondary,"{""background_write_acknowledged"": true, ""reads"": [{""version"": 749, ""max_seen_before"": 748, ""violation"": false}, {""version"": 749, ""max_seen_before"": 749, ""violation"": false}]}"
20260919T070425Z_f355fde8,750,normal,1789801475.8920503,1789801475.906628,14.587,0,14.587,pass,,read_secondary,"{""background_write_acknowledged"": true, ""reads"": [{""version"": 750, ""max_seen_before"": 749, ""violation"": false}, {""version"": 750, ""max_seen_before"": 750, ""violation"": false}]}"
20260919T070425Z_f355fde8,751,normal,1789801475.9071622,1789801475.9196272,12.843,0,12.843,pass,,read_secondary,"{""background_write_acknowledged"": true, ""reads"": [{""version"": 751, ""max_seen_before"": 750, ""violation"": false}, {""version"": 751, ""max_seen_before"": 751, ""violation"": false}]}"
20260919T070425Z_f355fde8,752,normal,1789801475.9196272,1789801475.9328218,12.88,0,12.88,pass,,read_secondary,"{""background_write_acknowledged"": true, ""reads"": [{""version"": 752, ""max_seen_before"": 751, ""violation"": false}, {""version"": 752, ""max_seen_before"": 752, ""violation"": false}]}"
20260919T070425Z_f355fde8,753,normal,1789801475.9328218,1789801475.945606,12.527,0,12.527,pass,,read_secondary,"{""background_write_acknowledged"": true, ""reads"": [{""version"": 753, ""max_seen_before"": 752, ""violation"": false}, {""version"": 753, ""max_seen_before"": 753, ""violation"": false}]}"
20260919T070425Z_f355fde8,754,normal,1789801475.945606,1789801475.9599655,14.424,0,14.424,pass,,read_secondary,"{""background_write_acknowledged"": true, ""reads"": [{""version"": 754, ""max_seen_before"": 753, ""violation"": false}, {""version"": 754, ""max_seen_before"": 754, ""violation"": false}]}"
20260919T070425Z_f355fde8,755,normal,1789801475.9599655,1789801475.9727113,12.933,0,12.933,pass,,read_secondary,"{""background_write_acknowledged"": true, ""reads"": [{""version"": 755, ""max_seen_before"": 754, ""violation"": false}, {""version"": 755, ""max_seen_before"": 755, ""violation"": false}]}"
20260919T070425Z_f355fde8,756,normal,1789801475.973293,1789801475.9854493,12.558,0,12.558,pass,,read_secondary,"{""background_write_acknowledged"": true, ""reads"": [{""version"": 756, ""max_seen_before"": 755, ""violation"": false}, {""version"": 756, ""max_seen_before"": 756, ""violation"": false}]}"
20260919T070425Z_f355fde8,757,normal,1789801475.9854493,1789801475.9981928,12.285,0,12.285,pass,,read_secondary,"{""background_write_acknowledged"": true, ""reads"": [{""version"": 757, ""max_seen_before"": 756, ""violation"": false}, {""version"": 757, ""max_seen_before"": 757, ""violation"": false}]}"
20260919T070425Z_f355fde8,758,normal,1789801475.9981928,1789801476.0099466,11.624,0,11.624,pass,,read_secondary,"{""background_write_acknowledged"": true, ""reads"": [{""version"": 758, ""max_seen_before"": 757, ""violation"": false}, {""version"": 758, ""max_seen_before"": 758, ""violation"": false}]}"
20260919T070425Z_f355fde8,759,normal,1789801476.0099466,1789801476.0235426,13.929,0,13.929,pass,,read_secondary,"{""background_write_acknowledged"": true, ""reads"": [{""version"": 759, ""max_seen_before"": 758, ""violation"": false}, {""version"": 759, ""max_seen_before"": 759, ""violation"": false}]}"
20260919T070425Z_f355fde8,760,normal,1789801476.0240917,1789801476.0354059,11.873,0,11.873,pass,,read_secondary,"{""background_write_acknowledged"": true, ""reads"": [{""version"": 760, ""max_seen_before"": 759, ""violation"": false}, {""version"": 760, ""max_seen_before"": 760, ""violation"": false}]}"
20260919T070425Z_f355fde8,761,normal,1789801476.0360177,1789801476.048673,12.744,0,12.744,pass,,read_secondary,"{""background_write_acknowledged"": true, ""reads"": [{""version"": 761, ""max_seen_before"": 760, ""violation"": false}, {""version"": 761, ""max_seen_before"": 761, ""violation"": false}]}"
20260919T070425Z_f355fde8,762,normal,1789801476.048673,1789801476.060332,12.026,0,12.026,pass,,read_secondary,"{""background_write_acknowledged"": true, ""reads"": [{""version"": 762, ""max_seen_before"": 761, ""violation"": false}, {""version"": 762, ""max_seen_before"": 762, ""violation"": false}]}"
20260919T070425Z_f355fde8,763,normal,1789801476.0610096,1789801476.0728164,12.436,0,12.436,pass,,read_secondary,"{""background_write_acknowledged"": true, ""reads"": [{""version"": 763, ""max_seen_before"": 762, ""violation"": false}, {""version"": 763, ""max_seen_before"": 763, ""violation"": false}]}"
20260919T070425Z_f355fde8,764,normal,1789801476.0735803,1789801476.0850534,12.013,0,12.013,pass,,read_secondary,"{""background_write_acknowledged"": true, ""reads"": [{""version"": 764, ""max_seen_before"": 763, ""violation"": false}, {""version"": 764, ""max_seen_before"": 764, ""violation"": false}]}"
20260919T070425Z_f355fde8,765,normal,1789801476.0850534,1789801476.0966341,11.425,0,11.425,pass,,read_secondary,"{""background_write_acknowledged"": true, ""reads"": [{""version"": 765, ""max_seen_before"": 764, ""violation"": false}, {""version"": 765, ""max_seen_before"": 765, ""violation"": false}]}"
20260919T070425Z_f355fde8,766,normal,1789801476.0971732,1789801476.1084106,11.613,0,11.613,pass,,read_secondary,"{""background_write_acknowledged"": true, ""reads"": [{""version"": 766, ""max_seen_before"": 765, ""violation"": false}, {""version"": 766, ""max_seen_before"": 766, ""violation"": false}]}"
20260919T070425Z_f355fde8,767,normal,1789801476.1084106,1789801476.120417,11.621,0,11.621,pass,,read_secondary,"{""background_write_acknowledged"": true, ""reads"": [{""version"": 767, ""max_seen_before"": 766, ""violation"": false}, {""version"": 767, ""max_seen_before"": 767, ""violation"": false}]}"
20260919T070425Z_f355fde8,768,normal,1789801476.120417,1789801476.1343517,13.819,0,13.819,pass,,read_secondary,"{""background_write_acknowledged"": true, ""reads"": [{""version"": 768, ""max_seen_before"": 767, ""violation"": false}, {""version"": 768, ""max_seen_before"": 768, ""violation"": false}]}"
20260919T070425Z_f355fde8,769,normal,1789801476.1343517,1789801476.151046,16.92,0,16.92,pass,,read_secondary,"{""background_write_acknowledged"": true, ""reads"": [{""version"": 769, ""max_seen_before"": 768, ""violation"": false}, {""version"": 769, ""max_seen_before"": 769, ""violation"": false}]}"
20260919T070425Z_f355fde8,770,normal,1789801476.151046,1789801476.1670418,15.95,0,15.95,pass,,read_secondary,"{""background_write_acknowledged"": true, ""reads"": [{""version"": 770, ""max_seen_before"": 769, ""violation"": false}, {""version"": 770, ""max_seen_before"": 770, ""violation"": false}]}"
20260919T070425Z_f355fde8,771,normal,1789801476.167559,1789801476.1810148,13.392,0,13.392,pass,,read_secondary,"{""background_write_acknowledged"": true, ""reads"": [{""version"": 771, ""max_seen_before"": 770, ""violation"": false}, {""version"": 771, ""max_seen_before"": 771, ""violation"": false}]}"
20260919T070425Z_f355fde8,772,normal,1789801476.1810148,1789801476.195887,15.173,0,15.173,pass,,read_secondary,"{""background_write_acknowledged"": true, ""reads"": [{""version"": 772, ""max_seen_before"": 771, ""violation"": false}, {""version"": 772, ""max_seen_before"": 772, ""violation"": false}]}"
20260919T070425Z_f355fde8,773,normal,1789801476.195887,1789801476.2100573,14.421,0,14.421,pass,,read_secondary,"{""background_write_acknowledged"": true, ""reads"": [{""version"": 773, ""max_seen_before"": 772, ""violation"": false}, {""version"": 773, ""max_seen_before"": 773, ""violation"": false}]}"
20260919T070425Z_f355fde8,774,normal,1789801476.2108533,1789801476.22374,13.072,0,13.072,pass,,read_secondary,"{""background_write_acknowledged"": true, ""reads"": [{""version"": 774, ""max_seen_before"": 773, ""violation"": false}, {""version"": 774, ""max_seen_before"": 774, ""violation"": false}]}"
20260919T070425Z_f355fde8,775,normal,1789801476.22374,1789801476.2355301,11.606,0,11.606,pass,,read_secondary,"{""background_write_acknowledged"": true, ""reads"": [{""version"": 775, ""max_seen_before"": 774, ""violation"": false}, {""version"": 775, ""max_seen_before"": 775, ""violation"": false}]}"
20260919T070425Z_f355fde8,776,normal,1789801476.2355301,1789801476.247196,11.528,0,11.528,pass,,read_secondary,"{""background_write_acknowledged"": true, ""reads"": [{""version"": 776, ""max_seen_before"": 775, ""violation"": false}, {""version"": 776, ""max_seen_before"": 776, ""violation"": false}]}"
20260919T070425Z_f355fde8,777,normal,1789801476.247196,1789801476.2612815,14.061,0,14.061,pass,,read_secondary,"{""background_write_acknowledged"": true, ""reads"": [{""version"": 777, ""max_seen_before"": 776, ""violation"": false}, {""version"": 777, ""max_seen_before"": 777, ""violation"": false}]}"
20260919T070425Z_f355fde8,778,normal,1789801476.2612815,1789801476.2759516,14.846,0,14.846,pass,,read_secondary,"{""background_write_acknowledged"": true, ""reads"": [{""version"": 778, ""max_seen_before"": 777, ""violation"": false}, {""version"": 778, ""max_seen_before"": 778, ""violation"": false}]}"
20260919T070425Z_f355fde8,779,normal,1789801476.2759516,1789801476.2933779,17.625,0,17.625,pass,,read_secondary,"{""background_write_acknowledged"": true, ""reads"": [{""version"": 779, ""max_seen_before"": 778, ""violation"": false}, {""version"": 779, ""max_seen_before"": 779, ""violation"": false}]}"
20260919T070425Z_f355fde8,780,normal,1789801476.2941,1789801476.3119388,17.779,0,17.779,pass,,read_secondary,"{""background_write_acknowledged"": true, ""reads"": [{""version"": 780, ""max_seen_before"": 779, ""violation"": false}, {""version"": 780, ""max_seen_before"": 780, ""violation"": false}]}"
20260919T070425Z_f355fde8,781,normal,1789801476.3119388,1789801476.3255138,13.321,0,13.321,pass,,read_secondary,"{""background_write_acknowledged"": true, ""reads"": [{""version"": 781, ""max_seen_before"": 780, ""violation"": false}, {""version"": 781, ""max_seen_before"": 781, ""violation"": false}]}"
20260919T070425Z_f355fde8,782,normal,1789801476.3255138,1789801476.337903,12.688,0,12.688,pass,,read_secondary,"{""background_write_acknowledged"": true, ""reads"": [{""version"": 782, ""max_seen_before"": 781, ""violation"": false}, {""version"": 782, ""max_seen_before"": 782, ""violation"": false}]}"
20260919T070425Z_f355fde8,783,normal,1789801476.337903,1789801476.3502564,11.883,0,11.883,pass,,read_secondary,"{""background_write_acknowledged"": true, ""reads"": [{""version"": 783, ""max_seen_before"": 782, ""violation"": false}, {""version"": 783, ""max_seen_before"": 783, ""violation"": false}]}"
20260919T070425Z_f355fde8,784,normal,1789801476.3502564,1789801476.3614726,11.753,0,11.753,pass,,read_secondary,"{""background_write_acknowledged"": true, ""reads"": [{""version"": 784, ""max_seen_before"": 783, ""violation"": false}, {""version"": 784, ""max_seen_before"": 784, ""violation"": false}]}"
20260919T070425Z_f355fde8,785,normal,1789801476.3622558,1789801476.3732467,11.443,0,11.443,pass,,read_secondary,"{""background_write_acknowledged"": true, ""reads"": [{""version"": 785, ""max_seen_before"": 784, ""violation"": false}, {""version"": 785, ""max_seen_before"": 785, ""violation"": false}]}"
20260919T070425Z_f355fde8,786,normal,1789801476.3732467,1789801476.3851106,11.937,0,11.937,pass,,read_secondary,"{""background_write_acknowledged"": true, ""reads"": [{""version"": 786, ""max_seen_before"": 785, ""violation"": false}, {""version"": 786, ""max_seen_before"": 786, ""violation"": false}]}"
20260919T070425Z_f355fde8,787,normal,1789801476.3857458,1789801476.3991504,13.602,0,13.602,pass,,read_secondary,"{""background_write_acknowledged"": true, ""reads"": [{""version"": 787, ""max_seen_before"": 786, ""violation"": false}, {""version"": 787, ""max_seen_before"": 787, ""violation"": false}]}"
20260919T070425Z_f355fde8,788,normal,1789801476.3991504,1789801476.413962,14.65,0,14.65,pass,,read_secondary,"{""background_write_acknowledged"": true, ""reads"": [{""version"": 788, ""max_seen_before"": 787, ""violation"": false}, {""version"": 788, ""max_seen_before"": 788, ""violation"": false}]}"
20260919T070425Z_f355fde8,789,normal,1789801476.413962,1789801476.4288092,14.754,0,14.754,pass,,read_secondary,"{""background_write_acknowledged"": true, ""reads"": [{""version"": 789, ""max_seen_before"": 788, ""violation"": false}, {""version"": 789, ""max_seen_before"": 789, ""violation"": false}]}"
20260919T070425Z_f355fde8,790,normal,1789801476.4288092,1789801476.4444818,15.791,0,15.791,pass,,read_secondary,"{""background_write_acknowledged"": true, ""reads"": [{""version"": 790, ""max_seen_before"": 789, ""violation"": false}, {""version"": 790, ""max_seen_before"": 790, ""violation"": false}]}"
20260919T070425Z_f355fde8,791,normal,1789801476.4444818,1789801476.464448,19.859,0,19.859,pass,,read_secondary,"{""background_write_acknowledged"": true, ""reads"": [{""version"": 791, ""max_seen_before"": 790, ""violation"": false}, {""version"": 791, ""max_seen_before"": 791, ""violation"": false}]}"
20260919T070425Z_f355fde8,792,normal,1789801476.464448,1789801476.4819374,16.917,0,16.917,pass,,read_secondary,"{""background_write_acknowledged"": true, ""reads"": [{""version"": 792, ""max_seen_before"": 791, ""violation"": false}, {""version"": 792, ""max_seen_before"": 792, ""violation"": false}]}"
20260919T070425Z_f355fde8,793,normal,1789801476.4819374,1789801476.4971576,15.589,0,15.589,pass,,read_secondary,"{""background_write_acknowledged"": true, ""reads"": [{""version"": 793, ""max_seen_before"": 792, ""violation"": false}, {""version"": 793, ""max_seen_before"": 793, ""violation"": false}]}"
20260919T070425Z_f355fde8,794,normal,1789801476.4971576,1789801476.5096083,12.509,0,12.509,pass,,read_secondary,"{""background_write_acknowledged"": true, ""reads"": [{""version"": 794, ""max_seen_before"": 793, ""violation"": false}, {""version"": 794, ""max_seen_before"": 794, ""violation"": false}]}"
20260919T070425Z_f355fde8,795,normal,1789801476.5102327,1789801476.523447,13.149,0,13.149,pass,,read_secondary,"{""background_write_acknowledged"": true, ""reads"": [{""version"": 795, ""max_seen_before"": 794, ""violation"": false}, {""version"": 795, ""max_seen_before"": 795, ""violation"": false}]}"
20260919T070425Z_f355fde8,796,normal,1789801476.523447,1789801476.5370562,13.458,0,13.458,pass,,read_secondary,"{""background_write_acknowledged"": true, ""reads"": [{""version"": 796, ""max_seen_before"": 795, ""violation"": false}, {""version"": 796, ""max_seen_before"": 796, ""violation"": false}]}"
20260919T070425Z_f355fde8,797,normal,1789801476.5370562,1789801476.5490556,12.345,0,12.345,pass,,read_secondary,"{""background_write_acknowledged"": true, ""reads"": [{""version"": 797, ""max_seen_before"": 796, ""violation"": false}, {""version"": 797, ""max_seen_before"": 797, ""violation"": false}]}"
20260919T070425Z_f355fde8,798,normal,1789801476.5490556,1789801476.5605652,11.521,0,11.521,pass,,read_secondary,"{""background_write_acknowledged"": true, ""reads"": [{""version"": 798, ""max_seen_before"": 797, ""violation"": false}, {""version"": 798, ""max_seen_before"": 798, ""violation"": false}]}"
20260919T070425Z_f355fde8,799,normal,1789801476.5611415,1789801476.5737329,12.886,0,12.886,pass,,read_secondary,"{""background_write_acknowledged"": true, ""reads"": [{""version"": 799, ""max_seen_before"": 798, ""violation"": false}, {""version"": 799, ""max_seen_before"": 799, ""violation"": false}]}"
20260919T070425Z_f355fde8,800,normal,1789801476.5737329,1789801476.585818,12.002,0,12.002,pass,,read_secondary,"{""background_write_acknowledged"": true, ""reads"": [{""version"": 800, ""max_seen_before"": 799, ""violation"": false}, {""version"": 800, ""max_seen_before"": 800, ""violation"": false}]}"
20260919T070425Z_f355fde8,801,normal,1789801476.591041,1789801476.604273,13.323,0,13.323,pass,,read_secondary,"{""background_write_acknowledged"": true, ""reads"": [{""version"": 801, ""max_seen_before"": 800, ""violation"": false}, {""version"": 801, ""max_seen_before"": 801, ""violation"": false}]}"
20260919T070425Z_f355fde8,802,normal,1789801476.604273,1789801476.6174018,13.121,0,13.121,pass,,read_secondary,"{""background_write_acknowledged"": true, ""reads"": [{""version"": 802, ""max_seen_before"": 801, ""violation"": false}, {""version"": 802, ""max_seen_before"": 802, ""violation"": false}]}"
20260919T070425Z_f355fde8,803,normal,1789801476.6174018,1789801476.6299047,12.498,0,12.498,pass,,read_secondary,"{""background_write_acknowledged"": true, ""reads"": [{""version"": 803, ""max_seen_before"": 802, ""violation"": false}, {""version"": 803, ""max_seen_before"": 803, ""violation"": false}]}"
20260919T070425Z_f355fde8,804,normal,1789801476.630508,1789801476.643524,13.356,0,13.356,pass,,read_secondary,"{""background_write_acknowledged"": true, ""reads"": [{""version"": 804, ""max_seen_before"": 803, ""violation"": false}, {""version"": 804, ""max_seen_before"": 804, ""violation"": false}]}"
20260919T070425Z_f355fde8,805,normal,1789801476.643524,1789801476.656537,12.777,0,12.777,pass,,read_secondary,"{""background_write_acknowledged"": true, ""reads"": [{""version"": 805, ""max_seen_before"": 804, ""violation"": false}, {""version"": 805, ""max_seen_before"": 805, ""violation"": false}]}"
20260919T070425Z_f355fde8,806,normal,1789801476.656537,1789801476.66868,12.145,0,12.145,pass,,read_secondary,"{""background_write_acknowledged"": true, ""reads"": [{""version"": 806, ""max_seen_before"": 805, ""violation"": false}, {""version"": 806, ""max_seen_before"": 806, ""violation"": false}]}"
20260919T070425Z_f355fde8,807,normal,1789801476.66868,1789801476.6813078,12.377,0,12.377,pass,,read_secondary,"{""background_write_acknowledged"": true, ""reads"": [{""version"": 807, ""max_seen_before"": 806, ""violation"": false}, {""version"": 807, ""max_seen_before"": 807, ""violation"": false}]}"
20260919T070425Z_f355fde8,808,normal,1789801476.6813078,1789801476.6955504,13.943,0,13.943,pass,,read_secondary,"{""background_write_acknowledged"": true, ""reads"": [{""version"": 808, ""max_seen_before"": 807, ""violation"": false}, {""version"": 808, ""max_seen_before"": 808, ""violation"": false}]}"
20260919T070425Z_f355fde8,809,normal,1789801476.6955504,1789801476.7090812,13.827,0,13.827,pass,,read_secondary,"{""background_write_acknowledged"": true, ""reads"": [{""version"": 809, ""max_seen_before"": 808, ""violation"": false}, {""version"": 809, ""max_seen_before"": 809, ""violation"": false}]}"
20260919T070425Z_f355fde8,810,normal,1789801476.7090812,1789801476.7210119,11.583,0,11.583,pass,,read_secondary,"{""background_write_acknowledged"": true, ""reads"": [{""version"": 810, ""max_seen_before"": 809, ""violation"": false}, {""version"": 810, ""max_seen_before"": 810, ""violation"": false}]}"
20260919T070425Z_f355fde8,811,normal,1789801476.7210119,1789801476.7336147,12.432,0,12.432,pass,,read_secondary,"{""background_write_acknowledged"": true, ""reads"": [{""version"": 811, ""max_seen_before"": 810, ""violation"": false}, {""version"": 811, ""max_seen_before"": 811, ""violation"": false}]}"
20260919T070425Z_f355fde8,812,normal,1789801476.7336147,1789801476.7457876,12.383,0,12.383,pass,,read_secondary,"{""background_write_acknowledged"": true, ""reads"": [{""version"": 812, ""max_seen_before"": 811, ""violation"": false}, {""version"": 812, ""max_seen_before"": 812, ""violation"": false}]}"
20260919T070425Z_f355fde8,813,normal,1789801476.7457876,1789801476.759011,12.72,0,12.72,pass,,read_secondary,"{""background_write_acknowledged"": true, ""reads"": [{""version"": 813, ""max_seen_before"": 812, ""violation"": false}, {""version"": 813, ""max_seen_before"": 813, ""violation"": false}]}"
20260919T070425Z_f355fde8,814,normal,1789801476.759011,1789801476.7715023,12.824,0,12.824,pass,,read_secondary,"{""background_write_acknowledged"": true, ""reads"": [{""version"": 814, ""max_seen_before"": 813, ""violation"": false}, {""version"": 814, ""max_seen_before"": 814, ""violation"": false}]}"
20260919T070425Z_f355fde8,815,normal,1789801476.7715023,1789801476.7864225,14.484,0,14.484,pass,,read_secondary,"{""background_write_acknowledged"": true, ""reads"": [{""version"": 815, ""max_seen_before"": 814, ""violation"": false}, {""version"": 815, ""max_seen_before"": 815, ""violation"": false}]}"
20260919T070425Z_f355fde8,816,normal,1789801476.7864225,1789801476.8008952,14.249,0,14.249,pass,,read_secondary,"{""background_write_acknowledged"": true, ""reads"": [{""version"": 816, ""max_seen_before"": 815, ""violation"": false}, {""version"": 816, ""max_seen_before"": 816, ""violation"": false}]}"
20260919T070425Z_f355fde8,817,normal,1789801476.8008952,1789801476.8158624,15.346,0,15.346,pass,,read_secondary,"{""background_write_acknowledged"": true, ""reads"": [{""version"": 817, ""max_seen_before"": 816, ""violation"": false}, {""version"": 817, ""max_seen_before"": 817, ""violation"": false}]}"
20260919T070425Z_f355fde8,818,normal,1789801476.8158624,1789801476.8341722,17.716,0,17.716,pass,,read_secondary,"{""background_write_acknowledged"": true, ""reads"": [{""version"": 818, ""max_seen_before"": 817, ""violation"": false}, {""version"": 818, ""max_seen_before"": 818, ""violation"": false}]}"
20260919T070425Z_f355fde8,819,normal,1789801476.8341722,1789801476.851453,17.13,0,17.13,pass,,read_secondary,"{""background_write_acknowledged"": true, ""reads"": [{""version"": 819, ""max_seen_before"": 818, ""violation"": false}, {""version"": 819, ""max_seen_before"": 819, ""violation"": false}]}"
20260919T070425Z_f355fde8,820,normal,1789801476.851453,1789801476.865339,13.946,0,13.946,pass,,read_secondary,"{""background_write_acknowledged"": true, ""reads"": [{""version"": 820, ""max_seen_before"": 819, ""violation"": false}, {""version"": 820, ""max_seen_before"": 820, ""violation"": false}]}"
20260919T070425Z_f355fde8,821,normal,1789801476.865339,1789801476.8772283,11.52,0,11.52,pass,,read_secondary,"{""background_write_acknowledged"": true, ""reads"": [{""version"": 821, ""max_seen_before"": 820, ""violation"": false}, {""version"": 821, ""max_seen_before"": 821, ""violation"": false}]}"
20260919T070425Z_f355fde8,822,normal,1789801476.8772283,1789801476.89216,14.86,0,14.86,pass,,read_secondary,"{""background_write_acknowledged"": true, ""reads"": [{""version"": 822, ""max_seen_before"": 821, ""violation"": false}, {""version"": 822, ""max_seen_before"": 822, ""violation"": false}]}"
20260919T070425Z_f355fde8,823,normal,1789801476.89216,1789801476.9062715,14.251,0,14.251,pass,,read_secondary,"{""background_write_acknowledged"": true, ""reads"": [{""version"": 823, ""max_seen_before"": 822, ""violation"": false}, {""version"": 823, ""max_seen_before"": 823, ""violation"": false}]}"
20260919T070425Z_f355fde8,824,normal,1789801476.9062715,1789801476.9201128,14.097,0,14.097,pass,,read_secondary,"{""background_write_acknowledged"": true, ""reads"": [{""version"": 824, ""max_seen_before"": 823, ""violation"": false}, {""version"": 824, ""max_seen_before"": 824, ""violation"": false}]}"
20260919T070425Z_f355fde8,825,normal,1789801476.920788,1789801476.9333987,12.692,0,12.692,pass,,read_secondary,"{""background_write_acknowledged"": true, ""reads"": [{""version"": 825, ""max_seen_before"": 824, ""violation"": false}, {""version"": 825, ""max_seen_before"": 825, ""violation"": false}]}"
20260919T070425Z_f355fde8,826,normal,1789801476.9333987,1789801476.944453,10.997,0,10.997,pass,,read_secondary,"{""background_write_acknowledged"": true, ""reads"": [{""version"": 826, ""max_seen_before"": 825, ""violation"": false}, {""version"": 826, ""max_seen_before"": 826, ""violation"": false}]}"
20260919T070425Z_f355fde8,827,normal,1789801476.944453,1789801476.9560742,11.63,0,11.63,pass,,read_secondary,"{""background_write_acknowledged"": true, ""reads"": [{""version"": 827, ""max_seen_before"": 826, ""violation"": false}, {""version"": 827, ""max_seen_before"": 827, ""violation"": false}]}"
20260919T070425Z_f355fde8,828,normal,1789801476.9560742,1789801476.967495,11.329,0,11.329,pass,,read_secondary,"{""background_write_acknowledged"": true, ""reads"": [{""version"": 828, ""max_seen_before"": 827, ""violation"": false}, {""version"": 828, ""max_seen_before"": 828, ""violation"": false}]}"
20260919T070425Z_f355fde8,829,normal,1789801476.967495,1789801476.978717,11.089,0,11.089,pass,,read_secondary,"{""background_write_acknowledged"": true, ""reads"": [{""version"": 829, ""max_seen_before"": 828, ""violation"": false}, {""version"": 829, ""max_seen_before"": 829, ""violation"": false}]}"
20260919T070425Z_f355fde8,830,normal,1789801476.978717,1789801476.9895632,11.027,0,11.027,pass,,read_secondary,"{""background_write_acknowledged"": true, ""reads"": [{""version"": 830, ""max_seen_before"": 829, ""violation"": false}, {""version"": 830, ""max_seen_before"": 830, ""violation"": false}]}"
20260919T070425Z_f355fde8,831,normal,1789801476.9895632,1789801477.0012362,11.273,0,11.273,pass,,read_secondary,"{""background_write_acknowledged"": true, ""reads"": [{""version"": 831, ""max_seen_before"": 830, ""violation"": false}, {""version"": 831, ""max_seen_before"": 831, ""violation"": false}]}"
20260919T070425Z_f355fde8,832,normal,1789801477.0012362,1789801477.0120475,10.828,0,10.828,pass,,read_secondary,"{""background_write_acknowledged"": true, ""reads"": [{""version"": 832, ""max_seen_before"": 831, ""violation"": false}, {""version"": 832, ""max_seen_before"": 832, ""violation"": false}]}"
20260919T070425Z_f355fde8,833,normal,1789801477.0120475,1789801477.0220554,9.908,0,9.908,pass,,read_secondary,"{""background_write_acknowledged"": true, ""reads"": [{""version"": 833, ""max_seen_before"": 832, ""violation"": false}, {""version"": 833, ""max_seen_before"": 833, ""violation"": false}]}"
20260919T070425Z_f355fde8,834,normal,1789801477.0220554,1789801477.0322878,9.957,0,9.957,pass,,read_secondary,"{""background_write_acknowledged"": true, ""reads"": [{""version"": 834, ""max_seen_before"": 833, ""violation"": false}, {""version"": 834, ""max_seen_before"": 834, ""violation"": false}]}"
20260919T070425Z_f355fde8,835,normal,1789801477.0322878,1789801477.0427024,10.798,0,10.798,pass,,read_secondary,"{""background_write_acknowledged"": true, ""reads"": [{""version"": 835, ""max_seen_before"": 834, ""violation"": false}, {""version"": 835, ""max_seen_before"": 835, ""violation"": false}]}"
20260919T070425Z_f355fde8,836,normal,1789801477.0432968,1789801477.0543458,11.097,0,11.097,pass,,read_secondary,"{""background_write_acknowledged"": true, ""reads"": [{""version"": 836, ""max_seen_before"": 835, ""violation"": false}, {""version"": 836, ""max_seen_before"": 836, ""violation"": false}]}"
20260919T070425Z_f355fde8,837,normal,1789801477.0543458,1789801477.0644403,10.051,0,10.051,pass,,read_secondary,"{""background_write_acknowledged"": true, ""reads"": [{""version"": 837, ""max_seen_before"": 836, ""violation"": false}, {""version"": 837, ""max_seen_before"": 837, ""violation"": false}]}"
20260919T070425Z_f355fde8,838,normal,1789801477.0644403,1789801477.0736332,9.412,0,9.412,pass,,read_secondary,"{""background_write_acknowledged"": true, ""reads"": [{""version"": 838, ""max_seen_before"": 837, ""violation"": false}, {""version"": 838, ""max_seen_before"": 838, ""violation"": false}]}"
20260919T070425Z_f355fde8,839,normal,1789801477.0736332,1789801477.0835009,9.735,0,9.735,pass,,read_secondary,"{""background_write_acknowledged"": true, ""reads"": [{""version"": 839, ""max_seen_before"": 838, ""violation"": false}, {""version"": 839, ""max_seen_before"": 839, ""violation"": false}]}"
20260919T070425Z_f355fde8,840,normal,1789801477.0835009,1789801477.0955446,12.084,0,12.084,pass,,read_secondary,"{""background_write_acknowledged"": true, ""reads"": [{""version"": 840, ""max_seen_before"": 839, ""violation"": false}, {""version"": 840, ""max_seen_before"": 840, ""violation"": false}]}"
20260919T070425Z_f355fde8,841,normal,1789801477.0961506,1789801477.11161,15.689,0,15.689,pass,,read_secondary,"{""background_write_acknowledged"": true, ""reads"": [{""version"": 841, ""max_seen_before"": 840, ""violation"": false}, {""version"": 841, ""max_seen_before"": 841, ""violation"": false}]}"
20260919T070425Z_f355fde8,842,normal,1789801477.11161,1789801477.1268678,15.383,0,15.383,pass,,read_secondary,"{""background_write_acknowledged"": true, ""reads"": [{""version"": 842, ""max_seen_before"": 841, ""violation"": false}, {""version"": 842, ""max_seen_before"": 842, ""violation"": false}]}"
20260919T070425Z_f355fde8,843,normal,1789801477.127488,1789801477.142576,14.998,0,14.998,pass,,read_secondary,"{""background_write_acknowledged"": true, ""reads"": [{""version"": 843, ""max_seen_before"": 842, ""violation"": false}, {""version"": 843, ""max_seen_before"": 843, ""violation"": false}]}"
20260919T070425Z_f355fde8,844,normal,1789801477.142576,1789801477.159789,17.394,0,17.394,pass,,read_secondary,"{""background_write_acknowledged"": true, ""reads"": [{""version"": 844, ""max_seen_before"": 843, ""violation"": false}, {""version"": 844, ""max_seen_before"": 844, ""violation"": false}]}"
20260919T070425Z_f355fde8,845,normal,1789801477.159789,1789801477.181822,21.581,0,21.581,pass,,read_secondary,"{""background_write_acknowledged"": true, ""reads"": [{""version"": 845, ""max_seen_before"": 844, ""violation"": false}, {""version"": 845, ""max_seen_before"": 845, ""violation"": false}]}"
20260919T070425Z_f355fde8,846,normal,1789801477.181822,1789801477.2014353,19.458,0,19.458,pass,,read_secondary,"{""background_write_acknowledged"": true, ""reads"": [{""version"": 846, ""max_seen_before"": 845, ""violation"": false}, {""version"": 846, ""max_seen_before"": 846, ""violation"": false}]}"
20260919T070425Z_f355fde8,847,normal,1789801477.2014353,1789801477.216047,14.844,0,14.844,pass,,read_secondary,"{""background_write_acknowledged"": true, ""reads"": [{""version"": 847, ""max_seen_before"": 846, ""violation"": false}, {""version"": 847, ""max_seen_before"": 847, ""violation"": false}]}"
20260919T070425Z_f355fde8,848,normal,1789801477.2166626,1789801477.2287233,12.115,0,12.115,pass,,read_secondary,"{""background_write_acknowledged"": true, ""reads"": [{""version"": 848, ""max_seen_before"": 847, ""violation"": false}, {""version"": 848, ""max_seen_before"": 848, ""violation"": false}]}"
20260919T070425Z_f355fde8,849,normal,1789801477.2287233,1789801477.2407947,12.254,0,12.254,pass,,read_secondary,"{""background_write_acknowledged"": true, ""reads"": [{""version"": 849, ""max_seen_before"": 848, ""violation"": false}, {""version"": 849, ""max_seen_before"": 849, ""violation"": false}]}"
20260919T070425Z_f355fde8,850,normal,1789801477.2407947,1789801477.2520907,11.219,0,11.219,pass,,read_secondary,"{""background_write_acknowledged"": true, ""reads"": [{""version"": 850, ""max_seen_before"": 849, ""violation"": false}, {""version"": 850, ""max_seen_before"": 850, ""violation"": false}]}"
20260919T070425Z_f355fde8,851,normal,1789801477.2525957,1789801477.263658,11.14,0,11.14,pass,,read_secondary,"{""background_write_acknowledged"": true, ""reads"": [{""version"": 851, ""max_seen_before"": 850, ""violation"": false}, {""version"": 851, ""max_seen_before"": 851, ""violation"": false}]}"
20260919T070425Z_f355fde8,852,normal,1789801477.263658,1789801477.275651,11.766,0,11.766,pass,,read_secondary,"{""background_write_acknowledged"": true, ""reads"": [{""version"": 852, ""max_seen_before"": 851, ""violation"": false}, {""version"": 852, ""max_seen_before"": 852, ""violation"": false}]}"
20260919T070425Z_f355fde8,853,normal,1789801477.275651,1789801477.286345,11.224,0,11.224,pass,,read_secondary,"{""background_write_acknowledged"": true, ""reads"": [{""version"": 853, ""max_seen_before"": 852, ""violation"": false}, {""version"": 853, ""max_seen_before"": 853, ""violation"": false}]}"
20260919T070425Z_f355fde8,854,normal,1789801477.2869964,1789801477.298888,12.224,0,12.224,pass,,read_secondary,"{""background_write_acknowledged"": true, ""reads"": [{""version"": 854, ""max_seen_before"": 853, ""violation"": false}, {""version"": 854, ""max_seen_before"": 854, ""violation"": false}]}"
20260919T070425Z_f355fde8,855,normal,1789801477.298888,1789801477.3100307,12.073,0,12.073,pass,,read_secondary,"{""background_write_acknowledged"": true, ""reads"": [{""version"": 855, ""max_seen_before"": 854, ""violation"": false}, {""version"": 855, ""max_seen_before"": 855, ""violation"": false}]}"
20260919T070425Z_f355fde8,856,normal,1789801477.3100307,1789801477.3226733,11.433,0,11.433,pass,,read_secondary,"{""background_write_acknowledged"": true, ""reads"": [{""version"": 856, ""max_seen_before"": 855, ""violation"": false}, {""version"": 856, ""max_seen_before"": 856, ""violation"": false}]}"
20260919T070425Z_f355fde8,857,normal,1789801477.3226733,1789801477.3354287,12.816,0,12.816,pass,,read_secondary,"{""background_write_acknowledged"": true, ""reads"": [{""version"": 857, ""max_seen_before"": 856, ""violation"": false}, {""version"": 857, ""max_seen_before"": 857, ""violation"": false}]}"
20260919T070425Z_f355fde8,858,normal,1789801477.3359451,1789801477.3479195,12.19,0,12.19,pass,,read_secondary,"{""background_write_acknowledged"": true, ""reads"": [{""version"": 858, ""max_seen_before"": 857, ""violation"": false}, {""version"": 858, ""max_seen_before"": 858, ""violation"": false}]}"
20260919T070425Z_f355fde8,859,normal,1789801477.3479195,1789801477.3602228,12.356,0,12.356,pass,,read_secondary,"{""background_write_acknowledged"": true, ""reads"": [{""version"": 859, ""max_seen_before"": 858, ""violation"": false}, {""version"": 859, ""max_seen_before"": 859, ""violation"": false}]}"
20260919T070425Z_f355fde8,860,normal,1789801477.3602228,1789801477.3726606,12.218,0,12.218,pass,,read_secondary,"{""background_write_acknowledged"": true, ""reads"": [{""version"": 860, ""max_seen_before"": 859, ""violation"": false}, {""version"": 860, ""max_seen_before"": 860, ""violation"": false}]}"
20260919T070425Z_f355fde8,861,normal,1789801477.3726606,1789801477.3861058,13.573,0,13.573,pass,,read_secondary,"{""background_write_acknowledged"": true, ""reads"": [{""version"": 861, ""max_seen_before"": 860, ""violation"": false}, {""version"": 861, ""max_seen_before"": 861, ""violation"": false}]}"
20260919T070425Z_f355fde8,862,normal,1789801477.386904,1789801477.4001648,13.298,0,13.298,pass,,read_secondary,"{""background_write_acknowledged"": true, ""reads"": [{""version"": 862, ""max_seen_before"": 861, ""violation"": false}, {""version"": 862, ""max_seen_before"": 862, ""violation"": false}]}"
20260919T070425Z_f355fde8,863,normal,1789801477.4001648,1789801477.4120617,11.974,0,11.974,pass,,read_secondary,"{""background_write_acknowledged"": true, ""reads"": [{""version"": 863, ""max_seen_before"": 862, ""violation"": false}, {""version"": 863, ""max_seen_before"": 863, ""violation"": false}]}"
20260919T070425Z_f355fde8,864,normal,1789801477.4120617,1789801477.424085,12.076,0,12.076,pass,,read_secondary,"{""background_write_acknowledged"": true, ""reads"": [{""version"": 864, ""max_seen_before"": 863, ""violation"": false}, {""version"": 864, ""max_seen_before"": 864, ""violation"": false}]}"
20260919T070425Z_f355fde8,865,normal,1789801477.424085,1789801477.4357023,11.549,0,11.549,pass,,read_secondary,"{""background_write_acknowledged"": true, ""reads"": [{""version"": 865, ""max_seen_before"": 864, ""violation"": false}, {""version"": 865, ""max_seen_before"": 865, ""violation"": false}]}"
20260919T070425Z_f355fde8,866,normal,1789801477.4357023,1789801477.4478688,11.989,0,11.989,pass,,read_secondary,"{""background_write_acknowledged"": true, ""reads"": [{""version"": 866, ""max_seen_before"": 865, ""violation"": false}, {""version"": 866, ""max_seen_before"": 866, ""violation"": false}]}"
20260919T070425Z_f355fde8,867,normal,1789801477.4478688,1789801477.459372,11.593,0,11.593,pass,,read_secondary,"{""background_write_acknowledged"": true, ""reads"": [{""version"": 867, ""max_seen_before"": 866, ""violation"": false}, {""version"": 867, ""max_seen_before"": 867, ""violation"": false}]}"
20260919T070425Z_f355fde8,868,normal,1789801477.4598918,1789801477.4733276,13.759,0,13.759,pass,,read_secondary,"{""background_write_acknowledged"": true, ""reads"": [{""version"": 868, ""max_seen_before"": 867, ""violation"": false}, {""version"": 868, ""max_seen_before"": 868, ""violation"": false}]}"
20260919T070425Z_f355fde8,869,normal,1789801477.4733276,1789801477.4854069,12.113,0,12.113,pass,,read_secondary,"{""background_write_acknowledged"": true, ""reads"": [{""version"": 869, ""max_seen_before"": 868, ""violation"": false}, {""version"": 869, ""max_seen_before"": 869, ""violation"": false}]}"
20260919T070425Z_f355fde8,870,normal,1789801477.4854069,1789801477.49702,11.058,0,11.058,pass,,read_secondary,"{""background_write_acknowledged"": true, ""reads"": [{""version"": 870, ""max_seen_before"": 869, ""violation"": false}, {""version"": 870, ""max_seen_before"": 870, ""violation"": false}]}"
20260919T070425Z_f355fde8,871,normal,1789801477.49702,1789801477.509742,12.692,0,12.692,pass,,read_secondary,"{""background_write_acknowledged"": true, ""reads"": [{""version"": 871, ""max_seen_before"": 870, ""violation"": false}, {""version"": 871, ""max_seen_before"": 871, ""violation"": false}]}"
20260919T070425Z_f355fde8,872,normal,1789801477.509742,1789801477.5224435,13.041,0,13.041,pass,,read_secondary,"{""background_write_acknowledged"": true, ""reads"": [{""version"": 872, ""max_seen_before"": 871, ""violation"": false}, {""version"": 872, ""max_seen_before"": 872, ""violation"": false}]}"
20260919T070425Z_f355fde8,873,normal,1789801477.5224435,1789801477.5360653,13.249,0,13.249,pass,,read_secondary,"{""background_write_acknowledged"": true, ""reads"": [{""version"": 873, ""max_seen_before"": 872, ""violation"": false}, {""version"": 873, ""max_seen_before"": 873, ""violation"": false}]}"
20260919T070425Z_f355fde8,874,normal,1789801477.5360653,1789801477.5477266,11.516,0,11.516,pass,,read_secondary,"{""background_write_acknowledged"": true, ""reads"": [{""version"": 874, ""max_seen_before"": 873, ""violation"": false}, {""version"": 874, ""max_seen_before"": 874, ""violation"": false}]}"
20260919T070425Z_f355fde8,875,normal,1789801477.5477266,1789801477.5589333,11.496,0,11.496,pass,,read_secondary,"{""background_write_acknowledged"": true, ""reads"": [{""version"": 875, ""max_seen_before"": 874, ""violation"": false}, {""version"": 875, ""max_seen_before"": 875, ""violation"": false}]}"
20260919T070425Z_f355fde8,876,normal,1789801477.5589333,1789801477.5717478,12.111,0,12.111,pass,,read_secondary,"{""background_write_acknowledged"": true, ""reads"": [{""version"": 876, ""max_seen_before"": 875, ""violation"": false}, {""version"": 876, ""max_seen_before"": 876, ""violation"": false}]}"
20260919T070425Z_f355fde8,877,normal,1789801477.5717478,1789801477.5830102,11.566,0,11.566,pass,,read_secondary,"{""background_write_acknowledged"": true, ""reads"": [{""version"": 877, ""max_seen_before"": 876, ""violation"": false}, {""version"": 877, ""max_seen_before"": 877, ""violation"": false}]}"
20260919T070425Z_f355fde8,878,normal,1789801477.5835178,1789801477.5964723,13.219,0,13.219,pass,,read_secondary,"{""background_write_acknowledged"": true, ""reads"": [{""version"": 878, ""max_seen_before"": 877, ""violation"": false}, {""version"": 878, ""max_seen_before"": 878, ""violation"": false}]}"
20260919T070425Z_f355fde8,879,normal,1789801477.5964723,1789801477.6105247,13.86,0,13.86,pass,,read_secondary,"{""background_write_acknowledged"": true, ""reads"": [{""version"": 879, ""max_seen_before"": 878, ""violation"": false}, {""version"": 879, ""max_seen_before"": 879, ""violation"": false}]}"
20260919T070425Z_f355fde8,880,normal,1789801477.6105247,1789801477.6238606,13.663,0,13.663,pass,,read_secondary,"{""background_write_acknowledged"": true, ""reads"": [{""version"": 880, ""max_seen_before"": 879, ""violation"": false}, {""version"": 880, ""max_seen_before"": 880, ""violation"": false}]}"
20260919T070425Z_f355fde8,881,normal,1789801477.6245089,1789801477.6368983,12.798,0,12.798,pass,,read_secondary,"{""background_write_acknowledged"": true, ""reads"": [{""version"": 881, ""max_seen_before"": 880, ""violation"": false}, {""version"": 881, ""max_seen_before"": 881, ""violation"": false}]}"
20260919T070425Z_f355fde8,882,normal,1789801477.6368983,1789801477.64944,12.455,0,12.455,pass,,read_secondary,"{""background_write_acknowledged"": true, ""reads"": [{""version"": 882, ""max_seen_before"": 881, ""violation"": false}, {""version"": 882, ""max_seen_before"": 882, ""violation"": false}]}"
20260919T070425Z_f355fde8,883,normal,1789801477.64944,1789801477.6615949,11.674,0,11.674,pass,,read_secondary,"{""background_write_acknowledged"": true, ""reads"": [{""version"": 883, ""max_seen_before"": 882, ""violation"": false}, {""version"": 883, ""max_seen_before"": 883, ""violation"": false}]}"
20260919T070425Z_f355fde8,884,normal,1789801477.6615949,1789801477.673597,11.982,0,11.982,pass,,read_secondary,"{""background_write_acknowledged"": true, ""reads"": [{""version"": 884, ""max_seen_before"": 883, ""violation"": false}, {""version"": 884, ""max_seen_before"": 884, ""violation"": false}]}"
20260919T070425Z_f355fde8,885,normal,1789801477.673597,1789801477.6860087,12.688,0,12.688,pass,,read_secondary,"{""background_write_acknowledged"": true, ""reads"": [{""version"": 885, ""max_seen_before"": 884, ""violation"": false}, {""version"": 885, ""max_seen_before"": 885, ""violation"": false}]}"
20260919T070425Z_f355fde8,886,normal,1789801477.6866317,1789801477.6994846,13.073,0,13.073,pass,,read_secondary,"{""background_write_acknowledged"": true, ""reads"": [{""version"": 886, ""max_seen_before"": 885, ""violation"": false}, {""version"": 886, ""max_seen_before"": 886, ""violation"": false}]}"
20260919T070425Z_f355fde8,887,normal,1789801477.6994846,1789801477.7128074,13.036,0,13.036,pass,,read_secondary,"{""background_write_acknowledged"": true, ""reads"": [{""version"": 887, ""max_seen_before"": 886, ""violation"": false}, {""version"": 887, ""max_seen_before"": 887, ""violation"": false}]}"
20260919T070425Z_f355fde8,888,normal,1789801477.7128074,1789801477.727344,14.588,0,14.588,pass,,read_secondary,"{""background_write_acknowledged"": true, ""reads"": [{""version"": 888, ""max_seen_before"": 887, ""violation"": false}, {""version"": 888, ""max_seen_before"": 888, ""violation"": false}]}"
20260919T070425Z_f355fde8,889,normal,1789801477.727344,1789801477.7495093,22.09,0,22.09,pass,,read_secondary,"{""background_write_acknowledged"": true, ""reads"": [{""version"": 889, ""max_seen_before"": 888, ""violation"": false}, {""version"": 889, ""max_seen_before"": 889, ""violation"": false}]}"
20260919T070425Z_f355fde8,890,normal,1789801477.7495093,1789801477.7689748,19.094,0,19.094,pass,,read_secondary,"{""background_write_acknowledged"": true, ""reads"": [{""version"": 890, ""max_seen_before"": 889, ""violation"": false}, {""version"": 890, ""max_seen_before"": 890, ""violation"": false}]}"
20260919T070425Z_f355fde8,891,normal,1789801477.7689748,1789801477.78815,19.167,0,19.167,pass,,read_secondary,"{""background_write_acknowledged"": true, ""reads"": [{""version"": 891, ""max_seen_before"": 890, ""violation"": false}, {""version"": 891, ""max_seen_before"": 891, ""violation"": false}]}"
20260919T070425Z_f355fde8,892,normal,1789801477.78815,1789801477.8052385,16.501,0,16.501,pass,,read_secondary,"{""background_write_acknowledged"": true, ""reads"": [{""version"": 892, ""max_seen_before"": 891, ""violation"": false}, {""version"": 892, ""max_seen_before"": 892, ""violation"": false}]}"
20260919T070425Z_f355fde8,893,normal,1789801477.8052385,1789801477.821447,16.167,0,16.167,pass,,read_secondary,"{""background_write_acknowledged"": true, ""reads"": [{""version"": 893, ""max_seen_before"": 892, ""violation"": false}, {""version"": 893, ""max_seen_before"": 893, ""violation"": false}]}"
20260919T070425Z_f355fde8,894,normal,1789801477.821447,1789801477.837067,15.938,0,15.938,pass,,read_secondary,"{""background_write_acknowledged"": true, ""reads"": [{""version"": 894, ""max_seen_before"": 893, ""violation"": false}, {""version"": 894, ""max_seen_before"": 894, ""violation"": false}]}"
20260919T070425Z_f355fde8,895,normal,1789801477.837067,1789801477.852084,14.419,0,14.419,pass,,read_secondary,"{""background_write_acknowledged"": true, ""reads"": [{""version"": 895, ""max_seen_before"": 894, ""violation"": false}, {""version"": 895, ""max_seen_before"": 895, ""violation"": false}]}"
20260919T070425Z_f355fde8,896,normal,1789801477.852084,1789801477.864818,12.496,0,12.496,pass,,read_secondary,"{""background_write_acknowledged"": true, ""reads"": [{""version"": 896, ""max_seen_before"": 895, ""violation"": false}, {""version"": 896, ""max_seen_before"": 896, ""violation"": false}]}"
20260919T070425Z_f355fde8,897,normal,1789801477.864818,1789801477.8810098,16.476,0,16.476,pass,,read_secondary,"{""background_write_acknowledged"": true, ""reads"": [{""version"": 897, ""max_seen_before"": 896, ""violation"": false}, {""version"": 897, ""max_seen_before"": 897, ""violation"": false}]}"
20260919T070425Z_f355fde8,898,normal,1789801477.8810098,1789801477.8978395,16.3,0,16.3,pass,,read_secondary,"{""background_write_acknowledged"": true, ""reads"": [{""version"": 898, ""max_seen_before"": 897, ""violation"": false}, {""version"": 898, ""max_seen_before"": 898, ""violation"": false}]}"
20260919T070425Z_f355fde8,899,normal,1789801477.8978395,1789801477.9141667,16.501,0,16.501,pass,,read_secondary,"{""background_write_acknowledged"": true, ""reads"": [{""version"": 899, ""max_seen_before"": 898, ""violation"": false}, {""version"": 899, ""max_seen_before"": 899, ""violation"": false}]}"
20260919T070425Z_f355fde8,900,normal,1789801477.9141667,1789801477.930183,15.535,0,15.535,pass,,read_secondary,"{""background_write_acknowledged"": true, ""reads"": [{""version"": 900, ""max_seen_before"": 899, ""violation"": false}, {""version"": 900, ""max_seen_before"": 900, ""violation"": false}]}"
20260919T070425Z_f355fde8,901,normal,1789801477.9358747,1789801477.9497607,13.816,0,13.816,pass,,read_secondary,"{""background_write_acknowledged"": true, ""reads"": [{""version"": 901, ""max_seen_before"": 900, ""violation"": false}, {""version"": 901, ""max_seen_before"": 901, ""violation"": false}]}"
20260919T070425Z_f355fde8,902,normal,1789801477.9497607,1789801477.96311,13.459,0,13.459,pass,,read_secondary,"{""background_write_acknowledged"": true, ""reads"": [{""version"": 902, ""max_seen_before"": 901, ""violation"": false}, {""version"": 902, ""max_seen_before"": 902, ""violation"": false}]}"
20260919T070425Z_f355fde8,903,normal,1789801477.96311,1789801477.9746296,11.487,0,11.487,pass,,read_secondary,"{""background_write_acknowledged"": true, ""reads"": [{""version"": 903, ""max_seen_before"": 902, ""violation"": false}, {""version"": 903, ""max_seen_before"": 903, ""violation"": false}]}"
20260919T070425Z_f355fde8,904,normal,1789801477.9746296,1789801477.9867287,11.768,0,11.768,pass,,read_secondary,"{""background_write_acknowledged"": true, ""reads"": [{""version"": 904, ""max_seen_before"": 903, ""violation"": false}, {""version"": 904, ""max_seen_before"": 904, ""violation"": false}]}"
20260919T070425Z_f355fde8,905,normal,1789801477.9867287,1789801477.9990978,12.265,0,12.265,pass,,read_secondary,"{""background_write_acknowledged"": true, ""reads"": [{""version"": 905, ""max_seen_before"": 904, ""violation"": false}, {""version"": 905, ""max_seen_before"": 905, ""violation"": false}]}"
20260919T070425Z_f355fde8,906,normal,1789801477.9990978,1789801478.0110738,11.819,0,11.819,pass,,read_secondary,"{""background_write_acknowledged"": true, ""reads"": [{""version"": 906, ""max_seen_before"": 905, ""violation"": false}, {""version"": 906, ""max_seen_before"": 906, ""violation"": false}]}"
20260919T070425Z_f355fde8,907,normal,1789801478.0110738,1789801478.0224125,11.878,0,11.878,pass,,read_secondary,"{""background_write_acknowledged"": true, ""reads"": [{""version"": 907, ""max_seen_before"": 906, ""violation"": false}, {""version"": 907, ""max_seen_before"": 907, ""violation"": false}]}"
20260919T070425Z_f355fde8,908,normal,1789801478.0224125,1789801478.0345128,11.932,0,11.932,pass,,read_secondary,"{""background_write_acknowledged"": true, ""reads"": [{""version"": 908, ""max_seen_before"": 907, ""violation"": false}, {""version"": 908, ""max_seen_before"": 908, ""violation"": false}]}"
20260919T070425Z_f355fde8,909,normal,1789801478.0351825,1789801478.0460968,10.944,0,10.944,pass,,read_secondary,"{""background_write_acknowledged"": true, ""reads"": [{""version"": 909, ""max_seen_before"": 908, ""violation"": false}, {""version"": 909, ""max_seen_before"": 909, ""violation"": false}]}"
20260919T070425Z_f355fde8,910,normal,1789801478.0460968,1789801478.058346,12.837,0,12.837,pass,,read_secondary,"{""background_write_acknowledged"": true, ""reads"": [{""version"": 910, ""max_seen_before"": 909, ""violation"": false}, {""version"": 910, ""max_seen_before"": 910, ""violation"": false}]}"
20260919T070425Z_f355fde8,911,normal,1789801478.0591242,1789801478.0717146,12.838,0,12.838,pass,,read_secondary,"{""background_write_acknowledged"": true, ""reads"": [{""version"": 911, ""max_seen_before"": 910, ""violation"": false}, {""version"": 911, ""max_seen_before"": 911, ""violation"": false}]}"
20260919T070425Z_f355fde8,912,normal,1789801478.0717146,1789801478.0842662,12.627,0,12.627,pass,,read_secondary,"{""background_write_acknowledged"": true, ""reads"": [{""version"": 912, ""max_seen_before"": 911, ""violation"": false}, {""version"": 912, ""max_seen_before"": 912, ""violation"": false}]}"
20260919T070425Z_f355fde8,913,normal,1789801478.0842662,1789801478.0988796,14.326,0,14.326,pass,,read_secondary,"{""background_write_acknowledged"": true, ""reads"": [{""version"": 913, ""max_seen_before"": 912, ""violation"": false}, {""version"": 913, ""max_seen_before"": 913, ""violation"": false}]}"
20260919T070425Z_f355fde8,914,normal,1789801478.0988796,1789801478.114187,15.124,0,15.124,pass,,read_secondary,"{""background_write_acknowledged"": true, ""reads"": [{""version"": 914, ""max_seen_before"": 913, ""violation"": false}, {""version"": 914, ""max_seen_before"": 914, ""violation"": false}]}"
20260919T070425Z_f355fde8,915,normal,1789801478.114187,1789801478.1285586,14.446,0,14.446,pass,,read_secondary,"{""background_write_acknowledged"": true, ""reads"": [{""version"": 915, ""max_seen_before"": 914, ""violation"": false}, {""version"": 915, ""max_seen_before"": 915, ""violation"": false}]}"
20260919T070425Z_f355fde8,916,normal,1789801478.1285586,1789801478.143751,14.885,0,14.885,pass,,read_secondary,"{""background_write_acknowledged"": true, ""reads"": [{""version"": 916, ""max_seen_before"": 915, ""violation"": false}, {""version"": 916, ""max_seen_before"": 916, ""violation"": false}]}"
20260919T070425Z_f355fde8,917,normal,1789801478.143751,1789801478.1577382,13.832,0,13.832,pass,,read_secondary,"{""background_write_acknowledged"": true, ""reads"": [{""version"": 917, ""max_seen_before"": 916, ""violation"": false}, {""version"": 917, ""max_seen_before"": 917, ""violation"": false}]}"
20260919T070425Z_f355fde8,918,normal,1789801478.1577382,1789801478.171008,13.467,0,13.467,pass,,read_secondary,"{""background_write_acknowledged"": true, ""reads"": [{""version"": 918, ""max_seen_before"": 917, ""violation"": false}, {""version"": 918, ""max_seen_before"": 918, ""violation"": false}]}"
20260919T070425Z_f355fde8,919,normal,1789801478.1715894,1789801478.1856189,14.344,0,14.344,pass,,read_secondary,"{""background_write_acknowledged"": true, ""reads"": [{""version"": 919, ""max_seen_before"": 918, ""violation"": false}, {""version"": 919, ""max_seen_before"": 919, ""violation"": false}]}"
20260919T070425Z_f355fde8,920,normal,1789801478.1856189,1789801478.201062,14.976,0,14.976,pass,,read_secondary,"{""background_write_acknowledged"": true, ""reads"": [{""version"": 920, ""max_seen_before"": 919, ""violation"": false}, {""version"": 920, ""max_seen_before"": 920, ""violation"": false}]}"
20260919T070425Z_f355fde8,921,normal,1789801478.201062,1789801478.2163553,15.215,0,15.215,pass,,read_secondary,"{""background_write_acknowledged"": true, ""reads"": [{""version"": 921, ""max_seen_before"": 920, ""violation"": false}, {""version"": 921, ""max_seen_before"": 921, ""violation"": false}]}"
20260919T070425Z_f355fde8,922,normal,1789801478.2163553,1789801478.2315457,15.318,0,15.318,pass,,read_secondary,"{""background_write_acknowledged"": true, ""reads"": [{""version"": 922, ""max_seen_before"": 921, ""violation"": false}, {""version"": 922, ""max_seen_before"": 922, ""violation"": false}]}"
20260919T070425Z_f355fde8,923,normal,1789801478.2315457,1789801478.2471557,15.508,0,15.508,pass,,read_secondary,"{""background_write_acknowledged"": true, ""reads"": [{""version"": 923, ""max_seen_before"": 922, ""violation"": false}, {""version"": 923, ""max_seen_before"": 923, ""violation"": false}]}"
20260919T070425Z_f355fde8,924,normal,1789801478.2471557,1789801478.2625623,14.874,0,14.874,pass,,read_secondary,"{""background_write_acknowledged"": true, ""reads"": [{""version"": 924, ""max_seen_before"": 923, ""violation"": false}, {""version"": 924, ""max_seen_before"": 924, ""violation"": false}]}"
20260919T070425Z_f355fde8,925,normal,1789801478.2625623,1789801478.2789752,16.353,0,16.353,pass,,read_secondary,"{""background_write_acknowledged"": true, ""reads"": [{""version"": 925, ""max_seen_before"": 924, ""violation"": false}, {""version"": 925, ""max_seen_before"": 925, ""violation"": false}]}"
20260919T070425Z_f355fde8,926,normal,1789801478.2789752,1789801478.29513,16.607,0,16.607,pass,,read_secondary,"{""background_write_acknowledged"": true, ""reads"": [{""version"": 926, ""max_seen_before"": 925, ""violation"": false}, {""version"": 926, ""max_seen_before"": 926, ""violation"": false}]}"
20260919T070425Z_f355fde8,927,normal,1789801478.29513,1789801478.310041,14.367,0,14.367,pass,,read_secondary,"{""background_write_acknowledged"": true, ""reads"": [{""version"": 927, ""max_seen_before"": 926, ""violation"": false}, {""version"": 927, ""max_seen_before"": 927, ""violation"": false}]}"
20260919T070425Z_f355fde8,928,normal,1789801478.310041,1789801478.3240967,13.997,0,13.997,pass,,read_secondary,"{""background_write_acknowledged"": true, ""reads"": [{""version"": 928, ""max_seen_before"": 927, ""violation"": false}, {""version"": 928, ""max_seen_before"": 928, ""violation"": false}]}"
20260919T070425Z_f355fde8,929,normal,1789801478.3240967,1789801478.338545,14.019,0,14.019,pass,,read_secondary,"{""background_write_acknowledged"": true, ""reads"": [{""version"": 929, ""max_seen_before"": 928, ""violation"": false}, {""version"": 929, ""max_seen_before"": 929, ""violation"": false}]}"
20260919T070425Z_f355fde8,930,normal,1789801478.338545,1789801478.3526514,14.35,0,14.35,pass,,read_secondary,"{""background_write_acknowledged"": true, ""reads"": [{""version"": 930, ""max_seen_before"": 929, ""violation"": false}, {""version"": 930, ""max_seen_before"": 930, ""violation"": false}]}"
20260919T070425Z_f355fde8,931,normal,1789801478.3526514,1789801478.367151,14.427,0,14.427,pass,,read_secondary,"{""background_write_acknowledged"": true, ""reads"": [{""version"": 931, ""max_seen_before"": 930, ""violation"": false}, {""version"": 931, ""max_seen_before"": 931, ""violation"": false}]}"
20260919T070425Z_f355fde8,932,normal,1789801478.367151,1789801478.3823106,14.797,0,14.797,pass,,read_secondary,"{""background_write_acknowledged"": true, ""reads"": [{""version"": 932, ""max_seen_before"": 931, ""violation"": false}, {""version"": 932, ""max_seen_before"": 932, ""violation"": false}]}"
20260919T070425Z_f355fde8,933,normal,1789801478.3823106,1789801478.3954818,13.408,0,13.408,pass,,read_secondary,"{""background_write_acknowledged"": true, ""reads"": [{""version"": 933, ""max_seen_before"": 932, ""violation"": false}, {""version"": 933, ""max_seen_before"": 933, ""violation"": false}]}"
20260919T070425Z_f355fde8,934,normal,1789801478.3960557,1789801478.4117014,15.971,0,15.971,pass,,read_secondary,"{""background_write_acknowledged"": true, ""reads"": [{""version"": 934, ""max_seen_before"": 933, ""violation"": false}, {""version"": 934, ""max_seen_before"": 934, ""violation"": false}]}"
20260919T070425Z_f355fde8,935,normal,1789801478.4117014,1789801478.4269261,15.239,0,15.239,pass,,read_secondary,"{""background_write_acknowledged"": true, ""reads"": [{""version"": 935, ""max_seen_before"": 934, ""violation"": false}, {""version"": 935, ""max_seen_before"": 935, ""violation"": false}]}"
20260919T070425Z_f355fde8,936,normal,1789801478.4274826,1789801478.4415362,14.241,0,14.241,pass,,read_secondary,"{""background_write_acknowledged"": true, ""reads"": [{""version"": 936, ""max_seen_before"": 935, ""violation"": false}, {""version"": 936, ""max_seen_before"": 936, ""violation"": false}]}"
20260919T070425Z_f355fde8,937,normal,1789801478.4415362,1789801478.454962,13.395,0,13.395,pass,,read_secondary,"{""background_write_acknowledged"": true, ""reads"": [{""version"": 937, ""max_seen_before"": 936, ""violation"": false}, {""version"": 937, ""max_seen_before"": 937, ""violation"": false}]}"
20260919T070425Z_f355fde8,938,normal,1789801478.454962,1789801478.4682283,13.13,0,13.13,pass,,read_secondary,"{""background_write_acknowledged"": true, ""reads"": [{""version"": 938, ""max_seen_before"": 937, ""violation"": false}, {""version"": 938, ""max_seen_before"": 938, ""violation"": false}]}"
20260919T070425Z_f355fde8,939,normal,1789801478.4682283,1789801478.4816663,13.428,0,13.428,pass,,read_secondary,"{""background_write_acknowledged"": true, ""reads"": [{""version"": 939, ""max_seen_before"": 938, ""violation"": false}, {""version"": 939, ""max_seen_before"": 939, ""violation"": false}]}"
20260919T070425Z_f355fde8,940,normal,1789801478.4816663,1789801478.4946363,12.792,0,12.792,pass,,read_secondary,"{""background_write_acknowledged"": true, ""reads"": [{""version"": 940, ""max_seen_before"": 939, ""violation"": false}, {""version"": 940, ""max_seen_before"": 940, ""violation"": false}]}"
20260919T070425Z_f355fde8,941,normal,1789801478.4946363,1789801478.5078392,13.295,0,13.295,pass,,read_secondary,"{""background_write_acknowledged"": true, ""reads"": [{""version"": 941, ""max_seen_before"": 940, ""violation"": false}, {""version"": 941, ""max_seen_before"": 941, ""violation"": false}]}"
20260919T070425Z_f355fde8,942,normal,1789801478.5084822,1789801478.5235403,15.151,0,15.151,pass,,read_secondary,"{""background_write_acknowledged"": true, ""reads"": [{""version"": 942, ""max_seen_before"": 941, ""violation"": false}, {""version"": 942, ""max_seen_before"": 942, ""violation"": false}]}"
20260919T070425Z_f355fde8,943,normal,1789801478.5235403,1789801478.5366342,12.894,0,12.894,pass,,read_secondary,"{""background_write_acknowledged"": true, ""reads"": [{""version"": 943, ""max_seen_before"": 942, ""violation"": false}, {""version"": 943, ""max_seen_before"": 943, ""violation"": false}]}"
20260919T070425Z_f355fde8,944,normal,1789801478.5366342,1789801478.5504668,13.782,0,13.782,pass,,read_secondary,"{""background_write_acknowledged"": true, ""reads"": [{""version"": 944, ""max_seen_before"": 943, ""violation"": false}, {""version"": 944, ""max_seen_before"": 944, ""violation"": false}]}"
20260919T070425Z_f355fde8,945,normal,1789801478.5504668,1789801478.5636973,13.056,0,13.056,pass,,read_secondary,"{""background_write_acknowledged"": true, ""reads"": [{""version"": 945, ""max_seen_before"": 944, ""violation"": false}, {""version"": 945, ""max_seen_before"": 945, ""violation"": false}]}"
20260919T070425Z_f355fde8,946,normal,1789801478.5636973,1789801478.576889,13.629,0,13.629,pass,,read_secondary,"{""background_write_acknowledged"": true, ""reads"": [{""version"": 946, ""max_seen_before"": 945, ""violation"": false}, {""version"": 946, ""max_seen_before"": 946, ""violation"": false}]}"
20260919T070425Z_f355fde8,947,normal,1789801478.577537,1789801478.5906117,13.051,0,13.051,pass,,read_secondary,"{""background_write_acknowledged"": true, ""reads"": [{""version"": 947, ""max_seen_before"": 946, ""violation"": false}, {""version"": 947, ""max_seen_before"": 947, ""violation"": false}]}"
20260919T070425Z_f355fde8,948,normal,1789801478.5906117,1789801478.604239,13.719,0,13.719,pass,,read_secondary,"{""background_write_acknowledged"": true, ""reads"": [{""version"": 948, ""max_seen_before"": 947, ""violation"": false}, {""version"": 948, ""max_seen_before"": 948, ""violation"": false}]}"
20260919T070425Z_f355fde8,949,normal,1789801478.604239,1789801478.6178374,13.708,0,13.708,pass,,read_secondary,"{""background_write_acknowledged"": true, ""reads"": [{""version"": 949, ""max_seen_before"": 948, ""violation"": false}, {""version"": 949, ""max_seen_before"": 949, ""violation"": false}]}"
20260919T070425Z_f355fde8,950,normal,1789801478.6184225,1789801478.6314065,13.324,0,13.324,pass,,read_secondary,"{""background_write_acknowledged"": true, ""reads"": [{""version"": 950, ""max_seen_before"": 949, ""violation"": false}, {""version"": 950, ""max_seen_before"": 950, ""violation"": false}]}"
20260919T070425Z_f355fde8,951,normal,1789801478.6314065,1789801478.64374,12.812,0,12.812,pass,,read_secondary,"{""background_write_acknowledged"": true, ""reads"": [{""version"": 951, ""max_seen_before"": 950, ""violation"": false}, {""version"": 951, ""max_seen_before"": 951, ""violation"": false}]}"
20260919T070425Z_f355fde8,952,normal,1789801478.64374,1789801478.6570554,12.761,0,12.761,pass,,read_secondary,"{""background_write_acknowledged"": true, ""reads"": [{""version"": 952, ""max_seen_before"": 951, ""violation"": false}, {""version"": 952, ""max_seen_before"": 952, ""violation"": false}]}"
20260919T070425Z_f355fde8,953,normal,1789801478.657576,1789801478.6707182,13.408,0,13.408,pass,,read_secondary,"{""background_write_acknowledged"": true, ""reads"": [{""version"": 953, ""max_seen_before"": 952, ""violation"": false}, {""version"": 953, ""max_seen_before"": 953, ""violation"": false}]}"
20260919T070425Z_f355fde8,954,normal,1789801478.6707182,1789801478.6847832,14.142,0,14.142,pass,,read_secondary,"{""background_write_acknowledged"": true, ""reads"": [{""version"": 954, ""max_seen_before"": 953, ""violation"": false}, {""version"": 954, ""max_seen_before"": 954, ""violation"": false}]}"
20260919T070425Z_f355fde8,955,normal,1789801478.6853707,1789801478.698673,13.746,0,13.746,pass,,read_secondary,"{""background_write_acknowledged"": true, ""reads"": [{""version"": 955, ""max_seen_before"": 954, ""violation"": false}, {""version"": 955, ""max_seen_before"": 955, ""violation"": false}]}"
20260919T070425Z_f355fde8,956,normal,1789801478.6992097,1789801478.7111688,12.02,0,12.02,pass,,read_secondary,"{""background_write_acknowledged"": true, ""reads"": [{""version"": 956, ""max_seen_before"": 955, ""violation"": false}, {""version"": 956, ""max_seen_before"": 956, ""violation"": false}]}"
20260919T070425Z_f355fde8,957,normal,1789801478.7111688,1789801478.7239046,12.73,0,12.73,pass,,read_secondary,"{""background_write_acknowledged"": true, ""reads"": [{""version"": 957, ""max_seen_before"": 956, ""violation"": false}, {""version"": 957, ""max_seen_before"": 957, ""violation"": false}]}"
20260919T070425Z_f355fde8,958,normal,1789801478.7239046,1789801478.736622,12.471,0,12.471,pass,,read_secondary,"{""background_write_acknowledged"": true, ""reads"": [{""version"": 958, ""max_seen_before"": 957, ""violation"": false}, {""version"": 958, ""max_seen_before"": 958, ""violation"": false}]}"
20260919T070425Z_f355fde8,959,normal,1789801478.736622,1789801478.7518072,15.052,0,15.052,pass,,read_secondary,"{""background_write_acknowledged"": true, ""reads"": [{""version"": 959, ""max_seen_before"": 958, ""violation"": false}, {""version"": 959, ""max_seen_before"": 959, ""violation"": false}]}"
20260919T070425Z_f355fde8,960,normal,1789801478.7518072,1789801478.7651887,13.739,0,13.739,pass,,read_secondary,"{""background_write_acknowledged"": true, ""reads"": [{""version"": 960, ""max_seen_before"": 959, ""violation"": false}, {""version"": 960, ""max_seen_before"": 960, ""violation"": false}]}"
20260919T070425Z_f355fde8,961,normal,1789801478.765758,1789801478.7792213,13.385,0,13.385,pass,,read_secondary,"{""background_write_acknowledged"": true, ""reads"": [{""version"": 961, ""max_seen_before"": 960, ""violation"": false}, {""version"": 961, ""max_seen_before"": 961, ""violation"": false}]}"
20260919T070425Z_f355fde8,962,normal,1789801478.7792213,1789801478.7931147,13.999,0,13.999,pass,,read_secondary,"{""background_write_acknowledged"": true, ""reads"": [{""version"": 962, ""max_seen_before"": 961, ""violation"": false}, {""version"": 962, ""max_seen_before"": 962, ""violation"": false}]}"
20260919T070425Z_f355fde8,963,normal,1789801478.7931147,1789801478.8077755,14.621,0,14.621,pass,,read_secondary,"{""background_write_acknowledged"": true, ""reads"": [{""version"": 963, ""max_seen_before"": 962, ""violation"": false}, {""version"": 963, ""max_seen_before"": 963, ""violation"": false}]}"
20260919T070425Z_f355fde8,964,normal,1789801478.8077755,1789801478.8231602,15.46,0,15.46,pass,,read_secondary,"{""background_write_acknowledged"": true, ""reads"": [{""version"": 964, ""max_seen_before"": 963, ""violation"": false}, {""version"": 964, ""max_seen_before"": 964, ""violation"": false}]}"
20260919T070425Z_f355fde8,965,normal,1789801478.8231602,1789801478.835725,12.459,0,12.459,pass,,read_secondary,"{""background_write_acknowledged"": true, ""reads"": [{""version"": 965, ""max_seen_before"": 964, ""violation"": false}, {""version"": 965, ""max_seen_before"": 965, ""violation"": false}]}"
20260919T070425Z_f355fde8,966,normal,1789801478.835725,1789801478.8508146,14.993,0,14.993,pass,,read_secondary,"{""background_write_acknowledged"": true, ""reads"": [{""version"": 966, ""max_seen_before"": 965, ""violation"": false}, {""version"": 966, ""max_seen_before"": 966, ""violation"": false}]}"
20260919T070425Z_f355fde8,967,normal,1789801478.8508146,1789801478.8664553,15.228,0,15.228,pass,,read_secondary,"{""background_write_acknowledged"": true, ""reads"": [{""version"": 967, ""max_seen_before"": 966, ""violation"": false}, {""version"": 967, ""max_seen_before"": 967, ""violation"": false}]}"
20260919T070425Z_f355fde8,968,normal,1789801478.8664553,1789801478.8829477,16.353,0,16.353,pass,,read_secondary,"{""background_write_acknowledged"": true, ""reads"": [{""version"": 968, ""max_seen_before"": 967, ""violation"": false}, {""version"": 968, ""max_seen_before"": 968, ""violation"": false}]}"
20260919T070425Z_f355fde8,969,normal,1789801478.8829477,1789801478.8953178,12.652,0,12.652,pass,,read_secondary,"{""background_write_acknowledged"": true, ""reads"": [{""version"": 969, ""max_seen_before"": 968, ""violation"": false}, {""version"": 969, ""max_seen_before"": 969, ""violation"": false}]}"
20260919T070425Z_f355fde8,970,normal,1789801478.8959644,1789801478.908003,12.309,0,12.309,pass,,read_secondary,"{""background_write_acknowledged"": true, ""reads"": [{""version"": 970, ""max_seen_before"": 969, ""violation"": false}, {""version"": 970, ""max_seen_before"": 970, ""violation"": false}]}"
20260919T070425Z_f355fde8,971,normal,1789801478.908003,1789801478.9211884,12.774,0,12.774,pass,,read_secondary,"{""background_write_acknowledged"": true, ""reads"": [{""version"": 971, ""max_seen_before"": 970, ""violation"": false}, {""version"": 971, ""max_seen_before"": 971, ""violation"": false}]}"
20260919T070425Z_f355fde8,972,normal,1789801478.9211884,1789801478.936243,15.214,0,15.214,pass,,read_secondary,"{""background_write_acknowledged"": true, ""reads"": [{""version"": 972, ""max_seen_before"": 971, ""violation"": false}, {""version"": 972, ""max_seen_before"": 972, ""violation"": false}]}"
20260919T070425Z_f355fde8,973,normal,1789801478.936243,1789801478.952654,15.982,0,15.982,pass,,read_secondary,"{""background_write_acknowledged"": true, ""reads"": [{""version"": 973, ""max_seen_before"": 972, ""violation"": false}, {""version"": 973, ""max_seen_before"": 973, ""violation"": false}]}"
20260919T070425Z_f355fde8,974,normal,1789801478.952654,1789801478.9670286,14.638,0,14.638,pass,,read_secondary,"{""background_write_acknowledged"": true, ""reads"": [{""version"": 974, ""max_seen_before"": 973, ""violation"": false}, {""version"": 974, ""max_seen_before"": 974, ""violation"": false}]}"
20260919T070425Z_f355fde8,975,normal,1789801478.96758,1789801478.9801366,13.047,0,13.047,pass,,read_secondary,"{""background_write_acknowledged"": true, ""reads"": [{""version"": 975, ""max_seen_before"": 974, ""violation"": false}, {""version"": 975, ""max_seen_before"": 975, ""violation"": false}]}"
20260919T070425Z_f355fde8,976,normal,1789801478.9801366,1789801478.9922426,11.599,0,11.599,pass,,read_secondary,"{""background_write_acknowledged"": true, ""reads"": [{""version"": 976, ""max_seen_before"": 975, ""violation"": false}, {""version"": 976, ""max_seen_before"": 976, ""violation"": false}]}"
20260919T070425Z_f355fde8,977,normal,1789801478.9922426,1789801479.0069695,14.996,0,14.996,pass,,read_secondary,"{""background_write_acknowledged"": true, ""reads"": [{""version"": 977, ""max_seen_before"": 976, ""violation"": false}, {""version"": 977, ""max_seen_before"": 977, ""violation"": false}]}"
20260919T070425Z_f355fde8,978,normal,1789801479.007587,1789801479.0215895,14.013,0,14.013,pass,,read_secondary,"{""background_write_acknowledged"": true, ""reads"": [{""version"": 978, ""max_seen_before"": 977, ""violation"": false}, {""version"": 978, ""max_seen_before"": 978, ""violation"": false}]}"
20260919T070425Z_f355fde8,979,normal,1789801479.0215895,1789801479.0341103,12.819,0,12.819,pass,,read_secondary,"{""background_write_acknowledged"": true, ""reads"": [{""version"": 979, ""max_seen_before"": 978, ""violation"": false}, {""version"": 979, ""max_seen_before"": 979, ""violation"": false}]}"
20260919T070425Z_f355fde8,980,normal,1789801479.0341103,1789801479.0471382,12.707,0,12.707,pass,,read_secondary,"{""background_write_acknowledged"": true, ""reads"": [{""version"": 980, ""max_seen_before"": 979, ""violation"": false}, {""version"": 980, ""max_seen_before"": 980, ""violation"": false}]}"
20260919T070425Z_f355fde8,981,normal,1789801479.0471382,1789801479.0606437,13.612,0,13.612,pass,,read_secondary,"{""background_write_acknowledged"": true, ""reads"": [{""version"": 981, ""max_seen_before"": 980, ""violation"": false}, {""version"": 981, ""max_seen_before"": 981, ""violation"": false}]}"
20260919T070425Z_f355fde8,982,normal,1789801479.0606437,1789801479.0743704,13.152,0,13.152,pass,,read_secondary,"{""background_write_acknowledged"": true, ""reads"": [{""version"": 982, ""max_seen_before"": 981, ""violation"": false}, {""version"": 982, ""max_seen_before"": 982, ""violation"": false}]}"
20260919T070425Z_f355fde8,983,normal,1789801479.0743704,1789801479.0850956,11.273,0,11.273,pass,,read_secondary,"{""background_write_acknowledged"": true, ""reads"": [{""version"": 983, ""max_seen_before"": 982, ""violation"": false}, {""version"": 983, ""max_seen_before"": 983, ""violation"": false}]}"
20260919T070425Z_f355fde8,984,normal,1789801479.0850956,1789801479.1000254,14.338,0,14.338,pass,,read_secondary,"{""background_write_acknowledged"": true, ""reads"": [{""version"": 984, ""max_seen_before"": 983, ""violation"": false}, {""version"": 984, ""max_seen_before"": 984, ""violation"": false}]}"
20260919T070425Z_f355fde8,985,normal,1789801479.1000254,1789801479.1142623,14.568,0,14.568,pass,,read_secondary,"{""background_write_acknowledged"": true, ""reads"": [{""version"": 985, ""max_seen_before"": 984, ""violation"": false}, {""version"": 985, ""max_seen_before"": 985, ""violation"": false}]}"
20260919T070425Z_f355fde8,986,normal,1789801479.1148846,1789801479.1285546,13.851,0,13.851,pass,,read_secondary,"{""background_write_acknowledged"": true, ""reads"": [{""version"": 986, ""max_seen_before"": 985, ""violation"": false}, {""version"": 986, ""max_seen_before"": 986, ""violation"": false}]}"
20260919T070425Z_f355fde8,987,normal,1789801479.1285546,1789801479.1399362,12.545,0,12.545,pass,,read_secondary,"{""background_write_acknowledged"": true, ""reads"": [{""version"": 987, ""max_seen_before"": 986, ""violation"": false}, {""version"": 987, ""max_seen_before"": 987, ""violation"": false}]}"
20260919T070425Z_f355fde8,988,normal,1789801479.1399362,1789801479.1539404,12.581,0,12.581,pass,,read_secondary,"{""background_write_acknowledged"": true, ""reads"": [{""version"": 988, ""max_seen_before"": 987, ""violation"": false}, {""version"": 988, ""max_seen_before"": 988, ""violation"": false}]}"
20260919T070425Z_f355fde8,989,normal,1789801479.1539404,1789801479.167711,13.653,0,13.653,pass,,read_secondary,"{""background_write_acknowledged"": true, ""reads"": [{""version"": 989, ""max_seen_before"": 988, ""violation"": false}, {""version"": 989, ""max_seen_before"": 989, ""violation"": false}]}"
20260919T070425Z_f355fde8,990,normal,1789801479.167711,1789801479.181475,14.034,0,14.034,pass,,read_secondary,"{""background_write_acknowledged"": true, ""reads"": [{""version"": 990, ""max_seen_before"": 989, ""violation"": false}, {""version"": 990, ""max_seen_before"": 990, ""violation"": false}]}"
20260919T070425Z_f355fde8,991,normal,1789801479.181475,1789801479.1964414,14.249,0,14.249,pass,,read_secondary,"{""background_write_acknowledged"": true, ""reads"": [{""version"": 991, ""max_seen_before"": 990, ""violation"": false}, {""version"": 991, ""max_seen_before"": 991, ""violation"": false}]}"
20260919T070425Z_f355fde8,992,normal,1789801479.1964414,1789801479.2101605,14.14,0,14.14,pass,,read_secondary,"{""background_write_acknowledged"": true, ""reads"": [{""version"": 992, ""max_seen_before"": 991, ""violation"": false}, {""version"": 992, ""max_seen_before"": 992, ""violation"": false}]}"
20260919T070425Z_f355fde8,993,normal,1789801479.2107656,1789801479.223102,12.821,0,12.821,pass,,read_secondary,"{""background_write_acknowledged"": true, ""reads"": [{""version"": 993, ""max_seen_before"": 992, ""violation"": false}, {""version"": 993, ""max_seen_before"": 993, ""violation"": false}]}"
20260919T070425Z_f355fde8,994,normal,1789801479.2236598,1789801479.234858,11.728,0,11.728,pass,,read_secondary,"{""background_write_acknowledged"": true, ""reads"": [{""version"": 994, ""max_seen_before"": 993, ""violation"": false}, {""version"": 994, ""max_seen_before"": 994, ""violation"": false}]}"
20260919T070425Z_f355fde8,995,normal,1789801479.2354698,1789801479.2464552,11.302,0,11.302,pass,,read_secondary,"{""background_write_acknowledged"": true, ""reads"": [{""version"": 995, ""max_seen_before"": 994, ""violation"": false}, {""version"": 995, ""max_seen_before"": 995, ""violation"": false}]}"
20260919T070425Z_f355fde8,996,normal,1789801479.2464552,1789801479.2589514,12.111,0,12.111,pass,,read_secondary,"{""background_write_acknowledged"": true, ""reads"": [{""version"": 996, ""max_seen_before"": 995, ""violation"": false}, {""version"": 996, ""max_seen_before"": 996, ""violation"": false}]}"
20260919T070425Z_f355fde8,997,normal,1789801479.2589514,1789801479.2702312,11.42,0,11.42,pass,,read_secondary,"{""background_write_acknowledged"": true, ""reads"": [{""version"": 997, ""max_seen_before"": 996, ""violation"": false}, {""version"": 997, ""max_seen_before"": 997, ""violation"": false}]}"
20260919T070425Z_f355fde8,998,normal,1789801479.2702312,1789801479.2820103,11.824,0,11.824,pass,,read_secondary,"{""background_write_acknowledged"": true, ""reads"": [{""version"": 998, ""max_seen_before"": 997, ""violation"": false}, {""version"": 998, ""max_seen_before"": 998, ""violation"": false}]}"
20260919T070425Z_f355fde8,999,normal,1789801479.282526,1789801479.294607,12.121,0,12.121,pass,,read_secondary,"{""background_write_acknowledged"": true, ""reads"": [{""version"": 999, ""max_seen_before"": 998, ""violation"": false}, {""version"": 999, ""max_seen_before"": 999, ""violation"": false}]}"
20260919T070425Z_f355fde8,1000,normal,1789801479.294607,1789801479.3062866,11.898,0,11.898,pass,,read_secondary,"{""background_write_acknowledged"": true, ""reads"": [{""version"": 1000, ""max_seen_before"": 999, ""violation"": false}, {""version"": 1000, ""max_seen_before"": 1000, ""violation"": false}]}"
