run_id,iteration,phase,start_time,end_time,latency_ms,management_ms,workload_ms,verdict,error,last_stage,details_json
20260918T142638Z_aefa49a3,1,normal,1789741598.6086674,1789741598.651396,42.692,0,42.692,pass,,independent_snapshot,"{""prerequisite_acknowledged"": true, ""client_b_read_v1"": true, ""dependent_acknowledged"": true, ""visible_ids"": [""v1:1"", ""v2:1""], ""snapshot_polls"": 1}"
20260918T142638Z_aefa49a3,2,normal,1789741598.65199,1789741598.6754804,23.714,0,23.714,pass,,independent_snapshot,"{""prerequisite_acknowledged"": true, ""client_b_read_v1"": true, ""dependent_acknowledged"": true, ""visible_ids"": [""v1:2"", ""v2:2""], ""snapshot_polls"": 1}"
20260918T142638Z_aefa49a3,3,normal,1789741598.676593,1789741598.6950796,18.524,0,18.524,pass,,independent_snapshot,"{""prerequisite_acknowledged"": true, ""client_b_read_v1"": true, ""dependent_acknowledged"": true, ""visible_ids"": [""v1:3"", ""v2:3""], ""snapshot_polls"": 1}"
20260918T142638Z_aefa49a3,4,normal,1789741598.6950796,1789741598.7140155,19.064,0,19.064,pass,,independent_snapshot,"{""prerequisite_acknowledged"": true, ""client_b_read_v1"": true, ""dependent_acknowledged"": true, ""visible_ids"": [""v1:4"", ""v2:4""], ""snapshot_polls"": 1}"
20260918T142638Z_aefa49a3,5,normal,1789741598.7140155,1789741598.7317836,17.397,0,17.397,pass,,independent_snapshot,"{""prerequisite_acknowledged"": true, ""client_b_read_v1"": true, ""dependent_acknowledged"": true, ""visible_ids"": [""v1:5"", ""v2:5""], ""snapshot_polls"": 1}"
20260918T142638Z_aefa49a3,6,normal,1789741598.7317836,1789741598.749346,18.101,0,18.101,pass,,independent_snapshot,"{""prerequisite_acknowledged"": true, ""client_b_read_v1"": true, ""dependent_acknowledged"": true, ""visible_ids"": [""v1:6"", ""v2:6""], ""snapshot_polls"": 1}"
20260918T142638Z_aefa49a3,7,normal,1789741598.749346,1789741598.7690892,19.069,0,19.069,pass,,independent_snapshot,"{""prerequisite_acknowledged"": true, ""client_b_read_v1"": true, ""dependent_acknowledged"": true, ""visible_ids"": [""v1:7"", ""v2:7""], ""snapshot_polls"": 1}"
20260918T142638Z_aefa49a3,8,normal,1789741598.7690892,1789741598.7855499,16.45,0,16.45,pass,,independent_snapshot,"{""prerequisite_acknowledged"": true, ""client_b_read_v1"": true, ""dependent_acknowledged"": true, ""visible_ids"": [""v1:8"", ""v2:8""], ""snapshot_polls"": 1}"
20260918T142638Z_aefa49a3,9,normal,1789741598.7855499,1789741598.8037484,18.137,0,18.137,pass,,independent_snapshot,"{""prerequisite_acknowledged"": true, ""client_b_read_v1"": true, ""dependent_acknowledged"": true, ""visible_ids"": [""v1:9"", ""v2:9""], ""snapshot_polls"": 1}"
20260918T142638Z_aefa49a3,10,normal,1789741598.8037484,1789741598.8217454,17.546,0,17.546,pass,,independent_snapshot,"{""prerequisite_acknowledged"": true, ""client_b_read_v1"": true, ""dependent_acknowledged"": true, ""visible_ids"": [""v1:10"", ""v2:10""], ""snapshot_polls"": 1}"
20260918T142638Z_aefa49a3,11,normal,1789741598.8217454,1789741598.8417902,20.491,0,20.491,pass,,independent_snapshot,"{""prerequisite_acknowledged"": true, ""client_b_read_v1"": true, ""dependent_acknowledged"": true, ""visible_ids"": [""v1:11"", ""v2:11""], ""snapshot_polls"": 1}"
20260918T142638Z_aefa49a3,12,normal,1789741598.8424318,1789741598.862256,19.84,0,19.84,pass,,independent_snapshot,"{""prerequisite_acknowledged"": true, ""client_b_read_v1"": true, ""dependent_acknowledged"": true, ""visible_ids"": [""v1:12"", ""v2:12""], ""snapshot_polls"": 1}"
20260918T142638Z_aefa49a3,13,normal,1789741598.862256,1789741598.8840222,21.733,0,21.733,pass,,independent_snapshot,"{""prerequisite_acknowledged"": true, ""client_b_read_v1"": true, ""dependent_acknowledged"": true, ""visible_ids"": [""v1:13"", ""v2:13""], ""snapshot_polls"": 1}"
20260918T142638Z_aefa49a3,14,normal,1789741598.8840222,1789741598.9049206,20.535,0,20.535,pass,,independent_snapshot,"{""prerequisite_acknowledged"": true, ""client_b_read_v1"": true, ""dependent_acknowledged"": true, ""visible_ids"": [""v1:14"", ""v2:14""], ""snapshot_polls"": 1}"
20260918T142638Z_aefa49a3,15,normal,1789741598.9049206,1789741598.9269474,22.176,0,22.176,pass,,independent_snapshot,"{""prerequisite_acknowledged"": true, ""client_b_read_v1"": true, ""dependent_acknowledged"": true, ""visible_ids"": [""v1:15"", ""v2:15""], ""snapshot_polls"": 1}"
20260918T142638Z_aefa49a3,16,normal,1789741598.9269474,1789741598.9466312,19.239,0,19.239,pass,,independent_snapshot,"{""prerequisite_acknowledged"": true, ""client_b_read_v1"": true, ""dependent_acknowledged"": true, ""visible_ids"": [""v1:16"", ""v2:16""], ""snapshot_polls"": 1}"
20260918T142638Z_aefa49a3,17,normal,1789741598.9466312,1789741598.966136,19.986,0,19.986,pass,,independent_snapshot,"{""prerequisite_acknowledged"": true, ""client_b_read_v1"": true, ""dependent_acknowledged"": true, ""visible_ids"": [""v1:17"", ""v2:17""], ""snapshot_polls"": 1}"
20260918T142638Z_aefa49a3,18,normal,1789741598.9668403,1789741598.9861178,19.472,0,19.472,pass,,independent_snapshot,"{""prerequisite_acknowledged"": true, ""client_b_read_v1"": true, ""dependent_acknowledged"": true, ""visible_ids"": [""v1:18"", ""v2:18""], ""snapshot_polls"": 1}"
20260918T142638Z_aefa49a3,19,normal,1789741598.9861178,1789741599.0060623,19.64,0,19.64,pass,,independent_snapshot,"{""prerequisite_acknowledged"": true, ""client_b_read_v1"": true, ""dependent_acknowledged"": true, ""visible_ids"": [""v1:19"", ""v2:19""], ""snapshot_polls"": 1}"
20260918T142638Z_aefa49a3,20,normal,1789741599.0060623,1789741599.026472,20.704,0,20.704,pass,,independent_snapshot,"{""prerequisite_acknowledged"": true, ""client_b_read_v1"": true, ""dependent_acknowledged"": true, ""visible_ids"": [""v1:20"", ""v2:20""], ""snapshot_polls"": 1}"
20260918T142638Z_aefa49a3,21,normal,1789741599.026472,1789741599.0462801,19.232,0,19.232,pass,,independent_snapshot,"{""prerequisite_acknowledged"": true, ""client_b_read_v1"": true, ""dependent_acknowledged"": true, ""visible_ids"": [""v1:21"", ""v2:21""], ""snapshot_polls"": 1}"
20260918T142638Z_aefa49a3,22,normal,1789741599.0462801,1789741599.064854,19.034,0,19.034,pass,,independent_snapshot,"{""prerequisite_acknowledged"": true, ""client_b_read_v1"": true, ""dependent_acknowledged"": true, ""visible_ids"": [""v1:22"", ""v2:22""], ""snapshot_polls"": 1}"
20260918T142638Z_aefa49a3,23,normal,1789741599.064854,1789741599.0868886,21.632,0,21.632,pass,,independent_snapshot,"{""prerequisite_acknowledged"": true, ""client_b_read_v1"": true, ""dependent_acknowledged"": true, ""visible_ids"": [""v1:23"", ""v2:23""], ""snapshot_polls"": 1}"
20260918T142638Z_aefa49a3,24,normal,1789741599.0868886,1789741599.1067934,19.883,0,19.883,pass,,independent_snapshot,"{""prerequisite_acknowledged"": true, ""client_b_read_v1"": true, ""dependent_acknowledged"": true, ""visible_ids"": [""v1:24"", ""v2:24""], ""snapshot_polls"": 1}"
20260918T142638Z_aefa49a3,25,normal,1789741599.1067934,1789741599.1282344,21.368,0,21.368,pass,,independent_snapshot,"{""prerequisite_acknowledged"": true, ""client_b_read_v1"": true, ""dependent_acknowledged"": true, ""visible_ids"": [""v1:25"", ""v2:25""], ""snapshot_polls"": 1}"
20260918T142638Z_aefa49a3,26,normal,1789741599.1282344,1789741599.149024,20.78,0,20.78,pass,,independent_snapshot,"{""prerequisite_acknowledged"": true, ""client_b_read_v1"": true, ""dependent_acknowledged"": true, ""visible_ids"": [""v1:26"", ""v2:26""], ""snapshot_polls"": 1}"
20260918T142638Z_aefa49a3,27,normal,1789741599.149024,1789741599.167457,18.244,0,18.244,pass,,independent_snapshot,"{""prerequisite_acknowledged"": true, ""client_b_read_v1"": true, ""dependent_acknowledged"": true, ""visible_ids"": [""v1:27"", ""v2:27""], ""snapshot_polls"": 1}"
20260918T142638Z_aefa49a3,28,normal,1789741599.167457,1789741599.18696,19.125,0,19.125,pass,,independent_snapshot,"{""prerequisite_acknowledged"": true, ""client_b_read_v1"": true, ""dependent_acknowledged"": true, ""visible_ids"": [""v1:28"", ""v2:28""], ""snapshot_polls"": 1}"
20260918T142638Z_aefa49a3,29,normal,1789741599.18696,1789741599.2059488,19.254,0,19.254,pass,,independent_snapshot,"{""prerequisite_acknowledged"": true, ""client_b_read_v1"": true, ""dependent_acknowledged"": true, ""visible_ids"": [""v1:29"", ""v2:29""], ""snapshot_polls"": 1}"
20260918T142638Z_aefa49a3,30,normal,1789741599.2065482,1789741599.2273114,20.623,0,20.623,pass,,independent_snapshot,"{""prerequisite_acknowledged"": true, ""client_b_read_v1"": true, ""dependent_acknowledged"": true, ""visible_ids"": [""v1:30"", ""v2:30""], ""snapshot_polls"": 1}"
20260918T142638Z_aefa49a3,31,normal,1789741599.2273114,1789741599.249767,22.79,0,22.79,pass,,independent_snapshot,"{""prerequisite_acknowledged"": true, ""client_b_read_v1"": true, ""dependent_acknowledged"": true, ""visible_ids"": [""v1:31"", ""v2:31""], ""snapshot_polls"": 1}"
20260918T142638Z_aefa49a3,32,normal,1789741599.249767,1789741599.2686412,18.526,0,18.526,pass,,independent_snapshot,"{""prerequisite_acknowledged"": true, ""client_b_read_v1"": true, ""dependent_acknowledged"": true, ""visible_ids"": [""v1:32"", ""v2:32""], ""snapshot_polls"": 1}"
20260918T142638Z_aefa49a3,33,normal,1789741599.2686412,1789741599.2882316,19.481,0,19.481,pass,,independent_snapshot,"{""prerequisite_acknowledged"": true, ""client_b_read_v1"": true, ""dependent_acknowledged"": true, ""visible_ids"": [""v1:33"", ""v2:33""], ""snapshot_polls"": 1}"
20260918T142638Z_aefa49a3,34,normal,1789741599.2882316,1789741599.3072233,19.152,0,19.152,pass,,independent_snapshot,"{""prerequisite_acknowledged"": true, ""client_b_read_v1"": true, ""dependent_acknowledged"": true, ""visible_ids"": [""v1:34"", ""v2:34""], ""snapshot_polls"": 1}"
20260918T142638Z_aefa49a3,35,normal,1789741599.307771,1789741599.326902,19.406,0,19.406,pass,,independent_snapshot,"{""prerequisite_acknowledged"": true, ""client_b_read_v1"": true, ""dependent_acknowledged"": true, ""visible_ids"": [""v1:35"", ""v2:35""], ""snapshot_polls"": 1}"
20260918T142638Z_aefa49a3,36,normal,1789741599.326902,1789741599.3476722,20.455,0,20.455,pass,,independent_snapshot,"{""prerequisite_acknowledged"": true, ""client_b_read_v1"": true, ""dependent_acknowledged"": true, ""visible_ids"": [""v1:36"", ""v2:36""], ""snapshot_polls"": 1}"
20260918T142638Z_aefa49a3,37,normal,1789741599.3476722,1789741599.3683634,20.603,0,20.603,pass,,independent_snapshot,"{""prerequisite_acknowledged"": true, ""client_b_read_v1"": true, ""dependent_acknowledged"": true, ""visible_ids"": [""v1:37"", ""v2:37""], ""snapshot_polls"": 1}"
20260918T142638Z_aefa49a3,38,normal,1789741599.3683634,1789741599.3876321,19.551,0,19.551,pass,,independent_snapshot,"{""prerequisite_acknowledged"": true, ""client_b_read_v1"": true, ""dependent_acknowledged"": true, ""visible_ids"": [""v1:38"", ""v2:38""], ""snapshot_polls"": 1}"
20260918T142638Z_aefa49a3,39,normal,1789741599.3883588,1789741599.4090304,20.734,0,20.734,pass,,independent_snapshot,"{""prerequisite_acknowledged"": true, ""client_b_read_v1"": true, ""dependent_acknowledged"": true, ""visible_ids"": [""v1:39"", ""v2:39""], ""snapshot_polls"": 1}"
20260918T142638Z_aefa49a3,40,normal,1789741599.4090304,1789741599.4274535,18.582,0,18.582,pass,,independent_snapshot,"{""prerequisite_acknowledged"": true, ""client_b_read_v1"": true, ""dependent_acknowledged"": true, ""visible_ids"": [""v1:40"", ""v2:40""], ""snapshot_polls"": 1}"
20260918T142638Z_aefa49a3,41,normal,1789741599.4274535,1789741599.4477456,20.177,0,20.177,pass,,independent_snapshot,"{""prerequisite_acknowledged"": true, ""client_b_read_v1"": true, ""dependent_acknowledged"": true, ""visible_ids"": [""v1:41"", ""v2:41""], ""snapshot_polls"": 1}"
20260918T142638Z_aefa49a3,42,normal,1789741599.4477456,1789741599.4678023,19.732,0,19.732,pass,,independent_snapshot,"{""prerequisite_acknowledged"": true, ""client_b_read_v1"": true, ""dependent_acknowledged"": true, ""visible_ids"": [""v1:42"", ""v2:42""], ""snapshot_polls"": 1}"
20260918T142638Z_aefa49a3,43,normal,1789741599.4678023,1789741599.4869118,18.96,0,18.96,pass,,independent_snapshot,"{""prerequisite_acknowledged"": true, ""client_b_read_v1"": true, ""dependent_acknowledged"": true, ""visible_ids"": [""v1:43"", ""v2:43""], ""snapshot_polls"": 1}"
20260918T142638Z_aefa49a3,44,normal,1789741599.4869118,1789741599.505742,19.056,0,19.056,pass,,independent_snapshot,"{""prerequisite_acknowledged"": true, ""client_b_read_v1"": true, ""dependent_acknowledged"": true, ""visible_ids"": [""v1:44"", ""v2:44""], ""snapshot_polls"": 1}"
20260918T142638Z_aefa49a3,45,normal,1789741599.505742,1789741599.524805,18.782,0,18.782,pass,,independent_snapshot,"{""prerequisite_acknowledged"": true, ""client_b_read_v1"": true, ""dependent_acknowledged"": true, ""visible_ids"": [""v1:45"", ""v2:45""], ""snapshot_polls"": 1}"
20260918T142638Z_aefa49a3,46,normal,1789741599.524805,1789741599.5433135,18.076,0,18.076,pass,,independent_snapshot,"{""prerequisite_acknowledged"": true, ""client_b_read_v1"": true, ""dependent_acknowledged"": true, ""visible_ids"": [""v1:46"", ""v2:46""], ""snapshot_polls"": 1}"
20260918T142638Z_aefa49a3,47,normal,1789741599.5433135,1789741599.5653865,22.424,0,22.424,pass,,independent_snapshot,"{""prerequisite_acknowledged"": true, ""client_b_read_v1"": true, ""dependent_acknowledged"": true, ""visible_ids"": [""v1:47"", ""v2:47""], ""snapshot_polls"": 1}"
20260918T142638Z_aefa49a3,48,normal,1789741599.5659626,1789741599.5840502,18.618,0,18.618,pass,,independent_snapshot,"{""prerequisite_acknowledged"": true, ""client_b_read_v1"": true, ""dependent_acknowledged"": true, ""visible_ids"": [""v1:48"", ""v2:48""], ""snapshot_polls"": 1}"
20260918T142638Z_aefa49a3,49,normal,1789741599.5840502,1789741599.6039968,19.378,0,19.378,pass,,independent_snapshot,"{""prerequisite_acknowledged"": true, ""client_b_read_v1"": true, ""dependent_acknowledged"": true, ""visible_ids"": [""v1:49"", ""v2:49""], ""snapshot_polls"": 1}"
20260918T142638Z_aefa49a3,50,normal,1789741599.6039968,1789741599.6230693,19.297,0,19.297,pass,,independent_snapshot,"{""prerequisite_acknowledged"": true, ""client_b_read_v1"": true, ""dependent_acknowledged"": true, ""visible_ids"": [""v1:50"", ""v2:50""], ""snapshot_polls"": 1}"
20260918T142638Z_aefa49a3,51,normal,1789741599.6236336,1789741599.6424296,18.928,0,18.928,pass,,independent_snapshot,"{""prerequisite_acknowledged"": true, ""client_b_read_v1"": true, ""dependent_acknowledged"": true, ""visible_ids"": [""v1:51"", ""v2:51""], ""snapshot_polls"": 1}"
20260918T142638Z_aefa49a3,52,normal,1789741599.6424296,1789741599.663159,20.446,0,20.446,pass,,independent_snapshot,"{""prerequisite_acknowledged"": true, ""client_b_read_v1"": true, ""dependent_acknowledged"": true, ""visible_ids"": [""v1:52"", ""v2:52""], ""snapshot_polls"": 1}"
20260918T142638Z_aefa49a3,53,normal,1789741599.663159,1789741599.6824408,19.691,0,19.691,pass,,independent_snapshot,"{""prerequisite_acknowledged"": true, ""client_b_read_v1"": true, ""dependent_acknowledged"": true, ""visible_ids"": [""v1:53"", ""v2:53""], ""snapshot_polls"": 1}"
20260918T142638Z_aefa49a3,54,normal,1789741599.683104,1789741599.7013333,18.845,0,18.845,pass,,independent_snapshot,"{""prerequisite_acknowledged"": true, ""client_b_read_v1"": true, ""dependent_acknowledged"": true, ""visible_ids"": [""v1:54"", ""v2:54""], ""snapshot_polls"": 1}"
20260918T142638Z_aefa49a3,55,normal,1789741599.7019625,1789741599.7239695,21.848,0,21.848,pass,,independent_snapshot,"{""prerequisite_acknowledged"": true, ""client_b_read_v1"": true, ""dependent_acknowledged"": true, ""visible_ids"": [""v1:55"", ""v2:55""], ""snapshot_polls"": 1}"
20260918T142638Z_aefa49a3,56,normal,1789741599.7239695,1789741599.742632,18.785,0,18.785,pass,,independent_snapshot,"{""prerequisite_acknowledged"": true, ""client_b_read_v1"": true, ""dependent_acknowledged"": true, ""visible_ids"": [""v1:56"", ""v2:56""], ""snapshot_polls"": 1}"
20260918T142638Z_aefa49a3,57,normal,1789741599.742632,1789741599.7641006,21.629,0,21.629,pass,,independent_snapshot,"{""prerequisite_acknowledged"": true, ""client_b_read_v1"": true, ""dependent_acknowledged"": true, ""visible_ids"": [""v1:57"", ""v2:57""], ""snapshot_polls"": 1}"
20260918T142638Z_aefa49a3,58,normal,1789741599.7647302,1789741599.7842607,19.394,0,19.394,pass,,independent_snapshot,"{""prerequisite_acknowledged"": true, ""client_b_read_v1"": true, ""dependent_acknowledged"": true, ""visible_ids"": [""v1:58"", ""v2:58""], ""snapshot_polls"": 1}"
20260918T142638Z_aefa49a3,59,normal,1789741599.7842607,1789741599.8024366,18.035,0,18.035,pass,,independent_snapshot,"{""prerequisite_acknowledged"": true, ""client_b_read_v1"": true, ""dependent_acknowledged"": true, ""visible_ids"": [""v1:59"", ""v2:59""], ""snapshot_polls"": 1}"
20260918T142638Z_aefa49a3,60,normal,1789741599.8024366,1789741599.8214567,18.95,0,18.95,pass,,independent_snapshot,"{""prerequisite_acknowledged"": true, ""client_b_read_v1"": true, ""dependent_acknowledged"": true, ""visible_ids"": [""v1:60"", ""v2:60""], ""snapshot_polls"": 1}"
20260918T142638Z_aefa49a3,61,normal,1789741599.8214567,1789741599.8409822,19.295,0,19.295,pass,,independent_snapshot,"{""prerequisite_acknowledged"": true, ""client_b_read_v1"": true, ""dependent_acknowledged"": true, ""visible_ids"": [""v1:61"", ""v2:61""], ""snapshot_polls"": 1}"
20260918T142638Z_aefa49a3,62,normal,1789741599.8409822,1789741599.8595886,18.997,0,18.997,pass,,independent_snapshot,"{""prerequisite_acknowledged"": true, ""client_b_read_v1"": true, ""dependent_acknowledged"": true, ""visible_ids"": [""v1:62"", ""v2:62""], ""snapshot_polls"": 1}"
20260918T142638Z_aefa49a3,63,normal,1789741599.8602455,1789741599.881693,22.162,0,22.162,pass,,independent_snapshot,"{""prerequisite_acknowledged"": true, ""client_b_read_v1"": true, ""dependent_acknowledged"": true, ""visible_ids"": [""v1:63"", ""v2:63""], ""snapshot_polls"": 1}"
20260918T142638Z_aefa49a3,64,normal,1789741599.8824575,1789741599.9017246,19.531,0,19.531,pass,,independent_snapshot,"{""prerequisite_acknowledged"": true, ""client_b_read_v1"": true, ""dependent_acknowledged"": true, ""visible_ids"": [""v1:64"", ""v2:64""], ""snapshot_polls"": 1}"
20260918T142638Z_aefa49a3,65,normal,1789741599.9017246,1789741599.9217577,19.634,0,19.634,pass,,independent_snapshot,"{""prerequisite_acknowledged"": true, ""client_b_read_v1"": true, ""dependent_acknowledged"": true, ""visible_ids"": [""v1:65"", ""v2:65""], ""snapshot_polls"": 1}"
20260918T142638Z_aefa49a3,66,normal,1789741599.9217577,1789741599.9402337,18.286,0,18.286,pass,,independent_snapshot,"{""prerequisite_acknowledged"": true, ""client_b_read_v1"": true, ""dependent_acknowledged"": true, ""visible_ids"": [""v1:66"", ""v2:66""], ""snapshot_polls"": 1}"
20260918T142638Z_aefa49a3,67,normal,1789741599.9402337,1789741599.9607925,20.598,0,20.598,pass,,independent_snapshot,"{""prerequisite_acknowledged"": true, ""client_b_read_v1"": true, ""dependent_acknowledged"": true, ""visible_ids"": [""v1:67"", ""v2:67""], ""snapshot_polls"": 1}"
20260918T142638Z_aefa49a3,68,normal,1789741599.9607925,1789741599.981736,20.727,0,20.727,pass,,independent_snapshot,"{""prerequisite_acknowledged"": true, ""client_b_read_v1"": true, ""dependent_acknowledged"": true, ""visible_ids"": [""v1:68"", ""v2:68""], ""snapshot_polls"": 1}"
20260918T142638Z_aefa49a3,69,normal,1789741599.981736,1789741600.0015092,19.691,0,19.691,pass,,independent_snapshot,"{""prerequisite_acknowledged"": true, ""client_b_read_v1"": true, ""dependent_acknowledged"": true, ""visible_ids"": [""v1:69"", ""v2:69""], ""snapshot_polls"": 1}"
20260918T142638Z_aefa49a3,70,normal,1789741600.0015092,1789741600.022436,20.759,0,20.759,pass,,independent_snapshot,"{""prerequisite_acknowledged"": true, ""client_b_read_v1"": true, ""dependent_acknowledged"": true, ""visible_ids"": [""v1:70"", ""v2:70""], ""snapshot_polls"": 1}"
20260918T142638Z_aefa49a3,71,normal,1789741600.022436,1789741600.0428243,20.667,0,20.667,pass,,independent_snapshot,"{""prerequisite_acknowledged"": true, ""client_b_read_v1"": true, ""dependent_acknowledged"": true, ""visible_ids"": [""v1:71"", ""v2:71""], ""snapshot_polls"": 1}"
20260918T142638Z_aefa49a3,72,normal,1789741600.0428243,1789741600.0622854,19.051,0,19.051,pass,,independent_snapshot,"{""prerequisite_acknowledged"": true, ""client_b_read_v1"": true, ""dependent_acknowledged"": true, ""visible_ids"": [""v1:72"", ""v2:72""], ""snapshot_polls"": 1}"
20260918T142638Z_aefa49a3,73,normal,1789741600.0625944,1789741600.0855808,23.024,0,23.024,pass,,independent_snapshot,"{""prerequisite_acknowledged"": true, ""client_b_read_v1"": true, ""dependent_acknowledged"": true, ""visible_ids"": [""v1:73"", ""v2:73""], ""snapshot_polls"": 1}"
20260918T142638Z_aefa49a3,74,normal,1789741600.0855808,1789741600.104902,19.185,0,19.185,pass,,independent_snapshot,"{""prerequisite_acknowledged"": true, ""client_b_read_v1"": true, ""dependent_acknowledged"": true, ""visible_ids"": [""v1:74"", ""v2:74""], ""snapshot_polls"": 1}"
20260918T142638Z_aefa49a3,75,normal,1789741600.104902,1789741600.1235766,18.772,0,18.772,pass,,independent_snapshot,"{""prerequisite_acknowledged"": true, ""client_b_read_v1"": true, ""dependent_acknowledged"": true, ""visible_ids"": [""v1:75"", ""v2:75""], ""snapshot_polls"": 1}"
20260918T142638Z_aefa49a3,76,normal,1789741600.1235766,1789741600.1413295,17.653,0,17.653,pass,,independent_snapshot,"{""prerequisite_acknowledged"": true, ""client_b_read_v1"": true, ""dependent_acknowledged"": true, ""visible_ids"": [""v1:76"", ""v2:76""], ""snapshot_polls"": 1}"
20260918T142638Z_aefa49a3,77,normal,1789741600.1413295,1789741600.1600318,18.468,0,18.468,pass,,independent_snapshot,"{""prerequisite_acknowledged"": true, ""client_b_read_v1"": true, ""dependent_acknowledged"": true, ""visible_ids"": [""v1:77"", ""v2:77""], ""snapshot_polls"": 1}"
20260918T142638Z_aefa49a3,78,normal,1789741600.1600318,1789741600.179338,19.219,0,19.219,pass,,independent_snapshot,"{""prerequisite_acknowledged"": true, ""client_b_read_v1"": true, ""dependent_acknowledged"": true, ""visible_ids"": [""v1:78"", ""v2:78""], ""snapshot_polls"": 1}"
20260918T142638Z_aefa49a3,79,normal,1789741600.179338,1789741600.2005188,20.922,0,20.922,pass,,independent_snapshot,"{""prerequisite_acknowledged"": true, ""client_b_read_v1"": true, ""dependent_acknowledged"": true, ""visible_ids"": [""v1:79"", ""v2:79""], ""snapshot_polls"": 1}"
20260918T142638Z_aefa49a3,80,normal,1789741600.2005188,1789741600.2192006,18.711,0,18.711,pass,,independent_snapshot,"{""prerequisite_acknowledged"": true, ""client_b_read_v1"": true, ""dependent_acknowledged"": true, ""visible_ids"": [""v1:80"", ""v2:80""], ""snapshot_polls"": 1}"
20260918T142638Z_aefa49a3,81,normal,1789741600.2192006,1789741600.2394867,20.196,0,20.196,pass,,independent_snapshot,"{""prerequisite_acknowledged"": true, ""client_b_read_v1"": true, ""dependent_acknowledged"": true, ""visible_ids"": [""v1:81"", ""v2:81""], ""snapshot_polls"": 1}"
20260918T142638Z_aefa49a3,82,normal,1789741600.2394867,1789741600.2604167,21.13,0,21.13,pass,,independent_snapshot,"{""prerequisite_acknowledged"": true, ""client_b_read_v1"": true, ""dependent_acknowledged"": true, ""visible_ids"": [""v1:82"", ""v2:82""], ""snapshot_polls"": 1}"
20260918T142638Z_aefa49a3,83,normal,1789741600.261029,1789741600.2797453,18.949,0,18.949,pass,,independent_snapshot,"{""prerequisite_acknowledged"": true, ""client_b_read_v1"": true, ""dependent_acknowledged"": true, ""visible_ids"": [""v1:83"", ""v2:83""], ""snapshot_polls"": 1}"
20260918T142638Z_aefa49a3,84,normal,1789741600.2797453,1789741600.2997618,19.744,0,19.744,pass,,independent_snapshot,"{""prerequisite_acknowledged"": true, ""client_b_read_v1"": true, ""dependent_acknowledged"": true, ""visible_ids"": [""v1:84"", ""v2:84""], ""snapshot_polls"": 1}"
20260918T142638Z_aefa49a3,85,normal,1789741600.2997618,1789741600.317877,18.03,0,18.03,pass,,independent_snapshot,"{""prerequisite_acknowledged"": true, ""client_b_read_v1"": true, ""dependent_acknowledged"": true, ""visible_ids"": [""v1:85"", ""v2:85""], ""snapshot_polls"": 1}"
20260918T142638Z_aefa49a3,86,normal,1789741600.317877,1789741600.3376331,19.759,0,19.759,pass,,independent_snapshot,"{""prerequisite_acknowledged"": true, ""client_b_read_v1"": true, ""dependent_acknowledged"": true, ""visible_ids"": [""v1:86"", ""v2:86""], ""snapshot_polls"": 1}"
20260918T142638Z_aefa49a3,87,normal,1789741600.3376331,1789741600.36005,22.554,0,22.554,pass,,independent_snapshot,"{""prerequisite_acknowledged"": true, ""client_b_read_v1"": true, ""dependent_acknowledged"": true, ""visible_ids"": [""v1:87"", ""v2:87""], ""snapshot_polls"": 1}"
20260918T142638Z_aefa49a3,88,normal,1789741600.36005,1789741600.3803864,19.904,0,19.904,pass,,independent_snapshot,"{""prerequisite_acknowledged"": true, ""client_b_read_v1"": true, ""dependent_acknowledged"": true, ""visible_ids"": [""v1:88"", ""v2:88""], ""snapshot_polls"": 1}"
20260918T142638Z_aefa49a3,89,normal,1789741600.3803864,1789741600.400529,20.408,0,20.408,pass,,independent_snapshot,"{""prerequisite_acknowledged"": true, ""client_b_read_v1"": true, ""dependent_acknowledged"": true, ""visible_ids"": [""v1:89"", ""v2:89""], ""snapshot_polls"": 1}"
20260918T142638Z_aefa49a3,90,normal,1789741600.4011374,1789741600.4206567,19.962,0,19.962,pass,,independent_snapshot,"{""prerequisite_acknowledged"": true, ""client_b_read_v1"": true, ""dependent_acknowledged"": true, ""visible_ids"": [""v1:90"", ""v2:90""], ""snapshot_polls"": 1}"
20260918T142638Z_aefa49a3,91,normal,1789741600.4206567,1789741600.43998,19.358,0,19.358,pass,,independent_snapshot,"{""prerequisite_acknowledged"": true, ""client_b_read_v1"": true, ""dependent_acknowledged"": true, ""visible_ids"": [""v1:91"", ""v2:91""], ""snapshot_polls"": 1}"
20260918T142638Z_aefa49a3,92,normal,1789741600.440607,1789741600.4599671,19.705,0,19.705,pass,,independent_snapshot,"{""prerequisite_acknowledged"": true, ""client_b_read_v1"": true, ""dependent_acknowledged"": true, ""visible_ids"": [""v1:92"", ""v2:92""], ""snapshot_polls"": 1}"
20260918T142638Z_aefa49a3,93,normal,1789741600.4599671,1789741600.4787173,18.404,0,18.404,pass,,independent_snapshot,"{""prerequisite_acknowledged"": true, ""client_b_read_v1"": true, ""dependent_acknowledged"": true, ""visible_ids"": [""v1:93"", ""v2:93""], ""snapshot_polls"": 1}"
20260918T142638Z_aefa49a3,94,normal,1789741600.4787173,1789741600.497139,18.365,0,18.365,pass,,independent_snapshot,"{""prerequisite_acknowledged"": true, ""client_b_read_v1"": true, ""dependent_acknowledged"": true, ""visible_ids"": [""v1:94"", ""v2:94""], ""snapshot_polls"": 1}"
20260918T142638Z_aefa49a3,95,normal,1789741600.4974604,1789741600.517982,20.7,0,20.7,pass,,independent_snapshot,"{""prerequisite_acknowledged"": true, ""client_b_read_v1"": true, ""dependent_acknowledged"": true, ""visible_ids"": [""v1:95"", ""v2:95""], ""snapshot_polls"": 1}"
20260918T142638Z_aefa49a3,96,normal,1789741600.517982,1789741600.5360374,18.138,0,18.138,pass,,independent_snapshot,"{""prerequisite_acknowledged"": true, ""client_b_read_v1"": true, ""dependent_acknowledged"": true, ""visible_ids"": [""v1:96"", ""v2:96""], ""snapshot_polls"": 1}"
20260918T142638Z_aefa49a3,97,normal,1789741600.5360374,1789741600.5541055,17.961,0,17.961,pass,,independent_snapshot,"{""prerequisite_acknowledged"": true, ""client_b_read_v1"": true, ""dependent_acknowledged"": true, ""visible_ids"": [""v1:97"", ""v2:97""], ""snapshot_polls"": 1}"
20260918T142638Z_aefa49a3,98,normal,1789741600.5541055,1789741600.572785,18.382,0,18.382,pass,,independent_snapshot,"{""prerequisite_acknowledged"": true, ""client_b_read_v1"": true, ""dependent_acknowledged"": true, ""visible_ids"": [""v1:98"", ""v2:98""], ""snapshot_polls"": 1}"
20260918T142638Z_aefa49a3,99,normal,1789741600.572785,1789741600.592362,19.51,0,19.51,pass,,independent_snapshot,"{""prerequisite_acknowledged"": true, ""client_b_read_v1"": true, ""dependent_acknowledged"": true, ""visible_ids"": [""v1:99"", ""v2:99""], ""snapshot_polls"": 1}"
20260918T142638Z_aefa49a3,100,normal,1789741600.592362,1789741600.6123548,19.641,0,19.641,pass,,independent_snapshot,"{""prerequisite_acknowledged"": true, ""client_b_read_v1"": true, ""dependent_acknowledged"": true, ""visible_ids"": [""v1:100"", ""v2:100""], ""snapshot_polls"": 1}"
20260918T142638Z_aefa49a3,101,normal,1789741600.6129715,1789741600.6319346,19.069,0,19.069,pass,,independent_snapshot,"{""prerequisite_acknowledged"": true, ""client_b_read_v1"": true, ""dependent_acknowledged"": true, ""visible_ids"": [""v1:101"", ""v2:101""], ""snapshot_polls"": 1}"
20260918T142638Z_aefa49a3,102,normal,1789741600.6319346,1789741600.6509774,18.649,0,18.649,pass,,independent_snapshot,"{""prerequisite_acknowledged"": true, ""client_b_read_v1"": true, ""dependent_acknowledged"": true, ""visible_ids"": [""v1:102"", ""v2:102""], ""snapshot_polls"": 1}"
20260918T142638Z_aefa49a3,103,normal,1789741600.6509774,1789741600.6720905,21.448,0,21.448,pass,,independent_snapshot,"{""prerequisite_acknowledged"": true, ""client_b_read_v1"": true, ""dependent_acknowledged"": true, ""visible_ids"": [""v1:103"", ""v2:103""], ""snapshot_polls"": 1}"
20260918T142638Z_aefa49a3,104,normal,1789741600.6727135,1789741600.6928077,20.192,0,20.192,pass,,independent_snapshot,"{""prerequisite_acknowledged"": true, ""client_b_read_v1"": true, ""dependent_acknowledged"": true, ""visible_ids"": [""v1:104"", ""v2:104""], ""snapshot_polls"": 1}"
20260918T142638Z_aefa49a3,105,normal,1789741600.6928077,1789741600.7131567,20.261,0,20.261,pass,,independent_snapshot,"{""prerequisite_acknowledged"": true, ""client_b_read_v1"": true, ""dependent_acknowledged"": true, ""visible_ids"": [""v1:105"", ""v2:105""], ""snapshot_polls"": 1}"
20260918T142638Z_aefa49a3,106,normal,1789741600.7131567,1789741600.732462,19.234,0,19.234,pass,,independent_snapshot,"{""prerequisite_acknowledged"": true, ""client_b_read_v1"": true, ""dependent_acknowledged"": true, ""visible_ids"": [""v1:106"", ""v2:106""], ""snapshot_polls"": 1}"
20260918T142638Z_aefa49a3,107,normal,1789741600.732462,1789741600.751748,19.336,0,19.336,pass,,independent_snapshot,"{""prerequisite_acknowledged"": true, ""client_b_read_v1"": true, ""dependent_acknowledged"": true, ""visible_ids"": [""v1:107"", ""v2:107""], ""snapshot_polls"": 1}"
20260918T142638Z_aefa49a3,108,normal,1789741600.751748,1789741600.770844,18.844,0,18.844,pass,,independent_snapshot,"{""prerequisite_acknowledged"": true, ""client_b_read_v1"": true, ""dependent_acknowledged"": true, ""visible_ids"": [""v1:108"", ""v2:108""], ""snapshot_polls"": 1}"
20260918T142638Z_aefa49a3,109,normal,1789741600.770844,1789741600.7912872,20.773,0,20.773,pass,,independent_snapshot,"{""prerequisite_acknowledged"": true, ""client_b_read_v1"": true, ""dependent_acknowledged"": true, ""visible_ids"": [""v1:109"", ""v2:109""], ""snapshot_polls"": 1}"
20260918T142638Z_aefa49a3,110,normal,1789741600.7920144,1789741600.8119285,19.844,0,19.844,pass,,independent_snapshot,"{""prerequisite_acknowledged"": true, ""client_b_read_v1"": true, ""dependent_acknowledged"": true, ""visible_ids"": [""v1:110"", ""v2:110""], ""snapshot_polls"": 1}"
20260918T142638Z_aefa49a3,111,normal,1789741600.8119285,1789741600.833785,21.787,0,21.787,pass,,independent_snapshot,"{""prerequisite_acknowledged"": true, ""client_b_read_v1"": true, ""dependent_acknowledged"": true, ""visible_ids"": [""v1:111"", ""v2:111""], ""snapshot_polls"": 1}"
20260918T142638Z_aefa49a3,112,normal,1789741600.833785,1789741600.8528435,19.329,0,19.329,pass,,independent_snapshot,"{""prerequisite_acknowledged"": true, ""client_b_read_v1"": true, ""dependent_acknowledged"": true, ""visible_ids"": [""v1:112"", ""v2:112""], ""snapshot_polls"": 1}"
20260918T142638Z_aefa49a3,113,normal,1789741600.8528435,1789741600.8724213,19.526,0,19.526,pass,,independent_snapshot,"{""prerequisite_acknowledged"": true, ""client_b_read_v1"": true, ""dependent_acknowledged"": true, ""visible_ids"": [""v1:113"", ""v2:113""], ""snapshot_polls"": 1}"
20260918T142638Z_aefa49a3,114,normal,1789741600.8730178,1789741600.89255,19.676,0,19.676,pass,,independent_snapshot,"{""prerequisite_acknowledged"": true, ""client_b_read_v1"": true, ""dependent_acknowledged"": true, ""visible_ids"": [""v1:114"", ""v2:114""], ""snapshot_polls"": 1}"
20260918T142638Z_aefa49a3,115,normal,1789741600.89255,1789741600.9118762,19.892,0,19.892,pass,,independent_snapshot,"{""prerequisite_acknowledged"": true, ""client_b_read_v1"": true, ""dependent_acknowledged"": true, ""visible_ids"": [""v1:115"", ""v2:115""], ""snapshot_polls"": 1}"
20260918T142638Z_aefa49a3,116,normal,1789741600.9118762,1789741600.9336467,20.917,0,20.917,pass,,independent_snapshot,"{""prerequisite_acknowledged"": true, ""client_b_read_v1"": true, ""dependent_acknowledged"": true, ""visible_ids"": [""v1:116"", ""v2:116""], ""snapshot_polls"": 1}"
20260918T142638Z_aefa49a3,117,normal,1789741600.9336467,1789741600.9528186,19.015,0,19.015,pass,,independent_snapshot,"{""prerequisite_acknowledged"": true, ""client_b_read_v1"": true, ""dependent_acknowledged"": true, ""visible_ids"": [""v1:117"", ""v2:117""], ""snapshot_polls"": 1}"
20260918T142638Z_aefa49a3,118,normal,1789741600.9528186,1789741600.9708543,18.213,0,18.213,pass,,independent_snapshot,"{""prerequisite_acknowledged"": true, ""client_b_read_v1"": true, ""dependent_acknowledged"": true, ""visible_ids"": [""v1:118"", ""v2:118""], ""snapshot_polls"": 1}"
20260918T142638Z_aefa49a3,119,normal,1789741600.971438,1789741600.992918,21.529,0,21.529,pass,,independent_snapshot,"{""prerequisite_acknowledged"": true, ""client_b_read_v1"": true, ""dependent_acknowledged"": true, ""visible_ids"": [""v1:119"", ""v2:119""], ""snapshot_polls"": 1}"
20260918T142638Z_aefa49a3,120,normal,1789741600.992918,1789741601.0121703,19.57,0,19.57,pass,,independent_snapshot,"{""prerequisite_acknowledged"": true, ""client_b_read_v1"": true, ""dependent_acknowledged"": true, ""visible_ids"": [""v1:120"", ""v2:120""], ""snapshot_polls"": 1}"
20260918T142638Z_aefa49a3,121,normal,1789741601.0127482,1789741601.0340664,21.71,0,21.71,pass,,independent_snapshot,"{""prerequisite_acknowledged"": true, ""client_b_read_v1"": true, ""dependent_acknowledged"": true, ""visible_ids"": [""v1:121"", ""v2:121""], ""snapshot_polls"": 1}"
20260918T142638Z_aefa49a3,122,normal,1789741601.0340664,1789741601.0545483,20.092,0,20.092,pass,,independent_snapshot,"{""prerequisite_acknowledged"": true, ""client_b_read_v1"": true, ""dependent_acknowledged"": true, ""visible_ids"": [""v1:122"", ""v2:122""], ""snapshot_polls"": 1}"
20260918T142638Z_aefa49a3,123,normal,1789741601.0545483,1789741601.0735984,19.291,0,19.291,pass,,independent_snapshot,"{""prerequisite_acknowledged"": true, ""client_b_read_v1"": true, ""dependent_acknowledged"": true, ""visible_ids"": [""v1:123"", ""v2:123""], ""snapshot_polls"": 1}"
20260918T142638Z_aefa49a3,124,normal,1789741601.0735984,1789741601.0925162,18.387,0,18.387,pass,,independent_snapshot,"{""prerequisite_acknowledged"": true, ""client_b_read_v1"": true, ""dependent_acknowledged"": true, ""visible_ids"": [""v1:124"", ""v2:124""], ""snapshot_polls"": 1}"
20260918T142638Z_aefa49a3,125,normal,1789741601.0925162,1789741601.1107306,18.259,0,18.259,pass,,independent_snapshot,"{""prerequisite_acknowledged"": true, ""client_b_read_v1"": true, ""dependent_acknowledged"": true, ""visible_ids"": [""v1:125"", ""v2:125""], ""snapshot_polls"": 1}"
20260918T142638Z_aefa49a3,126,normal,1789741601.1107306,1789741601.1300807,19.323,0,19.323,pass,,independent_snapshot,"{""prerequisite_acknowledged"": true, ""client_b_read_v1"": true, ""dependent_acknowledged"": true, ""visible_ids"": [""v1:126"", ""v2:126""], ""snapshot_polls"": 1}"
20260918T142638Z_aefa49a3,127,normal,1789741601.1300807,1789741601.1510735,20.985,0,20.985,pass,,independent_snapshot,"{""prerequisite_acknowledged"": true, ""client_b_read_v1"": true, ""dependent_acknowledged"": true, ""visible_ids"": [""v1:127"", ""v2:127""], ""snapshot_polls"": 1}"
20260918T142638Z_aefa49a3,128,normal,1789741601.1510735,1789741601.1695814,18.142,0,18.142,pass,,independent_snapshot,"{""prerequisite_acknowledged"": true, ""client_b_read_v1"": true, ""dependent_acknowledged"": true, ""visible_ids"": [""v1:128"", ""v2:128""], ""snapshot_polls"": 1}"
20260918T142638Z_aefa49a3,129,normal,1789741601.1695814,1789741601.1891272,19.298,0,19.298,pass,,independent_snapshot,"{""prerequisite_acknowledged"": true, ""client_b_read_v1"": true, ""dependent_acknowledged"": true, ""visible_ids"": [""v1:129"", ""v2:129""], ""snapshot_polls"": 1}"
20260918T142638Z_aefa49a3,130,normal,1789741601.1891272,1789741601.2096114,20.956,0,20.956,pass,,independent_snapshot,"{""prerequisite_acknowledged"": true, ""client_b_read_v1"": true, ""dependent_acknowledged"": true, ""visible_ids"": [""v1:130"", ""v2:130""], ""snapshot_polls"": 1}"
20260918T142638Z_aefa49a3,131,normal,1789741601.2102115,1789741601.230369,20.489,0,20.489,pass,,independent_snapshot,"{""prerequisite_acknowledged"": true, ""client_b_read_v1"": true, ""dependent_acknowledged"": true, ""visible_ids"": [""v1:131"", ""v2:131""], ""snapshot_polls"": 1}"
20260918T142638Z_aefa49a3,132,normal,1789741601.230369,1789741601.2523003,21.685,0,21.685,pass,,independent_snapshot,"{""prerequisite_acknowledged"": true, ""client_b_read_v1"": true, ""dependent_acknowledged"": true, ""visible_ids"": [""v1:132"", ""v2:132""], ""snapshot_polls"": 1}"
20260918T142638Z_aefa49a3,133,normal,1789741601.2523003,1789741601.2717881,19.356,0,19.356,pass,,independent_snapshot,"{""prerequisite_acknowledged"": true, ""client_b_read_v1"": true, ""dependent_acknowledged"": true, ""visible_ids"": [""v1:133"", ""v2:133""], ""snapshot_polls"": 1}"
20260918T142638Z_aefa49a3,134,normal,1789741601.2717881,1789741601.291552,19.639,0,19.639,pass,,independent_snapshot,"{""prerequisite_acknowledged"": true, ""client_b_read_v1"": true, ""dependent_acknowledged"": true, ""visible_ids"": [""v1:134"", ""v2:134""], ""snapshot_polls"": 1}"
20260918T142638Z_aefa49a3,135,normal,1789741601.291552,1789741601.3148625,23.28,0,23.28,pass,,independent_snapshot,"{""prerequisite_acknowledged"": true, ""client_b_read_v1"": true, ""dependent_acknowledged"": true, ""visible_ids"": [""v1:135"", ""v2:135""], ""snapshot_polls"": 1}"
20260918T142638Z_aefa49a3,136,normal,1789741601.3148625,1789741601.3331583,18.338,0,18.338,pass,,independent_snapshot,"{""prerequisite_acknowledged"": true, ""client_b_read_v1"": true, ""dependent_acknowledged"": true, ""visible_ids"": [""v1:136"", ""v2:136""], ""snapshot_polls"": 1}"
20260918T142638Z_aefa49a3,137,normal,1789741601.3331583,1789741601.3603704,26.702,0,26.702,pass,,independent_snapshot,"{""prerequisite_acknowledged"": true, ""client_b_read_v1"": true, ""dependent_acknowledged"": true, ""visible_ids"": [""v1:137"", ""v2:137""], ""snapshot_polls"": 1}"
20260918T142638Z_aefa49a3,138,normal,1789741601.3603704,1789741601.3798733,19.476,0,19.476,pass,,independent_snapshot,"{""prerequisite_acknowledged"": true, ""client_b_read_v1"": true, ""dependent_acknowledged"": true, ""visible_ids"": [""v1:138"", ""v2:138""], ""snapshot_polls"": 1}"
20260918T142638Z_aefa49a3,139,normal,1789741601.3798733,1789741601.3999274,20.21,0,20.21,pass,,independent_snapshot,"{""prerequisite_acknowledged"": true, ""client_b_read_v1"": true, ""dependent_acknowledged"": true, ""visible_ids"": [""v1:139"", ""v2:139""], ""snapshot_polls"": 1}"
20260918T142638Z_aefa49a3,140,normal,1789741601.3999274,1789741601.418732,18.618,0,18.618,pass,,independent_snapshot,"{""prerequisite_acknowledged"": true, ""client_b_read_v1"": true, ""dependent_acknowledged"": true, ""visible_ids"": [""v1:140"", ""v2:140""], ""snapshot_polls"": 1}"
20260918T142638Z_aefa49a3,141,normal,1789741601.418732,1789741601.4383888,19.491,0,19.491,pass,,independent_snapshot,"{""prerequisite_acknowledged"": true, ""client_b_read_v1"": true, ""dependent_acknowledged"": true, ""visible_ids"": [""v1:141"", ""v2:141""], ""snapshot_polls"": 1}"
20260918T142638Z_aefa49a3,142,normal,1789741601.4383888,1789741601.4601154,21.525,0,21.525,pass,,independent_snapshot,"{""prerequisite_acknowledged"": true, ""client_b_read_v1"": true, ""dependent_acknowledged"": true, ""visible_ids"": [""v1:142"", ""v2:142""], ""snapshot_polls"": 1}"
20260918T142638Z_aefa49a3,143,normal,1789741601.4601154,1789741601.4825227,22.206,0,22.206,pass,,independent_snapshot,"{""prerequisite_acknowledged"": true, ""client_b_read_v1"": true, ""dependent_acknowledged"": true, ""visible_ids"": [""v1:143"", ""v2:143""], ""snapshot_polls"": 1}"
20260918T142638Z_aefa49a3,144,normal,1789741601.4825227,1789741601.502443,19.972,0,19.972,pass,,independent_snapshot,"{""prerequisite_acknowledged"": true, ""client_b_read_v1"": true, ""dependent_acknowledged"": true, ""visible_ids"": [""v1:144"", ""v2:144""], ""snapshot_polls"": 1}"
20260918T142638Z_aefa49a3,145,normal,1789741601.502443,1789741601.522134,19.783,0,19.783,pass,,independent_snapshot,"{""prerequisite_acknowledged"": true, ""client_b_read_v1"": true, ""dependent_acknowledged"": true, ""visible_ids"": [""v1:145"", ""v2:145""], ""snapshot_polls"": 1}"
20260918T142638Z_aefa49a3,146,normal,1789741601.5227363,1789741601.5409517,18.33,0,18.33,pass,,independent_snapshot,"{""prerequisite_acknowledged"": true, ""client_b_read_v1"": true, ""dependent_acknowledged"": true, ""visible_ids"": [""v1:146"", ""v2:146""], ""snapshot_polls"": 1}"
20260918T142638Z_aefa49a3,147,normal,1789741601.5409517,1789741601.5604422,19.546,0,19.546,pass,,independent_snapshot,"{""prerequisite_acknowledged"": true, ""client_b_read_v1"": true, ""dependent_acknowledged"": true, ""visible_ids"": [""v1:147"", ""v2:147""], ""snapshot_polls"": 1}"
20260918T142638Z_aefa49a3,148,normal,1789741601.5604422,1789741601.5810328,20.238,0,20.238,pass,,independent_snapshot,"{""prerequisite_acknowledged"": true, ""client_b_read_v1"": true, ""dependent_acknowledged"": true, ""visible_ids"": [""v1:148"", ""v2:148""], ""snapshot_polls"": 1}"
20260918T142638Z_aefa49a3,149,normal,1789741601.5810328,1789741601.5998478,18.806,0,18.806,pass,,independent_snapshot,"{""prerequisite_acknowledged"": true, ""client_b_read_v1"": true, ""dependent_acknowledged"": true, ""visible_ids"": [""v1:149"", ""v2:149""], ""snapshot_polls"": 1}"
20260918T142638Z_aefa49a3,150,normal,1789741601.5998478,1789741601.6191027,19.069,0,19.069,pass,,independent_snapshot,"{""prerequisite_acknowledged"": true, ""client_b_read_v1"": true, ""dependent_acknowledged"": true, ""visible_ids"": [""v1:150"", ""v2:150""], ""snapshot_polls"": 1}"
20260918T142638Z_aefa49a3,151,normal,1789741601.6191027,1789741601.6395738,20.505,0,20.505,pass,,independent_snapshot,"{""prerequisite_acknowledged"": true, ""client_b_read_v1"": true, ""dependent_acknowledged"": true, ""visible_ids"": [""v1:151"", ""v2:151""], ""snapshot_polls"": 1}"
20260918T142638Z_aefa49a3,152,normal,1789741601.6395738,1789741601.6591418,19.255,0,19.255,pass,,independent_snapshot,"{""prerequisite_acknowledged"": true, ""client_b_read_v1"": true, ""dependent_acknowledged"": true, ""visible_ids"": [""v1:152"", ""v2:152""], ""snapshot_polls"": 1}"
20260918T142638Z_aefa49a3,153,normal,1789741601.6591418,1789741601.6779084,18.679,0,18.679,pass,,independent_snapshot,"{""prerequisite_acknowledged"": true, ""client_b_read_v1"": true, ""dependent_acknowledged"": true, ""visible_ids"": [""v1:153"", ""v2:153""], ""snapshot_polls"": 1}"
20260918T142638Z_aefa49a3,154,normal,1789741601.6779084,1789741601.6963506,18.275,0,18.275,pass,,independent_snapshot,"{""prerequisite_acknowledged"": true, ""client_b_read_v1"": true, ""dependent_acknowledged"": true, ""visible_ids"": [""v1:154"", ""v2:154""], ""snapshot_polls"": 1}"
20260918T142638Z_aefa49a3,155,normal,1789741601.6963506,1789741601.714901,18.789,0,18.789,pass,,independent_snapshot,"{""prerequisite_acknowledged"": true, ""client_b_read_v1"": true, ""dependent_acknowledged"": true, ""visible_ids"": [""v1:155"", ""v2:155""], ""snapshot_polls"": 1}"
20260918T142638Z_aefa49a3,156,normal,1789741601.714901,1789741601.733541,18.261,0,18.261,pass,,independent_snapshot,"{""prerequisite_acknowledged"": true, ""client_b_read_v1"": true, ""dependent_acknowledged"": true, ""visible_ids"": [""v1:156"", ""v2:156""], ""snapshot_polls"": 1}"
20260918T142638Z_aefa49a3,157,normal,1789741601.733541,1789741601.7515702,18.19,0,18.19,pass,,independent_snapshot,"{""prerequisite_acknowledged"": true, ""client_b_read_v1"": true, ""dependent_acknowledged"": true, ""visible_ids"": [""v1:157"", ""v2:157""], ""snapshot_polls"": 1}"
20260918T142638Z_aefa49a3,158,normal,1789741601.7515702,1789741601.7707188,18.853,0,18.853,pass,,independent_snapshot,"{""prerequisite_acknowledged"": true, ""client_b_read_v1"": true, ""dependent_acknowledged"": true, ""visible_ids"": [""v1:158"", ""v2:158""], ""snapshot_polls"": 1}"
20260918T142638Z_aefa49a3,159,normal,1789741601.7710207,1789741601.7925727,21.542,0,21.542,pass,,independent_snapshot,"{""prerequisite_acknowledged"": true, ""client_b_read_v1"": true, ""dependent_acknowledged"": true, ""visible_ids"": [""v1:159"", ""v2:159""], ""snapshot_polls"": 1}"
20260918T142638Z_aefa49a3,160,normal,1789741601.7925727,1789741601.812507,19.981,0,19.981,pass,,independent_snapshot,"{""prerequisite_acknowledged"": true, ""client_b_read_v1"": true, ""dependent_acknowledged"": true, ""visible_ids"": [""v1:160"", ""v2:160""], ""snapshot_polls"": 1}"
20260918T142638Z_aefa49a3,161,normal,1789741601.812507,1789741601.831619,18.818,0,18.818,pass,,independent_snapshot,"{""prerequisite_acknowledged"": true, ""client_b_read_v1"": true, ""dependent_acknowledged"": true, ""visible_ids"": [""v1:161"", ""v2:161""], ""snapshot_polls"": 1}"
20260918T142638Z_aefa49a3,162,normal,1789741601.831619,1789741601.8500767,18.821,0,18.821,pass,,independent_snapshot,"{""prerequisite_acknowledged"": true, ""client_b_read_v1"": true, ""dependent_acknowledged"": true, ""visible_ids"": [""v1:162"", ""v2:162""], ""snapshot_polls"": 1}"
20260918T142638Z_aefa49a3,163,normal,1789741601.8507235,1789741601.8705256,19.892,0,19.892,pass,,independent_snapshot,"{""prerequisite_acknowledged"": true, ""client_b_read_v1"": true, ""dependent_acknowledged"": true, ""visible_ids"": [""v1:163"", ""v2:163""], ""snapshot_polls"": 1}"
20260918T142638Z_aefa49a3,164,normal,1789741601.8705256,1789741601.8896832,19.443,0,19.443,pass,,independent_snapshot,"{""prerequisite_acknowledged"": true, ""client_b_read_v1"": true, ""dependent_acknowledged"": true, ""visible_ids"": [""v1:164"", ""v2:164""], ""snapshot_polls"": 1}"
20260918T142638Z_aefa49a3,165,normal,1789741601.890309,1789741601.9093812,19.192,0,19.192,pass,,independent_snapshot,"{""prerequisite_acknowledged"": true, ""client_b_read_v1"": true, ""dependent_acknowledged"": true, ""visible_ids"": [""v1:165"", ""v2:165""], ""snapshot_polls"": 1}"
20260918T142638Z_aefa49a3,166,normal,1789741601.9093812,1789741601.9303067,20.97,0,20.97,pass,,independent_snapshot,"{""prerequisite_acknowledged"": true, ""client_b_read_v1"": true, ""dependent_acknowledged"": true, ""visible_ids"": [""v1:166"", ""v2:166""], ""snapshot_polls"": 1}"
20260918T142638Z_aefa49a3,167,normal,1789741601.9303067,1789741601.9527416,22.432,0,22.432,pass,,independent_snapshot,"{""prerequisite_acknowledged"": true, ""client_b_read_v1"": true, ""dependent_acknowledged"": true, ""visible_ids"": [""v1:167"", ""v2:167""], ""snapshot_polls"": 1}"
20260918T142638Z_aefa49a3,168,normal,1789741601.9527416,1789741601.9732566,19.971,0,19.971,pass,,independent_snapshot,"{""prerequisite_acknowledged"": true, ""client_b_read_v1"": true, ""dependent_acknowledged"": true, ""visible_ids"": [""v1:168"", ""v2:168""], ""snapshot_polls"": 1}"
20260918T142638Z_aefa49a3,169,normal,1789741601.9732566,1789741601.9935536,20.295,0,20.295,pass,,independent_snapshot,"{""prerequisite_acknowledged"": true, ""client_b_read_v1"": true, ""dependent_acknowledged"": true, ""visible_ids"": [""v1:169"", ""v2:169""], ""snapshot_polls"": 1}"
20260918T142638Z_aefa49a3,170,normal,1789741601.9935536,1789741602.010886,17.185,0,17.185,pass,,independent_snapshot,"{""prerequisite_acknowledged"": true, ""client_b_read_v1"": true, ""dependent_acknowledged"": true, ""visible_ids"": [""v1:170"", ""v2:170""], ""snapshot_polls"": 1}"
20260918T142638Z_aefa49a3,171,normal,1789741602.010886,1789741602.0301883,19.292,0,19.292,pass,,independent_snapshot,"{""prerequisite_acknowledged"": true, ""client_b_read_v1"": true, ""dependent_acknowledged"": true, ""visible_ids"": [""v1:171"", ""v2:171""], ""snapshot_polls"": 1}"
20260918T142638Z_aefa49a3,172,normal,1789741602.0301883,1789741602.0497231,19.28,0,19.28,pass,,independent_snapshot,"{""prerequisite_acknowledged"": true, ""client_b_read_v1"": true, ""dependent_acknowledged"": true, ""visible_ids"": [""v1:172"", ""v2:172""], ""snapshot_polls"": 1}"
20260918T142638Z_aefa49a3,173,normal,1789741602.0497231,1789741602.0680826,18.453,0,18.453,pass,,independent_snapshot,"{""prerequisite_acknowledged"": true, ""client_b_read_v1"": true, ""dependent_acknowledged"": true, ""visible_ids"": [""v1:173"", ""v2:173""], ""snapshot_polls"": 1}"
20260918T142638Z_aefa49a3,174,normal,1789741602.0680826,1789741602.0873063,19.068,0,19.068,pass,,independent_snapshot,"{""prerequisite_acknowledged"": true, ""client_b_read_v1"": true, ""dependent_acknowledged"": true, ""visible_ids"": [""v1:174"", ""v2:174""], ""snapshot_polls"": 1}"
20260918T142638Z_aefa49a3,175,normal,1789741602.0873063,1789741602.1082675,21.106,0,21.106,pass,,independent_snapshot,"{""prerequisite_acknowledged"": true, ""client_b_read_v1"": true, ""dependent_acknowledged"": true, ""visible_ids"": [""v1:175"", ""v2:175""], ""snapshot_polls"": 1}"
20260918T142638Z_aefa49a3,176,normal,1789741602.1082675,1789741602.1272395,18.498,0,18.498,pass,,independent_snapshot,"{""prerequisite_acknowledged"": true, ""client_b_read_v1"": true, ""dependent_acknowledged"": true, ""visible_ids"": [""v1:176"", ""v2:176""], ""snapshot_polls"": 1}"
20260918T142638Z_aefa49a3,177,normal,1789741602.1272395,1789741602.1453614,18.042,0,18.042,pass,,independent_snapshot,"{""prerequisite_acknowledged"": true, ""client_b_read_v1"": true, ""dependent_acknowledged"": true, ""visible_ids"": [""v1:177"", ""v2:177""], ""snapshot_polls"": 1}"
20260918T142638Z_aefa49a3,178,normal,1789741602.1453614,1789741602.1633675,18.189,0,18.189,pass,,independent_snapshot,"{""prerequisite_acknowledged"": true, ""client_b_read_v1"": true, ""dependent_acknowledged"": true, ""visible_ids"": [""v1:178"", ""v2:178""], ""snapshot_polls"": 1}"
20260918T142638Z_aefa49a3,179,normal,1789741602.1633675,1789741602.1813965,17.82,0,17.82,pass,,independent_snapshot,"{""prerequisite_acknowledged"": true, ""client_b_read_v1"": true, ""dependent_acknowledged"": true, ""visible_ids"": [""v1:179"", ""v2:179""], ""snapshot_polls"": 1}"
20260918T142638Z_aefa49a3,180,normal,1789741602.1813965,1789741602.1999068,18.625,0,18.625,pass,,independent_snapshot,"{""prerequisite_acknowledged"": true, ""client_b_read_v1"": true, ""dependent_acknowledged"": true, ""visible_ids"": [""v1:180"", ""v2:180""], ""snapshot_polls"": 1}"
20260918T142638Z_aefa49a3,181,normal,1789741602.2005086,1789741602.217819,17.548,0,17.548,pass,,independent_snapshot,"{""prerequisite_acknowledged"": true, ""client_b_read_v1"": true, ""dependent_acknowledged"": true, ""visible_ids"": [""v1:181"", ""v2:181""], ""snapshot_polls"": 1}"
20260918T142638Z_aefa49a3,182,normal,1789741602.217819,1789741602.2365756,18.587,0,18.587,pass,,independent_snapshot,"{""prerequisite_acknowledged"": true, ""client_b_read_v1"": true, ""dependent_acknowledged"": true, ""visible_ids"": [""v1:182"", ""v2:182""], ""snapshot_polls"": 1}"
20260918T142638Z_aefa49a3,183,normal,1789741602.2365756,1789741602.258034,21.644,0,21.644,pass,,independent_snapshot,"{""prerequisite_acknowledged"": true, ""client_b_read_v1"": true, ""dependent_acknowledged"": true, ""visible_ids"": [""v1:183"", ""v2:183""], ""snapshot_polls"": 1}"
20260918T142638Z_aefa49a3,184,normal,1789741602.2585917,1789741602.2780688,19.608,0,19.608,pass,,independent_snapshot,"{""prerequisite_acknowledged"": true, ""client_b_read_v1"": true, ""dependent_acknowledged"": true, ""visible_ids"": [""v1:184"", ""v2:184""], ""snapshot_polls"": 1}"
20260918T142638Z_aefa49a3,185,normal,1789741602.2780688,1789741602.2993183,21.02,0,21.02,pass,,independent_snapshot,"{""prerequisite_acknowledged"": true, ""client_b_read_v1"": true, ""dependent_acknowledged"": true, ""visible_ids"": [""v1:185"", ""v2:185""], ""snapshot_polls"": 1}"
20260918T142638Z_aefa49a3,186,normal,1789741602.2993183,1789741602.3212526,21.894,0,21.894,pass,,independent_snapshot,"{""prerequisite_acknowledged"": true, ""client_b_read_v1"": true, ""dependent_acknowledged"": true, ""visible_ids"": [""v1:186"", ""v2:186""], ""snapshot_polls"": 1}"
20260918T142638Z_aefa49a3,187,normal,1789741602.3212526,1789741602.3402114,18.824,0,18.824,pass,,independent_snapshot,"{""prerequisite_acknowledged"": true, ""client_b_read_v1"": true, ""dependent_acknowledged"": true, ""visible_ids"": [""v1:187"", ""v2:187""], ""snapshot_polls"": 1}"
20260918T142638Z_aefa49a3,188,normal,1789741602.3402114,1789741602.3596249,19.262,0,19.262,pass,,independent_snapshot,"{""prerequisite_acknowledged"": true, ""client_b_read_v1"": true, ""dependent_acknowledged"": true, ""visible_ids"": [""v1:188"", ""v2:188""], ""snapshot_polls"": 1}"
20260918T142638Z_aefa49a3,189,normal,1789741602.3596249,1789741602.3776934,18.419,0,18.419,pass,,independent_snapshot,"{""prerequisite_acknowledged"": true, ""client_b_read_v1"": true, ""dependent_acknowledged"": true, ""visible_ids"": [""v1:189"", ""v2:189""], ""snapshot_polls"": 1}"
20260918T142638Z_aefa49a3,190,normal,1789741602.3783112,1789741602.3951917,17.316,0,17.316,pass,,independent_snapshot,"{""prerequisite_acknowledged"": true, ""client_b_read_v1"": true, ""dependent_acknowledged"": true, ""visible_ids"": [""v1:190"", ""v2:190""], ""snapshot_polls"": 1}"
20260918T142638Z_aefa49a3,191,normal,1789741602.3958244,1789741602.418795,22.897,0,22.897,pass,,independent_snapshot,"{""prerequisite_acknowledged"": true, ""client_b_read_v1"": true, ""dependent_acknowledged"": true, ""visible_ids"": [""v1:191"", ""v2:191""], ""snapshot_polls"": 1}"
20260918T142638Z_aefa49a3,192,normal,1789741602.418795,1789741602.4386337,19.716,0,19.716,pass,,independent_snapshot,"{""prerequisite_acknowledged"": true, ""client_b_read_v1"": true, ""dependent_acknowledged"": true, ""visible_ids"": [""v1:192"", ""v2:192""], ""snapshot_polls"": 1}"
20260918T142638Z_aefa49a3,193,normal,1789741602.4386337,1789741602.4561658,18.049,0,18.049,pass,,independent_snapshot,"{""prerequisite_acknowledged"": true, ""client_b_read_v1"": true, ""dependent_acknowledged"": true, ""visible_ids"": [""v1:193"", ""v2:193""], ""snapshot_polls"": 1}"
20260918T142638Z_aefa49a3,194,normal,1789741602.45696,1789741602.474949,18.083,0,18.083,pass,,independent_snapshot,"{""prerequisite_acknowledged"": true, ""client_b_read_v1"": true, ""dependent_acknowledged"": true, ""visible_ids"": [""v1:194"", ""v2:194""], ""snapshot_polls"": 1}"
20260918T142638Z_aefa49a3,195,normal,1789741602.474949,1789741602.4953547,20.583,0,20.583,pass,,independent_snapshot,"{""prerequisite_acknowledged"": true, ""client_b_read_v1"": true, ""dependent_acknowledged"": true, ""visible_ids"": [""v1:195"", ""v2:195""], ""snapshot_polls"": 1}"
20260918T142638Z_aefa49a3,196,normal,1789741602.4953547,1789741602.5155482,20.15,0,20.15,pass,,independent_snapshot,"{""prerequisite_acknowledged"": true, ""client_b_read_v1"": true, ""dependent_acknowledged"": true, ""visible_ids"": [""v1:196"", ""v2:196""], ""snapshot_polls"": 1}"
20260918T142638Z_aefa49a3,197,normal,1789741602.5155482,1789741602.5355659,20.001,0,20.001,pass,,independent_snapshot,"{""prerequisite_acknowledged"": true, ""client_b_read_v1"": true, ""dependent_acknowledged"": true, ""visible_ids"": [""v1:197"", ""v2:197""], ""snapshot_polls"": 1}"
20260918T142638Z_aefa49a3,198,normal,1789741602.5355659,1789741602.55532,19.211,0,19.211,pass,,independent_snapshot,"{""prerequisite_acknowledged"": true, ""client_b_read_v1"": true, ""dependent_acknowledged"": true, ""visible_ids"": [""v1:198"", ""v2:198""], ""snapshot_polls"": 1}"
20260918T142638Z_aefa49a3,199,normal,1789741602.55532,1789741602.5774646,22.122,0,22.122,pass,,independent_snapshot,"{""prerequisite_acknowledged"": true, ""client_b_read_v1"": true, ""dependent_acknowledged"": true, ""visible_ids"": [""v1:199"", ""v2:199""], ""snapshot_polls"": 1}"
20260918T142638Z_aefa49a3,200,normal,1789741602.5774646,1789741602.595887,18.364,0,18.364,pass,,independent_snapshot,"{""prerequisite_acknowledged"": true, ""client_b_read_v1"": true, ""dependent_acknowledged"": true, ""visible_ids"": [""v1:200"", ""v2:200""], ""snapshot_polls"": 1}"
20260918T142638Z_aefa49a3,201,normal,1789741602.5971832,1789741602.617148,19.985,0,19.985,pass,,independent_snapshot,"{""prerequisite_acknowledged"": true, ""client_b_read_v1"": true, ""dependent_acknowledged"": true, ""visible_ids"": [""v1:201"", ""v2:201""], ""snapshot_polls"": 1}"
20260918T142638Z_aefa49a3,202,normal,1789741602.617148,1789741602.6352196,18.009,0,18.009,pass,,independent_snapshot,"{""prerequisite_acknowledged"": true, ""client_b_read_v1"": true, ""dependent_acknowledged"": true, ""visible_ids"": [""v1:202"", ""v2:202""], ""snapshot_polls"": 1}"
20260918T142638Z_aefa49a3,203,normal,1789741602.6352196,1789741602.6549559,19.262,0,19.262,pass,,independent_snapshot,"{""prerequisite_acknowledged"": true, ""client_b_read_v1"": true, ""dependent_acknowledged"": true, ""visible_ids"": [""v1:203"", ""v2:203""], ""snapshot_polls"": 1}"
20260918T142638Z_aefa49a3,204,normal,1789741602.6549559,1789741602.6729648,17.964,0,17.964,pass,,independent_snapshot,"{""prerequisite_acknowledged"": true, ""client_b_read_v1"": true, ""dependent_acknowledged"": true, ""visible_ids"": [""v1:204"", ""v2:204""], ""snapshot_polls"": 1}"
20260918T142638Z_aefa49a3,205,normal,1789741602.6729648,1789741602.6910803,18.259,0,18.259,pass,,independent_snapshot,"{""prerequisite_acknowledged"": true, ""client_b_read_v1"": true, ""dependent_acknowledged"": true, ""visible_ids"": [""v1:205"", ""v2:205""], ""snapshot_polls"": 1}"
20260918T142638Z_aefa49a3,206,normal,1789741602.6910803,1789741602.7098358,18.569,0,18.569,pass,,independent_snapshot,"{""prerequisite_acknowledged"": true, ""client_b_read_v1"": true, ""dependent_acknowledged"": true, ""visible_ids"": [""v1:206"", ""v2:206""], ""snapshot_polls"": 1}"
20260918T142638Z_aefa49a3,207,normal,1789741602.7098358,1789741602.7298286,20.084,0,20.084,pass,,independent_snapshot,"{""prerequisite_acknowledged"": true, ""client_b_read_v1"": true, ""dependent_acknowledged"": true, ""visible_ids"": [""v1:207"", ""v2:207""], ""snapshot_polls"": 1}"
20260918T142638Z_aefa49a3,208,normal,1789741602.730445,1789741602.7498271,20.145,0,20.145,pass,,independent_snapshot,"{""prerequisite_acknowledged"": true, ""client_b_read_v1"": true, ""dependent_acknowledged"": true, ""visible_ids"": [""v1:208"", ""v2:208""], ""snapshot_polls"": 1}"
20260918T142638Z_aefa49a3,209,normal,1789741602.750638,1789741602.7701993,19.938,0,19.938,pass,,independent_snapshot,"{""prerequisite_acknowledged"": true, ""client_b_read_v1"": true, ""dependent_acknowledged"": true, ""visible_ids"": [""v1:209"", ""v2:209""], ""snapshot_polls"": 1}"
20260918T142638Z_aefa49a3,210,normal,1789741602.7701993,1789741602.788873,18.607,0,18.607,pass,,independent_snapshot,"{""prerequisite_acknowledged"": true, ""client_b_read_v1"": true, ""dependent_acknowledged"": true, ""visible_ids"": [""v1:210"", ""v2:210""], ""snapshot_polls"": 1}"
20260918T142638Z_aefa49a3,211,normal,1789741602.7894638,1789741602.807724,18.328,0,18.328,pass,,independent_snapshot,"{""prerequisite_acknowledged"": true, ""client_b_read_v1"": true, ""dependent_acknowledged"": true, ""visible_ids"": [""v1:211"", ""v2:211""], ""snapshot_polls"": 1}"
20260918T142638Z_aefa49a3,212,normal,1789741602.807724,1789741602.8281362,20.733,0,20.733,pass,,independent_snapshot,"{""prerequisite_acknowledged"": true, ""client_b_read_v1"": true, ""dependent_acknowledged"": true, ""visible_ids"": [""v1:212"", ""v2:212""], ""snapshot_polls"": 1}"
20260918T142638Z_aefa49a3,213,normal,1789741602.8287458,1789741602.848636,19.946,0,19.946,pass,,independent_snapshot,"{""prerequisite_acknowledged"": true, ""client_b_read_v1"": true, ""dependent_acknowledged"": true, ""visible_ids"": [""v1:213"", ""v2:213""], ""snapshot_polls"": 1}"
20260918T142638Z_aefa49a3,214,normal,1789741602.848636,1789741602.8686788,19.865,0,19.865,pass,,independent_snapshot,"{""prerequisite_acknowledged"": true, ""client_b_read_v1"": true, ""dependent_acknowledged"": true, ""visible_ids"": [""v1:214"", ""v2:214""], ""snapshot_polls"": 1}"
20260918T142638Z_aefa49a3,215,normal,1789741602.8686788,1789741602.8899035,21.138,0,21.138,pass,,independent_snapshot,"{""prerequisite_acknowledged"": true, ""client_b_read_v1"": true, ""dependent_acknowledged"": true, ""visible_ids"": [""v1:215"", ""v2:215""], ""snapshot_polls"": 1}"
20260918T142638Z_aefa49a3,216,normal,1789741602.8899035,1789741602.909965,20.004,0,20.004,pass,,independent_snapshot,"{""prerequisite_acknowledged"": true, ""client_b_read_v1"": true, ""dependent_acknowledged"": true, ""visible_ids"": [""v1:216"", ""v2:216""], ""snapshot_polls"": 1}"
20260918T142638Z_aefa49a3,217,normal,1789741602.909965,1789741602.930378,20.432,0,20.432,pass,,independent_snapshot,"{""prerequisite_acknowledged"": true, ""client_b_read_v1"": true, ""dependent_acknowledged"": true, ""visible_ids"": [""v1:217"", ""v2:217""], ""snapshot_polls"": 1}"
20260918T142638Z_aefa49a3,218,normal,1789741602.930378,1789741602.9501562,19.434,0,19.434,pass,,independent_snapshot,"{""prerequisite_acknowledged"": true, ""client_b_read_v1"": true, ""dependent_acknowledged"": true, ""visible_ids"": [""v1:218"", ""v2:218""], ""snapshot_polls"": 1}"
20260918T142638Z_aefa49a3,219,normal,1789741602.9501562,1789741602.9696062,19.56,0,19.56,pass,,independent_snapshot,"{""prerequisite_acknowledged"": true, ""client_b_read_v1"": true, ""dependent_acknowledged"": true, ""visible_ids"": [""v1:219"", ""v2:219""], ""snapshot_polls"": 1}"
20260918T142638Z_aefa49a3,220,normal,1789741602.9696062,1789741602.989433,19.821,0,19.821,pass,,independent_snapshot,"{""prerequisite_acknowledged"": true, ""client_b_read_v1"": true, ""dependent_acknowledged"": true, ""visible_ids"": [""v1:220"", ""v2:220""], ""snapshot_polls"": 1}"
20260918T142638Z_aefa49a3,221,normal,1789741602.989433,1789741603.0094035,19.945,0,19.945,pass,,independent_snapshot,"{""prerequisite_acknowledged"": true, ""client_b_read_v1"": true, ""dependent_acknowledged"": true, ""visible_ids"": [""v1:221"", ""v2:221""], ""snapshot_polls"": 1}"
20260918T142638Z_aefa49a3,222,normal,1789741603.0094035,1789741603.0286324,18.82,0,18.82,pass,,independent_snapshot,"{""prerequisite_acknowledged"": true, ""client_b_read_v1"": true, ""dependent_acknowledged"": true, ""visible_ids"": [""v1:222"", ""v2:222""], ""snapshot_polls"": 1}"
20260918T142638Z_aefa49a3,223,normal,1789741603.0289326,1789741603.0499394,21.348,0,21.348,pass,,independent_snapshot,"{""prerequisite_acknowledged"": true, ""client_b_read_v1"": true, ""dependent_acknowledged"": true, ""visible_ids"": [""v1:223"", ""v2:223""], ""snapshot_polls"": 1}"
20260918T142638Z_aefa49a3,224,normal,1789741603.0499394,1789741603.070425,19.997,0,19.997,pass,,independent_snapshot,"{""prerequisite_acknowledged"": true, ""client_b_read_v1"": true, ""dependent_acknowledged"": true, ""visible_ids"": [""v1:224"", ""v2:224""], ""snapshot_polls"": 1}"
20260918T142638Z_aefa49a3,225,normal,1789741603.070425,1789741603.0890841,18.846,0,18.846,pass,,independent_snapshot,"{""prerequisite_acknowledged"": true, ""client_b_read_v1"": true, ""dependent_acknowledged"": true, ""visible_ids"": [""v1:225"", ""v2:225""], ""snapshot_polls"": 1}"
20260918T142638Z_aefa49a3,226,normal,1789741603.0890841,1789741603.108417,19.408,0,19.408,pass,,independent_snapshot,"{""prerequisite_acknowledged"": true, ""client_b_read_v1"": true, ""dependent_acknowledged"": true, ""visible_ids"": [""v1:226"", ""v2:226""], ""snapshot_polls"": 1}"
20260918T142638Z_aefa49a3,227,normal,1789741603.108417,1789741603.1276822,18.791,0,18.791,pass,,independent_snapshot,"{""prerequisite_acknowledged"": true, ""client_b_read_v1"": true, ""dependent_acknowledged"": true, ""visible_ids"": [""v1:227"", ""v2:227""], ""snapshot_polls"": 1}"
20260918T142638Z_aefa49a3,228,normal,1789741603.1276822,1789741603.1467717,19.276,0,19.276,pass,,independent_snapshot,"{""prerequisite_acknowledged"": true, ""client_b_read_v1"": true, ""dependent_acknowledged"": true, ""visible_ids"": [""v1:228"", ""v2:228""], ""snapshot_polls"": 1}"
20260918T142638Z_aefa49a3,229,normal,1789741603.1467717,1789741603.1656919,18.688,0,18.688,pass,,independent_snapshot,"{""prerequisite_acknowledged"": true, ""client_b_read_v1"": true, ""dependent_acknowledged"": true, ""visible_ids"": [""v1:229"", ""v2:229""], ""snapshot_polls"": 1}"
20260918T142638Z_aefa49a3,230,normal,1789741603.1656919,1789741603.1847417,18.67,0,18.67,pass,,independent_snapshot,"{""prerequisite_acknowledged"": true, ""client_b_read_v1"": true, ""dependent_acknowledged"": true, ""visible_ids"": [""v1:230"", ""v2:230""], ""snapshot_polls"": 1}"
20260918T142638Z_aefa49a3,231,normal,1789741603.1847417,1789741603.2066646,21.736,0,21.736,pass,,independent_snapshot,"{""prerequisite_acknowledged"": true, ""client_b_read_v1"": true, ""dependent_acknowledged"": true, ""visible_ids"": [""v1:231"", ""v2:231""], ""snapshot_polls"": 1}"
20260918T142638Z_aefa49a3,232,normal,1789741603.2066646,1789741603.2261038,19.316,0,19.316,pass,,independent_snapshot,"{""prerequisite_acknowledged"": true, ""client_b_read_v1"": true, ""dependent_acknowledged"": true, ""visible_ids"": [""v1:232"", ""v2:232""], ""snapshot_polls"": 1}"
20260918T142638Z_aefa49a3,233,normal,1789741603.2261038,1789741603.2469087,21.256,0,21.256,pass,,independent_snapshot,"{""prerequisite_acknowledged"": true, ""client_b_read_v1"": true, ""dependent_acknowledged"": true, ""visible_ids"": [""v1:233"", ""v2:233""], ""snapshot_polls"": 1}"
20260918T142638Z_aefa49a3,234,normal,1789741603.247614,1789741603.2677846,20.177,0,20.177,pass,,independent_snapshot,"{""prerequisite_acknowledged"": true, ""client_b_read_v1"": true, ""dependent_acknowledged"": true, ""visible_ids"": [""v1:234"", ""v2:234""], ""snapshot_polls"": 1}"
20260918T142638Z_aefa49a3,235,normal,1789741603.2677846,1789741603.2875988,20.159,0,20.159,pass,,independent_snapshot,"{""prerequisite_acknowledged"": true, ""client_b_read_v1"": true, ""dependent_acknowledged"": true, ""visible_ids"": [""v1:235"", ""v2:235""], ""snapshot_polls"": 1}"
20260918T142638Z_aefa49a3,236,normal,1789741603.2875988,1789741603.3068342,18.822,0,18.822,pass,,independent_snapshot,"{""prerequisite_acknowledged"": true, ""client_b_read_v1"": true, ""dependent_acknowledged"": true, ""visible_ids"": [""v1:236"", ""v2:236""], ""snapshot_polls"": 1}"
20260918T142638Z_aefa49a3,237,normal,1789741603.3071895,1789741603.3262987,19.368,0,19.368,pass,,independent_snapshot,"{""prerequisite_acknowledged"": true, ""client_b_read_v1"": true, ""dependent_acknowledged"": true, ""visible_ids"": [""v1:237"", ""v2:237""], ""snapshot_polls"": 1}"
20260918T142638Z_aefa49a3,238,normal,1789741603.3262987,1789741603.3455126,19.4,0,19.4,pass,,independent_snapshot,"{""prerequisite_acknowledged"": true, ""client_b_read_v1"": true, ""dependent_acknowledged"": true, ""visible_ids"": [""v1:238"", ""v2:238""], ""snapshot_polls"": 1}"
20260918T142638Z_aefa49a3,239,normal,1789741603.3461418,1789741603.3676765,21.52,0,21.52,pass,,independent_snapshot,"{""prerequisite_acknowledged"": true, ""client_b_read_v1"": true, ""dependent_acknowledged"": true, ""visible_ids"": [""v1:239"", ""v2:239""], ""snapshot_polls"": 1}"
20260918T142638Z_aefa49a3,240,normal,1789741603.3676765,1789741603.3862095,18.504,0,18.504,pass,,independent_snapshot,"{""prerequisite_acknowledged"": true, ""client_b_read_v1"": true, ""dependent_acknowledged"": true, ""visible_ids"": [""v1:240"", ""v2:240""], ""snapshot_polls"": 1}"
20260918T142638Z_aefa49a3,241,normal,1789741603.3862095,1789741603.4051595,19.08,0,19.08,pass,,independent_snapshot,"{""prerequisite_acknowledged"": true, ""client_b_read_v1"": true, ""dependent_acknowledged"": true, ""visible_ids"": [""v1:241"", ""v2:241""], ""snapshot_polls"": 1}"
20260918T142638Z_aefa49a3,242,normal,1789741603.4051595,1789741603.424719,19.106,0,19.106,pass,,independent_snapshot,"{""prerequisite_acknowledged"": true, ""client_b_read_v1"": true, ""dependent_acknowledged"": true, ""visible_ids"": [""v1:242"", ""v2:242""], ""snapshot_polls"": 1}"
20260918T142638Z_aefa49a3,243,normal,1789741603.424719,1789741603.4431152,18.702,0,18.702,pass,,independent_snapshot,"{""prerequisite_acknowledged"": true, ""client_b_read_v1"": true, ""dependent_acknowledged"": true, ""visible_ids"": [""v1:243"", ""v2:243""], ""snapshot_polls"": 1}"
20260918T142638Z_aefa49a3,244,normal,1789741603.4431152,1789741603.464423,20.986,0,20.986,pass,,independent_snapshot,"{""prerequisite_acknowledged"": true, ""client_b_read_v1"": true, ""dependent_acknowledged"": true, ""visible_ids"": [""v1:244"", ""v2:244""], ""snapshot_polls"": 1}"
20260918T142638Z_aefa49a3,245,normal,1789741603.464423,1789741603.4843025,19.773,0,19.773,pass,,independent_snapshot,"{""prerequisite_acknowledged"": true, ""client_b_read_v1"": true, ""dependent_acknowledged"": true, ""visible_ids"": [""v1:245"", ""v2:245""], ""snapshot_polls"": 1}"
20260918T142638Z_aefa49a3,246,normal,1789741603.4843025,1789741603.503371,18.874,0,18.874,pass,,independent_snapshot,"{""prerequisite_acknowledged"": true, ""client_b_read_v1"": true, ""dependent_acknowledged"": true, ""visible_ids"": [""v1:246"", ""v2:246""], ""snapshot_polls"": 1}"
20260918T142638Z_aefa49a3,247,normal,1789741603.503371,1789741603.5256732,21.975,0,21.975,pass,,independent_snapshot,"{""prerequisite_acknowledged"": true, ""client_b_read_v1"": true, ""dependent_acknowledged"": true, ""visible_ids"": [""v1:247"", ""v2:247""], ""snapshot_polls"": 1}"
20260918T142638Z_aefa49a3,248,normal,1789741603.5256732,1789741603.5440392,18.761,0,18.761,pass,,independent_snapshot,"{""prerequisite_acknowledged"": true, ""client_b_read_v1"": true, ""dependent_acknowledged"": true, ""visible_ids"": [""v1:248"", ""v2:248""], ""snapshot_polls"": 1}"
20260918T142638Z_aefa49a3,249,normal,1789741603.5445838,1789741603.5650992,20.582,0,20.582,pass,,independent_snapshot,"{""prerequisite_acknowledged"": true, ""client_b_read_v1"": true, ""dependent_acknowledged"": true, ""visible_ids"": [""v1:249"", ""v2:249""], ""snapshot_polls"": 1}"
20260918T142638Z_aefa49a3,250,normal,1789741603.5650992,1789741603.5845847,19.303,0,19.303,pass,,independent_snapshot,"{""prerequisite_acknowledged"": true, ""client_b_read_v1"": true, ""dependent_acknowledged"": true, ""visible_ids"": [""v1:250"", ""v2:250""], ""snapshot_polls"": 1}"
20260918T142638Z_aefa49a3,251,normal,1789741603.5845847,1789741603.6033542,19.075,0,19.075,pass,,independent_snapshot,"{""prerequisite_acknowledged"": true, ""client_b_read_v1"": true, ""dependent_acknowledged"": true, ""visible_ids"": [""v1:251"", ""v2:251""], ""snapshot_polls"": 1}"
20260918T142638Z_aefa49a3,252,normal,1789741603.6033542,1789741603.6222382,18.534,0,18.534,pass,,independent_snapshot,"{""prerequisite_acknowledged"": true, ""client_b_read_v1"": true, ""dependent_acknowledged"": true, ""visible_ids"": [""v1:252"", ""v2:252""], ""snapshot_polls"": 1}"
20260918T142638Z_aefa49a3,253,normal,1789741603.6222382,1789741603.642203,19.64,0,19.64,pass,,independent_snapshot,"{""prerequisite_acknowledged"": true, ""client_b_read_v1"": true, ""dependent_acknowledged"": true, ""visible_ids"": [""v1:253"", ""v2:253""], ""snapshot_polls"": 1}"
20260918T142638Z_aefa49a3,254,normal,1789741603.642203,1789741603.6640487,22.344,0,22.344,pass,,independent_snapshot,"{""prerequisite_acknowledged"": true, ""client_b_read_v1"": true, ""dependent_acknowledged"": true, ""visible_ids"": [""v1:254"", ""v2:254""], ""snapshot_polls"": 1}"
20260918T142638Z_aefa49a3,255,normal,1789741603.664709,1789741603.6862295,21.405,0,21.405,pass,,independent_snapshot,"{""prerequisite_acknowledged"": true, ""client_b_read_v1"": true, ""dependent_acknowledged"": true, ""visible_ids"": [""v1:255"", ""v2:255""], ""snapshot_polls"": 1}"
20260918T142638Z_aefa49a3,256,normal,1789741603.6862295,1789741603.7059262,19.582,0,19.582,pass,,independent_snapshot,"{""prerequisite_acknowledged"": true, ""client_b_read_v1"": true, ""dependent_acknowledged"": true, ""visible_ids"": [""v1:256"", ""v2:256""], ""snapshot_polls"": 1}"
20260918T142638Z_aefa49a3,257,normal,1789741603.7059262,1789741603.7269278,20.873,0,20.873,pass,,independent_snapshot,"{""prerequisite_acknowledged"": true, ""client_b_read_v1"": true, ""dependent_acknowledged"": true, ""visible_ids"": [""v1:257"", ""v2:257""], ""snapshot_polls"": 1}"
20260918T142638Z_aefa49a3,258,normal,1789741603.7269278,1789741603.7464874,20.144,0,20.144,pass,,independent_snapshot,"{""prerequisite_acknowledged"": true, ""client_b_read_v1"": true, ""dependent_acknowledged"": true, ""visible_ids"": [""v1:258"", ""v2:258""], ""snapshot_polls"": 1}"
20260918T142638Z_aefa49a3,259,normal,1789741603.747229,1789741603.767429,20.382,0,20.382,pass,,independent_snapshot,"{""prerequisite_acknowledged"": true, ""client_b_read_v1"": true, ""dependent_acknowledged"": true, ""visible_ids"": [""v1:259"", ""v2:259""], ""snapshot_polls"": 1}"
20260918T142638Z_aefa49a3,260,normal,1789741603.767429,1789741603.7888563,21.249,0,21.249,pass,,independent_snapshot,"{""prerequisite_acknowledged"": true, ""client_b_read_v1"": true, ""dependent_acknowledged"": true, ""visible_ids"": [""v1:260"", ""v2:260""], ""snapshot_polls"": 1}"
20260918T142638Z_aefa49a3,261,normal,1789741603.7888563,1789741603.8076718,18.587,0,18.587,pass,,independent_snapshot,"{""prerequisite_acknowledged"": true, ""client_b_read_v1"": true, ""dependent_acknowledged"": true, ""visible_ids"": [""v1:261"", ""v2:261""], ""snapshot_polls"": 1}"
20260918T142638Z_aefa49a3,262,normal,1789741603.8076718,1789741603.8263237,18.615,0,18.615,pass,,independent_snapshot,"{""prerequisite_acknowledged"": true, ""client_b_read_v1"": true, ""dependent_acknowledged"": true, ""visible_ids"": [""v1:262"", ""v2:262""], ""snapshot_polls"": 1}"
20260918T142638Z_aefa49a3,263,normal,1789741603.8266313,1789741603.8484638,22.025,0,22.025,pass,,independent_snapshot,"{""prerequisite_acknowledged"": true, ""client_b_read_v1"": true, ""dependent_acknowledged"": true, ""visible_ids"": [""v1:263"", ""v2:263""], ""snapshot_polls"": 1}"
20260918T142638Z_aefa49a3,264,normal,1789741603.8484638,1789741603.8677366,19.103,0,19.103,pass,,independent_snapshot,"{""prerequisite_acknowledged"": true, ""client_b_read_v1"": true, ""dependent_acknowledged"": true, ""visible_ids"": [""v1:264"", ""v2:264""], ""snapshot_polls"": 1}"
20260918T142638Z_aefa49a3,265,normal,1789741603.8677366,1789741603.8875682,19.677,0,19.677,pass,,independent_snapshot,"{""prerequisite_acknowledged"": true, ""client_b_read_v1"": true, ""dependent_acknowledged"": true, ""visible_ids"": [""v1:265"", ""v2:265""], ""snapshot_polls"": 1}"
20260918T142638Z_aefa49a3,266,normal,1789741603.8875682,1789741603.90668,18.995,0,18.995,pass,,independent_snapshot,"{""prerequisite_acknowledged"": true, ""client_b_read_v1"": true, ""dependent_acknowledged"": true, ""visible_ids"": [""v1:266"", ""v2:266""], ""snapshot_polls"": 1}"
20260918T142638Z_aefa49a3,267,normal,1789741603.90668,1789741603.9244208,17.96,0,17.96,pass,,independent_snapshot,"{""prerequisite_acknowledged"": true, ""client_b_read_v1"": true, ""dependent_acknowledged"": true, ""visible_ids"": [""v1:267"", ""v2:267""], ""snapshot_polls"": 1}"
20260918T142638Z_aefa49a3,268,normal,1789741603.9244208,1789741603.9428246,17.881,0,17.881,pass,,independent_snapshot,"{""prerequisite_acknowledged"": true, ""client_b_read_v1"": true, ""dependent_acknowledged"": true, ""visible_ids"": [""v1:268"", ""v2:268""], ""snapshot_polls"": 1}"
20260918T142638Z_aefa49a3,269,normal,1789741603.9428246,1789741603.960297,18.351,0,18.351,pass,,independent_snapshot,"{""prerequisite_acknowledged"": true, ""client_b_read_v1"": true, ""dependent_acknowledged"": true, ""visible_ids"": [""v1:269"", ""v2:269""], ""snapshot_polls"": 1}"
20260918T142638Z_aefa49a3,270,normal,1789741603.9613452,1789741603.9804802,19.126,0,19.126,pass,,independent_snapshot,"{""prerequisite_acknowledged"": true, ""client_b_read_v1"": true, ""dependent_acknowledged"": true, ""visible_ids"": [""v1:270"", ""v2:270""], ""snapshot_polls"": 1}"
20260918T142638Z_aefa49a3,271,normal,1789741603.9804802,1789741604.0020294,22.38,0,22.38,pass,,independent_snapshot,"{""prerequisite_acknowledged"": true, ""client_b_read_v1"": true, ""dependent_acknowledged"": true, ""visible_ids"": [""v1:271"", ""v2:271""], ""snapshot_polls"": 1}"
20260918T142638Z_aefa49a3,272,normal,1789741604.003046,1789741604.0214515,18.5,0,18.5,pass,,independent_snapshot,"{""prerequisite_acknowledged"": true, ""client_b_read_v1"": true, ""dependent_acknowledged"": true, ""visible_ids"": [""v1:272"", ""v2:272""], ""snapshot_polls"": 1}"
20260918T142638Z_aefa49a3,273,normal,1789741604.0214515,1789741604.040531,18.965,0,18.965,pass,,independent_snapshot,"{""prerequisite_acknowledged"": true, ""client_b_read_v1"": true, ""dependent_acknowledged"": true, ""visible_ids"": [""v1:273"", ""v2:273""], ""snapshot_polls"": 1}"
20260918T142638Z_aefa49a3,274,normal,1789741604.040531,1789741604.0597038,19.292,0,19.292,pass,,independent_snapshot,"{""prerequisite_acknowledged"": true, ""client_b_read_v1"": true, ""dependent_acknowledged"": true, ""visible_ids"": [""v1:274"", ""v2:274""], ""snapshot_polls"": 1}"
20260918T142638Z_aefa49a3,275,normal,1789741604.0597038,1789741604.0794935,19.795,0,19.795,pass,,independent_snapshot,"{""prerequisite_acknowledged"": true, ""client_b_read_v1"": true, ""dependent_acknowledged"": true, ""visible_ids"": [""v1:275"", ""v2:275""], ""snapshot_polls"": 1}"
20260918T142638Z_aefa49a3,276,normal,1789741604.0800614,1789741604.0999973,19.892,0,19.892,pass,,independent_snapshot,"{""prerequisite_acknowledged"": true, ""client_b_read_v1"": true, ""dependent_acknowledged"": true, ""visible_ids"": [""v1:276"", ""v2:276""], ""snapshot_polls"": 1}"
20260918T142638Z_aefa49a3,277,normal,1789741604.0999973,1789741604.118478,18.398,0,18.398,pass,,independent_snapshot,"{""prerequisite_acknowledged"": true, ""client_b_read_v1"": true, ""dependent_acknowledged"": true, ""visible_ids"": [""v1:277"", ""v2:277""], ""snapshot_polls"": 1}"
20260918T142638Z_aefa49a3,278,normal,1789741604.118478,1789741604.1368623,18.504,0,18.504,pass,,independent_snapshot,"{""prerequisite_acknowledged"": true, ""client_b_read_v1"": true, ""dependent_acknowledged"": true, ""visible_ids"": [""v1:278"", ""v2:278""], ""snapshot_polls"": 1}"
20260918T142638Z_aefa49a3,279,normal,1789741604.1368623,1789741604.1580532,20.821,0,20.821,pass,,independent_snapshot,"{""prerequisite_acknowledged"": true, ""client_b_read_v1"": true, ""dependent_acknowledged"": true, ""visible_ids"": [""v1:279"", ""v2:279""], ""snapshot_polls"": 1}"
20260918T142638Z_aefa49a3,280,normal,1789741604.1580532,1789741604.1754444,17.823,0,17.823,pass,,independent_snapshot,"{""prerequisite_acknowledged"": true, ""client_b_read_v1"": true, ""dependent_acknowledged"": true, ""visible_ids"": [""v1:280"", ""v2:280""], ""snapshot_polls"": 1}"
20260918T142638Z_aefa49a3,281,normal,1789741604.1760664,1789741604.1962535,20.505,0,20.505,pass,,independent_snapshot,"{""prerequisite_acknowledged"": true, ""client_b_read_v1"": true, ""dependent_acknowledged"": true, ""visible_ids"": [""v1:281"", ""v2:281""], ""snapshot_polls"": 1}"
20260918T142638Z_aefa49a3,282,normal,1789741604.1962535,1789741604.2145722,18.2,0,18.2,pass,,independent_snapshot,"{""prerequisite_acknowledged"": true, ""client_b_read_v1"": true, ""dependent_acknowledged"": true, ""visible_ids"": [""v1:282"", ""v2:282""], ""snapshot_polls"": 1}"
20260918T142638Z_aefa49a3,283,normal,1789741604.2145722,1789741604.234353,19.765,0,19.765,pass,,independent_snapshot,"{""prerequisite_acknowledged"": true, ""client_b_read_v1"": true, ""dependent_acknowledged"": true, ""visible_ids"": [""v1:283"", ""v2:283""], ""snapshot_polls"": 1}"
20260918T142638Z_aefa49a3,284,normal,1789741604.234353,1789741604.2527847,18.163,0,18.163,pass,,independent_snapshot,"{""prerequisite_acknowledged"": true, ""client_b_read_v1"": true, ""dependent_acknowledged"": true, ""visible_ids"": [""v1:284"", ""v2:284""], ""snapshot_polls"": 1}"
20260918T142638Z_aefa49a3,285,normal,1789741604.2527847,1789741604.2714078,18.71,0,18.71,pass,,independent_snapshot,"{""prerequisite_acknowledged"": true, ""client_b_read_v1"": true, ""dependent_acknowledged"": true, ""visible_ids"": [""v1:285"", ""v2:285""], ""snapshot_polls"": 1}"
20260918T142638Z_aefa49a3,286,normal,1789741604.2719316,1789741604.2915666,20.039,0,20.039,pass,,independent_snapshot,"{""prerequisite_acknowledged"": true, ""client_b_read_v1"": true, ""dependent_acknowledged"": true, ""visible_ids"": [""v1:286"", ""v2:286""], ""snapshot_polls"": 1}"
20260918T142638Z_aefa49a3,287,normal,1789741604.2915666,1789741604.3149629,23.283,0,23.283,pass,,independent_snapshot,"{""prerequisite_acknowledged"": true, ""client_b_read_v1"": true, ""dependent_acknowledged"": true, ""visible_ids"": [""v1:287"", ""v2:287""], ""snapshot_polls"": 1}"
20260918T142638Z_aefa49a3,288,normal,1789741604.3155904,1789741604.3353472,19.861,0,19.861,pass,,independent_snapshot,"{""prerequisite_acknowledged"": true, ""client_b_read_v1"": true, ""dependent_acknowledged"": true, ""visible_ids"": [""v1:288"", ""v2:288""], ""snapshot_polls"": 1}"
20260918T142638Z_aefa49a3,289,normal,1789741604.3353472,1789741604.3549614,19.779,0,19.779,pass,,independent_snapshot,"{""prerequisite_acknowledged"": true, ""client_b_read_v1"": true, ""dependent_acknowledged"": true, ""visible_ids"": [""v1:289"", ""v2:289""], ""snapshot_polls"": 1}"
20260918T142638Z_aefa49a3,290,normal,1789741604.3549614,1789741604.3737764,18.584,0,18.584,pass,,independent_snapshot,"{""prerequisite_acknowledged"": true, ""client_b_read_v1"": true, ""dependent_acknowledged"": true, ""visible_ids"": [""v1:290"", ""v2:290""], ""snapshot_polls"": 1}"
20260918T142638Z_aefa49a3,291,normal,1789741604.3737764,1789741604.3926058,19.007,0,19.007,pass,,independent_snapshot,"{""prerequisite_acknowledged"": true, ""client_b_read_v1"": true, ""dependent_acknowledged"": true, ""visible_ids"": [""v1:291"", ""v2:291""], ""snapshot_polls"": 1}"
20260918T142638Z_aefa49a3,292,normal,1789741604.393226,1789741604.4126706,19.627,0,19.627,pass,,independent_snapshot,"{""prerequisite_acknowledged"": true, ""client_b_read_v1"": true, ""dependent_acknowledged"": true, ""visible_ids"": [""v1:292"", ""v2:292""], ""snapshot_polls"": 1}"
20260918T142638Z_aefa49a3,293,normal,1789741604.4129748,1789741604.4306486,17.623,0,17.623,pass,,independent_snapshot,"{""prerequisite_acknowledged"": true, ""client_b_read_v1"": true, ""dependent_acknowledged"": true, ""visible_ids"": [""v1:293"", ""v2:293""], ""snapshot_polls"": 1}"
20260918T142638Z_aefa49a3,294,normal,1789741604.4306486,1789741604.4494474,18.676,0,18.676,pass,,independent_snapshot,"{""prerequisite_acknowledged"": true, ""client_b_read_v1"": true, ""dependent_acknowledged"": true, ""visible_ids"": [""v1:294"", ""v2:294""], ""snapshot_polls"": 1}"
20260918T142638Z_aefa49a3,295,normal,1789741604.4494474,1789741604.4708898,21.516,0,21.516,pass,,independent_snapshot,"{""prerequisite_acknowledged"": true, ""client_b_read_v1"": true, ""dependent_acknowledged"": true, ""visible_ids"": [""v1:295"", ""v2:295""], ""snapshot_polls"": 1}"
20260918T142638Z_aefa49a3,296,normal,1789741604.4708898,1789741604.4909678,19.989,0,19.989,pass,,independent_snapshot,"{""prerequisite_acknowledged"": true, ""client_b_read_v1"": true, ""dependent_acknowledged"": true, ""visible_ids"": [""v1:296"", ""v2:296""], ""snapshot_polls"": 1}"
20260918T142638Z_aefa49a3,297,normal,1789741604.4909678,1789741604.5114558,20.5,0,20.5,pass,,independent_snapshot,"{""prerequisite_acknowledged"": true, ""client_b_read_v1"": true, ""dependent_acknowledged"": true, ""visible_ids"": [""v1:297"", ""v2:297""], ""snapshot_polls"": 1}"
20260918T142638Z_aefa49a3,298,normal,1789741604.5114558,1789741604.530078,18.779,0,18.779,pass,,independent_snapshot,"{""prerequisite_acknowledged"": true, ""client_b_read_v1"": true, ""dependent_acknowledged"": true, ""visible_ids"": [""v1:298"", ""v2:298""], ""snapshot_polls"": 1}"
20260918T142638Z_aefa49a3,299,normal,1789741604.530078,1789741604.5501144,19.613,0,19.613,pass,,independent_snapshot,"{""prerequisite_acknowledged"": true, ""client_b_read_v1"": true, ""dependent_acknowledged"": true, ""visible_ids"": [""v1:299"", ""v2:299""], ""snapshot_polls"": 1}"
20260918T142638Z_aefa49a3,300,normal,1789741604.5501144,1789741604.5704598,20.005,0,20.005,pass,,independent_snapshot,"{""prerequisite_acknowledged"": true, ""client_b_read_v1"": true, ""dependent_acknowledged"": true, ""visible_ids"": [""v1:300"", ""v2:300""], ""snapshot_polls"": 1}"
20260918T142638Z_aefa49a3,301,normal,1789741604.57247,1789741604.5913913,19.067,0,19.067,pass,,independent_snapshot,"{""prerequisite_acknowledged"": true, ""client_b_read_v1"": true, ""dependent_acknowledged"": true, ""visible_ids"": [""v1:301"", ""v2:301""], ""snapshot_polls"": 1}"
20260918T142638Z_aefa49a3,302,normal,1789741604.5913913,1789741604.611802,20.266,0,20.266,pass,,independent_snapshot,"{""prerequisite_acknowledged"": true, ""client_b_read_v1"": true, ""dependent_acknowledged"": true, ""visible_ids"": [""v1:302"", ""v2:302""], ""snapshot_polls"": 1}"
20260918T142638Z_aefa49a3,303,normal,1789741604.612103,1789741604.6335592,21.838,0,21.838,pass,,independent_snapshot,"{""prerequisite_acknowledged"": true, ""client_b_read_v1"": true, ""dependent_acknowledged"": true, ""visible_ids"": [""v1:303"", ""v2:303""], ""snapshot_polls"": 1}"
20260918T142638Z_aefa49a3,304,normal,1789741604.6335592,1789741604.6545076,20.475,0,20.475,pass,,independent_snapshot,"{""prerequisite_acknowledged"": true, ""client_b_read_v1"": true, ""dependent_acknowledged"": true, ""visible_ids"": [""v1:304"", ""v2:304""], ""snapshot_polls"": 1}"
20260918T142638Z_aefa49a3,305,normal,1789741604.6545076,1789741604.6753988,20.835,0,20.835,pass,,independent_snapshot,"{""prerequisite_acknowledged"": true, ""client_b_read_v1"": true, ""dependent_acknowledged"": true, ""visible_ids"": [""v1:305"", ""v2:305""], ""snapshot_polls"": 1}"
20260918T142638Z_aefa49a3,306,normal,1789741604.6753988,1789741604.6957119,20.237,0,20.237,pass,,independent_snapshot,"{""prerequisite_acknowledged"": true, ""client_b_read_v1"": true, ""dependent_acknowledged"": true, ""visible_ids"": [""v1:306"", ""v2:306""], ""snapshot_polls"": 1}"
20260918T142638Z_aefa49a3,307,normal,1789741604.6957119,1789741604.7148213,18.876,0,18.876,pass,,independent_snapshot,"{""prerequisite_acknowledged"": true, ""client_b_read_v1"": true, ""dependent_acknowledged"": true, ""visible_ids"": [""v1:307"", ""v2:307""], ""snapshot_polls"": 1}"
20260918T142638Z_aefa49a3,308,normal,1789741604.7148213,1789741604.7357206,20.882,0,20.882,pass,,independent_snapshot,"{""prerequisite_acknowledged"": true, ""client_b_read_v1"": true, ""dependent_acknowledged"": true, ""visible_ids"": [""v1:308"", ""v2:308""], ""snapshot_polls"": 1}"
20260918T142638Z_aefa49a3,309,normal,1789741604.7357206,1789741604.7547338,18.9,0,18.9,pass,,independent_snapshot,"{""prerequisite_acknowledged"": true, ""client_b_read_v1"": true, ""dependent_acknowledged"": true, ""visible_ids"": [""v1:309"", ""v2:309""], ""snapshot_polls"": 1}"
20260918T142638Z_aefa49a3,310,normal,1789741604.7547338,1789741604.7743073,19.703,0,19.703,pass,,independent_snapshot,"{""prerequisite_acknowledged"": true, ""client_b_read_v1"": true, ""dependent_acknowledged"": true, ""visible_ids"": [""v1:310"", ""v2:310""], ""snapshot_polls"": 1}"
20260918T142638Z_aefa49a3,311,normal,1789741604.7743073,1789741604.7959423,21.386,0,21.386,pass,,independent_snapshot,"{""prerequisite_acknowledged"": true, ""client_b_read_v1"": true, ""dependent_acknowledged"": true, ""visible_ids"": [""v1:311"", ""v2:311""], ""snapshot_polls"": 1}"
20260918T142638Z_aefa49a3,312,normal,1789741604.7959423,1789741604.8148878,18.656,0,18.656,pass,,independent_snapshot,"{""prerequisite_acknowledged"": true, ""client_b_read_v1"": true, ""dependent_acknowledged"": true, ""visible_ids"": [""v1:312"", ""v2:312""], ""snapshot_polls"": 1}"
20260918T142638Z_aefa49a3,313,normal,1789741604.8148878,1789741604.835034,20.003,0,20.003,pass,,independent_snapshot,"{""prerequisite_acknowledged"": true, ""client_b_read_v1"": true, ""dependent_acknowledged"": true, ""visible_ids"": [""v1:313"", ""v2:313""], ""snapshot_polls"": 1}"
20260918T142638Z_aefa49a3,314,normal,1789741604.835034,1789741604.8544717,19.64,0,19.64,pass,,independent_snapshot,"{""prerequisite_acknowledged"": true, ""client_b_read_v1"": true, ""dependent_acknowledged"": true, ""visible_ids"": [""v1:314"", ""v2:314""], ""snapshot_polls"": 1}"
20260918T142638Z_aefa49a3,315,normal,1789741604.8544717,1789741604.8729727,18.421,0,18.421,pass,,independent_snapshot,"{""prerequisite_acknowledged"": true, ""client_b_read_v1"": true, ""dependent_acknowledged"": true, ""visible_ids"": [""v1:315"", ""v2:315""], ""snapshot_polls"": 1}"
20260918T142638Z_aefa49a3,316,normal,1789741604.8729727,1789741604.8924487,19.179,0,19.179,pass,,independent_snapshot,"{""prerequisite_acknowledged"": true, ""client_b_read_v1"": true, ""dependent_acknowledged"": true, ""visible_ids"": [""v1:316"", ""v2:316""], ""snapshot_polls"": 1}"
20260918T142638Z_aefa49a3,317,normal,1789741604.8924487,1789741604.9114292,19.085,0,19.085,pass,,independent_snapshot,"{""prerequisite_acknowledged"": true, ""client_b_read_v1"": true, ""dependent_acknowledged"": true, ""visible_ids"": [""v1:317"", ""v2:317""], ""snapshot_polls"": 1}"
20260918T142638Z_aefa49a3,318,normal,1789741604.9114292,1789741604.9299471,18.134,0,18.134,pass,,independent_snapshot,"{""prerequisite_acknowledged"": true, ""client_b_read_v1"": true, ""dependent_acknowledged"": true, ""visible_ids"": [""v1:318"", ""v2:318""], ""snapshot_polls"": 1}"
20260918T142638Z_aefa49a3,319,normal,1789741604.9299471,1789741604.950696,20.666,0,20.666,pass,,independent_snapshot,"{""prerequisite_acknowledged"": true, ""client_b_read_v1"": true, ""dependent_acknowledged"": true, ""visible_ids"": [""v1:319"", ""v2:319""], ""snapshot_polls"": 1}"
20260918T142638Z_aefa49a3,320,normal,1789741604.950696,1789741604.9696686,19.132,0,19.132,pass,,independent_snapshot,"{""prerequisite_acknowledged"": true, ""client_b_read_v1"": true, ""dependent_acknowledged"": true, ""visible_ids"": [""v1:320"", ""v2:320""], ""snapshot_polls"": 1}"
20260918T142638Z_aefa49a3,321,normal,1789741604.9696686,1789741604.9899905,19.805,0,19.805,pass,,independent_snapshot,"{""prerequisite_acknowledged"": true, ""client_b_read_v1"": true, ""dependent_acknowledged"": true, ""visible_ids"": [""v1:321"", ""v2:321""], ""snapshot_polls"": 1}"
20260918T142638Z_aefa49a3,322,normal,1789741604.9899905,1789741605.0116992,21.705,0,21.705,pass,,independent_snapshot,"{""prerequisite_acknowledged"": true, ""client_b_read_v1"": true, ""dependent_acknowledged"": true, ""visible_ids"": [""v1:322"", ""v2:322""], ""snapshot_polls"": 1}"
20260918T142638Z_aefa49a3,323,normal,1789741605.0116992,1789741605.0306127,19.054,0,19.054,pass,,independent_snapshot,"{""prerequisite_acknowledged"": true, ""client_b_read_v1"": true, ""dependent_acknowledged"": true, ""visible_ids"": [""v1:323"", ""v2:323""], ""snapshot_polls"": 1}"
20260918T142638Z_aefa49a3,324,normal,1789741605.0306127,1789741605.0504293,19.919,0,19.919,pass,,independent_snapshot,"{""prerequisite_acknowledged"": true, ""client_b_read_v1"": true, ""dependent_acknowledged"": true, ""visible_ids"": [""v1:324"", ""v2:324""], ""snapshot_polls"": 1}"
20260918T142638Z_aefa49a3,325,normal,1789741605.0510948,1789741605.0700383,19.437,0,19.437,pass,,independent_snapshot,"{""prerequisite_acknowledged"": true, ""client_b_read_v1"": true, ""dependent_acknowledged"": true, ""visible_ids"": [""v1:325"", ""v2:325""], ""snapshot_polls"": 1}"
20260918T142638Z_aefa49a3,326,normal,1789741605.0700383,1789741605.090379,19.733,0,19.733,pass,,independent_snapshot,"{""prerequisite_acknowledged"": true, ""client_b_read_v1"": true, ""dependent_acknowledged"": true, ""visible_ids"": [""v1:326"", ""v2:326""], ""snapshot_polls"": 1}"
20260918T142638Z_aefa49a3,327,normal,1789741605.090379,1789741605.113622,23.389,0,23.389,pass,,independent_snapshot,"{""prerequisite_acknowledged"": true, ""client_b_read_v1"": true, ""dependent_acknowledged"": true, ""visible_ids"": [""v1:327"", ""v2:327""], ""snapshot_polls"": 1}"
20260918T142638Z_aefa49a3,328,normal,1789741605.113622,1789741605.132964,18.941,0,18.941,pass,,independent_snapshot,"{""prerequisite_acknowledged"": true, ""client_b_read_v1"": true, ""dependent_acknowledged"": true, ""visible_ids"": [""v1:328"", ""v2:328""], ""snapshot_polls"": 1}"
20260918T142638Z_aefa49a3,329,normal,1789741605.132964,1789741605.1518202,18.812,0,18.812,pass,,independent_snapshot,"{""prerequisite_acknowledged"": true, ""client_b_read_v1"": true, ""dependent_acknowledged"": true, ""visible_ids"": [""v1:329"", ""v2:329""], ""snapshot_polls"": 1}"
20260918T142638Z_aefa49a3,330,normal,1789741605.1518202,1789741605.1711054,19.321,0,19.321,pass,,independent_snapshot,"{""prerequisite_acknowledged"": true, ""client_b_read_v1"": true, ""dependent_acknowledged"": true, ""visible_ids"": [""v1:330"", ""v2:330""], ""snapshot_polls"": 1}"
20260918T142638Z_aefa49a3,331,normal,1789741605.1715193,1789741605.191354,20.281,0,20.281,pass,,independent_snapshot,"{""prerequisite_acknowledged"": true, ""client_b_read_v1"": true, ""dependent_acknowledged"": true, ""visible_ids"": [""v1:331"", ""v2:331""], ""snapshot_polls"": 1}"
20260918T142638Z_aefa49a3,332,normal,1789741605.192009,1789741605.2105746,18.688,0,18.688,pass,,independent_snapshot,"{""prerequisite_acknowledged"": true, ""client_b_read_v1"": true, ""dependent_acknowledged"": true, ""visible_ids"": [""v1:332"", ""v2:332""], ""snapshot_polls"": 1}"
20260918T142638Z_aefa49a3,333,normal,1789741605.2105746,1789741605.2301698,19.628,0,19.628,pass,,independent_snapshot,"{""prerequisite_acknowledged"": true, ""client_b_read_v1"": true, ""dependent_acknowledged"": true, ""visible_ids"": [""v1:333"", ""v2:333""], ""snapshot_polls"": 1}"
20260918T142638Z_aefa49a3,334,normal,1789741605.2301698,1789741605.2481117,18.141,0,18.141,pass,,independent_snapshot,"{""prerequisite_acknowledged"": true, ""client_b_read_v1"": true, ""dependent_acknowledged"": true, ""visible_ids"": [""v1:334"", ""v2:334""], ""snapshot_polls"": 1}"
20260918T142638Z_aefa49a3,335,normal,1789741605.248757,1789741605.270582,21.764,0,21.764,pass,,independent_snapshot,"{""prerequisite_acknowledged"": true, ""client_b_read_v1"": true, ""dependent_acknowledged"": true, ""visible_ids"": [""v1:335"", ""v2:335""], ""snapshot_polls"": 1}"
20260918T142638Z_aefa49a3,336,normal,1789741605.270582,1789741605.2898564,19.168,0,19.168,pass,,independent_snapshot,"{""prerequisite_acknowledged"": true, ""client_b_read_v1"": true, ""dependent_acknowledged"": true, ""visible_ids"": [""v1:336"", ""v2:336""], ""snapshot_polls"": 1}"
20260918T142638Z_aefa49a3,337,normal,1789741605.2898564,1789741605.3099968,20.447,0,20.447,pass,,independent_snapshot,"{""prerequisite_acknowledged"": true, ""client_b_read_v1"": true, ""dependent_acknowledged"": true, ""visible_ids"": [""v1:337"", ""v2:337""], ""snapshot_polls"": 1}"
20260918T142638Z_aefa49a3,338,normal,1789741605.3099968,1789741605.3287613,18.44,0,18.44,pass,,independent_snapshot,"{""prerequisite_acknowledged"": true, ""client_b_read_v1"": true, ""dependent_acknowledged"": true, ""visible_ids"": [""v1:338"", ""v2:338""], ""snapshot_polls"": 1}"
20260918T142638Z_aefa49a3,339,normal,1789741605.3287613,1789741605.3485937,19.485,0,19.485,pass,,independent_snapshot,"{""prerequisite_acknowledged"": true, ""client_b_read_v1"": true, ""dependent_acknowledged"": true, ""visible_ids"": [""v1:339"", ""v2:339""], ""snapshot_polls"": 1}"
20260918T142638Z_aefa49a3,340,normal,1789741605.3485937,1789741605.3687682,20.199,0,20.199,pass,,independent_snapshot,"{""prerequisite_acknowledged"": true, ""client_b_read_v1"": true, ""dependent_acknowledged"": true, ""visible_ids"": [""v1:340"", ""v2:340""], ""snapshot_polls"": 1}"
20260918T142638Z_aefa49a3,341,normal,1789741605.3687682,1789741605.389275,20.765,0,20.765,pass,,independent_snapshot,"{""prerequisite_acknowledged"": true, ""client_b_read_v1"": true, ""dependent_acknowledged"": true, ""visible_ids"": [""v1:341"", ""v2:341""], ""snapshot_polls"": 1}"
20260918T142638Z_aefa49a3,342,normal,1789741605.389275,1789741605.4106917,21.008,0,21.008,pass,,independent_snapshot,"{""prerequisite_acknowledged"": true, ""client_b_read_v1"": true, ""dependent_acknowledged"": true, ""visible_ids"": [""v1:342"", ""v2:342""], ""snapshot_polls"": 1}"
20260918T142638Z_aefa49a3,343,normal,1789741605.4106917,1789741605.4324596,21.475,0,21.475,pass,,independent_snapshot,"{""prerequisite_acknowledged"": true, ""client_b_read_v1"": true, ""dependent_acknowledged"": true, ""visible_ids"": [""v1:343"", ""v2:343""], ""snapshot_polls"": 1}"
20260918T142638Z_aefa49a3,344,normal,1789741605.4324596,1789741605.4531364,20.53,0,20.53,pass,,independent_snapshot,"{""prerequisite_acknowledged"": true, ""client_b_read_v1"": true, ""dependent_acknowledged"": true, ""visible_ids"": [""v1:344"", ""v2:344""], ""snapshot_polls"": 1}"
20260918T142638Z_aefa49a3,345,normal,1789741605.4531364,1789741605.471909,20.077,0,20.077,pass,,independent_snapshot,"{""prerequisite_acknowledged"": true, ""client_b_read_v1"": true, ""dependent_acknowledged"": true, ""visible_ids"": [""v1:345"", ""v2:345""], ""snapshot_polls"": 1}"
20260918T142638Z_aefa49a3,346,normal,1789741605.4734378,1789741605.4933162,20.313,0,20.313,pass,,independent_snapshot,"{""prerequisite_acknowledged"": true, ""client_b_read_v1"": true, ""dependent_acknowledged"": true, ""visible_ids"": [""v1:346"", ""v2:346""], ""snapshot_polls"": 1}"
20260918T142638Z_aefa49a3,347,normal,1789741605.4939516,1789741605.5130975,19.354,0,19.354,pass,,independent_snapshot,"{""prerequisite_acknowledged"": true, ""client_b_read_v1"": true, ""dependent_acknowledged"": true, ""visible_ids"": [""v1:347"", ""v2:347""], ""snapshot_polls"": 1}"
20260918T142638Z_aefa49a3,348,normal,1789741605.5130975,1789741605.5320385,18.711,0,18.711,pass,,independent_snapshot,"{""prerequisite_acknowledged"": true, ""client_b_read_v1"": true, ""dependent_acknowledged"": true, ""visible_ids"": [""v1:348"", ""v2:348""], ""snapshot_polls"": 1}"
20260918T142638Z_aefa49a3,349,normal,1789741605.5320385,1789741605.5521424,20.345,0,20.345,pass,,independent_snapshot,"{""prerequisite_acknowledged"": true, ""client_b_read_v1"": true, ""dependent_acknowledged"": true, ""visible_ids"": [""v1:349"", ""v2:349""], ""snapshot_polls"": 1}"
20260918T142638Z_aefa49a3,350,normal,1789741605.5521424,1789741605.57243,19.798,0,19.798,pass,,independent_snapshot,"{""prerequisite_acknowledged"": true, ""client_b_read_v1"": true, ""dependent_acknowledged"": true, ""visible_ids"": [""v1:350"", ""v2:350""], ""snapshot_polls"": 1}"
20260918T142638Z_aefa49a3,351,normal,1789741605.57243,1789741605.5947917,22.334,0,22.334,pass,,independent_snapshot,"{""prerequisite_acknowledged"": true, ""client_b_read_v1"": true, ""dependent_acknowledged"": true, ""visible_ids"": [""v1:351"", ""v2:351""], ""snapshot_polls"": 1}"
20260918T142638Z_aefa49a3,352,normal,1789741605.5947917,1789741605.6151576,20.166,0,20.166,pass,,independent_snapshot,"{""prerequisite_acknowledged"": true, ""client_b_read_v1"": true, ""dependent_acknowledged"": true, ""visible_ids"": [""v1:352"", ""v2:352""], ""snapshot_polls"": 1}"
20260918T142638Z_aefa49a3,353,normal,1789741605.6151576,1789741605.6350722,20.12,0,20.12,pass,,independent_snapshot,"{""prerequisite_acknowledged"": true, ""client_b_read_v1"": true, ""dependent_acknowledged"": true, ""visible_ids"": [""v1:353"", ""v2:353""], ""snapshot_polls"": 1}"
20260918T142638Z_aefa49a3,354,normal,1789741605.6350722,1789741605.6535237,17.872,0,17.872,pass,,independent_snapshot,"{""prerequisite_acknowledged"": true, ""client_b_read_v1"": true, ""dependent_acknowledged"": true, ""visible_ids"": [""v1:354"", ""v2:354""], ""snapshot_polls"": 1}"
20260918T142638Z_aefa49a3,355,normal,1789741605.6535237,1789741605.672621,19.139,0,19.139,pass,,independent_snapshot,"{""prerequisite_acknowledged"": true, ""client_b_read_v1"": true, ""dependent_acknowledged"": true, ""visible_ids"": [""v1:355"", ""v2:355""], ""snapshot_polls"": 1}"
20260918T142638Z_aefa49a3,356,normal,1789741605.672621,1789741605.692051,19.159,0,19.159,pass,,independent_snapshot,"{""prerequisite_acknowledged"": true, ""client_b_read_v1"": true, ""dependent_acknowledged"": true, ""visible_ids"": [""v1:356"", ""v2:356""], ""snapshot_polls"": 1}"
20260918T142638Z_aefa49a3,357,normal,1789741605.692051,1789741605.711572,19.43,0,19.43,pass,,independent_snapshot,"{""prerequisite_acknowledged"": true, ""client_b_read_v1"": true, ""dependent_acknowledged"": true, ""visible_ids"": [""v1:357"", ""v2:357""], ""snapshot_polls"": 1}"
20260918T142638Z_aefa49a3,358,normal,1789741605.711572,1789741605.73062,18.97,0,18.97,pass,,independent_snapshot,"{""prerequisite_acknowledged"": true, ""client_b_read_v1"": true, ""dependent_acknowledged"": true, ""visible_ids"": [""v1:358"", ""v2:358""], ""snapshot_polls"": 1}"
20260918T142638Z_aefa49a3,359,normal,1789741605.73062,1789741605.7518528,21.613,0,21.613,pass,,independent_snapshot,"{""prerequisite_acknowledged"": true, ""client_b_read_v1"": true, ""dependent_acknowledged"": true, ""visible_ids"": [""v1:359"", ""v2:359""], ""snapshot_polls"": 1}"
20260918T142638Z_aefa49a3,360,normal,1789741605.75241,1789741605.7715652,19.08,0,19.08,pass,,independent_snapshot,"{""prerequisite_acknowledged"": true, ""client_b_read_v1"": true, ""dependent_acknowledged"": true, ""visible_ids"": [""v1:360"", ""v2:360""], ""snapshot_polls"": 1}"
20260918T142638Z_aefa49a3,361,normal,1789741605.7715652,1789741605.7912784,19.584,0,19.584,pass,,independent_snapshot,"{""prerequisite_acknowledged"": true, ""client_b_read_v1"": true, ""dependent_acknowledged"": true, ""visible_ids"": [""v1:361"", ""v2:361""], ""snapshot_polls"": 1}"
20260918T142638Z_aefa49a3,362,normal,1789741605.7912784,1789741605.81075,19.465,0,19.465,pass,,independent_snapshot,"{""prerequisite_acknowledged"": true, ""client_b_read_v1"": true, ""dependent_acknowledged"": true, ""visible_ids"": [""v1:362"", ""v2:362""], ""snapshot_polls"": 1}"
20260918T142638Z_aefa49a3,363,normal,1789741605.81075,1789741605.8297894,19.3,0,19.3,pass,,independent_snapshot,"{""prerequisite_acknowledged"": true, ""client_b_read_v1"": true, ""dependent_acknowledged"": true, ""visible_ids"": [""v1:363"", ""v2:363""], ""snapshot_polls"": 1}"
20260918T142638Z_aefa49a3,364,normal,1789741605.8304465,1789741605.848768,18.807,0,18.807,pass,,independent_snapshot,"{""prerequisite_acknowledged"": true, ""client_b_read_v1"": true, ""dependent_acknowledged"": true, ""visible_ids"": [""v1:364"", ""v2:364""], ""snapshot_polls"": 1}"
20260918T142638Z_aefa49a3,365,normal,1789741605.8492863,1789741605.8675973,18.579,0,18.579,pass,,independent_snapshot,"{""prerequisite_acknowledged"": true, ""client_b_read_v1"": true, ""dependent_acknowledged"": true, ""visible_ids"": [""v1:365"", ""v2:365""], ""snapshot_polls"": 1}"
20260918T142638Z_aefa49a3,366,normal,1789741605.8675973,1789741605.8867676,19.19,0,19.19,pass,,independent_snapshot,"{""prerequisite_acknowledged"": true, ""client_b_read_v1"": true, ""dependent_acknowledged"": true, ""visible_ids"": [""v1:366"", ""v2:366""], ""snapshot_polls"": 1}"
20260918T142638Z_aefa49a3,367,normal,1789741605.887287,1789741605.908532,21.326,0,21.326,pass,,independent_snapshot,"{""prerequisite_acknowledged"": true, ""client_b_read_v1"": true, ""dependent_acknowledged"": true, ""visible_ids"": [""v1:367"", ""v2:367""], ""snapshot_polls"": 1}"
20260918T142638Z_aefa49a3,368,normal,1789741605.908532,1789741605.9280305,19.397,0,19.397,pass,,independent_snapshot,"{""prerequisite_acknowledged"": true, ""client_b_read_v1"": true, ""dependent_acknowledged"": true, ""visible_ids"": [""v1:368"", ""v2:368""], ""snapshot_polls"": 1}"
20260918T142638Z_aefa49a3,369,normal,1789741605.9280305,1789741605.9473984,19.277,0,19.277,pass,,independent_snapshot,"{""prerequisite_acknowledged"": true, ""client_b_read_v1"": true, ""dependent_acknowledged"": true, ""visible_ids"": [""v1:369"", ""v2:369""], ""snapshot_polls"": 1}"
20260918T142638Z_aefa49a3,370,normal,1789741605.9473984,1789741605.9665794,19.204,0,19.204,pass,,independent_snapshot,"{""prerequisite_acknowledged"": true, ""client_b_read_v1"": true, ""dependent_acknowledged"": true, ""visible_ids"": [""v1:370"", ""v2:370""], ""snapshot_polls"": 1}"
20260918T142638Z_aefa49a3,371,normal,1789741605.9665794,1789741605.9851108,18.479,0,18.479,pass,,independent_snapshot,"{""prerequisite_acknowledged"": true, ""client_b_read_v1"": true, ""dependent_acknowledged"": true, ""visible_ids"": [""v1:371"", ""v2:371""], ""snapshot_polls"": 1}"
20260918T142638Z_aefa49a3,372,normal,1789741605.9851108,1789741606.0047073,19.441,0,19.441,pass,,independent_snapshot,"{""prerequisite_acknowledged"": true, ""client_b_read_v1"": true, ""dependent_acknowledged"": true, ""visible_ids"": [""v1:372"", ""v2:372""], ""snapshot_polls"": 1}"
20260918T142638Z_aefa49a3,373,normal,1789741606.0047073,1789741606.0234914,18.506,0,18.506,pass,,independent_snapshot,"{""prerequisite_acknowledged"": true, ""client_b_read_v1"": true, ""dependent_acknowledged"": true, ""visible_ids"": [""v1:373"", ""v2:373""], ""snapshot_polls"": 1}"
20260918T142638Z_aefa49a3,374,normal,1789741606.0234914,1789741606.0423632,19.21,0,19.21,pass,,independent_snapshot,"{""prerequisite_acknowledged"": true, ""client_b_read_v1"": true, ""dependent_acknowledged"": true, ""visible_ids"": [""v1:374"", ""v2:374""], ""snapshot_polls"": 1}"
20260918T142638Z_aefa49a3,375,normal,1789741606.0430167,1789741606.0639727,21.108,0,21.108,pass,,independent_snapshot,"{""prerequisite_acknowledged"": true, ""client_b_read_v1"": true, ""dependent_acknowledged"": true, ""visible_ids"": [""v1:375"", ""v2:375""], ""snapshot_polls"": 1}"
20260918T142638Z_aefa49a3,376,normal,1789741606.0639727,1789741606.0834863,19.519,0,19.519,pass,,independent_snapshot,"{""prerequisite_acknowledged"": true, ""client_b_read_v1"": true, ""dependent_acknowledged"": true, ""visible_ids"": [""v1:376"", ""v2:376""], ""snapshot_polls"": 1}"
20260918T142638Z_aefa49a3,377,normal,1789741606.0834863,1789741606.104347,20.713,0,20.713,pass,,independent_snapshot,"{""prerequisite_acknowledged"": true, ""client_b_read_v1"": true, ""dependent_acknowledged"": true, ""visible_ids"": [""v1:377"", ""v2:377""], ""snapshot_polls"": 1}"
20260918T142638Z_aefa49a3,378,normal,1789741606.104347,1789741606.124798,20.188,0,20.188,pass,,independent_snapshot,"{""prerequisite_acknowledged"": true, ""client_b_read_v1"": true, ""dependent_acknowledged"": true, ""visible_ids"": [""v1:378"", ""v2:378""], ""snapshot_polls"": 1}"
20260918T142638Z_aefa49a3,379,normal,1789741606.124798,1789741606.1453989,20.363,0,20.363,pass,,independent_snapshot,"{""prerequisite_acknowledged"": true, ""client_b_read_v1"": true, ""dependent_acknowledged"": true, ""visible_ids"": [""v1:379"", ""v2:379""], ""snapshot_polls"": 1}"
20260918T142638Z_aefa49a3,380,normal,1789741606.1453989,1789741606.1645806,19.022,0,19.022,pass,,independent_snapshot,"{""prerequisite_acknowledged"": true, ""client_b_read_v1"": true, ""dependent_acknowledged"": true, ""visible_ids"": [""v1:380"", ""v2:380""], ""snapshot_polls"": 1}"
20260918T142638Z_aefa49a3,381,normal,1789741606.1645806,1789741606.1826763,18.528,0,18.528,pass,,independent_snapshot,"{""prerequisite_acknowledged"": true, ""client_b_read_v1"": true, ""dependent_acknowledged"": true, ""visible_ids"": [""v1:381"", ""v2:381""], ""snapshot_polls"": 1}"
20260918T142638Z_aefa49a3,382,normal,1789741606.1832905,1789741606.2023287,19.425,0,19.425,pass,,independent_snapshot,"{""prerequisite_acknowledged"": true, ""client_b_read_v1"": true, ""dependent_acknowledged"": true, ""visible_ids"": [""v1:382"", ""v2:382""], ""snapshot_polls"": 1}"
20260918T142638Z_aefa49a3,383,normal,1789741606.2023287,1789741606.2235146,20.657,0,20.657,pass,,independent_snapshot,"{""prerequisite_acknowledged"": true, ""client_b_read_v1"": true, ""dependent_acknowledged"": true, ""visible_ids"": [""v1:383"", ""v2:383""], ""snapshot_polls"": 1}"
20260918T142638Z_aefa49a3,384,normal,1789741606.2235146,1789741606.2423859,19.128,0,19.128,pass,,independent_snapshot,"{""prerequisite_acknowledged"": true, ""client_b_read_v1"": true, ""dependent_acknowledged"": true, ""visible_ids"": [""v1:384"", ""v2:384""], ""snapshot_polls"": 1}"
20260918T142638Z_aefa49a3,385,normal,1789741606.2423859,1789741606.2616105,18.736,0,18.736,pass,,independent_snapshot,"{""prerequisite_acknowledged"": true, ""client_b_read_v1"": true, ""dependent_acknowledged"": true, ""visible_ids"": [""v1:385"", ""v2:385""], ""snapshot_polls"": 1}"
20260918T142638Z_aefa49a3,386,normal,1789741606.2616105,1789741606.2815244,19.897,0,19.897,pass,,independent_snapshot,"{""prerequisite_acknowledged"": true, ""client_b_read_v1"": true, ""dependent_acknowledged"": true, ""visible_ids"": [""v1:386"", ""v2:386""], ""snapshot_polls"": 1}"
20260918T142638Z_aefa49a3,387,normal,1789741606.2815244,1789741606.301065,19.683,0,19.683,pass,,independent_snapshot,"{""prerequisite_acknowledged"": true, ""client_b_read_v1"": true, ""dependent_acknowledged"": true, ""visible_ids"": [""v1:387"", ""v2:387""], ""snapshot_polls"": 1}"
20260918T142638Z_aefa49a3,388,normal,1789741606.301065,1789741606.3221166,21.225,0,21.225,pass,,independent_snapshot,"{""prerequisite_acknowledged"": true, ""client_b_read_v1"": true, ""dependent_acknowledged"": true, ""visible_ids"": [""v1:388"", ""v2:388""], ""snapshot_polls"": 1}"
20260918T142638Z_aefa49a3,389,normal,1789741606.3228018,1789741606.341947,19.376,0,19.376,pass,,independent_snapshot,"{""prerequisite_acknowledged"": true, ""client_b_read_v1"": true, ""dependent_acknowledged"": true, ""visible_ids"": [""v1:389"", ""v2:389""], ""snapshot_polls"": 1}"
20260918T142638Z_aefa49a3,390,normal,1789741606.341947,1789741606.3623962,20.091,0,20.091,pass,,independent_snapshot,"{""prerequisite_acknowledged"": true, ""client_b_read_v1"": true, ""dependent_acknowledged"": true, ""visible_ids"": [""v1:390"", ""v2:390""], ""snapshot_polls"": 1}"
20260918T142638Z_aefa49a3,391,normal,1789741606.3623962,1789741606.3846898,22.187,0,22.187,pass,,independent_snapshot,"{""prerequisite_acknowledged"": true, ""client_b_read_v1"": true, ""dependent_acknowledged"": true, ""visible_ids"": [""v1:391"", ""v2:391""], ""snapshot_polls"": 1}"
20260918T142638Z_aefa49a3,392,normal,1789741606.3846898,1789741606.4051402,20.65,0,20.65,pass,,independent_snapshot,"{""prerequisite_acknowledged"": true, ""client_b_read_v1"": true, ""dependent_acknowledged"": true, ""visible_ids"": [""v1:392"", ""v2:392""], ""snapshot_polls"": 1}"
20260918T142638Z_aefa49a3,393,normal,1789741606.4051402,1789741606.4246397,19.355,0,19.355,pass,,independent_snapshot,"{""prerequisite_acknowledged"": true, ""client_b_read_v1"": true, ""dependent_acknowledged"": true, ""visible_ids"": [""v1:393"", ""v2:393""], ""snapshot_polls"": 1}"
20260918T142638Z_aefa49a3,394,normal,1789741606.4246397,1789741606.4442844,19.772,0,19.772,pass,,independent_snapshot,"{""prerequisite_acknowledged"": true, ""client_b_read_v1"": true, ""dependent_acknowledged"": true, ""visible_ids"": [""v1:394"", ""v2:394""], ""snapshot_polls"": 1}"
20260918T142638Z_aefa49a3,395,normal,1789741606.4449215,1789741606.4644597,19.579,0,19.579,pass,,independent_snapshot,"{""prerequisite_acknowledged"": true, ""client_b_read_v1"": true, ""dependent_acknowledged"": true, ""visible_ids"": [""v1:395"", ""v2:395""], ""snapshot_polls"": 1}"
20260918T142638Z_aefa49a3,396,normal,1789741606.4644597,1789741606.4832585,19.087,0,19.087,pass,,independent_snapshot,"{""prerequisite_acknowledged"": true, ""client_b_read_v1"": true, ""dependent_acknowledged"": true, ""visible_ids"": [""v1:396"", ""v2:396""], ""snapshot_polls"": 1}"
20260918T142638Z_aefa49a3,397,normal,1789741606.4838538,1789741606.5031188,19.299,0,19.299,pass,,independent_snapshot,"{""prerequisite_acknowledged"": true, ""client_b_read_v1"": true, ""dependent_acknowledged"": true, ""visible_ids"": [""v1:397"", ""v2:397""], ""snapshot_polls"": 1}"
20260918T142638Z_aefa49a3,398,normal,1789741606.5031188,1789741606.5212326,18.235,0,18.235,pass,,independent_snapshot,"{""prerequisite_acknowledged"": true, ""client_b_read_v1"": true, ""dependent_acknowledged"": true, ""visible_ids"": [""v1:398"", ""v2:398""], ""snapshot_polls"": 1}"
20260918T142638Z_aefa49a3,399,normal,1789741606.5212326,1789741606.5419772,20.927,0,20.927,pass,,independent_snapshot,"{""prerequisite_acknowledged"": true, ""client_b_read_v1"": true, ""dependent_acknowledged"": true, ""visible_ids"": [""v1:399"", ""v2:399""], ""snapshot_polls"": 1}"
20260918T142638Z_aefa49a3,400,normal,1789741606.5426283,1789741606.562481,20.114,0,20.114,pass,,independent_snapshot,"{""prerequisite_acknowledged"": true, ""client_b_read_v1"": true, ""dependent_acknowledged"": true, ""visible_ids"": [""v1:400"", ""v2:400""], ""snapshot_polls"": 1}"
20260918T142638Z_aefa49a3,401,normal,1789741606.564962,1789741606.5853944,20.271,0,20.271,pass,,independent_snapshot,"{""prerequisite_acknowledged"": true, ""client_b_read_v1"": true, ""dependent_acknowledged"": true, ""visible_ids"": [""v1:401"", ""v2:401""], ""snapshot_polls"": 1}"
20260918T142638Z_aefa49a3,402,normal,1789741606.5853944,1789741606.6046896,19.187,0,19.187,pass,,independent_snapshot,"{""prerequisite_acknowledged"": true, ""client_b_read_v1"": true, ""dependent_acknowledged"": true, ""visible_ids"": [""v1:402"", ""v2:402""], ""snapshot_polls"": 1}"
20260918T142638Z_aefa49a3,403,normal,1789741606.6046896,1789741606.623869,18.79,0,18.79,pass,,independent_snapshot,"{""prerequisite_acknowledged"": true, ""client_b_read_v1"": true, ""dependent_acknowledged"": true, ""visible_ids"": [""v1:403"", ""v2:403""], ""snapshot_polls"": 1}"
20260918T142638Z_aefa49a3,404,normal,1789741606.623869,1789741606.6414611,17.971,0,17.971,pass,,independent_snapshot,"{""prerequisite_acknowledged"": true, ""client_b_read_v1"": true, ""dependent_acknowledged"": true, ""visible_ids"": [""v1:404"", ""v2:404""], ""snapshot_polls"": 1}"
20260918T142638Z_aefa49a3,405,normal,1789741606.6414611,1789741606.6608753,18.892,0,18.892,pass,,independent_snapshot,"{""prerequisite_acknowledged"": true, ""client_b_read_v1"": true, ""dependent_acknowledged"": true, ""visible_ids"": [""v1:405"", ""v2:405""], ""snapshot_polls"": 1}"
20260918T142638Z_aefa49a3,406,normal,1789741606.6608753,1789741606.6801856,19.238,0,19.238,pass,,independent_snapshot,"{""prerequisite_acknowledged"": true, ""client_b_read_v1"": true, ""dependent_acknowledged"": true, ""visible_ids"": [""v1:406"", ""v2:406""], ""snapshot_polls"": 1}"
20260918T142638Z_aefa49a3,407,normal,1789741606.6801856,1789741606.7030878,23.148,0,23.148,pass,,independent_snapshot,"{""prerequisite_acknowledged"": true, ""client_b_read_v1"": true, ""dependent_acknowledged"": true, ""visible_ids"": [""v1:407"", ""v2:407""], ""snapshot_polls"": 1}"
20260918T142638Z_aefa49a3,408,normal,1789741606.7036662,1789741606.7218947,18.211,0,18.211,pass,,independent_snapshot,"{""prerequisite_acknowledged"": true, ""client_b_read_v1"": true, ""dependent_acknowledged"": true, ""visible_ids"": [""v1:408"", ""v2:408""], ""snapshot_polls"": 1}"
20260918T142638Z_aefa49a3,409,normal,1789741606.7218947,1789741606.7437208,21.853,0,21.853,pass,,independent_snapshot,"{""prerequisite_acknowledged"": true, ""client_b_read_v1"": true, ""dependent_acknowledged"": true, ""visible_ids"": [""v1:409"", ""v2:409""], ""snapshot_polls"": 1}"
20260918T142638Z_aefa49a3,410,normal,1789741606.7437208,1789741606.76321,19.232,0,19.232,pass,,independent_snapshot,"{""prerequisite_acknowledged"": true, ""client_b_read_v1"": true, ""dependent_acknowledged"": true, ""visible_ids"": [""v1:410"", ""v2:410""], ""snapshot_polls"": 1}"
20260918T142638Z_aefa49a3,411,normal,1789741606.76321,1789741606.7819889,18.58,0,18.58,pass,,independent_snapshot,"{""prerequisite_acknowledged"": true, ""client_b_read_v1"": true, ""dependent_acknowledged"": true, ""visible_ids"": [""v1:411"", ""v2:411""], ""snapshot_polls"": 1}"
20260918T142638Z_aefa49a3,412,normal,1789741606.7819889,1789741606.8015501,19.742,0,19.742,pass,,independent_snapshot,"{""prerequisite_acknowledged"": true, ""client_b_read_v1"": true, ""dependent_acknowledged"": true, ""visible_ids"": [""v1:412"", ""v2:412""], ""snapshot_polls"": 1}"
20260918T142638Z_aefa49a3,413,normal,1789741606.8015501,1789741606.8216157,19.826,0,19.826,pass,,independent_snapshot,"{""prerequisite_acknowledged"": true, ""client_b_read_v1"": true, ""dependent_acknowledged"": true, ""visible_ids"": [""v1:413"", ""v2:413""], ""snapshot_polls"": 1}"
20260918T142638Z_aefa49a3,414,normal,1789741606.8216157,1789741606.8405678,18.724,0,18.724,pass,,independent_snapshot,"{""prerequisite_acknowledged"": true, ""client_b_read_v1"": true, ""dependent_acknowledged"": true, ""visible_ids"": [""v1:414"", ""v2:414""], ""snapshot_polls"": 1}"
20260918T142638Z_aefa49a3,415,normal,1789741606.8405678,1789741606.863373,22.778,0,22.778,pass,,independent_snapshot,"{""prerequisite_acknowledged"": true, ""client_b_read_v1"": true, ""dependent_acknowledged"": true, ""visible_ids"": [""v1:415"", ""v2:415""], ""snapshot_polls"": 1}"
20260918T142638Z_aefa49a3,416,normal,1789741606.863373,1789741606.8812714,17.601,0,17.601,pass,,independent_snapshot,"{""prerequisite_acknowledged"": true, ""client_b_read_v1"": true, ""dependent_acknowledged"": true, ""visible_ids"": [""v1:416"", ""v2:416""], ""snapshot_polls"": 1}"
20260918T142638Z_aefa49a3,417,normal,1789741606.8812714,1789741606.8997474,18.793,0,18.793,pass,,independent_snapshot,"{""prerequisite_acknowledged"": true, ""client_b_read_v1"": true, ""dependent_acknowledged"": true, ""visible_ids"": [""v1:417"", ""v2:417""], ""snapshot_polls"": 1}"
20260918T142638Z_aefa49a3,418,normal,1789741606.8997474,1789741606.9185774,18.48,0,18.48,pass,,independent_snapshot,"{""prerequisite_acknowledged"": true, ""client_b_read_v1"": true, ""dependent_acknowledged"": true, ""visible_ids"": [""v1:418"", ""v2:418""], ""snapshot_polls"": 1}"
20260918T142638Z_aefa49a3,419,normal,1789741606.9185774,1789741606.9372957,18.609,0,18.609,pass,,independent_snapshot,"{""prerequisite_acknowledged"": true, ""client_b_read_v1"": true, ""dependent_acknowledged"": true, ""visible_ids"": [""v1:419"", ""v2:419""], ""snapshot_polls"": 1}"
20260918T142638Z_aefa49a3,420,normal,1789741606.9372957,1789741606.9569662,19.959,0,19.959,pass,,independent_snapshot,"{""prerequisite_acknowledged"": true, ""client_b_read_v1"": true, ""dependent_acknowledged"": true, ""visible_ids"": [""v1:420"", ""v2:420""], ""snapshot_polls"": 1}"
20260918T142638Z_aefa49a3,421,normal,1789741606.9569662,1789741606.9773333,19.687,0,19.687,pass,,independent_snapshot,"{""prerequisite_acknowledged"": true, ""client_b_read_v1"": true, ""dependent_acknowledged"": true, ""visible_ids"": [""v1:421"", ""v2:421""], ""snapshot_polls"": 1}"
20260918T142638Z_aefa49a3,422,normal,1789741606.9773333,1789741606.9965532,19.077,0,19.077,pass,,independent_snapshot,"{""prerequisite_acknowledged"": true, ""client_b_read_v1"": true, ""dependent_acknowledged"": true, ""visible_ids"": [""v1:422"", ""v2:422""], ""snapshot_polls"": 1}"
20260918T142638Z_aefa49a3,423,normal,1789741606.9965532,1789741607.016063,19.476,0,19.476,pass,,independent_snapshot,"{""prerequisite_acknowledged"": true, ""client_b_read_v1"": true, ""dependent_acknowledged"": true, ""visible_ids"": [""v1:423"", ""v2:423""], ""snapshot_polls"": 1}"
20260918T142638Z_aefa49a3,424,normal,1789741607.016063,1789741607.0343552,18.139,0,18.139,pass,,independent_snapshot,"{""prerequisite_acknowledged"": true, ""client_b_read_v1"": true, ""dependent_acknowledged"": true, ""visible_ids"": [""v1:424"", ""v2:424""], ""snapshot_polls"": 1}"
20260918T142638Z_aefa49a3,425,normal,1789741607.0343552,1789741607.0545735,20.058,0,20.058,pass,,independent_snapshot,"{""prerequisite_acknowledged"": true, ""client_b_read_v1"": true, ""dependent_acknowledged"": true, ""visible_ids"": [""v1:425"", ""v2:425""], ""snapshot_polls"": 1}"
20260918T142638Z_aefa49a3,426,normal,1789741607.0545735,1789741607.0736945,19.172,0,19.172,pass,,independent_snapshot,"{""prerequisite_acknowledged"": true, ""client_b_read_v1"": true, ""dependent_acknowledged"": true, ""visible_ids"": [""v1:426"", ""v2:426""], ""snapshot_polls"": 1}"
20260918T142638Z_aefa49a3,427,normal,1789741607.0736945,1789741607.0927396,19.007,0,19.007,pass,,independent_snapshot,"{""prerequisite_acknowledged"": true, ""client_b_read_v1"": true, ""dependent_acknowledged"": true, ""visible_ids"": [""v1:427"", ""v2:427""], ""snapshot_polls"": 1}"
20260918T142638Z_aefa49a3,428,normal,1789741607.0930455,1789741607.1129422,19.885,0,19.885,pass,,independent_snapshot,"{""prerequisite_acknowledged"": true, ""client_b_read_v1"": true, ""dependent_acknowledged"": true, ""visible_ids"": [""v1:428"", ""v2:428""], ""snapshot_polls"": 1}"
20260918T142638Z_aefa49a3,429,normal,1789741607.1129422,1789741607.133686,20.585,0,20.585,pass,,independent_snapshot,"{""prerequisite_acknowledged"": true, ""client_b_read_v1"": true, ""dependent_acknowledged"": true, ""visible_ids"": [""v1:429"", ""v2:429""], ""snapshot_polls"": 1}"
20260918T142638Z_aefa49a3,430,normal,1789741607.133686,1789741607.1509893,17.666,0,17.666,pass,,independent_snapshot,"{""prerequisite_acknowledged"": true, ""client_b_read_v1"": true, ""dependent_acknowledged"": true, ""visible_ids"": [""v1:430"", ""v2:430""], ""snapshot_polls"": 1}"
20260918T142638Z_aefa49a3,431,normal,1789741607.1515415,1789741607.1731555,22.061,0,22.061,pass,,independent_snapshot,"{""prerequisite_acknowledged"": true, ""client_b_read_v1"": true, ""dependent_acknowledged"": true, ""visible_ids"": [""v1:431"", ""v2:431""], ""snapshot_polls"": 1}"
20260918T142638Z_aefa49a3,432,normal,1789741607.1731555,1789741607.1947021,21.309,0,21.309,pass,,independent_snapshot,"{""prerequisite_acknowledged"": true, ""client_b_read_v1"": true, ""dependent_acknowledged"": true, ""visible_ids"": [""v1:432"", ""v2:432""], ""snapshot_polls"": 1}"
20260918T142638Z_aefa49a3,433,normal,1789741607.1947021,1789741607.2166646,21.584,0,21.584,pass,,independent_snapshot,"{""prerequisite_acknowledged"": true, ""client_b_read_v1"": true, ""dependent_acknowledged"": true, ""visible_ids"": [""v1:433"", ""v2:433""], ""snapshot_polls"": 1}"
20260918T142638Z_aefa49a3,434,normal,1789741607.2166646,1789741607.2389088,22.001,0,22.001,pass,,independent_snapshot,"{""prerequisite_acknowledged"": true, ""client_b_read_v1"": true, ""dependent_acknowledged"": true, ""visible_ids"": [""v1:434"", ""v2:434""], ""snapshot_polls"": 1}"
20260918T142638Z_aefa49a3,435,normal,1789741607.2389088,1789741607.2579594,19.04,0,19.04,pass,,independent_snapshot,"{""prerequisite_acknowledged"": true, ""client_b_read_v1"": true, ""dependent_acknowledged"": true, ""visible_ids"": [""v1:435"", ""v2:435""], ""snapshot_polls"": 1}"
20260918T142638Z_aefa49a3,436,normal,1789741607.2579594,1789741607.2773452,19.537,0,19.537,pass,,independent_snapshot,"{""prerequisite_acknowledged"": true, ""client_b_read_v1"": true, ""dependent_acknowledged"": true, ""visible_ids"": [""v1:436"", ""v2:436""], ""snapshot_polls"": 1}"
20260918T142638Z_aefa49a3,437,normal,1789741607.2773452,1789741607.2961051,18.459,0,18.459,pass,,independent_snapshot,"{""prerequisite_acknowledged"": true, ""client_b_read_v1"": true, ""dependent_acknowledged"": true, ""visible_ids"": [""v1:437"", ""v2:437""], ""snapshot_polls"": 1}"
20260918T142638Z_aefa49a3,438,normal,1789741607.2964137,1789741607.3142302,17.882,0,17.882,pass,,independent_snapshot,"{""prerequisite_acknowledged"": true, ""client_b_read_v1"": true, ""dependent_acknowledged"": true, ""visible_ids"": [""v1:438"", ""v2:438""], ""snapshot_polls"": 1}"
20260918T142638Z_aefa49a3,439,normal,1789741607.3142302,1789741607.3357103,21.625,0,21.625,pass,,independent_snapshot,"{""prerequisite_acknowledged"": true, ""client_b_read_v1"": true, ""dependent_acknowledged"": true, ""visible_ids"": [""v1:439"", ""v2:439""], ""snapshot_polls"": 1}"
20260918T142638Z_aefa49a3,440,normal,1789741607.3357103,1789741607.3559084,20.391,0,20.391,pass,,independent_snapshot,"{""prerequisite_acknowledged"": true, ""client_b_read_v1"": true, ""dependent_acknowledged"": true, ""visible_ids"": [""v1:440"", ""v2:440""], ""snapshot_polls"": 1}"
20260918T142638Z_aefa49a3,441,normal,1789741607.3565578,1789741607.3777254,21.085,0,21.085,pass,,independent_snapshot,"{""prerequisite_acknowledged"": true, ""client_b_read_v1"": true, ""dependent_acknowledged"": true, ""visible_ids"": [""v1:441"", ""v2:441""], ""snapshot_polls"": 1}"
20260918T142638Z_aefa49a3,442,normal,1789741607.3777254,1789741607.3974783,19.798,0,19.798,pass,,independent_snapshot,"{""prerequisite_acknowledged"": true, ""client_b_read_v1"": true, ""dependent_acknowledged"": true, ""visible_ids"": [""v1:442"", ""v2:442""], ""snapshot_polls"": 1}"
20260918T142638Z_aefa49a3,443,normal,1789741607.3974783,1789741607.4182591,20.479,0,20.479,pass,,independent_snapshot,"{""prerequisite_acknowledged"": true, ""client_b_read_v1"": true, ""dependent_acknowledged"": true, ""visible_ids"": [""v1:443"", ""v2:443""], ""snapshot_polls"": 1}"
20260918T142638Z_aefa49a3,444,normal,1789741607.4182591,1789741607.4391568,21.125,0,21.125,pass,,independent_snapshot,"{""prerequisite_acknowledged"": true, ""client_b_read_v1"": true, ""dependent_acknowledged"": true, ""visible_ids"": [""v1:444"", ""v2:444""], ""snapshot_polls"": 1}"
20260918T142638Z_aefa49a3,445,normal,1789741607.4391568,1789741607.4599776,20.406,0,20.406,pass,,independent_snapshot,"{""prerequisite_acknowledged"": true, ""client_b_read_v1"": true, ""dependent_acknowledged"": true, ""visible_ids"": [""v1:445"", ""v2:445""], ""snapshot_polls"": 1}"
20260918T142638Z_aefa49a3,446,normal,1789741607.4599776,1789741607.4807036,20.875,0,20.875,pass,,independent_snapshot,"{""prerequisite_acknowledged"": true, ""client_b_read_v1"": true, ""dependent_acknowledged"": true, ""visible_ids"": [""v1:446"", ""v2:446""], ""snapshot_polls"": 1}"
20260918T142638Z_aefa49a3,447,normal,1789741607.4807036,1789741607.5036993,23.022,0,23.022,pass,,independent_snapshot,"{""prerequisite_acknowledged"": true, ""client_b_read_v1"": true, ""dependent_acknowledged"": true, ""visible_ids"": [""v1:447"", ""v2:447""], ""snapshot_polls"": 1}"
20260918T142638Z_aefa49a3,448,normal,1789741607.5036993,1789741607.521428,17.712,0,17.712,pass,,independent_snapshot,"{""prerequisite_acknowledged"": true, ""client_b_read_v1"": true, ""dependent_acknowledged"": true, ""visible_ids"": [""v1:448"", ""v2:448""], ""snapshot_polls"": 1}"
20260918T142638Z_aefa49a3,449,normal,1789741607.522083,1789741607.5392287,17.646,0,17.646,pass,,independent_snapshot,"{""prerequisite_acknowledged"": true, ""client_b_read_v1"": true, ""dependent_acknowledged"": true, ""visible_ids"": [""v1:449"", ""v2:449""], ""snapshot_polls"": 1}"
20260918T142638Z_aefa49a3,450,normal,1789741607.539795,1789741607.5567071,17.5,0,17.5,pass,,independent_snapshot,"{""prerequisite_acknowledged"": true, ""client_b_read_v1"": true, ""dependent_acknowledged"": true, ""visible_ids"": [""v1:450"", ""v2:450""], ""snapshot_polls"": 1}"
20260918T142638Z_aefa49a3,451,normal,1789741607.557429,1789741607.5761087,19.266,0,19.266,pass,,independent_snapshot,"{""prerequisite_acknowledged"": true, ""client_b_read_v1"": true, ""dependent_acknowledged"": true, ""visible_ids"": [""v1:451"", ""v2:451""], ""snapshot_polls"": 1}"
20260918T142638Z_aefa49a3,452,normal,1789741607.5768359,1789741607.5973892,20.928,0,20.928,pass,,independent_snapshot,"{""prerequisite_acknowledged"": true, ""client_b_read_v1"": true, ""dependent_acknowledged"": true, ""visible_ids"": [""v1:452"", ""v2:452""], ""snapshot_polls"": 1}"
20260918T142638Z_aefa49a3,453,normal,1789741607.5973892,1789741607.6175647,19.88,0,19.88,pass,,independent_snapshot,"{""prerequisite_acknowledged"": true, ""client_b_read_v1"": true, ""dependent_acknowledged"": true, ""visible_ids"": [""v1:453"", ""v2:453""], ""snapshot_polls"": 1}"
20260918T142638Z_aefa49a3,454,normal,1789741607.6175647,1789741607.6361482,18.836,0,18.836,pass,,independent_snapshot,"{""prerequisite_acknowledged"": true, ""client_b_read_v1"": true, ""dependent_acknowledged"": true, ""visible_ids"": [""v1:454"", ""v2:454""], ""snapshot_polls"": 1}"
20260918T142638Z_aefa49a3,455,normal,1789741607.6367927,1789741607.6584013,21.855,0,21.855,pass,,independent_snapshot,"{""prerequisite_acknowledged"": true, ""client_b_read_v1"": true, ""dependent_acknowledged"": true, ""visible_ids"": [""v1:455"", ""v2:455""], ""snapshot_polls"": 1}"
20260918T142638Z_aefa49a3,456,normal,1789741607.6584013,1789741607.6776638,18.922,0,18.922,pass,,independent_snapshot,"{""prerequisite_acknowledged"": true, ""client_b_read_v1"": true, ""dependent_acknowledged"": true, ""visible_ids"": [""v1:456"", ""v2:456""], ""snapshot_polls"": 1}"
20260918T142638Z_aefa49a3,457,normal,1789741607.6776638,1789741607.6989186,21.233,0,21.233,pass,,independent_snapshot,"{""prerequisite_acknowledged"": true, ""client_b_read_v1"": true, ""dependent_acknowledged"": true, ""visible_ids"": [""v1:457"", ""v2:457""], ""snapshot_polls"": 1}"
20260918T142638Z_aefa49a3,458,normal,1789741607.6989186,1789741607.71845,19.6,0,19.6,pass,,independent_snapshot,"{""prerequisite_acknowledged"": true, ""client_b_read_v1"": true, ""dependent_acknowledged"": true, ""visible_ids"": [""v1:458"", ""v2:458""], ""snapshot_polls"": 1}"
20260918T142638Z_aefa49a3,459,normal,1789741607.71845,1789741607.7375743,19.005,0,19.005,pass,,independent_snapshot,"{""prerequisite_acknowledged"": true, ""client_b_read_v1"": true, ""dependent_acknowledged"": true, ""visible_ids"": [""v1:459"", ""v2:459""], ""snapshot_polls"": 1}"
20260918T142638Z_aefa49a3,460,normal,1789741607.7379122,1789741607.7568557,19.253,0,19.253,pass,,independent_snapshot,"{""prerequisite_acknowledged"": true, ""client_b_read_v1"": true, ""dependent_acknowledged"": true, ""visible_ids"": [""v1:460"", ""v2:460""], ""snapshot_polls"": 1}"
20260918T142638Z_aefa49a3,461,normal,1789741607.7568557,1789741607.776813,19.469,0,19.469,pass,,independent_snapshot,"{""prerequisite_acknowledged"": true, ""client_b_read_v1"": true, ""dependent_acknowledged"": true, ""visible_ids"": [""v1:461"", ""v2:461""], ""snapshot_polls"": 1}"
20260918T142638Z_aefa49a3,462,normal,1789741607.776813,1789741607.7946947,18.323,0,18.323,pass,,independent_snapshot,"{""prerequisite_acknowledged"": true, ""client_b_read_v1"": true, ""dependent_acknowledged"": true, ""visible_ids"": [""v1:462"", ""v2:462""], ""snapshot_polls"": 1}"
20260918T142638Z_aefa49a3,463,normal,1789741607.7953327,1789741607.8163962,21.133,0,21.133,pass,,independent_snapshot,"{""prerequisite_acknowledged"": true, ""client_b_read_v1"": true, ""dependent_acknowledged"": true, ""visible_ids"": [""v1:463"", ""v2:463""], ""snapshot_polls"": 1}"
20260918T142638Z_aefa49a3,464,normal,1789741607.8163962,1789741607.8369684,20.443,0,20.443,pass,,independent_snapshot,"{""prerequisite_acknowledged"": true, ""client_b_read_v1"": true, ""dependent_acknowledged"": true, ""visible_ids"": [""v1:464"", ""v2:464""], ""snapshot_polls"": 1}"
20260918T142638Z_aefa49a3,465,normal,1789741607.8369684,1789741607.8558083,19.062,0,19.062,pass,,independent_snapshot,"{""prerequisite_acknowledged"": true, ""client_b_read_v1"": true, ""dependent_acknowledged"": true, ""visible_ids"": [""v1:465"", ""v2:465""], ""snapshot_polls"": 1}"
20260918T142638Z_aefa49a3,466,normal,1789741607.8563547,1789741607.874807,18.742,0,18.742,pass,,independent_snapshot,"{""prerequisite_acknowledged"": true, ""client_b_read_v1"": true, ""dependent_acknowledged"": true, ""visible_ids"": [""v1:466"", ""v2:466""], ""snapshot_polls"": 1}"
20260918T142638Z_aefa49a3,467,normal,1789741607.874807,1789741607.8948455,20.085,0,20.085,pass,,independent_snapshot,"{""prerequisite_acknowledged"": true, ""client_b_read_v1"": true, ""dependent_acknowledged"": true, ""visible_ids"": [""v1:467"", ""v2:467""], ""snapshot_polls"": 1}"
20260918T142638Z_aefa49a3,468,normal,1789741607.895484,1789741607.9151971,20.066,0,20.066,pass,,independent_snapshot,"{""prerequisite_acknowledged"": true, ""client_b_read_v1"": true, ""dependent_acknowledged"": true, ""visible_ids"": [""v1:468"", ""v2:468""], ""snapshot_polls"": 1}"
20260918T142638Z_aefa49a3,469,normal,1789741607.9151971,1789741607.9347231,19.425,0,19.425,pass,,independent_snapshot,"{""prerequisite_acknowledged"": true, ""client_b_read_v1"": true, ""dependent_acknowledged"": true, ""visible_ids"": [""v1:469"", ""v2:469""], ""snapshot_polls"": 1}"
20260918T142638Z_aefa49a3,470,normal,1789741607.9353442,1789741607.954249,18.933,0,18.933,pass,,independent_snapshot,"{""prerequisite_acknowledged"": true, ""client_b_read_v1"": true, ""dependent_acknowledged"": true, ""visible_ids"": [""v1:470"", ""v2:470""], ""snapshot_polls"": 1}"
20260918T142638Z_aefa49a3,471,normal,1789741607.954249,1789741607.9764836,22.602,0,22.602,pass,,independent_snapshot,"{""prerequisite_acknowledged"": true, ""client_b_read_v1"": true, ""dependent_acknowledged"": true, ""visible_ids"": [""v1:471"", ""v2:471""], ""snapshot_polls"": 1}"
20260918T142638Z_aefa49a3,472,normal,1789741607.9771118,1789741607.9963932,19.275,0,19.275,pass,,independent_snapshot,"{""prerequisite_acknowledged"": true, ""client_b_read_v1"": true, ""dependent_acknowledged"": true, ""visible_ids"": [""v1:472"", ""v2:472""], ""snapshot_polls"": 1}"
20260918T142638Z_aefa49a3,473,normal,1789741607.9963932,1789741608.0167508,20.395,0,20.395,pass,,independent_snapshot,"{""prerequisite_acknowledged"": true, ""client_b_read_v1"": true, ""dependent_acknowledged"": true, ""visible_ids"": [""v1:473"", ""v2:473""], ""snapshot_polls"": 1}"
20260918T142638Z_aefa49a3,474,normal,1789741608.0167508,1789741608.0353892,18.748,0,18.748,pass,,independent_snapshot,"{""prerequisite_acknowledged"": true, ""client_b_read_v1"": true, ""dependent_acknowledged"": true, ""visible_ids"": [""v1:474"", ""v2:474""], ""snapshot_polls"": 1}"
20260918T142638Z_aefa49a3,475,normal,1789741608.0359142,1789741608.055079,19.508,0,19.508,pass,,independent_snapshot,"{""prerequisite_acknowledged"": true, ""client_b_read_v1"": true, ""dependent_acknowledged"": true, ""visible_ids"": [""v1:475"", ""v2:475""], ""snapshot_polls"": 1}"
20260918T142638Z_aefa49a3,476,normal,1789741608.055079,1789741608.0749967,19.726,0,19.726,pass,,independent_snapshot,"{""prerequisite_acknowledged"": true, ""client_b_read_v1"": true, ""dependent_acknowledged"": true, ""visible_ids"": [""v1:476"", ""v2:476""], ""snapshot_polls"": 1}"
20260918T142638Z_aefa49a3,477,normal,1789741608.0749967,1789741608.0932243,17.825,0,17.825,pass,,independent_snapshot,"{""prerequisite_acknowledged"": true, ""client_b_read_v1"": true, ""dependent_acknowledged"": true, ""visible_ids"": [""v1:477"", ""v2:477""], ""snapshot_polls"": 1}"
20260918T142638Z_aefa49a3,478,normal,1789741608.0932243,1789741608.111538,18.671,0,18.671,pass,,independent_snapshot,"{""prerequisite_acknowledged"": true, ""client_b_read_v1"": true, ""dependent_acknowledged"": true, ""visible_ids"": [""v1:478"", ""v2:478""], ""snapshot_polls"": 1}"
20260918T142638Z_aefa49a3,479,normal,1789741608.1121514,1789741608.1339073,21.996,0,21.996,pass,,independent_snapshot,"{""prerequisite_acknowledged"": true, ""client_b_read_v1"": true, ""dependent_acknowledged"": true, ""visible_ids"": [""v1:479"", ""v2:479""], ""snapshot_polls"": 1}"
20260918T142638Z_aefa49a3,480,normal,1789741608.1339073,1789741608.1544309,20.734,0,20.734,pass,,independent_snapshot,"{""prerequisite_acknowledged"": true, ""client_b_read_v1"": true, ""dependent_acknowledged"": true, ""visible_ids"": [""v1:480"", ""v2:480""], ""snapshot_polls"": 1}"
20260918T142638Z_aefa49a3,481,normal,1789741608.1550486,1789741608.1735175,18.83,0,18.83,pass,,independent_snapshot,"{""prerequisite_acknowledged"": true, ""client_b_read_v1"": true, ""dependent_acknowledged"": true, ""visible_ids"": [""v1:481"", ""v2:481""], ""snapshot_polls"": 1}"
20260918T142638Z_aefa49a3,482,normal,1789741608.1735175,1789741608.1927562,18.947,0,18.947,pass,,independent_snapshot,"{""prerequisite_acknowledged"": true, ""client_b_read_v1"": true, ""dependent_acknowledged"": true, ""visible_ids"": [""v1:482"", ""v2:482""], ""snapshot_polls"": 1}"
20260918T142638Z_aefa49a3,483,normal,1789741608.1927562,1789741608.2128146,19.818,0,19.818,pass,,independent_snapshot,"{""prerequisite_acknowledged"": true, ""client_b_read_v1"": true, ""dependent_acknowledged"": true, ""visible_ids"": [""v1:483"", ""v2:483""], ""snapshot_polls"": 1}"
20260918T142638Z_aefa49a3,484,normal,1789741608.2128146,1789741608.233277,20.391,0,20.391,pass,,independent_snapshot,"{""prerequisite_acknowledged"": true, ""client_b_read_v1"": true, ""dependent_acknowledged"": true, ""visible_ids"": [""v1:484"", ""v2:484""], ""snapshot_polls"": 1}"
20260918T142638Z_aefa49a3,485,normal,1789741608.233277,1789741608.2520409,18.543,0,18.543,pass,,independent_snapshot,"{""prerequisite_acknowledged"": true, ""client_b_read_v1"": true, ""dependent_acknowledged"": true, ""visible_ids"": [""v1:485"", ""v2:485""], ""snapshot_polls"": 1}"
20260918T142638Z_aefa49a3,486,normal,1789741608.2520409,1789741608.2719152,20.132,0,20.132,pass,,independent_snapshot,"{""prerequisite_acknowledged"": true, ""client_b_read_v1"": true, ""dependent_acknowledged"": true, ""visible_ids"": [""v1:486"", ""v2:486""], ""snapshot_polls"": 1}"
20260918T142638Z_aefa49a3,487,normal,1789741608.2719152,1789741608.294219,22.198,0,22.198,pass,,independent_snapshot,"{""prerequisite_acknowledged"": true, ""client_b_read_v1"": true, ""dependent_acknowledged"": true, ""visible_ids"": [""v1:487"", ""v2:487""], ""snapshot_polls"": 1}"
20260918T142638Z_aefa49a3,488,normal,1789741608.294219,1789741608.3140883,19.799,0,19.799,pass,,independent_snapshot,"{""prerequisite_acknowledged"": true, ""client_b_read_v1"": true, ""dependent_acknowledged"": true, ""visible_ids"": [""v1:488"", ""v2:488""], ""snapshot_polls"": 1}"
20260918T142638Z_aefa49a3,489,normal,1789741608.3147168,1789741608.3342628,19.899,0,19.899,pass,,independent_snapshot,"{""prerequisite_acknowledged"": true, ""client_b_read_v1"": true, ""dependent_acknowledged"": true, ""visible_ids"": [""v1:489"", ""v2:489""], ""snapshot_polls"": 1}"
20260918T142638Z_aefa49a3,490,normal,1789741608.334826,1789741608.3535695,19.235,0,19.235,pass,,independent_snapshot,"{""prerequisite_acknowledged"": true, ""client_b_read_v1"": true, ""dependent_acknowledged"": true, ""visible_ids"": [""v1:490"", ""v2:490""], ""snapshot_polls"": 1}"
20260918T142638Z_aefa49a3,491,normal,1789741608.354173,1789741608.3727932,18.731,0,18.731,pass,,independent_snapshot,"{""prerequisite_acknowledged"": true, ""client_b_read_v1"": true, ""dependent_acknowledged"": true, ""visible_ids"": [""v1:491"", ""v2:491""], ""snapshot_polls"": 1}"
20260918T142638Z_aefa49a3,492,normal,1789741608.3727932,1789741608.3934772,20.736,0,20.736,pass,,independent_snapshot,"{""prerequisite_acknowledged"": true, ""client_b_read_v1"": true, ""dependent_acknowledged"": true, ""visible_ids"": [""v1:492"", ""v2:492""], ""snapshot_polls"": 1}"
20260918T142638Z_aefa49a3,493,normal,1789741608.3934772,1789741608.4144382,20.96,0,20.96,pass,,independent_snapshot,"{""prerequisite_acknowledged"": true, ""client_b_read_v1"": true, ""dependent_acknowledged"": true, ""visible_ids"": [""v1:493"", ""v2:493""], ""snapshot_polls"": 1}"
20260918T142638Z_aefa49a3,494,normal,1789741608.4144382,1789741608.4349298,20.021,0,20.021,pass,,independent_snapshot,"{""prerequisite_acknowledged"": true, ""client_b_read_v1"": true, ""dependent_acknowledged"": true, ""visible_ids"": [""v1:494"", ""v2:494""], ""snapshot_polls"": 1}"
20260918T142638Z_aefa49a3,495,normal,1789741608.4349298,1789741608.4549816,20.124,0,20.124,pass,,independent_snapshot,"{""prerequisite_acknowledged"": true, ""client_b_read_v1"": true, ""dependent_acknowledged"": true, ""visible_ids"": [""v1:495"", ""v2:495""], ""snapshot_polls"": 1}"
20260918T142638Z_aefa49a3,496,normal,1789741608.4549816,1789741608.4710398,16.126,0,16.126,pass,,independent_snapshot,"{""prerequisite_acknowledged"": true, ""client_b_read_v1"": true, ""dependent_acknowledged"": true, ""visible_ids"": [""v1:496"", ""v2:496""], ""snapshot_polls"": 1}"
20260918T142638Z_aefa49a3,497,normal,1789741608.4710398,1789741608.4897351,18.56,0,18.56,pass,,independent_snapshot,"{""prerequisite_acknowledged"": true, ""client_b_read_v1"": true, ""dependent_acknowledged"": true, ""visible_ids"": [""v1:497"", ""v2:497""], ""snapshot_polls"": 1}"
20260918T142638Z_aefa49a3,498,normal,1789741608.4897351,1789741608.508801,19.099,0,19.099,pass,,independent_snapshot,"{""prerequisite_acknowledged"": true, ""client_b_read_v1"": true, ""dependent_acknowledged"": true, ""visible_ids"": [""v1:498"", ""v2:498""], ""snapshot_polls"": 1}"
20260918T142638Z_aefa49a3,499,normal,1789741608.509358,1789741608.5274997,18.024,0,18.024,pass,,independent_snapshot,"{""prerequisite_acknowledged"": true, ""client_b_read_v1"": true, ""dependent_acknowledged"": true, ""visible_ids"": [""v1:499"", ""v2:499""], ""snapshot_polls"": 1}"
20260918T142638Z_aefa49a3,500,normal,1789741608.5274997,1789741608.5460222,18.483,0,18.483,pass,,independent_snapshot,"{""prerequisite_acknowledged"": true, ""client_b_read_v1"": true, ""dependent_acknowledged"": true, ""visible_ids"": [""v1:500"", ""v2:500""], ""snapshot_polls"": 1}"
20260918T142638Z_aefa49a3,501,normal,1789741608.5489962,1789741608.5668614,17.741,0,17.741,pass,,independent_snapshot,"{""prerequisite_acknowledged"": true, ""client_b_read_v1"": true, ""dependent_acknowledged"": true, ""visible_ids"": [""v1:501"", ""v2:501""], ""snapshot_polls"": 1}"
20260918T142638Z_aefa49a3,502,normal,1789741608.5668614,1789741608.5851133,18.274,0,18.274,pass,,independent_snapshot,"{""prerequisite_acknowledged"": true, ""client_b_read_v1"": true, ""dependent_acknowledged"": true, ""visible_ids"": [""v1:502"", ""v2:502""], ""snapshot_polls"": 1}"
20260918T142638Z_aefa49a3,503,normal,1789741608.5851133,1789741608.6040823,19.014,0,19.014,pass,,independent_snapshot,"{""prerequisite_acknowledged"": true, ""client_b_read_v1"": true, ""dependent_acknowledged"": true, ""visible_ids"": [""v1:503"", ""v2:503""], ""snapshot_polls"": 1}"
20260918T142638Z_aefa49a3,504,normal,1789741608.6040823,1789741608.6228514,18.685,0,18.685,pass,,independent_snapshot,"{""prerequisite_acknowledged"": true, ""client_b_read_v1"": true, ""dependent_acknowledged"": true, ""visible_ids"": [""v1:504"", ""v2:504""], ""snapshot_polls"": 1}"
20260918T142638Z_aefa49a3,505,normal,1789741608.6228514,1789741608.6436236,20.278,0,20.278,pass,,independent_snapshot,"{""prerequisite_acknowledged"": true, ""client_b_read_v1"": true, ""dependent_acknowledged"": true, ""visible_ids"": [""v1:505"", ""v2:505""], ""snapshot_polls"": 1}"
20260918T142638Z_aefa49a3,506,normal,1789741608.6436236,1789741608.662261,18.582,0,18.582,pass,,independent_snapshot,"{""prerequisite_acknowledged"": true, ""client_b_read_v1"": true, ""dependent_acknowledged"": true, ""visible_ids"": [""v1:506"", ""v2:506""], ""snapshot_polls"": 1}"
20260918T142638Z_aefa49a3,507,normal,1789741608.662261,1789741608.6812654,19.071,0,19.071,pass,,independent_snapshot,"{""prerequisite_acknowledged"": true, ""client_b_read_v1"": true, ""dependent_acknowledged"": true, ""visible_ids"": [""v1:507"", ""v2:507""], ""snapshot_polls"": 1}"
20260918T142638Z_aefa49a3,508,normal,1789741608.6812654,1789741608.7002475,19.221,0,19.221,pass,,independent_snapshot,"{""prerequisite_acknowledged"": true, ""client_b_read_v1"": true, ""dependent_acknowledged"": true, ""visible_ids"": [""v1:508"", ""v2:508""], ""snapshot_polls"": 1}"
20260918T142638Z_aefa49a3,509,normal,1789741608.7009819,1789741608.7190018,18.447,0,18.447,pass,,independent_snapshot,"{""prerequisite_acknowledged"": true, ""client_b_read_v1"": true, ""dependent_acknowledged"": true, ""visible_ids"": [""v1:509"", ""v2:509""], ""snapshot_polls"": 1}"
20260918T142638Z_aefa49a3,510,normal,1789741608.7190018,1789741608.7370846,17.928,0,17.928,pass,,independent_snapshot,"{""prerequisite_acknowledged"": true, ""client_b_read_v1"": true, ""dependent_acknowledged"": true, ""visible_ids"": [""v1:510"", ""v2:510""], ""snapshot_polls"": 1}"
20260918T142638Z_aefa49a3,511,normal,1789741608.7370846,1789741608.7569041,19.331,0,19.331,pass,,independent_snapshot,"{""prerequisite_acknowledged"": true, ""client_b_read_v1"": true, ""dependent_acknowledged"": true, ""visible_ids"": [""v1:511"", ""v2:511""], ""snapshot_polls"": 1}"
20260918T142638Z_aefa49a3,512,normal,1789741608.7569041,1789741608.7724767,15.648,0,15.648,pass,,independent_snapshot,"{""prerequisite_acknowledged"": true, ""client_b_read_v1"": true, ""dependent_acknowledged"": true, ""visible_ids"": [""v1:512"", ""v2:512""], ""snapshot_polls"": 1}"
20260918T142638Z_aefa49a3,513,normal,1789741608.7724767,1789741608.7902625,17.775,0,17.775,pass,,independent_snapshot,"{""prerequisite_acknowledged"": true, ""client_b_read_v1"": true, ""dependent_acknowledged"": true, ""visible_ids"": [""v1:513"", ""v2:513""], ""snapshot_polls"": 1}"
20260918T142638Z_aefa49a3,514,normal,1789741608.7902625,1789741608.8082376,17.655,0,17.655,pass,,independent_snapshot,"{""prerequisite_acknowledged"": true, ""client_b_read_v1"": true, ""dependent_acknowledged"": true, ""visible_ids"": [""v1:514"", ""v2:514""], ""snapshot_polls"": 1}"
20260918T142638Z_aefa49a3,515,normal,1789741608.8082376,1789741608.8265364,18.329,0,18.329,pass,,independent_snapshot,"{""prerequisite_acknowledged"": true, ""client_b_read_v1"": true, ""dependent_acknowledged"": true, ""visible_ids"": [""v1:515"", ""v2:515""], ""snapshot_polls"": 1}"
20260918T142638Z_aefa49a3,516,normal,1789741608.8265364,1789741608.8467102,20.169,0,20.169,pass,,independent_snapshot,"{""prerequisite_acknowledged"": true, ""client_b_read_v1"": true, ""dependent_acknowledged"": true, ""visible_ids"": [""v1:516"", ""v2:516""], ""snapshot_polls"": 1}"
20260918T142638Z_aefa49a3,517,normal,1789741608.8467102,1789741608.8664324,19.315,0,19.315,pass,,independent_snapshot,"{""prerequisite_acknowledged"": true, ""client_b_read_v1"": true, ""dependent_acknowledged"": true, ""visible_ids"": [""v1:517"", ""v2:517""], ""snapshot_polls"": 1}"
20260918T142638Z_aefa49a3,518,normal,1789741608.8664324,1789741608.8861043,19.515,0,19.515,pass,,independent_snapshot,"{""prerequisite_acknowledged"": true, ""client_b_read_v1"": true, ""dependent_acknowledged"": true, ""visible_ids"": [""v1:518"", ""v2:518""], ""snapshot_polls"": 1}"
20260918T142638Z_aefa49a3,519,normal,1789741608.8861043,1789741608.906549,20.793,0,20.793,pass,,independent_snapshot,"{""prerequisite_acknowledged"": true, ""client_b_read_v1"": true, ""dependent_acknowledged"": true, ""visible_ids"": [""v1:519"", ""v2:519""], ""snapshot_polls"": 1}"
20260918T142638Z_aefa49a3,520,normal,1789741608.907152,1789741608.9271886,20.094,0,20.094,pass,,independent_snapshot,"{""prerequisite_acknowledged"": true, ""client_b_read_v1"": true, ""dependent_acknowledged"": true, ""visible_ids"": [""v1:520"", ""v2:520""], ""snapshot_polls"": 1}"
20260918T142638Z_aefa49a3,521,normal,1789741608.9271886,1789741608.9472158,20.102,0,20.102,pass,,independent_snapshot,"{""prerequisite_acknowledged"": true, ""client_b_read_v1"": true, ""dependent_acknowledged"": true, ""visible_ids"": [""v1:521"", ""v2:521""], ""snapshot_polls"": 1}"
20260918T142638Z_aefa49a3,522,normal,1789741608.9472158,1789741608.9680152,20.544,0,20.544,pass,,independent_snapshot,"{""prerequisite_acknowledged"": true, ""client_b_read_v1"": true, ""dependent_acknowledged"": true, ""visible_ids"": [""v1:522"", ""v2:522""], ""snapshot_polls"": 1}"
20260918T142638Z_aefa49a3,523,normal,1789741608.9680152,1789741608.9876192,19.592,0,19.592,pass,,independent_snapshot,"{""prerequisite_acknowledged"": true, ""client_b_read_v1"": true, ""dependent_acknowledged"": true, ""visible_ids"": [""v1:523"", ""v2:523""], ""snapshot_polls"": 1}"
20260918T142638Z_aefa49a3,524,normal,1789741608.9876192,1789741609.0076957,19.934,0,19.934,pass,,independent_snapshot,"{""prerequisite_acknowledged"": true, ""client_b_read_v1"": true, ""dependent_acknowledged"": true, ""visible_ids"": [""v1:524"", ""v2:524""], ""snapshot_polls"": 1}"
20260918T142638Z_aefa49a3,525,normal,1789741609.0076957,1789741609.026736,19.043,0,19.043,pass,,independent_snapshot,"{""prerequisite_acknowledged"": true, ""client_b_read_v1"": true, ""dependent_acknowledged"": true, ""visible_ids"": [""v1:525"", ""v2:525""], ""snapshot_polls"": 1}"
20260918T142638Z_aefa49a3,526,normal,1789741609.026736,1789741609.047218,20.108,0,20.108,pass,,independent_snapshot,"{""prerequisite_acknowledged"": true, ""client_b_read_v1"": true, ""dependent_acknowledged"": true, ""visible_ids"": [""v1:526"", ""v2:526""], ""snapshot_polls"": 1}"
20260918T142638Z_aefa49a3,527,normal,1789741609.047218,1789741609.0696182,22.417,0,22.417,pass,,independent_snapshot,"{""prerequisite_acknowledged"": true, ""client_b_read_v1"": true, ""dependent_acknowledged"": true, ""visible_ids"": [""v1:527"", ""v2:527""], ""snapshot_polls"": 1}"
20260918T142638Z_aefa49a3,528,normal,1789741609.0696182,1789741609.0898392,19.953,0,19.953,pass,,independent_snapshot,"{""prerequisite_acknowledged"": true, ""client_b_read_v1"": true, ""dependent_acknowledged"": true, ""visible_ids"": [""v1:528"", ""v2:528""], ""snapshot_polls"": 1}"
20260918T142638Z_aefa49a3,529,normal,1789741609.0898392,1789741609.1088934,19.335,0,19.335,pass,,independent_snapshot,"{""prerequisite_acknowledged"": true, ""client_b_read_v1"": true, ""dependent_acknowledged"": true, ""visible_ids"": [""v1:529"", ""v2:529""], ""snapshot_polls"": 1}"
20260918T142638Z_aefa49a3,530,normal,1789741609.1088934,1789741609.128486,19.606,0,19.606,pass,,independent_snapshot,"{""prerequisite_acknowledged"": true, ""client_b_read_v1"": true, ""dependent_acknowledged"": true, ""visible_ids"": [""v1:530"", ""v2:530""], ""snapshot_polls"": 1}"
20260918T142638Z_aefa49a3,531,normal,1789741609.1290934,1789741609.149284,20.099,0,20.099,pass,,independent_snapshot,"{""prerequisite_acknowledged"": true, ""client_b_read_v1"": true, ""dependent_acknowledged"": true, ""visible_ids"": [""v1:531"", ""v2:531""], ""snapshot_polls"": 1}"
20260918T142638Z_aefa49a3,532,normal,1789741609.149284,1789741609.1710398,21.845,0,21.845,pass,,independent_snapshot,"{""prerequisite_acknowledged"": true, ""client_b_read_v1"": true, ""dependent_acknowledged"": true, ""visible_ids"": [""v1:532"", ""v2:532""], ""snapshot_polls"": 1}"
20260918T142638Z_aefa49a3,533,normal,1789741609.1710398,1789741609.1923318,21.101,0,21.101,pass,,independent_snapshot,"{""prerequisite_acknowledged"": true, ""client_b_read_v1"": true, ""dependent_acknowledged"": true, ""visible_ids"": [""v1:533"", ""v2:533""], ""snapshot_polls"": 1}"
20260918T142638Z_aefa49a3,534,normal,1789741609.1923318,1789741609.2115846,18.992,0,18.992,pass,,independent_snapshot,"{""prerequisite_acknowledged"": true, ""client_b_read_v1"": true, ""dependent_acknowledged"": true, ""visible_ids"": [""v1:534"", ""v2:534""], ""snapshot_polls"": 1}"
20260918T142638Z_aefa49a3,535,normal,1789741609.2115846,1789741609.2361221,24.84,0,24.84,pass,,independent_snapshot,"{""prerequisite_acknowledged"": true, ""client_b_read_v1"": true, ""dependent_acknowledged"": true, ""visible_ids"": [""v1:535"", ""v2:535""], ""snapshot_polls"": 1}"
20260918T142638Z_aefa49a3,536,normal,1789741609.2361221,1789741609.2558093,19.407,0,19.407,pass,,independent_snapshot,"{""prerequisite_acknowledged"": true, ""client_b_read_v1"": true, ""dependent_acknowledged"": true, ""visible_ids"": [""v1:536"", ""v2:536""], ""snapshot_polls"": 1}"
20260918T142638Z_aefa49a3,537,normal,1789741609.2558093,1789741609.2754893,19.357,0,19.357,pass,,independent_snapshot,"{""prerequisite_acknowledged"": true, ""client_b_read_v1"": true, ""dependent_acknowledged"": true, ""visible_ids"": [""v1:537"", ""v2:537""], ""snapshot_polls"": 1}"
20260918T142638Z_aefa49a3,538,normal,1789741609.2754893,1789741609.2952297,19.822,0,19.822,pass,,independent_snapshot,"{""prerequisite_acknowledged"": true, ""client_b_read_v1"": true, ""dependent_acknowledged"": true, ""visible_ids"": [""v1:538"", ""v2:538""], ""snapshot_polls"": 1}"
20260918T142638Z_aefa49a3,539,normal,1789741609.2952297,1789741609.3155007,20.486,0,20.486,pass,,independent_snapshot,"{""prerequisite_acknowledged"": true, ""client_b_read_v1"": true, ""dependent_acknowledged"": true, ""visible_ids"": [""v1:539"", ""v2:539""], ""snapshot_polls"": 1}"
20260918T142638Z_aefa49a3,540,normal,1789741609.3161793,1789741609.3355322,19.79,0,19.79,pass,,independent_snapshot,"{""prerequisite_acknowledged"": true, ""client_b_read_v1"": true, ""dependent_acknowledged"": true, ""visible_ids"": [""v1:540"", ""v2:540""], ""snapshot_polls"": 1}"
20260918T142638Z_aefa49a3,541,normal,1789741609.3361819,1789741609.354226,18.048,0,18.048,pass,,independent_snapshot,"{""prerequisite_acknowledged"": true, ""client_b_read_v1"": true, ""dependent_acknowledged"": true, ""visible_ids"": [""v1:541"", ""v2:541""], ""snapshot_polls"": 1}"
20260918T142638Z_aefa49a3,542,normal,1789741609.354226,1789741609.3747485,20.538,0,20.538,pass,,independent_snapshot,"{""prerequisite_acknowledged"": true, ""client_b_read_v1"": true, ""dependent_acknowledged"": true, ""visible_ids"": [""v1:542"", ""v2:542""], ""snapshot_polls"": 1}"
20260918T142638Z_aefa49a3,543,normal,1789741609.3747485,1789741609.3964176,21.405,0,21.405,pass,,independent_snapshot,"{""prerequisite_acknowledged"": true, ""client_b_read_v1"": true, ""dependent_acknowledged"": true, ""visible_ids"": [""v1:543"", ""v2:543""], ""snapshot_polls"": 1}"
20260918T142638Z_aefa49a3,544,normal,1789741609.3964176,1789741609.4146805,18.55,0,18.55,pass,,independent_snapshot,"{""prerequisite_acknowledged"": true, ""client_b_read_v1"": true, ""dependent_acknowledged"": true, ""visible_ids"": [""v1:544"", ""v2:544""], ""snapshot_polls"": 1}"
20260918T142638Z_aefa49a3,545,normal,1789741609.4146805,1789741609.4348643,20.205,0,20.205,pass,,independent_snapshot,"{""prerequisite_acknowledged"": true, ""client_b_read_v1"": true, ""dependent_acknowledged"": true, ""visible_ids"": [""v1:545"", ""v2:545""], ""snapshot_polls"": 1}"
20260918T142638Z_aefa49a3,546,normal,1789741609.4355009,1789741609.4559581,20.57,0,20.57,pass,,independent_snapshot,"{""prerequisite_acknowledged"": true, ""client_b_read_v1"": true, ""dependent_acknowledged"": true, ""visible_ids"": [""v1:546"", ""v2:546""], ""snapshot_polls"": 1}"
20260918T142638Z_aefa49a3,547,normal,1789741609.4559581,1789741609.4769397,20.847,0,20.847,pass,,independent_snapshot,"{""prerequisite_acknowledged"": true, ""client_b_read_v1"": true, ""dependent_acknowledged"": true, ""visible_ids"": [""v1:547"", ""v2:547""], ""snapshot_polls"": 1}"
20260918T142638Z_aefa49a3,548,normal,1789741609.4769397,1789741609.4993892,22.663,0,22.663,pass,,independent_snapshot,"{""prerequisite_acknowledged"": true, ""client_b_read_v1"": true, ""dependent_acknowledged"": true, ""visible_ids"": [""v1:548"", ""v2:548""], ""snapshot_polls"": 1}"
20260918T142638Z_aefa49a3,549,normal,1789741609.499976,1789741609.5204687,20.427,0,20.427,pass,,independent_snapshot,"{""prerequisite_acknowledged"": true, ""client_b_read_v1"": true, ""dependent_acknowledged"": true, ""visible_ids"": [""v1:549"", ""v2:549""], ""snapshot_polls"": 1}"
20260918T142638Z_aefa49a3,550,normal,1789741609.5204687,1789741609.5399053,19.912,0,19.912,pass,,independent_snapshot,"{""prerequisite_acknowledged"": true, ""client_b_read_v1"": true, ""dependent_acknowledged"": true, ""visible_ids"": [""v1:550"", ""v2:550""], ""snapshot_polls"": 1}"
20260918T142638Z_aefa49a3,551,normal,1789741609.5406456,1789741609.5626545,21.952,0,21.952,pass,,independent_snapshot,"{""prerequisite_acknowledged"": true, ""client_b_read_v1"": true, ""dependent_acknowledged"": true, ""visible_ids"": [""v1:551"", ""v2:551""], ""snapshot_polls"": 1}"
20260918T142638Z_aefa49a3,552,normal,1789741609.5626545,1789741609.5825398,19.854,0,19.854,pass,,independent_snapshot,"{""prerequisite_acknowledged"": true, ""client_b_read_v1"": true, ""dependent_acknowledged"": true, ""visible_ids"": [""v1:552"", ""v2:552""], ""snapshot_polls"": 1}"
20260918T142638Z_aefa49a3,553,normal,1789741609.5825398,1789741609.6016793,19.43,0,19.43,pass,,independent_snapshot,"{""prerequisite_acknowledged"": true, ""client_b_read_v1"": true, ""dependent_acknowledged"": true, ""visible_ids"": [""v1:553"", ""v2:553""], ""snapshot_polls"": 1}"
20260918T142638Z_aefa49a3,554,normal,1789741609.6016793,1789741609.6214378,19.22,0,19.22,pass,,independent_snapshot,"{""prerequisite_acknowledged"": true, ""client_b_read_v1"": true, ""dependent_acknowledged"": true, ""visible_ids"": [""v1:554"", ""v2:554""], ""snapshot_polls"": 1}"
20260918T142638Z_aefa49a3,555,normal,1789741609.6214378,1789741609.6420085,20.83,0,20.83,pass,,independent_snapshot,"{""prerequisite_acknowledged"": true, ""client_b_read_v1"": true, ""dependent_acknowledged"": true, ""visible_ids"": [""v1:555"", ""v2:555""], ""snapshot_polls"": 1}"
20260918T142638Z_aefa49a3,556,normal,1789741609.6420085,1789741609.6610575,19.022,0,19.022,pass,,independent_snapshot,"{""prerequisite_acknowledged"": true, ""client_b_read_v1"": true, ""dependent_acknowledged"": true, ""visible_ids"": [""v1:556"", ""v2:556""], ""snapshot_polls"": 1}"
20260918T142638Z_aefa49a3,557,normal,1789741609.6616733,1789741609.6805677,19.087,0,19.087,pass,,independent_snapshot,"{""prerequisite_acknowledged"": true, ""client_b_read_v1"": true, ""dependent_acknowledged"": true, ""visible_ids"": [""v1:557"", ""v2:557""], ""snapshot_polls"": 1}"
20260918T142638Z_aefa49a3,558,normal,1789741609.6805677,1789741609.7003484,19.783,0,19.783,pass,,independent_snapshot,"{""prerequisite_acknowledged"": true, ""client_b_read_v1"": true, ""dependent_acknowledged"": true, ""visible_ids"": [""v1:558"", ""v2:558""], ""snapshot_polls"": 1}"
20260918T142638Z_aefa49a3,559,normal,1789741609.7003484,1789741609.723001,22.813,0,22.813,pass,,independent_snapshot,"{""prerequisite_acknowledged"": true, ""client_b_read_v1"": true, ""dependent_acknowledged"": true, ""visible_ids"": [""v1:559"", ""v2:559""], ""snapshot_polls"": 1}"
20260918T142638Z_aefa49a3,560,normal,1789741609.723001,1789741609.7429655,19.662,0,19.662,pass,,independent_snapshot,"{""prerequisite_acknowledged"": true, ""client_b_read_v1"": true, ""dependent_acknowledged"": true, ""visible_ids"": [""v1:560"", ""v2:560""], ""snapshot_polls"": 1}"
20260918T142638Z_aefa49a3,561,normal,1789741609.7429655,1789741609.7624085,19.43,0,19.43,pass,,independent_snapshot,"{""prerequisite_acknowledged"": true, ""client_b_read_v1"": true, ""dependent_acknowledged"": true, ""visible_ids"": [""v1:561"", ""v2:561""], ""snapshot_polls"": 1}"
20260918T142638Z_aefa49a3,562,normal,1789741609.7630172,1789741609.7833955,20.326,0,20.326,pass,,independent_snapshot,"{""prerequisite_acknowledged"": true, ""client_b_read_v1"": true, ""dependent_acknowledged"": true, ""visible_ids"": [""v1:562"", ""v2:562""], ""snapshot_polls"": 1}"
20260918T142638Z_aefa49a3,563,normal,1789741609.7833955,1789741609.8032966,20.188,0,20.188,pass,,independent_snapshot,"{""prerequisite_acknowledged"": true, ""client_b_read_v1"": true, ""dependent_acknowledged"": true, ""visible_ids"": [""v1:563"", ""v2:563""], ""snapshot_polls"": 1}"
20260918T142638Z_aefa49a3,564,normal,1789741609.8032966,1789741609.8244398,20.801,0,20.801,pass,,independent_snapshot,"{""prerequisite_acknowledged"": true, ""client_b_read_v1"": true, ""dependent_acknowledged"": true, ""visible_ids"": [""v1:564"", ""v2:564""], ""snapshot_polls"": 1}"
20260918T142638Z_aefa49a3,565,normal,1789741609.8244398,1789741609.8427136,18.55,0,18.55,pass,,independent_snapshot,"{""prerequisite_acknowledged"": true, ""client_b_read_v1"": true, ""dependent_acknowledged"": true, ""visible_ids"": [""v1:565"", ""v2:565""], ""snapshot_polls"": 1}"
20260918T142638Z_aefa49a3,566,normal,1789741609.843324,1789741609.862027,18.618,0,18.618,pass,,independent_snapshot,"{""prerequisite_acknowledged"": true, ""client_b_read_v1"": true, ""dependent_acknowledged"": true, ""visible_ids"": [""v1:566"", ""v2:566""], ""snapshot_polls"": 1}"
20260918T142638Z_aefa49a3,567,normal,1789741609.862027,1789741609.885899,24.145,0,24.145,pass,,independent_snapshot,"{""prerequisite_acknowledged"": true, ""client_b_read_v1"": true, ""dependent_acknowledged"": true, ""visible_ids"": [""v1:567"", ""v2:567""], ""snapshot_polls"": 1}"
20260918T142638Z_aefa49a3,568,normal,1789741609.885899,1789741609.9057655,19.408,0,19.408,pass,,independent_snapshot,"{""prerequisite_acknowledged"": true, ""client_b_read_v1"": true, ""dependent_acknowledged"": true, ""visible_ids"": [""v1:568"", ""v2:568""], ""snapshot_polls"": 1}"
20260918T142638Z_aefa49a3,569,normal,1789741609.9057655,1789741609.9273684,21.498,0,21.498,pass,,independent_snapshot,"{""prerequisite_acknowledged"": true, ""client_b_read_v1"": true, ""dependent_acknowledged"": true, ""visible_ids"": [""v1:569"", ""v2:569""], ""snapshot_polls"": 1}"
20260918T142638Z_aefa49a3,570,normal,1789741609.9273684,1789741609.946332,18.848,0,18.848,pass,,independent_snapshot,"{""prerequisite_acknowledged"": true, ""client_b_read_v1"": true, ""dependent_acknowledged"": true, ""visible_ids"": [""v1:570"", ""v2:570""], ""snapshot_polls"": 1}"
20260918T142638Z_aefa49a3,571,normal,1789741609.946332,1789741609.9671967,20.785,0,20.785,pass,,independent_snapshot,"{""prerequisite_acknowledged"": true, ""client_b_read_v1"": true, ""dependent_acknowledged"": true, ""visible_ids"": [""v1:571"", ""v2:571""], ""snapshot_polls"": 1}"
20260918T142638Z_aefa49a3,572,normal,1789741609.9671967,1789741609.9874918,20.371,0,20.371,pass,,independent_snapshot,"{""prerequisite_acknowledged"": true, ""client_b_read_v1"": true, ""dependent_acknowledged"": true, ""visible_ids"": [""v1:572"", ""v2:572""], ""snapshot_polls"": 1}"
20260918T142638Z_aefa49a3,573,normal,1789741609.9874918,1789741610.0079844,20.163,0,20.163,pass,,independent_snapshot,"{""prerequisite_acknowledged"": true, ""client_b_read_v1"": true, ""dependent_acknowledged"": true, ""visible_ids"": [""v1:573"", ""v2:573""], ""snapshot_polls"": 1}"
20260918T142638Z_aefa49a3,574,normal,1789741610.0079844,1789741610.0262566,17.935,0,17.935,pass,,independent_snapshot,"{""prerequisite_acknowledged"": true, ""client_b_read_v1"": true, ""dependent_acknowledged"": true, ""visible_ids"": [""v1:574"", ""v2:574""], ""snapshot_polls"": 1}"
20260918T142638Z_aefa49a3,575,normal,1789741610.0262566,1789741610.0484633,22.593,0,22.593,pass,,independent_snapshot,"{""prerequisite_acknowledged"": true, ""client_b_read_v1"": true, ""dependent_acknowledged"": true, ""visible_ids"": [""v1:575"", ""v2:575""], ""snapshot_polls"": 1}"
20260918T142638Z_aefa49a3,576,normal,1789741610.0490677,1789741610.0682654,18.997,0,18.997,pass,,independent_snapshot,"{""prerequisite_acknowledged"": true, ""client_b_read_v1"": true, ""dependent_acknowledged"": true, ""visible_ids"": [""v1:576"", ""v2:576""], ""snapshot_polls"": 1}"
20260918T142638Z_aefa49a3,577,normal,1789741610.0682654,1789741610.087142,18.945,0,18.945,pass,,independent_snapshot,"{""prerequisite_acknowledged"": true, ""client_b_read_v1"": true, ""dependent_acknowledged"": true, ""visible_ids"": [""v1:577"", ""v2:577""], ""snapshot_polls"": 1}"
20260918T142638Z_aefa49a3,578,normal,1789741610.087142,1789741610.1058798,18.483,0,18.483,pass,,independent_snapshot,"{""prerequisite_acknowledged"": true, ""client_b_read_v1"": true, ""dependent_acknowledged"": true, ""visible_ids"": [""v1:578"", ""v2:578""], ""snapshot_polls"": 1}"
20260918T142638Z_aefa49a3,579,normal,1789741610.1058798,1789741610.1239831,18.516,0,18.516,pass,,independent_snapshot,"{""prerequisite_acknowledged"": true, ""client_b_read_v1"": true, ""dependent_acknowledged"": true, ""visible_ids"": [""v1:579"", ""v2:579""], ""snapshot_polls"": 1}"
20260918T142638Z_aefa49a3,580,normal,1789741610.1245983,1789741610.1435497,18.955,0,18.955,pass,,independent_snapshot,"{""prerequisite_acknowledged"": true, ""client_b_read_v1"": true, ""dependent_acknowledged"": true, ""visible_ids"": [""v1:580"", ""v2:580""], ""snapshot_polls"": 1}"
20260918T142638Z_aefa49a3,581,normal,1789741610.1435497,1789741610.1621897,18.983,0,18.983,pass,,independent_snapshot,"{""prerequisite_acknowledged"": true, ""client_b_read_v1"": true, ""dependent_acknowledged"": true, ""visible_ids"": [""v1:581"", ""v2:581""], ""snapshot_polls"": 1}"
20260918T142638Z_aefa49a3,582,normal,1789741610.1627502,1789741610.1827102,20.226,0,20.226,pass,,independent_snapshot,"{""prerequisite_acknowledged"": true, ""client_b_read_v1"": true, ""dependent_acknowledged"": true, ""visible_ids"": [""v1:582"", ""v2:582""], ""snapshot_polls"": 1}"
20260918T142638Z_aefa49a3,583,normal,1789741610.1827102,1789741610.2038827,21.055,0,21.055,pass,,independent_snapshot,"{""prerequisite_acknowledged"": true, ""client_b_read_v1"": true, ""dependent_acknowledged"": true, ""visible_ids"": [""v1:583"", ""v2:583""], ""snapshot_polls"": 1}"
20260918T142638Z_aefa49a3,584,normal,1789741610.2038827,1789741610.224605,20.263,0,20.263,pass,,independent_snapshot,"{""prerequisite_acknowledged"": true, ""client_b_read_v1"": true, ""dependent_acknowledged"": true, ""visible_ids"": [""v1:584"", ""v2:584""], ""snapshot_polls"": 1}"
20260918T142638Z_aefa49a3,585,normal,1789741610.224605,1789741610.2466195,21.975,0,21.975,pass,,independent_snapshot,"{""prerequisite_acknowledged"": true, ""client_b_read_v1"": true, ""dependent_acknowledged"": true, ""visible_ids"": [""v1:585"", ""v2:585""], ""snapshot_polls"": 1}"
20260918T142638Z_aefa49a3,586,normal,1789741610.2466195,1789741610.266797,20.313,0,20.313,pass,,independent_snapshot,"{""prerequisite_acknowledged"": true, ""client_b_read_v1"": true, ""dependent_acknowledged"": true, ""visible_ids"": [""v1:586"", ""v2:586""], ""snapshot_polls"": 1}"
20260918T142638Z_aefa49a3,587,normal,1789741610.266797,1789741610.2862306,19.452,0,19.452,pass,,independent_snapshot,"{""prerequisite_acknowledged"": true, ""client_b_read_v1"": true, ""dependent_acknowledged"": true, ""visible_ids"": [""v1:587"", ""v2:587""], ""snapshot_polls"": 1}"
20260918T142638Z_aefa49a3,588,normal,1789741610.2862306,1789741610.3056738,19.063,0,19.063,pass,,independent_snapshot,"{""prerequisite_acknowledged"": true, ""client_b_read_v1"": true, ""dependent_acknowledged"": true, ""visible_ids"": [""v1:588"", ""v2:588""], ""snapshot_polls"": 1}"
20260918T142638Z_aefa49a3,589,normal,1789741610.3056738,1789741610.3244607,18.765,0,18.765,pass,,independent_snapshot,"{""prerequisite_acknowledged"": true, ""client_b_read_v1"": true, ""dependent_acknowledged"": true, ""visible_ids"": [""v1:589"", ""v2:589""], ""snapshot_polls"": 1}"
20260918T142638Z_aefa49a3,590,normal,1789741610.3244607,1789741610.3451502,20.578,0,20.578,pass,,independent_snapshot,"{""prerequisite_acknowledged"": true, ""client_b_read_v1"": true, ""dependent_acknowledged"": true, ""visible_ids"": [""v1:590"", ""v2:590""], ""snapshot_polls"": 1}"
20260918T142638Z_aefa49a3,591,normal,1789741610.3451502,1789741610.3675108,22.069,0,22.069,pass,,independent_snapshot,"{""prerequisite_acknowledged"": true, ""client_b_read_v1"": true, ""dependent_acknowledged"": true, ""visible_ids"": [""v1:591"", ""v2:591""], ""snapshot_polls"": 1}"
20260918T142638Z_aefa49a3,592,normal,1789741610.3675108,1789741610.3867772,19.205,0,19.205,pass,,independent_snapshot,"{""prerequisite_acknowledged"": true, ""client_b_read_v1"": true, ""dependent_acknowledged"": true, ""visible_ids"": [""v1:592"", ""v2:592""], ""snapshot_polls"": 1}"
20260918T142638Z_aefa49a3,593,normal,1789741610.3871531,1789741610.4057548,18.593,0,18.593,pass,,independent_snapshot,"{""prerequisite_acknowledged"": true, ""client_b_read_v1"": true, ""dependent_acknowledged"": true, ""visible_ids"": [""v1:593"", ""v2:593""], ""snapshot_polls"": 1}"
20260918T142638Z_aefa49a3,594,normal,1789741610.4057548,1789741610.4267673,21.066,0,21.066,pass,,independent_snapshot,"{""prerequisite_acknowledged"": true, ""client_b_read_v1"": true, ""dependent_acknowledged"": true, ""visible_ids"": [""v1:594"", ""v2:594""], ""snapshot_polls"": 1}"
20260918T142638Z_aefa49a3,595,normal,1789741610.4267673,1789741610.4454129,18.684,0,18.684,pass,,independent_snapshot,"{""prerequisite_acknowledged"": true, ""client_b_read_v1"": true, ""dependent_acknowledged"": true, ""visible_ids"": [""v1:595"", ""v2:595""], ""snapshot_polls"": 1}"
20260918T142638Z_aefa49a3,596,normal,1789741610.4459894,1789741610.4672616,21.406,0,21.406,pass,,independent_snapshot,"{""prerequisite_acknowledged"": true, ""client_b_read_v1"": true, ""dependent_acknowledged"": true, ""visible_ids"": [""v1:596"", ""v2:596""], ""snapshot_polls"": 1}"
20260918T142638Z_aefa49a3,597,normal,1789741610.4672616,1789741610.487899,20.35,0,20.35,pass,,independent_snapshot,"{""prerequisite_acknowledged"": true, ""client_b_read_v1"": true, ""dependent_acknowledged"": true, ""visible_ids"": [""v1:597"", ""v2:597""], ""snapshot_polls"": 1}"
20260918T142638Z_aefa49a3,598,normal,1789741610.487899,1789741610.5076692,19.92,0,19.92,pass,,independent_snapshot,"{""prerequisite_acknowledged"": true, ""client_b_read_v1"": true, ""dependent_acknowledged"": true, ""visible_ids"": [""v1:598"", ""v2:598""], ""snapshot_polls"": 1}"
20260918T142638Z_aefa49a3,599,normal,1789741610.5076692,1789741610.5295155,21.968,0,21.968,pass,,independent_snapshot,"{""prerequisite_acknowledged"": true, ""client_b_read_v1"": true, ""dependent_acknowledged"": true, ""visible_ids"": [""v1:599"", ""v2:599""], ""snapshot_polls"": 1}"
20260918T142638Z_aefa49a3,600,normal,1789741610.5300758,1789741610.5506315,20.6,0,20.6,pass,,independent_snapshot,"{""prerequisite_acknowledged"": true, ""client_b_read_v1"": true, ""dependent_acknowledged"": true, ""visible_ids"": [""v1:600"", ""v2:600""], ""snapshot_polls"": 1}"
20260918T142638Z_aefa49a3,601,normal,1789741610.5544927,1789741610.575613,21.243,0,21.243,pass,,independent_snapshot,"{""prerequisite_acknowledged"": true, ""client_b_read_v1"": true, ""dependent_acknowledged"": true, ""visible_ids"": [""v1:601"", ""v2:601""], ""snapshot_polls"": 1}"
20260918T142638Z_aefa49a3,602,normal,1789741610.5762334,1789741610.594908,18.832,0,18.832,pass,,independent_snapshot,"{""prerequisite_acknowledged"": true, ""client_b_read_v1"": true, ""dependent_acknowledged"": true, ""visible_ids"": [""v1:602"", ""v2:602""], ""snapshot_polls"": 1}"
20260918T142638Z_aefa49a3,603,normal,1789741610.594908,1789741610.6151867,20.041,0,20.041,pass,,independent_snapshot,"{""prerequisite_acknowledged"": true, ""client_b_read_v1"": true, ""dependent_acknowledged"": true, ""visible_ids"": [""v1:603"", ""v2:603""], ""snapshot_polls"": 1}"
20260918T142638Z_aefa49a3,604,normal,1789741610.6151867,1789741610.6353102,20.053,0,20.053,pass,,independent_snapshot,"{""prerequisite_acknowledged"": true, ""client_b_read_v1"": true, ""dependent_acknowledged"": true, ""visible_ids"": [""v1:604"", ""v2:604""], ""snapshot_polls"": 1}"
20260918T142638Z_aefa49a3,605,normal,1789741610.6353102,1789741610.6546743,19.301,0,19.301,pass,,independent_snapshot,"{""prerequisite_acknowledged"": true, ""client_b_read_v1"": true, ""dependent_acknowledged"": true, ""visible_ids"": [""v1:605"", ""v2:605""], ""snapshot_polls"": 1}"
20260918T142638Z_aefa49a3,606,normal,1789741610.6546743,1789741610.674703,19.666,0,19.666,pass,,independent_snapshot,"{""prerequisite_acknowledged"": true, ""client_b_read_v1"": true, ""dependent_acknowledged"": true, ""visible_ids"": [""v1:606"", ""v2:606""], ""snapshot_polls"": 1}"
20260918T142638Z_aefa49a3,607,normal,1789741610.674703,1789741610.6977365,23.079,0,23.079,pass,,independent_snapshot,"{""prerequisite_acknowledged"": true, ""client_b_read_v1"": true, ""dependent_acknowledged"": true, ""visible_ids"": [""v1:607"", ""v2:607""], ""snapshot_polls"": 1}"
20260918T142638Z_aefa49a3,608,normal,1789741610.6977365,1789741610.7175555,20.134,0,20.134,pass,,independent_snapshot,"{""prerequisite_acknowledged"": true, ""client_b_read_v1"": true, ""dependent_acknowledged"": true, ""visible_ids"": [""v1:608"", ""v2:608""], ""snapshot_polls"": 1}"
20260918T142638Z_aefa49a3,609,normal,1789741610.7181914,1789741610.7373266,19.48,0,19.48,pass,,independent_snapshot,"{""prerequisite_acknowledged"": true, ""client_b_read_v1"": true, ""dependent_acknowledged"": true, ""visible_ids"": [""v1:609"", ""v2:609""], ""snapshot_polls"": 1}"
20260918T142638Z_aefa49a3,610,normal,1789741610.7373266,1789741610.7573957,19.611,0,19.611,pass,,independent_snapshot,"{""prerequisite_acknowledged"": true, ""client_b_read_v1"": true, ""dependent_acknowledged"": true, ""visible_ids"": [""v1:610"", ""v2:610""], ""snapshot_polls"": 1}"
20260918T142638Z_aefa49a3,611,normal,1789741610.7573957,1789741610.7756052,18.64,0,18.64,pass,,independent_snapshot,"{""prerequisite_acknowledged"": true, ""client_b_read_v1"": true, ""dependent_acknowledged"": true, ""visible_ids"": [""v1:611"", ""v2:611""], ""snapshot_polls"": 1}"
20260918T142638Z_aefa49a3,612,normal,1789741610.776217,1789741610.7970917,20.759,0,20.759,pass,,independent_snapshot,"{""prerequisite_acknowledged"": true, ""client_b_read_v1"": true, ""dependent_acknowledged"": true, ""visible_ids"": [""v1:612"", ""v2:612""], ""snapshot_polls"": 1}"
20260918T142638Z_aefa49a3,613,normal,1789741610.7970917,1789741610.8160052,18.924,0,18.924,pass,,independent_snapshot,"{""prerequisite_acknowledged"": true, ""client_b_read_v1"": true, ""dependent_acknowledged"": true, ""visible_ids"": [""v1:613"", ""v2:613""], ""snapshot_polls"": 1}"
20260918T142638Z_aefa49a3,614,normal,1789741610.8160052,1789741610.8344991,18.452,0,18.452,pass,,independent_snapshot,"{""prerequisite_acknowledged"": true, ""client_b_read_v1"": true, ""dependent_acknowledged"": true, ""visible_ids"": [""v1:614"", ""v2:614""], ""snapshot_polls"": 1}"
20260918T142638Z_aefa49a3,615,normal,1789741610.8344991,1789741610.855799,21.172,0,21.172,pass,,independent_snapshot,"{""prerequisite_acknowledged"": true, ""client_b_read_v1"": true, ""dependent_acknowledged"": true, ""visible_ids"": [""v1:615"", ""v2:615""], ""snapshot_polls"": 1}"
20260918T142638Z_aefa49a3,616,normal,1789741610.855799,1789741610.874339,18.464,0,18.464,pass,,independent_snapshot,"{""prerequisite_acknowledged"": true, ""client_b_read_v1"": true, ""dependent_acknowledged"": true, ""visible_ids"": [""v1:616"", ""v2:616""], ""snapshot_polls"": 1}"
20260918T142638Z_aefa49a3,617,normal,1789741610.874339,1789741610.8936493,19.083,0,19.083,pass,,independent_snapshot,"{""prerequisite_acknowledged"": true, ""client_b_read_v1"": true, ""dependent_acknowledged"": true, ""visible_ids"": [""v1:617"", ""v2:617""], ""snapshot_polls"": 1}"
20260918T142638Z_aefa49a3,618,normal,1789741610.8936493,1789741610.9130478,19.35,0,19.35,pass,,independent_snapshot,"{""prerequisite_acknowledged"": true, ""client_b_read_v1"": true, ""dependent_acknowledged"": true, ""visible_ids"": [""v1:618"", ""v2:618""], ""snapshot_polls"": 1}"
20260918T142638Z_aefa49a3,619,normal,1789741610.9130478,1789741610.9318686,18.706,0,18.706,pass,,independent_snapshot,"{""prerequisite_acknowledged"": true, ""client_b_read_v1"": true, ""dependent_acknowledged"": true, ""visible_ids"": [""v1:619"", ""v2:619""], ""snapshot_polls"": 1}"
20260918T142638Z_aefa49a3,620,normal,1789741610.9321737,1789741610.9516945,19.977,0,19.977,pass,,independent_snapshot,"{""prerequisite_acknowledged"": true, ""client_b_read_v1"": true, ""dependent_acknowledged"": true, ""visible_ids"": [""v1:620"", ""v2:620""], ""snapshot_polls"": 1}"
20260918T142638Z_aefa49a3,621,normal,1789741610.9516945,1789741610.970951,18.871,0,18.871,pass,,independent_snapshot,"{""prerequisite_acknowledged"": true, ""client_b_read_v1"": true, ""dependent_acknowledged"": true, ""visible_ids"": [""v1:621"", ""v2:621""], ""snapshot_polls"": 1}"
20260918T142638Z_aefa49a3,622,normal,1789741610.970951,1789741610.9905176,19.262,0,19.262,pass,,independent_snapshot,"{""prerequisite_acknowledged"": true, ""client_b_read_v1"": true, ""dependent_acknowledged"": true, ""visible_ids"": [""v1:622"", ""v2:622""], ""snapshot_polls"": 1}"
20260918T142638Z_aefa49a3,623,normal,1789741610.9905176,1789741611.0119221,21.761,0,21.761,pass,,independent_snapshot,"{""prerequisite_acknowledged"": true, ""client_b_read_v1"": true, ""dependent_acknowledged"": true, ""visible_ids"": [""v1:623"", ""v2:623""], ""snapshot_polls"": 1}"
20260918T142638Z_aefa49a3,624,normal,1789741611.0119221,1789741611.0314128,19.447,0,19.447,pass,,independent_snapshot,"{""prerequisite_acknowledged"": true, ""client_b_read_v1"": true, ""dependent_acknowledged"": true, ""visible_ids"": [""v1:624"", ""v2:624""], ""snapshot_polls"": 1}"
20260918T142638Z_aefa49a3,625,normal,1789741611.0319912,1789741611.0509067,18.925,0,18.925,pass,,independent_snapshot,"{""prerequisite_acknowledged"": true, ""client_b_read_v1"": true, ""dependent_acknowledged"": true, ""visible_ids"": [""v1:625"", ""v2:625""], ""snapshot_polls"": 1}"
20260918T142638Z_aefa49a3,626,normal,1789741611.0509067,1789741611.0693295,18.7,0,18.7,pass,,independent_snapshot,"{""prerequisite_acknowledged"": true, ""client_b_read_v1"": true, ""dependent_acknowledged"": true, ""visible_ids"": [""v1:626"", ""v2:626""], ""snapshot_polls"": 1}"
20260918T142638Z_aefa49a3,627,normal,1789741611.0693295,1789741611.0889,19.232,0,19.232,pass,,independent_snapshot,"{""prerequisite_acknowledged"": true, ""client_b_read_v1"": true, ""dependent_acknowledged"": true, ""visible_ids"": [""v1:627"", ""v2:627""], ""snapshot_polls"": 1}"
20260918T142638Z_aefa49a3,628,normal,1789741611.0889,1789741611.1095896,20.574,0,20.574,pass,,independent_snapshot,"{""prerequisite_acknowledged"": true, ""client_b_read_v1"": true, ""dependent_acknowledged"": true, ""visible_ids"": [""v1:628"", ""v2:628""], ""snapshot_polls"": 1}"
20260918T142638Z_aefa49a3,629,normal,1789741611.1095896,1789741611.1291063,19.239,0,19.239,pass,,independent_snapshot,"{""prerequisite_acknowledged"": true, ""client_b_read_v1"": true, ""dependent_acknowledged"": true, ""visible_ids"": [""v1:629"", ""v2:629""], ""snapshot_polls"": 1}"
20260918T142638Z_aefa49a3,630,normal,1789741611.1291063,1789741611.1476352,18.393,0,18.393,pass,,independent_snapshot,"{""prerequisite_acknowledged"": true, ""client_b_read_v1"": true, ""dependent_acknowledged"": true, ""visible_ids"": [""v1:630"", ""v2:630""], ""snapshot_polls"": 1}"
20260918T142638Z_aefa49a3,631,normal,1789741611.1476352,1789741611.1689298,21.208,0,21.208,pass,,independent_snapshot,"{""prerequisite_acknowledged"": true, ""client_b_read_v1"": true, ""dependent_acknowledged"": true, ""visible_ids"": [""v1:631"", ""v2:631""], ""snapshot_polls"": 1}"
20260918T142638Z_aefa49a3,632,normal,1789741611.1689298,1789741611.1876764,18.556,0,18.556,pass,,independent_snapshot,"{""prerequisite_acknowledged"": true, ""client_b_read_v1"": true, ""dependent_acknowledged"": true, ""visible_ids"": [""v1:632"", ""v2:632""], ""snapshot_polls"": 1}"
20260918T142638Z_aefa49a3,633,normal,1789741611.1876764,1789741611.209479,22.137,0,22.137,pass,,independent_snapshot,"{""prerequisite_acknowledged"": true, ""client_b_read_v1"": true, ""dependent_acknowledged"": true, ""visible_ids"": [""v1:633"", ""v2:633""], ""snapshot_polls"": 1}"
20260918T142638Z_aefa49a3,634,normal,1789741611.2100792,1789741611.2292497,19.454,0,19.454,pass,,independent_snapshot,"{""prerequisite_acknowledged"": true, ""client_b_read_v1"": true, ""dependent_acknowledged"": true, ""visible_ids"": [""v1:634"", ""v2:634""], ""snapshot_polls"": 1}"
20260918T142638Z_aefa49a3,635,normal,1789741611.2292497,1789741611.2480788,18.765,0,18.765,pass,,independent_snapshot,"{""prerequisite_acknowledged"": true, ""client_b_read_v1"": true, ""dependent_acknowledged"": true, ""visible_ids"": [""v1:635"", ""v2:635""], ""snapshot_polls"": 1}"
20260918T142638Z_aefa49a3,636,normal,1789741611.2480788,1789741611.2679245,19.415,0,19.415,pass,,independent_snapshot,"{""prerequisite_acknowledged"": true, ""client_b_read_v1"": true, ""dependent_acknowledged"": true, ""visible_ids"": [""v1:636"", ""v2:636""], ""snapshot_polls"": 1}"
20260918T142638Z_aefa49a3,637,normal,1789741611.2679245,1789741611.286308,18.819,0,18.819,pass,,independent_snapshot,"{""prerequisite_acknowledged"": true, ""client_b_read_v1"": true, ""dependent_acknowledged"": true, ""visible_ids"": [""v1:637"", ""v2:637""], ""snapshot_polls"": 1}"
20260918T142638Z_aefa49a3,638,normal,1789741611.2869186,1789741611.3066208,19.777,0,19.777,pass,,independent_snapshot,"{""prerequisite_acknowledged"": true, ""client_b_read_v1"": true, ""dependent_acknowledged"": true, ""visible_ids"": [""v1:638"", ""v2:638""], ""snapshot_polls"": 1}"
20260918T142638Z_aefa49a3,639,normal,1789741611.3066208,1789741611.328878,22.556,0,22.556,pass,,independent_snapshot,"{""prerequisite_acknowledged"": true, ""client_b_read_v1"": true, ""dependent_acknowledged"": true, ""visible_ids"": [""v1:639"", ""v2:639""], ""snapshot_polls"": 1}"
20260918T142638Z_aefa49a3,640,normal,1789741611.3294835,1789741611.3501706,20.506,0,20.506,pass,,independent_snapshot,"{""prerequisite_acknowledged"": true, ""client_b_read_v1"": true, ""dependent_acknowledged"": true, ""visible_ids"": [""v1:640"", ""v2:640""], ""snapshot_polls"": 1}"
20260918T142638Z_aefa49a3,641,normal,1789741611.3501706,1789741611.369129,19.137,0,19.137,pass,,independent_snapshot,"{""prerequisite_acknowledged"": true, ""client_b_read_v1"": true, ""dependent_acknowledged"": true, ""visible_ids"": [""v1:641"", ""v2:641""], ""snapshot_polls"": 1}"
20260918T142638Z_aefa49a3,642,normal,1789741611.369129,1789741611.3885448,19.418,0,19.418,pass,,independent_snapshot,"{""prerequisite_acknowledged"": true, ""client_b_read_v1"": true, ""dependent_acknowledged"": true, ""visible_ids"": [""v1:642"", ""v2:642""], ""snapshot_polls"": 1}"
20260918T142638Z_aefa49a3,643,normal,1789741611.3890567,1789741611.4069767,18.21,0,18.21,pass,,independent_snapshot,"{""prerequisite_acknowledged"": true, ""client_b_read_v1"": true, ""dependent_acknowledged"": true, ""visible_ids"": [""v1:643"", ""v2:643""], ""snapshot_polls"": 1}"
20260918T142638Z_aefa49a3,644,normal,1789741611.4069767,1789741611.428352,21.318,0,21.318,pass,,independent_snapshot,"{""prerequisite_acknowledged"": true, ""client_b_read_v1"": true, ""dependent_acknowledged"": true, ""visible_ids"": [""v1:644"", ""v2:644""], ""snapshot_polls"": 1}"
20260918T142638Z_aefa49a3,645,normal,1789741611.4288638,1789741611.44776,18.743,0,18.743,pass,,independent_snapshot,"{""prerequisite_acknowledged"": true, ""client_b_read_v1"": true, ""dependent_acknowledged"": true, ""visible_ids"": [""v1:645"", ""v2:645""], ""snapshot_polls"": 1}"
20260918T142638Z_aefa49a3,646,normal,1789741611.44776,1789741611.4663444,18.382,0,18.382,pass,,independent_snapshot,"{""prerequisite_acknowledged"": true, ""client_b_read_v1"": true, ""dependent_acknowledged"": true, ""visible_ids"": [""v1:646"", ""v2:646""], ""snapshot_polls"": 1}"
20260918T142638Z_aefa49a3,647,normal,1789741611.4663444,1789741611.4879987,21.475,0,21.475,pass,,independent_snapshot,"{""prerequisite_acknowledged"": true, ""client_b_read_v1"": true, ""dependent_acknowledged"": true, ""visible_ids"": [""v1:647"", ""v2:647""], ""snapshot_polls"": 1}"
20260918T142638Z_aefa49a3,648,normal,1789741611.4879987,1789741611.507789,20.244,0,20.244,pass,,independent_snapshot,"{""prerequisite_acknowledged"": true, ""client_b_read_v1"": true, ""dependent_acknowledged"": true, ""visible_ids"": [""v1:648"", ""v2:648""], ""snapshot_polls"": 1}"
20260918T142638Z_aefa49a3,649,normal,1789741611.5085652,1789741611.5314949,23.091,0,23.091,pass,,independent_snapshot,"{""prerequisite_acknowledged"": true, ""client_b_read_v1"": true, ""dependent_acknowledged"": true, ""visible_ids"": [""v1:649"", ""v2:649""], ""snapshot_polls"": 1}"
20260918T142638Z_aefa49a3,650,normal,1789741611.5314949,1789741611.5512514,19.799,0,19.799,pass,,independent_snapshot,"{""prerequisite_acknowledged"": true, ""client_b_read_v1"": true, ""dependent_acknowledged"": true, ""visible_ids"": [""v1:650"", ""v2:650""], ""snapshot_polls"": 1}"
20260918T142638Z_aefa49a3,651,normal,1789741611.5512514,1789741611.571946,20.825,0,20.825,pass,,independent_snapshot,"{""prerequisite_acknowledged"": true, ""client_b_read_v1"": true, ""dependent_acknowledged"": true, ""visible_ids"": [""v1:651"", ""v2:651""], ""snapshot_polls"": 1}"
20260918T142638Z_aefa49a3,652,normal,1789741611.5726337,1789741611.5928612,20.806,0,20.806,pass,,independent_snapshot,"{""prerequisite_acknowledged"": true, ""client_b_read_v1"": true, ""dependent_acknowledged"": true, ""visible_ids"": [""v1:652"", ""v2:652""], ""snapshot_polls"": 1}"
20260918T142638Z_aefa49a3,653,normal,1789741611.593459,1789741611.6129189,19.461,0,19.461,pass,,independent_snapshot,"{""prerequisite_acknowledged"": true, ""client_b_read_v1"": true, ""dependent_acknowledged"": true, ""visible_ids"": [""v1:653"", ""v2:653""], ""snapshot_polls"": 1}"
20260918T142638Z_aefa49a3,654,normal,1789741611.6129189,1789741611.6326563,19.659,0,19.659,pass,,independent_snapshot,"{""prerequisite_acknowledged"": true, ""client_b_read_v1"": true, ""dependent_acknowledged"": true, ""visible_ids"": [""v1:654"", ""v2:654""], ""snapshot_polls"": 1}"
20260918T142638Z_aefa49a3,655,normal,1789741611.6326563,1789741611.6558628,23.143,0,23.143,pass,,independent_snapshot,"{""prerequisite_acknowledged"": true, ""client_b_read_v1"": true, ""dependent_acknowledged"": true, ""visible_ids"": [""v1:655"", ""v2:655""], ""snapshot_polls"": 1}"
20260918T142638Z_aefa49a3,656,normal,1789741611.6558628,1789741611.6756768,19.613,0,19.613,pass,,independent_snapshot,"{""prerequisite_acknowledged"": true, ""client_b_read_v1"": true, ""dependent_acknowledged"": true, ""visible_ids"": [""v1:656"", ""v2:656""], ""snapshot_polls"": 1}"
20260918T142638Z_aefa49a3,657,normal,1789741611.6756768,1789741611.6965938,20.67,0,20.67,pass,,independent_snapshot,"{""prerequisite_acknowledged"": true, ""client_b_read_v1"": true, ""dependent_acknowledged"": true, ""visible_ids"": [""v1:657"", ""v2:657""], ""snapshot_polls"": 1}"
20260918T142638Z_aefa49a3,658,normal,1789741611.6965938,1789741611.7168493,20.633,0,20.633,pass,,independent_snapshot,"{""prerequisite_acknowledged"": true, ""client_b_read_v1"": true, ""dependent_acknowledged"": true, ""visible_ids"": [""v1:658"", ""v2:658""], ""snapshot_polls"": 1}"
20260918T142638Z_aefa49a3,659,normal,1789741611.7174637,1789741611.7367978,19.464,0,19.464,pass,,independent_snapshot,"{""prerequisite_acknowledged"": true, ""client_b_read_v1"": true, ""dependent_acknowledged"": true, ""visible_ids"": [""v1:659"", ""v2:659""], ""snapshot_polls"": 1}"
20260918T142638Z_aefa49a3,660,normal,1789741611.7367978,1789741611.7573917,20.837,0,20.837,pass,,independent_snapshot,"{""prerequisite_acknowledged"": true, ""client_b_read_v1"": true, ""dependent_acknowledged"": true, ""visible_ids"": [""v1:660"", ""v2:660""], ""snapshot_polls"": 1}"
20260918T142638Z_aefa49a3,661,normal,1789741611.7580276,1789741611.7786696,20.889,0,20.889,pass,,independent_snapshot,"{""prerequisite_acknowledged"": true, ""client_b_read_v1"": true, ""dependent_acknowledged"": true, ""visible_ids"": [""v1:661"", ""v2:661""], ""snapshot_polls"": 1}"
20260918T142638Z_aefa49a3,662,normal,1789741611.7786696,1789741611.7974799,18.863,0,18.863,pass,,independent_snapshot,"{""prerequisite_acknowledged"": true, ""client_b_read_v1"": true, ""dependent_acknowledged"": true, ""visible_ids"": [""v1:662"", ""v2:662""], ""snapshot_polls"": 1}"
20260918T142638Z_aefa49a3,663,normal,1789741611.7974799,1789741611.8195224,21.841,0,21.841,pass,,independent_snapshot,"{""prerequisite_acknowledged"": true, ""client_b_read_v1"": true, ""dependent_acknowledged"": true, ""visible_ids"": [""v1:663"", ""v2:663""], ""snapshot_polls"": 1}"
20260918T142638Z_aefa49a3,664,normal,1789741611.8195224,1789741611.8402038,20.575,0,20.575,pass,,independent_snapshot,"{""prerequisite_acknowledged"": true, ""client_b_read_v1"": true, ""dependent_acknowledged"": true, ""visible_ids"": [""v1:664"", ""v2:664""], ""snapshot_polls"": 1}"
20260918T142638Z_aefa49a3,665,normal,1789741611.8402038,1789741611.860296,20.144,0,20.144,pass,,independent_snapshot,"{""prerequisite_acknowledged"": true, ""client_b_read_v1"": true, ""dependent_acknowledged"": true, ""visible_ids"": [""v1:665"", ""v2:665""], ""snapshot_polls"": 1}"
20260918T142638Z_aefa49a3,666,normal,1789741611.8608816,1789741611.8817024,20.84,0,20.84,pass,,independent_snapshot,"{""prerequisite_acknowledged"": true, ""client_b_read_v1"": true, ""dependent_acknowledged"": true, ""visible_ids"": [""v1:666"", ""v2:666""], ""snapshot_polls"": 1}"
20260918T142638Z_aefa49a3,667,normal,1789741611.8817024,1789741611.9007175,18.98,0,18.98,pass,,independent_snapshot,"{""prerequisite_acknowledged"": true, ""client_b_read_v1"": true, ""dependent_acknowledged"": true, ""visible_ids"": [""v1:667"", ""v2:667""], ""snapshot_polls"": 1}"
20260918T142638Z_aefa49a3,668,normal,1789741611.9007175,1789741611.9193845,18.588,0,18.588,pass,,independent_snapshot,"{""prerequisite_acknowledged"": true, ""client_b_read_v1"": true, ""dependent_acknowledged"": true, ""visible_ids"": [""v1:668"", ""v2:668""], ""snapshot_polls"": 1}"
20260918T142638Z_aefa49a3,669,normal,1789741611.9193845,1789741611.9389973,19.328,0,19.328,pass,,independent_snapshot,"{""prerequisite_acknowledged"": true, ""client_b_read_v1"": true, ""dependent_acknowledged"": true, ""visible_ids"": [""v1:669"", ""v2:669""], ""snapshot_polls"": 1}"
20260918T142638Z_aefa49a3,670,normal,1789741611.9389973,1789741611.9577298,18.958,0,18.958,pass,,independent_snapshot,"{""prerequisite_acknowledged"": true, ""client_b_read_v1"": true, ""dependent_acknowledged"": true, ""visible_ids"": [""v1:670"", ""v2:670""], ""snapshot_polls"": 1}"
20260918T142638Z_aefa49a3,671,normal,1789741611.9577298,1789741611.9803846,22.231,0,22.231,pass,,independent_snapshot,"{""prerequisite_acknowledged"": true, ""client_b_read_v1"": true, ""dependent_acknowledged"": true, ""visible_ids"": [""v1:671"", ""v2:671""], ""snapshot_polls"": 1}"
20260918T142638Z_aefa49a3,672,normal,1789741611.9803846,1789741611.9987986,18.404,0,18.404,pass,,independent_snapshot,"{""prerequisite_acknowledged"": true, ""client_b_read_v1"": true, ""dependent_acknowledged"": true, ""visible_ids"": [""v1:672"", ""v2:672""], ""snapshot_polls"": 1}"
20260918T142638Z_aefa49a3,673,normal,1789741611.9987986,1789741612.0163064,17.5,0,17.5,pass,,independent_snapshot,"{""prerequisite_acknowledged"": true, ""client_b_read_v1"": true, ""dependent_acknowledged"": true, ""visible_ids"": [""v1:673"", ""v2:673""], ""snapshot_polls"": 1}"
20260918T142638Z_aefa49a3,674,normal,1789741612.0163064,1789741612.0356019,19.306,0,19.306,pass,,independent_snapshot,"{""prerequisite_acknowledged"": true, ""client_b_read_v1"": true, ""dependent_acknowledged"": true, ""visible_ids"": [""v1:674"", ""v2:674""], ""snapshot_polls"": 1}"
20260918T142638Z_aefa49a3,675,normal,1789741612.0361629,1789741612.0541668,18.245,0,18.245,pass,,independent_snapshot,"{""prerequisite_acknowledged"": true, ""client_b_read_v1"": true, ""dependent_acknowledged"": true, ""visible_ids"": [""v1:675"", ""v2:675""], ""snapshot_polls"": 1}"
20260918T142638Z_aefa49a3,676,normal,1789741612.0541668,1789741612.0754619,20.917,0,20.917,pass,,independent_snapshot,"{""prerequisite_acknowledged"": true, ""client_b_read_v1"": true, ""dependent_acknowledged"": true, ""visible_ids"": [""v1:676"", ""v2:676""], ""snapshot_polls"": 1}"
20260918T142638Z_aefa49a3,677,normal,1789741612.0754619,1789741612.093215,18.135,0,18.135,pass,,independent_snapshot,"{""prerequisite_acknowledged"": true, ""client_b_read_v1"": true, ""dependent_acknowledged"": true, ""visible_ids"": [""v1:677"", ""v2:677""], ""snapshot_polls"": 1}"
20260918T142638Z_aefa49a3,678,normal,1789741612.093215,1789741612.1133406,19.987,0,19.987,pass,,independent_snapshot,"{""prerequisite_acknowledged"": true, ""client_b_read_v1"": true, ""dependent_acknowledged"": true, ""visible_ids"": [""v1:678"", ""v2:678""], ""snapshot_polls"": 1}"
20260918T142638Z_aefa49a3,679,normal,1789741612.1133406,1789741612.1342223,20.363,0,20.363,pass,,independent_snapshot,"{""prerequisite_acknowledged"": true, ""client_b_read_v1"": true, ""dependent_acknowledged"": true, ""visible_ids"": [""v1:679"", ""v2:679""], ""snapshot_polls"": 1}"
20260918T142638Z_aefa49a3,680,normal,1789741612.1342223,1789741612.1531405,18.948,0,18.948,pass,,independent_snapshot,"{""prerequisite_acknowledged"": true, ""client_b_read_v1"": true, ""dependent_acknowledged"": true, ""visible_ids"": [""v1:680"", ""v2:680""], ""snapshot_polls"": 1}"
20260918T142638Z_aefa49a3,681,normal,1789741612.1531405,1789741612.1728625,19.989,0,19.989,pass,,independent_snapshot,"{""prerequisite_acknowledged"": true, ""client_b_read_v1"": true, ""dependent_acknowledged"": true, ""visible_ids"": [""v1:681"", ""v2:681""], ""snapshot_polls"": 1}"
20260918T142638Z_aefa49a3,682,normal,1789741612.1734653,1789741612.191194,18.002,0,18.002,pass,,independent_snapshot,"{""prerequisite_acknowledged"": true, ""client_b_read_v1"": true, ""dependent_acknowledged"": true, ""visible_ids"": [""v1:682"", ""v2:682""], ""snapshot_polls"": 1}"
20260918T142638Z_aefa49a3,683,normal,1789741612.191194,1789741612.2099717,18.621,0,18.621,pass,,independent_snapshot,"{""prerequisite_acknowledged"": true, ""client_b_read_v1"": true, ""dependent_acknowledged"": true, ""visible_ids"": [""v1:683"", ""v2:683""], ""snapshot_polls"": 1}"
20260918T142638Z_aefa49a3,684,normal,1789741612.2099717,1789741612.22993,19.632,0,19.632,pass,,independent_snapshot,"{""prerequisite_acknowledged"": true, ""client_b_read_v1"": true, ""dependent_acknowledged"": true, ""visible_ids"": [""v1:684"", ""v2:684""], ""snapshot_polls"": 1}"
20260918T142638Z_aefa49a3,685,normal,1789741612.22993,1789741612.2490842,19.257,0,19.257,pass,,independent_snapshot,"{""prerequisite_acknowledged"": true, ""client_b_read_v1"": true, ""dependent_acknowledged"": true, ""visible_ids"": [""v1:685"", ""v2:685""], ""snapshot_polls"": 1}"
20260918T142638Z_aefa49a3,686,normal,1789741612.2490842,1789741612.2672927,18.129,0,18.129,pass,,independent_snapshot,"{""prerequisite_acknowledged"": true, ""client_b_read_v1"": true, ""dependent_acknowledged"": true, ""visible_ids"": [""v1:686"", ""v2:686""], ""snapshot_polls"": 1}"
20260918T142638Z_aefa49a3,687,normal,1789741612.2672927,1789741612.2905352,23.338,0,23.338,pass,,independent_snapshot,"{""prerequisite_acknowledged"": true, ""client_b_read_v1"": true, ""dependent_acknowledged"": true, ""visible_ids"": [""v1:687"", ""v2:687""], ""snapshot_polls"": 1}"
20260918T142638Z_aefa49a3,688,normal,1789741612.2905352,1789741612.3092525,18.698,0,18.698,pass,,independent_snapshot,"{""prerequisite_acknowledged"": true, ""client_b_read_v1"": true, ""dependent_acknowledged"": true, ""visible_ids"": [""v1:688"", ""v2:688""], ""snapshot_polls"": 1}"
20260918T142638Z_aefa49a3,689,normal,1789741612.3098931,1789741612.3297024,19.766,0,19.766,pass,,independent_snapshot,"{""prerequisite_acknowledged"": true, ""client_b_read_v1"": true, ""dependent_acknowledged"": true, ""visible_ids"": [""v1:689"", ""v2:689""], ""snapshot_polls"": 1}"
20260918T142638Z_aefa49a3,690,normal,1789741612.3297024,1789741612.3493655,19.538,0,19.538,pass,,independent_snapshot,"{""prerequisite_acknowledged"": true, ""client_b_read_v1"": true, ""dependent_acknowledged"": true, ""visible_ids"": [""v1:690"", ""v2:690""], ""snapshot_polls"": 1}"
20260918T142638Z_aefa49a3,691,normal,1789741612.3493655,1789741612.368202,18.734,0,18.734,pass,,independent_snapshot,"{""prerequisite_acknowledged"": true, ""client_b_read_v1"": true, ""dependent_acknowledged"": true, ""visible_ids"": [""v1:691"", ""v2:691""], ""snapshot_polls"": 1}"
20260918T142638Z_aefa49a3,692,normal,1789741612.368202,1789741612.387655,19.839,0,19.839,pass,,independent_snapshot,"{""prerequisite_acknowledged"": true, ""client_b_read_v1"": true, ""dependent_acknowledged"": true, ""visible_ids"": [""v1:692"", ""v2:692""], ""snapshot_polls"": 1}"
20260918T142638Z_aefa49a3,693,normal,1789741612.388288,1789741612.406671,18.785,0,18.785,pass,,independent_snapshot,"{""prerequisite_acknowledged"": true, ""client_b_read_v1"": true, ""dependent_acknowledged"": true, ""visible_ids"": [""v1:693"", ""v2:693""], ""snapshot_polls"": 1}"
20260918T142638Z_aefa49a3,694,normal,1789741612.406671,1789741612.4256036,18.891,0,18.891,pass,,independent_snapshot,"{""prerequisite_acknowledged"": true, ""client_b_read_v1"": true, ""dependent_acknowledged"": true, ""visible_ids"": [""v1:694"", ""v2:694""], ""snapshot_polls"": 1}"
20260918T142638Z_aefa49a3,695,normal,1789741612.4262047,1789741612.4462163,20.098,0,20.098,pass,,independent_snapshot,"{""prerequisite_acknowledged"": true, ""client_b_read_v1"": true, ""dependent_acknowledged"": true, ""visible_ids"": [""v1:695"", ""v2:695""], ""snapshot_polls"": 1}"
20260918T142638Z_aefa49a3,696,normal,1789741612.4462163,1789741612.4640322,17.81,0,17.81,pass,,independent_snapshot,"{""prerequisite_acknowledged"": true, ""client_b_read_v1"": true, ""dependent_acknowledged"": true, ""visible_ids"": [""v1:696"", ""v2:696""], ""snapshot_polls"": 1}"
20260918T142638Z_aefa49a3,697,normal,1789741612.4640322,1789741612.4821386,18.123,0,18.123,pass,,independent_snapshot,"{""prerequisite_acknowledged"": true, ""client_b_read_v1"": true, ""dependent_acknowledged"": true, ""visible_ids"": [""v1:697"", ""v2:697""], ""snapshot_polls"": 1}"
20260918T142638Z_aefa49a3,698,normal,1789741612.4821386,1789741612.5002508,17.78,0,17.78,pass,,independent_snapshot,"{""prerequisite_acknowledged"": true, ""client_b_read_v1"": true, ""dependent_acknowledged"": true, ""visible_ids"": [""v1:698"", ""v2:698""], ""snapshot_polls"": 1}"
20260918T142638Z_aefa49a3,699,normal,1789741612.5002508,1789741612.519199,18.903,0,18.903,pass,,independent_snapshot,"{""prerequisite_acknowledged"": true, ""client_b_read_v1"": true, ""dependent_acknowledged"": true, ""visible_ids"": [""v1:699"", ""v2:699""], ""snapshot_polls"": 1}"
20260918T142638Z_aefa49a3,700,normal,1789741612.519199,1789741612.53942,20.147,0,20.147,pass,,independent_snapshot,"{""prerequisite_acknowledged"": true, ""client_b_read_v1"": true, ""dependent_acknowledged"": true, ""visible_ids"": [""v1:700"", ""v2:700""], ""snapshot_polls"": 1}"
20260918T142638Z_aefa49a3,701,normal,1789741612.5440893,1789741612.563517,19.796,0,19.796,pass,,independent_snapshot,"{""prerequisite_acknowledged"": true, ""client_b_read_v1"": true, ""dependent_acknowledged"": true, ""visible_ids"": [""v1:701"", ""v2:701""], ""snapshot_polls"": 1}"
20260918T142638Z_aefa49a3,702,normal,1789741612.563517,1789741612.583145,19.119,0,19.119,pass,,independent_snapshot,"{""prerequisite_acknowledged"": true, ""client_b_read_v1"": true, ""dependent_acknowledged"": true, ""visible_ids"": [""v1:702"", ""v2:702""], ""snapshot_polls"": 1}"
20260918T142638Z_aefa49a3,703,normal,1789741612.583145,1789741612.6045573,21.867,0,21.867,pass,,independent_snapshot,"{""prerequisite_acknowledged"": true, ""client_b_read_v1"": true, ""dependent_acknowledged"": true, ""visible_ids"": [""v1:703"", ""v2:703""], ""snapshot_polls"": 1}"
20260918T142638Z_aefa49a3,704,normal,1789741612.6051762,1789741612.6256754,20.824,0,20.824,pass,,independent_snapshot,"{""prerequisite_acknowledged"": true, ""client_b_read_v1"": true, ""dependent_acknowledged"": true, ""visible_ids"": [""v1:704"", ""v2:704""], ""snapshot_polls"": 1}"
20260918T142638Z_aefa49a3,705,normal,1789741612.6256754,1789741612.6453407,19.763,0,19.763,pass,,independent_snapshot,"{""prerequisite_acknowledged"": true, ""client_b_read_v1"": true, ""dependent_acknowledged"": true, ""visible_ids"": [""v1:705"", ""v2:705""], ""snapshot_polls"": 1}"
20260918T142638Z_aefa49a3,706,normal,1789741612.64598,1789741612.6659024,20.128,0,20.128,pass,,independent_snapshot,"{""prerequisite_acknowledged"": true, ""client_b_read_v1"": true, ""dependent_acknowledged"": true, ""visible_ids"": [""v1:706"", ""v2:706""], ""snapshot_polls"": 1}"
20260918T142638Z_aefa49a3,707,normal,1789741612.6659024,1789741612.6835814,17.755,0,17.755,pass,,independent_snapshot,"{""prerequisite_acknowledged"": true, ""client_b_read_v1"": true, ""dependent_acknowledged"": true, ""visible_ids"": [""v1:707"", ""v2:707""], ""snapshot_polls"": 1}"
20260918T142638Z_aefa49a3,708,normal,1789741612.6842008,1789741612.705822,21.932,0,21.932,pass,,independent_snapshot,"{""prerequisite_acknowledged"": true, ""client_b_read_v1"": true, ""dependent_acknowledged"": true, ""visible_ids"": [""v1:708"", ""v2:708""], ""snapshot_polls"": 1}"
20260918T142638Z_aefa49a3,709,normal,1789741612.705822,1789741612.7246509,18.445,0,18.445,pass,,independent_snapshot,"{""prerequisite_acknowledged"": true, ""client_b_read_v1"": true, ""dependent_acknowledged"": true, ""visible_ids"": [""v1:709"", ""v2:709""], ""snapshot_polls"": 1}"
20260918T142638Z_aefa49a3,710,normal,1789741612.7246509,1789741612.743525,18.831,0,18.831,pass,,independent_snapshot,"{""prerequisite_acknowledged"": true, ""client_b_read_v1"": true, ""dependent_acknowledged"": true, ""visible_ids"": [""v1:710"", ""v2:710""], ""snapshot_polls"": 1}"
20260918T142638Z_aefa49a3,711,normal,1789741612.743525,1789741612.7645035,20.833,0,20.833,pass,,independent_snapshot,"{""prerequisite_acknowledged"": true, ""client_b_read_v1"": true, ""dependent_acknowledged"": true, ""visible_ids"": [""v1:711"", ""v2:711""], ""snapshot_polls"": 1}"
20260918T142638Z_aefa49a3,712,normal,1789741612.7645035,1789741612.783929,19.461,0,19.461,pass,,independent_snapshot,"{""prerequisite_acknowledged"": true, ""client_b_read_v1"": true, ""dependent_acknowledged"": true, ""visible_ids"": [""v1:712"", ""v2:712""], ""snapshot_polls"": 1}"
20260918T142638Z_aefa49a3,713,normal,1789741612.783929,1789741612.8034892,19.746,0,19.746,pass,,independent_snapshot,"{""prerequisite_acknowledged"": true, ""client_b_read_v1"": true, ""dependent_acknowledged"": true, ""visible_ids"": [""v1:713"", ""v2:713""], ""snapshot_polls"": 1}"
20260918T142638Z_aefa49a3,714,normal,1789741612.80412,1789741612.8240147,19.948,0,19.948,pass,,independent_snapshot,"{""prerequisite_acknowledged"": true, ""client_b_read_v1"": true, ""dependent_acknowledged"": true, ""visible_ids"": [""v1:714"", ""v2:714""], ""snapshot_polls"": 1}"
20260918T142638Z_aefa49a3,715,normal,1789741612.8240147,1789741612.843451,19.394,0,19.394,pass,,independent_snapshot,"{""prerequisite_acknowledged"": true, ""client_b_read_v1"": true, ""dependent_acknowledged"": true, ""visible_ids"": [""v1:715"", ""v2:715""], ""snapshot_polls"": 1}"
20260918T142638Z_aefa49a3,716,normal,1789741612.843451,1789741612.8629143,19.645,0,19.645,pass,,independent_snapshot,"{""prerequisite_acknowledged"": true, ""client_b_read_v1"": true, ""dependent_acknowledged"": true, ""visible_ids"": [""v1:716"", ""v2:716""], ""snapshot_polls"": 1}"
20260918T142638Z_aefa49a3,717,normal,1789741612.863521,1789741612.8828294,19.515,0,19.515,pass,,independent_snapshot,"{""prerequisite_acknowledged"": true, ""client_b_read_v1"": true, ""dependent_acknowledged"": true, ""visible_ids"": [""v1:717"", ""v2:717""], ""snapshot_polls"": 1}"
20260918T142638Z_aefa49a3,718,normal,1789741612.8828294,1789741612.901867,19.227,0,19.227,pass,,independent_snapshot,"{""prerequisite_acknowledged"": true, ""client_b_read_v1"": true, ""dependent_acknowledged"": true, ""visible_ids"": [""v1:718"", ""v2:718""], ""snapshot_polls"": 1}"
20260918T142638Z_aefa49a3,719,normal,1789741612.9024558,1789741612.9232156,20.878,0,20.878,pass,,independent_snapshot,"{""prerequisite_acknowledged"": true, ""client_b_read_v1"": true, ""dependent_acknowledged"": true, ""visible_ids"": [""v1:719"", ""v2:719""], ""snapshot_polls"": 1}"
20260918T142638Z_aefa49a3,720,normal,1789741612.9232156,1789741612.9426138,19.198,0,19.198,pass,,independent_snapshot,"{""prerequisite_acknowledged"": true, ""client_b_read_v1"": true, ""dependent_acknowledged"": true, ""visible_ids"": [""v1:720"", ""v2:720""], ""snapshot_polls"": 1}"
20260918T142638Z_aefa49a3,721,normal,1789741612.9426138,1789741612.9617372,19.142,0,19.142,pass,,independent_snapshot,"{""prerequisite_acknowledged"": true, ""client_b_read_v1"": true, ""dependent_acknowledged"": true, ""visible_ids"": [""v1:721"", ""v2:721""], ""snapshot_polls"": 1}"
20260918T142638Z_aefa49a3,722,normal,1789741612.9621346,1789741612.9825275,20.596,0,20.596,pass,,independent_snapshot,"{""prerequisite_acknowledged"": true, ""client_b_read_v1"": true, ""dependent_acknowledged"": true, ""visible_ids"": [""v1:722"", ""v2:722""], ""snapshot_polls"": 1}"
20260918T142638Z_aefa49a3,723,normal,1789741612.9825275,1789741613.000477,17.808,0,17.808,pass,,independent_snapshot,"{""prerequisite_acknowledged"": true, ""client_b_read_v1"": true, ""dependent_acknowledged"": true, ""visible_ids"": [""v1:723"", ""v2:723""], ""snapshot_polls"": 1}"
20260918T142638Z_aefa49a3,724,normal,1789741613.000477,1789741613.021312,20.549,0,20.549,pass,,independent_snapshot,"{""prerequisite_acknowledged"": true, ""client_b_read_v1"": true, ""dependent_acknowledged"": true, ""visible_ids"": [""v1:724"", ""v2:724""], ""snapshot_polls"": 1}"
20260918T142638Z_aefa49a3,725,normal,1789741613.021312,1789741613.0406933,19.389,0,19.389,pass,,independent_snapshot,"{""prerequisite_acknowledged"": true, ""client_b_read_v1"": true, ""dependent_acknowledged"": true, ""visible_ids"": [""v1:725"", ""v2:725""], ""snapshot_polls"": 1}"
20260918T142638Z_aefa49a3,726,normal,1789741613.0406933,1789741613.060321,19.423,0,19.423,pass,,independent_snapshot,"{""prerequisite_acknowledged"": true, ""client_b_read_v1"": true, ""dependent_acknowledged"": true, ""visible_ids"": [""v1:726"", ""v2:726""], ""snapshot_polls"": 1}"
20260918T142638Z_aefa49a3,727,normal,1789741613.060321,1789741613.081372,21.073,0,21.073,pass,,independent_snapshot,"{""prerequisite_acknowledged"": true, ""client_b_read_v1"": true, ""dependent_acknowledged"": true, ""visible_ids"": [""v1:727"", ""v2:727""], ""snapshot_polls"": 1}"
20260918T142638Z_aefa49a3,728,normal,1789741613.081372,1789741613.1016,20.045,0,20.045,pass,,independent_snapshot,"{""prerequisite_acknowledged"": true, ""client_b_read_v1"": true, ""dependent_acknowledged"": true, ""visible_ids"": [""v1:728"", ""v2:728""], ""snapshot_polls"": 1}"
20260918T142638Z_aefa49a3,729,normal,1789741613.1016,1789741613.1227977,21.09,0,21.09,pass,,independent_snapshot,"{""prerequisite_acknowledged"": true, ""client_b_read_v1"": true, ""dependent_acknowledged"": true, ""visible_ids"": [""v1:729"", ""v2:729""], ""snapshot_polls"": 1}"
20260918T142638Z_aefa49a3,730,normal,1789741613.1227977,1789741613.142849,20.331,0,20.331,pass,,independent_snapshot,"{""prerequisite_acknowledged"": true, ""client_b_read_v1"": true, ""dependent_acknowledged"": true, ""visible_ids"": [""v1:730"", ""v2:730""], ""snapshot_polls"": 1}"
20260918T142638Z_aefa49a3,731,normal,1789741613.1434813,1789741613.163727,20.642,0,20.642,pass,,independent_snapshot,"{""prerequisite_acknowledged"": true, ""client_b_read_v1"": true, ""dependent_acknowledged"": true, ""visible_ids"": [""v1:731"", ""v2:731""], ""snapshot_polls"": 1}"
20260918T142638Z_aefa49a3,732,normal,1789741613.1642969,1789741613.1843219,20.288,0,20.288,pass,,independent_snapshot,"{""prerequisite_acknowledged"": true, ""client_b_read_v1"": true, ""dependent_acknowledged"": true, ""visible_ids"": [""v1:732"", ""v2:732""], ""snapshot_polls"": 1}"
20260918T142638Z_aefa49a3,733,normal,1789741613.1843219,1789741613.2075202,22.913,0,22.913,pass,,independent_snapshot,"{""prerequisite_acknowledged"": true, ""client_b_read_v1"": true, ""dependent_acknowledged"": true, ""visible_ids"": [""v1:733"", ""v2:733""], ""snapshot_polls"": 1}"
20260918T142638Z_aefa49a3,734,normal,1789741613.2075202,1789741613.2280018,20.73,0,20.73,pass,,independent_snapshot,"{""prerequisite_acknowledged"": true, ""client_b_read_v1"": true, ""dependent_acknowledged"": true, ""visible_ids"": [""v1:734"", ""v2:734""], ""snapshot_polls"": 1}"
20260918T142638Z_aefa49a3,735,normal,1789741613.2280018,1789741613.2524743,24.083,0,24.083,pass,,independent_snapshot,"{""prerequisite_acknowledged"": true, ""client_b_read_v1"": true, ""dependent_acknowledged"": true, ""visible_ids"": [""v1:735"", ""v2:735""], ""snapshot_polls"": 1}"
20260918T142638Z_aefa49a3,736,normal,1789741613.2524743,1789741613.273721,21.065,0,21.065,pass,,independent_snapshot,"{""prerequisite_acknowledged"": true, ""client_b_read_v1"": true, ""dependent_acknowledged"": true, ""visible_ids"": [""v1:736"", ""v2:736""], ""snapshot_polls"": 1}"
20260918T142638Z_aefa49a3,737,normal,1789741613.273721,1789741613.2933466,19.402,0,19.402,pass,,independent_snapshot,"{""prerequisite_acknowledged"": true, ""client_b_read_v1"": true, ""dependent_acknowledged"": true, ""visible_ids"": [""v1:737"", ""v2:737""], ""snapshot_polls"": 1}"
20260918T142638Z_aefa49a3,738,normal,1789741613.2933466,1789741613.3109312,17.902,0,17.902,pass,,independent_snapshot,"{""prerequisite_acknowledged"": true, ""client_b_read_v1"": true, ""dependent_acknowledged"": true, ""visible_ids"": [""v1:738"", ""v2:738""], ""snapshot_polls"": 1}"
20260918T142638Z_aefa49a3,739,normal,1789741613.3115194,1789741613.330352,19.283,0,19.283,pass,,independent_snapshot,"{""prerequisite_acknowledged"": true, ""client_b_read_v1"": true, ""dependent_acknowledged"": true, ""visible_ids"": [""v1:739"", ""v2:739""], ""snapshot_polls"": 1}"
20260918T142638Z_aefa49a3,740,normal,1789741613.3309655,1789741613.3524358,21.959,0,21.959,pass,,independent_snapshot,"{""prerequisite_acknowledged"": true, ""client_b_read_v1"": true, ""dependent_acknowledged"": true, ""visible_ids"": [""v1:740"", ""v2:740""], ""snapshot_polls"": 1}"
20260918T142638Z_aefa49a3,741,normal,1789741613.3529902,1789741613.370625,17.664,0,17.664,pass,,independent_snapshot,"{""prerequisite_acknowledged"": true, ""client_b_read_v1"": true, ""dependent_acknowledged"": true, ""visible_ids"": [""v1:741"", ""v2:741""], ""snapshot_polls"": 1}"
20260918T142638Z_aefa49a3,742,normal,1789741613.370625,1789741613.3892033,18.899,0,18.899,pass,,independent_snapshot,"{""prerequisite_acknowledged"": true, ""client_b_read_v1"": true, ""dependent_acknowledged"": true, ""visible_ids"": [""v1:742"", ""v2:742""], ""snapshot_polls"": 1}"
20260918T142638Z_aefa49a3,743,normal,1789741613.389774,1789741613.4085283,19.323,0,19.323,pass,,independent_snapshot,"{""prerequisite_acknowledged"": true, ""client_b_read_v1"": true, ""dependent_acknowledged"": true, ""visible_ids"": [""v1:743"", ""v2:743""], ""snapshot_polls"": 1}"
20260918T142638Z_aefa49a3,744,normal,1789741613.4092066,1789741613.4284399,19.295,0,19.295,pass,,independent_snapshot,"{""prerequisite_acknowledged"": true, ""client_b_read_v1"": true, ""dependent_acknowledged"": true, ""visible_ids"": [""v1:744"", ""v2:744""], ""snapshot_polls"": 1}"
20260918T142638Z_aefa49a3,745,normal,1789741613.4284399,1789741613.4485068,20.023,0,20.023,pass,,independent_snapshot,"{""prerequisite_acknowledged"": true, ""client_b_read_v1"": true, ""dependent_acknowledged"": true, ""visible_ids"": [""v1:745"", ""v2:745""], ""snapshot_polls"": 1}"
20260918T142638Z_aefa49a3,746,normal,1789741613.4485068,1789741613.4677935,19.201,0,19.201,pass,,independent_snapshot,"{""prerequisite_acknowledged"": true, ""client_b_read_v1"": true, ""dependent_acknowledged"": true, ""visible_ids"": [""v1:746"", ""v2:746""], ""snapshot_polls"": 1}"
20260918T142638Z_aefa49a3,747,normal,1789741613.468102,1789741613.4877877,19.664,0,19.664,pass,,independent_snapshot,"{""prerequisite_acknowledged"": true, ""client_b_read_v1"": true, ""dependent_acknowledged"": true, ""visible_ids"": [""v1:747"", ""v2:747""], ""snapshot_polls"": 1}"
20260918T142638Z_aefa49a3,748,normal,1789741613.4877877,1789741613.5086124,20.691,0,20.691,pass,,independent_snapshot,"{""prerequisite_acknowledged"": true, ""client_b_read_v1"": true, ""dependent_acknowledged"": true, ""visible_ids"": [""v1:748"", ""v2:748""], ""snapshot_polls"": 1}"
20260918T142638Z_aefa49a3,749,normal,1789741613.5086124,1789741613.5283275,19.704,0,19.704,pass,,independent_snapshot,"{""prerequisite_acknowledged"": true, ""client_b_read_v1"": true, ""dependent_acknowledged"": true, ""visible_ids"": [""v1:749"", ""v2:749""], ""snapshot_polls"": 1}"
20260918T142638Z_aefa49a3,750,normal,1789741613.5283275,1789741613.548315,19.829,0,19.829,pass,,independent_snapshot,"{""prerequisite_acknowledged"": true, ""client_b_read_v1"": true, ""dependent_acknowledged"": true, ""visible_ids"": [""v1:750"", ""v2:750""], ""snapshot_polls"": 1}"
20260918T142638Z_aefa49a3,751,normal,1789741613.548315,1789741613.5709333,22.544,0,22.544,pass,,independent_snapshot,"{""prerequisite_acknowledged"": true, ""client_b_read_v1"": true, ""dependent_acknowledged"": true, ""visible_ids"": [""v1:751"", ""v2:751""], ""snapshot_polls"": 1}"
20260918T142638Z_aefa49a3,752,normal,1789741613.5709333,1789741613.5900528,19.393,0,19.393,pass,,independent_snapshot,"{""prerequisite_acknowledged"": true, ""client_b_read_v1"": true, ""dependent_acknowledged"": true, ""visible_ids"": [""v1:752"", ""v2:752""], ""snapshot_polls"": 1}"
20260918T142638Z_aefa49a3,753,normal,1789741613.5900528,1789741613.6099322,19.477,0,19.477,pass,,independent_snapshot,"{""prerequisite_acknowledged"": true, ""client_b_read_v1"": true, ""dependent_acknowledged"": true, ""visible_ids"": [""v1:753"", ""v2:753""], ""snapshot_polls"": 1}"
20260918T142638Z_aefa49a3,754,normal,1789741613.6099322,1789741613.6291687,18.967,0,18.967,pass,,independent_snapshot,"{""prerequisite_acknowledged"": true, ""client_b_read_v1"": true, ""dependent_acknowledged"": true, ""visible_ids"": [""v1:754"", ""v2:754""], ""snapshot_polls"": 1}"
20260918T142638Z_aefa49a3,755,normal,1789741613.6291687,1789741613.6479175,19.153,0,19.153,pass,,independent_snapshot,"{""prerequisite_acknowledged"": true, ""client_b_read_v1"": true, ""dependent_acknowledged"": true, ""visible_ids"": [""v1:755"", ""v2:755""], ""snapshot_polls"": 1}"
20260918T142638Z_aefa49a3,756,normal,1789741613.6485422,1789741613.6699123,21.83,0,21.83,pass,,independent_snapshot,"{""prerequisite_acknowledged"": true, ""client_b_read_v1"": true, ""dependent_acknowledged"": true, ""visible_ids"": [""v1:756"", ""v2:756""], ""snapshot_polls"": 1}"
20260918T142638Z_aefa49a3,757,normal,1789741613.6699123,1789741613.6906612,20.455,0,20.455,pass,,independent_snapshot,"{""prerequisite_acknowledged"": true, ""client_b_read_v1"": true, ""dependent_acknowledged"": true, ""visible_ids"": [""v1:757"", ""v2:757""], ""snapshot_polls"": 1}"
20260918T142638Z_aefa49a3,758,normal,1789741613.6906612,1789741613.7110035,20.102,0,20.102,pass,,independent_snapshot,"{""prerequisite_acknowledged"": true, ""client_b_read_v1"": true, ""dependent_acknowledged"": true, ""visible_ids"": [""v1:758"", ""v2:758""], ""snapshot_polls"": 1}"
20260918T142638Z_aefa49a3,759,normal,1789741613.7110035,1789741613.7345386,23.526,0,23.526,pass,,independent_snapshot,"{""prerequisite_acknowledged"": true, ""client_b_read_v1"": true, ""dependent_acknowledged"": true, ""visible_ids"": [""v1:759"", ""v2:759""], ""snapshot_polls"": 1}"
20260918T142638Z_aefa49a3,760,normal,1789741613.7345386,1789741613.75297,18.548,0,18.548,pass,,independent_snapshot,"{""prerequisite_acknowledged"": true, ""client_b_read_v1"": true, ""dependent_acknowledged"": true, ""visible_ids"": [""v1:760"", ""v2:760""], ""snapshot_polls"": 1}"
20260918T142638Z_aefa49a3,761,normal,1789741613.7536185,1789741613.7741652,20.675,0,20.675,pass,,independent_snapshot,"{""prerequisite_acknowledged"": true, ""client_b_read_v1"": true, ""dependent_acknowledged"": true, ""visible_ids"": [""v1:761"", ""v2:761""], ""snapshot_polls"": 1}"
20260918T142638Z_aefa49a3,762,normal,1789741613.7741652,1789741613.7932794,19.026,0,19.026,pass,,independent_snapshot,"{""prerequisite_acknowledged"": true, ""client_b_read_v1"": true, ""dependent_acknowledged"": true, ""visible_ids"": [""v1:762"", ""v2:762""], ""snapshot_polls"": 1}"
20260918T142638Z_aefa49a3,763,normal,1789741613.7932794,1789741613.8121328,18.89,0,18.89,pass,,independent_snapshot,"{""prerequisite_acknowledged"": true, ""client_b_read_v1"": true, ""dependent_acknowledged"": true, ""visible_ids"": [""v1:763"", ""v2:763""], ""snapshot_polls"": 1}"
20260918T142638Z_aefa49a3,764,normal,1789741613.8121328,1789741613.830472,18.328,0,18.328,pass,,independent_snapshot,"{""prerequisite_acknowledged"": true, ""client_b_read_v1"": true, ""dependent_acknowledged"": true, ""visible_ids"": [""v1:764"", ""v2:764""], ""snapshot_polls"": 1}"
20260918T142638Z_aefa49a3,765,normal,1789741613.830472,1789741613.849892,19.222,0,19.222,pass,,independent_snapshot,"{""prerequisite_acknowledged"": true, ""client_b_read_v1"": true, ""dependent_acknowledged"": true, ""visible_ids"": [""v1:765"", ""v2:765""], ""snapshot_polls"": 1}"
20260918T142638Z_aefa49a3,766,normal,1789741613.849892,1789741613.869024,18.954,0,18.954,pass,,independent_snapshot,"{""prerequisite_acknowledged"": true, ""client_b_read_v1"": true, ""dependent_acknowledged"": true, ""visible_ids"": [""v1:766"", ""v2:766""], ""snapshot_polls"": 1}"
20260918T142638Z_aefa49a3,767,normal,1789741613.869024,1789741613.8910856,22.098,0,22.098,pass,,independent_snapshot,"{""prerequisite_acknowledged"": true, ""client_b_read_v1"": true, ""dependent_acknowledged"": true, ""visible_ids"": [""v1:767"", ""v2:767""], ""snapshot_polls"": 1}"
20260918T142638Z_aefa49a3,768,normal,1789741613.8910856,1789741613.9103973,19.039,0,19.039,pass,,independent_snapshot,"{""prerequisite_acknowledged"": true, ""client_b_read_v1"": true, ""dependent_acknowledged"": true, ""visible_ids"": [""v1:768"", ""v2:768""], ""snapshot_polls"": 1}"
20260918T142638Z_aefa49a3,769,normal,1789741613.9103973,1789741613.928649,18.178,0,18.178,pass,,independent_snapshot,"{""prerequisite_acknowledged"": true, ""client_b_read_v1"": true, ""dependent_acknowledged"": true, ""visible_ids"": [""v1:769"", ""v2:769""], ""snapshot_polls"": 1}"
20260918T142638Z_aefa49a3,770,normal,1789741613.9290447,1789741613.9484587,19.667,0,19.667,pass,,independent_snapshot,"{""prerequisite_acknowledged"": true, ""client_b_read_v1"": true, ""dependent_acknowledged"": true, ""visible_ids"": [""v1:770"", ""v2:770""], ""snapshot_polls"": 1}"
20260918T142638Z_aefa49a3,771,normal,1789741613.9484587,1789741613.9689791,20.221,0,20.221,pass,,independent_snapshot,"{""prerequisite_acknowledged"": true, ""client_b_read_v1"": true, ""dependent_acknowledged"": true, ""visible_ids"": [""v1:771"", ""v2:771""], ""snapshot_polls"": 1}"
20260918T142638Z_aefa49a3,772,normal,1789741613.9689791,1789741613.9906616,21.527,0,21.527,pass,,independent_snapshot,"{""prerequisite_acknowledged"": true, ""client_b_read_v1"": true, ""dependent_acknowledged"": true, ""visible_ids"": [""v1:772"", ""v2:772""], ""snapshot_polls"": 1}"
20260918T142638Z_aefa49a3,773,normal,1789741613.9906616,1789741614.010574,19.8,0,19.8,pass,,independent_snapshot,"{""prerequisite_acknowledged"": true, ""client_b_read_v1"": true, ""dependent_acknowledged"": true, ""visible_ids"": [""v1:773"", ""v2:773""], ""snapshot_polls"": 1}"
20260918T142638Z_aefa49a3,774,normal,1789741614.010574,1789741614.0287447,18.37,0,18.37,pass,,independent_snapshot,"{""prerequisite_acknowledged"": true, ""client_b_read_v1"": true, ""dependent_acknowledged"": true, ""visible_ids"": [""v1:774"", ""v2:774""], ""snapshot_polls"": 1}"
20260918T142638Z_aefa49a3,775,normal,1789741614.0293028,1789741614.0508807,21.566,0,21.566,pass,,independent_snapshot,"{""prerequisite_acknowledged"": true, ""client_b_read_v1"": true, ""dependent_acknowledged"": true, ""visible_ids"": [""v1:775"", ""v2:775""], ""snapshot_polls"": 1}"
20260918T142638Z_aefa49a3,776,normal,1789741614.0508807,1789741614.0714803,20.485,0,20.485,pass,,independent_snapshot,"{""prerequisite_acknowledged"": true, ""client_b_read_v1"": true, ""dependent_acknowledged"": true, ""visible_ids"": [""v1:776"", ""v2:776""], ""snapshot_polls"": 1}"
20260918T142638Z_aefa49a3,777,normal,1789741614.0714803,1789741614.091162,19.565,0,19.565,pass,,independent_snapshot,"{""prerequisite_acknowledged"": true, ""client_b_read_v1"": true, ""dependent_acknowledged"": true, ""visible_ids"": [""v1:777"", ""v2:777""], ""snapshot_polls"": 1}"
20260918T142638Z_aefa49a3,778,normal,1789741614.091162,1789741614.1105065,19.285,0,19.285,pass,,independent_snapshot,"{""prerequisite_acknowledged"": true, ""client_b_read_v1"": true, ""dependent_acknowledged"": true, ""visible_ids"": [""v1:778"", ""v2:778""], ""snapshot_polls"": 1}"
20260918T142638Z_aefa49a3,779,normal,1789741614.1105065,1789741614.1291873,19.022,0,19.022,pass,,independent_snapshot,"{""prerequisite_acknowledged"": true, ""client_b_read_v1"": true, ""dependent_acknowledged"": true, ""visible_ids"": [""v1:779"", ""v2:779""], ""snapshot_polls"": 1}"
20260918T142638Z_aefa49a3,780,normal,1789741614.1298635,1789741614.1495767,20.144,0,20.144,pass,,independent_snapshot,"{""prerequisite_acknowledged"": true, ""client_b_read_v1"": true, ""dependent_acknowledged"": true, ""visible_ids"": [""v1:780"", ""v2:780""], ""snapshot_polls"": 1}"
20260918T142638Z_aefa49a3,781,normal,1789741614.1495767,1789741614.1693633,19.354,0,19.354,pass,,independent_snapshot,"{""prerequisite_acknowledged"": true, ""client_b_read_v1"": true, ""dependent_acknowledged"": true, ""visible_ids"": [""v1:781"", ""v2:781""], ""snapshot_polls"": 1}"
20260918T142638Z_aefa49a3,782,normal,1789741614.1693633,1789741614.187752,18.424,0,18.424,pass,,independent_snapshot,"{""prerequisite_acknowledged"": true, ""client_b_read_v1"": true, ""dependent_acknowledged"": true, ""visible_ids"": [""v1:782"", ""v2:782""], ""snapshot_polls"": 1}"
20260918T142638Z_aefa49a3,783,normal,1789741614.187752,1789741614.2090294,21.013,0,21.013,pass,,independent_snapshot,"{""prerequisite_acknowledged"": true, ""client_b_read_v1"": true, ""dependent_acknowledged"": true, ""visible_ids"": [""v1:783"", ""v2:783""], ""snapshot_polls"": 1}"
20260918T142638Z_aefa49a3,784,normal,1789741614.2090294,1789741614.228142,19.15,0,19.15,pass,,independent_snapshot,"{""prerequisite_acknowledged"": true, ""client_b_read_v1"": true, ""dependent_acknowledged"": true, ""visible_ids"": [""v1:784"", ""v2:784""], ""snapshot_polls"": 1}"
20260918T142638Z_aefa49a3,785,normal,1789741614.228142,1789741614.2462614,18.107,0,18.107,pass,,independent_snapshot,"{""prerequisite_acknowledged"": true, ""client_b_read_v1"": true, ""dependent_acknowledged"": true, ""visible_ids"": [""v1:785"", ""v2:785""], ""snapshot_polls"": 1}"
20260918T142638Z_aefa49a3,786,normal,1789741614.2462614,1789741614.2655668,18.88,0,18.88,pass,,independent_snapshot,"{""prerequisite_acknowledged"": true, ""client_b_read_v1"": true, ""dependent_acknowledged"": true, ""visible_ids"": [""v1:786"", ""v2:786""], ""snapshot_polls"": 1}"
20260918T142638Z_aefa49a3,787,normal,1789741614.2655668,1789741614.2862124,20.624,0,20.624,pass,,independent_snapshot,"{""prerequisite_acknowledged"": true, ""client_b_read_v1"": true, ""dependent_acknowledged"": true, ""visible_ids"": [""v1:787"", ""v2:787""], ""snapshot_polls"": 1}"
20260918T142638Z_aefa49a3,788,normal,1789741614.2862124,1789741614.3072126,20.77,0,20.77,pass,,independent_snapshot,"{""prerequisite_acknowledged"": true, ""client_b_read_v1"": true, ""dependent_acknowledged"": true, ""visible_ids"": [""v1:788"", ""v2:788""], ""snapshot_polls"": 1}"
20260918T142638Z_aefa49a3,789,normal,1789741614.3072126,1789741614.3274167,20.19,0,20.19,pass,,independent_snapshot,"{""prerequisite_acknowledged"": true, ""client_b_read_v1"": true, ""dependent_acknowledged"": true, ""visible_ids"": [""v1:789"", ""v2:789""], ""snapshot_polls"": 1}"
20260918T142638Z_aefa49a3,790,normal,1789741614.3274167,1789741614.34645,19.301,0,19.301,pass,,independent_snapshot,"{""prerequisite_acknowledged"": true, ""client_b_read_v1"": true, ""dependent_acknowledged"": true, ""visible_ids"": [""v1:790"", ""v2:790""], ""snapshot_polls"": 1}"
20260918T142638Z_aefa49a3,791,normal,1789741614.347071,1789741614.3693738,22.44,0,22.44,pass,,independent_snapshot,"{""prerequisite_acknowledged"": true, ""client_b_read_v1"": true, ""dependent_acknowledged"": true, ""visible_ids"": [""v1:791"", ""v2:791""], ""snapshot_polls"": 1}"
20260918T142638Z_aefa49a3,792,normal,1789741614.3693738,1789741614.3891845,19.723,0,19.723,pass,,independent_snapshot,"{""prerequisite_acknowledged"": true, ""client_b_read_v1"": true, ""dependent_acknowledged"": true, ""visible_ids"": [""v1:792"", ""v2:792""], ""snapshot_polls"": 1}"
20260918T142638Z_aefa49a3,793,normal,1789741614.3891845,1789741614.4097145,20.258,0,20.258,pass,,independent_snapshot,"{""prerequisite_acknowledged"": true, ""client_b_read_v1"": true, ""dependent_acknowledged"": true, ""visible_ids"": [""v1:793"", ""v2:793""], ""snapshot_polls"": 1}"
20260918T142638Z_aefa49a3,794,normal,1789741614.4097145,1789741614.429598,19.824,0,19.824,pass,,independent_snapshot,"{""prerequisite_acknowledged"": true, ""client_b_read_v1"": true, ""dependent_acknowledged"": true, ""visible_ids"": [""v1:794"", ""v2:794""], ""snapshot_polls"": 1}"
20260918T142638Z_aefa49a3,795,normal,1789741614.429598,1789741614.4478185,18.41,0,18.41,pass,,independent_snapshot,"{""prerequisite_acknowledged"": true, ""client_b_read_v1"": true, ""dependent_acknowledged"": true, ""visible_ids"": [""v1:795"", ""v2:795""], ""snapshot_polls"": 1}"
20260918T142638Z_aefa49a3,796,normal,1789741614.4478185,1789741614.4665456,18.725,0,18.725,pass,,independent_snapshot,"{""prerequisite_acknowledged"": true, ""client_b_read_v1"": true, ""dependent_acknowledged"": true, ""visible_ids"": [""v1:796"", ""v2:796""], ""snapshot_polls"": 1}"
20260918T142638Z_aefa49a3,797,normal,1789741614.4672108,1789741614.4863267,19.633,0,19.633,pass,,independent_snapshot,"{""prerequisite_acknowledged"": true, ""client_b_read_v1"": true, ""dependent_acknowledged"": true, ""visible_ids"": [""v1:797"", ""v2:797""], ""snapshot_polls"": 1}"
20260918T142638Z_aefa49a3,798,normal,1789741614.4869647,1789741614.5064056,19.701,0,19.701,pass,,independent_snapshot,"{""prerequisite_acknowledged"": true, ""client_b_read_v1"": true, ""dependent_acknowledged"": true, ""visible_ids"": [""v1:798"", ""v2:798""], ""snapshot_polls"": 1}"
20260918T142638Z_aefa49a3,799,normal,1789741614.5064056,1789741614.5298984,23.36,0,23.36,pass,,independent_snapshot,"{""prerequisite_acknowledged"": true, ""client_b_read_v1"": true, ""dependent_acknowledged"": true, ""visible_ids"": [""v1:799"", ""v2:799""], ""snapshot_polls"": 1}"
20260918T142638Z_aefa49a3,800,normal,1789741614.5298984,1789741614.549891,20.081,0,20.081,pass,,independent_snapshot,"{""prerequisite_acknowledged"": true, ""client_b_read_v1"": true, ""dependent_acknowledged"": true, ""visible_ids"": [""v1:800"", ""v2:800""], ""snapshot_polls"": 1}"
20260918T142638Z_aefa49a3,801,normal,1789741614.5553637,1789741614.5753262,20.324,0,20.324,pass,,independent_snapshot,"{""prerequisite_acknowledged"": true, ""client_b_read_v1"": true, ""dependent_acknowledged"": true, ""visible_ids"": [""v1:801"", ""v2:801""], ""snapshot_polls"": 1}"
20260918T142638Z_aefa49a3,802,normal,1789741614.5753262,1789741614.596813,20.939,0,20.939,pass,,independent_snapshot,"{""prerequisite_acknowledged"": true, ""client_b_read_v1"": true, ""dependent_acknowledged"": true, ""visible_ids"": [""v1:802"", ""v2:802""], ""snapshot_polls"": 1}"
20260918T142638Z_aefa49a3,803,normal,1789741614.596813,1789741614.6169012,19.94,0,19.94,pass,,independent_snapshot,"{""prerequisite_acknowledged"": true, ""client_b_read_v1"": true, ""dependent_acknowledged"": true, ""visible_ids"": [""v1:803"", ""v2:803""], ""snapshot_polls"": 1}"
20260918T142638Z_aefa49a3,804,normal,1789741614.6169012,1789741614.637793,21.268,0,21.268,pass,,independent_snapshot,"{""prerequisite_acknowledged"": true, ""client_b_read_v1"": true, ""dependent_acknowledged"": true, ""visible_ids"": [""v1:804"", ""v2:804""], ""snapshot_polls"": 1}"
20260918T142638Z_aefa49a3,805,normal,1789741614.637793,1789741614.657538,19.18,0,19.18,pass,,independent_snapshot,"{""prerequisite_acknowledged"": true, ""client_b_read_v1"": true, ""dependent_acknowledged"": true, ""visible_ids"": [""v1:805"", ""v2:805""], ""snapshot_polls"": 1}"
20260918T142638Z_aefa49a3,806,normal,1789741614.657538,1789741614.6773038,19.953,0,19.953,pass,,independent_snapshot,"{""prerequisite_acknowledged"": true, ""client_b_read_v1"": true, ""dependent_acknowledged"": true, ""visible_ids"": [""v1:806"", ""v2:806""], ""snapshot_polls"": 1}"
20260918T142638Z_aefa49a3,807,normal,1789741614.6773038,1789741614.698634,21.549,0,21.549,pass,,independent_snapshot,"{""prerequisite_acknowledged"": true, ""client_b_read_v1"": true, ""dependent_acknowledged"": true, ""visible_ids"": [""v1:807"", ""v2:807""], ""snapshot_polls"": 1}"
20260918T142638Z_aefa49a3,808,normal,1789741614.698634,1789741614.7186737,19.323,0,19.323,pass,,independent_snapshot,"{""prerequisite_acknowledged"": true, ""client_b_read_v1"": true, ""dependent_acknowledged"": true, ""visible_ids"": [""v1:808"", ""v2:808""], ""snapshot_polls"": 1}"
20260918T142638Z_aefa49a3,809,normal,1789741614.7186737,1789741614.7388,20.171,0,20.171,pass,,independent_snapshot,"{""prerequisite_acknowledged"": true, ""client_b_read_v1"": true, ""dependent_acknowledged"": true, ""visible_ids"": [""v1:809"", ""v2:809""], ""snapshot_polls"": 1}"
20260918T142638Z_aefa49a3,810,normal,1789741614.7391157,1789741614.7573586,18.845,0,18.845,pass,,independent_snapshot,"{""prerequisite_acknowledged"": true, ""client_b_read_v1"": true, ""dependent_acknowledged"": true, ""visible_ids"": [""v1:810"", ""v2:810""], ""snapshot_polls"": 1}"
20260918T142638Z_aefa49a3,811,normal,1789741614.7580156,1789741614.7769823,19.351,0,19.351,pass,,independent_snapshot,"{""prerequisite_acknowledged"": true, ""client_b_read_v1"": true, ""dependent_acknowledged"": true, ""visible_ids"": [""v1:811"", ""v2:811""], ""snapshot_polls"": 1}"
20260918T142638Z_aefa49a3,812,normal,1789741614.7769823,1789741614.7973456,20.17,0,20.17,pass,,independent_snapshot,"{""prerequisite_acknowledged"": true, ""client_b_read_v1"": true, ""dependent_acknowledged"": true, ""visible_ids"": [""v1:812"", ""v2:812""], ""snapshot_polls"": 1}"
20260918T142638Z_aefa49a3,813,normal,1789741614.7973456,1789741614.8176978,19.934,0,19.934,pass,,independent_snapshot,"{""prerequisite_acknowledged"": true, ""client_b_read_v1"": true, ""dependent_acknowledged"": true, ""visible_ids"": [""v1:813"", ""v2:813""], ""snapshot_polls"": 1}"
20260918T142638Z_aefa49a3,814,normal,1789741614.8176978,1789741614.8370633,19.661,0,19.661,pass,,independent_snapshot,"{""prerequisite_acknowledged"": true, ""client_b_read_v1"": true, ""dependent_acknowledged"": true, ""visible_ids"": [""v1:814"", ""v2:814""], ""snapshot_polls"": 1}"
20260918T142638Z_aefa49a3,815,normal,1789741614.8370633,1789741614.8590689,21.764,0,21.764,pass,,independent_snapshot,"{""prerequisite_acknowledged"": true, ""client_b_read_v1"": true, ""dependent_acknowledged"": true, ""visible_ids"": [""v1:815"", ""v2:815""], ""snapshot_polls"": 1}"
20260918T142638Z_aefa49a3,816,normal,1789741614.8590689,1789741614.879109,19.91,0,19.91,pass,,independent_snapshot,"{""prerequisite_acknowledged"": true, ""client_b_read_v1"": true, ""dependent_acknowledged"": true, ""visible_ids"": [""v1:816"", ""v2:816""], ""snapshot_polls"": 1}"
20260918T142638Z_aefa49a3,817,normal,1789741614.879109,1789741614.8998353,20.342,0,20.342,pass,,independent_snapshot,"{""prerequisite_acknowledged"": true, ""client_b_read_v1"": true, ""dependent_acknowledged"": true, ""visible_ids"": [""v1:817"", ""v2:817""], ""snapshot_polls"": 1}"
20260918T142638Z_aefa49a3,818,normal,1789741614.8998353,1789741614.9199603,20.134,0,20.134,pass,,independent_snapshot,"{""prerequisite_acknowledged"": true, ""client_b_read_v1"": true, ""dependent_acknowledged"": true, ""visible_ids"": [""v1:818"", ""v2:818""], ""snapshot_polls"": 1}"
20260918T142638Z_aefa49a3,819,normal,1789741614.9199603,1789741614.9377093,18.069,0,18.069,pass,,independent_snapshot,"{""prerequisite_acknowledged"": true, ""client_b_read_v1"": true, ""dependent_acknowledged"": true, ""visible_ids"": [""v1:819"", ""v2:819""], ""snapshot_polls"": 1}"
20260918T142638Z_aefa49a3,820,normal,1789741614.938341,1789741614.958854,20.989,0,20.989,pass,,independent_snapshot,"{""prerequisite_acknowledged"": true, ""client_b_read_v1"": true, ""dependent_acknowledged"": true, ""visible_ids"": [""v1:820"", ""v2:820""], ""snapshot_polls"": 1}"
20260918T142638Z_aefa49a3,821,normal,1789741614.9594963,1789741614.978591,19.4,0,19.4,pass,,independent_snapshot,"{""prerequisite_acknowledged"": true, ""client_b_read_v1"": true, ""dependent_acknowledged"": true, ""visible_ids"": [""v1:821"", ""v2:821""], ""snapshot_polls"": 1}"
20260918T142638Z_aefa49a3,822,normal,1789741614.9789505,1789741614.99828,19.328,0,19.328,pass,,independent_snapshot,"{""prerequisite_acknowledged"": true, ""client_b_read_v1"": true, ""dependent_acknowledged"": true, ""visible_ids"": [""v1:822"", ""v2:822""], ""snapshot_polls"": 1}"
20260918T142638Z_aefa49a3,823,normal,1789741614.99828,1789741615.0196931,21.314,0,21.314,pass,,independent_snapshot,"{""prerequisite_acknowledged"": true, ""client_b_read_v1"": true, ""dependent_acknowledged"": true, ""visible_ids"": [""v1:823"", ""v2:823""], ""snapshot_polls"": 1}"
20260918T142638Z_aefa49a3,824,normal,1789741615.0196931,1789741615.0392888,19.544,0,19.544,pass,,independent_snapshot,"{""prerequisite_acknowledged"": true, ""client_b_read_v1"": true, ""dependent_acknowledged"": true, ""visible_ids"": [""v1:824"", ""v2:824""], ""snapshot_polls"": 1}"
20260918T142638Z_aefa49a3,825,normal,1789741615.0392888,1789741615.058887,19.784,0,19.784,pass,,independent_snapshot,"{""prerequisite_acknowledged"": true, ""client_b_read_v1"": true, ""dependent_acknowledged"": true, ""visible_ids"": [""v1:825"", ""v2:825""], ""snapshot_polls"": 1}"
20260918T142638Z_aefa49a3,826,normal,1789741615.0594065,1789741615.0788014,19.604,0,19.604,pass,,independent_snapshot,"{""prerequisite_acknowledged"": true, ""client_b_read_v1"": true, ""dependent_acknowledged"": true, ""visible_ids"": [""v1:826"", ""v2:826""], ""snapshot_polls"": 1}"
20260918T142638Z_aefa49a3,827,normal,1789741615.0788014,1789741615.097915,19.126,0,19.126,pass,,independent_snapshot,"{""prerequisite_acknowledged"": true, ""client_b_read_v1"": true, ""dependent_acknowledged"": true, ""visible_ids"": [""v1:827"", ""v2:827""], ""snapshot_polls"": 1}"
20260918T142638Z_aefa49a3,828,normal,1789741615.097915,1789741615.1176496,19.408,0,19.408,pass,,independent_snapshot,"{""prerequisite_acknowledged"": true, ""client_b_read_v1"": true, ""dependent_acknowledged"": true, ""visible_ids"": [""v1:828"", ""v2:828""], ""snapshot_polls"": 1}"
20260918T142638Z_aefa49a3,829,normal,1789741615.1176496,1789741615.1366208,18.73,0,18.73,pass,,independent_snapshot,"{""prerequisite_acknowledged"": true, ""client_b_read_v1"": true, ""dependent_acknowledged"": true, ""visible_ids"": [""v1:829"", ""v2:829""], ""snapshot_polls"": 1}"
20260918T142638Z_aefa49a3,830,normal,1789741615.1366208,1789741615.1545522,17.86,0,17.86,pass,,independent_snapshot,"{""prerequisite_acknowledged"": true, ""client_b_read_v1"": true, ""dependent_acknowledged"": true, ""visible_ids"": [""v1:830"", ""v2:830""], ""snapshot_polls"": 1}"
20260918T142638Z_aefa49a3,831,normal,1789741615.1545522,1789741615.1789298,24.166,0,24.166,pass,,independent_snapshot,"{""prerequisite_acknowledged"": true, ""client_b_read_v1"": true, ""dependent_acknowledged"": true, ""visible_ids"": [""v1:831"", ""v2:831""], ""snapshot_polls"": 1}"
20260918T142638Z_aefa49a3,832,normal,1789741615.1789298,1789741615.199232,20.172,0,20.172,pass,,independent_snapshot,"{""prerequisite_acknowledged"": true, ""client_b_read_v1"": true, ""dependent_acknowledged"": true, ""visible_ids"": [""v1:832"", ""v2:832""], ""snapshot_polls"": 1}"
20260918T142638Z_aefa49a3,833,normal,1789741615.199232,1789741615.217926,18.92,0,18.92,pass,,independent_snapshot,"{""prerequisite_acknowledged"": true, ""client_b_read_v1"": true, ""dependent_acknowledged"": true, ""visible_ids"": [""v1:833"", ""v2:833""], ""snapshot_polls"": 1}"
20260918T142638Z_aefa49a3,834,normal,1789741615.217926,1789741615.2380903,19.801,0,19.801,pass,,independent_snapshot,"{""prerequisite_acknowledged"": true, ""client_b_read_v1"": true, ""dependent_acknowledged"": true, ""visible_ids"": [""v1:834"", ""v2:834""], ""snapshot_polls"": 1}"
20260918T142638Z_aefa49a3,835,normal,1789741615.2380903,1789741615.2577581,19.969,0,19.969,pass,,independent_snapshot,"{""prerequisite_acknowledged"": true, ""client_b_read_v1"": true, ""dependent_acknowledged"": true, ""visible_ids"": [""v1:835"", ""v2:835""], ""snapshot_polls"": 1}"
20260918T142638Z_aefa49a3,836,normal,1789741615.2583146,1789741615.2792125,21.236,0,21.236,pass,,independent_snapshot,"{""prerequisite_acknowledged"": true, ""client_b_read_v1"": true, ""dependent_acknowledged"": true, ""visible_ids"": [""v1:836"", ""v2:836""], ""snapshot_polls"": 1}"
20260918T142638Z_aefa49a3,837,normal,1789741615.2792125,1789741615.298671,19.395,0,19.395,pass,,independent_snapshot,"{""prerequisite_acknowledged"": true, ""client_b_read_v1"": true, ""dependent_acknowledged"": true, ""visible_ids"": [""v1:837"", ""v2:837""], ""snapshot_polls"": 1}"
20260918T142638Z_aefa49a3,838,normal,1789741615.298671,1789741615.3197083,20.923,0,20.923,pass,,independent_snapshot,"{""prerequisite_acknowledged"": true, ""client_b_read_v1"": true, ""dependent_acknowledged"": true, ""visible_ids"": [""v1:838"", ""v2:838""], ""snapshot_polls"": 1}"
20260918T142638Z_aefa49a3,839,normal,1789741615.3197083,1789741615.3407023,20.474,0,20.474,pass,,independent_snapshot,"{""prerequisite_acknowledged"": true, ""client_b_read_v1"": true, ""dependent_acknowledged"": true, ""visible_ids"": [""v1:839"", ""v2:839""], ""snapshot_polls"": 1}"
20260918T142638Z_aefa49a3,840,normal,1789741615.3407023,1789741615.3607132,19.946,0,19.946,pass,,independent_snapshot,"{""prerequisite_acknowledged"": true, ""client_b_read_v1"": true, ""dependent_acknowledged"": true, ""visible_ids"": [""v1:840"", ""v2:840""], ""snapshot_polls"": 1}"
20260918T142638Z_aefa49a3,841,normal,1789741615.3607132,1789741615.382103,21.272,0,21.272,pass,,independent_snapshot,"{""prerequisite_acknowledged"": true, ""client_b_read_v1"": true, ""dependent_acknowledged"": true, ""visible_ids"": [""v1:841"", ""v2:841""], ""snapshot_polls"": 1}"
20260918T142638Z_aefa49a3,842,normal,1789741615.382103,1789741615.4015849,19.313,0,19.313,pass,,independent_snapshot,"{""prerequisite_acknowledged"": true, ""client_b_read_v1"": true, ""dependent_acknowledged"": true, ""visible_ids"": [""v1:842"", ""v2:842""], ""snapshot_polls"": 1}"
20260918T142638Z_aefa49a3,843,normal,1789741615.4015849,1789741615.4208825,19.312,0,19.312,pass,,independent_snapshot,"{""prerequisite_acknowledged"": true, ""client_b_read_v1"": true, ""dependent_acknowledged"": true, ""visible_ids"": [""v1:843"", ""v2:843""], ""snapshot_polls"": 1}"
20260918T142638Z_aefa49a3,844,normal,1789741615.4208825,1789741615.4402049,19.077,0,19.077,pass,,independent_snapshot,"{""prerequisite_acknowledged"": true, ""client_b_read_v1"": true, ""dependent_acknowledged"": true, ""visible_ids"": [""v1:844"", ""v2:844""], ""snapshot_polls"": 1}"
20260918T142638Z_aefa49a3,845,normal,1789741615.4402049,1789741615.4587793,18.763,0,18.763,pass,,independent_snapshot,"{""prerequisite_acknowledged"": true, ""client_b_read_v1"": true, ""dependent_acknowledged"": true, ""visible_ids"": [""v1:845"", ""v2:845""], ""snapshot_polls"": 1}"
20260918T142638Z_aefa49a3,846,normal,1789741615.4587793,1789741615.4788692,19.764,0,19.764,pass,,independent_snapshot,"{""prerequisite_acknowledged"": true, ""client_b_read_v1"": true, ""dependent_acknowledged"": true, ""visible_ids"": [""v1:846"", ""v2:846""], ""snapshot_polls"": 1}"
20260918T142638Z_aefa49a3,847,normal,1789741615.4788692,1789741615.5006294,21.558,0,21.558,pass,,independent_snapshot,"{""prerequisite_acknowledged"": true, ""client_b_read_v1"": true, ""dependent_acknowledged"": true, ""visible_ids"": [""v1:847"", ""v2:847""], ""snapshot_polls"": 1}"
20260918T142638Z_aefa49a3,848,normal,1789741615.5006294,1789741615.5203574,19.706,0,19.706,pass,,independent_snapshot,"{""prerequisite_acknowledged"": true, ""client_b_read_v1"": true, ""dependent_acknowledged"": true, ""visible_ids"": [""v1:848"", ""v2:848""], ""snapshot_polls"": 1}"
20260918T142638Z_aefa49a3,849,normal,1789741615.5203574,1789741615.5389187,18.558,0,18.558,pass,,independent_snapshot,"{""prerequisite_acknowledged"": true, ""client_b_read_v1"": true, ""dependent_acknowledged"": true, ""visible_ids"": [""v1:849"", ""v2:849""], ""snapshot_polls"": 1}"
20260918T142638Z_aefa49a3,850,normal,1789741615.5389187,1789741615.5590172,20.101,0,20.101,pass,,independent_snapshot,"{""prerequisite_acknowledged"": true, ""client_b_read_v1"": true, ""dependent_acknowledged"": true, ""visible_ids"": [""v1:850"", ""v2:850""], ""snapshot_polls"": 1}"
20260918T142638Z_aefa49a3,851,normal,1789741615.5590172,1789741615.5792477,20.21,0,20.21,pass,,independent_snapshot,"{""prerequisite_acknowledged"": true, ""client_b_read_v1"": true, ""dependent_acknowledged"": true, ""visible_ids"": [""v1:851"", ""v2:851""], ""snapshot_polls"": 1}"
20260918T142638Z_aefa49a3,852,normal,1789741615.5792477,1789741615.6011233,21.606,0,21.606,pass,,independent_snapshot,"{""prerequisite_acknowledged"": true, ""client_b_read_v1"": true, ""dependent_acknowledged"": true, ""visible_ids"": [""v1:852"", ""v2:852""], ""snapshot_polls"": 1}"
20260918T142638Z_aefa49a3,853,normal,1789741615.6011233,1789741615.620236,18.787,0,18.787,pass,,independent_snapshot,"{""prerequisite_acknowledged"": true, ""client_b_read_v1"": true, ""dependent_acknowledged"": true, ""visible_ids"": [""v1:853"", ""v2:853""], ""snapshot_polls"": 1}"
20260918T142638Z_aefa49a3,854,normal,1789741615.620236,1789741615.6413524,21.243,0,21.243,pass,,independent_snapshot,"{""prerequisite_acknowledged"": true, ""client_b_read_v1"": true, ""dependent_acknowledged"": true, ""visible_ids"": [""v1:854"", ""v2:854""], ""snapshot_polls"": 1}"
20260918T142638Z_aefa49a3,855,normal,1789741615.6413524,1789741615.6636617,22.316,0,22.316,pass,,independent_snapshot,"{""prerequisite_acknowledged"": true, ""client_b_read_v1"": true, ""dependent_acknowledged"": true, ""visible_ids"": [""v1:855"", ""v2:855""], ""snapshot_polls"": 1}"
20260918T142638Z_aefa49a3,856,normal,1789741615.6642184,1789741615.6831439,19.571,0,19.571,pass,,independent_snapshot,"{""prerequisite_acknowledged"": true, ""client_b_read_v1"": true, ""dependent_acknowledged"": true, ""visible_ids"": [""v1:856"", ""v2:856""], ""snapshot_polls"": 1}"
20260918T142638Z_aefa49a3,857,normal,1789741615.683822,1789741615.7059126,22.681,0,22.681,pass,,independent_snapshot,"{""prerequisite_acknowledged"": true, ""client_b_read_v1"": true, ""dependent_acknowledged"": true, ""visible_ids"": [""v1:857"", ""v2:857""], ""snapshot_polls"": 1}"
20260918T142638Z_aefa49a3,858,normal,1789741615.7066314,1789741615.7249184,18.67,0,18.67,pass,,independent_snapshot,"{""prerequisite_acknowledged"": true, ""client_b_read_v1"": true, ""dependent_acknowledged"": true, ""visible_ids"": [""v1:858"", ""v2:858""], ""snapshot_polls"": 1}"
20260918T142638Z_aefa49a3,859,normal,1789741615.7249184,1789741615.7434793,18.086,0,18.086,pass,,independent_snapshot,"{""prerequisite_acknowledged"": true, ""client_b_read_v1"": true, ""dependent_acknowledged"": true, ""visible_ids"": [""v1:859"", ""v2:859""], ""snapshot_polls"": 1}"
20260918T142638Z_aefa49a3,860,normal,1789741615.7434793,1789741615.7618163,18.291,0,18.291,pass,,independent_snapshot,"{""prerequisite_acknowledged"": true, ""client_b_read_v1"": true, ""dependent_acknowledged"": true, ""visible_ids"": [""v1:860"", ""v2:860""], ""snapshot_polls"": 1}"
20260918T142638Z_aefa49a3,861,normal,1789741615.7618163,1789741615.7801154,18.351,0,18.351,pass,,independent_snapshot,"{""prerequisite_acknowledged"": true, ""client_b_read_v1"": true, ""dependent_acknowledged"": true, ""visible_ids"": [""v1:861"", ""v2:861""], ""snapshot_polls"": 1}"
20260918T142638Z_aefa49a3,862,normal,1789741615.7801154,1789741615.7996576,19.163,0,19.163,pass,,independent_snapshot,"{""prerequisite_acknowledged"": true, ""client_b_read_v1"": true, ""dependent_acknowledged"": true, ""visible_ids"": [""v1:862"", ""v2:862""], ""snapshot_polls"": 1}"
20260918T142638Z_aefa49a3,863,normal,1789741615.7996576,1789741615.8203945,21.312,0,21.312,pass,,independent_snapshot,"{""prerequisite_acknowledged"": true, ""client_b_read_v1"": true, ""dependent_acknowledged"": true, ""visible_ids"": [""v1:863"", ""v2:863""], ""snapshot_polls"": 1}"
20260918T142638Z_aefa49a3,864,normal,1789741615.8211553,1789741615.8401027,19.512,0,19.512,pass,,independent_snapshot,"{""prerequisite_acknowledged"": true, ""client_b_read_v1"": true, ""dependent_acknowledged"": true, ""visible_ids"": [""v1:864"", ""v2:864""], ""snapshot_polls"": 1}"
20260918T142638Z_aefa49a3,865,normal,1789741615.8407867,1789741615.859366,18.597,0,18.597,pass,,independent_snapshot,"{""prerequisite_acknowledged"": true, ""client_b_read_v1"": true, ""dependent_acknowledged"": true, ""visible_ids"": [""v1:865"", ""v2:865""], ""snapshot_polls"": 1}"
20260918T142638Z_aefa49a3,866,normal,1789741615.859366,1789741615.8790863,19.661,0,19.661,pass,,independent_snapshot,"{""prerequisite_acknowledged"": true, ""client_b_read_v1"": true, ""dependent_acknowledged"": true, ""visible_ids"": [""v1:866"", ""v2:866""], ""snapshot_polls"": 1}"
20260918T142638Z_aefa49a3,867,normal,1789741615.8790863,1789741615.897891,18.961,0,18.961,pass,,independent_snapshot,"{""prerequisite_acknowledged"": true, ""client_b_read_v1"": true, ""dependent_acknowledged"": true, ""visible_ids"": [""v1:867"", ""v2:867""], ""snapshot_polls"": 1}"
20260918T142638Z_aefa49a3,868,normal,1789741615.897891,1789741615.9208012,22.501,0,22.501,pass,,independent_snapshot,"{""prerequisite_acknowledged"": true, ""client_b_read_v1"": true, ""dependent_acknowledged"": true, ""visible_ids"": [""v1:868"", ""v2:868""], ""snapshot_polls"": 1}"
20260918T142638Z_aefa49a3,869,normal,1789741615.9208012,1789741615.9398322,19.131,0,19.131,pass,,independent_snapshot,"{""prerequisite_acknowledged"": true, ""client_b_read_v1"": true, ""dependent_acknowledged"": true, ""visible_ids"": [""v1:869"", ""v2:869""], ""snapshot_polls"": 1}"
20260918T142638Z_aefa49a3,870,normal,1789741615.9398322,1789741615.958541,18.921,0,18.921,pass,,independent_snapshot,"{""prerequisite_acknowledged"": true, ""client_b_read_v1"": true, ""dependent_acknowledged"": true, ""visible_ids"": [""v1:870"", ""v2:870""], ""snapshot_polls"": 1}"
20260918T142638Z_aefa49a3,871,normal,1789741615.958541,1789741615.9797142,21.103,0,21.103,pass,,independent_snapshot,"{""prerequisite_acknowledged"": true, ""client_b_read_v1"": true, ""dependent_acknowledged"": true, ""visible_ids"": [""v1:871"", ""v2:871""], ""snapshot_polls"": 1}"
20260918T142638Z_aefa49a3,872,normal,1789741615.980366,1789741616.0006988,20.628,0,20.628,pass,,independent_snapshot,"{""prerequisite_acknowledged"": true, ""client_b_read_v1"": true, ""dependent_acknowledged"": true, ""visible_ids"": [""v1:872"", ""v2:872""], ""snapshot_polls"": 1}"
20260918T142638Z_aefa49a3,873,normal,1789741616.0006988,1789741616.0204375,19.588,0,19.588,pass,,independent_snapshot,"{""prerequisite_acknowledged"": true, ""client_b_read_v1"": true, ""dependent_acknowledged"": true, ""visible_ids"": [""v1:873"", ""v2:873""], ""snapshot_polls"": 1}"
20260918T142638Z_aefa49a3,874,normal,1789741616.0204375,1789741616.037615,17.288,0,17.288,pass,,independent_snapshot,"{""prerequisite_acknowledged"": true, ""client_b_read_v1"": true, ""dependent_acknowledged"": true, ""visible_ids"": [""v1:874"", ""v2:874""], ""snapshot_polls"": 1}"
20260918T142638Z_aefa49a3,875,normal,1789741616.037615,1789741616.0571666,18.927,0,18.927,pass,,independent_snapshot,"{""prerequisite_acknowledged"": true, ""client_b_read_v1"": true, ""dependent_acknowledged"": true, ""visible_ids"": [""v1:875"", ""v2:875""], ""snapshot_polls"": 1}"
20260918T142638Z_aefa49a3,876,normal,1789741616.0571666,1789741616.0753756,18.173,0,18.173,pass,,independent_snapshot,"{""prerequisite_acknowledged"": true, ""client_b_read_v1"": true, ""dependent_acknowledged"": true, ""visible_ids"": [""v1:876"", ""v2:876""], ""snapshot_polls"": 1}"
20260918T142638Z_aefa49a3,877,normal,1789741616.0753756,1789741616.094466,18.887,0,18.887,pass,,independent_snapshot,"{""prerequisite_acknowledged"": true, ""client_b_read_v1"": true, ""dependent_acknowledged"": true, ""visible_ids"": [""v1:877"", ""v2:877""], ""snapshot_polls"": 1}"
20260918T142638Z_aefa49a3,878,normal,1789741616.094466,1789741616.115053,20.799,0,20.799,pass,,independent_snapshot,"{""prerequisite_acknowledged"": true, ""client_b_read_v1"": true, ""dependent_acknowledged"": true, ""visible_ids"": [""v1:878"", ""v2:878""], ""snapshot_polls"": 1}"
20260918T142638Z_aefa49a3,879,normal,1789741616.115053,1789741616.1357641,20.46,0,20.46,pass,,independent_snapshot,"{""prerequisite_acknowledged"": true, ""client_b_read_v1"": true, ""dependent_acknowledged"": true, ""visible_ids"": [""v1:879"", ""v2:879""], ""snapshot_polls"": 1}"
20260918T142638Z_aefa49a3,880,normal,1789741616.1357641,1789741616.1545057,18.617,0,18.617,pass,,independent_snapshot,"{""prerequisite_acknowledged"": true, ""client_b_read_v1"": true, ""dependent_acknowledged"": true, ""visible_ids"": [""v1:880"", ""v2:880""], ""snapshot_polls"": 1}"
20260918T142638Z_aefa49a3,881,normal,1789741616.1545057,1789741616.1731899,18.598,0,18.598,pass,,independent_snapshot,"{""prerequisite_acknowledged"": true, ""client_b_read_v1"": true, ""dependent_acknowledged"": true, ""visible_ids"": [""v1:881"", ""v2:881""], ""snapshot_polls"": 1}"
20260918T142638Z_aefa49a3,882,normal,1789741616.1731899,1789741616.191756,18.59,0,18.59,pass,,independent_snapshot,"{""prerequisite_acknowledged"": true, ""client_b_read_v1"": true, ""dependent_acknowledged"": true, ""visible_ids"": [""v1:882"", ""v2:882""], ""snapshot_polls"": 1}"
20260918T142638Z_aefa49a3,883,normal,1789741616.191756,1789741616.2107117,18.734,0,18.734,pass,,independent_snapshot,"{""prerequisite_acknowledged"": true, ""client_b_read_v1"": true, ""dependent_acknowledged"": true, ""visible_ids"": [""v1:883"", ""v2:883""], ""snapshot_polls"": 1}"
20260918T142638Z_aefa49a3,884,normal,1789741616.2107117,1789741616.2312026,20.733,0,20.733,pass,,independent_snapshot,"{""prerequisite_acknowledged"": true, ""client_b_read_v1"": true, ""dependent_acknowledged"": true, ""visible_ids"": [""v1:884"", ""v2:884""], ""snapshot_polls"": 1}"
20260918T142638Z_aefa49a3,885,normal,1789741616.231817,1789741616.252972,21.353,0,21.353,pass,,independent_snapshot,"{""prerequisite_acknowledged"": true, ""client_b_read_v1"": true, ""dependent_acknowledged"": true, ""visible_ids"": [""v1:885"", ""v2:885""], ""snapshot_polls"": 1}"
20260918T142638Z_aefa49a3,886,normal,1789741616.252972,1789741616.2743394,21.106,0,21.106,pass,,independent_snapshot,"{""prerequisite_acknowledged"": true, ""client_b_read_v1"": true, ""dependent_acknowledged"": true, ""visible_ids"": [""v1:886"", ""v2:886""], ""snapshot_polls"": 1}"
20260918T142638Z_aefa49a3,887,normal,1789741616.2743394,1789741616.296416,22.029,0,22.029,pass,,independent_snapshot,"{""prerequisite_acknowledged"": true, ""client_b_read_v1"": true, ""dependent_acknowledged"": true, ""visible_ids"": [""v1:887"", ""v2:887""], ""snapshot_polls"": 1}"
20260918T142638Z_aefa49a3,888,normal,1789741616.296416,1789741616.3167555,20.35,0,20.35,pass,,independent_snapshot,"{""prerequisite_acknowledged"": true, ""client_b_read_v1"": true, ""dependent_acknowledged"": true, ""visible_ids"": [""v1:888"", ""v2:888""], ""snapshot_polls"": 1}"
20260918T142638Z_aefa49a3,889,normal,1789741616.3167555,1789741616.338349,21.511,0,21.511,pass,,independent_snapshot,"{""prerequisite_acknowledged"": true, ""client_b_read_v1"": true, ""dependent_acknowledged"": true, ""visible_ids"": [""v1:889"", ""v2:889""], ""snapshot_polls"": 1}"
20260918T142638Z_aefa49a3,890,normal,1789741616.338349,1789741616.357866,19.461,0,19.461,pass,,independent_snapshot,"{""prerequisite_acknowledged"": true, ""client_b_read_v1"": true, ""dependent_acknowledged"": true, ""visible_ids"": [""v1:890"", ""v2:890""], ""snapshot_polls"": 1}"
20260918T142638Z_aefa49a3,891,normal,1789741616.357866,1789741616.3760915,18.32,0,18.32,pass,,independent_snapshot,"{""prerequisite_acknowledged"": true, ""client_b_read_v1"": true, ""dependent_acknowledged"": true, ""visible_ids"": [""v1:891"", ""v2:891""], ""snapshot_polls"": 1}"
20260918T142638Z_aefa49a3,892,normal,1789741616.3766646,1789741616.3949516,18.668,0,18.668,pass,,independent_snapshot,"{""prerequisite_acknowledged"": true, ""client_b_read_v1"": true, ""dependent_acknowledged"": true, ""visible_ids"": [""v1:892"", ""v2:892""], ""snapshot_polls"": 1}"
20260918T142638Z_aefa49a3,893,normal,1789741616.3949516,1789741616.415372,19.94,0,19.94,pass,,independent_snapshot,"{""prerequisite_acknowledged"": true, ""client_b_read_v1"": true, ""dependent_acknowledged"": true, ""visible_ids"": [""v1:893"", ""v2:893""], ""snapshot_polls"": 1}"
20260918T142638Z_aefa49a3,894,normal,1789741616.415372,1789741616.434709,19.407,0,19.407,pass,,independent_snapshot,"{""prerequisite_acknowledged"": true, ""client_b_read_v1"": true, ""dependent_acknowledged"": true, ""visible_ids"": [""v1:894"", ""v2:894""], ""snapshot_polls"": 1}"
20260918T142638Z_aefa49a3,895,normal,1789741616.434709,1789741616.4565601,21.76,0,21.76,pass,,independent_snapshot,"{""prerequisite_acknowledged"": true, ""client_b_read_v1"": true, ""dependent_acknowledged"": true, ""visible_ids"": [""v1:895"", ""v2:895""], ""snapshot_polls"": 1}"
20260918T142638Z_aefa49a3,896,normal,1789741616.4565601,1789741616.4755113,18.637,0,18.637,pass,,independent_snapshot,"{""prerequisite_acknowledged"": true, ""client_b_read_v1"": true, ""dependent_acknowledged"": true, ""visible_ids"": [""v1:896"", ""v2:896""], ""snapshot_polls"": 1}"
20260918T142638Z_aefa49a3,897,normal,1789741616.4755113,1789741616.4933896,17.798,0,17.798,pass,,independent_snapshot,"{""prerequisite_acknowledged"": true, ""client_b_read_v1"": true, ""dependent_acknowledged"": true, ""visible_ids"": [""v1:897"", ""v2:897""], ""snapshot_polls"": 1}"
20260918T142638Z_aefa49a3,898,normal,1789741616.4933896,1789741616.5122774,18.985,0,18.985,pass,,independent_snapshot,"{""prerequisite_acknowledged"": true, ""client_b_read_v1"": true, ""dependent_acknowledged"": true, ""visible_ids"": [""v1:898"", ""v2:898""], ""snapshot_polls"": 1}"
20260918T142638Z_aefa49a3,899,normal,1789741616.5122774,1789741616.5325518,20.339,0,20.339,pass,,independent_snapshot,"{""prerequisite_acknowledged"": true, ""client_b_read_v1"": true, ""dependent_acknowledged"": true, ""visible_ids"": [""v1:899"", ""v2:899""], ""snapshot_polls"": 1}"
20260918T142638Z_aefa49a3,900,normal,1789741616.5325518,1789741616.5532503,20.687,0,20.687,pass,,independent_snapshot,"{""prerequisite_acknowledged"": true, ""client_b_read_v1"": true, ""dependent_acknowledged"": true, ""visible_ids"": [""v1:900"", ""v2:900""], ""snapshot_polls"": 1}"
20260918T142638Z_aefa49a3,901,normal,1789741616.5587385,1789741616.5777154,18.859,0,18.859,pass,,independent_snapshot,"{""prerequisite_acknowledged"": true, ""client_b_read_v1"": true, ""dependent_acknowledged"": true, ""visible_ids"": [""v1:901"", ""v2:901""], ""snapshot_polls"": 1}"
20260918T142638Z_aefa49a3,902,normal,1789741616.5777154,1789741616.5966263,18.689,0,18.689,pass,,independent_snapshot,"{""prerequisite_acknowledged"": true, ""client_b_read_v1"": true, ""dependent_acknowledged"": true, ""visible_ids"": [""v1:902"", ""v2:902""], ""snapshot_polls"": 1}"
20260918T142638Z_aefa49a3,903,normal,1789741616.5966263,1789741616.619121,22.652,0,22.652,pass,,independent_snapshot,"{""prerequisite_acknowledged"": true, ""client_b_read_v1"": true, ""dependent_acknowledged"": true, ""visible_ids"": [""v1:903"", ""v2:903""], ""snapshot_polls"": 1}"
20260918T142638Z_aefa49a3,904,normal,1789741616.6197689,1789741616.6378055,18.497,0,18.497,pass,,independent_snapshot,"{""prerequisite_acknowledged"": true, ""client_b_read_v1"": true, ""dependent_acknowledged"": true, ""visible_ids"": [""v1:904"", ""v2:904""], ""snapshot_polls"": 1}"
20260918T142638Z_aefa49a3,905,normal,1789741616.6384478,1789741616.6570833,19.137,0,19.137,pass,,independent_snapshot,"{""prerequisite_acknowledged"": true, ""client_b_read_v1"": true, ""dependent_acknowledged"": true, ""visible_ids"": [""v1:905"", ""v2:905""], ""snapshot_polls"": 1}"
20260918T142638Z_aefa49a3,906,normal,1789741616.6570833,1789741616.6773462,19.637,0,19.637,pass,,independent_snapshot,"{""prerequisite_acknowledged"": true, ""client_b_read_v1"": true, ""dependent_acknowledged"": true, ""visible_ids"": [""v1:906"", ""v2:906""], ""snapshot_polls"": 1}"
20260918T142638Z_aefa49a3,907,normal,1789741616.6773462,1789741616.696069,18.939,0,18.939,pass,,independent_snapshot,"{""prerequisite_acknowledged"": true, ""client_b_read_v1"": true, ""dependent_acknowledged"": true, ""visible_ids"": [""v1:907"", ""v2:907""], ""snapshot_polls"": 1}"
20260918T142638Z_aefa49a3,908,normal,1789741616.696069,1789741616.7148623,18.567,0,18.567,pass,,independent_snapshot,"{""prerequisite_acknowledged"": true, ""client_b_read_v1"": true, ""dependent_acknowledged"": true, ""visible_ids"": [""v1:908"", ""v2:908""], ""snapshot_polls"": 1}"
20260918T142638Z_aefa49a3,909,normal,1789741616.7152576,1789741616.7348914,19.84,0,19.84,pass,,independent_snapshot,"{""prerequisite_acknowledged"": true, ""client_b_read_v1"": true, ""dependent_acknowledged"": true, ""visible_ids"": [""v1:909"", ""v2:909""], ""snapshot_polls"": 1}"
20260918T142638Z_aefa49a3,910,normal,1789741616.7348914,1789741616.7539647,18.815,0,18.815,pass,,independent_snapshot,"{""prerequisite_acknowledged"": true, ""client_b_read_v1"": true, ""dependent_acknowledged"": true, ""visible_ids"": [""v1:910"", ""v2:910""], ""snapshot_polls"": 1}"
20260918T142638Z_aefa49a3,911,normal,1789741616.7539647,1789741616.774966,20.9,0,20.9,pass,,independent_snapshot,"{""prerequisite_acknowledged"": true, ""client_b_read_v1"": true, ""dependent_acknowledged"": true, ""visible_ids"": [""v1:911"", ""v2:911""], ""snapshot_polls"": 1}"
20260918T142638Z_aefa49a3,912,normal,1789741616.774966,1789741616.7929213,17.804,0,17.804,pass,,independent_snapshot,"{""prerequisite_acknowledged"": true, ""client_b_read_v1"": true, ""dependent_acknowledged"": true, ""visible_ids"": [""v1:912"", ""v2:912""], ""snapshot_polls"": 1}"
20260918T142638Z_aefa49a3,913,normal,1789741616.7929213,1789741616.8115797,18.62,0,18.62,pass,,independent_snapshot,"{""prerequisite_acknowledged"": true, ""client_b_read_v1"": true, ""dependent_acknowledged"": true, ""visible_ids"": [""v1:913"", ""v2:913""], ""snapshot_polls"": 1}"
20260918T142638Z_aefa49a3,914,normal,1789741616.8115797,1789741616.829461,18.29,0,18.29,pass,,independent_snapshot,"{""prerequisite_acknowledged"": true, ""client_b_read_v1"": true, ""dependent_acknowledged"": true, ""visible_ids"": [""v1:914"", ""v2:914""], ""snapshot_polls"": 1}"
20260918T142638Z_aefa49a3,915,normal,1789741616.830101,1789741616.8480804,18.176,0,18.176,pass,,independent_snapshot,"{""prerequisite_acknowledged"": true, ""client_b_read_v1"": true, ""dependent_acknowledged"": true, ""visible_ids"": [""v1:915"", ""v2:915""], ""snapshot_polls"": 1}"
20260918T142638Z_aefa49a3,916,normal,1789741616.8480804,1789741616.8685555,20.712,0,20.712,pass,,independent_snapshot,"{""prerequisite_acknowledged"": true, ""client_b_read_v1"": true, ""dependent_acknowledged"": true, ""visible_ids"": [""v1:916"", ""v2:916""], ""snapshot_polls"": 1}"
20260918T142638Z_aefa49a3,917,normal,1789741616.8692303,1789741616.8884578,19.452,0,19.452,pass,,independent_snapshot,"{""prerequisite_acknowledged"": true, ""client_b_read_v1"": true, ""dependent_acknowledged"": true, ""visible_ids"": [""v1:917"", ""v2:917""], ""snapshot_polls"": 1}"
20260918T142638Z_aefa49a3,918,normal,1789741616.8889897,1789741616.9071405,18.55,0,18.55,pass,,independent_snapshot,"{""prerequisite_acknowledged"": true, ""client_b_read_v1"": true, ""dependent_acknowledged"": true, ""visible_ids"": [""v1:918"", ""v2:918""], ""snapshot_polls"": 1}"
20260918T142638Z_aefa49a3,919,normal,1789741616.9071405,1789741616.9294136,21.799,0,21.799,pass,,independent_snapshot,"{""prerequisite_acknowledged"": true, ""client_b_read_v1"": true, ""dependent_acknowledged"": true, ""visible_ids"": [""v1:919"", ""v2:919""], ""snapshot_polls"": 1}"
20260918T142638Z_aefa49a3,920,normal,1789741616.9294136,1789741616.9491878,19.73,0,19.73,pass,,independent_snapshot,"{""prerequisite_acknowledged"": true, ""client_b_read_v1"": true, ""dependent_acknowledged"": true, ""visible_ids"": [""v1:920"", ""v2:920""], ""snapshot_polls"": 1}"
20260918T142638Z_aefa49a3,921,normal,1789741616.9491878,1789741616.9701655,21.037,0,21.037,pass,,independent_snapshot,"{""prerequisite_acknowledged"": true, ""client_b_read_v1"": true, ""dependent_acknowledged"": true, ""visible_ids"": [""v1:921"", ""v2:921""], ""snapshot_polls"": 1}"
20260918T142638Z_aefa49a3,922,normal,1789741616.9701655,1789741616.9884348,18.429,0,18.429,pass,,independent_snapshot,"{""prerequisite_acknowledged"": true, ""client_b_read_v1"": true, ""dependent_acknowledged"": true, ""visible_ids"": [""v1:922"", ""v2:922""], ""snapshot_polls"": 1}"
20260918T142638Z_aefa49a3,923,normal,1789741616.9884348,1789741617.006199,17.37,0,17.37,pass,,independent_snapshot,"{""prerequisite_acknowledged"": true, ""client_b_read_v1"": true, ""dependent_acknowledged"": true, ""visible_ids"": [""v1:923"", ""v2:923""], ""snapshot_polls"": 1}"
20260918T142638Z_aefa49a3,924,normal,1789741617.006199,1789741617.0239837,17.603,0,17.603,pass,,independent_snapshot,"{""prerequisite_acknowledged"": true, ""client_b_read_v1"": true, ""dependent_acknowledged"": true, ""visible_ids"": [""v1:924"", ""v2:924""], ""snapshot_polls"": 1}"
20260918T142638Z_aefa49a3,925,normal,1789741617.0239837,1789741617.0429409,18.933,0,18.933,pass,,independent_snapshot,"{""prerequisite_acknowledged"": true, ""client_b_read_v1"": true, ""dependent_acknowledged"": true, ""visible_ids"": [""v1:925"", ""v2:925""], ""snapshot_polls"": 1}"
20260918T142638Z_aefa49a3,926,normal,1789741617.0429409,1789741617.0609643,18.166,0,18.166,pass,,independent_snapshot,"{""prerequisite_acknowledged"": true, ""client_b_read_v1"": true, ""dependent_acknowledged"": true, ""visible_ids"": [""v1:926"", ""v2:926""], ""snapshot_polls"": 1}"
20260918T142638Z_aefa49a3,927,normal,1789741617.0615513,1789741617.0814426,20.04,0,20.04,pass,,independent_snapshot,"{""prerequisite_acknowledged"": true, ""client_b_read_v1"": true, ""dependent_acknowledged"": true, ""visible_ids"": [""v1:927"", ""v2:927""], ""snapshot_polls"": 1}"
20260918T142638Z_aefa49a3,928,normal,1789741617.0814426,1789741617.0994015,17.899,0,17.899,pass,,independent_snapshot,"{""prerequisite_acknowledged"": true, ""client_b_read_v1"": true, ""dependent_acknowledged"": true, ""visible_ids"": [""v1:928"", ""v2:928""], ""snapshot_polls"": 1}"
20260918T142638Z_aefa49a3,929,normal,1789741617.0994015,1789741617.1187015,19.457,0,19.457,pass,,independent_snapshot,"{""prerequisite_acknowledged"": true, ""client_b_read_v1"": true, ""dependent_acknowledged"": true, ""visible_ids"": [""v1:929"", ""v2:929""], ""snapshot_polls"": 1}"
20260918T142638Z_aefa49a3,930,normal,1789741617.1187015,1789741617.1381898,19.184,0,19.184,pass,,independent_snapshot,"{""prerequisite_acknowledged"": true, ""client_b_read_v1"": true, ""dependent_acknowledged"": true, ""visible_ids"": [""v1:930"", ""v2:930""], ""snapshot_polls"": 1}"
20260918T142638Z_aefa49a3,931,normal,1789741617.1381898,1789741617.1560779,18.071,0,18.071,pass,,independent_snapshot,"{""prerequisite_acknowledged"": true, ""client_b_read_v1"": true, ""dependent_acknowledged"": true, ""visible_ids"": [""v1:931"", ""v2:931""], ""snapshot_polls"": 1}"
20260918T142638Z_aefa49a3,932,normal,1789741617.1567488,1789741617.1773167,20.608,0,20.608,pass,,independent_snapshot,"{""prerequisite_acknowledged"": true, ""client_b_read_v1"": true, ""dependent_acknowledged"": true, ""visible_ids"": [""v1:932"", ""v2:932""], ""snapshot_polls"": 1}"
20260918T142638Z_aefa49a3,933,normal,1789741617.1773167,1789741617.196119,18.88,0,18.88,pass,,independent_snapshot,"{""prerequisite_acknowledged"": true, ""client_b_read_v1"": true, ""dependent_acknowledged"": true, ""visible_ids"": [""v1:933"", ""v2:933""], ""snapshot_polls"": 1}"
20260918T142638Z_aefa49a3,934,normal,1789741617.196119,1789741617.2150142,18.978,0,18.978,pass,,independent_snapshot,"{""prerequisite_acknowledged"": true, ""client_b_read_v1"": true, ""dependent_acknowledged"": true, ""visible_ids"": [""v1:934"", ""v2:934""], ""snapshot_polls"": 1}"
20260918T142638Z_aefa49a3,935,normal,1789741617.2156658,1789741617.2368162,21.323,0,21.323,pass,,independent_snapshot,"{""prerequisite_acknowledged"": true, ""client_b_read_v1"": true, ""dependent_acknowledged"": true, ""visible_ids"": [""v1:935"", ""v2:935""], ""snapshot_polls"": 1}"
20260918T142638Z_aefa49a3,936,normal,1789741617.2368162,1789741617.2561085,19.24,0,19.24,pass,,independent_snapshot,"{""prerequisite_acknowledged"": true, ""client_b_read_v1"": true, ""dependent_acknowledged"": true, ""visible_ids"": [""v1:936"", ""v2:936""], ""snapshot_polls"": 1}"
20260918T142638Z_aefa49a3,937,normal,1789741617.2561085,1789741617.276757,20.416,0,20.416,pass,,independent_snapshot,"{""prerequisite_acknowledged"": true, ""client_b_read_v1"": true, ""dependent_acknowledged"": true, ""visible_ids"": [""v1:937"", ""v2:937""], ""snapshot_polls"": 1}"
20260918T142638Z_aefa49a3,938,normal,1789741617.276757,1789741617.2953887,18.895,0,18.895,pass,,independent_snapshot,"{""prerequisite_acknowledged"": true, ""client_b_read_v1"": true, ""dependent_acknowledged"": true, ""visible_ids"": [""v1:938"", ""v2:938""], ""snapshot_polls"": 1}"
20260918T142638Z_aefa49a3,939,normal,1789741617.2953887,1789741617.3141842,18.34,0,18.34,pass,,independent_snapshot,"{""prerequisite_acknowledged"": true, ""client_b_read_v1"": true, ""dependent_acknowledged"": true, ""visible_ids"": [""v1:939"", ""v2:939""], ""snapshot_polls"": 1}"
20260918T142638Z_aefa49a3,940,normal,1789741617.3141842,1789741617.332992,18.716,0,18.716,pass,,independent_snapshot,"{""prerequisite_acknowledged"": true, ""client_b_read_v1"": true, ""dependent_acknowledged"": true, ""visible_ids"": [""v1:940"", ""v2:940""], ""snapshot_polls"": 1}"
20260918T142638Z_aefa49a3,941,normal,1789741617.332992,1789741617.3527188,19.644,0,19.644,pass,,independent_snapshot,"{""prerequisite_acknowledged"": true, ""client_b_read_v1"": true, ""dependent_acknowledged"": true, ""visible_ids"": [""v1:941"", ""v2:941""], ""snapshot_polls"": 1}"
20260918T142638Z_aefa49a3,942,normal,1789741617.3527188,1789741617.37391,21.384,0,21.384,pass,,independent_snapshot,"{""prerequisite_acknowledged"": true, ""client_b_read_v1"": true, ""dependent_acknowledged"": true, ""visible_ids"": [""v1:942"", ""v2:942""], ""snapshot_polls"": 1}"
20260918T142638Z_aefa49a3,943,normal,1789741617.3744395,1789741617.396291,22.122,0,22.122,pass,,independent_snapshot,"{""prerequisite_acknowledged"": true, ""client_b_read_v1"": true, ""dependent_acknowledged"": true, ""visible_ids"": [""v1:943"", ""v2:943""], ""snapshot_polls"": 1}"
20260918T142638Z_aefa49a3,944,normal,1789741617.396291,1789741617.4150867,18.583,0,18.583,pass,,independent_snapshot,"{""prerequisite_acknowledged"": true, ""client_b_read_v1"": true, ""dependent_acknowledged"": true, ""visible_ids"": [""v1:944"", ""v2:944""], ""snapshot_polls"": 1}"
20260918T142638Z_aefa49a3,945,normal,1789741617.4150867,1789741617.433082,18.405,0,18.405,pass,,independent_snapshot,"{""prerequisite_acknowledged"": true, ""client_b_read_v1"": true, ""dependent_acknowledged"": true, ""visible_ids"": [""v1:945"", ""v2:945""], ""snapshot_polls"": 1}"
20260918T142638Z_aefa49a3,946,normal,1789741617.433796,1789741617.4537947,20.349,0,20.349,pass,,independent_snapshot,"{""prerequisite_acknowledged"": true, ""client_b_read_v1"": true, ""dependent_acknowledged"": true, ""visible_ids"": [""v1:946"", ""v2:946""], ""snapshot_polls"": 1}"
20260918T142638Z_aefa49a3,947,normal,1789741617.4544735,1789741617.473546,19.228,0,19.228,pass,,independent_snapshot,"{""prerequisite_acknowledged"": true, ""client_b_read_v1"": true, ""dependent_acknowledged"": true, ""visible_ids"": [""v1:947"", ""v2:947""], ""snapshot_polls"": 1}"
20260918T142638Z_aefa49a3,948,normal,1789741617.473546,1789741617.4954822,21.691,0,21.691,pass,,independent_snapshot,"{""prerequisite_acknowledged"": true, ""client_b_read_v1"": true, ""dependent_acknowledged"": true, ""visible_ids"": [""v1:948"", ""v2:948""], ""snapshot_polls"": 1}"
20260918T142638Z_aefa49a3,949,normal,1789741617.4954822,1789741617.5140955,18.785,0,18.785,pass,,independent_snapshot,"{""prerequisite_acknowledged"": true, ""client_b_read_v1"": true, ""dependent_acknowledged"": true, ""visible_ids"": [""v1:949"", ""v2:949""], ""snapshot_polls"": 1}"
20260918T142638Z_aefa49a3,950,normal,1789741617.5140955,1789741617.5332484,19.314,0,19.314,pass,,independent_snapshot,"{""prerequisite_acknowledged"": true, ""client_b_read_v1"": true, ""dependent_acknowledged"": true, ""visible_ids"": [""v1:950"", ""v2:950""], ""snapshot_polls"": 1}"
20260918T142638Z_aefa49a3,951,normal,1789741617.5332484,1789741617.5561018,22.283,0,22.283,pass,,independent_snapshot,"{""prerequisite_acknowledged"": true, ""client_b_read_v1"": true, ""dependent_acknowledged"": true, ""visible_ids"": [""v1:951"", ""v2:951""], ""snapshot_polls"": 1}"
20260918T142638Z_aefa49a3,952,normal,1789741617.5561018,1789741617.576991,20.937,0,20.937,pass,,independent_snapshot,"{""prerequisite_acknowledged"": true, ""client_b_read_v1"": true, ""dependent_acknowledged"": true, ""visible_ids"": [""v1:952"", ""v2:952""], ""snapshot_polls"": 1}"
20260918T142638Z_aefa49a3,953,normal,1789741617.576991,1789741617.598073,20.652,0,20.652,pass,,independent_snapshot,"{""prerequisite_acknowledged"": true, ""client_b_read_v1"": true, ""dependent_acknowledged"": true, ""visible_ids"": [""v1:953"", ""v2:953""], ""snapshot_polls"": 1}"
20260918T142638Z_aefa49a3,954,normal,1789741617.598073,1789741617.616601,18.743,0,18.743,pass,,independent_snapshot,"{""prerequisite_acknowledged"": true, ""client_b_read_v1"": true, ""dependent_acknowledged"": true, ""visible_ids"": [""v1:954"", ""v2:954""], ""snapshot_polls"": 1}"
20260918T142638Z_aefa49a3,955,normal,1789741617.616601,1789741617.6372337,20.231,0,20.231,pass,,independent_snapshot,"{""prerequisite_acknowledged"": true, ""client_b_read_v1"": true, ""dependent_acknowledged"": true, ""visible_ids"": [""v1:955"", ""v2:955""], ""snapshot_polls"": 1}"
20260918T142638Z_aefa49a3,956,normal,1789741617.6372337,1789741617.6554244,18.278,0,18.278,pass,,independent_snapshot,"{""prerequisite_acknowledged"": true, ""client_b_read_v1"": true, ""dependent_acknowledged"": true, ""visible_ids"": [""v1:956"", ""v2:956""], ""snapshot_polls"": 1}"
20260918T142638Z_aefa49a3,957,normal,1789741617.6554244,1789741617.6763499,21.072,0,21.072,pass,,independent_snapshot,"{""prerequisite_acknowledged"": true, ""client_b_read_v1"": true, ""dependent_acknowledged"": true, ""visible_ids"": [""v1:957"", ""v2:957""], ""snapshot_polls"": 1}"
20260918T142638Z_aefa49a3,958,normal,1789741617.6769981,1789741617.6968803,20.086,0,20.086,pass,,independent_snapshot,"{""prerequisite_acknowledged"": true, ""client_b_read_v1"": true, ""dependent_acknowledged"": true, ""visible_ids"": [""v1:958"", ""v2:958""], ""snapshot_polls"": 1}"
20260918T142638Z_aefa49a3,959,normal,1789741617.6968803,1789741617.7207084,24.037,0,24.037,pass,,independent_snapshot,"{""prerequisite_acknowledged"": true, ""client_b_read_v1"": true, ""dependent_acknowledged"": true, ""visible_ids"": [""v1:959"", ""v2:959""], ""snapshot_polls"": 1}"
20260918T142638Z_aefa49a3,960,normal,1789741617.7212672,1789741617.741811,20.72,0,20.72,pass,,independent_snapshot,"{""prerequisite_acknowledged"": true, ""client_b_read_v1"": true, ""dependent_acknowledged"": true, ""visible_ids"": [""v1:960"", ""v2:960""], ""snapshot_polls"": 1}"
20260918T142638Z_aefa49a3,961,normal,1789741617.741811,1789741617.7626278,20.584,0,20.584,pass,,independent_snapshot,"{""prerequisite_acknowledged"": true, ""client_b_read_v1"": true, ""dependent_acknowledged"": true, ""visible_ids"": [""v1:961"", ""v2:961""], ""snapshot_polls"": 1}"
20260918T142638Z_aefa49a3,962,normal,1789741617.7626278,1789741617.7833996,20.751,0,20.751,pass,,independent_snapshot,"{""prerequisite_acknowledged"": true, ""client_b_read_v1"": true, ""dependent_acknowledged"": true, ""visible_ids"": [""v1:962"", ""v2:962""], ""snapshot_polls"": 1}"
20260918T142638Z_aefa49a3,963,normal,1789741617.7833996,1789741617.8036454,20.193,0,20.193,pass,,independent_snapshot,"{""prerequisite_acknowledged"": true, ""client_b_read_v1"": true, ""dependent_acknowledged"": true, ""visible_ids"": [""v1:963"", ""v2:963""], ""snapshot_polls"": 1}"
20260918T142638Z_aefa49a3,964,normal,1789741617.8036454,1789741617.8237262,20.194,0,20.194,pass,,independent_snapshot,"{""prerequisite_acknowledged"": true, ""client_b_read_v1"": true, ""dependent_acknowledged"": true, ""visible_ids"": [""v1:964"", ""v2:964""], ""snapshot_polls"": 1}"
20260918T142638Z_aefa49a3,965,normal,1789741617.8237262,1789741617.841919,17.996,0,17.996,pass,,independent_snapshot,"{""prerequisite_acknowledged"": true, ""client_b_read_v1"": true, ""dependent_acknowledged"": true, ""visible_ids"": [""v1:965"", ""v2:965""], ""snapshot_polls"": 1}"
20260918T142638Z_aefa49a3,966,normal,1789741617.841919,1789741617.8599596,17.828,0,17.828,pass,,independent_snapshot,"{""prerequisite_acknowledged"": true, ""client_b_read_v1"": true, ""dependent_acknowledged"": true, ""visible_ids"": [""v1:966"", ""v2:966""], ""snapshot_polls"": 1}"
20260918T142638Z_aefa49a3,967,normal,1789741617.8599596,1789741617.8793077,19.341,0,19.341,pass,,independent_snapshot,"{""prerequisite_acknowledged"": true, ""client_b_read_v1"": true, ""dependent_acknowledged"": true, ""visible_ids"": [""v1:967"", ""v2:967""], ""snapshot_polls"": 1}"
20260918T142638Z_aefa49a3,968,normal,1789741617.8793077,1789741617.8991776,19.42,0,19.42,pass,,independent_snapshot,"{""prerequisite_acknowledged"": true, ""client_b_read_v1"": true, ""dependent_acknowledged"": true, ""visible_ids"": [""v1:968"", ""v2:968""], ""snapshot_polls"": 1}"
20260918T142638Z_aefa49a3,969,normal,1789741617.8991776,1789741617.9197803,20.619,0,20.619,pass,,independent_snapshot,"{""prerequisite_acknowledged"": true, ""client_b_read_v1"": true, ""dependent_acknowledged"": true, ""visible_ids"": [""v1:969"", ""v2:969""], ""snapshot_polls"": 1}"
20260918T142638Z_aefa49a3,970,normal,1789741617.9197803,1789741617.9379952,18.47,0,18.47,pass,,independent_snapshot,"{""prerequisite_acknowledged"": true, ""client_b_read_v1"": true, ""dependent_acknowledged"": true, ""visible_ids"": [""v1:970"", ""v2:970""], ""snapshot_polls"": 1}"
20260918T142638Z_aefa49a3,971,normal,1789741617.9379952,1789741617.9565563,18.206,0,18.206,pass,,independent_snapshot,"{""prerequisite_acknowledged"": true, ""client_b_read_v1"": true, ""dependent_acknowledged"": true, ""visible_ids"": [""v1:971"", ""v2:971""], ""snapshot_polls"": 1}"
20260918T142638Z_aefa49a3,972,normal,1789741617.9565563,1789741617.9772675,20.605,0,20.605,pass,,independent_snapshot,"{""prerequisite_acknowledged"": true, ""client_b_read_v1"": true, ""dependent_acknowledged"": true, ""visible_ids"": [""v1:972"", ""v2:972""], ""snapshot_polls"": 1}"
20260918T142638Z_aefa49a3,973,normal,1789741617.9772675,1789741617.9970934,19.854,0,19.854,pass,,independent_snapshot,"{""prerequisite_acknowledged"": true, ""client_b_read_v1"": true, ""dependent_acknowledged"": true, ""visible_ids"": [""v1:973"", ""v2:973""], ""snapshot_polls"": 1}"
20260918T142638Z_aefa49a3,974,normal,1789741617.997653,1789741618.0179038,20.828,0,20.828,pass,,independent_snapshot,"{""prerequisite_acknowledged"": true, ""client_b_read_v1"": true, ""dependent_acknowledged"": true, ""visible_ids"": [""v1:974"", ""v2:974""], ""snapshot_polls"": 1}"
20260918T142638Z_aefa49a3,975,normal,1789741618.018538,1789741618.0389009,20.239,0,20.239,pass,,independent_snapshot,"{""prerequisite_acknowledged"": true, ""client_b_read_v1"": true, ""dependent_acknowledged"": true, ""visible_ids"": [""v1:975"", ""v2:975""], ""snapshot_polls"": 1}"
20260918T142638Z_aefa49a3,976,normal,1789741618.0389009,1789741618.0584338,19.731,0,19.731,pass,,independent_snapshot,"{""prerequisite_acknowledged"": true, ""client_b_read_v1"": true, ""dependent_acknowledged"": true, ""visible_ids"": [""v1:976"", ""v2:976""], ""snapshot_polls"": 1}"
20260918T142638Z_aefa49a3,977,normal,1789741618.0584338,1789741618.0765233,17.898,0,17.898,pass,,independent_snapshot,"{""prerequisite_acknowledged"": true, ""client_b_read_v1"": true, ""dependent_acknowledged"": true, ""visible_ids"": [""v1:977"", ""v2:977""], ""snapshot_polls"": 1}"
20260918T142638Z_aefa49a3,978,normal,1789741618.0765233,1789741618.0943778,17.808,0,17.808,pass,,independent_snapshot,"{""prerequisite_acknowledged"": true, ""client_b_read_v1"": true, ""dependent_acknowledged"": true, ""visible_ids"": [""v1:978"", ""v2:978""], ""snapshot_polls"": 1}"
20260918T142638Z_aefa49a3,979,normal,1789741618.0943778,1789741618.1127071,18.079,0,18.079,pass,,independent_snapshot,"{""prerequisite_acknowledged"": true, ""client_b_read_v1"": true, ""dependent_acknowledged"": true, ""visible_ids"": [""v1:979"", ""v2:979""], ""snapshot_polls"": 1}"
20260918T142638Z_aefa49a3,980,normal,1789741618.1127071,1789741618.1321952,19.423,0,19.423,pass,,independent_snapshot,"{""prerequisite_acknowledged"": true, ""client_b_read_v1"": true, ""dependent_acknowledged"": true, ""visible_ids"": [""v1:980"", ""v2:980""], ""snapshot_polls"": 1}"
20260918T142638Z_aefa49a3,981,normal,1789741618.1321952,1789741618.150417,18.149,0,18.149,pass,,independent_snapshot,"{""prerequisite_acknowledged"": true, ""client_b_read_v1"": true, ""dependent_acknowledged"": true, ""visible_ids"": [""v1:981"", ""v2:981""], ""snapshot_polls"": 1}"
20260918T142638Z_aefa49a3,982,normal,1789741618.150417,1789741618.1690502,18.23,0,18.23,pass,,independent_snapshot,"{""prerequisite_acknowledged"": true, ""client_b_read_v1"": true, ""dependent_acknowledged"": true, ""visible_ids"": [""v1:982"", ""v2:982""], ""snapshot_polls"": 1}"
20260918T142638Z_aefa49a3,983,normal,1789741618.1690502,1789741618.1897113,21.016,0,21.016,pass,,independent_snapshot,"{""prerequisite_acknowledged"": true, ""client_b_read_v1"": true, ""dependent_acknowledged"": true, ""visible_ids"": [""v1:983"", ""v2:983""], ""snapshot_polls"": 1}"
20260918T142638Z_aefa49a3,984,normal,1789741618.1897113,1789741618.207946,17.978,0,17.978,pass,,independent_snapshot,"{""prerequisite_acknowledged"": true, ""client_b_read_v1"": true, ""dependent_acknowledged"": true, ""visible_ids"": [""v1:984"", ""v2:984""], ""snapshot_polls"": 1}"
20260918T142638Z_aefa49a3,985,normal,1789741618.207946,1789741618.2275035,19.745,0,19.745,pass,,independent_snapshot,"{""prerequisite_acknowledged"": true, ""client_b_read_v1"": true, ""dependent_acknowledged"": true, ""visible_ids"": [""v1:985"", ""v2:985""], ""snapshot_polls"": 1}"
20260918T142638Z_aefa49a3,986,normal,1789741618.2275035,1789741618.246869,19.358,0,19.358,pass,,independent_snapshot,"{""prerequisite_acknowledged"": true, ""client_b_read_v1"": true, ""dependent_acknowledged"": true, ""visible_ids"": [""v1:986"", ""v2:986""], ""snapshot_polls"": 1}"
20260918T142638Z_aefa49a3,987,normal,1789741618.2476177,1789741618.2652113,17.962,0,17.962,pass,,independent_snapshot,"{""prerequisite_acknowledged"": true, ""client_b_read_v1"": true, ""dependent_acknowledged"": true, ""visible_ids"": [""v1:987"", ""v2:987""], ""snapshot_polls"": 1}"
20260918T142638Z_aefa49a3,988,normal,1789741618.2652113,1789741618.2865748,21.057,0,21.057,pass,,independent_snapshot,"{""prerequisite_acknowledged"": true, ""client_b_read_v1"": true, ""dependent_acknowledged"": true, ""visible_ids"": [""v1:988"", ""v2:988""], ""snapshot_polls"": 1}"
20260918T142638Z_aefa49a3,989,normal,1789741618.2865748,1789741618.3075898,20.912,0,20.912,pass,,independent_snapshot,"{""prerequisite_acknowledged"": true, ""client_b_read_v1"": true, ""dependent_acknowledged"": true, ""visible_ids"": [""v1:989"", ""v2:989""], ""snapshot_polls"": 1}"
20260918T142638Z_aefa49a3,990,normal,1789741618.3075898,1789741618.3265479,18.698,0,18.698,pass,,independent_snapshot,"{""prerequisite_acknowledged"": true, ""client_b_read_v1"": true, ""dependent_acknowledged"": true, ""visible_ids"": [""v1:990"", ""v2:990""], ""snapshot_polls"": 1}"
20260918T142638Z_aefa49a3,991,normal,1789741618.3265479,1789741618.3488035,22.365,0,22.365,pass,,independent_snapshot,"{""prerequisite_acknowledged"": true, ""client_b_read_v1"": true, ""dependent_acknowledged"": true, ""visible_ids"": [""v1:991"", ""v2:991""], ""snapshot_polls"": 1}"
20260918T142638Z_aefa49a3,992,normal,1789741618.3488035,1789741618.369358,20.627,0,20.627,pass,,independent_snapshot,"{""prerequisite_acknowledged"": true, ""client_b_read_v1"": true, ""dependent_acknowledged"": true, ""visible_ids"": [""v1:992"", ""v2:992""], ""snapshot_polls"": 1}"
20260918T142638Z_aefa49a3,993,normal,1789741618.3699427,1789741618.388976,19.48,0,19.48,pass,,independent_snapshot,"{""prerequisite_acknowledged"": true, ""client_b_read_v1"": true, ""dependent_acknowledged"": true, ""visible_ids"": [""v1:993"", ""v2:993""], ""snapshot_polls"": 1}"
20260918T142638Z_aefa49a3,994,normal,1789741618.388976,1789741618.4099603,20.534,0,20.534,pass,,independent_snapshot,"{""prerequisite_acknowledged"": true, ""client_b_read_v1"": true, ""dependent_acknowledged"": true, ""visible_ids"": [""v1:994"", ""v2:994""], ""snapshot_polls"": 1}"
20260918T142638Z_aefa49a3,995,normal,1789741618.4099603,1789741618.429237,19.316,0,19.316,pass,,independent_snapshot,"{""prerequisite_acknowledged"": true, ""client_b_read_v1"": true, ""dependent_acknowledged"": true, ""visible_ids"": [""v1:995"", ""v2:995""], ""snapshot_polls"": 1}"
20260918T142638Z_aefa49a3,996,normal,1789741618.429237,1789741618.449685,20.517,0,20.517,pass,,independent_snapshot,"{""prerequisite_acknowledged"": true, ""client_b_read_v1"": true, ""dependent_acknowledged"": true, ""visible_ids"": [""v1:996"", ""v2:996""], ""snapshot_polls"": 1}"
20260918T142638Z_aefa49a3,997,normal,1789741618.449685,1789741618.4677837,17.708,0,17.708,pass,,independent_snapshot,"{""prerequisite_acknowledged"": true, ""client_b_read_v1"": true, ""dependent_acknowledged"": true, ""visible_ids"": [""v1:997"", ""v2:997""], ""snapshot_polls"": 1}"
20260918T142638Z_aefa49a3,998,normal,1789741618.4677837,1789741618.4850457,17.449,0,17.449,pass,,independent_snapshot,"{""prerequisite_acknowledged"": true, ""client_b_read_v1"": true, ""dependent_acknowledged"": true, ""visible_ids"": [""v1:998"", ""v2:998""], ""snapshot_polls"": 1}"
20260918T142638Z_aefa49a3,999,normal,1789741618.4855819,1789741618.5047927,19.378,0,19.378,pass,,independent_snapshot,"{""prerequisite_acknowledged"": true, ""client_b_read_v1"": true, ""dependent_acknowledged"": true, ""visible_ids"": [""v1:999"", ""v2:999""], ""snapshot_polls"": 1}"
20260918T142638Z_aefa49a3,1000,normal,1789741618.5047927,1789741618.522473,17.683,0,17.683,pass,,independent_snapshot,"{""prerequisite_acknowledged"": true, ""client_b_read_v1"": true, ""dependent_acknowledged"": true, ""visible_ids"": [""v1:1000"", ""v2:1000""], ""snapshot_polls"": 1}"
